Date,Open,High,Low,Close
1999-01-04,133.11,135.45,131.92,132.26
1999-01-05,132.3,133.37,130.26,131.01
1999-01-06,131.09,132.67,130.57,131.13
1999-01-07,131.22,132.16,128.32,130.08
1999-01-08,129.97,131.04,128.32,128.4
1999-01-11,128.37,128.62,124.57,124.83
1999-01-12,125.0,130.08,124.84,129.98
1999-01-13,130.07,133.63,129.16,131.95
1999-01-14,132.14,133.64,131.22,132.99
1999-01-15,132.89,133.01,130.94,131.7
1999-01-18,132.28,133.35,131.32,132.7
1999-01-19,132.64,133.04,131.57,131.6
1999-01-20,131.78,132.03,130.19,130.42
1999-01-21,130.58,132.67,129.9,131.72
1999-01-22,131.93,133.01,131.64,132.54
1999-01-25,132.48,133.0,131.25,131.55
1999-01-26,131.64,132.11,131.14,131.45
1999-01-27,131.6,133.02,130.8,132.28
1999-01-28,132.33,133.27,131.77,132.87
1999-01-29,132.91,133.01,131.51,132.04
1999-02-01,132.11,132.18,129.63,130.05
1999-02-02,130.01,130.42,126.71,127.25
1999-02-03,127.21,128.08,126.73,127.59
1999-02-04,127.86,128.99,126.19,127.01
1999-02-05,127.04,128.26,126.6,127.46
1999-02-08,127.47,130.05,126.99,129.67
1999-02-09,129.72,130.23,128.81,128.99
1999-02-10,129.0,131.01,128.73,129.63
1999-02-11,129.63,129.79,128.45,128.56
1999-02-12,128.68,129.96,127.99,128.91
1999-02-15,128.77,130.19,128.31,129.59
1999-02-16,129.7,133.2,129.66,132.89
1999-02-17,132.98,133.98,132.26,133.45
1999-02-18,133.7,134.87,133.19,134.02
1999-02-19,134.17,135.09,133.47,134.03
1999-02-22,133.6,135.07,132.52,133.41
1999-02-23,133.5,133.8,132.42,132.93
1999-02-24,133.02,134.07,132.69,133.76
1999-02-25,133.82,134.01,131.75,132.17
1999-02-26,132.14,133.17,130.14,131.12
1999-03-01,131.1,131.63,130.1,130.46
1999-03-02,131.07,131.97,130.34,131.27
1999-03-03,131.42,132.74,131.26,132.54
1999-03-04,132.55,134.19,132.36,133.2
1999-03-05,133.38,133.6,132.47,132.95
1999-03-08,132.85,133.27,131.66,132.33
1999-03-09,132.41,132.87,131.63,131.73
1999-03-10,131.76,132.26,131.01,131.02
1999-03-11,131.08,132.02,129.72,131.42
1999-03-12,131.56,132.73,129.37,129.47
1999-03-15,129.52,130.26,128.47,128.73
1999-03-16,128.72,129.6,127.23,129.28
1999-03-17,129.37,130.82,128.91,129.88
1999-03-18,130.07,131.11,128.68,128.87
1999-03-19,128.95,129.3,127.52,127.57
1999-03-22,127.68,129.11,127.48,128.83
1999-03-23,128.99,129.55,128.29,128.77
1999-03-24,128.79,129.06,128.01,128.32
1999-03-25,128.4,128.88,127.87,128.0
1999-03-26,128.06,129.64,127.88,129.41
1999-03-29,129.38,129.72,128.15,128.97
1999-03-30,129.09,129.69,128.64,128.97
1999-03-31,128.99,129.49,127.43,127.89
1999-04-01,128.09,130.36,127.18,130.38
1999-04-02,130.2,130.56,129.67,130.33
1999-04-05,130.17,130.95,129.83,130.4
1999-04-06,130.52,131.14,129.49,130.68
1999-04-07,130.76,131.4,130.14,130.6
1999-04-08,130.87,131.45,130.1,130.3
1999-04-09,130.36,131.03,129.7,130.57
1999-04-12,130.78,130.88,129.86,130.03
1999-04-13,130.06,130.63,128.82,129.05
1999-04-14,129.1,129.26,127.93,128.23
1999-04-15,128.35,128.79,126.98,127.42
1999-04-16,127.44,127.52,125.24,126.07
1999-04-19,125.8,126.83,124.83,125.37
1999-04-20,125.41,126.43,125.14,126.38
1999-04-21,126.34,127.35,125.8,126.78
1999-04-22,126.84,128.02,126.57,127.18
1999-04-23,127.18,127.81,126.31,126.35
1999-04-26,126.52,126.64,125.78,126.29
1999-04-27,126.32,128.53,126.26,128.22
1999-04-28,128.26,128.31,126.25,126.51
1999-04-29,126.54,126.95,125.86,126.37
1999-04-30,126.44,127.06,125.93,126.2
1999-05-03,126.69,127.31,126.49,127.05
1999-05-04,127.14,128.53,127.05,128.4
1999-05-05,128.43,130.04,127.83,129.59
1999-05-06,129.61,130.82,128.91,129.94
1999-05-07,130.1,130.5,129.68,129.89
1999-05-10,129.68,130.63,129.3,129.94
1999-05-11,130.01,130.43,129.4,129.46
1999-05-12,129.55,130.21,128.58,128.71
1999-05-13,128.72,130.04,128.67,129.67
1999-05-14,129.79,131.04,129.42,130.88
1999-05-17,131.02,131.94,130.93,131.7
1999-05-18,131.87,132.06,131.13,131.6
1999-05-19,131.69,132.93,131.31,132.48
1999-05-20,132.54,133.14,131.72,132.08
1999-05-21,132.07,132.23,130.67,131.21
1999-05-24,131.12,131.41,130.16,130.54
1999-05-25,130.64,130.76,129.75,129.68
1999-05-26,129.8,130.1,127.48,127.62
1999-05-27,127.82,128.43,124.84,125.45
1999-05-28,125.43,127.12,125.34,126.66
1999-05-31,127.18,127.69,126.57,126.59
1999-06-01,126.66,127.13,125.82,126.13
1999-06-02,126.14,126.26,124.75,125.79
1999-06-03,125.94,126.43,125.27,125.31
1999-06-04,125.45,126.97,124.99,126.71
1999-06-07,126.71,126.93,123.95,124.4
1999-06-08,124.46,126.5,124.07,124.67
1999-06-09,124.72,125.2,123.88,124.63
1999-06-10,124.76,125.82,123.17,124.55
1999-06-11,124.63,125.13,123.66,123.99
1999-06-14,124.22,126.79,123.81,125.62
1999-06-15,125.73,125.85,124.83,125.46
1999-06-16,125.54,125.88,123.55,124.06
1999-06-17,124.11,124.42,123.01,123.52
1999-06-18,123.54,125.87,122.63,125.1
1999-06-21,125.34,127.4,125.19,126.6
1999-06-22,126.64,126.67,125.21,125.57
1999-06-23,125.69,126.57,125.39,126.0
1999-06-24,126.01,127.06,125.79,126.78
1999-06-25,126.82,127.34,126.48,126.56
1999-06-28,126.21,126.93,125.34,125.48
1999-06-29,125.52,125.8,124.69,124.84
1999-06-30,124.96,125.53,124.45,125.36
1999-07-01,125.41,125.72,123.49,123.57
1999-07-02,123.64,124.24,123.5,123.88
1999-07-05,124.06,125.77,123.91,125.09
1999-07-06,124.67,125.29,124.22,124.9
1999-07-07,125.0,125.43,124.46,124.91
1999-07-08,124.75,125.4,124.4,125.15
1999-07-09,125.29,125.57,124.39,124.71
1999-07-12,124.73,124.91,123.62,123.88
1999-07-13,123.98,124.1,123.25,123.17
1999-07-14,123.35,124.06,122.62,123.12
1999-07-15,123.18,124.04,122.82,123.23
1999-07-16,123.33,123.65,122.91,123.38
1999-07-19,123.29,123.32,121.13,121.81
1999-07-20,121.99,124.4,121.51,123.78
1999-07-21,123.9,124.9,123.71,124.45
1999-07-22,124.43,124.8,122.47,122.66
1999-07-23,122.77,123.27,121.73,122.41
1999-07-26,122.85,124.53,122.56,124.45
1999-07-27,124.38,125.0,123.3,123.78
1999-07-28,123.79,124.04,122.71,123.71
1999-07-29,123.76,123.88,122.88,123.73
1999-07-30,123.73,124.13,122.37,122.57
1999-08-02,122.83,122.95,121.45,122.18
1999-08-03,122.3,123.5,122.19,123.1
1999-08-04,123.09,124.28,122.73,123.12
1999-08-05,123.1,123.71,122.78,123.13
1999-08-06,123.22,123.74,122.6,123.18
1999-08-09,123.53,123.83,122.91,123.36
1999-08-10,123.42,123.72,122.76,122.85
1999-08-11,123.02,123.18,122.51,122.91
1999-08-12,122.94,123.48,122.87,123.05
1999-08-13,123.08,123.22,122.09,122.37
1999-08-16,122.46,122.6,121.06,121.2
1999-08-17,121.28,121.55,119.62,119.61
1999-08-18,119.78,120.13,117.61,117.67
1999-08-19,117.79,118.9,116.59,118.79
1999-08-20,118.69,119.31,118.34,118.73
1999-08-23,118.72,118.85,116.91,117.08
1999-08-24,117.07,117.92,116.17,116.95
1999-08-25,116.97,117.66,115.57,115.69
1999-08-26,115.81,116.88,115.51,116.58
1999-08-27,116.68,117.1,116.2,116.56
1999-08-30,116.38,116.54,115.65,115.89
1999-08-31,116.04,116.82,114.82,115.87
1999-09-01,115.89,116.53,115.17,115.5
1999-09-02,115.45,117.08,114.99,116.61
1999-09-03,116.63,117.83,116.45,116.55
1999-09-06,115.81,116.72,115.64,116.08
1999-09-07,116.01,117.69,115.58,117.24
1999-09-08,117.24,118.41,117.11,117.8
1999-09-09,117.76,117.84,113.37,113.71
1999-09-10,113.88,115.68,113.01,112.76
1999-09-13,112.85,113.13,109.7,111.11
1999-09-14,111.17,111.52,108.97,109.59
1999-09-15,109.64,109.75,106.91,108.88
1999-09-16,108.86,110.07,107.71,109.27
1999-09-17,109.2,111.72,108.85,111.67
1999-09-20,112.07,112.74,109.66,109.88
1999-09-21,109.84,111.35,107.99,109.95
1999-09-22,110.04,110.55,108.44,108.76
1999-09-23,108.82,109.15,108.07,108.95
1999-09-24,109.02,110.56,108.44,108.44
1999-09-27,109.9,111.29,108.64,110.67
1999-09-28,110.69,112.19,110.38,112.01
1999-09-29,112.07,113.99,111.71,113.88
1999-09-30,113.98,114.1,112.12,113.62
1999-10-01,113.65,113.93,112.37,112.5
1999-10-04,112.61,114.18,112.11,114.0
1999-10-05,114.0,114.69,113.57,114.1
1999-10-06,114.21,115.94,113.84,114.81
1999-10-07,114.89,115.72,114.56,114.85
1999-10-08,114.84,115.6,113.88,114.11
1999-10-11,113.99,114.23,113.16,113.61
1999-10-12,113.63,114.49,113.09,114.27
1999-10-13,114.32,116.5,114.1,115.12
1999-10-14,115.1,116.08,114.87,115.69
1999-10-15,115.8,116.04,114.57,114.62
1999-10-18,114.75,115.23,113.72,113.93
1999-10-19,114.03,114.52,113.78,114.05
1999-10-20,114.09,115.18,113.88,114.48
1999-10-21,114.51,114.82,114.17,114.38
1999-10-22,114.57,114.83,112.71,113.06
1999-10-25,113.14,113.52,112.17,112.38
1999-10-26,112.47,112.76,110.64,111.0
1999-10-27,111.05,111.13,109.17,109.7
1999-10-28,109.86,110.8,109.07,110.47
1999-10-29,110.59,110.99,108.96,109.8
1999-11-01,109.85,110.61,109.17,109.46
1999-11-02,109.39,110.73,109.17,109.59
1999-11-03,109.65,110.29,108.69,110.02
1999-11-04,110.07,110.6,108.25,108.85
1999-11-05,108.89,110.96,108.55,110.37
1999-11-08,110.93,111.16,109.07,109.32
1999-11-09,109.24,109.65,108.88,109.15
1999-11-10,109.17,109.53,108.87,109.27
1999-11-11,109.29,109.93,109.0,109.16
1999-11-12,109.19,109.33,108.03,108.58
1999-11-15,108.63,108.85,107.92,108.2
1999-11-16,108.31,109.62,108.19,108.99
1999-11-17,109.1,110.27,108.84,109.81
1999-11-18,109.9,110.4,108.63,109.02
1999-11-19,109.1,109.77,108.92,109.54
1999-11-22,109.58,109.85,107.94,107.99
1999-11-23,108.04,108.2,106.78,107.28
1999-11-24,107.27,107.6,106.23,106.63
1999-11-25,106.62,106.84,106.0,106.18
1999-11-26,106.29,106.6,102.52,103.4
1999-11-29,103.97,105.77,102.31,103.33
1999-11-30,103.41,104.04,102.23,103.06
1999-12-01,103.07,103.78,102.86,103.46
1999-12-02,103.55,103.65,102.71,102.86
1999-12-03,102.96,103.06,102.21,102.89
1999-12-06,103.03,105.85,102.06,105.35
1999-12-07,105.31,106.26,104.44,104.95
1999-12-08,104.96,105.87,104.85,105.67
1999-12-09,105.8,106.04,103.9,104.5
1999-12-10,104.57,104.97,103.41,103.46
1999-12-13,103.71,104.73,103.58,104.58
1999-12-14,104.65,104.69,103.68,104.06
1999-12-15,104.11,104.52,103.59,104.45
1999-12-16,104.52,104.99,103.38,104.84
1999-12-17,104.92,105.49,103.83,103.86
1999-12-20,103.87,104.27,103.29,103.76
1999-12-21,103.9,104.04,102.7,103.09
1999-12-22,103.02,103.43,102.15,102.62
1999-12-23,102.6,103.82,102.1,103.67
1999-12-24,103.67,104.61,103.35,104.21
1999-12-27,104.25,104.43,103.22,103.46
1999-12-28,103.67,104.1,102.61,103.06
1999-12-29,103.09,103.38,102.23,102.59
1999-12-30,102.69,103.42,102.38,103.15
1999-12-31,103.31,103.42,102.76,102.93
2000-01-03,102.72,104.39,102.15,104.24
2000-01-04,104.17,106.57,103.98,106.43
2000-01-05,106.42,107.76,105.77,107.54
2000-01-06,107.68,109.29,107.28,108.59
2000-01-07,108.7,109.0,107.84,108.39
2000-01-10,108.18,108.32,106.87,107.71
2000-01-11,107.81,109.67,107.74,109.59
2000-01-12,109.53,109.87,108.48,109.18
2000-01-13,109.21,109.29,108.5,108.7
2000-01-14,108.83,109.19,107.08,107.15
2000-01-17,107.27,107.31,105.52,106.03
2000-01-18,106.1,107.16,105.89,107.0
2000-01-19,107.12,107.5,106.35,106.65
2000-01-20,106.7,107.34,106.15,107.14
2000-01-21,107.2,107.32,105.17,105.61
2000-01-24,105.59,106.45,105.03,106.42
2000-01-25,106.35,106.87,105.65,106.0
2000-01-26,106.14,106.48,105.66,105.8
2000-01-27,105.85,106.01,103.47,103.89
2000-01-28,103.86,104.81,102.92,104.4
2000-01-31,104.64,105.03,103.85,104.05
2000-02-01,104.21,105.29,103.8,104.74
2000-02-02,104.81,106.17,104.67,105.54
2000-02-03,105.59,106.99,104.91,106.55
2000-02-04,106.59,106.79,104.81,105.3
2000-02-07,105.56,106.74,105.24,106.55
2000-02-08,106.59,108.33,106.46,107.89
2000-02-09,108.0,108.49,107.21,108.23
2000-02-10,108.29,108.39,106.83,107.58
2000-02-11,107.53,108.1,107.08,107.27
2000-02-14,107.51,107.64,106.26,106.54
2000-02-15,106.6,107.25,106.14,107.11
2000-02-16,107.1,108.09,106.68,107.9
2000-02-17,107.94,109.62,107.77,109.25
2000-02-18,109.29,109.9,108.84,109.41
2000-02-21,109.24,110.07,108.81,109.84
2000-02-22,109.95,111.79,109.83,111.16
2000-02-23,111.25,112.02,110.7,111.5
2000-02-24,111.58,111.88,109.47,110.48
2000-02-25,110.5,110.62,107.18,107.41
2000-02-28,107.48,107.57,102.1,106.38
2000-02-29,106.42,108.72,105.68,106.32
2000-03-01,106.26,106.44,103.59,104.27
2000-03-02,104.29,105.17,103.26,103.94
2000-03-03,104.01,104.39,103.2,103.4
2000-03-06,103.32,103.69,102.6,103.01
2000-03-07,103.17,103.68,101.0,101.76
2000-03-08,101.78,103.22,101.63,102.98
2000-03-09,103.18,103.38,102.23,103.0
2000-03-10,103.08,103.27,101.94,102.32
2000-03-13,102.34,102.72,101.39,101.88
2000-03-14,101.79,102.15,100.6,101.83
2000-03-15,101.83,102.92,101.21,102.19
2000-03-16,102.07,102.87,101.62,102.47
2000-03-17,102.45,103.47,102.11,103.7
2000-03-20,103.99,104.07,103.15,103.52
2000-03-21,103.55,103.93,103.03,102.96
2000-03-22,102.89,103.14,102.2,102.85
2000-03-23,102.87,104.52,102.79,104.27
2000-03-24,104.27,104.97,103.48,104.39
2000-03-27,104.48,104.63,102.92,103.14
2000-03-28,103.24,103.4,101.94,101.63
2000-03-29,101.53,101.82,100.01,100.54
2000-03-30,100.62,101.5,100.01,101.22
2000-03-31,101.34,102.09,97.51,98.23
2000-04-03,98.83,100.72,98.25,100.06
2000-04-04,100.08,101.85,100.02,101.02
2000-04-05,101.04,101.99,100.87,100.91
2000-04-06,100.83,101.31,100.16,100.29
2000-04-07,100.4,101.28,100.16,100.6
2000-04-10,100.75,102.58,100.45,102.43
2000-04-11,102.49,103.2,102.28,102.5
2000-04-12,102.56,102.67,100.61,101.34
2000-04-13,101.49,101.61,100.57,100.79
2000-04-14,100.89,101.34,99.97,100.76
2000-04-17,100.49,101.54,99.1,99.51
2000-04-18,99.57,99.61,98.69,99.01
2000-04-19,99.0,99.52,98.15,98.51
2000-04-20,98.59,99.34,98.15,99.09
2000-04-21,99.22,99.42,98.79,99.19
2000-04-24,99.28,99.51,98.92,99.21
2000-04-25,99.23,99.35,97.15,97.87
2000-04-26,97.89,98.43,96.94,98.09
2000-04-27,98.15,98.29,96.47,96.76
2000-04-28,96.87,98.75,96.56,98.61
2000-05-01,98.39,99.94,97.96,99.55
2000-05-02,99.59,99.81,98.0,98.62
2000-05-03,98.68,98.83,96.88,97.6
2000-05-04,97.67,97.77,96.09,96.19
2000-05-05,96.18,97.62,95.69,97.31
2000-05-08,97.44,98.48,96.78,97.74
2000-05-09,97.75,99.41,97.27,99.11
2000-05-10,99.15,99.89,98.71,99.18
2000-05-11,99.14,99.91,97.51,97.75
2000-05-12,97.84,100.13,97.09,99.63
2000-05-15,99.72,100.43,99.5,99.6
2000-05-16,99.4,99.62,98.44,98.68
2000-05-17,98.74,98.9,97.38,97.8
2000-05-18,97.86,97.94,96.88,97.2
2000-05-19,97.24,97.39,94.9,95.98
2000-05-22,96.14,97.2,95.74,96.64
2000-05-23,96.72,97.69,96.28,96.55
2000-05-24,96.62,98.24,96.3,97.23
2000-05-25,97.41,98.12,96.72,97.88
2000-05-26,98.01,100.0,97.9,99.65
2000-05-29,99.85,99.93,99.1,99.12
2000-05-30,99.16,100.39,98.74,99.06
2000-05-31,99.06,101.13,98.88,100.91
2000-06-01,100.94,101.92,100.75,101.04
2000-06-02,101.11,102.43,100.77,102.2
2000-06-05,102.2,102.32,101.14,101.68
2000-06-06,101.69,102.04,100.81,100.96
2000-06-07,101.02,101.81,100.6,101.31
2000-06-08,101.44,102.39,100.75,101.35
2000-06-09,101.27,102.1,101.02,101.82
2000-06-12,101.86,101.99,101.3,101.82
2000-06-13,101.91,102.94,101.67,102.49
2000-06-14,102.59,102.93,102.01,102.02
2000-06-15,102.13,102.32,100.84,101.59
2000-06-16,101.66,102.72,100.99,102.6
2000-06-19,102.61,102.82,101.21,101.3
2000-06-20,101.32,101.48,100.44,100.7
2000-06-21,100.7,100.76,99.48,99.65
2000-06-22,99.72,99.86,97.51,97.83
2000-06-23,97.86,98.35,97.53,98.01
2000-06-26,97.93,99.3,97.07,98.92
2000-06-27,98.96,99.72,98.7,99.58
2000-06-28,99.57,99.93,99.22,99.4
2000-06-29,99.32,100.29,98.71,100.17
2000-06-30,100.17,101.74,99.96,101.02
2000-07-03,101.04,101.49,100.26,100.4
2000-07-04,100.39,101.16,100.22,100.89
2000-07-05,101.03,102.43,100.67,101.9
2000-07-06,102.0,102.82,101.82,102.11
2000-07-07,102.17,102.57,101.58,102.26
2000-07-10,102.25,102.43,101.52,102.21
2000-07-11,102.22,102.33,101.48,101.93
2000-07-12,102.03,102.68,101.65,101.81
2000-07-13,101.81,102.07,100.02,101.29
2000-07-14,101.34,101.44,100.58,101.13
2000-07-17,101.15,101.98,100.62,101.23
2000-07-18,101.17,101.29,100.02,99.95
2000-07-19,100.1,100.26,99.26,100.04
2000-07-20,100.15,100.55,99.47,100.45
2000-07-21,100.45,102.15,100.12,102.0
2000-07-24,101.91,102.08,101.4,101.51
2000-07-25,101.56,102.98,101.21,102.33
2000-07-26,102.38,103.31,102.26,102.92
2000-07-27,103.01,103.12,101.74,101.67
2000-07-28,101.74,101.99,100.98,101.04
2000-07-31,101.25,101.89,100.69,101.28
2000-08-01,101.34,101.76,99.81,99.83
2000-08-02,99.95,100.1,99.22,99.38
2000-08-03,99.49,99.96,97.38,98.18
2000-08-04,98.22,98.72,97.51,98.56
2000-08-07,98.5,99.34,98.38,99.0
2000-08-08,98.99,99.21,97.64,97.96
2000-08-09,98.0,98.11,96.67,97.12
2000-08-10,97.18,99.0,96.86,98.66
2000-08-11,98.76,99.44,97.91,97.97
2000-08-14,98.16,99.29,97.9,99.06
2000-08-15,99.12,99.97,99.04,99.48
2000-08-16,99.56,100.2,98.39,99.41
2000-08-17,99.47,99.62,98.81,99.52
2000-08-18,99.51,100.03,98.1,98.2
2000-08-21,98.23,98.32,97.46,97.99
2000-08-22,98.02,98.1,96.95,97.12
2000-08-23,97.14,97.21,95.38,96.32
2000-08-24,96.54,96.88,96.0,96.33
2000-08-25,96.41,96.91,96.02,96.34
2000-08-28,96.37,96.51,95.65,95.77
2000-08-29,95.84,96.24,94.55,94.57
2000-08-30,94.67,95.35,94.04,95.26
2000-08-31,95.26,95.64,94.33,94.71
2000-09-01,94.79,95.44,94.39,95.3
2000-09-04,95.32,95.6,94.71,94.94
2000-09-05,95.04,95.58,93.7,94.06
2000-09-06,94.17,94.27,91.79,92.06
2000-09-07,92.21,92.69,90.97,91.63
2000-09-08,91.7,92.43,91.44,91.89
2000-09-11,91.7,92.6,90.82,90.91
2000-09-12,91.04,92.99,90.81,92.22
2000-09-13,92.28,93.17,91.94,92.02
2000-09-14,92.1,93.51,91.71,92.99
2000-09-15,93.01,93.54,91.35,91.38
2000-09-18,91.39,91.76,90.96,91.22
2000-09-19,91.31,91.58,90.68,91.01
2000-09-20,91.1,91.44,90.04,90.52
2000-09-21,90.54,91.81,90.1,91.78
2000-09-22,91.76,96.56,91.54,94.57
2000-09-25,95.12,95.36,93.65,94.25
2000-09-26,94.32,95.09,93.59,94.91
2000-09-27,95.04,95.73,94.26,94.79
2000-09-28,94.84,95.43,94.34,94.62
2000-09-29,94.66,95.62,94.4,95.48
2000-10-02,95.58,96.04,95.36,95.44
2000-10-03,95.53,95.7,94.85,95.25
2000-10-04,95.36,95.75,95.07,95.61
2000-10-05,95.66,96.05,94.76,94.78
2000-10-06,94.88,95.2,94.27,94.44
2000-10-09,94.58,94.94,94.32,94.4
2000-10-10,94.52,94.78,93.63,93.85
2000-10-11,93.97,94.54,93.23,93.06
2000-10-12,93.37,93.65,92.67,92.82
2000-10-13,92.9,93.46,91.77,92.22
2000-10-16,92.18,92.44,91.6,91.78
2000-10-17,91.88,92.5,91.45,92.22
2000-10-18,92.28,92.66,89.58,90.32
2000-10-19,90.37,91.48,90.27,91.34
2000-10-20,91.4,92.21,90.91,91.61
2000-10-23,91.67,91.78,90.37,90.39
2000-10-24,90.45,91.01,90.07,90.02
2000-10-25,90.11,90.67,88.97,89.48
2000-10-26,89.45,90.2,88.94,89.94
2000-10-27,89.97,91.62,89.74,91.17
2000-10-30,91.32,92.66,91.2,91.5
2000-10-31,91.63,92.78,91.31,92.47
2000-11-01,92.57,93.29,92.21,93.08
2000-11-02,93.2,93.93,92.54,92.89
2000-11-03,92.87,95.18,92.05,92.68
2000-11-06,92.88,93.6,91.79,92.46
2000-11-07,92.59,92.95,91.9,92.01
2000-11-08,92.13,93.03,91.51,91.72
2000-11-09,91.81,93.1,91.37,92.98
2000-11-10,93.05,93.74,92.68,92.82
2000-11-13,93.07,93.47,92.37,92.43
2000-11-14,92.5,92.97,92.16,92.78
2000-11-15,92.79,93.55,92.6,93.3
2000-11-16,93.37,93.59,92.82,92.83
2000-11-17,92.97,93.28,92.27,92.31
2000-11-20,92.43,93.6,92.32,93.46
2000-11-21,93.63,93.85,92.7,92.89
2000-11-22,92.94,93.37,92.36,93.01
2000-11-23,93.07,93.21,92.37,92.5
2000-11-24,92.57,94.02,92.46,93.31
2000-11-27,93.32,94.34,93.22,94.18
2000-11-28,94.3,94.62,94.03,94.26
2000-11-29,94.36,95.6,94.2,95.33
2000-11-30,95.38,96.73,95.28,96.23
2000-12-01,96.31,97.89,96.23,97.71
2000-12-04,97.95,99.03,97.19,98.55
2000-12-05,98.6,98.79,97.42,97.69
2000-12-06,97.83,98.49,97.24,98.29
2000-12-07,98.4,99.23,98.05,98.28
2000-12-08,98.37,99.02,97.88,98.32
2000-12-11,98.29,98.36,96.85,97.03
2000-12-12,97.16,98.22,97.01,97.92
2000-12-13,97.95,98.85,97.92,98.45
2000-12-14,98.51,100.03,98.39,99.85
2000-12-15,100.0,101.38,99.8,100.73
2000-12-18,100.58,101.49,99.92,100.17
2000-12-19,100.34,100.69,99.45,100.55
2000-12-20,100.63,102.59,100.57,102.47
2000-12-21,102.57,103.13,102.1,102.87
2000-12-22,102.83,104.5,102.57,104.26
2000-12-25,104.29,104.82,103.87,104.27
2000-12-26,104.48,105.98,104.46,105.72
2000-12-27,105.83,106.61,105.61,106.27
2000-12-28,106.32,106.71,105.98,106.36
2000-12-29,106.41,107.88,106.27,107.64
2001-01-02,107.81,108.89,107.29,108.68
2001-01-03,108.75,109.53,105.43,105.42
2001-01-04,105.46,109.96,105.24,109.82
2001-01-05,109.92,111.79,109.64,111.6
2001-01-08,111.66,111.83,109.84,109.87
2001-01-09,109.89,110.41,108.69,110.36
2001-01-10,110.33,110.56,109.01,109.02
2001-01-11,109.15,112.44,108.95,112.14
2001-01-12,112.1,113.2,111.36,112.73
2001-01-15,112.51,113.15,111.7,112.03
2001-01-16,112.07,112.44,109.81,110.74
2001-01-17,110.82,111.25,109.04,111.19
2001-01-18,111.2,112.31,110.66,111.29
2001-01-19,111.47,112.1,109.33,109.34
2001-01-22,109.35,109.66,108.0,109.2
2001-01-23,109.23,110.9,109.12,109.71
2001-01-24,109.64,110.0,108.57,108.52
2001-01-25,108.64,108.98,106.7,107.93
2001-01-26,108.03,108.64,107.36,108.32
2001-01-29,108.49,108.78,106.96,106.97
2001-01-30,107.06,108.07,106.48,107.35
2001-01-31,107.34,109.06,107.16,108.89
2001-02-01,109.11,109.92,108.18,108.51
2001-02-02,108.57,108.7,107.62,108.19
2001-02-05,108.11,109.21,107.6,107.68
2001-02-06,107.64,108.1,106.64,106.77
2001-02-07,106.8,108.66,106.56,107.94
2001-02-08,108.03,108.37,106.13,107.08
2001-02-09,107.18,109.12,106.71,108.63
2001-02-12,108.78,109.69,108.64,109.36
2001-02-13,109.42,109.75,107.04,107.37
2001-02-14,107.48,107.75,106.54,106.91
2001-02-15,106.88,107.06,104.33,104.37
2001-02-16,104.44,106.0,104.13,105.62
2001-02-19,105.88,107.03,105.65,106.93
2001-02-20,106.94,107.32,104.45,105.48
2001-02-21,105.58,107.12,104.73,105.94
2001-02-22,105.98,106.21,104.79,105.92
2001-02-23,105.84,106.79,105.25,106.23
2001-02-26,106.37,106.74,105.52,106.17
2001-02-27,106.13,106.89,105.74,106.54
2001-02-28,106.61,108.6,106.41,108.27
2001-03-01,108.39,109.49,108.07,109.12
2001-03-02,109.18,111.75,109.07,111.24
2001-03-05,111.58,112.0,110.23,110.68
2001-03-06,110.72,111.18,109.52,111.03
2001-03-07,111.08,112.32,110.69,111.53
2001-03-08,111.56,111.85,110.85,111.55
2001-03-09,111.74,112.01,111.02,111.49
2001-03-12,111.35,112.62,111.22,111.74
2001-03-13,111.87,112.13,109.41,109.45
2001-03-14,109.55,110.83,108.4,110.26
2001-03-15,110.37,110.78,109.08,109.89
2001-03-16,109.96,110.44,109.42,110.27
2001-03-19,110.44,110.78,109.52,110.54
2001-03-20,110.58,111.21,110.32,111.12
2001-03-21,111.13,112.43,110.71,110.41
2001-03-22,110.44,111.01,109.54,109.65
2001-03-23,109.74,110.33,108.98,109.14
2001-03-26,109.44,110.46,109.32,109.88
2001-03-27,109.92,110.65,108.68,109.1
2001-03-28,109.22,109.35,107.45,108.22
2001-03-29,108.32,109.65,108.26,109.12
2001-03-30,109.23,111.21,108.82,110.77
2001-04-02,110.52,111.8,110.16,111.49
2001-04-03,111.55,112.95,110.93,112.69
2001-04-04,112.72,113.75,112.5,112.88
2001-04-05,113.0,113.62,111.02,111.22
2001-04-06,111.23,113.04,111.09,111.86
2001-04-09,112.05,113.36,112.04,112.17
2001-04-10,112.2,112.48,110.29,110.5
2001-04-11,110.6,111.01,109.6,110.81
2001-04-12,110.84,111.4,108.75,110.16
2001-04-13,110.35,111.0,110.19,110.26
2001-04-16,110.37,111.07,110.06,110.54
2001-04-17,110.5,110.85,108.42,108.9
2001-04-18,108.94,109.11,106.97,107.67
2001-04-19,107.96,109.0,107.36,108.54
2001-04-20,108.63,110.92,108.57,110.5
2001-04-23,109.98,111.14,108.7,108.57
2001-04-24,108.8,110.12,108.65,109.29
2001-04-25,109.35,110.01,108.9,109.57
2001-04-26,109.62,111.41,109.32,111.3
2001-04-27,111.27,112.17,110.2,110.6
2001-04-30,110.61,110.73,109.27,109.68
2001-05-01,109.77,110.03,108.63,108.91
2001-05-02,109.06,109.39,108.15,108.41
2001-05-03,108.62,109.16,107.58,107.93
2001-05-04,107.98,109.02,107.68,108.26
2001-05-07,108.4,108.76,107.72,107.8
2001-05-08,107.87,108.45,107.08,107.27
2001-05-09,107.35,108.28,107.12,108.16
2001-05-10,108.32,108.95,107.73,108.06
2001-05-11,108.08,108.29,106.76,107.18
2001-05-14,107.27,107.87,107.07,107.76
2001-05-15,107.79,108.6,107.59,108.29
2001-05-16,108.4,109.74,108.12,109.0
2001-05-17,109.08,109.33,108.05,108.09
2001-05-18,108.16,108.86,107.98,108.81
2001-05-21,108.8,108.92,107.44,107.49
2001-05-22,107.62,107.89,105.91,106.22
2001-05-23,106.28,106.38,102.15,102.87
2001-05-24,102.85,103.43,101.11,102.7
2001-05-25,102.7,103.92,102.67,103.81
2001-05-28,103.66,104.25,103.46,104.09
2001-05-29,104.16,104.54,102.44,102.72
2001-05-30,102.82,103.54,102.4,103.03
2001-05-31,103.04,103.22,100.14,100.73
2001-06-01,100.83,101.16,99.88,101.06
2001-06-04,100.92,102.34,100.72,100.92
2001-06-05,100.95,102.85,100.31,102.68
2001-06-06,102.73,103.38,101.63,101.87
2001-06-07,101.85,102.25,101.42,102.15
2001-06-08,102.29,103.05,101.63,102.87
2001-06-11,102.77,103.86,102.54,102.74
2001-06-12,102.84,103.87,102.43,103.76
2001-06-13,103.81,104.69,103.59,104.29
2001-06-14,104.44,104.87,103.39,104.55
2001-06-15,104.66,106.32,104.51,105.82
2001-06-18,106.21,106.62,105.63,106.06
2001-06-19,106.14,106.41,104.82,104.86
2001-06-20,104.9,105.95,104.64,105.75
2001-06-21,105.89,106.65,105.65,106.37
2001-06-22,106.48,106.84,105.57,106.67
2001-06-25,106.48,107.01,106.29,106.29
2001-06-26,106.41,107.0,106.26,106.89
2001-06-27,106.9,107.73,106.5,106.8
2001-06-28,106.83,107.5,105.16,105.14
2001-06-29,105.22,106.06,104.64,105.94
2001-07-02,106.05,106.21,104.97,105.2
2001-07-03,105.21,105.82,104.66,105.49
2001-07-04,105.49,105.93,104.94,105.33
2001-07-05,105.46,106.06,105.06,105.23
2001-07-06,105.21,106.85,104.84,106.64
2001-07-09,106.46,106.82,105.95,106.54
2001-07-10,106.55,107.59,106.38,107.08
2001-07-11,107.18,108.05,106.6,106.86
2001-07-12,106.86,106.88,105.18,105.58
2001-07-13,105.71,106.83,105.57,106.78
2001-07-16,106.57,107.63,106.51,107.03
2001-07-17,107.03,107.54,106.29,107.32
2001-07-18,107.32,108.66,107.26,108.21
2001-07-19,108.31,108.6,107.19,107.34
2001-07-20,107.48,108.49,106.83,107.07
2001-07-23,107.18,108.25,107.1,108.1
2001-07-24,108.15,108.74,107.88,108.32
2001-07-25,108.48,109.07,108.31,108.8
2001-07-26,108.85,108.94,108.23,108.62
2001-07-27,108.62,108.96,107.75,108.32
2001-07-30,108.1,109.82,107.96,109.41
2001-07-31,109.41,109.6,108.98,109.54
2001-08-01,109.54,110.06,109.37,109.76
2001-08-02,109.82,110.19,108.76,109.23
2001-08-03,109.3,109.57,108.77,109.33
2001-08-06,109.28,109.46,108.72,109.2
2001-08-07,109.25,109.28,108.21,108.46
2001-08-08,108.46,108.9,107.6,108.78
2001-08-09,108.86,109.49,108.42,108.56
2001-08-10,108.67,109.63,108.62,108.95
2001-08-13,109.04,110.13,108.95,109.74
2001-08-14,109.84,110.55,108.96,109.95
2001-08-15,109.96,110.07,108.56,109.23
2001-08-16,109.3,110.04,109.06,109.76
2001-08-17,109.76,110.56,109.45,110.34
2001-08-20,110.41,110.72,109.75,110.41
2001-08-21,110.41,110.44,109.06,109.68
2001-08-22,109.99,110.6,109.47,110.08
2001-08-23,109.82,110.1,109.44,109.64
2001-08-24,109.67,109.89,109.2,109.79
2001-08-27,109.83,109.94,109.07,109.23
2001-08-28,109.29,109.86,108.61,109.52
2001-08-29,109.54,109.69,108.32,109.21
2001-08-30,109.23,109.66,108.49,109.38
2001-08-31,109.42,109.56,107.67,108.32
2001-09-03,108.3,108.44,107.5,107.67
2001-09-04,107.74,107.93,105.53,105.93
2001-09-05,105.99,107.54,105.8,106.83
2001-09-06,106.93,108.52,106.91,108.27
2001-09-07,108.34,109.05,107.05,108.86
2001-09-10,108.91,109.11,108.47,108.65
2001-09-11,108.67,109.85,107.47,108.95
2001-09-12,109.06,109.19,107.87,108.33
2001-09-13,108.4,108.62,107.69,108.24
2001-09-14,108.32,109.01,107.69,108.03
2001-09-17,108.46,109.81,107.85,108.93
2001-09-18,108.9,109.02,108.1,108.72
2001-09-19,108.78,109.44,108.51,108.97
2001-09-20,109.02,109.16,107.01,107.81
2001-09-21,107.92,108.25,106.1,106.63
2001-09-24,106.63,107.92,106.25,107.71
2001-09-25,107.78,108.75,107.23,108.43
2001-09-26,108.55,108.94,108.12,108.64
2001-09-27,108.67,110.25,108.52,109.91
2001-09-28,109.91,109.97,108.18,108.94
2001-10-01,108.69,110.49,108.55,110.22
2001-10-02,110.28,111.15,109.93,110.96
2001-10-03,110.96,111.78,110.17,110.28
2001-10-04,110.26,110.7,109.81,110.54
2001-10-05,110.65,110.96,110.03,110.66
2001-10-08,110.67,110.73,109.96,110.36
2001-10-09,110.35,110.8,109.61,109.62
2001-10-10,109.68,110.24,109.3,109.6
2001-10-11,109.64,109.97,109.24,109.49
2001-10-12,109.64,110.47,109.32,110.37
2001-10-15,110.29,110.67,109.51,109.84
2001-10-16,109.81,110.52,109.26,110.1
2001-10-17,110.19,110.53,109.34,109.53
2001-10-18,109.5,109.79,108.94,109.27
2001-10-19,109.38,109.57,108.52,108.95
2001-10-22,108.85,109.5,108.62,109.21
2001-10-23,109.18,109.59,108.79,109.09
2001-10-24,109.2,109.79,108.98,109.71
2001-10-25,109.84,110.16,109.34,109.64
2001-10-26,109.7,110.0,109.16,109.54
2001-10-29,109.53,110.45,109.22,110.28
2001-10-30,110.34,110.73,110.16,110.29
2001-10-31,110.33,110.81,110.03,110.08
2001-11-01,110.24,110.86,109.99,110.11
2001-11-02,110.09,110.34,109.55,109.75
2001-11-05,109.76,109.79,108.99,109.33
2001-11-06,109.3,109.38,108.35,108.4
2001-11-07,108.48,109.51,108.11,108.59
2001-11-08,108.62,108.91,106.8,107.21
2001-11-09,107.24,107.69,106.92,107.58
2001-11-12,107.75,108.18,107.46,107.65
2001-11-13,107.75,107.92,106.83,107.14
2001-11-14,107.12,107.55,106.9,107.33
2001-11-15,107.34,108.22,107.24,107.84
2001-11-16,107.93,108.82,107.73,108.62
2001-11-19,108.6,108.84,108.12,108.28
2001-11-20,108.35,108.74,108.07,108.17
2001-11-21,108.28,108.75,107.75,108.17
2001-11-22,108.22,109.01,107.89,108.74
2001-11-23,108.84,109.35,108.67,109.09
2001-11-26,109.06,109.52,108.96,109.2
2001-11-27,109.22,109.87,108.7,109.42
2001-11-28,109.49,109.57,108.81,109.22
2001-11-29,109.33,110.04,109.12,109.89
2001-11-30,109.95,110.72,109.67,110.56
2001-12-03,110.49,110.83,110.07,110.6
2001-12-04,110.66,110.78,110.1,110.56
2001-12-05,110.55,111.03,110.03,110.2
2001-12-06,110.32,111.71,109.91,111.54
2001-12-07,111.63,112.09,111.24,111.59
2001-12-10,111.79,112.35,111.56,112.24
2001-12-11,112.26,112.63,112.06,112.5
2001-12-12,112.56,113.64,112.22,113.03
2001-12-13,113.1,113.68,112.45,112.47
2001-12-14,112.54,115.55,112.43,114.91
2001-12-17,115.1,115.97,114.88,114.98
2001-12-18,115.05,115.99,114.91,115.31
2001-12-19,115.43,115.89,114.42,115.22
2001-12-20,115.34,115.81,114.8,115.72
2001-12-21,115.78,116.74,114.54,114.97
2001-12-24,115.1,115.34,113.5,113.86
2001-12-25,113.99,115.45,113.88,114.65
2001-12-26,114.78,115.35,114.51,115.1
2001-12-27,115.13,116.54,115.1,116.16
2001-12-28,116.31,116.56,115.08,115.8
2001-12-31,115.97,117.52,115.9,117.27
2002-01-02,117.03,119.75,117.0,119.32
2002-01-03,119.39,119.58,118.22,118.37
2002-01-04,118.42,118.6,117.0,117.13
2002-01-07,117.22,117.62,116.53,116.98
2002-01-08,117.09,118.6,117.03,118.47
2002-01-09,118.57,119.17,117.56,118.37
2002-01-10,118.49,118.82,117.68,118.17
2002-01-11,118.1,118.29,117.29,117.85
2002-01-14,118.16,118.21,117.38,118.03
2002-01-15,118.09,118.16,115.96,115.94
2002-01-16,115.86,116.62,115.62,116.38
2002-01-17,116.47,117.08,115.96,116.7
2002-01-18,117.06,117.45,116.86,117.14
2002-01-21,117.19,117.5,116.9,117.12
2002-01-22,117.18,118.79,117.15,118.58
2002-01-23,118.67,119.22,117.74,117.96
2002-01-24,118.14,118.38,117.58,118.18
2002-01-25,118.26,118.47,115.87,116.31
2002-01-28,116.6,116.69,114.72,115.16
2002-01-29,115.12,115.68,114.37,115.31
2002-01-30,115.4,115.68,114.3,114.44
2002-01-31,114.48,115.98,114.33,115.4
2002-02-01,115.62,115.95,114.64,114.73
2002-02-04,114.66,115.33,114.5,115.17
2002-02-05,115.27,116.57,114.74,116.15
2002-02-06,116.11,116.49,115.25,115.91
2002-02-07,115.99,116.46,115.67,116.36
2002-02-08,116.4,117.87,116.26,117.53
2002-02-11,117.43,117.96,116.85,116.81
2002-02-12,116.92,117.64,116.14,116.24
2002-02-13,116.33,116.77,115.48,116.13
2002-02-14,116.19,116.28,114.79,115.37
2002-02-15,115.47,116.3,115.23,115.73
2002-02-18,116.05,116.07,115.32,115.49
2002-02-19,115.56,117.21,115.39,117.08
2002-02-20,117.13,117.22,116.27,116.22
2002-02-21,116.31,117.17,116.01,116.68
2002-02-22,116.71,117.6,116.44,117.3
2002-02-25,117.4,117.46,116.24,116.25
2002-02-26,116.32,116.88,116.0,116.21
2002-02-27,116.25,116.83,115.93,116.2
2002-02-28,116.32,116.41,115.5,116.07
2002-03-01,116.09,116.22,115.04,115.24
2002-03-04,115.42,115.63,114.08,114.89
2002-03-05,115.0,115.37,114.23,115.28
2002-03-06,115.24,115.38,114.45,114.49
2002-03-07,114.56,114.85,111.32,112.12
2002-03-08,112.22,112.79,111.96,112.28
2002-03-11,112.32,113.04,111.97,112.29
2002-03-12,112.38,113.0,112.11,112.87
2002-03-13,112.91,113.68,112.77,113.42
2002-03-14,113.43,114.11,112.83,114.01
2002-03-15,114.02,114.51,113.79,113.95
2002-03-18,113.85,116.0,113.77,115.87
2002-03-19,115.89,116.71,115.48,116.43
2002-03-20,116.5,116.73,115.65,116.28
2002-03-21,116.35,116.74,116.07,116.44
2002-03-22,116.44,116.99,116.2,116.42
2002-03-25,116.52,117.1,116.22,117.02
2002-03-26,117.06,117.1,116.05,116.63
2002-03-27,116.69,116.87,115.6,115.77
2002-03-28,115.82,116.02,115.33,115.39
2002-03-29,115.5,116.08,115.37,115.68
2002-04-01,115.7,117.71,115.66,117.42
2002-04-02,117.53,117.61,116.84,117.21
2002-04-03,117.26,117.31,116.47,116.88
2002-04-04,116.9,117.25,115.99,116.07
2002-04-05,116.18,116.37,115.59,115.65
2002-04-08,115.83,115.93,114.63,115.04
2002-04-09,115.15,115.53,114.82,115.3
2002-04-10,115.28,115.37,114.61,115.01
2002-04-11,115.1,116.42,114.99,116.05
2002-04-12,115.91,116.6,115.74,116.04
2002-04-15,116.07,116.59,115.62,116.13
2002-04-16,116.19,116.29,115.38,115.76
2002-04-17,115.8,116.44,115.52,116.36
2002-04-18,116.35,116.53,114.96,115.82
2002-04-19,115.83,116.29,115.71,116.24
2002-04-22,116.0,116.2,115.03,115.54
2002-04-23,115.61,115.79,115.14,115.68
2002-04-24,115.74,115.9,115.35,115.64
2002-04-25,115.74,115.75,115.1,115.52
2002-04-26,115.55,115.78,114.82,115.22
2002-04-29,115.35,115.79,115.1,115.69
2002-04-30,115.68,115.98,115.43,115.64
2002-05-01,115.71,115.9,115.31,115.51
2002-05-02,115.54,115.9,115.07,115.44
2002-05-03,115.53,116.56,115.38,116.3
2002-05-06,116.37,116.87,116.14,116.69
2002-05-07,116.78,117.29,116.39,117.02
2002-05-08,117.07,117.28,116.22,116.56
2002-05-09,116.59,116.85,116.22,116.66
2002-05-10,116.67,117.53,116.47,116.58
2002-05-13,116.6,116.8,116.05,116.46
2002-05-14,116.52,116.71,115.87,115.96
2002-05-15,116.04,116.5,115.44,116.38
2002-05-16,116.42,116.96,116.15,116.7
2002-05-17,116.8,116.85,115.35,115.9
2002-05-20,116.01,116.21,115.35,115.46
2002-05-21,115.42,115.86,113.66,114.13
2002-05-22,114.21,115.64,113.46,114.87
2002-05-23,114.98,115.58,114.66,115.1
2002-05-24,115.21,115.31,114.67,114.71
2002-05-27,114.89,115.1,114.71,114.75
2002-05-28,114.91,115.84,114.76,115.54
2002-05-29,115.67,116.55,115.46,116.23
2002-05-30,116.32,116.54,115.21,115.48
2002-05-31,115.62,116.68,115.37,115.85
2002-06-03,115.92,116.4,115.51,116.25
2002-06-04,116.31,117.19,116.06,116.52
2002-06-05,116.6,117.11,116.41,116.77
2002-06-06,116.67,117.72,116.35,117.48
2002-06-07,117.58,118.11,117.26,117.28
2002-06-10,117.38,118.02,117.16,117.75
2002-06-11,117.83,118.9,117.48,118.76
2002-06-12,118.85,119.31,118.45,118.52
2002-06-13,118.62,118.85,117.66,117.73
2002-06-14,117.83,118.12,117.24,117.35
2002-06-17,117.32,117.63,116.99,117.33
2002-06-18,117.36,118.44,117.27,118.35
2002-06-19,118.37,118.81,118.25,118.55
2002-06-20,118.64,119.24,118.46,119.08
2002-06-21,119.15,119.54,117.32,117.46
2002-06-24,117.73,119.09,117.64,118.03
2002-06-25,118.16,118.92,117.71,118.8
2002-06-26,118.85,119.62,117.48,117.87
2002-06-27,117.86,118.43,117.62,118.2
2002-06-28,118.2,119.1,117.84,118.49
2002-07-01,118.67,119.06,118.35,118.62
2002-07-02,118.69,118.85,117.82,118.14
2002-07-03,118.25,118.34,117.28,117.32
2002-07-04,117.42,117.87,117.09,117.5
2002-07-05,117.54,117.66,116.7,116.93
2002-07-08,117.01,117.53,116.65,117.29
2002-07-09,117.36,117.6,116.8,117.21
2002-07-10,117.28,117.58,116.23,116.33
2002-07-11,116.33,116.75,115.25,115.6
2002-07-12,115.58,115.92,115.14,115.75
2002-07-15,116.13,117.13,115.42,116.63
2002-07-16,116.75,117.59,116.56,117.14
2002-07-17,117.3,117.63,116.95,117.14
2002-07-18,117.17,117.98,117.01,117.85
2002-07-19,117.81,118.2,117.04,117.16
2002-07-22,117.27,117.85,116.97,117.16
2002-07-23,117.23,117.29,115.91,116.12
2002-07-24,116.28,116.47,115.28,116.08
2002-07-25,116.13,117.16,115.82,116.96
2002-07-26,116.96,117.9,116.91,117.04
2002-07-29,117.39,117.88,116.95,117.34
2002-07-30,117.41,118.68,117.18,118.05
2002-07-31,118.24,118.46,116.95,117.12
2002-08-01,117.13,117.58,116.64,117.4
2002-08-02,117.41,117.9,117.23,117.21
2002-08-05,117.29,117.63,116.86,117.28
2002-08-06,117.34,117.46,116.56,116.68
2002-08-07,116.7,117.35,116.56,117.07
2002-08-08,117.18,117.44,116.67,117.02
2002-08-09,117.04,117.77,116.32,116.42
2002-08-12,116.59,117.02,116.08,116.38
2002-08-13,116.5,116.84,116.1,116.45
2002-08-14,116.44,116.6,114.59,114.86
2002-08-15,114.83,115.46,114.2,115.17
2002-08-16,115.25,116.04,114.98,115.67
2002-08-19,115.85,116.56,115.5,115.75
2002-08-20,115.85,116.6,115.69,116.24
2002-08-21,116.33,116.44,115.6,116.2
2002-08-22,116.19,116.76,115.92,116.17
2002-08-23,116.18,116.51,116.02,116.24
2002-08-26,116.32,116.48,115.98,116.33
2002-08-27,116.35,116.53,115.38,116.1
2002-08-28,116.12,116.47,115.85,116.23
2002-08-29,116.33,116.53,115.78,116.35
2002-08-30,116.37,116.54,116.0,116.27
2002-09-02,116.33,116.55,115.96,116.29
2002-09-03,116.2,116.86,115.96,116.69
2002-09-04,116.72,117.35,116.53,116.95
2002-09-05,117.12,117.66,116.78,117.19
2002-09-06,117.31,117.76,116.19,116.21
2002-09-09,116.4,116.91,116.05,116.45
2002-09-10,116.45,117.05,116.11,116.89
2002-09-11,116.93,117.87,116.67,117.39
2002-09-12,117.4,118.03,117.08,117.71
2002-09-13,117.81,118.82,117.32,118.08
2002-09-16,118.22,118.97,117.87,118.36
2002-09-17,118.45,119.03,117.9,118.77
2002-09-18,118.88,119.27,118.14,118.66
2002-09-19,118.73,119.94,118.57,119.85
2002-09-20,119.83,121.44,119.72,121.13
2002-09-23,121.12,122.06,120.5,121.08
2002-09-24,121.21,121.33,120.16,121.05
2002-09-25,121.07,121.26,119.86,119.92
2002-09-26,119.99,120.47,118.98,119.15
2002-09-27,119.34,120.46,119.16,120.09
2002-09-30,120.32,120.54,119.17,120.03
2002-10-01,120.11,121.15,119.98,120.4
2002-10-02,120.5,121.47,120.31,121.17
2002-10-03,121.21,121.66,120.85,121.22
2002-10-04,121.15,121.52,120.5,120.6
2002-10-07,120.68,122.31,120.42,122.19
2002-10-08,122.16,122.35,121.4,121.63
2002-10-09,121.71,122.18,121.1,122.01
2002-10-10,122.09,122.53,121.64,121.86
2002-10-11,121.96,122.7,121.6,122.42
2002-10-14,122.53,122.76,122.28,122.69
2002-10-15,122.75,123.08,122.05,122.36
2002-10-16,122.41,122.65,121.69,122.08
2002-10-17,122.18,122.3,120.93,121.41
2002-10-18,121.42,122.1,121.35,121.91
2002-10-21,121.94,122.11,121.24,121.56
2002-10-22,121.62,122.6,121.49,122.37
2002-10-23,122.35,122.47,120.98,121.46
2002-10-24,121.65,121.82,120.68,121.63
2002-10-25,121.69,121.9,120.85,121.28
2002-10-28,121.28,121.82,121.22,121.66
2002-10-29,121.67,121.76,120.56,121.05
2002-10-30,121.04,121.18,120.49,120.89
2002-10-31,120.99,121.44,120.68,121.31
2002-11-01,121.36,121.94,121.24,121.7
2002-11-04,121.7,122.07,121.42,121.91
2002-11-05,121.94,122.2,121.42,121.76
2002-11-06,121.85,122.29,121.59,122.15
2002-11-07,122.21,122.55,121.67,122.22
2002-11-08,122.3,122.5,121.15,121.28
2002-11-11,121.35,121.56,120.39,120.81
2002-11-12,120.88,121.19,120.3,121.13
2002-11-13,121.1,121.25,120.71,120.99
2002-11-14,121.05,121.33,120.58,120.97
2002-11-15,121.02,121.66,120.88,121.57
2002-11-18,121.58,122.35,121.5,122.03
2002-11-19,122.07,123.24,121.92,122.52
2002-11-20,122.64,123.09,122.49,122.76
2002-11-21,122.84,123.0,122.21,122.85
2002-11-22,122.89,123.22,122.32,122.43
2002-11-25,122.51,122.73,120.72,121.03
2002-11-26,121.11,121.24,120.55,120.78
2002-11-27,120.84,121.32,120.21,121.1
2002-11-28,121.17,121.6,120.95,121.5
2002-11-29,121.52,121.99,121.33,121.8
2002-12-02,121.93,124.4,121.85,124.1
2002-12-03,124.16,124.45,123.78,124.02
2002-12-04,124.13,125.04,123.75,124.58
2002-12-05,124.71,125.69,124.57,124.88
2002-12-06,124.94,125.62,123.49,124.69
2002-12-09,124.71,124.79,123.52,124.61
2002-12-10,124.69,124.95,124.42,124.77
2002-12-11,124.79,124.94,124.04,124.6
2002-12-12,124.68,125.27,124.31,124.95
2002-12-13,125.03,125.29,122.95,123.21
2002-12-16,123.41,124.26,122.87,123.98
2002-12-17,124.14,124.85,123.89,124.69
2002-12-18,124.71,124.95,123.9,124.29
2002-12-19,124.36,124.46,92.63,123.67
2002-12-20,123.79,124.22,123.49,123.56
2002-12-23,123.6,123.8,123.24,123.58
2002-12-24,123.58,124.01,123.39,123.92
2002-12-25,123.9,124.37,123.61,124.16
2002-12-26,124.16,124.55,124.01,124.43
2002-12-27,124.46,125.22,124.29,125.1
2002-12-30,124.99,125.33,123.65,124.27
2002-12-31,124.23,124.79,123.99,124.63
2003-01-02,124.54,124.92,124.1,124.39
2003-01-03,124.38,125.01,124.19,124.76
2003-01-06,124.79,124.98,124.25,124.71
2003-01-07,124.69,125.53,124.51,125.39
2003-01-08,125.47,125.5,124.35,124.91
2003-01-09,125.01,125.41,124.82,125.08
2003-01-10,125.12,126.19,125.07,126.09
2003-01-13,126.12,126.17,125.1,125.31
2003-01-14,125.37,125.66,124.47,124.58
2003-01-15,124.63,125.19,124.11,124.58
2003-01-16,124.69,125.19,124.47,125.05
2003-01-17,125.12,125.66,125.01,125.57
2003-01-20,125.57,126.28,125.52,125.98
2003-01-21,126.01,126.65,125.98,126.67
2003-01-22,126.71,127.06,126.17,126.89
2003-01-23,126.94,127.28,126.5,126.96
2003-01-24,127.01,127.82,126.82,127.48
2003-01-27,127.77,129.07,127.54,128.48
2003-01-28,128.6,128.7,128.03,128.51
2003-01-29,128.45,128.72,127.9,128.36
2003-01-30,128.37,128.96,127.71,128.73
2003-01-31,128.75,129.44,128.58,129.07
2003-02-03,129.19,129.75,128.76,129.61
2003-02-04,129.67,130.51,129.3,130.23
2003-02-05,130.3,130.58,129.12,129.4
2003-02-06,129.47,130.09,129.14,129.71
2003-02-07,129.82,130.33,129.11,130.19
2003-02-10,130.15,130.52,129.98,130.13
2003-02-11,130.18,130.36,129.55,129.88
2003-02-12,129.89,130.32,129.41,129.95
2003-02-13,129.97,130.81,129.76,130.57
2003-02-14,130.68,130.85,129.53,129.8
2003-02-17,129.64,129.89,128.45,128.91
2003-02-18,129.0,129.13,126.88,127.14
2003-02-19,127.19,127.85,126.91,127.51
2003-02-20,127.59,128.25,127.49,127.94
2003-02-21,128.03,128.8,127.71,127.71
2003-02-24,127.6,127.67,126.22,127.25
2003-02-25,127.28,127.73,126.02,126.16
2003-02-26,126.2,126.69,126.03,126.18
2003-02-27,126.27,126.87,126.06,126.35
2003-02-28,126.47,127.67,126.39,127.5
2003-03-03,127.43,128.21,127.18,128.1
2003-03-04,128.1,128.67,127.96,128.29
2003-03-05,128.38,129.03,128.32,128.48
2003-03-06,128.59,129.07,128.41,128.75
2003-03-07,128.82,129.39,127.91,128.84
2003-03-10,128.92,129.26,128.53,129.17
2003-03-11,129.19,129.52,129.0,129.3
2003-03-12,129.31,129.68,128.96,129.07
2003-03-13,129.04,129.4,127.99,128.01
2003-03-14,128.05,128.2,126.88,126.99
2003-03-17,127.29,127.69,125.52,125.94
2003-03-18,125.95,126.5,125.49,126.39
2003-03-19,126.41,127.53,126.0,127.18
2003-03-20,127.25,128.05,126.7,127.72
2003-03-21,127.64,128.29,127.42,127.91
2003-03-24,128.31,128.72,128.07,128.46
2003-03-25,128.43,128.63,127.67,127.94
2003-03-26,128.02,128.45,127.61,128.23
2003-03-27,128.28,128.7,128.04,128.23
2003-03-28,128.31,129.51,128.17,129.12
2003-03-31,129.41,129.82,128.48,128.82
2003-04-01,128.88,129.13,128.54,128.73
2003-04-02,128.78,129.11,127.9,128.01
2003-04-03,128.09,128.56,127.65,128.41
2003-04-04,128.49,128.91,128.31,128.69
2003-04-07,128.51,128.77,127.48,127.96
2003-04-08,128.08,128.47,127.74,128.34
2003-04-09,128.35,129.57,128.23,129.29
2003-04-10,129.37,129.64,128.89,129.02
2003-04-11,129.11,129.8,128.89,129.5
2003-04-14,129.53,129.86,129.29,129.57
2003-04-15,129.64,130.05,129.28,129.86
2003-04-16,129.91,130.72,129.84,130.41
2003-04-17,130.47,130.77,129.96,130.08
2003-04-18,130.1,130.51,130.05,130.25
2003-04-21,130.35,131.04,130.24,130.94
2003-04-22,130.98,131.79,130.69,131.55
2003-04-23,131.51,132.18,131.38,131.93
2003-04-24,132.01,132.44,131.68,132.32
2003-04-25,132.28,133.0,132.18,132.57
2003-04-28,132.6,133.0,132.17,132.27
2003-04-29,132.35,132.82,131.51,132.63
2003-04-30,132.7,133.39,132.55,132.91
2003-05-01,132.99,133.52,132.39,133.12
2003-05-02,133.25,133.77,133.07,133.67
2003-05-05,133.68,133.98,133.28,133.84
2003-05-06,133.9,134.63,133.66,134.4
2003-05-07,134.36,134.5,131.93,132.13
2003-05-08,132.26,134.72,131.47,134.36
2003-05-09,134.52,135.32,134.25,134.78
2003-05-12,135.18,135.55,134.79,135.1
2003-05-13,135.23,135.36,133.94,134.56
2003-05-14,134.7,134.78,133.21,133.52
2003-05-15,133.58,133.63,132.29,132.54
2003-05-16,132.6,134.52,132.47,134.5
2003-05-19,134.89,136.89,134.42,136.47
2003-05-20,136.48,136.78,136.06,136.6
2003-05-21,136.65,137.45,136.41,136.72
2003-05-22,136.86,137.38,136.7,136.98
2003-05-23,137.08,138.38,136.82,138.27
2003-05-26,138.26,138.82,137.95,138.69
2003-05-27,138.67,139.21,138.32,138.47
2003-05-28,138.55,139.76,138.12,139.44
2003-05-29,139.45,140.73,139.1,140.3
2003-05-30,140.46,140.93,140.25,140.57
2003-06-02,140.15,140.28,138.26,139.47
2003-06-03,139.45,140.01,138.89,139.8
2003-06-04,139.81,140.11,138.3,138.36
2003-06-05,138.39,139.85,137.72,139.27
2003-06-06,139.36,139.95,138.78,138.81
2003-06-09,139.01,139.25,138.06,138.44
2003-06-10,138.5,138.9,137.3,137.38
2003-06-11,137.47,138.76,137.24,138.37
2003-06-12,138.45,138.85,137.91,138.44
2003-06-13,138.52,139.48,138.18,139.22
2003-06-16,139.41,140.21,139.14,139.07
2003-06-17,139.17,139.78,139.03,139.15
2003-06-18,139.21,139.47,137.57,137.73
2003-06-19,137.79,139.03,137.51,138.69
2003-06-20,138.78,139.01,136.86,137.3
2003-06-23,137.22,137.41,135.58,136.1
2003-06-24,136.07,136.47,135.28,135.62
2003-06-25,135.72,136.62,135.13,136.0
2003-06-26,136.12,136.73,135.72,136.34
2003-06-27,136.38,137.09,136.3,136.75
2003-06-30,136.84,138.01,136.64,137.82
2003-07-01,137.81,138.63,137.5,138.04
2003-07-02,138.06,138.12,136.12,136.24
2003-07-03,136.29,136.64,135.22,135.8
2003-07-04,135.89,135.97,135.23,135.55
2003-07-07,135.55,135.62,133.63,133.7
2003-07-08,133.78,134.25,133.19,133.7
2003-07-09,133.76,134.28,133.21,133.68
2003-07-10,133.78,134.1,133.07,133.79
2003-07-11,133.9,133.99,132.85,132.99
2003-07-14,132.93,133.04,132.2,132.74
2003-07-15,132.82,133.16,130.64,131.79
2003-07-16,131.85,132.7,131.52,132.43
2003-07-17,132.51,133.43,132.32,133.05
2003-07-18,133.14,133.87,132.98,133.5
2003-07-21,133.54,134.58,133.27,134.31
2003-07-22,134.42,135.49,134.32,134.88
2003-07-23,134.9,136.53,134.6,136.41
2003-07-24,136.45,136.79,136.1,136.43
2003-07-25,136.54,137.13,136.23,136.58
2003-07-28,136.56,137.48,136.47,137.18
2003-07-29,137.24,137.78,137.07,137.05
2003-07-30,137.19,137.44,136.38,136.5
2003-07-31,136.48,136.72,135.05,135.31
2003-08-01,135.39,135.57,134.26,135.37
2003-08-04,136.09,136.78,135.76,136.51
2003-08-05,136.64,137.08,135.81,136.45
2003-08-06,136.51,137.03,136.25,136.28
2003-08-07,136.32,136.48,135.2,135.39
2003-08-08,135.37,135.61,134.35,134.67
2003-08-11,134.62,134.96,133.43,134.63
2003-08-12,134.68,135.02,133.77,133.86
2003-08-13,133.93,135.01,133.57,134.83
2003-08-14,134.87,135.35,133.84,134.28
2003-08-15,134.24,134.49,133.67,134.13
2003-08-18,134.1,134.32,132.96,133.14
2003-08-19,133.18,133.22,131.64,131.88
2003-08-20,131.88,132.19,130.83,131.2
2003-08-21,131.31,131.36,128.31,128.63
2003-08-22,128.7,129.01,127.26,127.84
2003-08-25,127.85,128.29,127.44,127.43
2003-08-26,127.5,128.05,126.74,127.33
2003-08-27,127.46,128.75,127.39,127.72
2003-08-28,127.78,128.2,126.92,127.68
2003-08-29,127.73,128.54,126.77,128.31
2003-09-01,128.27,128.57,127.53,127.83
2003-09-02,127.89,127.94,125.52,125.79
2003-09-03,125.92,126.22,125.04,125.61
2003-09-04,125.67,127.83,125.33,127.73
2003-09-05,127.79,130.01,127.52,129.65
2003-09-08,129.5,129.98,129.2,129.29
2003-09-09,129.3,131.42,128.94,131.11
2003-09-10,131.14,131.43,130.33,131.27
2003-09-11,131.22,132.12,130.26,131.17
2003-09-12,131.24,132.91,130.32,132.4
2003-09-15,132.31,132.88,131.97,132.51
2003-09-16,132.52,132.65,129.54,129.82
2003-09-17,129.86,131.5,129.28,130.95
2003-09-18,130.95,131.1,129.33,129.62
2003-09-19,129.67,130.38,128.98,129.79
2003-09-22,128.71,128.98,128.01,128.65
2003-09-23,128.67,128.76,127.53,128.47
2003-09-24,128.49,128.63,127.49,128.61
2003-09-25,128.51,129.02,128.02,128.74
2003-09-26,128.85,128.97,128.04,127.98
2003-09-29,128.01,128.8,126.91,128.46
2003-09-30,128.55,130.26,128.38,129.95
2003-10-01,129.99,130.14,129.16,129.52
2003-10-02,129.68,130.57,129.32,129.35
2003-10-03,129.44,129.74,128.17,128.35
2003-10-06,128.39,130.05,128.09,129.94
2003-10-07,130.01,130.41,128.83,129.32
2003-10-08,129.35,129.86,129.02,129.37
2003-10-09,129.47,129.65,127.58,128.14
2003-10-10,128.14,128.5,127.15,128.14
2003-10-13,128.26,128.26,126.53,127.51
2003-10-14,127.55,128.59,126.7,127.7
2003-10-15,127.69,128.03,127.17,127.35
2003-10-16,127.45,127.76,127.18,127.36
2003-10-17,127.41,127.86,126.88,127.66
2003-10-20,127.99,128.84,127.32,128.35
2003-10-21,128.42,128.45,127.54,127.71
2003-10-22,127.79,128.84,127.61,128.61
2003-10-23,128.89,129.74,128.85,129.31
2003-10-24,129.14,129.92,128.65,128.53
2003-10-27,128.69,128.79,127.23,127.47
2003-10-28,127.47,127.57,126.3,126.22
2003-10-29,126.35,126.68,126.09,126.32
2003-10-30,126.36,127.12,126.01,126.42
2003-10-31,126.46,127.93,126.26,127.27
2003-11-03,127.31,128.16,126.86,127.22
2003-11-04,127.28,127.31,125.79,126.0
2003-11-05,125.98,126.38,125.35,125.64
2003-11-06,125.73,126.06,125.49,125.78
2003-11-07,125.79,126.16,125.46,126.08
2003-11-10,125.82,126.38,124.16,124.73
2003-11-11,124.8,125.41,124.41,125.05
2003-11-12,125.21,126.82,125.09,126.58
2003-11-13,126.62,127.11,126.08,126.75
2003-11-14,126.88,127.64,126.79,127.58
2003-11-17,127.63,129.39,127.6,127.93
2003-11-18,127.98,129.3,127.88,129.19
2003-11-19,129.19,130.26,128.5,129.83
2003-11-20,129.84,130.29,129.41,129.75
2003-11-21,129.81,130.15,128.95,129.53
2003-11-24,129.6,129.84,128.45,128.66
2003-11-25,128.7,129.85,128.6,128.87
2003-11-26,128.98,130.38,128.78,130.15
2003-11-27,130.15,130.35,129.83,129.86
2003-11-28,129.95,131.52,129.88,131.44
2003-12-01,131.39,132.31,130.82,130.83
2003-12-02,130.98,131.98,130.5,131.18
2003-12-03,131.22,131.64,130.63,130.91
2003-12-04,131.07,131.44,130.35,130.74
2003-12-05,130.75,131.27,130.53,130.96
2003-12-08,131.07,131.49,130.76,131.1
2003-12-09,131.23,131.7,130.75,131.14
2003-12-10,131.19,132.71,130.8,132.26
2003-12-11,132.38,132.53,131.19,131.86
2003-12-12,131.93,132.57,131.7,132.34
2003-12-15,131.57,132.6,131.24,132.38
2003-12-16,132.45,133.16,132.3,132.46
2003-12-17,132.5,133.39,132.17,133.28
2003-12-18,133.26,133.86,133.04,133.65
2003-12-19,133.77,133.93,133.23,133.33
2003-12-22,133.51,133.79,133.25,133.23
2003-12-23,133.35,133.47,133.01,132.99
2003-12-24,133.14,133.82,133.04,133.61
2003-12-25,133.69,133.74,133.37,133.44
2003-12-26,133.57,133.74,133.13,133.53
2003-12-29,133.57,133.81,133.17,133.67
2003-12-30,133.7,134.53,133.54,134.3
2003-12-31,134.37,135.27,134.17,135.1
2004-01-01,135.1,135.27,133.93,134.67
2004-01-02,134.74,135.14,134.12,134.68
2004-01-05,134.74,135.75,134.32,134.49
2004-01-06,134.56,136.08,134.5,135.18
2004-01-07,135.29,135.39,134.12,134.21
2004-01-08,134.22,135.72,133.36,135.47
2004-01-09,135.5,137.79,135.45,136.71
2004-01-12,136.92,137.23,136.21,135.93
2004-01-13,135.77,136.21,135.25,135.56
2004-01-14,135.75,135.88,134.06,134.31
2004-01-15,134.34,134.63,133.45,133.72
2004-01-16,133.81,133.98,131.65,132.05
2004-01-19,131.98,133.03,131.67,132.48
2004-01-20,132.49,135.1,132.41,134.6
2004-01-21,134.7,135.43,134.5,135.07
2004-01-22,135.07,135.61,134.51,134.81
2004-01-23,134.81,135.45,133.46,134.23
2004-01-26,134.06,134.22,132.5,132.56
2004-01-27,132.61,133.62,131.97,133.44
2004-01-28,133.53,134.21,132.08,132.33
2004-01-29,132.43,132.84,131.08,131.43
2004-01-30,131.5,132.12,130.76,131.81
2004-02-02,131.74,132.01,130.85,131.19
2004-02-03,131.24,133.07,131.07,132.17
2004-02-04,132.25,132.5,131.8,132.1
2004-02-05,132.19,133.29,132.1,132.8
2004-02-06,132.84,134.45,132.67,134.15
2004-02-09,133.45,134.95,133.32,134.04
2004-02-10,134.03,134.81,133.93,133.88
2004-02-11,133.89,135.23,133.54,135.15
2004-02-12,135.23,135.41,134.8,134.88
2004-02-13,134.94,135.85,134.24,134.35
2004-02-16,134.55,134.9,134.12,134.66
2004-02-17,134.7,136.06,134.56,135.56
2004-02-18,135.67,136.53,135.31,135.3
2004-02-19,135.36,136.3,135.25,136.15
2004-02-20,136.13,137.28,136.03,136.59
2004-02-23,136.47,136.56,135.51,136.03
2004-02-24,136.07,137.45,135.98,137.17
2004-02-25,137.26,137.63,136.04,136.21
2004-02-26,136.26,136.68,135.84,136.29
2004-02-27,136.3,136.53,134.89,136.24
2004-03-01,136.36,137.06,135.36,135.58
2004-03-02,135.71,136.18,134.28,134.54
2004-03-03,134.52,134.62,132.86,134.28
2004-03-04,134.3,135.53,133.79,135.39
2004-03-05,135.46,138.99,135.29,138.62
2004-03-08,138.82,139.06,137.69,137.88
2004-03-09,137.95,138.7,136.81,137.07
2004-03-10,137.12,137.46,135.3,135.57
2004-03-11,135.62,136.98,134.57,136.86
2004-03-12,136.89,137.16,134.82,135.4
2004-03-15,135.25,136.42,134.15,135.29
2004-03-16,135.34,135.45,133.31,133.57
2004-03-17,133.48,133.66,131.69,132.42
2004-03-18,132.49,132.76,130.8,132.18
2004-03-19,132.35,133.15,130.89,130.96
2004-03-22,131.23,132.58,131.12,131.77
2004-03-23,131.76,132.05,131.0,131.6
2004-03-24,131.65,132.2,128.65,128.76
2004-03-25,128.83,129.31,128.23,128.7
2004-03-26,128.81,129.01,127.62,128.46
2004-03-29,128.21,128.55,127.25,128.27
2004-03-30,128.33,129.81,128.13,128.51
2004-03-31,128.61,129.05,126.6,128.36
2004-04-01,128.42,128.62,127.52,128.14
2004-04-02,128.18,128.87,126.32,126.81
2004-04-05,126.59,127.14,125.8,126.03
2004-04-06,126.1,128.8,126.04,128.0
2004-04-07,128.18,128.5,127.26,128.15
2004-04-08,128.12,129.35,127.9,128.31
2004-04-09,128.44,129.14,127.94,128.53
2004-04-12,128.56,128.67,126.94,127.35
2004-04-13,127.32,127.76,126.44,127.32
2004-04-14,127.37,130.32,127.26,129.94
2004-04-15,129.95,130.23,129.18,129.5
2004-04-16,129.6,130.42,128.99,129.3
2004-04-19,129.47,130.7,129.37,130.11
2004-04-20,130.23,130.61,128.34,129.02
2004-04-21,129.02,130.03,128.56,129.38
2004-04-22,129.49,130.46,128.99,130.24
2004-04-23,130.25,131.0,128.83,129.26
2004-04-26,128.79,129.26,128.25,128.85
2004-04-27,128.89,130.81,128.42,130.6
2004-04-28,130.54,130.96,129.56,130.27
2004-04-29,130.41,131.74,130.19,131.6
2004-04-30,131.5,132.54,131.39,132.2
2004-05-03,132.43,132.55,131.33,131.44
2004-05-04,131.71,133.05,131.45,132.41
2004-05-05,132.35,132.93,131.5,132.25
2004-05-06,132.35,133.29,132.03,132.63
2004-05-07,132.6,133.83,132.45,133.39
2004-05-10,133.65,135.24,133.12,134.63
2004-05-11,134.7,134.89,134.0,134.06
2004-05-12,134.17,135.02,133.3,134.39
2004-05-13,134.48,135.86,134.33,135.35
2004-05-14,135.44,135.95,134.84,135.49
2004-05-17,135.76,137.59,135.45,137.4
2004-05-18,137.46,137.88,135.78,136.55
2004-05-19,136.62,136.68,135.12,135.67
2004-05-20,135.76,136.26,134.5,134.84
2004-05-21,134.85,135.27,134.29,134.84
2004-05-24,134.4,135.73,134.31,135.42
2004-05-25,135.58,136.36,135.17,135.26
2004-05-26,135.26,135.6,134.75,135.32
2004-05-27,135.43,136.38,135.2,136.03
2004-05-28,136.01,136.31,134.32,134.28
2004-05-31,135.07,135.18,133.01,133.43
2004-06-01,133.43,135.61,133.37,135.44
2004-06-02,135.38,136.06,134.2,134.29
2004-06-03,134.25,136.32,134.1,135.54
2004-06-04,135.57,136.76,135.2,136.44
2004-06-07,136.42,136.7,134.87,134.94
2004-06-08,135.0,135.5,134.43,134.43
2004-06-09,134.52,134.57,132.05,132.74
2004-06-10,132.87,133.13,131.54,132.2
2004-06-11,132.41,132.54,131.93,132.23
2004-06-14,132.29,134.43,131.76,133.79
2004-06-15,133.88,134.45,132.71,133.13
2004-06-16,133.15,133.26,131.98,132.09
2004-06-17,132.17,132.44,131.37,131.82
2004-06-18,132.01,132.2,131.09,132.0
2004-06-21,132.0,132.09,130.86,131.91
2004-06-22,131.94,132.38,130.92,132.25
2004-06-23,132.24,132.42,131.05,131.18
2004-06-24,131.26,131.27,130.12,130.42
2004-06-25,130.39,131.13,130.26,131.0
2004-06-28,131.0,131.83,130.7,131.5
2004-06-29,131.51,132.2,130.7,130.71
2004-06-30,130.74,133.45,130.69,132.58
2004-07-01,132.66,132.71,131.25,131.79
2004-07-02,131.81,133.85,131.7,133.39
2004-07-05,133.54,134.14,133.42,134.03
2004-07-06,134.07,134.96,133.79,134.41
2004-07-07,134.52,134.69,133.86,134.4
2004-07-08,134.39,135.05,134.06,134.91
2004-07-09,135.04,135.05,133.86,134.31
2004-07-12,134.26,134.46,133.43,134.31
2004-07-13,134.35,134.91,133.81,133.89
2004-07-14,133.93,135.36,133.66,135.14
2004-07-15,135.15,135.76,134.88,135.61
2004-07-16,135.68,135.84,134.98,135.26
2004-07-19,135.39,135.55,134.1,134.66
2004-07-20,134.67,135.43,133.67,133.88
2004-07-21,133.97,134.77,133.51,134.65
2004-07-22,134.69,134.86,134.05,134.42
2004-07-23,134.51,134.73,133.06,133.18
2004-07-26,133.37,133.76,132.82,133.55
2004-07-27,133.51,134.14,133.19,133.66
2004-07-28,133.76,134.99,133.6,134.55
2004-07-29,134.62,135.42,134.48,134.85
2004-07-30,134.87,135.1,133.64,133.85
2004-08-02,134.0,134.26,133.04,133.05
2004-08-03,133.18,133.63,132.84,133.36
2004-08-04,133.32,134.31,133.2,133.83
2004-08-05,133.88,134.89,133.7,134.77
2004-08-06,134.76,135.76,134.14,135.68
2004-08-09,135.64,135.93,135.16,135.77
2004-08-10,135.79,136.58,135.55,136.1
2004-08-11,136.16,136.41,135.12,135.42
2004-08-12,135.51,136.17,135.14,135.8
2004-08-13,135.79,137.04,135.63,136.96
2004-08-16,136.6,137.09,136.13,136.51
2004-08-17,136.54,136.7,135.46,135.81
2004-08-18,135.85,136.0,134.67,134.91
2004-08-19,134.91,135.5,134.86,135.22
2004-08-20,135.31,135.52,134.31,134.36
2004-08-23,134.46,134.61,133.22,133.31
2004-08-24,133.39,133.63,132.02,132.49
2004-08-25,132.43,133.59,132.06,133.02
2004-08-26,133.11,133.22,132.29,132.66
2004-08-27,132.75,132.87,131.55,131.52
2004-08-30,131.71,132.74,131.59,132.36
2004-08-31,132.41,133.52,132.23,132.92
2004-09-01,132.94,133.73,132.74,133.39
2004-09-02,133.46,133.6,132.76,133.25
2004-09-03,133.28,133.62,132.27,133.01
2004-09-06,133.25,133.44,132.64,132.77
2004-09-07,132.89,133.01,132.01,132.41
2004-09-08,132.42,133.3,131.76,133.25
2004-09-09,133.25,134.05,133.01,133.87
2004-09-10,133.99,135.01,133.75,134.3
2004-09-13,134.44,135.12,134.16,134.85
2004-09-14,134.91,135.12,134.1,134.26
2004-09-15,134.32,134.4,133.6,133.64
2004-09-16,133.69,133.82,133.06,133.5
2004-09-17,133.54,134.47,133.36,133.78
2004-09-20,133.82,134.08,133.14,133.77
2004-09-21,133.74,135.54,133.68,135.25
2004-09-22,135.35,135.75,135.11,135.58
2004-09-23,135.7,136.55,135.57,135.9
2004-09-24,135.95,136.5,135.55,135.97
2004-09-27,135.8,136.99,135.69,136.83
2004-09-28,136.82,137.6,136.64,137.22
2004-09-29,137.3,137.33,136.27,136.67
2004-09-30,136.71,137.42,136.41,136.73
2004-10-01,136.84,137.25,136.55,137.13
2004-10-04,137.24,137.35,136.02,136.27
2004-10-05,136.27,137.03,135.83,136.85
2004-10-06,136.89,137.06,136.35,136.7
2004-10-07,136.75,136.97,136.45,136.59
2004-10-08,136.59,136.8,135.69,135.81
2004-10-11,136.01,136.06,135.16,135.24
2004-10-12,135.1,135.68,135.14,135.22
2004-10-13,135.18,135.6,134.58,135.52
2004-10-14,135.5,136.0,135.21,135.72
2004-10-15,135.77,136.44,135.29,136.27
2004-10-18,136.28,136.94,136.19,136.51
2004-10-19,136.48,136.61,135.48,135.51
2004-10-20,135.62,136.67,135.54,136.2
2004-10-21,136.29,136.4,135.34,135.49
2004-10-22,135.61,136.1,135.48,136.02
2004-10-25,136.28,136.92,135.76,136.52
2004-10-26,136.7,137.02,135.68,136.21
2004-10-27,136.31,136.52,135.18,135.12
2004-10-28,135.32,135.63,134.79,135.45
2004-10-29,135.44,135.57,134.89,135.1
2004-11-01,135.57,136.09,135.33,135.72
2004-11-02,135.74,135.9,134.73,135.04
2004-11-03,135.14,136.26,134.67,136.18
2004-11-04,136.17,136.81,135.97,136.42
2004-11-05,136.48,137.01,135.62,136.89
2004-11-08,136.7,136.99,136.2,136.28
2004-11-09,136.32,136.73,136.16,136.32
2004-11-10,136.36,138.35,136.21,138.06
2004-11-11,138.16,138.2,137.53,137.51
2004-11-12,137.59,137.85,136.56,136.94
2004-11-15,137.04,137.16,136.05,136.26
2004-11-16,136.32,136.87,136.2,136.46
2004-11-17,136.52,136.82,135.29,135.54
2004-11-18,135.58,135.94,134.89,135.03
2004-11-19,135.1,135.26,134.04,134.23
2004-11-22,134.56,134.79,134.15,134.56
2004-11-23,134.59,135.63,134.26,135.19
2004-11-24,135.19,135.82,135.02,135.43
2004-11-25,135.55,135.95,135.06,135.83
2004-11-26,135.91,136.58,135.47,136.3
2004-11-29,136.3,136.69,136.03,136.47
2004-11-30,136.53,136.98,136.34,136.76
2004-12-01,136.76,137.12,136.6,136.79
2004-12-02,136.85,137.05,136.26,136.89
2004-12-03,136.95,137.57,136.55,137.32
2004-12-06,137.27,138.73,137.07,138.3
2004-12-07,138.34,138.44,137.59,138.08
2004-12-08,138.17,139.03,137.82,138.75
2004-12-09,138.72,139.39,138.47,139.23
2004-12-10,139.31,139.92,139.05,139.01
2004-12-13,139.11,139.61,138.89,139.52
2004-12-14,139.51,140.54,139.27,140.35
2004-12-15,140.41,140.45,139.33,139.65
2004-12-16,139.69,140.16,138.42,138.69
2004-12-17,138.79,138.92,138.29,138.58
2004-12-20,138.61,139.73,138.55,139.37
2004-12-21,139.44,139.99,138.88,139.45
2004-12-22,139.54,139.68,139.07,139.46
2004-12-23,139.54,140.06,139.19,139.91
2004-12-24,139.98,140.39,139.85,140.23
2004-12-27,140.32,140.78,140.04,140.24
2004-12-28,140.31,140.65,140.1,140.23
2004-12-29,140.29,141.61,140.11,141.16
2004-12-30,141.3,141.63,140.38,140.62
2004-12-31,140.64,140.7,138.78,138.82
2005-01-03,139.13,139.33,138.15,138.28
2005-01-04,138.38,139.03,137.85,138.79
2005-01-05,138.88,139.01,137.76,137.97
2005-01-06,138.05,138.65,137.91,138.37
2005-01-07,138.36,138.61,136.51,136.76
2005-01-10,136.92,137.08,136.23,136.31
2005-01-11,136.39,137.03,135.4,135.53
2005-01-12,135.51,136.16,135.04,135.81
2005-01-13,135.81,136.2,135.1,135.33
2005-01-14,135.39,135.51,133.32,133.68
2005-01-17,133.64,134.05,133.26,133.3
2005-01-18,133.43,134.4,133.18,133.17
2005-01-19,133.2,134.39,132.98,133.64
2005-01-20,133.7,134.32,133.07,133.97
2005-01-21,134.04,134.88,133.8,133.99
2005-01-24,134.06,134.78,133.81,133.94
2005-01-25,134.04,135.38,133.62,134.95
2005-01-26,134.98,135.11,134.2,134.84
2005-01-27,134.73,135.5,134.28,134.46
2005-01-28,134.39,135.13,133.73,134.82
2005-01-31,134.93,135.3,134.51,135.06
2005-02-01,135.11,135.57,135.01,135.27
2005-02-02,135.25,135.85,134.98,135.12
2005-02-03,135.07,135.82,134.91,135.46
2005-02-04,135.54,135.65,133.76,133.96
2005-02-07,134.22,134.57,133.59,133.69
2005-02-08,133.78,135.28,133.63,135.0
2005-02-09,135.05,135.55,134.62,135.25
2005-02-10,135.32,136.38,135.16,136.21
2005-02-11,136.28,136.39,135.8,135.96
2005-02-14,135.83,136.41,135.42,136.3
2005-02-15,136.34,136.64,135.56,135.9
2005-02-16,135.98,137.45,135.9,137.29
2005-02-17,137.35,138.11,137.2,137.88
2005-02-18,137.97,138.35,137.45,137.99
2005-02-21,137.94,138.24,137.63,137.92
2005-02-22,137.93,138.18,137.11,137.87
2005-02-23,137.93,138.88,137.85,138.48
2005-02-24,138.55,139.35,138.43,139.02
2005-02-25,139.14,139.41,138.51,139.32
2005-02-28,139.38,139.46,138.02,138.4
2005-03-01,138.39,138.48,137.44,137.64
2005-03-02,137.68,138.01,137.3,137.51
2005-03-03,137.53,138.18,137.49,137.94
2005-03-04,138.05,138.74,137.93,138.63
2005-03-07,138.72,139.03,138.34,138.9
2005-03-08,138.98,139.82,138.71,139.63
2005-03-09,139.7,139.9,138.64,139.14
2005-03-10,139.22,140.0,139.1,139.69
2005-03-11,139.7,140.06,139.38,139.89
2005-03-14,139.76,140.73,139.7,140.19
2005-03-15,140.23,140.35,138.91,139.06
2005-03-16,139.14,139.98,138.85,139.73
2005-03-17,139.77,140.07,139.46,139.83
2005-03-18,139.82,140.24,139.15,139.44
2005-03-21,139.45,139.54,138.28,138.4
2005-03-22,138.43,138.89,137.82,138.08
2005-03-23,138.12,138.24,137.35,137.69
2005-03-24,137.64,138.56,137.53,137.6
2005-03-25,137.59,137.99,137.52,137.85
2005-03-28,137.85,138.32,137.63,138.01
2005-03-29,138.16,139.11,138.08,138.88
2005-03-30,139.0,139.39,138.68,138.85
2005-03-31,138.88,139.15,138.29,138.8
2005-04-01,138.93,139.54,138.52,138.88
2005-04-04,138.7,139.42,138.62,139.15
2005-04-05,139.17,139.51,138.96,139.09
2005-04-06,139.18,139.99,138.91,139.87
2005-04-07,139.9,140.16,139.54,139.65
2005-04-08,139.63,140.13,139.06,139.95
2005-04-11,139.99,140.28,139.6,139.83
2005-04-12,139.89,140.11,139.1,139.12
2005-04-13,139.17,139.29,138.29,138.56
2005-04-14,138.67,138.95,138.35,138.54
2005-04-15,138.58,139.43,138.44,139.26
2005-04-18,139.05,140.07,138.81,139.89
2005-04-19,139.89,140.04,139.28,139.37
2005-04-20,139.45,139.92,139.26,139.79
2005-04-21,139.89,140.54,139.36,139.54
2005-04-22,139.56,139.64,138.12,138.49
2005-04-25,137.71,138.07,137.01,137.33
2005-04-26,137.41,137.84,137.17,137.76
2005-04-27,137.75,137.98,136.72,136.85
2005-04-28,136.92,137.41,136.43,136.85
2005-04-29,136.86,136.98,134.75,134.72
2005-05-02,135.16,135.67,134.84,135.13
2005-05-03,135.12,135.75,134.89,135.21
2005-05-04,135.22,135.82,134.92,135.2
2005-05-05,135.39,135.64,134.92,135.35
2005-05-06,135.39,135.89,134.38,134.78
2005-05-09,134.74,135.87,134.64,135.85
2005-05-10,135.79,136.07,135.57,135.94
2005-05-11,135.93,136.26,135.02,135.47
2005-05-12,135.52,135.89,135.26,135.34
2005-05-13,135.51,135.73,135.09,135.37
2005-05-16,135.49,135.95,134.92,134.9
2005-05-17,134.95,135.68,134.53,135.49
2005-05-18,135.51,135.94,135.2,135.62
2005-05-19,135.74,136.14,135.39,136.08
2005-05-20,136.07,136.19,135.57,135.81
2005-05-23,135.76,135.9,135.28,135.38
2005-05-24,135.35,135.64,135.01,135.25
2005-05-25,135.44,135.92,135.01,135.7
2005-05-26,135.76,136.07,134.93,135.02
2005-05-27,135.07,135.94,134.95,135.74
2005-05-30,135.29,135.51,134.51,134.66
2005-05-31,134.72,134.85,133.06,133.54
2005-06-01,133.56,133.72,132.32,132.44
2005-06-02,132.51,133.09,132.18,132.86
2005-06-03,132.88,132.93,131.64,131.64
2005-06-06,131.73,131.92,130.94,131.0
2005-06-07,131.08,131.46,130.7,130.98
2005-06-08,130.97,131.93,130.79,131.18
2005-06-09,131.25,131.7,130.9,131.3
2005-06-10,131.37,131.76,131.05,131.55
2005-06-13,131.54,132.74,131.13,132.58
2005-06-14,132.69,133.04,131.55,131.66
2005-06-15,131.66,132.51,131.44,132.29
2005-06-16,132.32,132.48,131.66,131.86
2005-06-17,131.87,133.51,131.63,133.3
2005-06-20,132.87,133.18,132.53,132.71
2005-06-21,132.82,132.96,131.45,131.71
2005-06-22,131.86,132.44,131.66,131.97
2005-06-23,132.02,132.07,130.6,131.09
2005-06-24,131.08,132.29,130.75,131.86
2005-06-27,132.07,133.2,132.0,132.85
2005-06-28,132.93,133.44,132.51,132.55
2005-06-29,132.58,133.61,132.42,133.31
2005-06-30,133.28,134.42,133.05,134.08
2005-07-01,134.14,134.34,133.35,133.57
2005-07-04,133.35,133.47,132.48,132.8
2005-07-05,132.81,133.39,132.7,133.03
2005-07-06,133.07,133.89,132.89,133.76
2005-07-07,133.92,134.4,133.35,133.84
2005-07-08,133.88,134.36,133.53,134.34
2005-07-11,134.3,135.19,134.04,134.93
2005-07-12,134.97,135.83,134.58,135.59
2005-07-13,135.63,135.89,135.1,135.22
2005-07-14,135.25,135.99,134.77,135.71
2005-07-15,135.72,136.06,134.81,135.12
2005-07-18,135.05,135.6,134.64,134.9
2005-07-19,134.95,135.86,134.72,135.62
2005-07-20,135.64,137.21,135.59,137.05
2005-07-21,137.05,137.24,133.53,134.15
2005-07-22,134.21,135.38,133.87,134.2
2005-07-25,134.2,135.25,134.11,134.28
2005-07-26,134.45,135.29,134.32,135.17
2005-07-27,135.19,135.8,134.85,135.67
2005-07-28,135.66,136.35,135.26,136.0
2005-07-29,136.03,136.62,135.63,136.45
2005-08-01,136.55,137.11,135.79,136.66
2005-08-02,136.77,136.89,135.68,135.85
2005-08-03,135.86,137.18,135.73,137.05
2005-08-04,137.03,137.9,136.64,137.73
2005-08-05,137.77,138.45,137.6,138.33
2005-08-08,138.44,138.87,137.99,138.49
2005-08-09,138.53,138.78,138.18,138.45
2005-08-10,138.45,138.59,136.54,136.98
2005-08-11,137.01,137.17,136.49,136.66
2005-08-12,136.76,136.98,135.94,136.01
2005-08-15,136.37,136.42,134.96,135.08
2005-08-16,135.12,135.51,134.52,135.33
2005-08-17,135.41,135.61,134.63,134.83
2005-08-18,134.81,135.48,134.37,134.55
2005-08-19,134.56,134.76,134.13,134.23
2005-08-22,134.32,134.52,133.5,134.15
2005-08-23,134.17,134.82,133.83,134.47
2005-08-24,134.42,135.31,134.34,135.17
2005-08-25,135.28,135.61,134.77,135.32
2005-08-26,135.33,135.7,134.8,135.18
2005-08-29,135.41,136.16,135.08,135.29
2005-08-30,135.3,136.14,135.06,135.87
2005-08-31,135.92,136.79,135.76,136.53
2005-09-01,136.5,137.41,136.41,137.2
2005-09-02,137.24,137.89,137.07,137.73
2005-09-05,137.56,137.73,136.51,136.84
2005-09-06,136.9,137.06,136.31,136.64
2005-09-07,136.67,137.43,136.26,136.6
2005-09-08,136.64,137.37,136.51,137.02
2005-09-09,137.0,137.66,136.04,136.1
2005-09-12,135.34,135.8,134.83,135.47
2005-09-13,135.56,136.32,135.38,135.76
2005-09-14,135.75,136.16,135.24,135.6
2005-09-15,135.56,135.77,134.48,135.19
2005-09-16,135.26,136.44,135.2,136.18
2005-09-19,135.66,135.8,134.99,135.36
2005-09-20,135.37,136.0,135.1,135.62
2005-09-21,135.68,136.31,135.52,135.94
2005-09-22,135.99,136.53,135.35,135.68
2005-09-23,135.73,135.82,134.85,135.4
2005-09-26,135.32,135.75,134.96,135.41
2005-09-27,135.42,136.28,135.34,136.05
2005-09-28,136.07,136.31,135.76,136.1
2005-09-29,136.13,136.41,135.69,136.09
2005-09-30,136.05,136.86,135.94,136.52
2005-10-03,136.42,136.77,135.87,136.07
2005-10-04,136.06,136.53,135.88,136.14
2005-10-05,136.21,136.52,135.83,136.36
2005-10-06,136.46,138.06,136.41,137.82
2005-10-07,137.98,138.2,137.51,137.92
2005-10-10,137.83,138.31,137.51,137.68
2005-10-11,137.69,137.83,136.97,137.27
2005-10-12,137.35,137.76,137.04,137.47
2005-10-13,137.47,137.75,136.96,137.7
2005-10-14,137.69,138.0,137.42,137.67
2005-10-17,137.87,138.51,137.63,138.13
2005-10-18,138.18,138.72,138.01,138.4
2005-10-19,138.38,138.64,137.64,138.3
2005-10-20,138.34,138.7,138.0,138.56
2005-10-21,138.63,139.18,138.3,138.42
2005-10-24,138.41,138.51,137.94,138.34
2005-10-25,138.27,139.32,138.01,139.25
2005-10-26,139.29,140.0,139.09,139.77
2005-10-27,139.8,140.24,139.58,140.12
2005-10-28,140.14,140.22,139.32,139.52
2005-10-31,139.53,139.91,139.3,139.52
2005-11-01,139.6,140.17,139.48,140.11
2005-11-02,140.24,141.07,140.12,140.97
2005-11-03,141.02,141.23,139.81,139.89
2005-11-04,139.98,140.9,139.4,139.76
2005-11-07,139.7,139.77,138.47,138.87
2005-11-08,138.91,138.98,137.76,138.09
2005-11-09,138.12,138.46,137.53,138.27
2005-11-10,138.32,138.79,138.03,138.15
2005-11-11,138.16,138.34,137.49,138.16
2005-11-14,138.26,139.41,138.2,138.83
2005-11-15,138.86,139.42,138.78,139.27
2005-11-16,139.33,139.92,138.88,139.01
2005-11-17,139.07,139.62,138.45,139.53
2005-11-18,139.61,140.26,139.05,140.14
2005-11-21,140.36,140.76,139.25,139.47
2005-11-22,139.54,140.44,139.41,140.23
2005-11-23,140.33,140.53,139.45,140.27
2005-11-24,140.33,140.45,139.88,140.18
2005-11-25,140.19,140.68,140.04,140.23
2005-11-28,140.2,140.98,139.97,140.73
2005-11-29,140.8,141.13,140.32,140.96
2005-11-30,140.97,141.39,140.51,141.21
2005-12-01,141.25,141.55,140.73,141.37
2005-12-02,141.42,141.81,140.67,141.2
2005-12-05,141.73,142.75,141.61,142.34
2005-12-06,142.46,142.84,142.32,142.35
2005-12-07,142.43,142.59,141.54,141.8
2005-12-08,141.83,142.63,141.29,142.08
2005-12-09,142.2,142.7,141.74,142.55
2005-12-12,142.25,143.67,142.19,143.03
2005-12-13,143.09,143.63,143.05,143.18
2005-12-14,143.32,143.62,140.14,140.72
2005-12-15,140.87,141.16,138.95,139.16
2005-12-16,139.2,140.0,138.17,138.97
2005-12-19,139.0,140.1,138.88,139.31
2005-12-20,139.39,139.98,138.5,138.96
2005-12-21,138.97,139.42,138.5,138.77
2005-12-22,138.87,139.26,138.24,138.44
2005-12-23,138.55,138.68,137.57,137.96
2005-12-26,137.89,138.57,137.57,137.63
2005-12-27,137.8,139.1,137.68,138.85
2005-12-28,138.91,139.97,138.8,139.48
2005-12-29,139.54,139.92,139.27,139.51
2005-12-30,139.58,139.86,138.64,139.58
2006-01-02,139.6,139.82,138.95,139.37
2006-01-03,139.44,139.88,138.87,139.54
2006-01-04,139.6,140.79,139.38,140.63
2006-01-05,140.68,140.95,139.99,140.24
2006-01-06,140.29,140.65,138.83,138.98
2006-01-09,139.13,139.2,137.64,138.11
2006-01-10,138.19,138.51,137.77,137.89
2006-01-11,137.95,138.57,137.89,138.35
2006-01-12,138.42,138.82,137.11,137.5
2006-01-13,137.54,138.76,137.51,138.57
2006-01-16,138.75,139.44,138.37,139.21
2006-01-17,139.27,140.01,139.02,139.66
2006-01-18,139.76,140.13,139.14,139.44
2006-01-19,139.59,139.75,138.76,139.56
2006-01-20,139.64,139.99,138.97,139.87
2006-01-23,139.93,141.07,139.69,140.74
2006-01-24,140.83,141.11,140.36,140.67
2006-01-25,140.8,142.09,140.71,141.66
2006-01-26,141.74,142.35,141.54,142.11
2006-01-27,142.13,142.49,141.65,141.82
2006-01-30,141.89,142.37,141.54,142.17
2006-01-31,142.18,142.69,141.59,142.48
2006-02-01,142.54,142.78,142.01,142.37
2006-02-02,142.36,143.44,142.25,143.34
2006-02-03,143.36,143.45,142.69,142.88
2006-02-06,142.97,143.14,142.15,142.4
2006-02-07,142.38,142.62,141.0,141.39
2006-02-08,141.31,141.82,140.9,141.64
2006-02-09,141.73,142.4,141.63,142.35
2006-02-10,142.33,142.59,139.96,140.24
2006-02-13,140.19,140.62,139.76,140.11
2006-02-14,140.16,140.22,139.3,139.91
2006-02-15,139.89,140.41,139.46,140.08
2006-02-16,140.15,140.31,139.82,139.86
2006-02-17,139.97,141.39,139.72,140.96
2006-02-20,140.97,141.53,140.94,141.13
2006-02-21,141.21,141.73,141.07,141.36
2006-02-22,141.42,141.65,140.65,141.13
2006-02-23,141.16,141.25,139.25,139.61
2006-02-24,139.62,139.68,138.6,138.71
2006-02-27,138.72,138.98,137.16,137.65
2006-02-28,137.69,138.43,137.48,137.97
2006-03-01,138.0,138.86,137.77,138.3
2006-03-02,138.35,139.7,138.21,139.48
2006-03-03,139.47,140.22,139.12,140.16
2006-03-06,140.23,141.41,140.11,141.26
2006-03-07,141.3,141.38,139.75,140.15
2006-03-08,140.1,140.64,139.51,140.49
2006-03-09,140.5,141.14,139.73,140.74
2006-03-10,140.77,141.88,140.51,141.67
2006-03-13,141.66,142.35,141.57,142.08
2006-03-14,142.16,142.18,140.94,141.19
2006-03-15,141.25,141.67,141.07,141.61
2006-03-16,141.61,142.5,141.56,142.28
2006-03-17,142.27,142.38,141.12,141.2
2006-03-20,141.24,141.74,140.66,141.36
2006-03-21,141.47,141.91,141.2,141.77
2006-03-22,141.82,142.01,140.98,141.23
2006-03-23,141.22,141.44,140.72,141.1
2006-03-24,141.17,141.89,140.93,141.28
2006-03-27,141.51,141.64,139.97,140.16
2006-03-28,140.26,141.75,139.7,141.55
2006-03-29,141.56,141.89,141.17,141.64
2006-03-30,141.67,142.79,141.53,142.76
2006-03-31,142.74,143.01,142.22,142.56
2006-04-03,142.7,143.1,142.4,142.84
2006-04-04,142.86,144.19,142.63,144.01
2006-04-05,144.08,144.57,143.19,144.16
2006-04-06,144.27,144.96,143.65,143.94
2006-04-07,143.99,144.02,142.67,142.98
2006-04-10,143.04,143.61,142.79,143.28
2006-04-11,143.32,144.0,143.22,143.7
2006-04-12,143.66,143.82,142.86,143.42
2006-04-13,143.42,143.64,143.05,143.61
2006-04-14,143.55,143.86,143.44,143.7
2006-04-17,143.72,144.62,143.55,144.3
2006-04-18,144.36,144.8,144.14,144.57
2006-04-19,144.64,145.45,144.22,145.13
2006-04-20,145.19,145.52,144.48,144.65
2006-04-21,144.72,145.12,143.8,143.84
2006-04-24,143.01,143.42,141.72,142.02
2006-04-25,142.09,142.87,141.47,142.74
2006-04-26,142.72,143.2,142.6,142.72
2006-04-27,142.89,143.17,142.07,143.0
2006-04-28,143.07,143.92,142.98,143.81
2006-05-01,143.44,143.66,142.38,142.66
2006-05-02,142.7,143.77,142.67,142.95
2006-05-03,143.04,143.74,142.78,143.54
2006-05-04,143.48,144.51,143.36,144.2
2006-05-05,144.18,144.8,142.95,143.21
2006-05-08,142.66,142.98,141.6,141.87
2006-05-09,141.94,142.04,141.24,141.65
2006-05-10,141.7,141.92,141.0,141.31
2006-05-11,141.28,142.17,141.15,142.0
2006-05-12,142.08,142.51,141.04,142.24
2006-05-15,141.89,142.11,141.0,141.4
2006-05-16,141.37,141.76,140.81,141.0
2006-05-17,141.09,141.57,140.12,141.3
2006-05-18,141.4,142.55,141.03,142.41
2006-05-19,142.34,142.93,142.01,142.63
2006-05-22,142.59,143.8,142.4,143.52
2006-05-23,143.42,143.8,142.62,143.45
2006-05-24,143.44,144.27,143.15,143.98
2006-05-25,144.04,144.15,142.77,143.08
2006-05-26,143.11,143.68,142.76,143.43
2006-05-29,143.4,143.73,143.01,143.36
2006-05-30,143.38,144.47,143.24,144.36
2006-05-31,144.38,144.49,143.78,144.19
2006-06-01,144.23,144.44,143.72,144.27
2006-06-02,144.28,144.8,143.95,144.31
2006-06-05,144.39,145.0,144.21,144.83
2006-06-06,144.81,145.51,144.44,145.16
2006-06-07,145.28,145.4,144.69,145.18
2006-06-08,145.19,145.73,144.27,144.48
2006-06-09,144.47,144.5,143.65,144.07
2006-06-12,144.02,144.34,143.62,143.94
2006-06-13,143.97,145.02,143.82,144.67
2006-06-14,144.66,145.2,144.36,144.93
2006-06-15,144.92,145.3,144.73,144.93
2006-06-16,145.02,145.69,144.86,145.6
2006-06-19,145.69,145.88,144.81,145.22
2006-06-20,145.24,145.32,144.18,144.5
2006-06-21,144.6,145.53,144.4,145.35
2006-06-22,145.41,146.3,145.22,146.06
2006-06-23,146.03,146.19,145.14,145.75
2006-06-26,145.79,146.43,145.51,146.3
2006-06-27,146.33,146.66,146.06,146.23
2006-06-28,146.25,146.39,145.6,146.1
2006-06-29,146.14,146.33,145.31,145.65
2006-06-30,145.77,146.5,145.57,146.31
2006-07-03,146.24,147.05,145.9,146.72
2006-07-04,146.78,147.0,146.45,146.84
2006-07-05,146.95,147.41,146.53,147.11
2006-07-06,147.2,147.44,146.57,147.09
2006-07-07,147.12,147.31,145.91,146.05
2006-07-10,146.0,146.12,144.98,145.48
2006-07-11,145.49,145.99,145.14,145.9
2006-07-12,145.93,146.81,145.76,146.64
2006-07-13,146.7,146.84,146.14,146.37
2006-07-14,146.43,147.19,146.38,146.85
2006-07-17,147.0,147.18,146.46,146.69
2006-07-18,146.7,147.01,146.22,146.62
2006-07-19,146.7,147.3,146.3,147.09
2006-07-20,147.13,147.92,146.95,147.77
2006-07-21,147.79,147.87,146.84,147.42
2006-07-24,147.57,147.73,147.15,147.39
2006-07-25,147.38,147.94,147.25,147.33
2006-07-26,147.43,147.92,146.76,147.84
2006-07-27,147.88,148.07,146.86,146.96
2006-07-28,146.99,147.16,146.07,146.29
2006-07-31,146.38,146.63,145.68,146.34
2006-08-01,146.36,147.07,145.87,146.93
2006-08-02,147.0,147.03,146.37,146.6
2006-08-03,146.63,147.45,146.18,147.18
2006-08-04,147.2,147.89,147.01,147.29
2006-08-07,147.1,148.05,147.07,147.74
2006-08-08,147.85,148.05,147.34,147.87
2006-08-09,147.94,148.51,147.61,148.26
2006-08-10,148.38,148.61,147.17,147.43
2006-08-11,147.45,148.42,147.23,147.92
2006-08-14,147.99,148.57,147.84,148.36
2006-08-15,148.41,148.61,148.01,148.36
2006-08-16,148.43,148.97,148.19,148.75
2006-08-17,148.75,148.9,148.24,148.64
2006-08-18,148.81,148.97,148.08,148.49
2006-08-21,148.48,149.76,148.44,149.32
2006-08-22,149.39,149.74,148.91,149.2
2006-08-23,149.2,149.38,148.73,148.78
2006-08-24,148.81,149.53,148.48,148.72
2006-08-25,148.77,149.83,148.54,149.52
2006-08-28,149.67,150.02,149.57,149.76
2006-08-29,149.82,150.05,148.98,149.64
2006-08-30,149.61,150.46,149.48,150.21
2006-08-31,150.29,150.79,150.01,150.23
2006-09-01,150.4,150.51,149.61,150.29
2006-09-04,150.31,150.41,149.03,149.34
2006-09-05,149.4,149.48,148.22,148.73
2006-09-06,148.7,149.5,148.59,149.44
2006-09-07,149.35,149.84,147.75,148.25
2006-09-08,148.29,148.41,147.54,148.17
2006-09-11,148.12,149.51,147.74,149.43
2006-09-12,149.39,149.83,149.15,149.53
2006-09-13,149.6,149.77,149.01,149.15
2006-09-14,149.26,149.88,149.01,149.59
2006-09-15,149.51,149.84,148.35,148.72
2006-09-18,148.38,149.95,148.31,149.74
2006-09-19,149.82,150.26,148.58,149.22
2006-09-20,149.2,149.32,148.26,148.92
2006-09-21,148.93,149.2,148.47,148.61
2006-09-22,148.72,149.37,148.59,148.93
2006-09-25,148.98,149.22,148.29,148.54
2006-09-26,148.59,148.78,147.68,148.48
2006-09-27,148.55,149.42,148.22,149.14
2006-09-28,149.15,149.81,149.04,149.5
2006-09-29,149.6,149.92,149.06,149.73
2006-10-02,149.85,150.29,149.45,149.95
2006-10-03,149.88,150.24,149.54,150.1
2006-10-04,150.15,150.5,149.45,149.73
2006-10-05,149.83,149.91,148.97,149.37
2006-10-06,149.42,150.03,149.09,149.92
2006-10-09,149.8,150.32,149.58,149.98
2006-10-10,150.02,150.27,149.77,150.02
2006-10-11,150.04,150.22,149.69,149.87
2006-10-12,149.89,150.13,149.62,149.88
2006-10-13,149.82,150.16,149.57,149.68
2006-10-16,149.64,149.8,148.95,149.13
2006-10-17,149.2,149.37,148.52,148.69
2006-10-18,148.78,149.18,148.47,148.98
2006-10-19,148.99,149.3,148.72,149.14
2006-10-20,149.17,149.87,149.05,149.74
2006-10-23,149.83,149.94,149.5,149.7
2006-10-24,149.78,150.07,149.61,149.86
2006-10-25,149.91,150.2,149.57,150.07
2006-10-26,150.06,150.51,149.91,150.21
2006-10-27,150.25,150.76,149.33,149.79
2006-10-30,149.57,149.69,149.07,149.45
2006-10-31,149.45,149.82,148.93,149.24
2006-11-01,149.28,149.57,149.01,149.29
2006-11-02,149.32,149.77,148.86,149.58
2006-11-03,149.66,150.22,149.42,150.07
2006-11-06,150.17,150.62,149.83,150.44
2006-11-07,150.51,150.6,150.15,150.29
2006-11-08,150.31,150.53,150.17,150.29
2006-11-09,150.32,151.56,150.26,151.22
2006-11-10,151.25,151.34,150.89,151.01
2006-11-13,151.01,151.49,150.78,151.24
2006-11-14,151.32,151.37,150.5,150.64
2006-11-15,150.64,151.49,150.58,151.31
2006-11-16,151.37,151.52,151.01,151.18
2006-11-17,151.28,151.38,150.78,150.86
2006-11-20,151.18,151.72,151.07,151.21
2006-11-21,151.29,151.6,151.1,151.34
2006-11-22,151.41,151.49,150.6,150.99
2006-11-23,151.05,151.15,150.31,150.47
2006-11-24,150.48,151.76,150.45,151.67
2006-11-27,152.16,152.52,151.81,152.41
2006-11-28,152.42,153.33,152.27,153.21
2006-11-29,153.25,153.47,152.5,153.02
2006-11-30,153.07,153.51,152.87,153.26
2006-12-01,153.32,154.17,153.04,153.9
2006-12-04,153.92,154.2,153.57,153.66
2006-12-05,153.74,153.93,152.58,152.95
2006-12-06,153.0,153.2,152.37,153.06
2006-12-07,153.12,153.3,152.55,153.07
2006-12-08,153.12,154.07,152.95,153.65
2006-12-11,153.37,154.95,153.18,154.82
2006-12-12,154.87,155.28,154.51,155.02
2006-12-13,155.09,155.48,154.89,155.29
2006-12-14,155.32,155.61,154.7,154.88
2006-12-15,154.91,155.71,153.78,154.54
2006-12-18,154.36,154.84,154.06,154.67
2006-12-19,154.71,155.89,154.34,155.77
2006-12-20,155.82,156.43,155.76,155.98
2006-12-21,156.01,156.46,155.52,155.87
2006-12-22,155.89,156.47,155.82,156.09
2006-12-25,156.05,156.42,155.29,155.93
2006-12-26,155.93,156.39,155.71,156.02
2006-12-27,156.04,156.29,155.39,155.75
2006-12-28,155.9,156.78,155.66,156.35
2006-12-29,156.32,157.22,156.24,157.03
2007-01-01,157.13,157.15,156.76,157.11
2007-01-02,157.05,157.94,156.91,157.73
2007-01-03,157.75,158.08,157.06,157.09
2007-01-04,157.17,157.35,155.67,155.75
2007-01-05,155.77,155.87,153.92,154.23
2007-01-08,154.35,154.67,153.65,154.6
2007-01-09,154.7,155.48,154.52,155.25
2007-01-10,155.2,155.29,154.51,154.79
2007-01-11,154.78,156.38,154.58,155.22
2007-01-12,155.36,155.89,155.1,155.34
2007-01-15,155.66,156.14,155.07,155.78
2007-01-16,155.81,156.38,155.64,155.88
2007-01-17,155.82,156.24,155.49,156.09
2007-01-18,156.1,157.41,155.94,157.1
2007-01-19,157.13,157.71,156.84,157.15
2007-01-22,157.21,157.67,157.04,157.41
2007-01-23,157.53,158.51,157.32,158.42
2007-01-24,158.45,158.64,156.42,156.99
2007-01-25,157.04,157.23,155.76,156.7
2007-01-26,156.75,157.44,156.46,156.98
2007-01-29,156.92,158.03,156.88,157.65
2007-01-30,157.76,158.18,157.39,157.65
2007-01-31,157.72,157.91,156.76,157.26
2007-02-01,157.27,157.51,156.54,157.21
2007-02-02,157.22,157.88,156.75,156.94
2007-02-05,156.98,157.05,155.42,155.57
2007-02-06,155.66,156.22,155.24,155.82
2007-02-07,155.92,157.29,155.75,157.0
2007-02-08,156.97,158.04,156.89,157.81
2007-02-09,157.86,158.39,157.51,158.19
2007-02-12,158.26,159.02,157.54,158.04
2007-02-13,158.06,158.17,157.26,157.82
2007-02-14,157.96,158.79,157.75,158.48
2007-02-15,158.55,158.66,156.64,156.63
2007-02-16,156.69,157.09,156.16,156.77
2007-02-19,157.07,157.51,156.82,157.23
2007-02-20,157.27,158.1,157.2,157.59
2007-02-21,157.7,159.06,157.3,158.85
2007-02-22,158.82,159.65,158.52,159.47
2007-02-23,159.57,159.67,159.1,159.36
2007-02-26,159.29,159.62,158.57,158.92
2007-02-27,159.01,159.29,155.73,156.15
2007-02-28,156.21,156.95,155.86,156.68
2007-03-01,156.75,157.29,154.51,155.01
2007-03-02,155.01,155.2,153.57,154.17
2007-03-05,154.06,154.24,150.85,151.4
2007-03-06,151.46,153.23,150.72,152.93
2007-03-07,153.01,153.57,152.41,152.95
2007-03-08,152.95,154.32,152.2,153.73
2007-03-09,153.76,155.2,153.64,155.02
2007-03-12,155.33,155.76,154.19,155.24
2007-03-13,155.22,155.31,153.24,153.31
2007-03-14,153.45,154.94,152.64,154.74
2007-03-15,154.8,155.87,154.68,155.51
2007-03-16,155.6,155.92,155.2,155.34
2007-03-19,155.0,156.62,154.76,156.34
2007-03-20,156.45,156.95,155.56,156.13
2007-03-21,156.2,157.51,156.04,157.27
2007-03-22,157.31,157.67,156.82,157.44
2007-03-23,157.45,157.65,156.38,156.83
2007-03-26,156.74,157.56,156.28,157.48
2007-03-27,157.44,158.05,157.15,157.34
2007-03-28,157.33,157.59,155.43,155.65
2007-03-29,155.63,157.51,155.33,157.36
2007-03-30,157.4,157.63,156.61,157.3
2007-04-02,157.18,157.64,156.92,157.5
2007-04-03,157.46,158.88,157.33,158.61
2007-04-04,158.56,159.08,158.14,158.65
2007-04-05,158.69,159.55,158.41,159.34
2007-04-06,159.45,159.77,159.23,159.53
2007-04-09,159.5,159.64,159.2,159.34
2007-04-10,159.39,160.17,159.01,159.89
2007-04-11,159.98,160.5,159.55,160.29
2007-04-12,160.3,160.89,160.15,160.65
2007-04-13,160.66,161.48,159.89,161.33
2007-04-16,161.85,162.45,161.43,161.98
2007-04-17,162.06,162.2,161.1,161.43
2007-04-18,161.37,161.68,160.39,161.42
2007-04-19,161.37,161.48,159.57,161.17
2007-04-20,161.26,161.96,161.07,161.3
2007-04-23,161.49,161.85,160.39,160.95
2007-04-24,161.08,161.86,160.2,161.67
2007-04-25,161.68,162.05,161.26,161.81
2007-04-26,161.88,162.81,161.68,162.52
2007-04-27,162.54,163.38,162.2,163.28
2007-04-30,162.6,163.3,162.41,162.99
2007-05-01,163.01,163.32,162.67,162.9
2007-05-02,163.0,163.43,162.47,163.24
2007-05-03,163.3,163.64,163.04,163.15
2007-05-04,163.14,163.5,162.76,163.3
2007-05-07,163.37,163.48,162.95,163.27
2007-05-08,163.32,163.41,161.86,162.49
2007-05-09,162.53,162.6,162.05,162.36
2007-05-10,162.43,163.05,161.51,161.69
2007-05-11,161.57,162.67,161.05,162.65
2007-05-14,162.74,163.24,162.56,162.97
2007-05-15,163.04,163.68,162.59,163.39
2007-05-16,163.45,163.94,163.05,163.28
2007-05-17,163.27,163.86,163.19,163.63
2007-05-18,163.69,163.92,162.59,163.6
2007-05-21,163.75,163.98,163.22,163.56
2007-05-22,163.58,163.68,163.23,163.41
2007-05-23,163.45,164.03,163.37,163.69
2007-05-24,163.7,163.74,162.83,162.95
2007-05-25,163.07,163.86,162.19,163.65
2007-05-28,163.75,163.86,163.57,163.62
2007-05-29,163.68,164.34,162.95,163.56
2007-05-30,163.63,163.72,162.95,163.32
2007-05-31,163.36,164.0,163.03,163.74
2007-06-01,163.76,164.24,163.54,164.13
2007-06-04,164.1,164.45,163.86,164.2
2007-06-05,164.26,164.62,163.89,164.13
2007-06-06,164.12,164.42,163.23,163.48
2007-06-07,163.5,164.02,162.3,162.43
2007-06-08,162.44,162.92,161.74,162.76
2007-06-11,162.74,162.8,162.07,162.59
2007-06-12,162.57,162.74,161.8,161.79
2007-06-13,161.86,163.41,161.49,163.23
2007-06-14,163.3,163.82,163.08,163.55
2007-06-15,163.64,165.33,163.57,165.24
2007-06-18,165.18,166.04,165.15,165.86
2007-06-19,165.88,166.14,165.28,165.6
2007-06-20,165.64,166.06,165.19,165.47
2007-06-21,165.57,165.79,165.33,165.68
2007-06-22,165.65,166.98,165.59,166.81
2007-06-25,166.68,166.93,165.93,166.49
2007-06-26,166.49,166.59,165.08,165.76
2007-06-27,165.83,165.87,164.21,165.19
2007-06-28,165.21,165.99,165.15,165.54
2007-06-29,165.67,167.02,165.46,166.74
2007-07-02,166.7,166.91,166.14,166.72
2007-07-03,166.8,167.21,166.22,166.56
2007-07-04,166.64,167.15,166.35,166.9
2007-07-05,166.97,167.33,166.76,167.15
2007-07-06,167.15,168.19,167.02,168.03
2007-07-09,168.27,168.54,167.9,168.1
2007-07-10,168.18,168.36,167.33,167.31
2007-07-11,167.17,168.44,166.5,168.17
2007-07-12,168.27,168.89,167.8,168.77
2007-07-13,168.76,168.96,167.99,168.02
2007-07-16,168.02,168.35,167.69,167.8
2007-07-17,167.88,168.74,167.69,168.5
2007-07-18,168.52,168.59,167.97,168.19
2007-07-19,168.29,168.9,168.08,168.34
2007-07-20,168.43,168.92,167.17,167.67
2007-07-23,168.28,168.33,166.99,167.17
2007-07-24,167.16,167.4,165.83,165.94
2007-07-25,166.19,166.37,164.69,165.25
2007-07-26,165.32,165.54,162.76,162.7
2007-07-27,162.85,163.98,161.49,161.69
2007-07-30,161.16,163.22,160.64,162.9
2007-07-31,163.13,163.82,161.94,161.83
2007-08-01,162.18,162.96,160.46,162.46
2007-08-02,162.56,163.54,161.56,163.26
2007-08-03,163.33,163.77,162.46,162.58
2007-08-06,162.23,164.25,161.99,163.86
2007-08-07,163.96,164.16,162.2,163.18
2007-08-08,163.26,165.45,163.14,165.07
2007-08-09,165.11,165.33,161.49,161.61
2007-08-10,161.62,162.6,159.97,162.09
2007-08-13,161.84,162.25,160.58,160.92
2007-08-14,160.86,161.01,159.07,159.08
2007-08-15,159.12,159.24,156.6,156.47
2007-08-16,156.43,156.66,150.0,153.29
2007-08-17,153.2,155.3,149.24,154.08
2007-08-20,154.07,155.98,153.34,154.8
2007-08-21,154.8,155.38,153.54,153.93
2007-08-22,153.99,156.31,153.38,156.21
2007-08-23,156.26,159.14,156.21,157.94
2007-08-24,157.65,159.3,156.61,159.28
2007-08-27,159.23,159.73,157.89,157.82
2007-08-28,158.04,158.18,155.29,155.22
2007-08-29,155.44,158.99,154.51,158.9
2007-08-30,158.89,158.97,156.79,158.08
2007-08-31,157.91,159.62,157.37,157.76
2007-09-03,157.76,158.49,157.49,157.79
2007-09-04,157.99,158.43,156.53,158.21
2007-09-05,158.24,158.7,156.7,157.18
2007-09-06,157.21,158.25,156.75,157.91
2007-09-07,158.02,158.4,155.7,156.07
2007-09-10,155.66,157.37,155.16,156.83
2007-09-11,156.91,158.25,156.31,158.05
2007-09-12,158.2,158.94,157.76,158.67
2007-09-13,158.79,160.49,158.55,159.5
2007-09-14,159.45,160.25,158.81,160.04
2007-09-17,159.84,160.19,159.0,159.45
2007-09-18,159.6,162.59,158.78,162.22
2007-09-19,162.18,162.49,161.37,161.95
2007-09-20,161.94,162.41,160.69,161.28
2007-09-21,161.32,162.86,161.1,162.7
2007-09-24,162.63,162.67,161.47,161.71
2007-09-25,161.82,162.45,160.98,162.25
2007-09-26,162.26,163.46,162.07,163.02
2007-09-27,163.24,164.0,163.01,163.57
2007-09-28,163.57,163.88,162.67,163.79
2007-10-01,163.86,165.08,163.72,164.71
2007-10-02,164.75,164.93,163.62,163.73
2007-10-03,163.76,165.32,163.57,164.41
2007-10-04,164.45,164.93,163.91,164.64
2007-10-05,164.63,165.44,164.22,165.33
2007-10-08,165.57,165.86,164.66,165.03
2007-10-09,164.98,165.45,164.13,165.21
2007-10-10,165.2,166.29,165.11,165.71
2007-10-11,165.79,167.66,165.51,166.48
2007-10-12,166.59,167.16,166.11,166.68
2007-10-15,166.65,167.75,166.27,166.85
2007-10-16,166.82,166.97,164.86,165.52
2007-10-17,165.71,166.49,164.55,165.5
2007-10-18,165.71,166.13,164.81,165.14
2007-10-19,165.18,165.3,163.65,163.78
2007-10-22,163.43,163.78,160.48,162.23
2007-10-23,162.39,164.0,162.01,163.7
2007-10-24,163.7,163.93,161.68,162.95
2007-10-25,162.91,164.01,162.41,163.55
2007-10-26,163.59,164.6,163.18,164.36
2007-10-29,164.5,165.53,164.28,165.39
2007-10-30,165.38,165.91,164.41,165.41
2007-10-31,165.51,167.32,165.34,166.98
2007-11-01,167.1,167.25,164.93,165.18
2007-11-02,165.31,167.17,165.01,166.6
2007-11-05,166.57,166.63,164.91,165.51
2007-11-06,165.69,167.0,165.45,166.88
2007-11-07,167.0,167.68,164.9,165.18
2007-11-08,165.1,166.18,163.86,165.25
2007-11-09,165.36,166.07,162.11,162.5
2007-11-12,161.91,162.37,158.77,159.1
2007-11-13,159.23,162.05,158.68,161.95
2007-11-14,161.98,164.32,161.82,163.24
2007-11-15,162.97,163.8,161.04,161.35
2007-11-16,161.26,163.31,160.44,162.51
2007-11-19,162.67,163.12,160.87,160.95
2007-11-20,161.01,163.41,160.45,162.96
2007-11-21,162.96,163.3,160.03,160.91
2007-11-22,161.2,162.29,160.82,161.21
2007-11-23,161.16,161.7,159.47,160.73
2007-11-26,160.61,161.51,159.52,159.64
2007-11-27,159.67,161.88,159.35,161.32
2007-11-28,161.57,163.63,160.21,163.33
2007-11-29,163.29,163.63,161.55,161.9
2007-11-30,161.99,163.87,161.82,162.67
2007-12-03,162.56,162.75,161.41,161.99
2007-12-04,162.05,162.35,160.89,162.0
2007-12-05,162.04,163.11,161.46,162.04
2007-12-06,162.04,163.12,161.18,162.77
2007-12-07,162.9,163.92,162.34,163.61
2007-12-10,163.42,164.61,163.18,164.33
2007-12-11,164.37,165.03,161.93,161.97
2007-12-12,162.15,165.34,161.99,164.98
2007-12-13,164.96,165.12,163.57,164.11
2007-12-14,164.15,164.7,163.24,163.47
2007-12-17,163.19,163.57,162.32,162.52
2007-12-18,162.57,163.64,162.38,163.31
2007-12-19,163.34,163.51,162.29,163.02
2007-12-20,162.99,163.18,161.71,161.89
2007-12-21,161.99,164.03,161.95,163.99
2007-12-24,163.97,164.96,163.79,164.62
2007-12-25,164.64,164.69,163.9,164.34
2007-12-26,164.39,165.76,164.05,165.62
2007-12-27,165.68,166.71,165.33,166.14
2007-12-28,166.17,166.51,164.97,165.65
2007-12-31,165.6,165.78,162.49,162.39
2008-01-01,162.82,163.07,162.35,162.87
2008-01-02,162.88,164.11,160.95,161.34
2008-01-03,161.31,161.7,159.72,161.11
2008-01-04,161.17,161.6,159.75,160.02
2008-01-07,159.97,161.01,159.88,160.39
2008-01-08,160.35,161.53,160.09,160.16
2008-01-09,160.25,161.67,160.01,161.04
2008-01-10,161.19,162.24,160.56,161.93
2008-01-11,161.94,162.32,160.6,160.93
2008-01-14,160.67,161.55,159.91,160.81
2008-01-15,160.89,161.07,158.24,158.26
2008-01-16,158.21,158.51,156.24,157.56
2008-01-17,157.66,157.86,156.31,156.42
2008-01-18,156.24,157.84,155.68,155.92
2008-01-21,155.88,156.14,152.81,153.12
2008-01-22,153.11,156.48,152.07,155.77
2008-01-23,155.78,157.16,152.73,156.08
2008-01-24,156.12,158.06,154.83,157.87
2008-01-25,158.04,159.16,156.52,156.59
2008-01-28,156.67,158.23,155.51,157.98
2008-01-29,158.01,158.55,157.12,158.23
2008-01-30,158.2,159.55,157.4,158.25
2008-01-31,158.18,158.75,156.67,158.06
2008-02-01,158.11,159.41,157.16,157.74
2008-02-04,157.73,158.72,157.64,158.15
2008-02-05,158.28,158.54,156.18,156.35
2008-02-06,156.37,156.56,155.13,155.66
2008-02-07,155.92,156.23,154.0,155.63
2008-02-08,155.63,156.2,155.05,155.71
2008-02-11,155.85,156.38,154.27,155.35
2008-02-12,155.29,157.07,154.86,156.46
2008-02-13,156.48,157.92,155.8,157.78
2008-02-14,157.78,158.51,157.32,157.94
2008-02-15,157.95,158.89,157.49,158.16
2008-02-18,158.35,158.72,158.05,158.68
2008-02-19,158.59,159.08,157.96,158.66
2008-02-20,158.64,159.3,157.72,159.03
2008-02-21,159.12,159.58,158.75,158.93
2008-02-22,159.04,159.32,158.14,159.04
2008-02-25,159.29,160.42,158.9,160.19
2008-02-26,160.26,160.76,159.6,160.65
2008-02-27,160.6,161.43,159.81,160.91
2008-02-28,160.95,161.07,159.89,160.21
2008-02-29,160.2,160.32,157.57,157.63
2008-03-03,157.39,157.75,155.92,157.03
2008-03-04,157.14,157.42,156.09,157.15
2008-03-05,157.2,159.24,156.99,158.86
2008-03-06,158.73,158.97,157.68,157.9
2008-03-07,157.85,158.43,156.62,157.7
2008-03-10,157.5,157.62,155.94,156.07
2008-03-11,156.14,158.95,155.57,158.48
2008-03-12,158.65,159.19,157.68,157.47
2008-03-13,158.03,158.19,155.49,157.1
2008-03-14,157.21,157.62,154.79,155.08
2008-03-17,155.25,155.64,151.79,153.4
2008-03-18,153.05,156.26,152.59,156.18
2008-03-19,156.12,157.05,154.02,154.23
2008-03-20,154.47,155.19,151.75,153.39
2008-03-21,153.41,154.2,152.98,153.64
2008-03-24,153.35,155.62,153.07,155.32
2008-03-25,155.37,156.79,155.12,156.47
2008-03-26,156.33,157.49,155.65,156.91
2008-03-27,157.04,158.08,155.86,157.23
2008-03-28,157.25,158.38,156.53,156.61
2008-03-31,156.53,158.2,156.02,157.45
2008-04-01,157.46,159.25,156.28,158.94
2008-04-02,159.03,160.79,158.51,160.42
2008-04-03,160.53,161.07,159.26,160.41
2008-04-04,160.38,161.17,159.6,159.7
2008-04-07,159.89,161.5,159.51,160.71
2008-04-08,160.87,161.75,160.45,160.97
2008-04-09,161.17,161.5,160.59,161.09
2008-04-10,161.1,161.26,158.77,160.25
2008-04-11,160.32,161.37,159.32,159.55
2008-04-14,159.13,160.19,158.22,160.14
2008-04-15,160.09,160.91,159.62,160.82
2008-04-16,160.79,162.53,160.41,162.3
2008-04-17,162.33,163.28,162.13,162.97
2008-04-18,163.0,164.71,162.64,163.92
2008-04-21,164.16,164.91,163.85,164.2
2008-04-22,164.28,164.99,163.25,164.6
2008-04-23,164.65,165.0,163.79,164.18
2008-04-24,164.29,164.54,162.88,163.41
2008-04-25,163.5,163.85,162.65,163.1
2008-04-28,163.08,163.91,162.83,162.98
2008-04-29,163.12,163.27,161.06,161.88
2008-04-30,162.0,163.16,161.64,162.23
2008-05-01,162.35,162.51,160.58,161.55
2008-05-02,161.55,162.71,161.43,162.51
2008-05-05,162.44,163.22,162.3,162.51
2008-05-06,162.57,162.8,161.97,162.6
2008-05-07,162.71,163.08,160.98,161.05
2008-05-08,161.23,161.32,159.02,159.78
2008-05-09,159.78,160.09,158.58,159.18
2008-05-12,159.0,161.55,158.7,161.35
2008-05-13,161.37,162.35,160.12,161.99
2008-05-14,162.04,162.96,161.7,162.54
2008-05-15,162.62,162.99,161.6,161.66
2008-05-16,161.76,162.54,161.25,162.03
2008-05-19,162.21,162.56,161.54,161.87
2008-05-20,161.86,163.04,161.43,162.17
2008-05-21,162.21,163.19,161.45,162.6
2008-05-22,162.76,163.89,162.24,163.68
2008-05-23,163.73,163.89,162.56,162.84
2008-05-26,162.9,163.33,162.7,163.0
2008-05-27,163.1,163.95,163.0,163.51
2008-05-28,163.54,164.52,163.07,163.66
2008-05-29,163.79,164.25,163.27,163.72
2008-05-30,163.76,164.31,163.03,164.07
2008-06-02,163.76,164.23,162.04,162.34
2008-06-03,162.26,163.25,161.78,162.28
2008-06-04,162.31,162.63,161.53,162.44
2008-06-05,162.45,165.28,162.24,165.12
2008-06-06,165.18,166.2,164.79,165.5
2008-06-09,165.14,167.18,164.94,166.31
2008-06-10,166.32,166.71,165.46,166.12
2008-06-11,166.08,167.0,165.63,166.16
2008-06-12,166.28,166.7,165.61,166.62
2008-06-13,166.69,166.95,165.62,166.3
2008-06-16,166.49,167.73,166.41,167.38
2008-06-17,167.44,167.87,167.02,167.33
2008-06-18,167.42,168.06,167.01,167.4
2008-06-19,167.53,167.81,166.75,167.38
2008-06-20,167.44,168.15,167.21,167.4
2008-06-23,167.49,167.83,166.83,167.34
2008-06-24,167.37,168.42,167.28,167.86
2008-06-25,167.84,169.2,167.62,168.92
2008-06-26,168.95,169.48,167.97,168.21
2008-06-27,168.29,168.61,166.99,167.61
2008-06-30,167.55,168.12,166.07,167.16
2008-07-01,167.26,167.65,166.12,167.49
2008-07-02,167.56,168.65,167.32,168.09
2008-07-03,168.18,169.15,167.34,167.5
2008-07-04,167.63,168.09,167.1,167.73
2008-07-07,167.61,168.64,167.12,168.43
2008-07-08,168.54,168.56,167.18,168.29
2008-07-09,168.43,168.93,167.96,167.98
2008-07-10,168.09,169.08,167.8,168.9
2008-07-11,169.05,169.67,168.09,169.3
2008-07-14,169.34,169.71,168.75,168.86
2008-07-15,168.89,168.96,166.39,166.52
2008-07-16,166.59,166.88,165.3,166.22
2008-07-17,166.33,169.14,166.0,168.39
2008-07-18,168.52,169.54,168.21,169.47
2008-07-21,169.4,169.95,169.07,169.44
2008-07-22,169.5,169.75,168.98,169.36
2008-07-23,169.4,170.03,169.1,169.36
2008-07-24,169.35,169.44,167.9,168.34
2008-07-25,168.3,169.54,167.48,169.42
2008-07-28,169.32,169.79,168.99,169.12
2008-07-29,169.14,169.51,168.26,168.42
2008-07-30,168.54,168.66,167.92,168.38
2008-07-31,168.42,169.23,168.07,168.17
2008-08-01,168.3,168.35,166.94,167.56
2008-08-04,167.65,168.82,167.3,168.58
2008-08-05,168.57,168.64,166.86,167.35
2008-08-06,167.39,169.35,167.27,169.0
2008-08-07,169.08,169.52,167.56,167.59
2008-08-08,167.63,167.81,165.29,165.31
2008-08-11,164.77,165.6,163.61,163.9
2008-08-12,164.07,164.43,162.96,162.97
2008-08-13,163.0,163.9,161.34,163.25
2008-08-14,163.36,163.75,162.2,162.48
2008-08-15,162.57,163.14,161.85,162.29
2008-08-18,162.27,162.67,161.65,161.78
2008-08-19,161.76,162.43,160.82,162.1
2008-08-20,162.13,162.62,161.44,161.84
2008-08-21,161.98,162.23,160.17,161.6
2008-08-22,161.55,163.18,161.43,162.74
2008-08-25,162.72,162.79,161.14,161.26
2008-08-26,161.29,161.53,159.94,160.48
2008-08-27,160.57,161.53,160.03,161.2
2008-08-28,161.23,162.03,160.7,160.85
2008-08-29,161.0,161.12,159.19,159.62
2008-09-01,159.32,159.65,157.52,157.75
2008-09-02,157.97,158.51,156.94,157.75
2008-09-03,157.7,158.07,156.21,156.88
2008-09-04,156.94,157.78,152.51,151.87
2008-09-05,152.5,153.76,150.55,153.73
2008-09-08,156.29,157.01,151.64,152.99
2008-09-09,152.86,153.53,150.64,151.24
2008-09-10,150.88,152.52,150.15,150.38
2008-09-11,150.68,150.81,147.49,150.15
2008-09-12,150.13,153.6,149.57,153.54
2008-09-15,151.49,152.95,148.53,148.97
2008-09-16,149.12,150.54,147.01,148.81
2008-09-17,148.93,151.58,147.42,148.95
2008-09-18,149.64,152.01,149.07,151.26
2008-09-19,151.32,155.58,150.76,155.37
2008-09-22,154.8,156.87,153.82,155.87
2008-09-23,155.94,156.31,154.48,154.52
2008-09-24,154.76,156.23,154.49,155.25
2008-09-25,155.19,156.36,155.07,155.55
2008-09-26,155.64,155.83,153.45,154.85
2008-09-29,154.33,155.11,150.07,150.03
2008-09-30,150.19,151.36,148.53,149.69
2008-10-01,149.64,150.63,147.51,148.18
2008-10-02,148.26,148.72,144.86,145.44
2008-10-03,145.57,146.87,143.98,144.99
2008-10-06,143.48,143.83,135.0,136.79
2008-10-07,137.1,141.12,136.63,137.69
2008-10-08,138.25,138.82,134.18,135.16
2008-10-09,135.22,139.74,135.01,135.14
2008-10-10,135.52,136.39,132.23,134.98
2008-10-13,136.85,138.88,134.2,138.66
2008-10-14,138.64,141.74,138.47,139.12
2008-10-15,139.14,139.39,134.44,134.12
2008-10-16,134.64,137.23,133.39,136.98
2008-10-17,136.88,137.44,134.8,136.28
2008-10-20,136.35,138.57,134.81,135.96
2008-10-21,136.01,136.4,130.66,130.75
2008-10-22,131.02,131.51,124.64,125.42
2008-10-23,125.54,126.86,123.12,126.92
2008-10-24,126.52,127.3,113.82,118.99
2008-10-27,117.23,119.4,113.6,115.87
2008-10-28,115.81,125.28,114.41,125.62
2008-10-29,125.17,127.35,121.41,126.17
2008-10-30,126.27,131.12,124.75,127.24
2008-10-31,127.05,127.57,122.21,125.31
2008-11-03,125.63,128.47,124.72,125.28
2008-11-04,125.27,131.01,123.41,129.85
2008-11-05,129.58,130.2,126.07,127.61
2008-11-06,127.09,127.61,123.99,124.13
2008-11-07,124.22,126.39,122.44,125.29
2008-11-10,127.12,128.45,124.21,124.71
2008-11-11,124.85,125.51,121.83,122.27
2008-11-12,122.52,123.85,118.05,118.28
2008-11-13,118.62,126.07,117.66,124.82
2008-11-14,125.27,125.75,121.36,122.9
2008-11-17,120.48,123.89,120.17,121.86
2008-11-18,122.04,123.6,120.98,122.42
2008-11-19,122.23,124.29,119.81,120.07
2008-11-20,119.89,121.21,116.8,117.14
2008-11-21,117.03,120.76,116.44,120.57
2008-11-24,120.71,125.5,119.53,125.31
2008-11-25,125.34,126.24,122.64,124.36
2008-11-26,124.6,124.73,121.94,123.16
2008-11-27,123.27,123.68,122.45,122.97
2008-11-28,123.07,123.48,120.48,121.18
2008-12-01,121.37,121.48,117.31,117.66
2008-12-02,117.44,119.47,116.54,118.58
2008-12-03,118.58,119.32,116.79,118.68
2008-12-04,118.64,119.3,116.35,117.8
2008-12-05,118.0,118.77,115.88,118.26
2008-12-08,118.12,121.01,117.89,120.11
2008-12-09,120.29,120.4,118.39,118.88
2008-12-10,119.14,121.49,118.94,120.57
2008-12-11,120.68,122.78,120.26,122.4
2008-12-12,122.21,122.58,117.78,121.8
2008-12-15,122.2,124.63,121.63,124.33
2008-12-16,124.22,125.53,122.54,125.4
2008-12-17,125.25,126.8,124.21,125.77
2008-12-18,125.76,131.04,125.64,127.18
2008-12-19,127.24,128.26,123.7,124.22
2008-12-22,124.15,126.68,124.0,125.69
2008-12-23,125.68,127.04,125.6,126.91
2008-12-24,126.77,126.95,125.97,126.66
2008-12-25,126.68,127.62,126.29,126.65
2008-12-26,126.74,127.76,126.55,127.45
2008-12-29,127.53,129.83,126.39,126.55
2008-12-30,126.5,128.17,126.2,127.0
2008-12-31,127.03,127.8,125.35,126.66
2009-01-01,126.71,128.0,125.07,126.93
2009-01-02,126.96,128.0,126.03,127.95
2009-01-05,127.98,128.57,126.37,126.97
2009-01-06,126.97,127.42,125.16,126.63
2009-01-07,126.82,127.67,125.65,126.2
2009-01-08,126.44,126.63,124.1,124.98
2009-01-09,125.07,125.4,121.16,121.29
2009-01-12,121.42,121.57,118.62,119.19
2009-01-13,119.22,119.59,117.12,117.62
2009-01-14,117.74,119.76,116.54,117.28
2009-01-15,117.28,118.66,116.22,118.09
2009-01-16,118.01,120.74,117.76,120.64
2009-01-19,121.31,122.18,118.49,118.85
2009-01-20,118.77,118.9,115.5,115.83
2009-01-21,115.73,117.23,112.09,116.65
2009-01-22,116.56,116.91,113.97,115.3
2009-01-23,115.44,116.06,112.48,115.31
2009-01-26,115.23,117.99,113.73,117.18
2009-01-27,117.34,119.5,116.12,117.13
2009-01-28,117.25,119.71,116.95,118.76
2009-01-29,118.69,119.33,115.97,116.54
2009-01-30,116.55,116.71,114.58,115.0
2009-02-02,114.99,116.0,113.13,114.96
2009-02-03,115.05,116.63,114.39,116.42
2009-02-04,116.44,117.05,114.19,114.8
2009-02-05,114.97,118.91,114.37,116.47
2009-02-06,116.74,119.74,115.7,118.98
2009-02-09,118.98,120.04,117.05,118.98
2009-02-10,118.98,119.65,115.75,116.43
2009-02-11,116.59,117.32,115.91,116.62
2009-02-12,116.61,117.02,114.88,116.84
2009-02-13,116.93,118.82,116.55,118.3
2009-02-16,117.33,117.77,116.53,117.21
2009-02-17,117.3,117.51,115.62,116.25
2009-02-18,116.32,118.06,115.94,117.61
2009-02-19,117.64,120.35,117.27,119.43
2009-02-20,119.39,120.02,117.88,119.63
2009-02-23,119.61,121.95,119.07,120.11
2009-02-24,120.07,124.78,119.38,124.2
2009-02-25,124.28,125.22,123.07,123.99
2009-02-26,123.94,126.12,123.8,125.27
2009-02-27,125.41,125.6,122.08,123.55
2009-03-02,123.3,123.57,121.94,122.25
2009-03-03,122.6,124.26,121.74,123.48
2009-03-04,123.5,125.67,122.37,125.21
2009-03-05,125.27,125.79,122.71,123.06
2009-03-06,123.0,124.99,122.37,124.34
2009-03-09,124.56,125.51,123.95,124.54
2009-03-10,124.59,126.08,124.32,125.03
2009-03-11,125.17,125.74,123.98,124.7
2009-03-12,124.91,126.43,122.1,126.23
2009-03-13,126.14,127.67,125.42,126.57
2009-03-16,126.41,128.76,125.54,127.32
2009-03-17,127.38,128.56,127.21,128.32
2009-03-18,128.33,129.89,127.92,129.68
2009-03-19,129.71,130.34,128.14,129.17
2009-03-20,129.14,130.54,129.01,130.23
2009-03-23,130.37,132.57,130.17,132.22
2009-03-24,132.18,134.53,131.43,131.62
2009-03-25,131.86,132.92,130.75,132.54
2009-03-26,132.61,133.95,132.32,133.52
2009-03-27,133.54,133.89,129.32,130.16
2009-03-30,129.72,130.59,126.41,128.47
2009-03-31,128.43,131.89,128.22,130.86
2009-04-01,131.03,131.93,129.86,130.46
2009-04-02,130.51,134.29,130.28,134.02
2009-04-03,134.03,135.34,133.17,135.2
2009-04-06,135.37,137.47,134.41,135.38
2009-04-07,135.42,135.55,132.18,133.33
2009-04-08,133.31,133.82,130.95,132.22
2009-04-09,132.43,133.56,131.88,132.12
2009-04-10,132.25,132.35,131.53,132.15
2009-04-13,132.42,134.04,131.63,133.65
2009-04-14,133.82,134.35,130.94,130.92
2009-04-15,131.13,131.82,129.91,131.36
2009-04-16,131.36,132.02,129.35,130.91
2009-04-17,130.92,131.47,128.82,129.25
2009-04-20,129.51,129.6,126.16,126.52
2009-04-21,126.56,128.12,126.09,127.69
2009-04-22,127.76,128.16,126.2,127.35
2009-04-23,127.42,129.04,126.78,128.94
2009-04-24,128.82,129.29,127.24,128.74
2009-04-27,128.25,128.33,125.66,125.71
2009-04-28,126.03,126.92,124.38,126.65
2009-04-29,126.75,130.09,126.57,129.34
2009-04-30,129.51,131.27,128.93,130.32
2009-05-01,130.42,132.39,130.28,131.41
2009-05-04,131.82,132.91,131.31,132.39
2009-05-05,132.56,132.84,131.51,131.69
2009-05-06,131.72,132.45,129.84,131.05
2009-05-07,131.06,133.62,130.7,132.88
2009-05-08,132.82,134.49,132.16,134.48
2009-05-11,134.69,134.83,132.04,132.38
2009-05-12,132.29,133.64,130.74,131.53
2009-05-13,131.57,132.42,129.34,129.72
2009-05-14,129.68,131.0,128.86,130.81
2009-05-15,130.74,131.18,127.95,128.43
2009-05-18,127.98,130.68,126.98,130.45
2009-05-19,130.51,131.87,130.14,130.81
2009-05-20,130.83,131.74,129.72,130.6
2009-05-21,130.63,131.54,129.82,131.17
2009-05-22,131.17,133.02,130.71,132.59
2009-05-25,132.88,133.44,132.06,132.87
2009-05-26,132.91,133.32,131.45,132.87
2009-05-27,132.83,133.53,131.73,131.8
2009-05-28,131.82,135.36,131.71,135.11
2009-05-29,135.09,135.73,134.23,134.84
2009-06-01,134.62,137.27,133.88,136.71
2009-06-02,136.69,137.48,135.75,136.87
2009-06-03,136.94,138.02,135.28,135.72
2009-06-04,135.8,137.44,135.57,136.88
2009-06-05,136.98,139.24,136.24,137.82
2009-06-08,137.62,138.03,135.95,136.83
2009-06-09,136.85,137.35,135.65,136.99
2009-06-10,137.01,138.37,136.65,137.14
2009-06-11,137.22,138.06,136.55,137.6
2009-06-12,137.69,138.31,136.88,137.97
2009-06-15,137.7,137.81,134.43,134.86
2009-06-16,134.98,135.39,132.71,133.33
2009-06-17,133.38,134.65,132.32,133.4
2009-06-18,133.45,135.02,133.01,134.25
2009-06-19,134.26,135.18,134.05,134.19
2009-06-22,134.22,134.32,132.47,132.94
2009-06-23,132.95,134.42,131.41,133.99
2009-06-24,134.06,134.99,132.95,133.26
2009-06-25,133.3,134.85,133.25,134.14
2009-06-26,134.31,134.96,133.69,133.79
2009-06-29,133.87,135.53,133.35,135.27
2009-06-30,135.34,135.96,134.36,135.15
2009-07-01,135.22,136.92,135.03,136.64
2009-07-02,136.72,136.8,133.84,133.71
2009-07-03,134.07,134.84,133.56,134.07
2009-07-06,134.14,134.18,131.71,133.27
2009-07-07,133.32,133.93,131.8,131.97
2009-07-08,132.02,132.09,127.01,128.88
2009-07-09,128.81,130.9,128.06,130.33
2009-07-10,130.37,130.64,127.79,128.88
2009-07-13,128.88,130.24,128.0,129.93
2009-07-14,130.0,130.97,129.32,130.72
2009-07-15,130.7,133.43,130.44,132.97
2009-07-16,132.95,133.23,131.55,132.76
2009-07-17,132.76,133.5,131.7,132.74
2009-07-20,133.0,134.79,132.83,133.99
2009-07-21,134.08,134.54,132.35,133.27
2009-07-22,133.27,133.62,132.06,132.91
2009-07-23,133.1,135.65,132.82,134.36
2009-07-24,134.41,135.23,133.84,134.59
2009-07-27,134.89,136.12,134.24,135.55
2009-07-28,135.54,136.02,132.87,133.98
2009-07-29,133.89,134.42,132.76,133.42
2009-07-30,133.46,134.93,133.19,134.41
2009-07-31,134.46,135.6,134.26,134.86
2009-08-03,135.21,137.61,134.57,137.37
2009-08-04,137.3,137.73,135.96,137.13
2009-08-05,137.2,137.64,136.19,136.74
2009-08-06,136.82,137.99,136.56,136.88
2009-08-07,136.89,138.74,136.51,138.37
2009-08-10,138.49,138.65,136.91,137.22
2009-08-11,137.39,137.43,135.23,135.7
2009-08-12,135.81,137.28,134.06,136.35
2009-08-13,136.39,137.89,135.52,136.34
2009-08-14,136.31,136.48,134.16,134.79
2009-08-17,134.47,134.56,132.49,132.93
2009-08-18,133.04,134.82,132.79,133.79
2009-08-19,133.85,134.53,132.16,133.9
2009-08-20,133.86,134.64,133.4,134.19
2009-08-21,134.23,135.51,132.88,135.14
2009-08-24,135.33,136.11,134.98,135.12
2009-08-25,135.18,135.91,133.95,134.62
2009-08-26,134.69,135.16,133.89,134.29
2009-08-27,134.32,134.45,132.91,134.09
2009-08-28,134.1,135.05,133.68,133.75
2009-08-31,133.61,133.88,132.14,133.26
2009-09-01,133.33,134.18,131.84,132.01
2009-09-02,132.16,132.55,131.01,131.5
2009-09-03,131.57,132.59,131.14,132.0
2009-09-04,132.07,133.26,131.71,132.88
2009-09-07,133.04,133.91,132.91,133.32
2009-09-08,133.39,133.91,132.77,133.7
2009-09-09,133.75,134.45,133.59,134.05
2009-09-10,134.05,134.4,133.26,133.75
2009-09-11,133.79,133.85,131.54,132.11
2009-09-14,131.93,133.09,131.3,132.96
2009-09-15,132.96,133.78,132.77,133.45
2009-09-16,133.47,134.06,132.45,133.69
2009-09-17,133.72,134.85,133.4,134.18
2009-09-18,134.24,134.65,133.67,134.25
2009-09-21,134.35,135.53,134.15,135.0
2009-09-22,135.0,135.39,134.56,134.78
2009-09-23,134.8,135.4,134.11,134.41
2009-09-24,134.55,134.7,133.35,133.8
2009-09-25,133.84,133.92,131.51,131.63
2009-09-28,131.71,131.83,129.8,131.03
2009-09-29,131.06,131.81,130.67,131.35
2009-09-30,131.45,132.06,130.57,131.36
2009-10-01,131.33,131.82,130.1,130.22
2009-10-02,130.28,131.28,129.03,130.83
2009-10-05,130.53,131.7,130.45,131.16
2009-10-06,131.14,131.6,130.51,130.66
2009-10-07,130.72,131.14,129.55,130.07
2009-10-08,130.14,131.01,129.97,130.76
2009-10-09,130.75,132.35,130.67,132.2
2009-10-12,131.97,133.35,131.93,132.67
2009-10-13,132.71,133.56,132.52,133.26
2009-10-14,133.28,133.8,132.25,133.44
2009-10-15,133.49,135.45,133.31,135.31
2009-10-16,135.36,136.1,134.95,135.44
2009-10-19,135.59,135.94,134.73,135.55
2009-10-20,135.63,135.9,134.85,135.46
2009-10-21,135.56,137.01,135.18,136.56
2009-10-22,136.54,137.46,136.26,137.28
2009-10-23,137.21,138.41,137.16,138.06
2009-10-26,138.18,138.52,136.8,137.04
2009-10-27,137.1,137.41,135.64,135.91
2009-10-28,135.91,136.01,133.26,133.29
2009-10-29,133.42,136.02,132.77,135.62
2009-10-30,135.58,135.94,132.29,132.55
2009-11-02,131.95,134.57,130.98,133.38
2009-11-03,133.39,134.0,131.7,132.9
2009-11-04,132.98,135.79,132.48,134.89
2009-11-05,134.82,135.2,133.35,135.02
2009-11-06,134.95,135.16,133.18,133.47
2009-11-09,133.96,135.12,133.36,134.95
2009-11-10,134.93,135.42,134.12,134.58
2009-11-11,134.6,135.38,133.79,134.54
2009-11-12,134.57,135.06,133.91,134.13
2009-11-13,134.18,134.49,132.84,133.76
2009-11-16,133.65,134.38,133.17,133.42
2009-11-17,133.39,133.64,132.42,132.84
2009-11-18,132.78,134.02,132.58,133.68
2009-11-19,133.69,133.81,131.73,132.81
2009-11-20,132.82,133.01,131.75,132.12
2009-11-23,132.02,133.65,131.79,133.12
2009-11-24,133.17,133.29,131.99,132.46
2009-11-25,132.48,132.72,131.47,132.19
2009-11-26,132.23,132.34,129.51,129.76
2009-11-27,130.07,130.2,126.88,129.34
2009-11-30,130.41,130.87,128.94,129.59
2009-12-01,129.66,131.31,129.3,130.69
2009-12-02,130.82,132.03,130.63,131.53
2009-12-03,131.49,133.64,131.38,132.92
2009-12-04,132.93,134.58,132.47,134.27
2009-12-07,134.14,134.39,132.34,132.6
2009-12-08,132.65,132.75,129.64,129.91
2009-12-09,129.94,130.5,128.78,129.39
2009-12-10,129.43,130.41,129.03,129.92
2009-12-11,129.99,131.64,129.87,130.2
2009-12-14,130.15,130.66,129.14,129.82
2009-12-15,129.82,130.78,129.51,130.23
2009-12-16,130.33,130.81,129.94,130.5
2009-12-17,130.48,130.7,128.8,128.94
2009-12-18,129.0,130.04,127.45,129.52
2009-12-21,129.2,130.42,129.06,130.21
2009-12-22,130.21,131.12,129.93,130.79
2009-12-23,130.86,131.54,130.51,131.33
2009-12-24,131.34,131.91,130.87,131.58
2009-12-25,131.61,131.81,131.25,131.26
2009-12-28,131.56,131.97,131.33,131.74
2009-12-29,131.75,132.66,131.62,132.08
2009-12-30,132.09,132.87,131.78,132.52
2009-12-31,132.56,133.65,132.43,133.08
2010-01-01,133.23,133.37,133.09,133.2
2010-01-04,133.31,133.83,132.35,133.39
2010-01-05,133.36,133.5,131.44,131.71
2010-01-06,131.73,133.54,131.24,133.05
2010-01-07,133.08,133.7,132.37,133.54
2010-01-08,133.53,134.17,132.41,133.49
2010-01-11,133.49,134.42,133.39,133.58
2010-01-12,133.71,133.82,131.6,131.8
2010-01-13,131.8,133.24,131.5,132.6
2010-01-14,132.68,133.67,131.69,132.21
2010-01-15,132.17,132.43,130.28,130.58
2010-01-18,130.29,130.99,130.07,130.55
2010-01-19,130.53,130.76,129.6,130.24
2010-01-20,130.3,130.39,128.39,128.64
2010-01-21,128.66,129.55,127.02,127.4
2010-01-22,127.44,128.22,126.55,127.06
2010-01-25,127.9,128.17,127.05,127.67
2010-01-26,127.72,128.4,125.66,126.15
2010-01-27,126.2,126.45,125.21,126.19
2010-01-28,126.18,127.1,125.08,125.5
2010-01-29,125.56,126.73,124.78,125.13
2010-02-01,124.63,126.54,124.48,126.22
2010-02-02,126.25,126.72,125.79,126.14
2010-02-03,126.2,127.0,125.95,126.44
2010-02-04,126.42,126.5,121.58,122.18
2010-02-05,122.21,123.34,120.68,122.05
2010-02-08,122.44,122.81,121.54,121.92
2010-02-09,121.95,124.2,121.63,123.57
2010-02-10,123.57,124.31,122.67,123.48
2010-02-11,123.5,124.19,122.04,122.75
2010-02-12,122.83,123.12,121.36,122.58
2010-02-15,122.64,122.91,122.22,122.35
2010-02-16,122.39,124.51,122.29,124.04
2010-02-17,124.13,124.89,123.39,124.24
2010-02-18,124.13,124.49,122.73,124.19
2010-02-19,124.2,124.83,123.53,124.71
2010-02-22,124.75,125.28,123.61,123.89
2010-02-23,123.9,124.59,121.57,121.86
2010-02-24,121.83,122.65,121.59,122.03
2010-02-25,122.02,122.33,119.63,120.72
2010-02-26,120.77,121.69,120.49,121.06
2010-03-01,121.2,121.95,120.05,120.8
2010-03-02,120.82,121.35,119.75,120.73
2010-03-03,120.84,121.78,65.06,121.15
2010-03-04,121.13,121.84,120.3,120.95
2010-03-05,121.08,123.35,120.86,122.98
2010-03-08,123.28,123.94,122.81,122.98
2010-03-09,123.09,123.18,121.44,122.33
2010-03-10,122.36,124.06,121.86,123.57
2010-03-11,123.61,123.95,123.0,123.8
2010-03-12,123.84,125.24,123.67,124.46
2010-03-15,125.07,125.1,123.28,123.76
2010-03-16,123.76,124.63,123.21,124.34
2010-03-17,124.29,125.12,123.9,123.99
2010-03-18,124.07,124.31,122.64,122.9
2010-03-19,122.97,123.37,122.23,122.5
2010-03-22,122.53,122.66,121.05,122.13
2010-03-23,122.23,122.63,121.73,122.07
2010-03-24,122.04,123.09,121.4,122.79
2010-03-25,122.86,123.98,122.25,123.06
2010-03-26,123.07,124.22,122.95,123.98
2010-03-29,124.59,125.12,124.07,124.59
2010-03-30,124.69,125.47,124.15,124.52
2010-03-31,124.5,126.59,124.41,126.27
2010-04-01,126.26,127.59,125.94,127.47
2010-04-02,127.5,127.94,126.85,127.7
2010-04-05,127.81,127.89,126.92,127.17
2010-04-06,127.26,127.39,125.35,125.61
2010-04-07,125.65,126.18,124.45,124.51
2010-04-08,124.48,124.87,123.42,124.76
2010-04-09,124.78,125.85,124.67,125.72
2010-04-12,127.0,127.47,126.57,126.63
2010-04-13,126.7,127.13,125.68,126.87
2010-04-14,126.93,127.72,126.78,127.26
2010-04-15,127.3,127.7,125.81,126.31
2010-04-16,126.32,126.46,123.85,124.37
2010-04-19,123.84,124.7,123.14,124.63
2010-04-20,124.71,125.64,124.45,125.29
2010-04-21,125.27,125.56,124.26,124.66
2010-04-22,124.76,125.19,123.29,124.21
2010-04-23,124.21,126.09,123.39,125.68
2010-04-26,125.51,126.32,125.02,125.84
2010-04-27,125.81,126.0,122.55,122.57
2010-04-28,122.67,124.97,122.38,124.23
2010-04-29,124.31,124.96,123.73,124.29
2010-04-30,124.52,126.02,124.35,124.72
2010-05-03,125.34,125.46,123.97,124.69
2010-05-04,124.76,125.49,122.61,122.81
2010-05-05,122.82,123.42,119.93,120.27
2010-05-06,120.31,120.74,110.57,114.57
2010-05-07,114.52,118.62,113.62,116.82
2010-05-10,119.48,122.32,118.09,119.22
2010-05-11,119.32,119.44,116.88,117.27
2010-05-12,117.27,118.45,116.56,117.59
2010-05-13,117.68,118.73,116.02,116.1
2010-05-14,116.14,117.04,113.49,114.28
2010-05-17,113.94,114.93,112.46,114.72
2010-05-18,114.8,115.52,112.09,112.23
2010-05-19,112.36,113.98,110.85,113.87
2010-05-20,113.96,114.13,109.49,111.64
2010-05-21,111.53,114.43,111.01,113.13
2010-05-24,113.21,113.35,111.21,111.31
2010-05-25,111.58,111.74,108.82,111.64
2010-05-26,111.59,111.92,109.34,109.3
2010-05-27,109.35,112.8,109.19,112.62
2010-05-28,112.5,113.71,111.35,111.69
2010-05-31,111.7,112.94,111.57,112.26
2010-06-01,112.29,112.85,109.75,111.26
2010-06-02,111.14,113.1,111.0,112.88
2010-06-03,112.92,114.2,112.11,112.63
2010-06-04,112.7,113.41,109.39,110.04
2010-06-07,109.57,110.32,108.07,108.8
2010-06-08,108.96,110.07,108.33,109.56
2010-06-09,109.57,110.6,108.85,109.39
2010-06-10,109.33,110.89,108.95,110.61
2010-06-11,110.7,111.41,110.28,110.98
2010-06-14,111.37,112.91,111.09,111.83
2010-06-15,111.9,113.09,110.85,112.64
2010-06-16,112.81,113.37,111.71,112.51
2010-06-17,112.48,113.23,111.63,112.62
2010-06-18,112.65,112.85,111.91,112.29
2010-06-21,112.41,113.43,111.84,111.97
2010-06-22,112.19,112.5,110.84,111.06
2010-06-23,111.06,111.41,109.89,110.64
2010-06-24,110.68,110.93,110.03,110.43
2010-06-25,110.38,110.93,109.55,110.39
2010-06-28,110.5,110.84,109.58,109.69
2010-06-29,109.68,109.9,107.3,107.86
2010-06-30,107.82,109.15,107.67,108.15
2010-07-01,108.09,109.84,107.49,109.63
2010-07-02,109.77,110.78,109.55,110.2
2010-07-05,110.12,110.46,109.69,110.02
2010-07-06,110.02,110.89,109.12,110.51
2010-07-07,110.53,110.99,109.28,110.77
2010-07-08,110.83,112.56,110.72,112.19
2010-07-09,112.22,112.71,111.51,111.91
2010-07-12,112.04,112.43,111.1,111.59
2010-07-13,111.57,112.97,110.66,112.8
2010-07-14,112.84,113.33,112.02,112.67
2010-07-15,112.63,113.48,111.79,113.14
2010-07-16,113.02,113.4,111.53,111.96
2010-07-19,111.6,113.09,111.41,112.22
2010-07-20,112.31,113.37,111.44,112.7
2010-07-21,112.66,112.88,110.76,111.05
2010-07-22,110.82,112.78,109.99,112.04
2010-07-23,112.14,113.05,111.58,112.83
2010-07-26,112.86,113.49,112.19,112.89
2010-07-27,112.9,114.48,112.77,114.17
2010-07-28,114.25,114.78,113.2,113.54
2010-07-29,113.42,114.25,113.16,113.47
2010-07-30,113.63,113.74,112.01,112.77
2010-08-02,112.8,114.23,112.7,114.01
2010-08-03,113.92,114.19,113.09,113.45
2010-08-04,113.57,113.77,112.69,113.55
2010-08-05,113.5,113.99,112.74,113.15
2010-08-06,113.17,113.8,112.56,113.55
2010-08-09,113.51,114.04,113.28,113.66
2010-08-10,113.67,113.82,112.27,112.53
2010-08-11,112.56,112.7,109.3,109.35
2010-08-12,109.5,110.94,109.2,110.26
2010-08-13,110.15,111.16,109.54,109.9
2010-08-16,110.0,110.35,109.15,109.46
2010-08-17,109.41,110.54,109.07,110.15
2010-08-18,110.15,110.41,109.57,109.82
2010-08-19,109.72,110.21,109.19,109.4
2010-08-20,109.29,109.64,108.22,108.77
2010-08-23,108.69,108.96,107.65,107.66
2010-08-24,107.63,107.91,105.4,106.03
2010-08-25,106.24,107.67,106.21,107.05
2010-08-26,107.07,108.05,107.05,107.44
2010-08-27,107.4,108.97,106.98,108.72
2010-08-30,108.91,109.64,107.0,107.13
2010-08-31,107.15,107.79,106.17,106.79
2010-09-01,106.76,108.64,106.57,108.15
2010-09-02,108.07,108.34,107.43,108.1
2010-09-03,108.11,109.61,107.9,108.68
2010-09-06,108.72,108.98,108.26,108.36
2010-09-07,108.34,108.4,106.24,106.26
2010-09-08,106.28,107.15,105.77,106.67
2010-09-09,106.67,106.99,105.94,106.38
2010-09-10,106.42,107.43,106.23,106.69
2010-09-13,106.96,108.0,106.97,107.76
2010-09-14,107.78,108.29,106.75,107.91
2010-09-15,107.86,111.71,107.72,111.47
2010-09-16,111.56,112.43,110.64,112.11
2010-09-17,112.17,113.02,111.57,111.98
2010-09-20,111.89,112.39,111.66,111.93
2010-09-21,111.92,112.96,111.46,112.77
2010-09-22,112.83,113.6,112.54,113.26
2010-09-23,113.2,113.46,112.16,112.27
2010-09-24,112.33,113.81,112.31,113.54
2010-09-27,113.65,113.79,113.05,113.36
2010-09-28,113.26,114.04,112.66,113.89
2010-09-29,113.84,114.21,113.49,114.04
2010-09-30,114.05,114.26,112.96,113.75
2010-10-01,113.79,114.89,113.75,114.71
2010-10-04,114.78,115.31,113.73,114.01
2010-10-05,114.06,115.39,113.86,115.09
2010-10-06,115.09,115.68,114.65,115.54
2010-10-07,115.46,115.7,114.22,114.65
2010-10-08,114.55,114.98,113.62,114.17
2010-10-11,114.38,114.78,113.82,113.88
2010-10-12,113.87,114.18,112.82,113.84
2010-10-13,113.79,114.73,113.79,114.17
2010-10-14,114.14,114.82,113.96,114.67
2010-10-15,114.59,114.74,113.53,113.81
2010-10-18,113.75,113.85,112.38,113.24
2010-10-19,113.31,113.71,111.79,112.0
2010-10-20,112.05,113.43,111.54,113.3
2010-10-21,113.26,113.96,112.79,113.2
2010-10-22,113.19,113.6,112.59,113.48
2010-10-25,113.62,113.82,112.53,112.81
2010-10-26,112.8,113.31,112.41,112.8
2010-10-27,112.78,113.24,112.21,112.47
2010-10-28,112.53,113.02,112.18,112.85
2010-10-29,112.8,113.01,111.5,112.12
2010-11-01,112.1,113.64,111.76,111.81
2010-11-02,111.81,113.52,111.8,113.16
2010-11-03,113.19,115.47,112.8,114.55
2010-11-04,114.71,115.45,114.01,114.61
2010-11-05,114.75,115.07,113.82,114.0
2010-11-08,114.15,114.33,112.62,112.97
2010-11-09,112.97,113.12,111.71,112.67
2010-11-10,112.53,113.82,112.21,113.41
2010-11-11,113.38,113.58,112.5,112.69
2010-11-12,112.71,113.43,111.04,112.95
2010-11-15,113.01,113.66,112.58,112.95
2010-11-16,112.97,113.48,112.25,112.32
2010-11-17,112.32,112.82,112.3,112.52
2010-11-18,112.51,114.13,112.47,113.92
2010-11-19,113.95,114.35,113.51,114.19
2010-11-22,114.48,115.0,113.23,113.46
2010-11-23,113.44,113.72,110.73,111.19
2010-11-24,111.13,111.82,110.29,111.37
2010-11-25,111.36,111.96,110.99,111.66
2010-11-26,111.62,111.85,110.53,111.34
2010-11-29,111.62,111.77,110.22,110.49
2010-11-30,110.57,110.72,108.32,108.59
2010-12-01,108.61,110.8,108.4,110.62
2010-12-02,110.59,111.24,109.95,110.93
2010-12-03,110.86,111.26,109.85,110.8
2010-12-06,110.55,111.13,109.61,109.95
2010-12-07,110.0,111.16,109.55,110.72
2010-12-08,110.65,111.52,110.49,111.39
2010-12-09,111.38,111.69,110.53,110.81
2010-12-10,110.83,111.17,110.45,111.05
2010-12-13,110.87,112.12,110.63,111.65
2010-12-14,111.65,112.26,111.51,111.9
2010-12-15,111.91,112.14,111.24,111.19
2010-12-16,111.28,111.65,111.04,111.18
2010-12-17,111.18,111.98,110.38,110.61
2010-12-20,110.78,110.83,109.54,109.85
2010-12-21,109.93,110.53,109.6,109.67
2010-12-22,109.7,110.15,109.18,109.41
2010-12-23,109.43,109.64,108.43,108.77
2010-12-24,108.78,109.09,108.55,108.69
2010-12-27,108.7,109.11,108.4,108.98
2010-12-28,108.97,109.56,107.6,108.22
2010-12-29,108.09,108.17,107.59,107.92
2010-12-30,107.93,108.97,107.57,108.34
2010-12-31,108.29,108.96,108.26,108.6
2011-01-03,108.35,109.3,107.77,109.12
2011-01-04,109.12,110.29,108.59,109.13
2011-01-05,109.07,109.8,108.47,109.46
2011-01-06,109.47,109.7,108.09,108.43
2011-01-07,108.35,108.82,106.93,107.2
2011-01-10,107.17,107.73,106.78,107.08
2011-01-11,107.06,108.33,107.03,107.93
2011-01-12,107.92,109.07,107.83,108.92
2011-01-13,108.93,110.72,108.68,110.6
2011-01-14,110.62,111.04,110.05,110.95
2011-01-17,110.79,111.02,109.55,109.89
2011-01-18,109.93,111.18,109.56,110.55
2011-01-19,110.55,111.1,110.31,110.45
2011-01-20,110.43,111.96,110.29,111.78
2011-01-21,111.77,112.54,111.6,112.42
2011-01-24,112.53,112.95,112.21,112.49
2011-01-25,112.47,112.84,111.8,112.51
2011-01-26,112.48,112.98,112.12,112.63
2011-01-27,112.67,114.06,112.43,113.73
2011-01-28,113.8,113.95,111.49,111.75
2011-01-31,111.49,112.74,111.39,112.35
2011-02-01,112.29,112.74,111.85,112.44
2011-02-02,112.42,112.96,112.18,112.59
2011-02-03,112.61,112.9,111.03,111.26
2011-02-04,111.26,112.1,110.6,111.61
2011-02-07,111.47,112.23,111.21,111.8
2011-02-08,111.79,112.36,111.57,112.2
2011-02-09,112.18,113.25,112.04,113.05
2011-02-10,113.03,113.46,112.6,113.14
2011-02-11,113.15,113.5,112.75,113.0
2011-02-14,112.84,113.03,112.04,112.37
2011-02-15,112.29,113.44,112.29,112.98
2011-02-16,112.99,113.7,112.87,113.43
2011-02-17,113.52,113.73,113.03,113.3
2011-02-18,113.35,113.97,112.92,113.76
2011-02-21,113.83,114.02,113.52,113.65
2011-02-22,113.65,114.24,112.21,112.95
2011-02-23,112.95,113.87,112.95,113.36
2011-02-24,113.34,113.55,112.18,113.06
2011-02-25,113.0,113.49,112.2,112.3
2011-02-28,112.37,113.39,111.95,112.85
2011-03-01,112.9,113.76,112.75,112.79
2011-03-02,112.71,113.6,112.52,113.51
2011-03-03,113.5,115.1,113.06,115.04
2011-03-04,115.06,116.05,114.84,115.02
2011-03-07,115.14,115.35,114.53,114.86
2011-03-08,114.88,115.27,114.52,114.92
2011-03-09,114.92,115.32,114.73,115.02
2011-03-10,115.04,115.32,114.19,114.31
2011-03-11,114.4,115.05,112.91,113.88
2011-03-14,114.2,114.86,112.55,114.19
2011-03-15,114.22,114.69,111.95,112.93
2011-03-16,112.99,113.52,108.51,108.62
2011-03-17,107.99,111.3,107.53,110.58
2011-03-18,110.71,115.54,110.74,114.24
2011-03-21,114.55,115.46,114.44,115.28
2011-03-22,115.34,115.59,114.78,114.95
2011-03-23,114.97,115.07,113.87,113.92
2011-03-24,114.06,115.0,113.53,114.77
2011-03-25,114.74,115.27,114.46,114.49
2011-03-28,114.23,115.35,114.2,115.04
2011-03-29,115.08,116.53,114.79,116.37
2011-03-30,116.37,117.32,116.21,117.06
2011-03-31,117.12,118.03,116.72,117.77
2011-04-01,117.85,119.84,117.81,119.57
2011-04-04,119.65,120.08,119.16,119.51
2011-04-05,119.59,120.89,119.29,120.76
2011-04-06,120.8,122.67,120.8,122.48
2011-04-07,122.44,122.72,120.74,121.5
2011-04-08,121.54,123.14,121.32,122.63
2011-04-11,122.67,123.37,121.98,122.16
2011-04-12,122.14,122.48,120.13,121.08
2011-04-13,121.03,122.22,120.74,121.03
2011-04-14,121.11,121.4,119.24,120.89
2011-04-15,120.96,121.52,119.66,119.92
2011-04-18,119.91,120.09,116.46,117.64
2011-04-19,117.27,118.46,117.06,118.37
2011-04-20,118.38,120.43,118.25,119.7
2011-04-21,119.79,120.3,118.61,119.09
2011-04-22,119.09,119.75,118.8,119.1
2011-04-25,119.11,120.06,119.04,119.31
2011-04-26,119.27,119.95,118.48,119.33
2011-04-27,119.4,121.55,119.43,121.48
2011-04-28,121.52,121.88,120.38,120.82
2011-04-29,120.9,121.18,120.04,120.18
2011-05-02,120.23,121.11,120.06,120.38
2011-05-03,120.38,120.64,119.2,120.01
2011-05-04,119.97,120.9,119.25,119.44
2011-05-05,119.5,119.81,116.11,116.49
2011-05-06,116.67,117.61,115.19,115.35
2011-05-09,115.91,116.51,114.97,115.3
2011-05-10,115.21,116.59,114.77,116.41
2011-05-11,116.44,116.93,114.55,115.11
2011-05-12,115.25,115.66,114.17,115.25
2011-05-13,115.31,115.58,113.48,114.05
2011-05-16,113.82,115.28,113.4,114.43
2011-05-17,114.45,116.26,114.22,115.91
2011-05-18,115.89,116.54,115.21,116.42
2011-05-19,116.35,117.27,116.18,116.81
2011-05-20,116.8,117.2,115.49,115.61
2011-05-23,115.53,115.63,113.84,115.16
2011-05-24,115.08,116.21,114.67,115.57
2011-05-25,115.56,115.81,114.67,115.47
2011-05-26,115.52,116.42,114.43,114.97
2011-05-27,114.98,116.03,114.64,115.67
2011-05-30,115.59,115.72,115.18,115.6
2011-05-31,115.61,117.84,115.6,117.36
2011-06-01,117.27,117.74,115.77,115.77
2011-06-02,115.8,117.38,115.82,117.2
2011-06-03,117.24,117.64,115.91,117.45
2011-06-06,117.29,117.74,116.56,116.77
2011-06-07,116.71,117.93,116.74,117.6
2011-06-08,117.7,117.9,116.27,116.49
2011-06-09,116.48,117.49,115.91,116.53
2011-06-10,116.57,116.91,114.93,115.2
2011-06-13,115.11,115.89,115.0,115.62
2011-06-14,115.62,116.74,115.24,116.19
2011-06-15,116.26,116.55,114.54,114.72
2011-06-16,114.67,115.1,113.48,114.49
2011-06-17,114.55,114.85,113.71,114.52
2011-06-20,114.29,115.04,113.57,114.81
2011-06-21,114.85,115.74,114.64,115.59
2011-06-22,115.49,115.85,115.12,115.21
2011-06-23,115.12,115.43,113.82,114.84
2011-06-24,114.74,114.93,113.74,114.1
2011-06-27,114.05,115.66,113.83,115.53
2011-06-28,115.54,116.71,115.1,116.52
2011-06-29,116.42,117.2,115.87,116.55
2011-06-30,116.56,117.25,116.1,116.79
2011-07-01,116.72,117.51,116.72,117.38
2011-07-04,117.45,117.79,116.97,117.4
2011-07-05,117.37,117.66,116.68,116.91
2011-07-06,116.92,117.11,115.51,115.83
2011-07-07,115.86,116.84,115.5,116.64
2011-07-08,116.6,116.85,114.63,115.02
2011-07-11,114.47,114.8,112.32,112.57
2011-07-12,112.78,112.98,109.57,110.03
2011-07-13,110.47,112.12,110.47,112.03
2011-07-14,111.79,112.95,111.62,111.91
2011-07-15,111.91,112.38,111.33,111.94
2011-07-18,111.58,111.9,110.63,111.49
2011-07-19,111.45,112.35,111.14,111.96
2011-07-20,111.98,112.38,111.64,112.0
2011-07-21,112.11,113.19,111.45,113.13
2011-07-22,113.16,113.6,112.24,112.7
2011-07-25,112.65,113.04,111.99,112.52
2011-07-26,112.51,113.46,112.23,113.03
2011-07-27,113.09,113.27,111.92,111.98
2011-07-28,111.95,112.13,110.79,111.42
2011-07-29,111.31,111.59,110.35,110.45
2011-08-01,111.11,112.28,108.7,110.06
2011-08-02,110.36,111.04,109.19,109.37
2011-08-03,109.63,110.65,109.04,110.36
2011-08-04,110.38,114.2,110.39,111.58
2011-08-05,111.55,112.34,110.34,111.93
2011-08-08,112.35,112.56,109.71,110.19
2011-08-09,110.24,110.86,109.08,110.77
2011-08-10,111.1,111.29,108.28,109.01
2011-08-11,108.79,109.79,108.0,109.41
2011-08-12,109.41,109.64,108.5,109.24
2011-08-15,109.61,111.08,109.58,110.99
2011-08-16,110.96,111.09,110.06,110.6
2011-08-17,110.57,111.01,109.76,110.59
2011-08-18,110.48,110.75,109.22,109.72
2011-08-19,109.58,110.3,109.0,110.15
2011-08-22,110.34,110.94,110.0,110.28
2011-08-23,110.28,111.13,110.06,110.68
2011-08-24,110.69,111.18,110.13,110.89
2011-08-25,110.89,111.68,110.59,111.42
2011-08-26,111.32,111.63,110.09,111.05
2011-08-29,111.18,111.97,110.99,111.49
2011-08-30,111.52,111.82,110.43,110.75
2011-08-31,110.71,110.92,109.89,110.16
2011-09-01,110.19,110.98,109.51,109.72
2011-09-02,109.65,109.92,108.83,109.04
2011-09-05,108.81,108.93,108.1,108.37
2011-09-06,108.42,109.99,107.83,108.61
2011-09-07,108.51,109.12,108.22,108.88
2011-09-08,108.78,109.07,107.52,107.56
2011-09-09,107.58,108.03,105.28,105.86
2011-09-12,105.21,105.77,103.89,105.53
2011-09-13,105.4,105.62,104.39,105.24
2011-09-14,105.21,105.62,104.52,105.34
2011-09-15,105.41,107.05,105.08,106.5
2011-09-16,106.52,106.6,105.51,105.92
2011-09-19,105.16,105.51,103.93,104.76
2011-09-20,104.68,105.24,103.98,104.68
2011-09-21,104.74,105.4,103.66,103.72
2011-09-22,103.78,104.41,102.19,102.65
2011-09-23,102.65,103.77,102.21,103.35
2011-09-26,103.33,103.79,101.92,103.37
2011-09-27,103.25,104.99,102.84,104.3
2011-09-28,104.32,104.56,103.49,103.62
2011-09-29,103.52,104.97,103.3,104.35
2011-09-30,104.33,104.47,103.01,103.11
2011-10-03,102.83,103.28,100.74,100.79
2011-10-04,100.91,102.82,100.78,102.65
2011-10-05,102.59,102.79,101.59,102.44
2011-10-06,102.54,103.15,101.62,102.97
2011-10-07,102.98,103.89,102.57,102.6
2011-10-10,102.82,105.04,102.72,104.58
2011-10-11,104.56,104.93,103.96,104.57
2011-10-12,104.63,107.09,104.18,106.48
2011-10-13,106.44,106.6,105.1,105.83
2011-10-14,105.84,107.48,105.58,107.12
2011-10-17,107.05,107.71,105.34,105.5
2011-10-18,105.49,106.23,104.77,105.51
2011-10-19,105.51,106.57,105.3,105.62
2011-10-20,105.65,106.34,104.86,105.88
2011-10-21,105.82,106.13,105.04,105.96
2011-10-24,105.58,106.5,105.12,105.94
2011-10-25,105.98,106.37,105.23,105.77
2011-10-26,105.79,106.21,104.74,105.89
2011-10-27,105.82,108.17,105.66,107.74
2011-10-28,107.7,107.94,107.07,107.21
2011-10-31,107.14,111.6,106.93,108.34
2011-11-01,108.3,108.81,106.48,107.25
2011-11-02,107.27,107.95,106.86,107.26
2011-11-03,107.3,108.12,106.56,107.81
2011-11-04,107.79,108.29,107.2,107.91
2011-11-07,108.15,108.21,106.8,107.47
2011-11-08,107.5,107.69,107.09,107.5
2011-11-09,107.48,107.65,105.23,105.41
2011-11-10,105.35,106.02,104.73,105.63
2011-11-11,105.56,106.43,105.35,106.03
2011-11-14,106.57,106.76,104.73,105.05
2011-11-15,105.06,105.33,103.96,104.25
2011-11-16,104.26,104.42,103.38,103.68
2011-11-17,103.69,104.2,103.4,103.55
2011-11-18,103.58,104.33,103.51,103.92
2011-11-21,103.81,104.26,103.2,103.81
2011-11-22,103.8,104.38,103.67,103.99
2011-11-23,103.93,104.18,103.03,103.14
2011-11-24,103.15,103.5,102.68,102.88
2011-11-25,102.86,103.28,102.46,102.87
2011-11-28,103.29,104.55,103.06,103.83
2011-11-29,103.8,104.45,103.42,103.76
2011-11-30,103.64,104.76,103.32,104.21
2011-12-01,104.27,105.1,104.18,104.59
2011-12-02,104.59,105.7,104.1,104.56
2011-12-05,104.82,105.04,103.99,104.2
2011-12-06,104.11,104.38,103.62,104.12
2011-12-07,104.12,104.56,103.75,104.15
2011-12-08,104.17,104.25,102.99,103.64
2011-12-09,103.59,104.45,103.14,103.68
2011-12-12,103.92,104.01,102.6,102.72
2011-12-13,102.71,103.01,101.45,101.65
2011-12-14,101.61,101.86,101.07,101.26
2011-12-15,101.31,101.64,101.02,101.35
2011-12-16,101.38,101.84,101.1,101.37
2011-12-19,101.41,101.65,101.24,101.41
2011-12-20,101.39,102.23,101.34,101.81
2011-12-21,101.83,102.62,101.43,101.86
2011-12-22,101.83,102.39,101.71,101.97
2011-12-23,102.0,102.24,101.72,101.8
2011-12-26,101.81,102.02,101.7,101.76
2011-12-27,101.79,101.95,101.63,101.74
2011-12-28,101.69,101.85,100.71,100.78
2011-12-29,100.83,100.97,100.04,100.56
2011-12-30,100.59,100.72,99.55,99.57
2012-01-02,99.53,99.91,99.34,99.4
2012-01-03,99.4,100.31,99.41,100.05
2012-01-04,100.07,100.26,99.03,99.26
2012-01-05,99.28,99.4,98.44,98.64
2012-01-06,98.61,98.89,97.9,97.9
2012-01-09,97.56,98.3,97.28,98.05
2012-01-10,98.07,98.51,97.95,98.13
2012-01-11,98.13,98.41,97.42,97.64
2012-01-12,97.68,98.6,97.64,98.42
2012-01-13,98.41,98.84,97.19,97.48
2012-01-16,97.43,97.56,97.02,97.22
2012-01-17,97.24,98.35,97.12,97.85
2012-01-18,97.83,98.82,97.68,98.7
2012-01-19,98.73,100.08,98.53,99.97
2012-01-20,99.98,100.36,99.4,99.47
2012-01-23,99.01,100.53,99.02,100.28
2012-01-24,100.31,101.34,100.01,101.17
2012-01-25,101.19,101.99,100.96,101.91
2012-01-26,101.89,102.25,101.4,101.43
2012-01-27,101.46,101.61,100.59,101.4
2012-01-30,101.38,101.5,99.98,100.19
2012-01-31,100.21,100.92,99.53,99.66
2012-02-01,99.72,100.73,99.23,100.27
2012-02-02,100.31,100.51,99.6,100.18
2012-02-03,100.16,100.92,99.91,100.61
2012-02-06,100.44,100.65,99.84,100.48
2012-02-07,100.49,102.03,100.35,101.79
2012-02-08,101.78,102.48,101.62,102.09
2012-02-09,102.11,103.33,101.84,103.19
2012-02-10,103.16,103.28,102.14,102.34
2012-02-13,102.41,103.23,102.23,102.35
2012-02-14,102.32,103.23,101.82,102.84
2012-02-15,102.91,103.52,102.18,102.41
2012-02-16,102.46,103.85,101.9,103.59
2012-02-17,103.63,104.7,103.42,104.53
2012-02-20,104.96,105.77,104.63,105.4
2012-02-21,105.47,106.04,105.03,105.49
2012-02-22,105.47,106.6,105.42,106.29
2012-02-23,106.26,107.04,106.14,106.88
2012-02-24,106.96,109.12,106.82,108.94
2012-02-27,109.42,109.94,107.17,107.92
2012-02-28,107.96,108.78,107.29,108.31
2012-02-29,108.34,108.77,107.87,108.15
2012-03-01,108.12,108.47,107.68,107.88
2012-03-02,107.96,108.5,107.55,107.95
2012-03-05,107.87,108.09,106.9,107.72
2012-03-06,107.76,107.91,105.63,106.06
2012-03-07,106.05,106.84,105.69,106.72
2012-03-08,106.59,108.49,106.57,108.31
2012-03-09,108.33,108.68,107.69,108.11
2012-03-12,108.07,108.33,107.49,108.23
2012-03-13,108.21,108.76,107.89,108.4
2012-03-14,108.39,109.42,108.35,108.97
2012-03-15,109.04,109.68,108.56,109.22
2012-03-16,109.23,110.03,108.99,109.88
2012-03-19,109.9,110.59,109.16,110.33
2012-03-20,110.37,110.85,110.27,110.66
2012-03-21,110.68,111.48,110.03,110.16
2012-03-22,110.15,110.51,108.47,108.94
2012-03-23,108.92,109.88,108.6,109.23
2012-03-26,109.37,110.76,109.15,110.62
2012-03-27,110.64,111.3,110.34,110.75
2012-03-28,110.78,110.96,109.85,110.3
2012-03-29,110.33,110.55,108.77,109.65
2012-03-30,109.62,110.66,109.01,110.47
2012-04-02,110.85,111.16,108.95,109.33
2012-04-03,109.28,109.85,108.73,109.6
2012-04-04,109.57,109.74,107.88,108.33
2012-04-05,108.29,108.45,106.87,107.52
2012-04-06,107.58,107.99,106.53,106.87
2012-04-09,106.81,107.28,106.09,106.81
2012-04-10,106.84,107.51,105.46,105.5
2012-04-11,105.56,106.72,105.43,106.0
2012-04-12,105.97,106.84,105.94,106.63
2012-04-13,106.58,107.13,105.72,105.76
2012-04-16,105.68,105.85,104.63,105.63
2012-04-17,105.57,106.36,105.27,106.11
2012-04-18,106.14,106.93,106.15,106.64
2012-04-19,106.6,107.37,106.49,107.22
2012-04-20,107.17,108.02,107.08,107.8
2012-04-23,107.63,107.84,106.3,106.73
2012-04-24,106.79,107.44,106.3,107.32
2012-04-25,107.29,107.72,107.1,107.43
2012-04-26,107.54,107.69,106.47,107.0
2012-04-27,106.89,107.51,106.14,106.33
2012-04-30,106.29,106.48,105.44,105.63
2012-05-01,105.7,106.25,105.52,105.96
2012-05-02,106.01,106.57,105.12,105.37
2012-05-03,105.39,106.15,105.29,105.45
2012-05-04,105.48,105.61,104.39,104.42
2012-05-07,103.95,104.49,103.22,104.26
2012-05-08,104.34,104.47,103.53,103.84
2012-05-09,103.86,103.97,102.73,102.96
2012-05-10,103.01,103.81,102.93,103.38
2012-05-11,103.31,103.64,102.96,103.22
2012-05-14,103.03,103.41,102.22,102.42
2012-05-15,102.43,102.91,102.03,102.06
2012-05-16,102.12,102.74,101.89,102.08
2012-05-17,102.15,102.42,100.54,100.67
2012-05-18,100.67,101.14,100.19,100.99
2012-05-21,101.22,101.73,100.85,101.59
2012-05-22,101.63,102.17,101.12,101.37
2012-05-23,101.46,101.52,99.52,99.97
2012-05-24,100.04,100.3,99.35,99.73
2012-05-25,99.8,100.35,99.47,99.68
2012-05-28,100.14,100.24,99.5,99.63
2012-05-29,99.68,99.97,98.93,99.33
2012-05-30,99.31,99.41,97.75,97.8
2012-05-31,97.81,98.07,96.5,96.82
2012-06-01,96.87,97.52,95.53,96.96
2012-06-04,97.07,98.04,96.76,97.89
2012-06-05,97.88,98.31,97.03,98.05
2012-06-06,98.05,99.75,97.9,99.56
2012-06-07,99.68,100.66,99.4,99.97
2012-06-08,100.1,100.31,98.54,99.45
2012-06-11,100.75,100.94,99.01,98.98
2012-06-12,98.98,99.81,98.69,99.55
2012-06-13,99.49,100.14,99.28,99.76
2012-06-14,99.81,100.34,99.46,100.24
2012-06-15,100.27,100.39,99.07,99.43
2012-06-18,100.42,100.88,99.1,99.48
2012-06-19,99.49,100.52,99.17,100.12
2012-06-20,100.23,101.44,99.81,100.92
2012-06-21,100.99,101.66,100.51,100.65
2012-06-22,100.67,101.26,100.37,101.05
2012-06-25,101.01,101.1,99.15,99.59
2012-06-26,99.56,99.93,98.74,99.24
2012-06-27,99.34,99.66,99.06,99.39
2012-06-28,99.4,99.52,98.31,98.82
2012-06-29,98.83,101.44,98.53,100.97
2012-07-02,101.28,101.32,99.75,100.05
2012-07-03,100.04,100.86,99.88,100.64
2012-07-04,100.61,100.7,99.77,99.99
2012-07-05,100.04,100.37,98.78,98.99
2012-07-06,99.04,99.13,97.62,97.85
2012-07-09,97.77,98.17,97.47,98.0
2012-07-10,97.98,98.08,97.2,97.28
2012-07-11,97.29,97.78,96.98,97.57
2012-07-12,97.58,97.9,96.41,96.71
2012-07-13,96.72,97.13,96.43,97.0
2012-07-16,97.17,97.21,96.14,96.74
2012-07-17,96.75,97.41,96.39,97.16
2012-07-18,97.18,97.35,96.46,96.77
2012-07-19,96.79,96.85,96.11,96.5
2012-07-20,96.51,96.74,95.32,95.35
2012-07-23,95.06,95.29,94.25,94.96
2012-07-24,94.87,95.05,94.1,94.32
2012-07-25,94.33,95.24,94.12,94.96
2012-07-26,94.97,96.45,94.66,96.04
2012-07-27,96.03,97.36,95.63,96.6
2012-07-30,96.6,96.69,95.53,95.86
2012-07-31,95.83,96.31,95.73,96.08
2012-08-01,96.05,96.5,95.69,95.9
2012-08-02,95.92,97.01,94.9,95.3
2012-08-03,95.34,97.43,95.01,97.16
2012-08-06,97.49,97.84,96.68,96.99
2012-08-07,97.0,97.85,96.81,97.4
2012-08-08,97.46,97.52,96.57,96.96
2012-08-09,96.99,97.31,96.31,96.66
2012-08-10,96.66,96.79,95.7,96.16
2012-08-13,96.18,96.95,95.93,96.53
2012-08-14,96.56,97.5,96.52,97.0
2012-08-15,97.01,97.47,96.52,96.97
2012-08-16,97.0,98.21,96.98,98.03
2012-08-17,98.02,98.44,97.7,98.11
2012-08-20,98.21,98.38,97.72,98.05
2012-08-21,98.12,99.21,97.94,98.83
2012-08-22,98.88,99.05,98.16,98.45
2012-08-23,98.47,98.85,98.27,98.6
2012-08-24,98.71,98.85,97.97,98.37
2012-08-27,98.42,98.75,98.31,98.39
2012-08-28,98.43,98.86,97.89,98.62
2012-08-29,98.69,98.87,98.37,98.62
2012-08-30,98.63,98.81,98.03,98.34
2012-08-31,98.35,99.06,97.97,98.57
2012-09-03,98.57,98.73,98.21,98.54
2012-09-04,98.54,99.04,98.39,98.51
2012-09-05,98.56,98.94,97.98,98.78
2012-09-06,98.81,99.84,98.74,99.6
2012-09-07,99.66,100.46,99.58,100.28
2012-09-10,100.22,100.31,99.81,99.84
2012-09-11,99.87,100.27,99.51,99.93
2012-09-12,99.97,100.67,99.73,100.38
2012-09-13,100.44,100.8,99.52,100.63
2012-09-14,100.62,103.05,100.6,102.88
2012-09-17,102.86,103.87,102.55,103.23
2012-09-18,103.25,103.3,102.38,102.78
2012-09-19,102.79,103.67,102.1,102.22
2012-09-20,102.23,102.43,100.91,101.42
2012-09-21,101.45,102.13,101.24,101.4
2012-09-24,101.4,101.48,100.35,100.62
2012-09-25,100.68,101.07,100.15,100.34
2012-09-26,100.4,100.49,99.7,100.0
2012-09-27,100.09,100.39,99.61,100.22
2012-09-28,100.25,100.71,99.91,100.13
2012-10-01,100.17,101.07,99.78,100.52
2012-10-02,100.52,101.21,100.47,100.96
2012-10-03,100.99,101.5,100.7,101.3
2012-10-04,101.32,102.24,101.28,102.15
2012-10-05,102.19,102.84,101.83,102.5
2012-10-08,102.44,102.54,101.1,101.52
2012-10-09,101.57,101.89,100.58,100.73
2012-10-10,100.79,101.19,100.43,100.56
2012-10-11,100.57,101.75,100.14,101.3
2012-10-12,101.35,101.94,101.22,101.56
2012-10-15,101.65,102.33,101.02,101.86
2012-10-16,101.9,103.19,101.86,103.13
2012-10-17,103.31,103.78,102.9,103.54
2012-10-18,103.59,104.18,103.29,103.56
2012-10-19,103.61,103.84,103.13,103.24
2012-10-22,103.27,104.49,103.13,104.43
2012-10-23,104.48,104.63,103.27,103.69
2012-10-24,103.7,103.86,102.98,103.46
2012-10-25,103.48,104.46,103.46,103.88
2012-10-26,104.0,104.07,102.68,103.05
2012-10-29,103.05,103.18,102.51,102.94
2012-10-30,102.97,103.37,102.16,103.15
2012-10-31,103.18,103.97,103.06,103.37
2012-11-01,103.39,104.03,103.31,103.72
2012-11-02,103.71,103.89,103.04,103.24
2012-11-05,103.14,103.36,102.43,102.67
2012-11-06,102.72,103.19,102.18,102.94
2012-11-07,103.0,103.44,101.79,102.07
2012-11-08,102.09,102.23,101.01,101.24
2012-11-09,101.32,101.77,100.41,101.03
2012-11-12,101.07,101.32,100.85,101.01
2012-11-13,101.04,101.28,100.31,100.86
2012-11-14,100.88,102.44,100.82,102.18
2012-11-15,102.22,104.02,101.98,103.75
2012-11-16,103.76,103.92,103.04,103.5
2012-11-19,103.79,104.32,103.51,104.22
2012-11-20,104.29,104.81,103.65,104.7
2012-11-21,104.71,105.91,104.08,105.85
2012-11-22,105.85,106.65,105.7,106.18
2012-11-23,106.19,107.01,105.71,106.88
2012-11-26,106.74,107.17,106.07,106.37
2012-11-27,106.4,106.99,106.11,106.25
2012-11-28,106.32,106.38,105.27,106.05
2012-11-29,106.22,106.85,106.14,106.46
2012-11-30,106.55,107.7,106.42,107.23
2012-12-03,106.95,107.61,106.83,107.28
2012-12-04,107.36,107.42,106.91,107.17
2012-12-05,107.2,107.99,107.1,107.74
2012-12-06,107.78,107.92,106.59,106.83
2012-12-07,106.85,107.1,106.12,106.58
2012-12-10,106.35,106.67,105.96,106.61
2012-12-11,106.62,107.45,106.46,107.34
2012-12-12,107.37,109.06,107.25,108.69
2012-12-13,108.84,109.56,108.63,109.32
2012-12-14,109.38,110.01,109.03,109.86
2012-12-17,111.07,111.2,109.91,110.33
2012-12-18,110.38,111.5,110.33,111.31
2012-12-19,111.37,112.53,111.31,111.71
2012-12-20,111.66,112.18,110.72,111.72
2012-12-21,111.77,111.83,110.6,111.07
2012-12-24,111.16,112.02,111.1,111.91
2012-12-25,111.98,112.05,111.56,111.81
2012-12-26,111.87,113.42,111.7,113.22
2012-12-27,112.54,114.33,111.7,113.9
2012-12-28,112.92,114.71,112.47,113.75
2012-12-31,113.36,114.57,113.3,114.46
2013-01-01,114.44,114.66,114.17,114.2
2013-01-02,114.44,116.03,114.17,115.03
2013-01-03,115.04,115.23,113.64,113.84
2013-01-04,113.82,115.45,113.8,115.23
2013-01-07,115.26,115.59,114.09,115.11
2013-01-08,115.16,115.26,113.62,113.97
2013-01-09,113.84,115.06,113.56,114.66
2013-01-10,114.76,117.62,114.72,117.42
2013-01-11,117.56,119.35,117.51,119.0
2013-01-14,119.34,120.15,118.86,119.6
2013-01-15,119.62,120.01,117.62,118.02
2013-01-16,118.14,118.29,116.46,117.49
2013-01-17,117.47,120.63,117.0,120.19
2013-01-18,120.28,120.72,119.35,119.96
2013-01-21,119.96,120.27,118.87,119.28
2013-01-22,119.36,120.19,117.32,118.17
2013-01-23,118.16,118.35,117.04,118.16
2013-01-24,118.07,121.07,117.58,120.87
2013-01-25,120.95,122.79,120.65,122.33
2013-01-28,122.51,122.94,121.61,122.12
2013-01-29,122.12,122.6,121.21,122.44
2013-01-30,122.45,123.89,122.28,123.47
2013-01-31,123.62,124.39,122.96,124.27
2013-02-01,124.29,127.0,124.26,126.66
2013-02-04,126.59,126.89,124.6,124.78
2013-02-05,124.74,127.2,124.01,127.05
2013-02-06,127.17,127.74,125.94,126.47
2013-02-07,126.5,127.5,124.47,125.32
2013-02-08,125.42,125.6,123.41,123.9
2013-02-11,123.95,126.01,123.48,125.96
2013-02-12,126.41,126.98,124.99,125.76
2013-02-13,125.75,126.59,124.76,125.64
2013-02-14,125.7,125.99,123.8,123.97
2013-02-15,123.98,125.3,122.88,124.98
2013-02-18,125.1,125.91,124.97,125.41
2013-02-19,125.48,125.51,124.55,125.18
2013-02-20,125.26,125.92,124.16,124.33
2013-02-21,124.38,124.73,122.24,122.74
2013-02-22,122.73,123.79,122.55,123.15
2013-02-25,124.98,125.25,118.76,119.47
2013-02-26,120.37,121.38,118.99,120.0
2013-02-27,120.07,121.47,119.2,121.13
2013-02-28,121.1,121.85,120.5,120.97
2013-03-01,120.93,122.19,120.35,121.77
2013-03-04,121.77,122.01,121.1,121.68
2013-03-05,121.74,121.91,121.12,121.67
2013-03-06,121.75,122.31,121.49,122.17
2013-03-07,122.1,124.6,121.83,124.27
2013-03-08,124.31,126.02,123.81,124.88
2013-03-11,124.78,125.7,124.63,125.61
2013-03-12,125.65,126.06,124.38,125.16
2013-03-13,125.1,125.25,124.16,124.52
2013-03-14,124.55,125.26,124.03,124.92
2013-03-15,124.97,125.81,124.2,124.56
2013-03-18,122.22,123.98,121.62,123.26
2013-03-19,123.47,124.16,121.82,122.38
2013-03-20,122.42,124.53,122.02,124.19
2013-03-21,124.24,124.4,122.07,122.41
2013-03-22,122.61,123.48,121.47,122.71
2013-03-25,122.57,123.88,120.09,120.99
2013-03-26,121.07,121.67,120.72,121.43
2013-03-27,121.49,121.9,119.95,120.72
2013-03-28,120.64,120.97,119.73,120.66
2013-03-29,120.71,120.88,120.3,120.73
2013-04-01,120.78,120.9,119.49,119.82
2013-04-02,119.71,120.17,119.14,119.72
2013-04-03,119.76,120.21,119.09,119.53
2013-04-04,119.58,124.67,119.15,124.57
2013-04-05,124.62,127.32,123.85,126.67
2013-04-08,127.82,129.44,127.42,129.35
2013-04-09,129.51,130.13,128.43,129.52
2013-04-10,129.73,130.57,129.39,130.34
2013-04-11,130.38,131.16,129.69,130.65
2013-04-12,130.74,130.84,128.61,128.91
2013-04-15,128.91,129.35,125.56,125.64
2013-04-16,125.84,129.04,125.81,128.55
2013-04-17,128.85,129.78,126.43,127.96
2013-04-18,127.99,128.8,127.15,128.12
2013-04-19,128.18,130.29,128.05,129.85
2013-04-22,130.54,130.69,128.96,129.61
2013-04-23,129.64,129.85,127.87,129.28
2013-04-24,129.3,129.82,128.8,129.45
2013-04-25,129.49,129.93,129.0,129.14
2013-04-26,129.15,129.36,127.14,127.69
2013-04-29,127.8,128.62,127.04,128.02
2013-04-30,128.06,128.56,127.19,128.25
2013-05-01,128.29,128.95,127.84,128.32
2013-05-02,128.36,129.95,127.5,127.95
2013-05-03,128.0,130.39,127.85,129.84
2013-05-06,129.92,130.44,129.59,129.86
2013-05-07,129.9,130.39,129.24,129.46
2013-05-08,129.5,130.44,129.0,130.18
2013-05-09,130.22,131.79,129.57,131.18
2013-05-10,131.2,132.29,131.06,131.97
2013-05-13,132.0,132.8,131.57,132.09
2013-05-14,132.13,132.8,131.52,132.22
2013-05-15,132.26,132.46,131.17,131.73
2013-05-16,131.75,132.34,131.27,131.7
2013-05-17,131.73,132.6,131.29,132.46
2013-05-20,131.93,132.54,131.26,131.73
2013-05-21,131.76,132.44,131.66,132.22
2013-05-22,132.29,133.84,132.01,132.61
2013-05-23,132.64,132.89,129.97,131.95
2013-05-24,131.98,132.57,130.12,130.93
2013-05-27,131.06,131.56,130.26,130.47
2013-05-28,130.53,132.19,130.49,131.57
2013-05-29,131.61,131.74,130.39,130.88
2013-05-30,130.91,132.04,130.17,131.42
2013-05-31,131.46,132.1,130.26,130.55
2013-06-03,129.95,131.01,129.48,130.12
2013-06-04,130.15,131.43,129.91,130.78
2013-06-05,130.84,131.41,129.58,129.7
2013-06-06,129.7,130.76,127.57,128.4
2013-06-07,128.49,129.2,126.2,128.95
2013-06-10,128.85,131.14,128.52,130.92
2013-06-11,130.94,131.32,127.12,127.83
2013-06-12,127.87,129.39,127.01,128.03
2013-06-13,128.08,128.16,124.97,127.52
2013-06-14,127.56,128.17,125.18,125.55
2013-06-17,125.59,126.95,125.56,126.3
2013-06-18,126.34,128.12,126.25,127.66
2013-06-19,127.69,128.8,127.03,128.24
2013-06-20,128.26,129.93,127.82,128.57
2013-06-21,128.61,129.74,127.77,128.45
2013-06-24,128.39,129.22,127.27,128.18
2013-06-25,128.22,128.7,127.29,127.93
2013-06-26,127.96,128.49,126.55,127.14
2013-06-27,127.19,128.41,127.03,128.19
2013-06-28,128.23,129.68,128.18,128.94
2013-07-01,129.07,130.28,129.01,130.19
2013-07-02,130.2,131.14,129.81,130.58
2013-07-03,130.6,130.88,128.64,129.96
2013-07-04,129.98,130.23,128.82,129.17
2013-07-05,129.18,130.07,128.57,129.81
2013-07-08,129.81,130.21,129.39,129.91
2013-07-09,129.94,130.59,128.68,129.26
2013-07-10,129.29,129.55,128.0,129.29
2013-07-11,129.32,130.47,128.62,129.55
2013-07-12,129.6,129.99,128.91,129.63
2013-07-15,129.88,130.74,129.41,130.42
2013-07-16,130.45,130.86,130.01,130.41
2013-07-17,130.43,131.38,130.28,130.68
2013-07-18,130.7,131.92,130.53,131.61
2013-07-19,131.65,132.31,131.23,132.26
2013-07-22,132.4,132.47,131.13,131.36
2013-07-23,131.42,132.06,130.75,131.42
2013-07-24,131.49,132.77,131.35,132.32
2013-07-25,132.34,132.51,131.45,131.8
2013-07-26,131.83,132.02,130.06,130.46
2013-07-29,130.51,130.64,129.57,129.87
2013-07-30,129.92,130.55,129.75,130.01
2013-07-31,130.04,131.06,129.32,130.15
2013-08-01,130.2,131.58,129.92,131.44
2013-08-02,131.47,131.98,130.95,131.39
2013-08-05,131.34,131.59,130.13,130.32
2013-08-06,130.35,130.76,129.78,130.04
2013-08-07,130.07,130.21,128.44,128.45
2013-08-08,128.49,129.48,128.2,129.36
2013-08-09,129.44,129.73,128.28,128.35
2013-08-12,128.36,128.96,127.98,128.84
2013-08-13,128.89,130.5,128.8,130.21
2013-08-14,130.25,130.7,129.82,130.07
2013-08-15,130.09,130.76,129.4,129.91
2013-08-16,129.97,130.45,129.56,129.98
2013-08-19,130.04,131.06,129.85,130.06
2013-08-20,130.1,130.79,129.29,130.48
2013-08-21,130.5,131.02,130.23,130.46
2013-08-22,130.47,132.0,130.28,131.82
2013-08-23,131.87,132.45,131.79,132.12
2013-08-26,132.02,132.34,131.43,131.67
2013-08-27,131.7,131.79,129.82,129.93
2013-08-28,129.96,130.59,129.68,130.22
2013-08-29,130.26,130.64,129.95,130.2
2013-08-30,130.23,130.37,129.31,129.77
2013-09-02,129.97,131.42,129.76,131.02
2013-09-03,131.05,131.49,130.64,131.11
2013-09-04,131.14,131.85,130.79,131.74
2013-09-05,131.76,132.17,130.99,131.33
2013-09-06,131.35,131.51,129.89,130.6
2013-09-09,131.45,132.26,130.97,131.96
2013-09-10,132.0,133.32,131.89,133.19
2013-09-11,133.2,133.39,132.75,132.89
2013-09-12,132.94,133.13,131.71,132.36
2013-09-13,132.39,132.68,131.64,132.07
2013-09-16,132.4,132.43,131.69,132.06
2013-09-17,132.11,132.68,132.01,132.38
2013-09-18,132.41,132.84,131.84,132.41
2013-09-19,132.43,134.99,132.33,134.52
2013-09-20,134.56,134.76,134.14,134.27
2013-09-23,134.29,134.55,133.07,133.33
2013-09-24,133.38,134.03,132.68,132.98
2013-09-25,133.03,133.59,132.68,133.11
2013-09-26,133.15,133.97,132.87,133.49
2013-09-27,133.51,133.61,132.61,132.83
2013-09-30,132.45,133.26,131.38,132.82
2013-10-01,132.85,133.51,132.31,132.5
2013-10-02,132.55,132.67,131.42,132.14
2013-10-03,132.19,133.24,132.12,132.41
2013-10-04,132.45,132.72,131.75,132.13
2013-10-07,132.12,132.14,131.26,131.31
2013-10-08,131.34,132.07,131.1,131.45
2013-10-09,131.5,132.21,131.22,131.64
2013-10-10,131.65,133.0,131.6,132.69
2013-10-11,132.7,133.63,132.44,133.46
2013-10-14,133.52,133.76,132.86,133.66
2013-10-15,133.68,133.87,132.69,132.74
2013-10-16,132.76,133.78,132.73,133.66
2013-10-17,133.68,133.98,133.31,133.86
2013-10-18,133.89,134.23,133.59,133.69
2013-10-21,133.77,134.4,133.71,134.32
2013-10-22,134.36,135.53,133.88,135.22
2013-10-23,135.25,135.32,133.59,134.1
2013-10-24,134.16,134.82,133.88,134.22
2013-10-25,134.25,134.57,133.87,134.46
2013-10-28,134.51,135.03,134.51,134.6
2013-10-29,134.64,135.22,134.24,134.93
2013-10-30,134.96,135.48,134.76,135.28
2013-10-31,135.32,135.39,133.34,133.58
2013-11-01,133.6,133.72,132.59,133.06
2013-11-04,133.1,133.39,132.84,133.24
2013-11-05,133.28,133.37,132.35,132.71
2013-11-06,132.75,133.75,132.54,133.28
2013-11-07,133.32,133.56,131.21,131.6
2013-11-08,131.63,132.56,131.3,132.46
2013-11-11,132.6,133.17,132.18,132.91
2013-11-12,132.93,134.07,132.88,133.84
2013-11-13,133.86,134.0,133.22,133.79
2013-11-14,133.85,134.75,133.69,134.58
2013-11-15,134.62,135.34,134.48,135.19
2013-11-18,135.23,135.45,134.73,135.0
2013-11-19,135.05,135.76,134.6,135.56
2013-11-20,135.57,135.98,134.09,134.41
2013-11-21,134.45,136.44,134.35,136.36
2013-11-22,136.38,137.36,136.0,137.3
2013-11-25,137.29,138.01,137.0,137.39
2013-11-26,137.43,137.7,137.1,137.45
2013-11-27,137.49,138.82,137.27,138.7
2013-11-28,138.74,139.3,138.29,139.16
2013-11-29,139.22,139.74,138.95,139.16
2013-12-02,139.24,139.74,139.02,139.38
2013-12-03,139.42,140.05,138.69,139.27
2013-12-04,139.29,139.63,138.42,139.12
2013-12-05,139.14,139.6,138.43,139.09
2013-12-06,139.12,141.09,138.95,141.0
2013-12-09,140.97,141.98,140.79,141.86
2013-12-10,141.9,142.2,141.26,141.47
2013-12-11,141.52,141.71,140.9,141.19
2013-12-12,141.2,142.26,141.13,142.16
2013-12-13,142.2,142.85,141.41,141.79
2013-12-16,141.78,142.16,141.2,141.73
2013-12-17,141.77,141.97,140.96,141.32
2013-12-18,141.37,142.93,141.2,142.66
2013-12-19,142.69,142.87,141.85,142.41
2013-12-20,142.43,142.77,142.06,142.27
2013-12-23,142.29,142.76,142.07,142.56
2013-12-24,142.58,142.92,142.44,142.77
2013-12-25,142.81,143.13,142.51,142.74
2013-12-26,142.79,143.56,142.79,143.47
2013-12-27,143.5,145.75,143.42,144.49
2013-12-30,144.49,145.2,144.48,145.14
2013-12-31,145.14,145.19,144.4,144.73
2014-01-01,144.76,145.08,144.65,144.71
2014-01-02,144.76,145.16,142.82,143.21
2014-01-03,143.23,143.35,141.94,142.42
2014-01-06,142.5,142.8,141.49,142.01
2014-01-07,142.04,142.63,141.93,142.41
2014-01-08,142.43,143.2,142.09,142.33
2014-01-09,142.35,143.07,142.03,142.62
2014-01-10,142.66,143.48,142.04,142.3
2014-01-13,142.31,142.38,140.48,140.78
2014-01-14,140.81,142.66,140.75,142.54
2014-01-15,142.57,142.65,141.78,142.22
2014-01-16,142.26,142.93,141.67,142.12
2014-01-17,142.14,142.2,140.95,141.2
2014-01-20,141.28,141.41,140.32,141.14
2014-01-21,141.19,141.89,141.01,141.42
2014-01-22,141.47,141.87,141.06,141.57
2014-01-23,141.59,142.45,141.01,141.39
2014-01-24,141.42,141.81,139.74,139.87
2014-01-27,139.87,140.73,139.19,140.17
2014-01-28,140.2,141.01,140.13,140.71
2014-01-29,140.75,141.29,139.04,139.73
2014-01-30,139.77,139.98,138.88,139.21
2014-01-31,139.26,139.52,137.48,137.59
2014-02-03,137.71,138.14,136.33,136.55
2014-02-04,136.6,137.48,136.22,137.4
2014-02-05,137.43,137.57,136.54,137.28
2014-02-06,137.3,138.86,136.75,138.71
2014-02-07,138.76,139.62,137.79,139.51
2014-02-10,139.5,139.84,139.15,139.5
2014-02-11,139.55,140.31,139.26,139.95
2014-02-12,139.98,140.07,138.66,139.35
2014-02-13,139.39,139.95,138.86,139.73
2014-02-14,139.77,140.08,138.98,139.32
2014-02-17,139.33,139.79,138.94,139.65
2014-02-18,139.73,141.07,139.53,140.8
2014-02-19,140.82,140.95,139.98,140.49
2014-02-20,140.51,140.65,139.2,140.28
2014-02-21,140.32,141.3,140.26,140.83
2014-02-24,140.87,141.07,140.32,140.77
2014-02-25,140.77,140.99,140.11,140.5
2014-02-26,140.51,140.81,139.63,140.09
2014-02-27,140.13,140.24,138.77,139.97
2014-02-28,140.01,141.15,139.1,140.5
2014-03-03,139.99,140.08,139.13,139.3
2014-03-04,139.34,140.55,139.26,140.44
2014-03-05,140.47,140.8,140.16,140.48
2014-03-06,140.51,142.93,140.45,142.82
2014-03-07,142.86,143.82,142.52,143.27
2014-03-10,143.29,143.63,142.64,143.27
2014-03-11,143.31,143.48,142.62,142.75
2014-03-12,142.79,143.0,142.22,142.85
2014-03-13,142.88,143.43,140.69,141.22
2014-03-14,141.25,141.53,140.43,141.0
2014-03-17,140.99,142.01,140.68,141.65
2014-03-18,141.69,142.01,140.74,141.32
2014-03-19,141.36,141.95,141.05,141.54
2014-03-20,141.54,141.75,140.77,141.06
2014-03-21,141.11,141.35,140.42,140.99
2014-03-24,141.01,141.91,140.7,141.47
2014-03-25,141.5,141.62,140.69,141.36
2014-03-26,141.4,141.53,140.48,140.62
2014-03-27,140.65,141.06,140.16,140.37
2014-03-28,140.41,141.68,139.95,141.38
2014-03-31,141.46,142.64,141.3,142.09
2014-04-01,142.14,143.1,141.98,142.94
2014-04-02,142.96,143.51,142.71,142.96
2014-04-03,143.01,143.49,142.28,142.54
2014-04-04,142.58,142.67,141.37,141.51
2014-04-07,141.51,141.93,141.11,141.65
2014-04-08,141.69,141.76,140.06,140.41
2014-04-09,140.47,141.37,140.42,141.28
2014-04-10,141.31,141.58,140.59,140.97
2014-04-11,141.0,141.57,140.63,141.08
2014-04-14,140.67,140.97,140.4,140.69
2014-04-15,140.75,140.93,140.22,140.76
2014-04-16,140.82,141.78,140.63,141.21
2014-04-17,141.25,141.67,140.98,141.43
2014-04-18,141.45,141.69,141.37,141.43
2014-04-21,141.57,141.84,141.38,141.51
2014-04-22,141.54,141.81,141.2,141.62
2014-04-23,141.67,142.03,141.17,141.66
2014-04-24,141.69,141.83,141.03,141.48
2014-04-25,141.53,141.78,141.01,141.28
2014-04-28,141.33,142.17,140.99,141.92
2014-04-29,141.96,142.51,141.57,141.71
2014-04-30,141.76,142.2,141.12,141.77
2014-05-01,141.81,142.06,141.65,141.91
2014-05-02,141.94,142.41,141.62,141.72
2014-05-05,141.75,142.03,141.28,141.7
2014-05-06,141.74,142.13,141.33,141.58
2014-05-07,141.63,142.02,141.14,141.75
2014-05-08,141.79,142.4,140.51,140.68
2014-05-09,140.7,140.85,139.87,140.12
2014-05-12,140.02,140.67,139.95,140.46
2014-05-13,140.5,140.97,139.96,140.1
2014-05-14,140.13,140.31,139.44,139.7
2014-05-15,139.77,139.91,138.96,139.24
2014-05-16,139.26,139.47,138.76,138.96
2014-05-19,139.14,139.3,138.59,139.11
2014-05-20,139.16,139.34,138.53,138.81
2014-05-21,138.85,138.95,138.13,138.71
2014-05-22,138.71,139.15,138.63,138.89
2014-05-23,138.93,139.08,138.59,139.0
2014-05-26,138.95,139.15,138.72,139.1
2014-05-27,139.13,139.4,138.8,139.01
2014-05-28,139.06,139.15,138.27,138.38
2014-05-29,138.41,138.57,137.95,138.44
2014-05-30,138.46,138.92,138.06,138.73
2014-06-02,138.82,139.36,138.65,139.15
2014-06-03,139.21,139.81,139.09,139.65
2014-06-04,139.71,139.99,139.51,139.69
2014-06-05,139.75,140.01,138.66,139.83
2014-06-06,139.89,140.0,139.37,139.78
2014-06-09,139.87,140.12,139.24,139.35
2014-06-10,139.38,139.46,138.44,138.65
2014-06-11,138.67,138.7,137.84,138.11
2014-06-12,138.16,138.38,137.7,137.81
2014-06-13,137.86,138.59,137.74,138.2
2014-06-16,138.19,138.31,137.68,138.21
2014-06-17,138.24,138.57,138.17,138.35
2014-06-18,138.37,138.89,138.31,138.55
2014-06-19,138.57,138.92,138.41,138.68
2014-06-20,138.75,138.94,138.51,138.79
2014-06-23,138.8,138.94,138.26,138.66
2014-06-24,138.71,138.96,138.44,138.73
2014-06-25,138.76,138.94,138.54,138.82
2014-06-26,138.85,138.87,137.9,138.46
2014-06-27,138.48,138.53,137.97,138.33
2014-06-30,138.46,138.8,138.09,138.69
2014-07-01,138.76,139.17,138.67,138.87
2014-07-02,138.88,139.1,138.53,139.01
2014-07-03,139.01,139.53,138.94,139.07
2014-07-04,139.09,139.15,138.57,138.78
2014-07-07,138.82,138.88,138.42,138.52
2014-07-08,138.57,138.67,138.1,138.26
2014-07-09,138.28,138.79,138.12,138.65
2014-07-10,138.7,138.75,137.48,137.9
2014-07-11,137.92,138.07,137.65,137.93
2014-07-14,137.93,138.49,137.79,138.27
2014-07-15,138.3,138.47,137.87,137.99
2014-07-16,138.01,138.12,137.47,137.51
2014-07-17,137.51,137.57,136.8,136.82
2014-07-18,136.87,137.32,136.7,137.03
2014-07-21,137.16,137.2,136.87,137.11
2014-07-22,137.13,137.38,136.57,136.61
2014-07-23,136.63,136.81,136.39,136.62
2014-07-24,136.64,137.22,136.34,137.07
2014-07-25,137.08,137.28,136.63,136.73
2014-07-28,136.7,136.97,136.61,136.88
2014-07-29,136.9,137.14,136.74,136.92
2014-07-30,136.94,137.89,136.81,137.68
2014-07-31,137.71,137.89,137.48,137.62
2014-08-01,137.63,138.07,137.53,137.79
2014-08-04,137.76,137.95,137.4,137.67
2014-08-05,137.7,137.76,137.06,137.21
2014-08-06,137.23,137.27,136.14,136.61
2014-08-07,136.65,137.15,136.24,136.39
2014-08-08,136.45,136.98,135.71,136.84
2014-08-11,136.77,137.09,136.58,136.77
2014-08-12,136.8,136.92,136.34,136.7
2014-08-13,136.71,137.2,136.6,136.86
2014-08-14,136.89,137.28,136.78,136.87
2014-08-15,136.93,137.65,136.75,137.12
2014-08-18,137.05,137.3,136.77,137.04
2014-08-19,137.07,137.19,136.78,137.04
2014-08-20,137.06,137.7,136.99,137.53
2014-08-21,137.57,137.99,137.45,137.88
2014-08-22,137.91,138.05,137.3,137.61
2014-08-25,137.41,138.05,137.08,137.23
2014-08-26,137.28,137.44,136.99,137.0
2014-08-27,137.07,137.32,136.73,137.0
2014-08-28,137.05,137.25,136.4,136.7
2014-08-29,136.69,137.23,136.57,136.64
2014-09-01,136.71,137.08,136.64,136.98
2014-09-02,137.01,138.13,136.92,137.97
2014-09-03,137.98,138.3,137.67,137.8
2014-09-04,137.79,138.05,135.95,136.25
2014-09-05,136.25,136.63,135.75,136.08
2014-09-08,136.01,137.03,135.76,136.72
2014-09-09,136.75,137.55,136.61,137.34
2014-09-10,137.39,138.2,137.29,137.97
2014-09-11,138.02,138.57,137.73,138.43
2014-09-12,138.45,139.23,138.22,139.13
2014-09-15,139.18,139.29,138.43,138.67
2014-09-16,138.7,139.01,138.51,138.82
2014-09-17,138.86,139.64,138.75,139.42
2014-09-18,139.45,140.57,139.14,140.45
2014-09-19,140.43,141.26,139.66,139.84
2014-09-22,139.91,140.25,139.62,139.85
2014-09-23,139.86,140.25,139.24,139.86
2014-09-24,139.91,139.99,138.96,139.3
2014-09-25,139.33,139.74,138.43,138.63
2014-09-26,138.67,139.12,138.38,138.59
2014-09-29,138.63,139.17,138.49,138.84
2014-09-30,138.88,138.97,137.92,138.49
2014-10-01,138.51,138.84,137.38,137.43
2014-10-02,137.48,137.76,136.85,137.33
2014-10-03,137.36,138.24,137.07,137.36
2014-10-06,137.33,137.81,137.03,137.63
2014-10-07,137.67,137.81,136.55,136.84
2014-10-08,136.88,137.97,136.64,137.62
2014-10-09,137.64,137.91,136.61,136.84
2014-10-10,136.86,137.11,135.82,135.93
2014-10-13,135.87,136.35,135.54,136.23
2014-10-14,136.25,136.59,135.02,135.49
2014-10-15,135.52,136.08,135.12,135.93
2014-10-16,135.98,136.33,134.13,136.16
2014-10-17,136.2,136.75,135.73,136.38
2014-10-20,136.49,137.04,136.26,136.86
2014-10-21,136.88,136.98,135.68,136.0
2014-10-22,136.07,136.24,135.41,135.51
2014-10-23,135.52,137.03,135.19,136.87
2014-10-24,136.92,137.11,136.49,137.01
2014-10-27,137.15,137.49,136.57,136.89
2014-10-28,136.91,137.82,136.85,137.71
2014-10-29,137.73,138.05,137.24,137.53
2014-10-30,137.55,138.1,137.04,137.72
2014-10-31,137.75,140.84,137.66,140.64
2014-11-03,140.75,142.6,140.38,142.33
2014-11-04,142.35,142.64,141.69,142.47
2014-11-05,142.51,143.48,142.32,143.12
2014-11-06,143.15,144.23,142.16,142.54
2014-11-07,142.57,143.03,141.98,142.61
2014-11-10,142.66,142.95,142.07,142.64
2014-11-11,142.67,144.54,142.57,144.41
2014-11-12,144.44,144.73,143.34,143.62
2014-11-13,143.65,144.63,143.55,144.37
2014-11-14,144.42,145.88,144.3,145.58
2014-11-17,145.7,146.55,144.76,145.21
2014-11-18,145.23,146.73,145.14,146.5
2014-11-19,146.52,148.32,146.35,148.09
2014-11-20,148.1,149.16,147.86,148.2
2014-11-21,148.23,148.46,145.68,145.93
2014-11-24,145.8,147.35,145.57,147.14
2014-11-25,147.17,147.43,146.28,147.16
2014-11-26,147.17,147.45,146.48,147.21
2014-11-27,147.25,147.3,146.41,146.72
2014-11-28,146.74,148.03,146.74,147.67
2014-12-01,147.88,148.19,147.07,147.62
2014-12-02,147.63,148.22,147.43,147.57
2014-12-03,147.63,147.96,147.01,147.44
2014-12-04,147.49,148.99,147.29,148.25
2014-12-05,148.3,149.55,148.24,149.15
2014-12-08,149.14,149.76,148.17,148.62
2014-12-09,148.66,148.9,146.79,148.1
2014-12-10,148.12,148.3,146.48,146.6
2014-12-11,146.63,148.86,146.41,147.23
2014-12-12,147.3,148.22,146.93,147.99
2014-12-15,148.13,148.49,146.25,146.5
2014-12-16,146.55,147.05,144.95,145.6
2014-12-17,145.64,146.8,145.32,146.41
2014-12-18,146.44,146.79,145.59,145.97
2014-12-19,146.0,146.75,145.93,146.09
2014-12-22,146.12,147.15,145.88,146.81
2014-12-23,146.84,147.17,146.7,146.87
2014-12-24,146.93,147.18,146.43,146.9
2014-12-25,146.95,147.23,146.59,146.75
2014-12-26,146.79,147.12,146.45,146.57
2014-12-29,146.6,147.24,146.48,146.6
2014-12-30,146.64,146.77,144.75,145.22
2014-12-31,145.24,145.6,144.76,144.78
2015-01-01,144.82,145.1,144.74,144.95
2015-01-02,145.0,145.36,144.15,144.59
2015-01-05,144.63,144.7,142.3,142.73
2015-01-06,142.76,142.81,140.72,140.74
2015-01-07,140.78,141.7,140.35,141.17
2015-01-08,141.2,141.76,140.69,141.09
2015-01-09,141.12,141.4,140.17,140.29
2015-01-12,140.33,140.91,139.74,140.0
2015-01-13,140.06,140.54,138.3,138.82
2015-01-14,138.85,138.94,136.97,138.31
2015-01-15,138.34,138.83,134.95,135.07
2015-01-16,135.13,136.21,134.8,136.04
2015-01-19,136.08,136.85,135.14,136.41
2015-01-20,136.45,137.66,136.4,137.19
2015-01-21,137.24,137.34,135.8,136.89
2015-01-22,136.95,137.34,134.22,134.65
2015-01-23,134.68,135.09,130.92,131.95
2015-01-26,131.55,133.73,130.16,133.11
2015-01-27,133.13,134.23,132.49,134.12
2015-01-28,134.18,134.38,132.45,132.64
2015-01-29,132.68,134.1,132.36,133.86
2015-01-30,133.91,134.21,132.35,132.54
2015-02-02,132.55,133.63,132.0,133.34
2015-02-03,133.41,135.23,132.38,134.94
2015-02-04,134.99,135.39,132.53,133.02
2015-02-05,133.06,135.19,132.54,134.84
2015-02-06,134.89,135.22,133.68,134.58
2015-02-09,134.86,135.02,133.66,134.32
2015-02-10,134.35,135.33,134.02,135.17
2015-02-11,135.2,136.73,135.01,136.48
2015-02-12,136.51,136.73,134.8,135.8
2015-02-13,135.83,136.06,135.15,135.14
2015-02-16,135.22,135.59,133.96,134.49
2015-02-17,134.51,136.26,133.93,136.06
2015-02-18,136.1,136.14,134.84,135.35
2015-02-19,135.39,135.96,134.94,135.19
2015-02-20,135.2,135.91,133.54,135.41
2015-02-23,135.5,136.01,134.42,134.61
2015-02-24,134.65,135.68,134.5,134.9
2015-02-25,134.92,135.26,134.55,135.01
2015-02-26,135.05,135.39,133.54,133.69
2015-02-27,133.73,134.3,133.43,133.77
2015-03-02,133.74,134.61,133.58,134.33
2015-03-03,134.35,134.47,133.64,133.78
2015-03-04,133.82,133.88,132.38,132.54
2015-03-05,132.59,133.62,132.09,132.48
2015-03-06,132.51,132.59,130.88,131.02
2015-03-09,130.88,131.83,130.69,131.46
2015-03-10,131.49,131.9,129.45,129.57
2015-03-11,129.59,129.99,127.62,128.06
2015-03-12,128.1,129.05,127.64,128.98
2015-03-13,129.01,129.07,126.89,127.36
2015-03-16,127.39,128.82,126.97,128.19
2015-03-17,128.24,129.17,128.07,128.59
2015-03-18,128.62,131.54,128.25,130.48
2015-03-19,130.52,130.8,128.35,128.74
2015-03-20,128.78,130.72,128.63,129.87
2015-03-23,130.1,131.37,129.28,131.04
2015-03-24,131.06,131.54,130.34,130.81
2015-03-25,130.84,131.45,130.57,131.06
2015-03-26,131.1,131.17,129.51,129.7
2015-03-27,129.72,130.42,129.0,129.66
2015-03-30,129.73,130.22,129.29,130.05
2015-03-31,130.09,130.29,128.59,128.89
2015-04-01,128.91,129.49,128.4,128.87
2015-04-02,128.92,130.51,128.6,130.25
2015-04-03,130.3,131.62,129.99,130.57
2015-04-06,130.76,131.32,130.43,130.53
2015-04-07,130.54,131.07,129.98,130.05
2015-04-08,130.08,130.38,129.36,129.48
2015-04-09,129.53,129.79,128.22,128.5
2015-04-10,128.54,128.81,127.19,127.45
2015-04-13,127.46,127.85,126.53,126.9
2015-04-14,126.95,127.66,126.07,127.14
2015-04-15,127.2,127.5,126.26,127.28
2015-04-16,127.32,128.6,126.73,128.03
2015-04-17,128.07,128.77,127.76,128.47
2015-04-20,128.7,128.84,127.58,127.96
2015-04-21,127.99,128.8,127.44,128.43
2015-04-22,128.48,128.98,128.17,128.59
2015-04-23,128.6,129.69,127.85,129.41
2015-04-24,129.45,130.15,128.82,129.34
2015-04-27,129.39,130.01,129.0,129.58
2015-04-28,129.68,130.7,129.34,130.49
2015-04-29,130.52,132.92,130.25,132.46
2015-04-30,132.48,134.53,131.3,133.92
2015-05-01,120.11,121.12,119.92,134.58
2015-05-04,134.6,134.74,133.67,133.84
2015-05-05,133.9,134.51,133.1,134.05
2015-05-06,134.07,135.72,133.98,135.56
2015-05-07,135.63,136.01,134.18,134.86
2015-05-08,134.9,135.6,134.09,134.2
2015-05-11,134.1,134.25,133.47,133.91
2015-05-12,133.95,135.32,133.75,134.38
2015-05-13,134.41,135.52,134.2,135.28
2015-05-14,135.35,136.43,135.18,135.9
2015-05-15,135.97,136.83,135.68,136.58
2015-05-18,136.58,136.99,135.57,135.75
2015-05-19,135.78,135.86,133.94,134.53
2015-05-20,134.57,134.91,133.9,134.58
2015-05-21,134.63,135.38,134.21,134.48
2015-05-22,134.51,135.37,133.7,133.87
2015-05-25,133.7,133.86,133.24,133.4
2015-05-26,133.45,134.55,133.09,133.82
2015-05-27,133.85,135.06,133.76,134.82
2015-05-28,134.85,135.88,134.74,135.69
2015-05-29,135.71,136.51,135.42,136.36
2015-06-01,136.37,136.62,135.12,136.3
2015-06-02,136.36,138.82,136.09,138.37
2015-06-03,138.44,140.19,138.04,140.02
2015-06-04,140.06,141.07,139.53,139.74
2015-06-05,139.77,140.72,139.01,139.57
2015-06-08,139.62,140.77,139.03,140.51
2015-06-09,140.57,141.03,139.36,140.27
2015-06-10,140.3,140.7,138.41,138.89
2015-06-11,138.93,139.55,138.54,138.9
2015-06-12,138.95,139.35,137.96,139.01
2015-06-15,138.51,139.37,138.05,139.24
2015-06-16,139.26,140.01,138.24,138.72
2015-06-17,138.76,140.51,138.66,139.92
2015-06-18,139.93,140.7,139.49,139.65
2015-06-19,139.69,140.06,138.91,139.23
2015-06-22,139.4,140.67,139.26,139.88
2015-06-23,139.92,140.06,138.19,138.43
2015-06-24,138.46,139.18,138.25,138.75
2015-06-25,138.78,138.93,137.65,138.48
2015-06-26,138.52,138.7,137.78,138.27
2015-06-29,135.45,138.17,133.79,137.66
2015-06-30,137.69,137.79,135.87,136.39
2015-07-01,136.47,137.44,136.01,136.11
2015-07-02,136.16,137.39,136.03,136.37
2015-07-03,136.42,136.88,135.9,136.47
2015-07-06,133.79,136.06,133.66,135.48
2015-07-07,135.53,135.7,133.49,134.87
2015-07-08,134.95,135.05,133.27,133.68
2015-07-09,133.7,135.1,133.28,133.9
2015-07-10,133.94,137.31,133.8,137.0
2015-07-13,136.29,137.82,135.41,135.79
2015-07-14,135.83,136.39,135.28,135.8
2015-07-15,135.85,136.4,135.34,135.48
2015-07-16,135.51,135.89,134.73,134.99
2015-07-17,135.02,135.31,134.32,134.34
2015-07-20,134.42,135.07,134.32,134.5
2015-07-21,134.52,135.79,134.48,135.46
2015-07-22,135.5,135.67,134.84,135.5
2015-07-23,135.48,136.54,135.4,136.04
2015-07-24,136.09,136.32,135.51,135.95
2015-07-27,135.88,137.15,135.73,136.66
2015-07-28,136.72,137.0,136.35,136.63
2015-07-29,136.65,137.13,135.96,136.11
2015-07-30,136.16,136.52,135.51,135.71
2015-07-31,135.73,137.35,135.57,136.15
2015-08-03,135.95,136.48,135.58,135.78
2015-08-04,135.86,136.2,135.26,135.31
2015-08-05,135.35,136.26,134.97,136.17
2015-08-06,136.26,136.51,135.79,136.24
2015-08-07,136.3,136.77,135.55,136.2
2015-08-10,136.26,137.45,136.1,137.31
2015-08-11,137.33,138.39,136.78,138.11
2015-08-12,138.16,138.9,138.01,138.56
2015-08-13,138.57,138.89,138.07,138.69
2015-08-14,138.73,138.89,137.92,138.05
2015-08-17,138.08,138.41,137.57,137.75
2015-08-18,137.8,137.93,137.05,137.05
2015-08-19,137.12,137.88,137.06,137.61
2015-08-20,137.67,138.79,137.6,138.69
2015-08-21,138.76,139.07,138.16,138.93
2015-08-24,138.73,139.03,135.92,137.58
2015-08-25,137.61,138.64,136.44,136.84
2015-08-26,136.91,137.63,135.41,135.64
2015-08-27,135.69,136.45,135.25,136.1
2015-08-28,136.1,136.65,135.29,136.05
2015-08-31,136.02,136.38,135.66,135.89
2015-09-01,135.95,136.27,134.66,135.01
2015-09-02,135.03,135.82,134.7,135.05
2015-09-03,135.09,135.39,133.12,133.52
2015-09-04,133.57,133.7,132.21,132.63
2015-09-07,132.79,133.39,132.57,133.19
2015-09-08,133.24,134.44,132.95,134.14
2015-09-09,134.21,135.23,134.17,134.99
2015-09-10,135.06,136.23,134.73,135.98
2015-09-11,136.06,136.95,135.71,136.69
2015-09-14,136.73,137.07,135.47,136.06
2015-09-15,136.03,136.44,134.98,135.67
2015-09-16,135.74,136.66,135.14,136.09
2015-09-17,136.11,137.64,136.03,137.2
2015-09-18,137.25,137.34,135.22,135.64
2015-09-21,135.44,136.15,134.75,134.82
2015-09-22,134.93,134.99,133.3,133.56
2015-09-23,133.61,134.72,133.14,134.53
2015-09-24,134.57,134.9,134.01,134.82
2015-09-25,134.85,135.42,134.1,134.94
2015-09-28,135.0,135.0,133.92,134.81
2015-09-29,134.86,134.99,134.22,134.61
2015-09-30,134.68,135.15,133.56,133.93
2015-10-01,133.96,134.31,133.43,134.23
2015-10-02,134.26,135.11,133.97,134.38
2015-10-05,134.57,135.75,134.4,134.72
2015-10-06,134.81,135.64,134.38,135.48
2015-10-07,135.51,135.66,134.59,134.82
2015-10-08,134.85,135.61,134.69,135.23
2015-10-09,135.26,136.98,135.05,136.53
2015-10-12,136.62,136.95,136.21,136.28
2015-10-13,136.31,136.64,136.0,136.24
2015-10-14,136.26,136.8,136.13,136.32
2015-10-15,136.34,136.76,134.78,135.3
2015-10-16,135.33,136.01,134.94,135.49
2015-10-19,135.61,135.82,135.05,135.28
2015-10-20,135.32,136.24,135.25,135.94
2015-10-21,135.97,136.42,135.85,135.95
2015-10-22,136.01,136.1,134.0,134.0
2015-10-23,134.07,134.29,133.36,133.77
2015-10-26,133.73,133.95,133.07,133.85
2015-10-27,133.91,133.95,132.7,133.07
2015-10-28,133.09,133.58,131.96,132.2
2015-10-29,132.29,133.06,131.61,132.94
2015-10-30,132.98,133.42,132.24,132.73
2015-11-02,133.05,133.24,132.61,132.98
2015-11-03,133.01,133.15,132.52,132.76
2015-11-04,132.78,132.94,131.81,132.02
2015-11-05,132.11,132.75,131.83,132.48
2015-11-06,132.51,133.2,131.54,132.22
2015-11-09,132.18,133.22,132.14,132.4
2015-11-10,132.45,132.81,131.61,132.06
2015-11-11,132.06,132.44,131.66,131.95
2015-11-12,132.01,132.79,131.47,132.61
2015-11-13,132.6,132.65,131.54,132.15
2015-11-16,131.56,132.24,130.63,131.57
2015-11-17,131.66,131.83,131.17,131.34
2015-11-18,131.39,131.82,131.1,131.74
2015-11-19,131.79,132.26,131.41,131.85
2015-11-20,131.88,132.07,130.68,130.79
2015-11-23,130.85,131.07,130.33,130.61
2015-11-24,130.66,130.83,130.18,130.35
2015-11-25,130.42,130.79,129.75,130.38
2015-11-26,130.41,130.5,129.87,130.03
2015-11-27,130.11,130.34,129.64,130.07
2015-11-30,130.12,130.32,129.8,130.01
2015-12-01,130.06,130.85,129.74,130.6
2015-12-02,130.65,131.01,130.29,130.77
2015-12-03,130.82,134.54,130.13,134.08
2015-12-04,134.16,134.61,133.32,134.05
2015-12-07,133.86,134.15,133.27,133.67
2015-12-08,133.69,134.05,133.47,133.9
2015-12-09,133.91,134.24,133.51,133.87
2015-12-10,133.93,134.14,132.76,133.01
2015-12-11,133.07,133.82,132.58,132.79
2015-12-14,132.78,133.29,132.43,133.0
2015-12-15,133.04,133.56,132.68,132.93
2015-12-16,133.06,133.89,132.66,133.33
2015-12-17,133.41,133.45,132.56,132.66
2015-12-18,132.69,133.9,131.0,131.68
2015-12-21,131.7,132.38,131.54,132.2
2015-12-22,132.29,132.82,132.08,132.6
2015-12-23,132.67,132.7,131.49,131.9
2015-12-24,131.91,132.2,131.57,132.09
2015-12-25,132.15,132.2,131.52,132.11
2015-12-28,131.93,132.5,131.68,132.0
2015-12-29,132.06,132.35,131.3,131.51
2015-12-30,131.55,131.93,131.43,131.68
2015-12-31,131.78,131.82,130.44,130.65
2016-01-01,130.68,130.75,130.48,130.62
2016-01-04,130.64,130.85,128.67,129.32
2016-01-05,129.37,129.51,127.5,127.93
2016-01-06,127.97,128.21,127.01,127.68
2016-01-07,127.73,128.7,126.76,128.65
2016-01-08,128.66,129.02,128.06,128.35
2016-01-11,128.39,128.49,127.29,127.82
2016-01-12,127.89,128.04,127.43,127.7
2016-01-13,127.73,128.57,127.6,127.93
2016-01-14,128.04,128.79,127.73,128.24
2016-01-15,128.26,128.51,127.58,127.75
2016-01-18,127.82,128.01,127.34,127.75
2016-01-19,127.8,128.59,127.72,128.26
2016-01-20,128.34,128.42,126.59,127.3
2016-01-21,127.36,128.22,126.15,127.96
2016-01-22,128.01,128.47,127.41,128.2
2016-01-25,128.28,128.54,127.84,128.3
2016-01-26,128.34,128.76,127.81,128.7
2016-01-27,128.74,129.54,128.24,129.23
2016-01-28,129.26,130.24,128.92,129.94
2016-01-29,129.98,132.28,129.58,131.12
2016-02-01,131.14,132.05,131.11,131.69
2016-02-02,131.74,132.01,130.87,130.94
2016-02-03,131.0,131.05,130.04,130.87
2016-02-04,130.91,131.67,130.62,130.84
2016-02-05,130.87,131.2,130.12,130.4
2016-02-08,130.46,130.93,128.75,129.68
2016-02-09,129.72,130.29,128.26,129.97
2016-02-10,130.01,130.12,127.72,127.93
2016-02-11,127.97,128.14,125.8,127.26
2016-02-12,127.36,127.68,126.4,127.44
2016-02-15,127.36,128.01,127.0,127.78
2016-02-16,127.81,128.18,126.6,127.07
2016-02-17,127.13,127.42,126.62,126.94
2016-02-18,126.98,127.21,125.55,125.72
2016-02-19,125.78,125.98,125.0,125.28
2016-02-22,125.26,125.58,124.33,124.52
2016-02-23,124.54,124.68,123.04,123.5
2016-02-24,123.55,123.65,122.45,123.51
2016-02-25,123.56,124.67,123.23,124.52
2016-02-26,124.56,125.04,124.21,124.6
2016-02-29,124.63,124.64,122.44,122.47
2016-03-01,122.51,124.11,122.04,123.83
2016-03-02,123.9,124.38,123.07,123.26
2016-03-03,123.33,124.65,123.27,124.53
2016-03-04,124.57,125.63,123.93,125.14
2016-03-07,125.26,125.45,124.22,124.91
2016-03-08,124.97,125.04,123.81,123.87
2016-03-09,123.94,124.91,123.04,124.76
2016-03-10,124.81,126.8,123.65,126.43
2016-03-11,126.51,127.3,126.07,126.88
2016-03-14,126.92,127.2,126.05,126.37
2016-03-15,126.41,126.53,125.08,125.71
2016-03-16,125.74,126.61,125.51,126.33
2016-03-17,126.38,126.63,125.33,126.04
2016-03-18,126.07,126.24,125.27,125.68
2016-03-21,125.74,126.1,125.21,125.81
2016-03-22,125.84,126.28,124.65,126.01
2016-03-23,126.05,126.28,125.52,125.64
2016-03-24,125.65,126.21,125.38,126.13
2016-03-25,126.17,126.47,125.89,126.19
2016-03-28,126.26,127.08,126.17,126.97
2016-03-29,127.03,127.48,126.78,127.2
2016-03-30,127.23,127.85,126.76,127.43
2016-03-31,127.47,128.25,126.95,128.07
2016-04-01,128.1,128.2,127.07,127.14
2016-04-04,127.25,127.39,126.44,126.79
2016-04-05,126.83,126.89,125.17,125.6
2016-04-06,125.64,125.87,124.84,125.12
2016-04-07,125.16,125.29,122.56,123.08
2016-04-08,123.13,124.25,122.93,123.14
2016-04-11,123.26,123.75,122.82,123.1
2016-04-12,123.15,124.03,123.04,123.55
2016-04-13,123.59,123.9,122.99,123.24
2016-04-14,123.28,123.46,122.71,123.22
2016-04-15,123.28,123.6,122.54,122.65
2016-04-18,122.23,123.38,121.7,123.09
2016-04-19,123.13,124.47,123.01,123.97
2016-04-20,124.01,124.36,123.52,124.05
2016-04-21,124.09,124.98,123.38,123.51
2016-04-22,123.55,125.59,123.39,125.53
2016-04-25,125.56,125.59,124.77,125.27
2016-04-26,125.28,126.01,124.68,125.75
2016-04-27,125.77,126.37,125.39,126.15
2016-04-28,126.2,126.48,122.49,122.68
2016-04-29,122.73,122.97,121.66,121.81
2016-05-02,121.71,122.95,121.6,122.69
2016-05-03,122.75,122.81,122.1,122.53
2016-05-04,122.58,123.26,122.27,122.89
2016-05-05,122.94,123.16,122.07,122.3
2016-05-06,122.37,122.48,121.48,122.12
2016-05-09,122.14,123.73,121.93,123.27
2016-05-10,123.31,124.47,123.25,124.2
2016-05-11,124.26,124.42,123.58,123.79
2016-05-12,123.88,124.67,123.68,124.0
2016-05-13,124.04,124.16,122.72,122.77
2016-05-16,122.77,123.53,122.6,123.36
2016-05-17,123.43,124.21,123.18,123.43
2016-05-18,123.48,123.95,122.96,123.57
2016-05-19,123.6,123.81,122.91,123.17
2016-05-20,123.2,124.07,123.05,123.6
2016-05-23,123.53,123.66,122.36,122.5
2016-05-24,122.57,122.76,122.34,122.52
2016-05-25,122.54,123.15,122.42,122.92
2016-05-26,122.91,123.09,122.24,122.82
2016-05-27,122.87,123.11,122.2,122.5
2016-05-30,122.53,123.94,122.53,123.82
2016-05-31,123.78,124.22,122.95,123.18
2016-06-01,123.25,123.36,121.88,122.53
2016-06-02,122.56,122.71,121.05,121.36
2016-06-03,121.41,122.05,120.8,121.05
2016-06-06,120.98,122.36,120.8,122.07
2016-06-07,122.13,122.72,121.64,121.88
2016-06-08,121.94,122.05,121.32,121.86
2016-06-09,121.96,122.1,120.32,121.14
2016-06-10,121.19,121.24,119.9,120.32
2016-06-13,120.32,120.41,118.98,119.93
2016-06-14,119.97,120.14,118.51,118.9
2016-06-15,118.92,119.52,118.7,119.32
2016-06-16,119.36,119.47,115.49,116.99
2016-06-17,117.05,118.12,116.91,117.36
2016-06-20,117.47,119.17,117.33,117.52
2016-06-21,117.58,118.71,117.31,117.72
2016-06-22,117.82,118.63,117.41,117.91
2016-06-23,117.95,121.03,117.93,120.83
2016-06-24,120.92,122.1,109.53,113.58
2016-06-27,113.05,113.29,111.38,112.4
2016-06-28,112.45,113.9,111.91,113.68
2016-06-29,113.73,114.54,112.92,114.36
2016-06-30,114.4,114.84,113.33,114.65
2016-07-01,114.71,114.89,113.66,114.14
2016-07-04,114.23,114.55,113.94,114.36
2016-07-05,114.4,114.47,112.37,112.63
2016-07-06,112.68,112.74,110.83,112.44
2016-07-07,112.47,112.6,111.2,111.42
2016-07-08,111.49,111.87,110.57,111.11
2016-07-11,111.12,113.8,110.98,113.64
2016-07-12,113.68,116.45,113.28,115.76
2016-07-13,115.81,116.25,114.92,115.85
2016-07-14,115.89,118.04,115.38,117.09
2016-07-15,117.13,118.42,115.49,115.67
2016-07-18,115.78,117.71,115.74,117.52
2016-07-19,117.56,117.79,116.55,116.94
2016-07-20,116.97,117.95,116.51,117.64
2016-07-21,117.67,118.49,116.14,116.62
2016-07-22,116.71,117.29,116.2,116.38
2016-07-25,116.37,116.97,116.2,116.23
2016-07-26,116.32,116.44,114.45,114.96
2016-07-27,114.99,117.17,114.86,116.51
2016-07-28,116.55,116.87,115.82,116.54
2016-07-29,116.58,116.77,113.86,114.03
2016-08-01,114.09,114.75,113.94,114.25
2016-08-02,114.3,114.82,113.0,113.24
2016-08-03,113.25,113.64,112.64,112.83
2016-08-04,112.88,113.29,112.46,112.61
2016-08-05,112.65,113.2,112.31,112.85
2016-08-08,112.78,113.78,112.78,113.59
2016-08-09,113.6,113.72,113.02,113.27
2016-08-10,113.28,113.47,112.78,113.16
2016-08-11,113.2,113.72,112.7,113.52
2016-08-12,113.56,114.06,112.73,113.02
2016-08-15,113.06,113.32,112.66,113.22
2016-08-16,113.25,113.37,112.35,113.09
2016-08-17,113.13,113.95,112.81,113.13
2016-08-18,113.2,113.73,112.64,113.37
2016-08-19,113.4,113.9,113.21,113.48
2016-08-22,113.52,114.16,113.4,113.51
2016-08-23,113.57,113.75,113.19,113.28
2016-08-24,113.34,113.59,112.78,113.09
2016-08-25,113.14,113.6,113.04,113.37
2016-08-26,113.43,114.17,113.02,114.0
2016-08-29,114.02,114.71,113.9,114.01
2016-08-30,114.05,114.96,113.83,114.69
2016-08-31,114.74,115.46,114.66,115.38
2016-09-01,115.41,115.84,115.02,115.56
2016-09-02,115.62,116.4,115.46,115.96
2016-09-05,115.98,116.18,115.1,115.26
2016-09-06,115.31,115.71,114.67,114.75
2016-09-07,114.82,114.97,113.81,114.33
2016-09-08,114.35,115.48,114.12,115.37
2016-09-09,115.4,115.98,115.01,115.3
2016-09-12,115.35,115.49,114.22,114.39
2016-09-13,114.44,115.34,113.93,115.02
2016-09-14,115.06,116.12,114.88,115.19
2016-09-15,115.23,115.49,114.63,114.78
2016-09-16,114.8,114.92,113.92,114.09
2016-09-19,114.16,114.31,113.47,113.88
2016-09-20,113.92,114.04,113.38,113.41
2016-09-21,113.45,114.41,112.06,112.17
2016-09-22,112.29,113.51,112.07,112.89
2016-09-23,112.92,113.65,112.87,113.32
2016-09-26,113.44,113.55,112.79,112.89
2016-09-27,112.91,113.6,112.23,112.61
2016-09-28,112.65,113.12,112.43,112.87
2016-09-29,112.92,114.23,112.86,113.34
2016-09-30,113.39,114.13,112.57,113.87
2016-10-03,113.87,114.13,113.61,113.89
2016-10-04,113.95,115.42,113.84,115.26
2016-10-05,115.29,116.28,115.1,115.93
2016-10-06,115.99,116.31,115.71,115.88
2016-10-07,115.91,116.04,115.02,115.24
2016-10-10,115.24,115.76,115.04,115.36
2016-10-11,115.41,115.82,113.99,114.4
2016-10-12,114.43,115.21,114.02,114.67
2016-10-13,114.72,115.17,113.9,114.6
2016-10-14,114.65,115.08,114.19,114.28
2016-10-17,114.32,114.6,114.02,114.25
2016-10-18,114.29,114.71,113.95,114.01
2016-10-19,114.05,114.18,113.11,113.49
2016-10-20,113.52,114.54,113.35,113.59
2016-10-21,113.61,113.87,112.59,112.96
2016-10-24,113.04,113.6,112.81,113.32
2016-10-25,113.37,113.93,113.27,113.45
2016-10-26,113.5,114.23,113.24,113.93
2016-10-27,113.97,114.88,113.69,114.69
2016-10-28,114.74,115.35,114.55,114.98
2016-10-31,115.05,115.29,114.6,115.07
2016-11-01,115.11,115.7,114.79,115.08
2016-11-02,115.16,115.2,114.33,114.6
2016-11-03,114.65,114.8,114.0,114.33
2016-11-04,114.38,114.95,114.12,114.87
2016-11-07,114.86,115.9,114.83,115.29
2016-11-08,115.34,116.06,115.1,115.91
2016-11-09,115.95,116.07,113.71,115.25
2016-11-10,115.27,116.62,114.95,116.31
2016-11-11,116.37,116.53,115.28,115.74
2016-11-14,115.61,116.56,115.51,116.36
2016-11-15,116.42,117.26,116.05,117.01
2016-11-16,117.06,117.53,116.49,116.59
2016-11-17,116.62,117.3,116.23,116.96
2016-11-18,117.02,117.62,116.74,117.4
2016-11-21,117.36,118.06,117.29,117.74
2016-11-22,117.81,118.21,117.35,118.09
2016-11-23,118.11,119.03,117.68,118.71
2016-11-24,118.71,119.9,118.47,119.54
2016-11-25,119.63,120.2,119.28,119.66
2016-11-28,119.86,120.02,118.67,118.78
2016-11-29,118.82,120.02,118.51,119.65
2016-11-30,119.69,121.34,119.42,121.15
2016-12-01,121.2,121.84,120.82,121.6
2016-12-02,121.65,121.93,120.85,121.15
2016-12-05,121.21,123.22,118.69,122.49
2016-12-06,122.56,122.98,121.9,122.13
2016-12-07,122.21,122.63,122.0,122.29
2016-12-08,122.32,123.38,120.88,121.02
2016-12-09,121.06,121.9,120.95,121.81
2016-12-12,121.65,122.97,121.37,122.31
2016-12-13,122.33,122.83,122.06,122.36
2016-12-14,122.41,123.45,122.1,123.29
2016-12-15,123.32,124.13,122.53,123.03
2016-12-16,123.1,123.67,122.81,123.25
2016-12-19,123.16,123.33,121.66,121.78
2016-12-20,121.82,122.82,121.7,122.37
2016-12-21,122.43,122.89,122.02,122.51
2016-12-22,122.54,123.23,122.42,122.62
2016-12-23,122.66,122.82,122.36,122.64
2016-12-26,122.65,122.81,122.17,122.37
2016-12-27,122.41,123.04,122.34,122.73
2016-12-28,122.79,123.27,121.81,122.05
2016-12-29,122.11,122.4,121.53,122.24
2016-12-30,122.28,123.88,122.14,122.87
2017-01-02,123.1,123.57,122.78,122.88
2017-01-03,122.96,123.37,122.25,122.5
2017-01-04,122.54,123.18,122.37,122.94
2017-01-05,123.01,123.16,121.96,122.3
2017-01-06,122.36,123.48,122.09,123.11
2017-01-09,123.25,123.75,122.39,122.65
2017-01-10,122.69,122.99,122.08,122.15
2017-01-11,122.19,122.64,121.21,122.12
2017-01-12,122.13,122.28,121.17,121.66
2017-01-13,121.74,122.45,121.58,121.85
2017-01-16,121.6,121.71,120.74,121.03
2017-01-17,121.09,121.43,120.52,120.64
2017-01-18,120.67,122.02,120.55,121.87
2017-01-19,121.87,122.78,121.7,122.48
2017-01-20,122.51,122.98,122.25,122.61
2017-01-23,122.48,122.54,121.11,121.25
2017-01-24,121.32,122.26,121.16,122.08
2017-01-25,122.13,122.31,121.6,121.7
2017-01-26,121.76,122.71,121.65,122.3
2017-01-27,122.36,123.35,122.2,123.05
2017-01-30,123.1,123.23,121.4,121.63
2017-01-31,121.7,122.29,120.98,121.77
2017-02-01,121.8,122.55,121.57,121.91
2017-02-02,121.96,122.08,121.18,121.35
2017-02-03,121.35,121.8,121.08,121.5
2017-02-06,121.12,121.54,119.94,120.08
2017-02-07,120.12,120.28,119.51,120.02
2017-02-08,120.04,120.13,119.31,119.73
2017-02-09,119.78,120.83,119.51,120.65
2017-02-10,120.68,121.36,120.2,120.41
2017-02-13,120.46,121.2,120.35,120.5
2017-02-14,120.56,121.04,120.19,120.84
2017-02-15,120.86,121.32,120.61,120.98
2017-02-16,121.03,121.18,120.67,120.8
2017-02-17,120.87,121.14,119.68,119.75
2017-02-20,119.83,120.34,119.61,119.96
2017-02-21,120.04,120.35,119.54,119.76
2017-02-22,119.79,119.91,118.58,119.56
2017-02-23,119.62,119.78,119.03,119.1
2017-02-24,119.17,119.53,118.22,118.46
2017-02-27,118.53,119.49,118.23,119.28
2017-02-28,119.33,119.41,118.66,119.23
2017-03-01,119.28,120.25,119.22,119.92
2017-03-02,119.97,120.52,119.91,120.18
2017-03-03,120.2,121.21,120.0,121.06
2017-03-06,121.05,121.17,120.33,120.45
2017-03-07,120.52,120.75,120.37,120.39
2017-03-08,120.44,121.15,120.0,120.5
2017-03-09,120.54,121.92,120.46,121.52
2017-03-10,121.58,122.85,121.49,122.42
2017-03-13,122.51,122.91,122.12,122.37
2017-03-14,122.39,122.66,121.62,121.64
2017-03-15,121.68,122.09,121.19,121.65
2017-03-16,121.71,122.07,121.12,121.96
2017-03-17,122.0,122.27,120.79,120.99
2017-03-20,120.91,121.46,120.69,120.84
2017-03-21,120.86,121.86,120.62,120.74
2017-03-22,120.78,120.87,119.67,120.01
2017-03-23,120.03,120.34,119.31,119.57
2017-03-24,119.63,120.28,119.51,120.17
2017-03-27,120.05,120.34,119.54,120.19
2017-03-28,120.22,120.42,119.67,120.14
2017-03-29,120.19,120.47,119.01,119.53
2017-03-30,119.56,119.87,119.07,119.44
2017-03-31,119.48,119.85,118.6,118.63
2017-04-03,118.79,119.08,118.1,118.27
2017-04-04,118.31,118.39,117.41,118.16
2017-04-05,118.21,118.85,118.0,118.02
2017-04-06,118.05,118.44,117.35,117.91
2017-04-07,117.95,118.19,117.31,117.58
2017-04-10,117.76,118.09,117.44,117.49
2017-04-11,117.57,117.6,116.21,116.2
2017-04-12,116.24,116.59,115.94,116.24
2017-04-13,116.29,116.49,115.71,115.77
2017-04-14,115.79,116.04,115.18,115.22
2017-04-17,115.26,116.05,114.83,115.86
2017-04-18,115.9,116.53,115.74,116.3
2017-04-19,116.35,117.0,116.26,116.57
2017-04-20,116.61,117.85,116.52,117.15
2017-04-21,117.17,117.34,116.45,116.99
2017-04-24,120.63,120.9,118.9,119.27
2017-04-25,119.29,121.67,119.04,121.35
2017-04-26,121.38,122.01,120.89,121.06
2017-04-27,121.09,121.92,120.6,120.95
2017-04-28,120.98,122.03,120.67,121.51
2017-05-01,121.38,122.09,121.25,121.87
2017-05-02,121.9,122.6,121.83,122.35
2017-05-03,122.4,122.87,122.28,122.67
2017-05-04,122.74,123.67,122.57,123.52
2017-05-05,123.53,124.1,122.91,123.92
2017-05-08,124.28,124.62,122.98,123.68
2017-05-09,123.72,124.56,123.62,123.91
2017-05-10,123.95,124.35,123.49,124.17
2017-05-11,124.23,124.45,123.3,123.64
2017-05-12,123.68,123.98,123.3,123.85
2017-05-15,123.68,124.93,123.6,124.84
2017-05-16,124.89,125.85,124.57,125.35
2017-05-17,125.37,125.43,123.63,123.63
2017-05-18,123.67,124.13,122.55,123.75
2017-05-19,123.79,124.97,123.37,124.66
2017-05-22,124.7,125.33,124.1,125.03
2017-05-23,125.07,125.4,124.54,124.98
2017-05-24,125.01,125.41,124.89,125.06
2017-05-25,125.09,125.83,125.04,125.33
2017-05-26,125.38,125.46,124.15,124.47
2017-05-29,124.46,124.68,124.17,124.17
2017-05-30,124.22,124.43,123.15,123.95
2017-05-31,124.0,124.58,123.7,124.51
2017-06-01,124.55,125.11,124.44,124.82
2017-06-02,124.87,125.33,124.41,124.53
2017-06-05,124.36,124.73,124.17,124.26
2017-06-06,124.33,124.48,122.91,123.35
2017-06-07,123.37,123.77,122.62,123.57
2017-06-08,123.63,124.06,123.16,123.3
2017-06-09,123.36,123.89,122.8,123.48
2017-06-12,123.57,123.78,122.78,123.11
2017-06-13,123.17,123.77,123.0,123.36
2017-06-14,123.39,123.68,122.73,122.88
2017-06-15,122.92,123.75,122.38,123.56
2017-06-16,123.63,124.49,123.51,124.11
2017-06-19,124.22,124.54,124.05,124.3
2017-06-20,124.34,124.66,123.9,124.08
2017-06-21,124.1,124.47,123.64,124.32
2017-06-22,124.39,124.48,123.82,124.12
2017-06-23,124.17,124.74,124.01,124.52
2017-06-26,124.49,125.19,124.4,125.0
2017-06-27,125.07,127.51,124.73,127.36
2017-06-28,127.39,127.89,126.47,127.73
2017-06-29,127.77,128.85,127.7,128.32
2017-06-30,128.34,128.63,127.44,128.34
2017-07-03,128.04,128.99,127.79,128.79
2017-07-04,128.86,129.01,128.01,128.46
2017-07-05,128.52,129.1,128.15,128.54
2017-07-06,128.59,129.44,127.99,129.29
2017-07-07,129.33,130.15,129.14,129.82
2017-07-10,129.74,130.42,129.74,129.96
2017-07-11,130.01,130.79,129.94,130.62
2017-07-12,130.65,130.71,129.04,129.08
2017-07-13,129.14,129.68,128.46,129.07
2017-07-14,129.12,129.54,128.57,129.03
2017-07-17,129.04,129.49,128.7,129.27
2017-07-18,129.28,129.78,129.05,129.45
2017-07-19,129.51,129.57,128.56,128.9
2017-07-20,128.95,130.29,128.76,130.09
2017-07-21,130.16,130.52,129.48,129.55
2017-07-24,129.55,129.79,128.86,129.29
2017-07-25,129.35,130.6,129.24,130.3
2017-07-26,130.38,130.63,129.93,130.41
2017-07-27,130.45,130.62,129.53,129.85
2017-07-28,129.93,130.44,129.53,130.01
2017-07-31,129.87,130.62,129.53,130.52
2017-08-01,130.57,130.63,129.83,130.22
2017-08-02,130.24,131.43,130.16,131.25
2017-08-03,131.26,131.37,130.45,130.58
2017-08-04,130.63,131.15,130.08,130.24
2017-08-07,130.24,130.89,130.16,130.57
2017-08-08,130.64,130.84,129.58,129.61
2017-08-09,129.62,129.79,128.39,129.4
2017-08-10,129.45,129.56,128.2,128.53
2017-08-11,128.58,129.19,128.03,129.04
2017-08-14,128.93,129.68,128.79,129.11
2017-08-15,129.15,130.07,129.05,129.84
2017-08-16,129.88,130.42,129.5,129.63
2017-08-17,129.7,129.75,128.34,128.44
2017-08-18,128.47,128.81,127.54,128.38
2017-08-21,128.66,128.81,127.83,128.73
2017-08-22,128.76,129.2,128.31,128.84
2017-08-23,128.88,129.15,128.46,128.7
2017-08-24,128.74,129.42,128.54,129.22
2017-08-25,129.27,130.48,129.09,130.37
2017-08-28,130.39,130.99,129.97,130.84
2017-08-29,130.88,131.64,129.64,131.38
2017-08-30,131.41,131.72,130.97,130.98
2017-08-31,131.0,131.6,130.7,130.94
2017-09-01,130.98,131.65,130.65,130.72
2017-09-04,129.72,130.73,129.6,130.51
2017-09-05,130.54,130.66,129.37,129.6
2017-09-06,129.64,130.41,129.36,130.14
2017-09-07,130.17,131.12,129.89,130.36
2017-09-08,130.41,130.69,129.45,129.75
2017-09-11,129.89,130.92,129.78,130.73
2017-09-12,130.76,131.92,130.66,131.81
2017-09-13,131.85,132.03,131.25,131.29
2017-09-14,131.32,131.77,131.1,131.36
2017-09-15,131.39,133.14,130.58,132.35
2017-09-18,132.47,133.45,132.39,133.34
2017-09-19,133.37,134.19,133.22,133.81
2017-09-20,133.85,134.26,133.24,133.43
2017-09-21,133.47,134.4,133.41,134.28
2017-09-22,134.32,134.43,133.49,133.76
2017-09-25,133.86,134.26,131.92,132.34
2017-09-26,132.38,132.62,131.73,132.32
2017-09-27,132.35,132.77,132.07,132.5
2017-09-28,132.51,132.91,132.28,132.37
2017-09-29,132.42,133.18,132.31,132.85
2017-10-02,133.18,133.18,132.17,132.27
2017-10-03,132.3,132.91,132.19,132.5
2017-10-04,132.54,132.85,132.24,132.57
2017-10-05,132.6,132.8,131.82,132.1
2017-10-06,132.13,132.8,131.95,132.15
2017-10-09,132.19,132.51,131.85,132.25
2017-10-10,132.28,132.89,132.22,132.75
2017-10-11,132.79,133.52,132.45,133.37
2017-10-12,133.43,133.51,132.78,132.82
2017-10-13,132.84,132.95,132.13,132.22
2017-10-16,132.27,132.41,131.65,132.32
2017-10-17,132.35,132.4,131.83,131.98
2017-10-18,132.02,133.31,131.95,133.1
2017-10-19,133.13,133.64,132.48,133.35
2017-10-20,133.38,133.98,133.29,133.76
2017-10-23,133.84,134.15,133.08,133.23
2017-10-24,133.27,134.2,133.18,133.92
2017-10-25,133.95,134.52,133.75,134.34
2017-10-26,134.37,134.52,132.64,132.78
2017-10-27,132.8,132.98,131.73,131.95
2017-10-30,131.98,132.31,131.45,131.82
2017-10-31,131.85,132.58,131.5,132.3
2017-11-01,132.34,132.85,132.31,132.61
2017-11-02,132.66,133.16,132.55,132.96
2017-11-03,133.01,133.26,132.38,132.39
2017-11-06,132.42,133.14,131.99,131.97
2017-11-07,132.01,132.43,131.83,132.07
2017-11-08,132.11,132.2,131.39,132.01
2017-11-09,132.03,132.28,131.51,132.07
2017-11-10,132.1,132.57,131.93,132.41
2017-11-13,132.45,132.64,131.92,132.53
2017-11-14,132.57,133.88,132.47,133.81
2017-11-15,133.85,133.92,132.95,133.06
2017-11-16,133.1,133.49,132.75,133.05
2017-11-17,133.09,133.18,132.04,132.16
2017-11-20,132.16,132.49,131.16,132.11
2017-11-21,132.13,132.3,131.56,131.96
2017-11-22,131.99,132.1,131.39,131.44
2017-11-23,131.48,131.91,131.21,131.77
2017-11-24,131.81,133.26,131.73,133.06
2017-11-27,133.1,133.25,132.06,132.15
2017-11-28,132.18,132.59,131.7,131.98
2017-11-29,132.01,132.81,131.9,132.59
2017-11-30,132.6,134.16,132.54,133.92
2017-12-01,133.96,134.4,132.87,133.28
2017-12-04,133.2,134.07,133.2,133.35
2017-12-05,133.39,133.78,133.0,133.11
2017-12-06,133.16,133.27,132.24,132.42
2017-12-07,132.45,133.32,132.39,133.09
2017-12-08,133.14,133.63,133.09,133.5
2017-12-11,133.56,133.91,133.45,133.61
2017-12-12,133.65,133.78,133.0,133.28
2017-12-13,133.32,133.39,132.81,133.07
2017-12-14,133.09,133.78,132.22,132.35
2017-12-15,132.38,132.76,132.03,132.29
2017-12-18,132.39,133.03,132.14,132.57
2017-12-19,132.59,133.95,132.58,133.63
2017-12-20,133.67,134.8,133.61,134.59
2017-12-21,134.6,134.9,134.43,134.54
2017-12-22,134.56,134.6,133.91,134.29
2017-12-25,134.2,134.62,134.18,134.41
2017-12-26,134.43,134.59,134.2,134.26
2017-12-27,134.28,134.99,134.17,134.72
2017-12-28,134.76,134.99,134.43,134.78
2017-12-29,134.81,135.56,134.51,135.16
2018-01-01,135.25,135.33,135.14,135.26
2018-01-02,135.32,135.66,134.92,135.38
2018-01-03,135.41,135.54,134.79,135.13
2018-01-04,135.18,136.39,135.11,136.04
2018-01-05,136.06,136.79,135.99,135.99
2018-01-08,136.04,136.34,135.11,135.3
2018-01-09,135.35,135.49,134.04,134.44
2018-01-10,134.48,134.57,133.07,133.09
2018-01-11,133.13,134.39,133.05,133.83
2018-01-12,133.87,135.4,133.81,135.29
2018-01-15,135.42,136.01,135.0,135.51
2018-01-16,135.56,136.13,134.97,135.39
2018-01-17,135.43,136.01,135.13,135.57
2018-01-18,135.61,136.34,135.44,135.94
2018-01-19,135.98,136.07,135.17,135.35
2018-01-22,135.89,136.17,135.33,135.98
2018-01-23,136.02,136.23,135.18,135.64
2018-01-24,135.66,135.72,134.91,135.49
2018-01-25,135.53,136.31,135.01,135.61
2018-01-26,135.63,136.17,134.54,134.99
2018-01-29,135.0,135.36,134.3,134.89
2018-01-30,134.92,135.22,134.13,134.86
2018-01-31,134.9,136.08,134.84,135.61
2018-02-01,135.62,136.99,135.44,136.83
2018-02-02,136.87,137.53,136.64,137.17
2018-02-05,137.21,137.23,134.89,134.91
2018-02-06,134.91,135.82,133.96,135.58
2018-02-07,135.61,135.88,133.82,134.06
2018-02-08,134.08,134.81,132.92,133.15
2018-02-09,133.18,134.18,131.95,133.07
2018-02-12,133.32,133.67,132.88,133.53
2018-02-13,133.57,133.82,132.51,133.16
2018-02-14,133.19,133.42,131.57,133.19
2018-02-15,133.23,133.36,132.51,132.69
2018-02-16,132.73,133.13,131.81,131.85
2018-02-19,131.94,132.39,131.8,132.25
2018-02-20,132.26,132.52,132.1,132.39
2018-02-21,132.43,133.09,132.24,132.35
2018-02-22,132.38,132.45,131.27,131.6
2018-02-23,131.63,131.87,130.92,131.39
2018-02-26,131.45,131.95,131.07,131.69
2018-02-27,131.72,132.22,131.25,131.26
2018-02-28,131.3,131.54,130.04,130.05
2018-03-01,130.09,130.81,129.76,130.31
2018-03-02,130.32,130.47,129.55,130.23
2018-03-05,130.37,131.04,129.35,130.99
2018-03-06,131.01,132.04,130.58,131.6
2018-03-07,131.64,131.78,130.91,131.61
2018-03-08,131.68,132.01,130.5,130.73
2018-03-09,130.76,131.91,130.69,131.38
2018-03-12,131.47,131.72,130.95,131.22
2018-03-13,131.26,132.45,131.1,132.01
2018-03-14,132.05,132.31,131.01,131.46
2018-03-15,131.49,131.56,130.54,130.83
2018-03-16,130.86,130.95,130.06,130.22
2018-03-19,130.35,131.08,129.6,130.83
2018-03-20,130.87,131.72,130.32,130.39
2018-03-21,130.42,131.09,130.19,130.81
2018-03-22,130.85,131.04,129.48,129.48
2018-03-23,129.51,130.0,128.92,129.34
2018-03-26,129.38,131.39,129.12,131.14
2018-03-27,131.18,131.83,130.57,130.62
2018-03-28,130.66,131.78,130.62,131.49
2018-03-29,131.52,131.63,130.61,130.89
2018-03-30,130.91,131.11,130.6,130.92
2018-04-02,131.0,131.32,129.97,130.23
2018-04-03,130.28,130.94,129.98,130.79
2018-04-04,130.81,131.22,130.21,131.08
2018-04-05,131.1,131.52,131.05,131.4
2018-04-06,131.44,131.66,131.07,131.3
2018-04-09,131.29,132.03,131.1,131.52
2018-04-10,131.54,132.65,131.41,132.42
2018-04-11,132.46,132.63,132.01,132.03
2018-04-12,132.07,132.36,131.79,132.27
2018-04-13,132.31,132.92,132.15,132.33
2018-04-16,132.31,132.99,132.11,132.58
2018-04-17,132.62,132.8,132.09,132.35
2018-04-18,132.37,132.93,132.32,132.66
2018-04-19,132.68,133.12,132.34,132.53
2018-04-20,132.56,133.0,132.01,132.26
2018-04-23,132.31,132.81,132.09,132.69
2018-04-24,132.72,133.53,132.6,133.09
2018-04-25,133.1,133.37,132.91,133.03
2018-04-26,133.07,133.27,132.26,132.25
2018-04-27,132.31,132.42,131.84,132.23
2018-04-30,132.18,132.57,131.86,132.04
2018-05-01,132.07,132.13,131.51,131.74
2018-05-02,131.76,132.11,131.19,131.24
2018-05-03,131.28,131.68,130.24,130.87
2018-05-04,130.91,130.97,129.87,130.47
2018-05-07,130.44,130.66,129.93,130.03
2018-05-08,130.06,130.15,129.22,129.44
2018-05-09,129.47,130.51,129.33,130.04
2018-05-10,130.05,130.79,129.98,130.3
2018-05-11,130.35,130.71,129.98,130.62
2018-05-14,130.68,131.4,130.52,130.76
2018-05-15,130.8,131.16,130.42,130.61
2018-05-16,130.64,130.72,129.5,130.33
2018-05-17,130.35,130.88,130.2,130.61
2018-05-18,130.65,131.14,130.22,130.4
2018-05-21,130.39,131.03,130.25,130.92
2018-05-22,130.95,131.38,130.57,130.59
2018-05-23,130.62,130.74,128.22,128.73
2018-05-24,128.76,128.89,127.72,128.02
2018-05-25,128.05,128.56,127.13,127.43
2018-05-28,127.46,128.56,126.84,127.16
2018-05-29,127.2,127.29,124.6,125.48
2018-05-30,125.51,127.34,124.96,126.99
2018-05-31,127.02,127.74,126.31,127.2
2018-06-01,127.23,128.17,127.1,127.71
2018-06-04,127.71,128.7,127.59,128.44
2018-06-05,128.47,128.73,127.77,128.63
2018-06-06,128.66,129.85,128.58,129.7
2018-06-07,129.72,130.3,129.29,129.4
2018-06-08,129.45,129.75,128.1,128.87
2018-06-11,128.89,130.07,128.6,129.63
2018-06-12,129.67,130.3,129.49,129.6
2018-06-13,129.63,130.36,129.58,130.06
2018-06-14,130.11,130.39,127.89,127.95
2018-06-15,127.98,128.55,127.69,128.44
2018-06-18,128.48,128.53,127.8,128.47
2018-06-19,128.49,128.62,126.63,127.51
2018-06-20,127.55,127.95,127.09,127.67
2018-06-21,127.71,128.06,126.99,127.59
2018-06-22,127.63,128.62,127.49,128.16
2018-06-25,128.24,128.85,127.26,128.44
2018-06-26,128.48,128.53,127.79,128.16
2018-06-27,128.19,128.37,127.24,127.36
2018-06-28,127.4,127.95,127.13,127.79
2018-06-29,127.82,129.5,127.66,129.28
2018-07-02,128.98,129.53,128.39,129.06
2018-07-03,129.08,129.57,128.7,128.88
2018-07-04,128.92,129.06,128.47,128.73
2018-07-05,128.77,129.66,128.56,129.29
2018-07-06,129.32,130.01,129.21,129.72
2018-07-09,129.8,130.28,129.54,130.23
2018-07-10,130.26,130.76,130.07,130.31
2018-07-11,130.35,130.98,129.89,130.73
2018-07-12,130.77,131.5,130.64,131.36
2018-07-13,131.4,131.55,130.77,131.29
2018-07-16,131.14,131.73,131.08,131.47
2018-07-17,131.51,132.01,131.42,131.6
2018-07-18,131.64,131.79,130.86,131.32
2018-07-19,131.34,131.53,130.7,130.9
2018-07-20,130.94,131.23,130.53,130.53
2018-07-23,130.66,130.88,129.85,130.14
2018-07-24,130.18,130.39,129.73,129.91
2018-07-25,129.95,130.29,129.39,130.15
2018-07-26,130.16,130.32,129.43,129.47
2018-07-27,129.5,129.57,129.1,129.43
2018-07-30,129.46,130.1,129.28,129.98
2018-07-31,130.03,131.17,129.72,130.78
2018-08-01,130.8,131.13,130.01,130.23
2018-08-02,130.27,130.34,129.25,129.31
2018-08-03,129.34,129.55,128.62,128.68
2018-08-06,128.75,128.9,128.49,128.7
2018-08-07,128.71,129.26,128.57,129.16
2018-08-08,129.19,129.48,128.53,128.84
2018-08-09,128.87,129.04,128.02,128.02
2018-08-10,128.06,128.13,125.98,126.56
2018-08-13,126.35,126.81,125.13,126.3
2018-08-14,126.35,127.02,125.79,126.05
2018-08-15,126.09,126.39,124.88,125.6
2018-08-16,125.64,126.51,125.27,126.13
2018-08-17,126.16,126.62,125.56,126.36
2018-08-20,126.46,126.55,126.07,126.35
2018-08-21,126.38,128.07,126.25,127.59
2018-08-22,127.63,128.31,127.31,128.18
2018-08-23,128.2,128.79,127.91,128.41
2018-08-24,128.42,129.45,128.32,129.25
2018-08-27,129.39,129.86,128.79,129.71
2018-08-28,129.73,130.3,129.62,130.0
2018-08-29,130.04,130.88,129.55,130.7
2018-08-30,130.74,130.88,129.39,129.5
2018-08-31,129.53,129.87,128.54,128.82
2018-09-03,128.82,129.17,128.56,129.1
2018-09-04,129.12,129.23,128.3,129.06
2018-09-05,129.09,129.99,128.59,129.69
2018-09-06,129.7,129.85,128.48,128.69
2018-09-07,128.74,129.13,128.0,128.27
2018-09-10,128.26,129.09,127.85,128.8
2018-09-11,128.84,129.84,128.76,129.54
2018-09-12,129.54,129.84,128.91,129.32
2018-09-13,129.36,130.96,129.23,130.81
2018-09-14,130.84,131.13,130.14,130.28
2018-09-17,130.25,131.06,130.08,130.65
2018-09-18,130.68,131.53,130.28,131.06
2018-09-19,131.09,131.71,130.77,131.04
2018-09-20,131.06,132.53,130.87,132.45
2018-09-21,132.49,133.14,132.14,132.25
2018-09-24,132.27,133.09,131.89,132.48
2018-09-25,132.52,133.14,132.36,132.98
2018-09-26,133.0,133.13,132.2,132.31
2018-09-27,132.35,132.7,131.56,131.95
2018-09-28,131.98,132.33,131.15,131.96
2018-10-01,131.97,132.49,131.73,131.86
2018-10-02,131.9,132.02,130.7,131.23
2018-10-03,131.25,131.99,130.95,131.43
2018-10-04,131.46,131.6,130.74,131.16
2018-10-05,131.17,131.42,130.58,131.02
2018-10-08,131.01,131.27,129.5,130.1
2018-10-09,130.13,130.25,129.31,129.76
2018-10-10,129.8,130.51,129.28,129.31
2018-10-11,129.34,130.23,129.18,130.03
2018-10-12,130.05,130.52,129.34,129.71
2018-10-15,129.67,129.82,129.12,129.38
2018-10-16,129.44,130.32,129.4,129.91
2018-10-17,129.93,130.18,129.15,129.52
2018-10-18,129.55,129.76,128.3,128.47
2018-10-19,128.49,129.71,128.39,129.57
2018-10-22,129.51,130.22,129.18,129.3
2018-10-23,129.35,129.42,128.2,128.97
2018-10-24,129.0,129.24,127.75,127.85
2018-10-25,127.89,128.45,127.47,127.84
2018-10-26,127.88,127.95,126.62,127.59
2018-10-29,127.66,128.26,127.23,127.78
2018-10-30,127.8,128.46,127.71,128.28
2018-10-31,128.35,128.57,127.63,127.72
2018-11-01,127.75,128.79,127.6,128.55
2018-11-02,128.57,129.34,128.35,128.86
2018-11-05,128.94,129.35,128.64,129.09
2018-11-06,129.12,129.67,128.84,129.58
2018-11-07,129.63,130.17,129.37,129.67
2018-11-08,129.71,130.15,129.39,129.61
2018-11-09,129.61,129.68,128.72,129.0
2018-11-12,128.98,129.2,127.61,127.67
2018-11-13,127.7,128.79,127.49,128.48
2018-11-14,128.51,129.26,128.12,128.47
2018-11-15,128.5,129.08,127.75,128.69
2018-11-16,128.74,128.94,128.11,128.82
2018-11-19,128.86,129.09,128.45,128.87
2018-11-20,128.91,129.03,127.94,128.2
2018-11-21,128.23,129.08,128.07,128.67
2018-11-22,128.7,129.12,128.62,128.82
2018-11-23,128.85,128.95,127.81,128.07
2018-11-26,128.12,128.93,127.92,128.65
2018-11-27,128.68,128.86,128.34,128.42
2018-11-28,128.48,129.28,128.23,129.21
2018-11-29,129.22,129.34,128.66,129.27
2018-11-30,129.29,129.36,128.4,128.38
2018-12-03,128.42,129.4,128.39,129.02
2018-12-04,129.06,129.09,127.59,127.93
2018-12-05,127.93,128.51,127.77,128.4
2018-12-06,128.42,128.49,127.65,128.14
2018-12-07,128.19,128.69,128.11,128.23
2018-12-10,128.24,128.96,128.1,128.69
2018-12-11,128.7,129.0,128.14,128.29
2018-12-12,128.32,128.91,128.26,128.77
2018-12-13,128.79,129.28,128.69,129.08
2018-12-14,129.11,129.26,127.97,128.2
2018-12-17,128.26,128.61,127.85,128.01
2018-12-18,128.04,128.13,127.62,127.82
2018-12-19,127.85,128.41,127.53,127.93
2018-12-20,127.97,128.39,127.18,127.35
2018-12-21,127.38,127.72,126.35,126.47
2018-12-24,126.51,126.79,125.78,125.88
2018-12-25,125.91,126.05,125.23,125.28
2018-12-26,125.31,126.47,125.13,126.39
2018-12-27,126.43,127.07,125.92,126.85
2018-12-28,126.89,126.98,126.05,126.16
2018-12-31,126.19,126.49,125.35,125.65
2019-01-01,125.64,126.63,125.28,125.75
2019-01-02,125.8,125.85,123.48,123.48
2019-01-03,123.52,123.61,118.93,122.63
2019-01-04,122.66,123.89,122.57,123.64
2019-01-07,123.68,124.83,123.41,124.72
2019-01-08,124.77,124.88,124.11,124.39
2019-01-09,124.43,125.11,124.36,124.82
2019-01-10,124.85,125.08,124.34,124.66
2019-01-11,124.68,125.02,124.21,124.46
2019-01-14,124.53,124.53,123.75,124.1
2019-01-15,124.08,124.89,123.38,123.99
2019-01-16,124.05,124.44,123.52,124.32
2019-01-17,124.31,124.72,123.73,124.45
2019-01-18,124.51,125.01,124.21,124.7
2019-01-21,124.77,125.18,124.5,124.62
2019-01-22,124.65,124.85,124.02,124.21
2019-01-23,124.25,124.97,124.19,124.71
2019-01-24,124.74,124.93,123.78,123.94
2019-01-25,123.97,125.35,123.76,124.93
2019-01-28,124.96,125.08,124.59,124.92
2019-01-29,124.99,125.28,124.64,125.02
2019-01-30,125.06,125.5,124.86,125.12
2019-01-31,125.17,125.32,124.47,124.61
2019-02-01,124.64,125.76,124.35,125.4
2019-02-04,125.43,125.99,125.31,125.67
2019-02-05,125.71,125.91,125.26,125.49
2019-02-06,125.52,125.57,124.79,124.91
2019-02-07,124.95,125.13,124.32,124.56
2019-02-08,124.61,124.73,124.14,124.29
2019-02-11,124.29,124.91,124.18,124.43
2019-02-12,124.51,125.31,124.41,125.11
2019-02-13,125.14,125.56,124.97,124.97
2019-02-14,125.01,125.48,124.73,124.76
2019-02-15,124.8,124.98,124.22,124.72
2019-02-18,124.71,125.31,124.61,125.07
2019-02-19,125.11,125.59,124.73,125.43
2019-02-20,125.47,125.96,125.32,125.64
2019-02-21,125.68,125.89,125.29,125.47
2019-02-22,125.5,125.81,125.35,125.52
2019-02-25,125.5,126.33,125.32,126.14
2019-02-26,126.25,126.3,125.7,125.99
2019-02-27,125.98,126.38,125.51,126.17
2019-02-28,126.2,126.94,125.88,126.63
2019-03-01,126.67,127.62,126.54,127.28
2019-03-04,127.3,127.47,126.43,126.68
2019-03-05,126.71,126.99,126.34,126.5
2019-03-06,126.52,126.65,126.17,126.33
2019-03-07,126.37,126.48,124.66,124.88
2019-03-08,124.92,125.06,124.26,124.91
2019-03-11,124.89,125.24,124.47,125.07
2019-03-12,125.1,125.85,125.01,125.67
2019-03-13,125.71,126.07,125.44,125.88
2019-03-14,125.92,126.59,125.9,126.24
2019-03-15,126.29,126.6,126.1,126.22
2019-03-18,126.21,126.74,126.12,126.31
2019-03-19,126.33,126.63,126.07,126.39
2019-03-20,126.43,126.93,126.31,126.3
2019-03-21,126.35,126.63,125.68,126.0
2019-03-22,126.05,126.23,123.82,124.34
2019-03-25,124.39,124.84,123.88,124.36
2019-03-26,124.4,125.05,124.35,124.6
2019-03-27,124.64,124.76,124.03,124.22
2019-03-28,124.26,124.46,123.64,124.19
2019-03-29,124.16,124.68,124.12,124.33
2019-04-01,124.33,124.98,124.25,124.83
2019-04-02,124.9,124.96,124.46,124.7
2019-04-03,124.73,125.49,124.6,125.23
2019-04-04,125.25,125.42,124.95,125.27
2019-04-05,125.33,125.55,125.21,125.29
2019-04-08,125.32,125.69,124.98,125.5
2019-04-09,125.67,125.71,125.12,125.15
2019-04-10,125.18,125.48,124.77,125.13
2019-04-11,125.15,125.76,125.03,125.61
2019-04-12,125.66,126.8,125.62,126.58
2019-04-15,126.57,126.81,126.47,126.67
2019-04-16,126.64,126.78,126.19,126.32
2019-04-17,126.35,126.88,126.31,126.55
2019-04-18,126.6,126.71,125.66,125.72
2019-04-19,125.87,125.97,125.7,125.85
2019-04-22,125.85,126.1,125.74,125.99
2019-04-23,126.05,126.1,125.27,125.56
2019-04-24,125.59,125.68,124.79,125.09
2019-04-25,125.21,125.23,124.1,124.23
2019-04-26,124.27,124.65,123.99,124.39
2019-04-29,124.43,125.07,124.3,124.85
2019-04-30,124.89,125.07,124.41,124.96
2019-05-01,124.99,125.2,124.66,124.67
2019-05-02,124.78,125.13,124.51,124.61
2019-05-03,124.66,124.73,124.26,124.42
2019-05-06,123.86,124.34,123.35,124.02
2019-05-07,124.06,124.28,123.1,123.36
2019-05-08,123.39,123.54,123.1,123.21
2019-05-09,123.23,123.35,122.48,123.1
2019-05-10,123.1,123.66,123.03,123.5
2019-05-13,123.42,123.52,122.54,122.67
2019-05-14,122.69,123.41,122.57,122.85
2019-05-15,122.9,123.12,122.07,122.73
2019-05-16,122.77,123.0,122.53,122.71
2019-05-17,122.76,123.01,122.27,122.83
2019-05-20,122.57,123.21,122.52,122.9
2019-05-21,122.95,123.78,122.66,123.28
2019-05-22,123.4,123.54,122.96,123.05
2019-05-23,123.06,123.14,122.12,122.52
2019-05-24,122.55,122.85,122.41,122.43
2019-05-27,122.41,122.83,122.31,122.6
2019-05-28,122.64,122.73,122.0,122.05
2019-05-29,122.07,122.23,121.58,121.96
2019-05-30,121.99,122.32,121.9,121.98
2019-05-31,122.05,122.13,120.91,121.05
2019-06-03,121.19,121.68,120.77,121.46
2019-06-04,121.49,121.81,121.29,121.67
2019-06-05,121.68,122.28,121.54,121.67
2019-06-06,121.8,122.42,121.28,122.21
2019-06-07,122.25,122.74,122.09,122.58
2019-06-10,122.53,123.03,122.44,122.66
2019-06-11,122.67,123.18,122.61,122.92
2019-06-12,122.91,123.07,122.41,122.45
2019-06-13,122.5,122.58,122.13,122.19
2019-06-14,122.29,122.35,121.57,121.65
2019-06-17,121.77,122.2,121.5,121.76
2019-06-18,121.78,121.89,121.05,121.36
2019-06-19,121.38,121.71,121.16,121.32
2019-06-20,121.36,121.94,121.08,121.14
2019-06-21,121.17,122.14,120.94,121.96
2019-06-24,122.01,122.42,121.98,122.28
2019-06-25,122.31,122.49,121.64,121.79
2019-06-26,121.84,122.65,121.76,122.51
2019-06-27,122.54,122.91,122.4,122.54
2019-06-28,122.55,122.8,122.27,122.64
2019-07-01,122.71,123.37,122.35,122.36
2019-07-02,122.39,122.54,121.72,121.72
2019-07-03,121.76,121.85,121.31,121.59
2019-07-04,121.6,121.74,121.52,121.63
2019-07-05,121.67,122.06,121.6,121.71
2019-07-08,121.7,121.99,121.5,121.89
2019-07-09,121.93,122.14,121.83,121.97
2019-07-10,122.01,122.34,121.96,122.01
2019-07-11,122.04,122.16,121.6,122.07
2019-07-12,122.1,122.25,121.49,121.58
2019-07-15,121.59,121.86,121.41,121.46
2019-07-16,121.49,121.7,121.08,121.3
2019-07-17,121.35,121.51,121.15,121.14
2019-07-18,121.16,121.25,120.78,120.96
2019-07-19,121.0,121.31,120.8,120.84
2019-07-22,120.81,121.19,120.79,120.89
2019-07-23,120.93,121.11,120.48,120.68
2019-07-24,120.7,120.73,120.19,120.49
2019-07-25,120.53,121.4,120.03,121.07
2019-07-26,121.1,121.22,120.78,120.88
2019-07-29,120.94,121.32,120.73,121.21
2019-07-30,121.23,121.4,120.87,121.11
2019-07-31,121.15,121.21,120.32,120.42
2019-08-01,120.45,120.73,118.91,118.95
2019-08-02,118.99,119.15,118.24,118.38
2019-08-05,118.4,118.95,117.67,118.67
2019-08-06,118.7,119.89,118.35,119.23
2019-08-07,119.24,119.31,118.41,118.98
2019-08-08,119.02,119.23,118.47,118.55
2019-08-09,118.6,118.74,118.06,118.32
2019-08-12,118.4,118.44,117.51,118.04
2019-08-13,118.09,119.6,117.68,119.21
2019-08-14,119.23,119.3,117.77,117.94
2019-08-15,117.97,118.99,117.62,117.84
2019-08-16,117.88,118.18,117.57,117.94
2019-08-19,117.99,118.49,117.85,118.09
2019-08-20,118.14,118.28,117.57,117.89
2019-08-21,117.92,118.35,117.89,118.16
2019-08-22,118.2,118.33,117.72,117.89
2019-08-23,117.93,118.17,117.26,117.45
2019-08-26,117.48,118.21,116.54,117.79
2019-08-27,117.84,117.87,117.2,117.24
2019-08-28,117.27,117.69,117.09,117.54
2019-08-29,117.56,117.95,117.27,117.74
2019-08-30,117.76,117.84,116.62,116.8
2019-09-02,116.82,116.86,116.33,116.47
2019-09-03,116.5,116.6,115.85,116.22
2019-09-04,116.26,117.45,116.12,117.38
2019-09-05,117.4,118.63,117.26,117.99
2019-09-06,118.0,118.29,117.79,117.88
2019-09-09,117.88,118.53,117.69,118.45
2019-09-10,118.48,118.8,118.27,118.75
2019-09-11,118.77,119.18,118.29,118.69
2019-09-12,118.73,119.82,117.54,119.56
2019-09-13,119.59,120.01,119.52,119.67
2019-09-16,119.24,119.53,118.68,118.93
2019-09-17,118.95,119.79,118.86,119.7
2019-09-18,119.74,119.84,119.4,119.6
2019-09-19,119.63,119.68,118.95,119.23
2019-09-20,119.27,119.39,118.44,118.49
2019-09-23,118.5,118.81,117.74,118.19
2019-09-24,118.24,118.57,117.88,117.95
2019-09-25,117.99,118.22,117.78,117.9
2019-09-26,117.94,118.07,117.51,117.75
2019-09-27,117.77,118.5,117.45,118.04
2019-09-30,118.08,118.24,117.54,117.79
2019-10-01,117.81,118.19,117.66,117.76
2019-10-02,117.78,118.02,117.32,117.44
2019-10-03,117.46,117.67,117.07,117.21
2019-10-04,117.25,117.52,117.07,117.37
2019-10-07,117.4,117.92,117.03,117.69
2019-10-08,117.72,117.99,117.12,117.28
2019-10-09,117.32,118.1,117.2,117.87
2019-10-10,117.91,118.97,117.56,118.8
2019-10-11,118.85,120.03,118.71,119.67
2019-10-14,119.74,119.76,119.19,119.53
2019-10-15,119.55,120.24,119.12,120.06
2019-10-16,120.1,120.49,119.73,120.39
2019-10-17,120.43,121.37,120.32,120.84
2019-10-18,120.88,121.16,120.65,121.09
2019-10-21,120.85,121.49,120.77,121.06
2019-10-22,121.1,121.31,120.57,120.66
2019-10-23,120.69,121.07,120.38,120.95
2019-10-24,120.99,121.41,120.42,120.6
2019-10-25,120.61,120.82,120.35,120.35
2019-10-28,120.41,121.01,120.4,120.9
2019-10-29,120.94,121.09,120.57,120.95
2019-10-30,120.99,121.42,120.86,121.32
2019-10-31,121.37,121.51,120.27,120.44
2019-11-01,120.48,120.95,120.29,120.77
2019-11-04,120.75,121.12,120.75,120.78
2019-11-05,120.82,121.32,120.65,120.87
2019-11-06,120.89,120.94,120.46,120.56
2019-11-07,120.6,121.13,120.13,120.72
2019-11-08,120.76,120.89,120.2,120.38
2019-11-11,120.39,120.44,120.06,120.29
2019-11-12,120.33,120.66,119.93,119.98
2019-11-13,120.02,120.2,119.57,119.76
2019-11-14,119.77,119.83,119.24,119.48
2019-11-15,119.52,120.34,119.43,120.16
2019-11-18,120.22,120.7,120.09,120.29
2019-11-19,120.33,120.51,120.0,120.23
2019-11-20,120.25,120.42,119.83,120.24
2019-11-21,120.27,120.6,119.94,120.11
2019-11-22,120.15,120.5,119.66,119.74
2019-11-25,119.75,120.14,119.68,119.93
2019-11-26,119.96,120.26,119.91,120.13
2019-11-27,120.17,120.62,120.05,120.48
2019-11-28,120.49,120.61,120.31,120.53
2019-11-29,120.56,120.78,120.4,120.63
2019-12-02,120.62,121.07,120.51,120.72
2019-12-03,120.76,120.98,120.24,120.36
2019-12-04,120.4,120.83,120.09,120.56
2019-12-05,120.6,120.91,120.54,120.76
2019-12-06,120.76,120.81,119.99,120.07
2019-12-09,120.04,120.29,119.98,120.08
2019-12-10,120.11,120.71,120.09,120.57
2019-12-11,120.58,120.94,120.36,120.78
2019-12-12,120.83,121.75,120.75,121.62
2019-12-13,121.66,122.67,121.46,121.6
2019-12-16,121.7,122.25,121.6,121.99
2019-12-17,122.02,122.49,121.91,122.05
2019-12-18,122.07,122.19,121.71,121.7
2019-12-19,121.73,122.07,121.41,121.62
2019-12-20,121.64,121.72,121.18,121.24
2019-12-23,121.27,121.38,121.08,121.26
2019-12-24,121.31,121.41,121.09,121.28
2019-12-25,121.31,121.94,121.08,121.26
2019-12-26,121.29,121.8,121.24,121.65
2019-12-27,121.63,122.46,121.48,122.27
2019-12-30,122.34,122.46,121.82,121.89
2019-12-31,121.92,122.08,121.67,121.75
2020-01-01,121.79,121.99,121.71,121.85
2020-01-02,121.88,122.03,120.97,121.27
2020-01-03,121.31,121.39,120.15,120.63
2020-01-06,120.7,121.42,120.26,121.33
2020-01-07,121.33,121.46,120.78,120.89
2020-01-08,120.91,121.4,120.16,121.17
2020-01-09,121.2,121.7,121.11,121.61
2020-01-10,121.63,121.85,121.51,121.72
2020-01-13,121.76,122.51,121.71,122.39
2020-01-14,122.42,122.78,122.17,122.39
2020-01-15,122.42,122.74,122.19,122.52
2020-01-16,122.55,122.89,122.49,122.64
2020-01-17,122.68,122.85,122.1,122.12
2020-01-20,122.19,122.34,122.02,122.23
2020-01-21,122.25,122.39,121.7,121.75
2020-01-22,121.78,122.03,121.6,121.81
2020-01-23,121.85,121.9,120.63,121.0
2020-01-24,121.04,121.28,120.41,120.45
2020-01-27,120.43,120.52,119.9,119.98
2020-01-28,119.99,120.35,119.79,120.26
2020-01-29,120.3,120.45,119.88,119.99
2020-01-30,120.02,120.26,119.78,120.17
2020-01-31,120.21,120.42,120.02,120.23
2020-02-03,120.26,120.4,119.89,120.17
2020-02-04,120.21,121.01,120.06,120.93
2020-02-05,120.96,121.17,120.64,120.75
2020-02-06,120.8,121.04,120.56,120.77
2020-02-07,120.81,120.83,120.07,120.07
2020-02-10,120.21,120.35,119.66,119.75
2020-02-11,119.78,120.05,119.58,119.8
2020-02-12,119.84,120.33,119.6,119.67
2020-02-13,119.71,119.75,118.87,119.03
2020-02-14,119.05,119.26,118.87,118.85
2020-02-17,118.91,119.22,118.79,119.04
2020-02-18,119.06,119.1,118.46,118.55
2020-02-19,118.57,120.51,118.54,120.3
2020-02-20,120.35,121.4,120.08,120.88
2020-02-21,120.93,121.37,120.35,120.98
2020-02-24,120.97,121.18,119.89,120.14
2020-02-25,120.17,120.55,119.4,119.88
2020-02-26,119.91,120.6,119.75,120.13
2020-02-27,120.19,121.06,119.95,120.52
2020-02-28,120.57,120.68,118.35,119.15
2020-03-02,118.93,120.77,118.07,120.56
2020-03-03,120.59,120.97,119.5,119.66
2020-03-04,119.69,120.15,119.03,119.71
2020-03-05,119.75,120.02,119.0,119.3
2020-03-06,119.34,119.47,118.68,118.83
2020-03-09,118.92,118.92,115.87,117.15
2020-03-10,117.16,119.51,116.79,119.14
2020-03-11,119.18,119.26,117.53,117.77
2020-03-12,117.84,118.35,116.27,117.01
2020-03-13,117.05,120.36,116.88,119.83
2020-03-16,119.84,119.94,117.13,118.35
2020-03-17,118.39,119.71,117.29,118.39
2020-03-18,118.42,118.56,116.85,117.93
2020-03-19,117.97,119.33,117.37,118.33
2020-03-20,118.37,119.35,117.84,118.49
2020-03-23,118.47,119.98,117.71,119.22
2020-03-24,119.26,120.56,118.81,119.96
2020-03-25,120.0,121.18,119.51,120.97
2020-03-26,121.01,121.1,119.95,120.84
2020-03-27,120.89,121.01,118.78,120.19
2020-03-30,120.27,120.29,118.78,119.11
2020-03-31,119.11,119.72,118.18,118.59
2020-04-01,118.63,118.91,116.94,117.46
2020-04-02,117.5,117.74,116.32,117.14
2020-04-03,117.18,117.41,116.72,117.21
2020-04-06,117.18,118.33,117.17,117.84
2020-04-07,117.89,119.07,117.5,118.39
2020-04-08,118.43,118.72,117.91,118.12
2020-04-09,118.15,119.04,118.07,118.51
2020-04-10,118.57,118.78,118.4,118.56
2020-04-13,118.65,118.78,117.29,117.59
2020-04-14,117.64,117.96,117.29,117.69
2020-04-15,117.73,117.82,116.78,117.22
2020-04-16,117.27,117.52,116.54,116.95
2020-04-17,116.97,117.43,116.6,116.88
2020-04-20,116.93,117.31,116.83,116.89
2020-04-21,116.9,117.19,116.21,116.98
2020-04-22,117.01,117.25,116.43,116.57
2020-04-23,116.63,116.86,115.64,115.93
2020-04-24,115.97,116.45,115.54,116.32
2020-04-27,116.25,116.54,116.04,116.1
2020-04-28,116.13,116.29,115.59,115.6
2020-04-29,115.64,116.1,115.44,116.01
2020-04-30,116.02,117.81,115.54,117.4
2020-05-01,117.43,117.78,117.0,117.37
2020-05-04,117.46,117.46,116.25,116.4
2020-05-05,116.43,116.59,115.4,115.49
2020-05-06,115.56,115.62,114.43,114.57
2020-05-07,114.54,115.16,114.44,115.11
2020-05-08,115.15,115.77,115.03,115.61
2020-05-11,115.6,116.54,115.35,116.34
2020-05-12,116.37,116.86,115.95,116.19
2020-05-13,116.23,116.43,115.68,115.75
2020-05-14,115.79,115.96,115.31,115.86
2020-05-15,115.89,116.24,115.47,115.74
2020-05-18,115.77,117.27,115.69,117.09
2020-05-19,117.13,118.25,117.02,117.6
2020-05-20,117.7,118.23,117.58,118.01
2020-05-21,118.02,118.54,117.72,117.82
2020-05-22,117.84,118.06,116.98,117.28
2020-05-25,117.31,117.58,117.07,117.37
2020-05-26,117.4,118.36,117.32,118.06
2020-05-27,118.12,118.93,117.69,118.51
2020-05-28,118.54,119.42,118.47,119.23
2020-05-29,119.25,119.93,118.86,119.64
2020-06-01,119.6,120.01,119.41,119.78
2020-06-02,119.8,121.65,119.61,121.36
2020-06-03,121.41,122.63,121.25,122.31
2020-06-04,122.34,123.99,121.84,123.71
2020-06-05,123.73,124.46,123.52,123.65
2020-06-08,123.72,124.14,122.21,122.43
2020-06-09,122.48,122.62,121.32,122.12
2020-06-10,122.19,122.4,121.57,121.75
2020-06-11,121.82,121.93,120.64,120.71
2020-06-12,120.74,121.83,120.25,120.8
2020-06-15,120.74,121.66,120.32,121.49
2020-06-16,121.54,122.14,120.47,120.86
2020-06-17,120.9,121.26,120.15,120.3
2020-06-18,120.32,120.56,119.58,119.82
2020-06-19,119.85,120.24,119.37,119.43
2020-06-22,119.64,120.46,119.29,120.31
2020-06-23,120.35,121.13,119.9,120.42
2020-06-24,120.46,120.77,120.04,120.41
2020-06-25,120.43,120.65,120.14,120.22
2020-06-26,120.28,120.41,119.79,120.26
2020-06-29,120.33,121.38,120.17,120.9
2020-06-30,120.93,121.47,120.57,121.2
2020-07-01,121.24,121.5,120.26,120.89
2020-07-02,120.93,121.46,120.74,120.8
2020-07-03,120.83,121.0,120.6,120.92
2020-07-06,120.94,122.0,120.85,121.39
2020-07-07,121.41,121.74,121.17,121.16
2020-07-08,121.21,121.91,121.13,121.5
2020-07-09,121.52,122.0,120.89,120.95
2020-07-10,120.98,121.09,120.26,120.76
2020-07-13,120.89,121.99,120.77,121.67
2020-07-14,121.7,122.36,121.46,122.2
2020-07-15,122.26,122.52,121.81,121.98
2020-07-16,122.03,122.54,121.81,122.09
2020-07-17,122.11,122.6,121.92,122.25
2020-07-20,122.15,123.0,122.12,122.73
2020-07-21,122.77,123.19,122.45,123.08
2020-07-22,123.1,124.3,123.04,123.94
2020-07-23,123.98,124.27,123.69,123.88
2020-07-24,123.93,123.99,122.82,123.66
2020-07-27,123.61,123.93,123.21,123.82
2020-07-28,123.85,124.01,123.0,123.09
2020-07-29,123.13,123.83,123.01,123.69
2020-07-30,123.72,124.22,123.32,124.05
2020-07-31,124.04,125.26,123.83,124.66
2020-08-03,124.78,125.08,124.0,124.6
2020-08-04,124.66,125.03,124.24,124.74
2020-08-05,124.78,125.54,124.62,125.22
2020-08-06,125.26,125.65,124.64,125.33
2020-08-07,125.36,125.42,124.45,124.83
2020-08-10,124.87,124.95,124.32,124.34
2020-08-11,124.37,125.52,124.32,125.0
2020-08-12,125.05,126.24,124.94,125.94
2020-08-13,125.95,126.77,125.89,126.29
2020-08-14,126.3,126.49,125.74,126.21
2020-08-17,126.24,126.48,125.66,125.8
2020-08-18,125.83,126.12,125.33,125.74
2020-08-19,125.79,126.09,125.36,125.58
2020-08-20,125.62,125.81,125.07,125.46
2020-08-21,125.47,125.57,124.43,124.77
2020-08-24,124.84,125.37,124.68,124.91
2020-08-25,124.93,126.06,124.91,125.88
2020-08-26,125.92,126.16,125.25,125.36
2020-08-27,125.4,126.12,125.12,125.95
2020-08-28,125.98,126.79,125.19,125.39
2020-08-31,125.36,126.87,125.36,126.39
2020-09-01,126.41,127.09,126.12,126.19
2020-09-02,126.23,126.34,125.53,125.86
2020-09-03,125.85,126.05,125.27,125.8
2020-09-04,125.84,126.01,125.29,125.74
2020-09-07,125.72,125.96,125.51,125.56
2020-09-08,125.57,125.68,124.69,124.84
2020-09-09,124.92,125.67,124.42,125.3
2020-09-10,125.35,126.48,125.28,125.37
2020-09-11,125.39,126.15,125.34,125.75
2020-09-14,125.8,125.93,125.27,125.47
2020-09-15,125.49,125.8,124.74,124.85
2020-09-16,124.91,125.04,123.82,123.98
2020-09-17,124.01,124.15,123.28,124.07
2020-09-18,124.1,124.32,123.42,123.76
2020-09-21,123.89,123.96,122.5,123.15
2020-09-22,123.18,123.31,122.64,122.82
2020-09-23,122.85,123.22,122.57,122.85
2020-09-24,122.89,123.19,122.57,123.02
2020-09-25,123.03,123.18,122.6,122.81
2020-09-28,122.92,123.23,122.37,123.04
2020-09-29,123.08,124.15,123.01,124.04
2020-09-30,124.07,124.27,123.52,123.52
2020-10-01,123.6,124.23,123.56,123.93
2020-10-02,123.98,124.05,123.01,123.35
2020-10-05,123.4,124.74,123.29,124.55
2020-10-06,124.59,124.75,123.84,123.91
2020-10-07,123.95,124.91,123.85,124.61
2020-10-08,124.64,124.9,124.35,124.65
2020-10-09,124.69,125.11,124.5,124.85
2020-10-12,124.9,125.17,124.27,124.39
2020-10-13,124.44,124.5,123.79,123.85
2020-10-14,123.92,123.98,123.45,123.51
2020-10-15,123.5,123.79,123.01,123.43
2020-10-16,123.47,123.74,123.1,123.51
2020-10-19,123.57,124.36,123.35,124.04
2020-10-20,124.07,125.03,124.01,124.69
2020-10-21,124.73,124.87,123.9,124.01
2020-10-22,124.04,124.11,123.65,123.87
2020-10-23,123.9,124.29,123.4,124.15
2020-10-26,124.21,124.24,123.77,123.77
2020-10-27,123.8,124.03,123.14,123.14
2020-10-28,123.18,123.23,122.17,122.52
2020-10-29,122.51,122.89,121.88,122.12
2020-10-30,122.16,122.48,121.6,121.87
2020-11-02,122.01,122.18,121.69,121.87
2020-11-03,121.89,122.79,121.81,122.33
2020-11-04,122.4,123.1,121.96,122.49
2020-11-05,122.59,123.2,122.19,122.4
2020-11-06,122.4,123.01,122.21,122.67
2020-11-09,122.78,125.17,122.68,124.44
2020-11-10,124.48,124.64,123.96,124.38
2020-11-11,124.37,124.7,123.91,124.15
2020-11-12,124.17,124.53,123.67,124.1
2020-11-13,124.12,124.34,123.65,123.79
2020-11-16,123.76,124.47,123.62,123.93
2020-11-17,123.97,124.04,123.51,123.56
2020-11-18,123.61,123.7,123.0,123.06
2020-11-19,123.06,123.35,122.83,123.15
2020-11-20,123.19,123.5,122.99,123.09
2020-11-23,123.14,123.85,122.96,123.78
2020-11-24,123.82,124.39,123.66,124.17
2020-11-25,124.19,124.54,124.13,124.43
2020-11-26,124.46,124.6,123.9,124.18
2020-11-27,124.2,124.58,123.88,124.52
2020-11-30,124.43,125.15,124.27,124.37
2020-12-01,124.45,125.99,124.38,125.89
2020-12-02,125.92,126.58,125.76,126.46
2020-12-03,126.5,126.68,126.02,126.07
2020-12-04,126.12,126.71,126.03,126.22
2020-12-07,126.29,126.51,125.95,125.97
2020-12-08,126.01,126.3,125.84,126.03
2020-12-09,126.07,126.55,125.77,125.89
2020-12-10,125.93,126.77,125.85,126.46
2020-12-11,126.5,126.64,125.78,125.97
2020-12-14,126.18,126.54,125.91,126.32
2020-12-15,126.36,126.61,125.93,125.96
2020-12-16,125.99,126.37,125.71,126.21
2020-12-17,126.25,126.54,126.0,126.46
2020-12-18,126.51,127.04,126.37,126.61
2020-12-21,126.47,126.63,125.9,126.45
2020-12-22,126.5,126.68,125.99,126.02
2020-12-23,126.06,126.42,125.92,126.18
2020-12-24,126.23,126.53,126.15,126.27
2020-12-25,126.31,126.44,125.87,126.29
2020-12-28,126.29,126.98,126.04,126.77
2020-12-29,126.81,127.2,126.65,126.83
2020-12-30,126.86,127.15,126.45,126.85
2020-12-31,126.89,127.0,126.07,126.09
2021-01-01,126.13,126.15,125.28,125.25
2021-01-04,126.24,126.82,126.09,126.28
2021-01-05,126.32,126.59,126.04,126.28
2021-01-06,126.3,127.26,126.13,127.0
2021-01-07,127.03,127.52,126.9,127.36
2021-01-08,127.41,127.48,126.8,126.98
2021-01-11,126.99,127.11,126.54,126.65
2021-01-12,126.69,126.89,126.53,126.63
2021-01-13,126.68,126.74,126.2,126.25
2021-01-14,126.31,126.55,125.92,126.17
2021-01-15,126.17,126.23,125.4,125.45
2021-01-18,125.55,125.56,125.07,125.22
2021-01-19,125.25,126.23,125.19,125.98
2021-01-20,126.02,126.2,125.25,125.3
2021-01-21,125.35,125.99,125.29,125.86
2021-01-22,125.9,126.44,125.84,126.26
2021-01-25,126.31,126.4,125.79,125.9
2021-01-26,125.93,126.18,125.68,125.96
2021-01-27,126.0,126.23,125.58,126.05
2021-01-28,126.07,126.69,125.97,126.31
2021-01-29,126.37,127.36,126.29,127.04
2021-02-01,127.08,127.24,126.5,126.51
2021-02-02,126.53,126.85,126.24,126.39
2021-02-03,126.44,126.55,126.12,126.36
2021-02-04,126.4,126.49,126.09,126.25
2021-02-05,126.24,127.02,126.15,126.87
2021-02-08,126.93,127.15,126.63,126.77
2021-02-09,126.78,126.89,126.42,126.71
2021-02-10,126.76,127.09,126.63,126.7
2021-02-11,126.75,127.19,126.69,127.02
2021-02-12,127.05,127.33,126.97,127.15
2021-02-15,127.25,127.98,127.19,127.78
2021-02-16,127.81,128.41,127.72,128.36
2021-02-17,128.39,128.47,127.29,127.42
2021-02-18,127.45,127.83,127.32,127.72
2021-02-19,127.79,128.2,127.64,127.75
2021-02-22,127.73,128.26,127.46,127.69
2021-02-23,127.73,128.08,127.64,127.86
2021-02-24,127.88,128.89,127.76,128.74
2021-02-25,128.8,130.0,128.75,129.32
2021-02-26,129.35,129.56,128.55,128.68
2021-03-01,128.73,128.96,128.2,128.6
2021-03-02,128.64,129.1,128.16,128.95
2021-03-03,129.0,129.48,128.73,129.05
2021-03-04,129.09,129.66,128.9,129.2
2021-03-05,129.23,129.6,128.85,129.11
2021-03-08,129.14,129.41,128.77,128.92
2021-03-09,129.0,129.57,128.92,129.05
2021-03-10,129.08,129.45,129.01,129.22
2021-03-11,129.28,130.07,129.23,130.01
2021-03-12,130.02,130.41,129.81,130.28
2021-03-15,130.36,130.51,129.97,130.16
2021-03-16,130.2,130.42,129.48,129.69
2021-03-17,129.73,130.47,129.68,130.36
2021-03-18,130.38,130.69,129.59,129.73
2021-03-19,129.75,130.01,129.31,129.59
2021-03-22,129.54,129.95,128.89,129.87
2021-03-23,129.91,129.94,128.59,128.63
2021-03-24,128.7,128.89,128.28,128.42
2021-03-25,128.45,128.97,128.38,128.43
2021-03-26,128.44,129.48,128.42,129.29
2021-03-29,129.31,129.45,128.82,129.12
2021-03-30,129.16,129.57,129.11,129.25
2021-03-31,129.31,130.07,129.25,129.83
2021-04-01,129.88,130.3,129.64,130.23
2021-04-02,130.27,130.35,130.02,130.18
2021-04-05,130.21,130.28,129.82,130.12
2021-04-06,130.17,130.59,129.8,130.32
2021-04-07,130.33,130.7,130.13,130.38
2021-04-08,130.37,130.5,129.56,130.13
2021-04-09,130.16,130.57,130.04,130.49
2021-04-12,130.54,130.64,129.87,130.25
2021-04-13,130.29,130.52,129.78,130.28
2021-04-14,130.31,130.61,130.03,130.45
2021-04-15,130.5,130.6,130.01,130.11
2021-04-16,130.17,130.56,129.96,130.34
2021-04-19,130.36,130.37,129.69,130.14
2021-04-20,130.19,131.01,129.98,130.05
2021-04-21,130.11,130.17,129.63,130.05
2021-04-22,130.07,130.49,129.66,129.71
2021-04-23,129.73,130.59,129.58,130.56
2021-04-26,130.66,130.78,130.2,130.55
2021-04-27,130.58,131.51,130.56,131.38
2021-04-28,131.43,131.82,131.34,131.64
2021-04-29,131.67,132.4,131.58,131.98
2021-04-30,132.01,132.2,131.35,131.32
2021-05-03,131.34,132.18,131.31,131.54
2021-05-04,131.59,131.67,131.13,131.34
2021-05-05,131.36,131.48,130.98,131.07
2021-05-06,131.09,131.87,131.03,131.58
2021-05-07,131.63,132.21,131.47,132.09
2021-05-10,132.04,132.56,131.95,131.94
2021-05-11,131.97,132.5,131.78,131.91
2021-05-12,131.95,132.47,131.55,132.36
2021-05-13,132.38,132.75,132.01,132.19
2021-05-14,132.23,132.87,132.17,132.74
2021-05-17,132.71,132.98,132.5,132.68
2021-05-18,132.72,133.2,132.68,133.05
2021-05-19,133.08,133.47,132.63,132.93
2021-05-20,132.94,133.12,132.7,132.96
2021-05-21,133.01,133.23,132.51,132.68
2021-05-24,132.67,133.07,132.5,132.79
2021-05-25,132.81,133.63,132.81,133.23
2021-05-26,133.26,133.44,132.98,133.04
2021-05-27,133.07,134.08,132.92,133.87
2021-05-28,133.9,134.03,133.6,133.95
2021-05-31,133.91,134.05,133.65,133.95
2021-06-01,133.95,134.16,133.69,133.65
2021-06-02,133.7,134.11,133.63,133.74
2021-06-03,133.77,133.94,133.62,133.7
2021-06-04,133.78,133.84,133.13,133.19
2021-06-07,133.24,133.41,132.88,133.15
2021-06-08,133.18,133.45,133.12,133.26
2021-06-09,133.3,133.65,133.19,133.48
2021-06-10,133.53,133.78,133.03,133.02
2021-06-11,133.06,133.46,132.64,132.74
2021-06-14,132.82,133.46,132.63,133.36
2021-06-15,133.39,133.7,133.26,133.45
2021-06-16,133.48,133.61,132.67,132.76
2021-06-17,132.78,132.91,131.01,131.19
2021-06-18,131.22,131.45,130.6,130.69
2021-06-21,130.86,131.51,130.03,131.41
2021-06-22,131.46,132.21,131.21,132.08
2021-06-23,132.11,132.72,132.01,132.3
2021-06-24,132.35,132.6,132.1,132.26
2021-06-25,132.3,132.49,132.12,132.18
2021-06-28,132.19,132.37,131.77,131.9
2021-06-29,131.94,132.02,131.25,131.44
2021-06-30,131.49,131.8,131.26,131.71
2021-07-01,131.74,132.45,131.55,132.12
2021-07-02,132.17,132.26,131.66,131.69
2021-07-05,131.72,131.88,131.53,131.61
2021-07-06,131.65,131.89,130.6,130.77
2021-07-07,130.82,131.05,130.41,130.43
2021-07-08,130.49,130.57,129.62,130.01
2021-07-09,130.05,130.89,129.93,130.77
2021-07-12,130.76,131.01,130.45,130.86
2021-07-13,130.93,131.12,130.2,130.24
2021-07-14,130.27,130.45,130.01,130.13
2021-07-15,130.21,130.26,129.6,129.77
2021-07-16,129.81,130.3,129.63,129.89
2021-07-19,130.0,130.03,128.88,129.12
2021-07-20,129.17,129.5,128.58,129.38
2021-07-21,129.43,130.2,129.13,130.03
2021-07-22,130.12,130.32,129.47,129.63
2021-07-23,129.66,130.2,129.56,130.11
2021-07-26,130.17,130.36,129.67,130.19
2021-07-27,130.23,130.38,129.53,129.67
2021-07-28,129.72,130.26,129.61,130.14
2021-07-29,130.19,130.57,129.89,130.12
2021-07-30,130.14,130.51,130.01,130.21
2021-08-02,130.17,130.45,129.59,129.68
2021-08-03,129.72,129.9,129.17,129.32
2021-08-04,129.38,129.86,129.13,129.56
2021-08-05,129.6,130.04,129.55,129.84
2021-08-06,129.88,129.98,129.43,129.65
2021-08-09,129.69,129.81,129.38,129.44
2021-08-10,129.46,129.7,129.39,129.55
2021-08-11,129.59,129.87,129.51,129.58
2021-08-12,129.6,129.72,129.39,129.48
2021-08-13,129.48,129.71,129.22,129.19
2021-08-16,129.24,129.44,128.49,128.64
2021-08-17,128.65,128.89,128.25,128.3
2021-08-18,128.32,128.99,128.22,128.51
2021-08-19,128.55,128.73,127.92,128.09
2021-08-20,128.14,128.55,127.93,128.42
2021-08-23,128.41,129.16,128.31,128.8
2021-08-24,128.85,129.06,128.58,128.84
2021-08-25,128.87,129.56,128.75,129.45
2021-08-26,129.52,129.79,129.22,129.33
2021-08-27,129.37,129.78,129.14,129.51
2021-08-30,129.56,129.73,129.47,129.65
2021-08-31,129.69,130.22,129.58,129.9
2021-09-01,129.93,130.47,129.87,130.21
2021-09-02,130.26,130.62,130.15,130.51
2021-09-03,130.57,130.78,130.18,130.38
2021-09-06,130.41,130.53,130.24,130.35
2021-09-07,130.39,130.68,130.29,130.54
2021-09-08,130.59,130.72,130.17,130.21
2021-09-09,130.28,130.36,129.66,129.72
2021-09-10,129.75,130.3,129.68,129.87
2021-09-13,129.87,129.96,129.58,129.86
2021-09-14,129.93,130.22,129.36,129.43
2021-09-15,129.49,129.57,129.04,129.21
2021-09-16,129.25,129.39,128.6,129.05
2021-09-17,129.05,129.69,128.89,128.93
2021-09-20,128.97,129.05,128.13,128.26
2021-09-21,128.28,128.72,127.98,128.03
2021-09-22,128.08,128.82,127.92,128.29
2021-09-23,128.31,129.57,128.26,129.45
2021-09-24,129.5,129.87,129.37,129.69
2021-09-27,129.82,129.95,129.47,129.78
2021-09-28,129.83,130.41,129.66,130.24
2021-09-29,130.26,130.49,129.67,129.82
2021-09-30,129.84,129.98,128.78,128.86
2021-10-01,128.89,129.07,128.54,128.75
2021-10-04,128.76,129.4,128.51,128.88
2021-10-05,128.93,129.41,128.75,129.24
2021-10-06,129.29,129.52,128.32,128.75
2021-10-07,128.77,129.05,128.62,128.89
2021-10-08,128.95,129.94,128.91,129.8
2021-10-11,129.95,131.25,129.76,130.87
2021-10-12,130.94,131.3,130.74,130.95
2021-10-13,130.99,131.49,130.87,131.26
2021-10-14,131.32,131.88,131.26,131.78
2021-10-15,131.82,132.81,131.8,132.47
2021-10-18,132.51,132.82,132.13,132.7
2021-10-19,132.74,133.22,132.6,133.02
2021-10-20,133.06,133.5,132.73,133.1
2021-10-21,133.13,133.39,132.25,132.44
2021-10-22,132.49,132.82,131.9,132.15
2021-10-25,132.33,132.63,131.85,131.96
2021-10-26,132.0,132.69,131.95,132.32
2021-10-27,132.38,132.54,131.57,132.07
2021-10-28,132.1,132.73,131.55,132.63
2021-10-29,132.66,132.94,131.59,131.8
2021-11-01,131.79,132.47,131.78,132.26
2021-11-02,132.3,132.42,131.46,131.92
2021-11-03,131.95,132.44,131.72,132.33
2021-11-04,132.37,132.6,131.01,131.42
2021-11-05,131.45,131.63,130.82,131.16
2021-11-08,131.22,131.45,130.89,131.19
2021-11-09,131.23,131.29,130.66,130.8
2021-11-10,130.86,131.45,130.63,130.73
2021-11-11,130.8,131.01,130.43,130.59
2021-11-12,130.62,130.79,130.24,130.36
2021-11-15,130.45,130.63,129.67,129.71
2021-11-16,129.75,130.14,129.64,129.96
2021-11-17,130.0,130.1,129.02,129.12
2021-11-18,129.12,129.97,129.07,129.89
2021-11-19,129.92,130.0,127.96,128.66
2021-11-22,128.65,129.35,128.55,129.03
2021-11-23,129.09,129.63,128.89,129.46
2021-11-24,129.51,129.59,128.69,129.22
2021-11-25,129.28,129.55,129.23,129.26
2021-11-26,129.3,129.37,127.8,128.22
2021-11-29,128.31,128.77,127.48,128.13
2021-11-30,128.19,128.62,127.6,128.24
2021-12-01,128.31,128.82,127.56,127.62
2021-12-02,127.66,128.26,127.54,127.85
2021-12-03,127.89,128.37,127.37,127.61
2021-12-06,127.6,128.12,127.51,128.04
2021-12-07,128.07,128.5,127.59,127.95
2021-12-08,127.98,129.19,127.81,128.91
2021-12-09,128.93,129.09,127.92,128.1
2021-12-10,128.13,128.43,127.81,128.24
2021-12-13,128.31,128.49,128.0,128.13
2021-12-14,128.17,128.61,127.98,128.0
2021-12-15,128.04,128.84,127.98,128.67
2021-12-16,128.7,129.67,128.44,128.8
2021-12-17,128.84,129.0,127.75,127.74
2021-12-20,127.73,128.34,127.5,128.06
2021-12-21,128.1,128.8,128.03,128.72
2021-12-22,128.69,129.53,128.55,129.22
2021-12-23,129.24,129.76,129.04,129.57
2021-12-24,129.6,129.8,129.25,129.48
2021-12-27,129.47,130.18,129.36,130.07
2021-12-28,130.1,130.25,129.6,129.84
2021-12-29,129.88,130.55,129.61,130.43
2021-12-30,130.49,130.6,130.1,130.27
2021-12-31,130.33,131.06,130.15,130.82
2022-01-03,130.86,131.06,130.02,130.24
2022-01-04,130.28,131.49,130.22,131.05
2022-01-05,131.1,131.63,130.82,131.34
2022-01-06,131.39,131.45,130.62,130.77
2022-01-07,130.81,131.38,130.79,131.25
2022-01-10,131.2,131.39,130.14,130.45
2022-01-11,130.49,131.23,130.43,131.03
2022-01-12,131.05,131.5,130.95,131.16
2022-01-13,131.18,131.47,130.61,130.77
2022-01-14,130.8,130.88,129.77,130.35
2022-01-17,130.38,130.85,130.28,130.72
2022-01-18,130.79,131.2,129.69,129.8
2022-01-19,129.82,130.01,129.38,129.65
2022-01-20,129.68,130.11,129.03,129.04
2022-01-21,129.07,129.34,128.54,128.91
2022-01-24,128.92,129.18,128.39,128.99
2022-01-25,129.03,129.23,128.24,128.65
2022-01-26,128.69,129.28,128.58,128.81
2022-01-27,128.86,129.04,128.32,128.52
2022-01-28,128.58,128.87,128.34,128.41
2022-01-31,128.47,129.4,128.38,129.29
2022-02-01,129.32,129.56,128.86,129.27
2022-02-02,129.3,129.49,129.04,129.34
2022-02-03,129.38,131.57,129.18,131.5
2022-02-04,131.52,132.11,131.44,131.86
2022-02-07,131.92,132.2,131.25,131.72
2022-02-08,131.7,132.06,131.47,131.88
2022-02-09,131.9,132.17,131.6,131.91
2022-02-10,131.95,133.19,131.85,132.55
2022-02-11,132.57,132.65,130.37,130.98
2022-02-14,130.94,131.41,130.04,130.61
2022-02-15,130.65,131.57,130.42,131.3
2022-02-16,131.36,131.94,131.1,131.31
2022-02-17,131.34,131.52,130.39,130.56
2022-02-18,130.59,131.15,130.19,130.19
2022-02-21,130.13,130.92,129.73,129.77
2022-02-22,129.8,130.79,129.35,130.33
2022-02-23,130.35,130.74,129.94,130.02
2022-02-24,130.06,130.11,127.9,129.28
2022-02-25,129.31,130.31,128.71,130.2
2022-02-28,129.2,129.82,128.06,129.01
2022-03-01,129.05,129.26,127.35,127.82
2022-03-02,127.85,128.82,127.29,128.45
2022-03-03,128.49,128.54,127.57,127.74
2022-03-04,127.79,127.84,125.06,125.41
2022-03-07,125.74,125.97,124.38,125.15
2022-03-08,125.19,126.76,125.09,126.06
2022-03-09,126.12,128.49,125.99,128.27
2022-03-10,128.3,128.91,127.41,127.55
2022-03-11,127.56,129.06,127.53,127.94
2022-03-14,128.03,129.73,127.99,129.28
2022-03-15,129.3,130.06,129.24,129.53
2022-03-16,129.6,131.14,129.53,130.97
2022-03-17,130.99,131.94,130.7,131.5
2022-03-18,131.53,131.94,131.17,131.67
2022-03-21,131.77,132.0,131.37,131.58
2022-03-22,131.64,133.35,131.58,133.2
2022-03-23,133.26,133.91,132.32,133.31
2022-03-24,133.32,134.64,132.93,134.5
2022-03-25,134.54,134.76,133.71,134.01
2022-03-28,133.96,137.56,133.95,136.03
2022-03-29,136.07,137.34,135.29,136.18
2022-03-30,136.21,136.7,134.88,135.89
2022-03-31,135.92,136.87,134.5,134.65
2022-04-01,134.66,135.91,134.62,135.39
2022-04-04,135.24,135.7,134.56,134.69
2022-04-05,134.74,135.16,134.28,134.76
2022-04-06,134.8,135.5,134.7,134.85
2022-04-07,134.88,135.53,134.42,134.8
2022-04-08,134.83,135.4,134.34,135.21
2022-04-11,135.96,137.15,135.26,136.42
2022-04-12,136.44,136.67,135.53,135.7
2022-04-13,135.75,136.91,135.7,136.78
2022-04-14,136.81,136.97,135.51,136.28
2022-04-15,136.3,136.93,136.26,136.53
2022-04-18,136.54,137.04,136.42,136.87
2022-04-19,136.93,139.13,136.85,139.03
2022-04-20,139.07,139.7,138.38,138.76
2022-04-21,138.8,140.04,138.73,139.1
2022-04-22,139.14,139.5,138.23,138.77
2022-04-25,139.4,139.41,136.47,137.23
2022-04-26,137.28,137.57,135.3,135.29
2022-04-27,135.34,136.17,134.76,135.55
2022-04-28,135.59,138.02,135.41,137.37
2022-04-29,137.36,138.01,136.47,136.85
2022-05-02,136.81,137.64,136.49,136.67
2022-05-03,136.73,137.38,136.49,136.87
2022-05-04,136.83,137.45,136.57,137.09
2022-05-05,137.13,137.6,136.82,137.16
2022-05-06,137.24,138.18,136.72,137.75
2022-05-09,137.77,138.34,137.05,137.48
2022-05-10,137.52,138.11,137.01,137.3
2022-05-11,137.35,137.73,136.17,136.6
2022-05-12,136.63,136.76,132.65,133.18
2022-05-13,133.2,134.78,133.1,134.5
2022-05-16,134.44,135.08,133.74,134.73
2022-05-17,134.78,136.72,134.48,136.47
2022-05-18,136.49,136.69,134.06,134.18
2022-05-19,134.24,135.49,133.91,135.29
2022-05-20,135.31,135.83,134.58,135.01
2022-05-23,135.18,136.82,134.65,136.69
2022-05-24,136.72,136.81,135.53,136.11
2022-05-25,136.16,136.26,134.97,135.97
2022-05-26,136.02,136.66,135.22,136.34
2022-05-27,136.37,136.76,135.83,136.35
2022-05-30,136.49,137.69,136.25,137.46
2022-05-31,137.5,138.26,136.78,138.11
2022-06-01,138.14,139.01,138.08,138.53
2022-06-02,138.55,139.63,138.38,139.5
2022-06-03,139.52,140.39,139.45,140.26
2022-06-06,140.28,141.16,139.82,141.02
2022-06-07,141.04,142.09,140.99,141.85
2022-06-08,141.88,144.27,141.84,143.82
2022-06-09,143.89,144.2,142.33,142.58
2022-06-10,142.64,142.82,140.79,141.34
2022-06-13,141.34,141.78,139.38,139.85
2022-06-14,139.9,141.16,139.47,141.09
2022-06-15,141.13,141.51,139.51,139.75
2022-06-16,139.79,140.63,137.84,139.44
2022-06-17,139.49,142.0,139.43,141.68
2022-06-20,141.35,142.38,141.32,141.96
2022-06-21,142.0,144.01,141.91,143.78
2022-06-22,143.82,144.28,142.66,143.96
2022-06-23,144.0,144.01,141.39,142.0
2022-06-24,142.05,142.81,141.39,142.66
2022-06-27,142.69,143.51,142.04,143.33
2022-06-28,143.37,144.3,142.85,143.17
2022-06-29,143.19,143.89,142.47,142.58
2022-06-30,142.62,142.88,141.37,142.27
2022-07-01,142.27,142.45,139.78,140.98
2022-07-04,141.13,141.69,140.6,141.4
2022-07-05,141.39,142.4,138.94,139.48
2022-07-06,139.52,139.55,137.23,138.37
2022-07-07,138.43,139.09,137.97,138.14
2022-07-08,138.21,138.74,136.85,138.57
2022-07-11,138.45,139.19,137.87,137.96
2022-07-12,137.99,138.1,137.0,137.38
2022-07-13,137.4,138.84,137.11,138.24
2022-07-14,138.27,139.79,137.97,139.12
2022-07-15,139.22,139.91,138.72,139.74
2022-07-18,139.73,140.83,139.37,140.09
2022-07-19,140.1,141.48,139.68,141.28
2022-07-20,141.32,141.95,140.42,140.65
2022-07-21,140.68,142.35,140.14,140.5
2022-07-22,140.54,140.72,138.76,138.91
2022-07-25,138.95,140.09,138.7,139.67
2022-07-26,139.73,139.87,138.12,138.47
2022-07-27,138.52,139.54,138.42,139.31
2022-07-28,139.27,139.4,136.33,136.85
2022-07-29,136.93,137.34,135.53,136.09
2022-08-01,136.16,136.36,134.98,135.05
2022-08-02,135.08,135.43,133.39,135.38
2022-08-03,135.39,136.45,134.82,136.03
2022-08-04,136.07,136.95,135.63,136.15
2022-08-05,136.17,137.79,135.79,137.41
2022-08-08,137.4,137.95,137.05,137.63
2022-08-09,137.69,138.33,137.24,137.98
2022-08-10,138.04,138.95,136.57,136.82
2022-08-11,136.88,137.42,136.29,137.22
2022-08-12,137.22,137.75,136.85,136.92
2022-08-15,137.01,137.09,135.27,135.45
2022-08-16,135.46,136.96,134.93,136.49
2022-08-17,136.55,137.92,136.25,137.44
2022-08-18,137.45,137.69,136.55,137.08
2022-08-19,137.12,137.99,136.93,137.4
2022-08-22,137.37,137.97,136.39,136.66
2022-08-23,136.71,137.19,135.72,136.33
2022-08-24,136.37,136.82,135.5,136.62
2022-08-25,136.67,137.01,136.0,136.13
2022-08-26,136.18,138.01,136.07,136.98
2022-08-29,137.31,139.0,137.01,138.62
2022-08-30,138.65,139.25,138.24,138.96
2022-08-31,139.0,139.79,138.23,139.75
2022-09-01,139.73,140.02,138.92,139.41
2022-09-02,139.44,140.79,139.25,139.51
2022-09-05,139.51,139.67,138.67,139.56
2022-09-06,139.6,141.78,139.56,141.4
2022-09-07,141.44,144.04,141.37,143.72
2022-09-08,143.75,144.32,143.16,144.03
2022-09-09,144.08,144.75,142.63,143.08
2022-09-12,143.68,145.66,143.37,144.52
2022-09-13,144.55,145.06,143.38,144.09
2022-09-14,144.16,144.51,142.27,142.89
2022-09-15,142.87,143.71,142.54,143.5
2022-09-16,143.57,143.57,142.49,143.13
2022-09-19,143.2,143.63,142.78,143.5
2022-09-20,143.56,144.06,143.01,143.28
2022-09-21,143.34,143.59,141.59,141.63
2022-09-22,141.7,143.73,138.69,139.96
2022-09-23,140.05,140.28,138.65,138.88
2022-09-26,138.98,139.55,137.57,139.04
2022-09-27,139.1,139.57,138.59,138.85
2022-09-28,138.89,140.43,138.03,140.33
2022-09-29,140.35,141.82,139.39,141.78
2022-09-30,141.82,142.31,140.76,141.84
2022-10-03,141.67,142.49,141.36,141.99
2022-10-04,142.05,144.11,141.9,143.85
2022-10-05,143.92,144.1,142.43,142.92
2022-10-06,142.91,143.49,141.94,142.1
2022-10-07,142.09,142.24,141.18,141.57
2022-10-10,141.62,141.84,140.89,141.35
2022-10-11,141.39,142.23,140.98,141.53
2022-10-12,141.56,142.68,141.42,142.56
2022-10-13,142.54,144.13,141.73,143.91
2022-10-14,143.92,144.88,143.45,144.56
2022-10-17,144.31,146.74,144.28,146.62
2022-10-18,146.63,147.22,146.21,147.09
2022-10-19,147.08,147.28,146.05,146.46
2022-10-20,146.5,147.35,146.23,146.88
2022-10-21,146.92,148.43,144.14,145.57
2022-10-24,145.7,147.42,143.8,147.08
2022-10-25,147.1,147.51,146.59,147.39
2022-10-26,147.44,147.74,146.93,147.48
2022-10-27,147.52,147.72,145.54,145.71
2022-10-28,145.76,147.43,145.63,146.9
2022-10-31,146.68,147.79,146.65,146.97
2022-11-01,146.97,147.14,145.95,146.38
2022-11-02,146.4,146.54,144.87,145.19
2022-11-03,145.24,145.39,144.02,144.58
2022-11-04,144.57,146.18,144.22,146.0
2022-11-07,145.3,147.05,145.3,146.9
2022-11-08,146.95,147.01,145.95,146.71
2022-11-09,146.76,147.14,146.31,146.62
2022-11-10,146.64,146.79,143.2,143.88
2022-11-11,143.95,145.05,142.65,143.68
2022-11-14,143.45,145.31,143.37,144.43
2022-11-15,144.43,145.39,143.34,144.1
2022-11-16,144.14,145.57,143.54,145.02
2022-11-17,145.07,145.5,144.42,145.23
2022-11-18,145.28,145.57,144.54,144.9
2022-11-21,144.83,145.67,144.3,145.55
2022-11-22,145.6,145.72,144.87,145.51
2022-11-23,145.56,146.17,144.61,145.1
2022-11-24,145.16,145.23,143.64,144.27
2022-11-25,144.3,145.18,144.1,144.59
2022-11-28,144.43,145.04,143.02,143.62
2022-11-29,143.68,144.05,143.0,143.21
2022-11-30,143.26,144.95,143.16,143.62
2022-12-01,143.67,143.79,141.9,142.36
2022-12-02,142.38,142.5,140.62,141.53
2022-12-05,141.82,143.67,141.32,143.45
2022-12-06,143.45,144.07,143.09,143.48
2022-12-07,143.49,144.65,143.15,143.5
2022-12-08,143.54,144.42,143.21,144.25
2022-12-09,144.31,144.48,142.75,143.8
2022-12-12,143.79,145.14,143.7,145.02
2022-12-13,145.07,145.77,143.51,144.11
2022-12-14,144.17,144.91,143.51,144.71
2022-12-15,144.73,146.77,144.29,146.38
2022-12-16,146.4,146.61,144.59,144.65
2022-12-19,144.0,145.54,143.75,145.16
2022-12-20,145.21,145.85,138.78,139.88
2022-12-21,139.93,140.81,139.66,140.46
2022-12-22,140.52,140.7,139.95,140.18
2022-12-23,140.22,141.29,140.07,140.94
2022-12-26,140.92,141.54,140.32,141.3
2022-12-27,141.35,142.3,141.13,142.0
2022-12-28,142.06,142.96,141.89,142.65
2022-12-29,142.7,142.72,141.56,141.8
2022-12-30,141.83,141.9,139.96,140.31
2023-01-02,140.36,140.36,139.25,139.38
2023-01-03,139.42,140.04,137.38,138.21
2023-01-04,138.2,140.79,137.85,140.57
2023-01-05,140.61,141.38,139.95,140.34
2023-01-06,140.37,141.47,140.22,140.58
2023-01-09,140.45,141.93,140.16,141.48
2023-01-10,141.45,142.08,141.09,141.96
2023-01-11,142.0,142.89,141.82,142.47
2023-01-12,142.51,142.57,140.0,140.22
2023-01-13,140.24,140.42,137.99,138.47
2023-01-16,138.45,139.36,138.22,139.03
2023-01-17,139.12,139.65,138.18,138.23
2023-01-18,138.26,141.7,138.2,139.09
2023-01-19,139.15,139.47,137.91,139.04
2023-01-20,139.08,141.29,139.04,140.64
2023-01-23,140.73,142.11,140.46,142.0
2023-01-24,142.05,142.23,141.24,141.6
2023-01-25,141.71,142.32,140.74,141.44
2023-01-26,141.48,141.94,140.85,141.79
2023-01-27,141.83,141.87,140.8,141.11
2023-01-30,141.23,142.01,140.54,141.45
2023-01-31,141.54,141.64,140.74,141.3
2023-02-01,141.35,141.88,140.88,141.68
2023-02-02,141.71,142.01,140.05,140.36
2023-02-03,140.36,142.39,139.48,141.57
2023-02-06,141.55,143.0,141.51,142.33
2023-02-07,142.31,142.39,140.25,140.57
2023-02-08,140.59,141.07,140.29,140.68
2023-02-09,140.73,141.35,140.59,141.24
2023-02-10,141.27,141.52,139.55,140.31
2023-02-13,140.35,142.42,140.26,141.95
2023-02-14,141.98,142.99,141.5,142.89
2023-02-15,142.94,143.46,142.34,143.37
2023-02-16,143.4,143.67,142.84,142.89
2023-02-17,142.92,143.72,142.92,143.46
2023-02-20,143.49,143.67,143.02,143.38
2023-02-21,143.44,144.18,143.15,143.72
2023-02-22,143.73,143.87,143.0,143.01
2023-02-23,143.06,143.55,142.55,142.71
2023-02-24,142.76,144.05,142.16,143.91
2023-02-27,143.87,144.61,143.51,144.47
2023-02-28,144.47,145.51,143.87,144.05
2023-03-01,144.1,145.39,143.95,145.25
2023-03-02,145.28,145.63,144.76,144.91
2023-03-03,144.95,145.1,144.26,144.45
2023-03-06,144.49,145.42,144.11,145.12
2023-03-07,145.18,145.46,144.54,144.65
2023-03-08,144.69,145.26,144.21,144.81
2023-03-09,144.84,144.89,143.6,144.04
2023-03-10,144.07,145.36,143.33,143.66
2023-03-13,143.67,144.43,141.33,142.89
2023-03-14,142.94,144.46,142.52,144.04
2023-03-15,144.06,144.99,139.44,141.07
2023-03-16,141.12,142.07,139.12,141.81
2023-03-17,141.87,142.22,140.14,140.57
2023-03-20,141.33,141.88,138.82,140.76
2023-03-21,140.81,142.81,140.4,142.67
2023-03-22,142.69,143.66,142.3,142.68
2023-03-23,142.71,143.22,141.14,141.67
2023-03-24,141.67,141.87,139.06,140.61
2023-03-27,140.73,142.26,140.56,142.03
2023-03-28,142.06,142.18,141.03,141.91
2023-03-29,141.95,144.13,141.79,144.04
2023-03-30,144.08,145.13,143.13,144.6
2023-03-31,144.68,145.69,143.88,143.93
2023-04-03,144.06,144.95,143.62,144.23
2023-04-04,144.32,145.45,143.95,144.23
2023-04-05,144.26,144.55,142.74,143.22
2023-04-06,143.2,144.08,142.57,143.9
2023-04-07,143.93,144.31,143.48,143.98
2023-04-10,144.05,145.17,143.79,145.08
2023-04-11,145.12,146.0,144.87,145.85
2023-04-12,145.86,146.82,145.73,146.29
2023-04-13,146.35,147.07,146.07,146.36
2023-04-14,146.39,147.2,146.22,147.13
2023-04-17,147.23,147.47,146.64,146.91
2023-04-18,146.91,147.41,146.71,147.11
2023-04-19,147.15,147.9,147.02,147.54
2023-04-20,147.59,147.86,147.01,147.21
2023-04-21,147.26,147.6,146.39,147.39
2023-04-24,147.46,148.51,147.11,148.19
2023-04-25,148.28,148.65,146.28,146.71
2023-04-26,146.72,147.93,146.44,147.56
2023-04-27,147.6,148.04,147.13,147.71
2023-04-28,147.75,150.56,146.93,150.18
2023-05-01,150.23,150.94,149.96,150.88
2023-05-02,150.93,151.59,149.77,150.18
2023-05-03,150.2,150.39,148.96,148.94
2023-05-04,148.99,149.22,147.1,147.84
2023-05-05,147.88,148.74,147.68,148.56
2023-05-08,148.77,149.28,148.44,148.64
2023-05-09,148.69,148.71,147.88,148.19
2023-05-10,148.23,148.7,147.03,147.51
2023-05-11,147.55,147.6,146.12,146.85
2023-05-12,146.86,147.5,146.65,147.22
2023-05-15,147.35,148.28,147.22,147.96
2023-05-16,148.01,148.53,147.59,148.11
2023-05-17,148.14,149.29,148.07,149.22
2023-05-18,149.25,149.48,148.75,149.38
2023-05-19,149.42,149.83,148.7,149.01
2023-05-22,149.13,149.96,148.82,149.82
2023-05-23,149.88,150.07,149.09,149.25
2023-05-24,149.29,149.97,148.83,149.89
2023-05-25,149.93,150.33,149.29,150.11
2023-05-26,150.14,150.98,149.79,150.8
2023-05-29,150.89,151.09,150.08,150.34
2023-05-30,150.38,150.67,149.72,150.04
2023-05-31,150.08,150.13,148.57,148.93
2023-06-01,148.96,149.7,148.62,149.34
2023-06-02,149.39,149.99,149.11,149.82
2023-06-05,149.92,150.23,149.22,149.48
2023-06-06,149.52,149.73,148.81,149.31
2023-06-07,149.31,150.05,148.62,149.88
2023-06-08,149.92,150.09,149.57,149.76
2023-06-09,149.79,150.47,149.63,149.75
2023-06-12,149.82,150.38,149.65,150.17
2023-06-13,150.15,151.41,150.03,151.29
2023-06-14,151.34,151.81,150.91,151.73
2023-06-15,151.73,153.72,151.57,153.53
2023-06-16,153.55,155.32,153.07,155.11
2023-06-19,155.07,155.35,154.64,155.06
2023-06-20,155.1,155.43,154.04,154.38
2023-06-21,154.45,155.94,154.29,155.84
2023-06-22,155.89,156.97,155.61,156.79
2023-06-23,156.82,156.86,155.04,156.45
2023-06-26,156.58,156.76,155.74,156.47
2023-06-27,156.57,158.01,156.38,157.89
2023-06-28,157.92,158.05,157.21,157.63
2023-06-29,157.67,157.95,157.23,157.28
2023-06-30,157.28,157.92,156.69,157.45
2023-07-03,157.48,158.01,157.24,157.82
2023-07-04,157.88,157.94,157.13,157.12
2023-07-05,157.18,157.74,156.76,156.97
2023-07-06,157.01,157.08,155.82,156.84
2023-07-07,156.86,156.95,155.35,155.81
2023-07-10,155.89,156.69,155.31,155.43
2023-07-11,155.45,155.69,154.17,154.49
2023-07-12,154.53,154.57,153.47,154.12
2023-07-13,154.17,155.18,153.86,154.92
2023-07-14,154.94,156.17,154.15,155.75
2023-07-17,155.88,156.36,155.06,155.87
2023-07-18,155.88,156.16,154.86,155.83
2023-07-19,155.86,157.23,155.82,156.4
2023-07-20,156.45,156.63,155.85,155.87
2023-07-21,155.91,158.07,155.58,157.68
2023-07-24,157.79,157.81,156.23,156.46
2023-07-25,156.52,156.92,155.6,155.69
2023-07-26,155.77,156.02,155.13,155.39
2023-07-27,155.39,156.27,152.18,153.01
2023-07-28,153.1,155.64,151.4,155.48
2023-07-31,155.61,157.31,155.09,156.45
2023-08-01,156.45,157.52,156.39,157.41
2023-08-02,157.43,157.54,156.24,156.73
2023-08-03,156.76,157.26,155.51,156.0
2023-08-04,156.07,156.67,155.88,156.07
2023-08-07,156.13,156.9,155.8,156.8
2023-08-08,156.8,157.77,156.32,157.06
2023-08-09,157.09,157.92,156.87,157.7
2023-08-10,157.74,159.23,157.64,158.9
2023-08-11,158.95,159.26,158.6,158.64
2023-08-14,158.7,158.87,158.18,158.71
2023-08-15,158.75,159.36,158.51,158.73
2023-08-16,158.78,159.29,158.62,159.17
2023-08-17,159.23,159.33,158.24,158.53
2023-08-18,158.59,158.6,157.65,157.97
2023-08-21,158.16,159.43,157.79,159.19
2023-08-22,159.24,159.51,158.07,158.19
2023-08-23,158.26,158.4,156.85,157.27
2023-08-24,157.31,158.07,157.09,157.62
2023-08-25,157.66,158.28,157.2,158.12
2023-08-28,158.16,158.58,158.07,158.51
2023-08-29,158.48,159.32,158.22,158.68
2023-08-30,158.71,159.81,158.54,159.75
2023-08-31,159.76,159.8,157.58,157.77
2023-09-01,157.81,158.0,157.02,157.53
2023-09-04,157.62,158.28,157.31,158.06
2023-09-05,158.14,158.54,157.78,158.45
2023-09-06,158.51,158.52,157.76,158.38
2023-09-07,158.38,158.55,157.35,157.59
2023-09-08,157.56,158.44,156.99,158.14
2023-09-11,158.39,158.42,156.57,157.53
2023-09-12,157.58,158.32,157.14,158.16
2023-09-13,158.18,158.68,157.99,158.17
2023-09-14,158.22,158.42,156.61,156.92
2023-09-15,156.9,157.94,156.71,157.52
2023-09-18,157.64,158.0,157.32,157.77
2023-09-19,157.82,158.32,157.72,157.87
2023-09-20,157.89,158.53,157.76,158.1
2023-09-21,158.14,158.16,156.98,157.29
2023-09-22,157.32,158.31,157.1,158.04
2023-09-25,158.07,158.26,157.45,157.66
2023-09-26,157.72,157.96,157.31,157.55
2023-09-27,157.59,157.7,156.94,157.11
2023-09-28,157.16,157.92,156.7,157.64
2023-09-29,157.76,158.37,157.39,157.86
2023-10-02,158.03,158.51,156.98,156.97
2023-10-03,157.02,157.26,154.45,155.95
2023-10-04,156.03,156.81,155.81,156.62
2023-10-05,156.65,156.81,156.07,156.64
2023-10-06,156.68,158.3,156.47,158.07
2023-10-09,157.84,157.84,156.51,156.89
2023-10-10,156.93,158.02,156.75,157.67
2023-10-11,157.71,158.51,157.5,158.35
2023-10-12,158.39,158.66,157.64,157.68
2023-10-13,157.7,158.08,157.03,157.16
2023-10-16,157.13,158.05,157.04,157.84
2023-10-17,157.88,158.66,157.57,158.41
2023-10-18,158.43,158.59,157.67,157.94
2023-10-19,157.95,158.95,157.66,158.48
2023-10-20,158.5,158.98,158.32,158.73
2023-10-23,158.69,159.8,158.49,159.7
2023-10-24,159.75,159.95,158.53,158.72
2023-10-25,158.78,158.97,158.4,158.67
2023-10-26,158.79,158.93,157.98,158.8
2023-10-27,158.79,158.91,157.88,158.04
2023-10-30,158.0,158.95,157.68,158.24
2023-10-31,158.3,160.88,158.18,160.41
2023-11-01,160.39,160.45,159.01,159.52
2023-11-02,159.56,160.13,159.05,159.77
2023-11-03,159.82,160.46,159.59,160.26
2023-11-06,160.3,161.02,160.1,160.82
2023-11-07,160.83,161.07,160.42,160.85
2023-11-08,160.88,161.76,160.68,161.64
2023-11-09,161.67,161.83,161.35,161.42
2023-11-10,161.46,161.98,161.34,161.82
2023-11-13,161.88,162.43,161.53,162.26
2023-11-14,162.32,163.87,162.2,163.6
2023-11-15,163.6,164.28,163.05,164.17
2023-11-16,164.2,164.35,163.24,163.52
2023-11-17,163.57,163.63,162.14,163.19
2023-11-20,163.25,163.59,161.76,162.28
2023-11-21,162.32,162.45,161.23,161.88
2023-11-22,161.92,162.95,161.57,162.79
2023-11-23,162.84,163.24,162.42,163.08
2023-11-24,163.11,163.68,162.72,163.47
2023-11-27,163.52,163.75,162.52,162.84
2023-11-28,162.87,162.95,161.91,162.07
2023-11-29,162.12,162.3,161.48,161.49
2023-11-30,161.55,161.98,160.57,161.3
2023-12-01,161.35,161.79,159.63,159.76
2023-12-04,159.85,159.89,158.68,159.51
2023-12-05,159.53,159.73,158.56,158.83
2023-12-06,158.89,159.15,158.37,158.54
2023-12-07,158.58,158.66,153.25,155.5
2023-12-08,155.57,156.15,153.85,155.96
2023-12-11,155.91,157.71,155.85,157.29
2023-12-12,157.35,157.37,156.48,156.97
2023-12-13,157.0,157.51,155.36,155.35
2023-12-14,155.38,156.1,153.85,155.93
2023-12-15,155.98,156.51,154.4,154.86
2023-12-18,154.88,156.35,154.81,155.9
2023-12-19,155.95,158.6,155.37,157.91
2023-12-20,157.94,158.14,156.76,157.03
2023-12-21,157.08,157.16,156.14,156.42
2023-12-22,156.46,157.07,156.19,156.79
2023-12-25,156.91,157.07,156.35,156.67
2023-12-26,156.74,157.39,156.56,157.22
2023-12-27,157.25,158.41,157.13,157.47
2023-12-28,157.51,157.55,155.81,156.36
2023-12-29,156.41,156.94,155.6,155.67
2024-01-01,155.8,155.84,155.56,155.58
2024-01-02,155.61,156.36,155.05,155.33
2024-01-03,155.46,156.82,155.29,156.49
2024-01-04,156.5,158.62,156.06,158.26
2024-01-05,158.3,159.18,158.03,158.24
2024-01-08,158.35,158.51,157.67,157.88
2024-01-09,157.95,158.09,157.17,157.89
2024-01-10,157.94,159.97,157.76,159.91
2024-01-11,159.93,160.22,159.24,159.37
2024-01-12,159.41,159.59,158.5,158.65
2024-01-15,158.75,159.87,158.57,159.55
2024-01-16,159.61,160.17,159.24,160.04
2024-01-17,160.1,161.32,159.97,161.2
2024-01-18,161.24,161.41,160.63,161.1
2024-01-19,161.14,161.9,160.8,161.43
2024-01-22,161.39,161.6,160.73,161.15
2024-01-23,161.19,161.74,160.42,160.93
2024-01-24,160.95,161.1,159.96,160.54
2024-01-25,160.56,161.01,159.68,160.14
2024-01-26,160.1,160.96,159.81,160.78
2024-01-29,160.74,160.86,159.39,159.78
2024-01-30,159.82,160.37,159.19,160.06
2024-01-31,160.08,160.38,158.48,158.87
2024-02-01,158.92,159.23,158.07,159.15
2024-02-02,159.2,160.29,159.03,160.0
2024-02-05,160.01,160.29,159.29,159.69
2024-02-06,159.73,159.92,158.95,159.09
2024-02-07,159.11,159.77,158.91,159.6
2024-02-08,159.64,161.05,159.45,160.9
2024-02-09,160.95,161.32,160.75,160.98
2024-02-12,160.95,161.13,160.36,160.83
2024-02-13,160.86,161.78,160.75,161.45
2024-02-14,161.51,161.61,160.94,161.51
2024-02-15,161.54,161.68,160.9,161.47
2024-02-16,161.51,161.98,161.43,161.84
2024-02-19,161.89,161.96,161.46,161.77
2024-02-20,161.82,162.4,161.72,162.03
2024-02-21,162.11,162.63,161.91,162.56
2024-02-22,162.62,163.49,162.55,162.9
2024-02-23,162.93,163.23,162.67,162.81
2024-02-26,162.82,163.75,162.55,163.49
2024-02-27,163.53,163.55,162.88,163.2
2024-02-28,163.22,163.43,162.74,163.29
2024-02-29,163.32,163.34,161.68,162.02
2024-03-01,162.05,163.07,161.99,162.67
2024-03-04,162.76,163.57,162.52,163.36
2024-03-05,163.41,163.48,162.59,162.87
2024-03-06,162.94,163.01,162.2,162.77
2024-03-07,162.79,162.85,160.53,162.03
2024-03-08,162.08,162.2,160.6,160.85
2024-03-11,160.88,160.97,160.2,160.55
2024-03-12,160.56,161.6,160.26,161.3
2024-03-13,161.37,161.98,160.89,161.7
2024-03-14,161.76,161.94,161.1,161.39
2024-03-15,161.45,162.44,161.05,162.24
2024-03-18,162.34,162.74,161.93,162.14
2024-03-19,162.18,164.04,162.01,163.9
2024-03-20,163.95,165.43,163.81,165.17
2024-03-21,165.18,165.37,164.33,164.65
2024-03-22,164.66,164.84,163.47,163.61
2024-03-25,163.73,164.23,163.3,164.07
2024-03-26,164.1,164.43,163.95,164.13
2024-03-27,164.17,164.53,163.53,163.82
2024-03-28,163.85,163.94,163.17,163.28
2024-03-29,163.34,163.5,162.95,163.32
2024-04-01,163.31,163.46,162.78,162.91
2024-04-02,162.92,163.37,162.6,163.19
2024-04-03,163.23,164.41,163.06,164.35
2024-04-04,164.33,164.95,163.78,163.97
2024-04-05,164.02,164.46,163.47,164.27
2024-04-08,164.26,164.93,164.18,164.81
2024-04-09,164.86,165.21,164.54,164.75
2024-04-10,164.8,165.02,163.89,164.48
2024-04-11,164.57,164.73,163.94,164.37
2024-04-12,164.41,164.46,162.26,163.12
2024-04-15,162.94,164.47,162.7,163.85
2024-04-16,163.91,164.71,163.67,164.26
2024-04-17,164.3,164.84,163.92,164.74
2024-04-18,164.77,164.98,164.34,164.57
2024-04-19,164.61,165.04,163.0,164.74
2024-04-22,164.77,165.13,164.38,164.94
2024-04-23,164.99,165.77,164.61,165.65
2024-04-24,165.69,166.25,165.35,166.17
2024-04-25,166.2,167.1,165.94,167.0
2024-04-26,167.05,169.41,166.47,169.28
2024-04-29,169.35,171.47,165.65,167.57
2024-04-30,167.63,168.74,167.32,168.28
2024-05-01,168.32,168.67,164.25,165.44
2024-05-02,165.47,167.4,164.21,164.77
2024-05-03,164.82,165.33,164.01,164.58
2024-05-06,164.66,166.01,164.47,165.7
2024-05-07,165.75,166.59,165.63,166.34
2024-05-08,166.38,167.37,166.23,167.08
2024-05-09,167.11,167.79,166.73,167.6
2024-05-10,167.63,168.0,167.4,167.69
2024-05-13,167.75,168.77,167.55,168.51
2024-05-14,168.52,169.46,168.46,169.22
2024-05-15,169.26,169.42,168.06,168.53
2024-05-16,168.57,169.0,167.31,168.82
2024-05-17,168.87,169.39,168.77,169.19
2024-05-20,169.18,169.82,169.05,169.6
2024-05-21,169.66,169.98,169.2,169.45
2024-05-22,169.51,169.96,169.37,169.64
2024-05-23,169.69,170.46,169.27,169.69
2024-05-24,169.72,170.52,169.62,170.26
2024-05-27,170.33,170.52,169.96,170.32
2024-05-28,170.35,170.83,170.23,170.56
2024-05-29,170.63,170.82,170.15,170.25
2024-05-30,170.28,170.36,169.05,169.83
2024-05-31,169.88,170.78,169.43,170.54
2024-06-03,170.71,170.92,169.7,170.18
2024-06-04,170.22,170.75,168.0,168.47
2024-06-05,168.51,170.05,168.39,169.63
2024-06-06,169.68,170.31,169.21,169.42
2024-06-07,169.46,170.02,168.93,169.24
2024-06-10,169.21,169.24,168.29,169.0
2024-06-11,169.06,169.5,168.28,168.68
2024-06-12,168.74,169.93,168.6,169.36
2024-06-13,169.4,170.17,168.26,168.56
2024-06-14,168.61,169.83,167.52,168.39
2024-06-17,168.43,169.37,167.94,169.29
2024-06-18,169.32,169.95,168.96,169.5
2024-06-19,169.56,169.9,169.11,169.83
2024-06-20,169.88,170.37,169.61,170.02
2024-06-21,170.1,170.95,169.31,170.83
2024-06-24,170.91,171.53,170.34,171.27
2024-06-25,171.32,171.42,170.69,171.08
2024-06-26,171.1,171.86,170.84,171.71
2024-06-27,171.75,172.22,171.38,172.02
2024-06-28,172.06,172.51,171.43,172.3
2024-07-01,172.39,173.85,172.39,173.37
2024-07-02,173.43,173.65,173.07,173.45
2024-07-03,173.5,174.72,173.42,174.37
2024-07-04,174.44,174.46,173.79,174.33
2024-07-05,174.36,174.54,173.7,174.16
2024-07-08,173.73,174.66,173.51,174.03
2024-07-09,174.08,174.62,174.0,174.41
2024-07-10,174.48,175.19,174.38,175.09
2024-07-11,175.07,175.95,171.54,172.57
2024-07-12,172.59,173.46,171.45,172.19
2024-07-15,172.2,172.58,171.57,172.14
2024-07-16,172.17,172.96,172.13,172.54
2024-07-17,172.59,172.86,170.69,170.79
2024-07-18,170.83,171.6,169.98,171.44
2024-07-19,171.48,171.91,170.91,171.3
2024-07-22,171.38,171.68,170.07,170.97
2024-07-23,171.03,171.12,168.82,168.82
2024-07-24,168.87,169.23,166.14,166.79
2024-07-25,166.83,167.63,164.82,166.92
2024-07-26,166.97,168.03,166.35,166.88
2024-07-29,167.01,167.54,166.22,166.62
2024-07-30,166.67,167.98,165.08,165.21
2024-07-31,165.23,166.4,162.01,162.35
2024-08-01,162.38,162.92,160.88,161.17
2024-08-02,161.2,161.95,159.68,159.88
2024-08-05,160.07,160.11,154.4,157.89
2024-08-06,157.94,160.25,157.29,157.72
2024-08-07,157.77,161.45,157.7,160.2
2024-08-08,160.22,160.92,158.95,160.8
2024-08-09,160.82,161.39,159.81,160.04
2024-08-12,160.05,161.98,160.05,160.89
2024-08-13,160.91,161.82,160.64,161.38
2024-08-14,161.42,162.6,160.58,162.22
2024-08-15,162.25,163.91,161.81,163.75
2024-08-16,163.79,163.89,162.3,162.75
2024-08-19,162.72,163.21,160.41,162.47
2024-08-20,162.51,163.23,161.52,161.66
2024-08-21,161.68,162.8,161.33,161.95
2024-08-22,162.0,162.94,161.45,162.52
2024-08-23,162.55,162.74,161.2,161.55
2024-08-26,161.54,161.6,160.5,161.3
2024-08-27,161.31,162.21,160.88,160.99
2024-08-28,161.03,161.39,160.43,160.77
2024-08-29,160.78,161.29,160.02,160.59
2024-08-30,160.61,161.64,160.19,161.46
2024-09-02,161.49,162.9,161.01,162.63
2024-09-03,162.63,162.82,160.5,160.64
2024-09-04,160.66,160.91,159.25,159.28
2024-09-05,159.29,159.82,158.55,159.36
2024-09-06,159.39,159.47,157.45,157.68
2024-09-09,157.68,158.75,157.4,157.97
2024-09-10,158.01,158.65,156.79,156.94
2024-09-11,157.0,157.02,155.46,156.74
2024-09-12,156.76,157.53,156.52,157.02
2024-09-13,157.07,157.12,155.6,155.97
2024-09-16,156.01,156.72,155.15,156.52
2024-09-17,156.55,158.34,156.04,158.25
2024-09-18,158.27,158.75,157.04,158.18
2024-09-19,158.2,159.99,157.78,159.18
2024-09-20,159.19,161.19,158.4,160.63
2024-09-23,160.67,161.2,159.04,159.57
2024-09-24,159.6,161.13,159.22,160.11
2024-09-25,160.14,161.69,159.87,161.14
2024-09-26,161.16,161.94,160.74,161.83
2024-09-27,161.86,163.51,158.57,158.73
2024-09-30,158.68,160.16,158.1,159.91
2024-10-01,159.93,160.94,158.36,158.89
2024-10-02,158.89,161.89,158.7,161.77
2024-10-03,161.79,162.51,161.36,162.04
2024-10-04,162.07,163.41,160.73,163.22
2024-10-07,163.24,163.59,162.3,162.61
2024-10-08,162.65,162.84,161.9,162.71
2024-10-09,162.73,163.49,162.38,163.31
2024-10-10,163.34,163.63,162.17,162.45
2024-10-11,162.47,163.41,162.3,163.1
2024-10-14,163.01,163.66,162.89,163.36
2024-10-15,163.38,163.45,162.34,162.47
2024-10-16,162.5,162.9,162.11,162.5
2024-10-17,162.54,162.78,161.85,162.68
2024-10-18,162.7,162.87,162.18,162.47
2024-10-21,162.41,163.17,162.0,163.12
2024-10-22,163.14,163.69,162.79,163.1
2024-10-23,163.15,165.04,163.05,164.68
2024-10-24,164.68,164.77,163.79,164.38
2024-10-25,164.39,164.81,163.91,164.38
2024-10-28,164.46,166.09,164.43,165.73
2024-10-29,165.75,166.15,165.14,165.89
2024-10-30,165.91,166.62,165.49,166.55
2024-10-31,166.56,166.7,164.92,165.45
2024-11-01,165.46,166.43,165.22,165.72
2024-11-04,165.75,166.55,165.23,165.47
2024-11-05,165.48,166.08,165.41,165.71
2024-11-06,165.74,166.14,164.93,165.89
2024-11-07,165.92,165.98,164.99,165.23
2024-11-08,165.26,165.44,163.21,163.59
2024-11-11,163.64,164.67,163.48,163.76
2024-11-12,163.79,164.34,163.22,164.23
2024-11-13,164.26,165.1,163.63,164.2
2024-11-14,164.23,165.0,163.79,164.53
2024-11-15,164.57,165.05,162.32,162.69
2024-11-18,162.78,164.0,162.25,163.88
2024-11-19,163.93,163.99,161.49,163.85
2024-11-20,163.85,164.78,163.16,163.87
2024-11-21,163.84,163.89,161.74,161.82
2024-11-22,161.87,162.51,159.91,161.24
2024-11-25,160.68,162.16,160.67,161.83
2024-11-26,161.83,162.04,160.29,160.56
2024-11-27,160.59,160.73,159.08,159.62
2024-11-28,159.68,160.37,159.49,159.92
2024-11-29,159.96,159.99,158.01,158.36
2024-12-02,158.41,158.67,156.37,157.02
2024-12-03,157.06,158.01,156.16,157.21
2024-12-04,157.22,158.68,156.97,158.28
2024-12-05,158.32,159.41,157.55,158.87
2024-12-06,158.91,159.76,158.09,158.55
2024-12-09,158.49,160.01,157.85,159.54
2024-12-10,159.6,160.09,159.37,159.94
2024-12-11,159.99,160.65,158.65,159.96
2024-12-12,160.01,160.59,159.09,159.75
2024-12-13,159.76,161.57,159.64,161.35
2024-12-16,161.33,162.24,161.08,162.01
2024-12-17,162.05,162.5,160.76,160.99
2024-12-18,161.05,161.61,159.8,160.25
2024-12-19,160.28,163.84,159.85,163.13
2024-12-20,163.17,163.69,162.32,163.12
2024-12-23,163.07,163.67,162.85,163.52
2024-12-24,163.55,163.74,163.09,163.42
2024-12-25,163.45,163.97,163.32,163.76
2024-12-26,163.59,164.78,163.3,164.67
2024-12-27,164.71,164.8,163.96,164.56
2024-12-30,164.67,164.89,162.77,163.21
2024-12-31,163.23,163.43,162.42,162.73
2025-01-01,162.76,162.85,162.35,162.44
2025-01-02,162.87,163.33,160.87,161.68
2025-01-03,161.7,162.23,161.38,162.11
2025-01-06,162.05,164.06,161.98,163.76
2025-01-07,163.78,164.58,163.2,163.42
2025-01-08,163.42,163.85,162.84,163.39
2025-01-09,163.41,163.44,162.37,162.85
2025-01-10,162.91,163.2,161.2,161.54
2025-01-13,161.53,161.81,160.03,161.31
2025-01-14,161.34,162.89,161.18,162.81
2025-01-15,162.85,162.92,160.77,160.99
2025-01-16,160.99,161.12,159.74,159.74
2025-01-17,159.79,161.04,159.72,160.54
2025-01-20,160.56,162.35,160.3,162.03
2025-01-21,162.07,162.25,160.93,162.17
2025-01-22,162.2,163.25,161.87,162.9
2025-01-23,162.93,163.15,162.17,162.53
2025-01-24,162.56,164.21,161.9,163.67
2025-01-27,163.59,163.6,161.54,162.08
2025-01-28,162.12,162.75,161.57,162.18
2025-01-29,162.22,162.51,161.3,161.72
2025-01-30,161.76,161.81,160.2,160.32
2025-01-31,160.32,161.52,159.91,160.8
2025-02-03,159.68,160.17,157.95,160.07
2025-02-04,160.1,160.86,159.18,160.15
2025-02-05,160.2,160.33,158.48,158.72
2025-02-06,158.75,158.89,157.05,157.21
2025-02-07,157.26,158.32,155.85,156.35
2025-02-10,156.21,157.43,155.48,156.64
2025-02-11,156.68,158.21,156.25,157.97
2025-02-12,158.0,160.99,157.87,160.31
2025-02-13,160.32,161.21,159.0,159.88
2025-02-14,159.9,160.33,159.42,159.81
2025-02-17,159.8,159.86,158.51,158.8
2025-02-18,158.83,159.23,158.35,158.82
2025-02-19,158.8,159.15,157.7,157.85
2025-02-20,157.87,157.9,156.3,157.09
2025-02-21,157.15,158.23,155.8,156.13
2025-02-24,156.66,157.28,156.07,156.69
2025-02-25,156.72,157.33,156.07,156.66
2025-02-26,156.69,157.16,156.03,156.28
2025-02-27,156.32,157.24,155.64,155.75
2025-02-28,155.78,157.2,154.79,156.25
2025-03-03,156.38,158.5,155.91,156.77
2025-03-04,156.8,159.23,155.57,159.15
2025-03-05,159.19,160.75,158.73,160.61
2025-03-06,160.65,161.3,159.11,159.53
2025-03-07,159.6,160.79,159.26,160.35
2025-03-10,160.21,160.4,158.89,159.51
2025-03-11,159.56,161.82,158.97,161.34
2025-03-12,161.37,162.7,161.18,161.38
2025-03-13,161.41,161.53,160.04,160.4
2025-03-14,160.42,162.35,160.31,161.68
2025-03-17,161.6,163.09,161.55,162.95
2025-03-18,163.0,164.21,162.87,163.34
2025-03-19,163.37,163.9,162.04,162.08
2025-03-20,162.15,162.36,160.73,161.44
2025-03-21,161.47,162.16,160.74,161.46
2025-03-24,161.39,162.87,161.39,162.75
2025-03-25,162.79,163.05,161.6,161.76
2025-03-26,161.77,162.63,161.64,161.9
2025-03-27,161.95,163.38,161.35,163.15
2025-03-28,163.16,163.2,162.05,162.2
2025-03-31,162.1,162.51,161.03,162.2
2025-04-01,162.22,162.4,160.75,161.47
2025-04-02,161.49,164.21,161.1,162.0
2025-04-03,162.03,163.07,160.1,161.4
2025-04-04,161.44,162.03,159.01,160.93
2025-04-07,160.07,162.41,158.35,161.2
2025-04-08,161.21,162.22,160.01,160.26
2025-04-09,160.32,162.23,159.46,161.77
2025-04-10,161.8,162.6,160.85,161.74
2025-04-11,161.76,163.16,161.29,163.03
2025-04-14,163.91,163.92,162.06,162.27
2025-04-15,162.3,162.85,161.26,161.58
2025-04-16,161.64,162.39,161.41,161.65
2025-04-17,161.64,162.69,161.26,161.82
2025-04-18,161.9,162.22,161.7,161.95
2025-04-21,161.91,162.69,161.62,162.15
2025-04-22,162.21,162.37,160.94,161.7
2025-04-23,161.72,162.49,161.18,162.32
2025-04-24,162.32,162.52,161.82,162.45
2025-04-25,162.45,163.79,162.1,163.31
2025-04-28,163.31,163.45,162.19,162.21
2025-04-29,162.21,162.59,161.88,162.08
2025-04-30,162.08,162.82,161.74,162.09
2025-05-01,162.09,164.48,161.77,164.24
2025-05-02,164.24,164.64,163.37,163.74
2025-05-05,163.83,163.97,162.56,162.6
2025-05-06,162.6,162.99,161.59,161.95
2025-05-07,161.94,163.06,161.86,162.57
2025-05-08,162.52,163.93,162.5,163.84
2025-05-09,163.84,163.97,163.14,163.5
2025-05-12,163.07,164.98,162.92,164.61
2025-05-13,164.61,165.24,164.12,164.97
2025-05-14,164.97,165.19,163.71,164.0
2025-05-15,163.98,164.09,162.74,162.99
2025-05-16,162.99,163.14,162.44,162.57
2025-05-19,162.68,163.43,162.12,162.88
2025-05-20,162.88,163.32,162.4,163.05
2025-05-21,163.05,163.34,162.61,162.8
2025-05-22,162.82,163.44,161.76,162.45
2025-05-23,162.45,162.83,161.06,162.02
2025-05-26,162.03,163.01,161.85,162.68
2025-05-27,162.68,163.99,162.07,163.51
2025-05-28,163.51,163.95,163.05,163.57
2025-05-29,163.56,164.29,163.31,163.97
2025-05-30,163.99,164.02,162.79,163.48
2025-06-02,163.41,163.7,162.81,163.3
2025-06-03,163.28,163.92,162.77,163.76
2025-06-04,163.76,164.55,162.95,163.0
2025-06-05,163.0,164.69,162.88,164.29
2025-06-06,164.28,165.33,164.15,165.08
2025-06-09,165.12,165.33,164.54,165.17
2025-06-10,165.16,165.67,164.61,165.5
2025-06-11,165.5,166.55,165.37,166.06
2025-06-12,166.05,166.77,165.46,166.24
2025-06-13,166.2,166.62,164.93,166.46
2025-06-16,166.32,167.48,165.89,167.34
2025-06-17,167.34,167.64,166.69,166.78
2025-06-18,166.78,167.08,166.3,166.61
2025-06-19,166.64,167.35,166.04,167.21
2025-06-20,167.21,168.43,167.08,168.34
2025-06-23,168.22,169.76,167.46,169.21
2025-06-24,169.21,169.33,167.89,168.26
2025-06-25,168.26,169.42,168.11,169.37
2025-06-26,169.36,169.43,168.54,168.95
2025-06-27,168.89,169.84,168.61,169.55
2025-06-30,169.47,169.89,168.69,169.78
2025-07-01,169.78,169.83,168.44,169.36
2025-07-02,169.36,169.81,169.01,169.53
2025-07-03,169.53,170.65,168.73,170.38
2025-07-04,170.39,170.47,169.84,170.28
2025-07-07,170.27,171.34,169.87,171.03
2025-07-08,171.0,172.05,170.93,171.86
2025-07-09,171.86,172.3,171.26,171.51
2025-07-10,171.51,171.8,170.93,171.13
2025-07-11,171.14,172.44,170.79,172.33
2025-07-14,171.85,172.52,171.59,172.3
2025-07-15,172.31,173.12,172.24,172.71
2025-07-16,172.7,173.26,171.77,172.05
2025-07-17,172.14,172.69,171.92,172.34
2025-07-18,172.33,173.12,172.23,173.03
2025-07-21,172.15,172.88,171.88,172.38
2025-07-22,172.38,172.96,171.36,172.36
2025-07-23,172.37,172.76,171.36,172.47
2025-07-24,172.43,172.96,171.74,172.71
2025-07-25,172.71,173.65,172.47,173.4
2025-07-28,173.44,173.95,172.05,172.16
2025-07-29,172.17,172.35,171.03,171.41
2025-07-30,171.43,171.57,170.44,170.52
2025-07-31,170.51,172.36,169.7,172.1
2025-08-01,172.09,172.41,170.24,170.74
2025-08-04,170.64,171.21,169.91,170.19
2025-08-05,170.19,170.98,169.8,170.87
2025-08-06,170.83,172.0,170.6,171.83
2025-08-07,171.83,172.18,171.25,171.63
2025-08-08,171.63,172.36,171.34,171.95
2025-08-11,171.98,172.24,171.54,172.08
2025-08-12,172.08,173.04,172.0,172.58
2025-08-13,172.59,173.05,172.23,172.53
2025-08-14,172.52,172.62,170.88,172.12
2025-08-15,172.14,172.41,171.49,172.19
2025-08-18,172.13,172.71,171.97,172.44
2025-08-19,172.44,172.73,171.69,172.01
2025-08-20,171.99,172.08,171.09,171.66
2025-08-21,171.69,172.41,171.51,172.2
2025-08-22,172.2,173.13,171.8,172.17
2025-08-25,172.17,172.68,171.55,171.7
2025-08-26,171.71,172.18,171.31,171.61
2025-08-27,171.62,171.93,171.23,171.57
2025-08-28,171.57,171.84,171.1,171.65
2025-08-29,171.65,172.04,171.23,171.84
2025-09-01,171.88,172.56,171.79,172.36
2025-09-02,172.36,173.46,172.25,172.72
2025-09-03,172.72,173.37,172.53,172.71
2025-09-04,172.7,173.25,172.44,172.97
2025-09-05,172.96,173.88,172.46,172.75
2025-09-08,172.75,173.95,172.75,173.55
2025-09-09,173.55,173.57,172.12,172.6
2025-09-10,172.6,173.05,172.35,172.46
2025-09-11,172.46,173.14,172.32,172.73
2025-09-12,172.73,173.47,172.61,173.28
2025-09-15,173.28,173.52,172.89,173.36
2025-09-16,173.37,173.86,173.0,173.85
2025-09-17,173.85,173.89,173.03,173.64
2025-09-18,173.63,174.5,173.48,174.46
2025-09-19,174.46,174.52,173.46,173.79
2025-09-22,173.79,174.4,173.64,174.37
2025-09-23,174.35,174.52,174.04,174.45
2025-09-24,174.45,174.81,174.21,174.79
2025-09-25,174.79,174.97,174.42,174.76
2025-09-26,174.76,175.08,174.6,174.95
2025-09-29,174.95,175.05,173.95,174.25
2025-09-30,174.25,174.45,173.36,173.57
2025-10-01,173.56,173.95,172.27,172.51
2025-10-02,172.51,173.01,172.24,172.53
2025-10-03,172.52,173.28,172.42,173.16
2025-10-06,173.15,176.3,172.77,176.07
2025-10-07,176.05,177.18,175.76,177.08
2025-10-08,177.08,177.88,176.89,177.54
2025-10-09,177.54,177.97,176.75,177.02
2025-10-10,177.03,177.18,175.64,175.67
2025-10-13,175.67,176.94,175.67,176.19
2025-10-14,176.18,176.49,175.31,176.24
2025-10-15,176.24,176.35,175.41,175.94
2025-10-16,175.92,176.49,175.43,175.82
2025-10-17,175.82,176.0,174.8,175.52
2025-10-20,175.68,176.4,175.23,175.5
2025-10-21,175.5,176.65,175.33,176.24
2025-10-22,176.24,176.48,175.75,176.47
2025-10-23,176.48,177.47,176.3,177.26
2025-10-24,177.27,178.04,177.18,177.73
2025-10-27,177.75,178.27,177.61,178.03
2025-10-28,178.02,178.06,176.98,177.24
2025-10-29,177.24,177.66,176.62,177.19
2025-10-30,177.18,178.83,176.8,178.26
2025-10-31,178.26,178.57,177.43,177.65
2025-11-03,177.65,178.0,177.22,177.66
2025-11-04,177.65,177.74,176.07,176.46
2025-11-05,176.46,177.17,175.69,177.13
2025-11-06,177.12,177.24,176.26,176.76
2025-11-07,176.76,177.63,176.5,177.46
2025-11-10,177.46,178.48,177.3,178.16
2025-11-11,178.16,178.77,177.99,178.55
2025-11-12,178.55,179.5,178.46,179.46
2025-11-13,179.45,179.96,179.21,179.81
2025-11-14,179.9,180.01,178.95,179.6
2025-11-17,179.6,180.04,179.25,179.97
2025-11-18,179.98,180.32,179.58,180.1
2025-11-19,180.07,181.38,179.76,181.33
2025-11-20,181.33,182.02,180.94,181.55
2025-11-21,181.55,181.69,179.74,180.05
2025-11-24,180.05,181.29,179.96,180.78
2025-11-25,180.78,180.94,180.09,180.57
2025-11-26,180.57,181.5,180.33,181.45
2025-11-27,181.45,181.47,180.74,181.25
2025-11-28,181.25,181.54,180.51,181.11
2025-12-01,181.1,181.3,180.12,180.49
2025-12-02,180.52,181.39,180.43,181.18
2025-12-03,181.21,181.49,180.79,181.21
2025-12-04,181.18,181.32,180.39,180.6
2025-12-05,180.6,180.96,180.08,180.86
2025-12-08,180.68,181.53,180.48,181.46
2025-12-09,181.44,182.66,181.33,182.4
2025-12-10,182.38,182.64,181.99,182.49
2025-12-11,182.49,182.77,181.87,182.64
2025-12-12,182.64,183.18,182.51,182.95
2025-12-15,182.96,183.1,181.82,182.43
2025-12-16,182.42,182.54,181.7,181.74
2025-12-17,181.72,182.9,181.56,182.78
2025-12-18,182.78,183.2,182.28,182.34
2025-12-19,182.28,184.77,182.26,184.74
2025-12-22,184.65,184.95,184.23,184.72
2025-12-23,184.65,184.75,183.48,184.26
2025-12-24,184.24,184.37,183.35,183.67
2025-12-25,183.74,183.77,183.32,183.51
2025-12-26,183.55,184.44,183.5,184.32
2025-12-29,184.29,184.44,183.4,183.72
2025-12-30,183.72,184.08,183.37,183.76
2025-12-31,183.76,184.25,183.53,184.02
2026-01-01,183.94,184.07,183.93,184.01
2026-01-02,184.07,184.46,183.7,183.82
2026-01-05,183.73,184.08,182.8,183.32
2026-01-06,183.33,183.67,183.0,183.09
2026-01-07,183.08,183.4,182.7,183.02
2026-01-08,183.01,183.26,182.61,182.91
2026-01-09,182.91,183.98,182.81,183.75
2026-01-12,183.7,184.68,183.67,184.52
2026-01-13,184.55,185.56,184.25,185.3
2026-01-14,185.27,185.59,184.28,184.49
2026-01-15,184.45,184.66,183.86,184.16
2026-01-16,184.16,184.23,183.2,183.4
2026-01-19,183.16,184.19,182.61,184.15
2026-01-20,184.12,185.49,183.76,185.43
2026-01-21,185.39,185.55,184.81,184.96
2026-01-22,184.95,186.27,184.79,186.22
2026-01-23,186.19,186.89,183.79,184.18
2026-01-26,184.26,184.31,181.77,183.18
2026-01-27,183.16,183.78,182.11,183.27
2026-01-28,183.26,183.62,182.56,183.39
2026-01-29,183.39,183.77,182.05,183.29
2026-01-30,183.29,184.09,183.01,183.41
2026-02-02,183.51,184.3,183.18,183.5
2026-02-03,183.44,183.96,183.44,183.84
