Date,Open,High,Low,Close
1979-12-26,107.8,108.4,107.1,107.8
1979-12-27,108.0,108.5,107.1,108.0
1979-12-28,107.8,108.6,107.2,107.8
1979-12-31,107.9,108.5,107.3,107.9
1980-01-01,107.9,107.9,107.9,107.9
1980-01-02,105.8,108.4,105.3,105.8
1980-01-03,105.2,106.1,103.3,105.2
1980-01-04,106.5,107.1,105.1,106.5
1980-01-07,106.8,107.8,105.8,106.8
1980-01-08,108.9,109.3,106.3,108.9
1980-01-09,109.1,111.1,108.4,109.1
1980-01-10,109.9,110.9,108.5,109.9
1980-01-11,109.9,111.2,108.9,109.9
1980-01-14,110.4,111.4,109.3,110.4
1980-01-15,111.1,111.9,109.4,111.1
1980-01-16,111.1,112.9,110.4,111.1
1980-01-17,110.7,112.0,109.8,110.7
1980-01-18,111.1,111.7,109.7,111.1
1980-01-21,112.1,112.9,110.7,112.1
1980-01-22,111.5,113.1,110.9,111.5
1980-01-23,113.4,113.9,110.9,113.4
1980-01-24,113.7,115.3,112.9,113.7
1980-01-25,113.6,114.4,112.4,113.6
1980-01-28,114.8,115.7,112.9,114.8
1980-01-29,114.1,115.8,113.0,114.1
1980-01-30,115.2,115.8,113.4,115.2
1980-01-31,114.2,117.2,113.8,114.2
1980-02-01,115.1,115.5,113.1,115.1
1980-02-04,114.4,116.0,113.8,114.4
1980-02-05,114.7,115.2,112.2,114.7
1980-02-06,115.7,116.6,113.7,115.7
1980-02-07,116.3,117.9,115.2,116.3
1980-02-08,117.9,118.7,115.7,117.9
1980-02-11,117.1,119.1,116.3,117.1
1980-02-12,117.9,118.4,115.8,117.9
1980-02-13,118.4,120.2,117.6,118.4
1980-02-14,116.7,119.3,116.0,116.7
1980-02-15,115.4,116.7,114.1,115.4
1980-02-18,115.4,115.4,115.4,115.4
1980-02-19,114.6,115.7,113.3,114.6
1980-02-20,116.5,117.2,114.1,116.5
1980-02-21,115.3,117.9,114.4,115.3
1980-02-22,115.0,116.5,113.4,115.0
1980-02-25,113.3,114.9,112.6,113.3
1980-02-26,114.0,114.8,112.3,114.0
1980-02-27,112.4,115.1,111.9,112.4
1980-02-28,112.3,113.7,111.3,112.3
1980-02-29,113.7,114.1,111.8,113.7
1980-03-03,112.5,114.3,112.0,112.5
1980-03-04,112.8,113.4,110.8,112.8
1980-03-05,111.1,113.9,110.6,111.1
1980-03-06,108.7,111.3,107.8,108.7
1980-03-07,106.9,109.0,106.0,106.9
1980-03-10,106.5,107.9,104.9,106.5
1980-03-11,107.8,108.5,106.2,107.8
1980-03-12,106.9,108.4,105.4,106.9
1980-03-13,105.6,107.6,105.1,105.6
1980-03-14,105.4,106.5,104.0,105.4
1980-03-17,102.3,105.2,101.8,102.3
1980-03-18,104.1,104.7,101.1,104.1
1980-03-19,104.3,105.7,103.3,104.3
1980-03-20,103.1,105.2,102.5,103.1
1980-03-21,102.3,103.7,101.6,102.3
1980-03-24,99.3,102.2,98.9,99.3
1980-03-25,99.2,100.6,97.9,99.2
1980-03-26,98.7,101.2,98.1,98.7
1980-03-27,98.2,99.6,94.2,98.2
1980-03-28,100.7,101.4,97.7,100.7
1980-03-31,102.1,102.7,100.0,102.1
1980-04-01,102.2,103.3,100.8,102.2
1980-04-02,102.7,103.9,101.4,102.7
1980-04-03,102.2,103.3,101.3,102.2
1980-04-07,100.2,102.3,99.7,100.2
1980-04-08,101.2,101.9,99.2,101.2
1980-04-09,103.1,103.6,101.0,103.1
1980-04-10,104.1,105.0,102.8,104.1
1980-04-11,103.8,105.2,103.2,103.8
1980-04-14,102.8,103.9,102.1,102.8
1980-04-15,102.6,103.9,101.8,102.6
1980-04-16,101.5,104.4,101.1,101.5
1980-04-17,101.1,102.2,100.1,101.1
1980-04-18,100.6,102.1,100.0,100.6
1980-04-21,99.8,101.3,98.9,99.8
1980-04-22,103.4,104.0,100.8,103.4
1980-04-23,103.7,105.1,102.8,103.7
1980-04-24,104.4,105.4,102.9,104.4
1980-04-25,105.2,105.6,103.0,105.2
1980-04-28,105.6,106.8,104.6,105.6
1980-04-29,105.9,106.7,104.9,105.9
1980-04-30,106.3,106.7,104.5,106.3
1980-05-01,105.5,106.9,104.7,105.5
1980-05-02,105.6,106.2,104.6,105.6
1980-05-05,106.4,106.8,104.6,106.4
1980-05-06,106.2,107.8,105.4,106.2
1980-05-07,107.2,108.1,105.6,107.2
1980-05-08,106.1,108.0,105.5,106.1
1980-05-09,104.7,106.2,104.2,104.7
1980-05-12,104.8,105.5,103.5,104.8
1980-05-13,106.3,106.8,104.4,106.3
1980-05-14,106.8,107.9,106.0,106.8
1980-05-15,107.0,108.0,106.1,107.0
1980-05-16,107.3,107.9,106.2,107.3
1980-05-19,107.7,108.4,106.5,107.7
1980-05-20,107.6,108.4,106.8,107.6
1980-05-21,107.7,108.3,106.5,107.7
1980-05-22,107.9,109.7,107.3,109.0
1980-05-23,109.8,111.4,109.0,110.6
1980-05-27,111.2,112.3,110.3,111.4
1980-05-28,111.2,112.7,110.4,112.1
1980-05-29,112.1,112.6,109.9,110.3
1980-05-30,109.5,111.6,108.9,111.2
1980-06-02,110.9,112.2,110.1,110.8
1980-06-03,110.6,111.6,109.8,110.5
1980-06-04,110.7,113.4,110.2,112.6
1980-06-05,113.3,114.4,111.9,112.8
1980-06-06,112.9,114.0,112.1,113.2
1980-06-09,113.5,114.5,112.7,113.7
1980-06-10,113.8,115.5,113.2,114.7
1980-06-11,114.8,116.6,114.2,116.0
1980-06-12,116.2,117.0,114.3,115.5
1980-06-13,116.0,116.9,114.7,115.8
1980-06-16,115.7,116.8,114.8,116.1
1980-06-17,116.0,117.2,115.1,116.0
1980-06-18,116.2,116.8,114.8,116.3
1980-06-19,116.2,116.8,114.4,114.7
1980-06-20,114.1,114.9,113.1,114.1
1980-06-23,113.8,115.3,113.3,114.5
1980-06-24,114.4,115.8,113.8,115.1
1980-06-25,115.8,117.4,115.1,116.7
1980-06-26,116.9,118.0,115.6,116.2
1980-06-27,115.8,116.9,115.0,116.0
1980-06-30,114.2,116.0,113.7,114.2
1980-07-01,114.1,115.4,113.5,114.9
1980-07-02,115.3,116.4,114.4,115.7
1980-07-03,116.2,117.8,115.5,117.5
1980-07-07,117.8,118.8,117.0,118.3
1980-07-08,118.4,119.1,117.1,117.8
1980-07-09,117.8,119.5,117.1,118.0
1980-07-10,117.6,118.6,116.4,116.9
1980-07-11,116.9,118.4,116.3,117.8
1980-07-14,118.0,120.4,117.4,120.0
1980-07-15,120.8,121.6,118.8,119.3
1980-07-16,119.3,120.9,118.5,119.6
1980-07-17,120.2,121.8,119.4,121.4
1980-07-18,122.1,123.2,120.9,122.0
1980-07-21,122.1,123.2,120.8,122.5
1980-07-22,122.8,123.9,121.4,122.2
1980-07-23,122.0,123.3,120.9,121.9
1980-07-24,122.0,123.0,120.8,121.8
1980-07-25,121.0,122.0,119.9,120.8
1980-07-28,120.3,122.0,119.8,121.4
1980-07-29,121.7,123.0,120.8,122.4
1980-07-30,122.7,123.9,121.2,122.2
1980-07-31,121.2,122.3,119.4,121.7
1980-08-01,121.4,122.4,120.1,121.2
1980-08-04,120.5,121.6,119.4,121.0
1980-08-05,120.9,122.1,119.9,120.7
1980-08-06,120.6,122.0,119.9,121.6
1980-08-07,122.2,123.8,121.3,123.3
1980-08-08,124.2,125.2,122.8,123.6
1980-08-11,123.6,125.3,122.8,124.8
1980-08-12,124.8,125.8,123.3,123.8
1980-08-13,123.5,124.7,122.5,123.3
1980-08-14,123.2,125.6,122.7,125.2
1980-08-15,125.7,126.6,124.5,125.7
1980-08-18,124.6,125.3,122.8,123.4
1980-08-19,123.0,124.0,122.0,122.6
1980-08-20,122.8,124.3,121.9,123.8
1980-08-21,124.3,126.0,123.6,125.5
1980-08-22,126.5,127.8,125.2,126.0
1980-08-25,125.3,126.3,124.3,125.2
1980-08-26,125.1,126.3,124.0,124.8
1980-08-27,124.2,125.0,122.9,123.5
1980-08-28,123.0,123.9,121.6,122.1
1980-08-29,121.6,123.0,121.1,122.4
1980-09-02,122.4,124.4,121.8,123.7
1980-09-03,124.8,126.4,123.9,126.1
1980-09-04,127.1,127.7,124.4,125.4
1980-09-05,125.1,126.1,124.1,124.9
1980-09-08,124.7,125.7,122.8,123.3
1980-09-09,122.7,124.5,121.9,124.1
1980-09-10,124.8,125.9,123.6,124.8
1980-09-11,125.2,126.5,124.2,125.7
1980-09-12,125.9,126.8,124.7,125.5
1980-09-15,125.1,126.3,124.1,125.7
1980-09-16,126.2,127.8,125.2,126.7
1980-09-17,127.3,129.6,126.6,128.9
1980-09-18,129.6,130.4,127.6,128.4
1980-09-19,128.3,130.3,127.6,129.2
1980-09-22,128.6,131.0,127.9,130.4
1980-09-23,130.5,132.2,128.6,129.4
1980-09-24,129.3,131.3,128.4,130.4
1980-09-25,130.8,131.5,128.1,128.7
1980-09-26,127.3,128.2,125.3,126.3
1980-09-29,124.6,125.4,122.9,123.5
1980-09-30,124.6,126.1,123.5,125.5
1980-10-01,125.7,127.9,124.3,127.1
1980-10-02,127.4,128.8,126.0,128.1
1980-10-03,128.5,130.4,127.7,129.3
1980-10-06,130.1,132.4,129.4,131.7
1980-10-07,132.2,132.9,130.1,131.0
1980-10-08,131.2,132.8,130.3,131.6
1980-10-09,131.9,132.6,130.2,131.0
1980-10-10,131.0,132.1,129.6,130.3
1980-10-13,130.1,132.5,129.4,132.0
1980-10-14,132.6,133.6,131.2,132.0
1980-10-15,132.3,134.4,131.6,133.7
1980-10-16,134.8,135.9,131.6,132.2
1980-10-17,131.6,133.1,130.2,131.5
1980-10-20,131.2,133.2,130.0,132.6
1980-10-21,133.3,134.0,130.8,131.8
1980-10-22,131.5,133.0,130.6,131.9
1980-10-23,131.9,132.5,128.9,129.5
1980-10-24,128.9,130.6,128.0,129.9
1980-10-27,129.3,129.9,127.3,127.9
1980-10-28,127.2,128.9,126.4,128.1
1980-10-29,128.8,129.9,127.1,127.9
1980-10-30,127.9,128.7,125.8,126.3
1980-10-31,126.0,128.2,125.3,127.5
1980-11-03,128.0,129.9,127.2,129.0
1980-11-05,131.3,135.6,130.8,131.3
1980-11-06,130.2,131.3,128.2,128.9
1980-11-07,128.7,130.1,127.7,129.2
1980-11-10,129.4,130.5,128.2,129.5
1980-11-11,130.4,132.3,129.5,131.3
1980-11-12,132.2,135.1,131.3,134.6
1980-11-13,135.5,137.2,134.1,136.5
1980-11-14,136.4,139.0,135.1,137.1
1980-11-17,135.9,138.5,134.9,137.8
1980-11-18,139.3,140.9,137.9,139.7
1980-11-19,139.5,141.8,138.1,139.1
1980-11-20,138.9,141.2,137.8,140.4
1980-11-21,140.6,141.2,138.1,139.1
1980-11-24,137.9,139.4,136.4,138.3
1980-11-25,138.9,140.8,137.4,139.3
1980-11-26,139.5,142.0,138.6,140.2
1980-11-28,140.2,141.5,139.0,140.5
1980-12-01,139.6,140.7,136.8,137.2
1980-12-02,136.8,138.1,134.4,137.0
1980-12-03,136.3,138.1,135.4,136.7
1980-12-04,136.4,138.4,135.1,136.5
1980-12-05,135.4,136.4,132.9,134.0
1980-12-08,132.4,133.2,129.7,130.6
1980-12-09,130.8,131.9,128.8,130.5
1980-12-10,131.0,132.0,127.9,128.3
1980-12-11,127.2,128.7,125.3,127.4
1980-12-12,129.2,130.0,127.2,129.2
1980-12-15,129.4,131.3,128.6,129.4
1980-12-16,130.6,131.2,128.3,130.6
1980-12-17,132.9,133.6,130.2,132.9
1980-12-18,133.0,135.9,131.9,133.0
1980-12-19,133.7,135.0,131.8,133.7
1980-12-22,135.8,136.7,132.9,135.8
1980-12-23,135.3,137.5,134.0,135.3
1980-12-24,135.9,136.6,134.1,135.9
1980-12-26,136.6,137.0,135.2,136.6
1980-12-29,136.8,137.5,134.4,135.0
1980-12-30,134.9,136.5,134.0,135.3
1980-12-31,135.6,136.8,134.3,135.8
1981-01-02,135.7,137.1,134.3,136.3
1981-01-05,137.6,139.2,135.9,138.0
1981-01-06,138.6,140.3,135.8,138.1
1981-01-07,135.1,136.0,132.3,135.1
1981-01-08,135.2,136.1,132.0,133.1
1981-01-09,133.9,134.8,131.7,133.5
1981-01-12,135.2,135.9,132.8,133.5
1981-01-13,133.1,134.3,131.7,133.3
1981-01-14,133.9,135.1,132.6,133.5
1981-01-15,133.5,135.1,132.4,134.2
1981-01-16,134.8,135.9,133.4,134.8
1981-01-19,135.0,135.9,133.5,134.4
1981-01-20,134.5,135.3,131.3,131.6
1981-01-21,131.1,132.5,129.1,131.4
1981-01-22,131.5,132.1,129.2,130.3
1981-01-23,130.3,131.3,129.0,130.2
1981-01-26,130.3,131.2,128.6,129.8
1981-01-27,130.4,131.9,129.3,131.1
1981-01-28,131.6,132.4,129.6,130.3
1981-01-29,130.0,131.8,129.0,130.2
1981-01-30,130.6,131.6,128.6,129.6
1981-02-02,128.9,129.5,125.8,126.9
1981-02-03,127.0,128.9,125.9,128.5
1981-02-04,128.6,129.7,127.3,128.6
1981-02-05,128.1,130.5,128.0,129.6
1981-02-06,129.9,131.8,129.0,130.6
1981-02-09,130.8,131.4,128.6,129.3
1981-02-10,129.2,130.2,128.1,129.2
1981-02-11,129.3,129.9,127.6,128.2
1981-02-12,128.1,128.9,126.8,127.5
1981-02-13,127.2,128.3,126.0,127.0
1981-02-17,127.2,128.8,126.4,127.8
1981-02-18,128.3,129.2,127.1,128.5
1981-02-19,128.6,129.1,126.0,126.6
1981-02-20,126.5,127.7,124.7,126.6
1981-02-23,126.4,128.5,125.7,127.3
1981-02-24,127.9,128.8,126.5,127.4
1981-02-25,127.7,129.2,125.8,128.5
1981-02-26,128.6,130.9,128.0,130.1
1981-02-27,130.4,132.0,129.4,131.3
1981-03-02,131.1,133.0,130.1,132.0
1981-03-03,131.7,132.7,129.9,130.6
1981-03-04,130.6,132.1,129.6,130.9
1981-03-05,130.9,131.8,129.2,129.9
1981-03-06,130.1,131.2,128.6,129.9
1981-03-09,130.3,131.9,129.4,131.1
1981-03-10,131.7,132.6,129.7,130.5
1981-03-11,130.3,131.2,128.7,129.9
1981-03-12,130.6,133.6,129.8,133.2
1981-03-13,134.4,135.5,132.4,133.1
1981-03-16,133.2,136.3,132.2,134.7
1981-03-17,134.9,136.1,132.8,133.9
1981-03-18,133.8,135.7,132.8,134.2
1981-03-19,134.6,135.4,132.4,133.5
1981-03-20,133.7,135.3,132.5,134.1
1981-03-23,134.4,136.5,133.4,135.7
1981-03-24,136.4,137.4,134.1,134.7
1981-03-25,134.6,137.3,133.9,137.1
1981-03-26,137.2,138.4,135.3,136.3
1981-03-27,135.9,136.9,133.9,134.6
1981-03-30,134.5,135.9,133.5,134.3
1981-03-31,135.8,137.1,134.7,136.0
1981-04-01,136.4,137.6,135.0,136.6
1981-04-02,136.3,137.7,135.2,136.3
1981-04-03,136.3,137.0,134.7,135.5
1981-04-06,134.4,135.3,132.9,133.9
1981-04-07,134.2,135.3,133.0,133.9
1981-04-08,134.0,135.3,133.3,134.3
1981-04-09,134.4,135.8,132.6,134.7
1981-04-10,134.8,136.2,133.2,134.5
1981-04-13,133.6,134.9,132.2,133.1
1981-04-14,133.1,134.0,131.6,132.7
1981-04-15,133.2,134.8,132.2,134.2
1981-04-16,134.8,135.8,133.4,134.7
1981-04-20,134.0,136.2,133.2,135.4
1981-04-21,135.5,136.4,133.5,134.2
1981-04-22,134.1,135.5,132.7,134.1
1981-04-23,134.9,135.9,132.9,133.9
1981-04-24,134.1,136.0,132.9,135.1
1981-04-27,135.5,136.6,134.1,135.5
1981-04-28,135.5,136.1,133.1,134.3
1981-04-29,133.6,134.7,131.8,133.1
1981-04-30,133.5,134.4,131.9,132.8
1981-05-01,133.1,134.2,131.4,132.7
1981-05-04,130.9,131.8,129.6,130.7
1981-05-05,130.1,131.3,128.9,130.3
1981-05-06,131.1,132.4,130.1,130.8
1981-05-07,131.0,132.4,130.2,131.7
1981-05-08,132.2,132.9,130.8,131.7
1981-05-11,131.7,132.2,129.1,129.7
1981-05-12,129.4,131.2,128.8,130.7
1981-05-13,131.0,132.0,129.5,130.6
1981-05-14,130.7,132.1,129.9,131.3
1981-05-15,131.6,133.2,130.8,132.2
1981-05-18,132.7,133.6,131.5,132.5
1981-05-19,132.4,133.2,130.8,132.1
1981-05-20,132.1,133.0,130.6,132.0
1981-05-21,132.2,133.0,130.7,131.8
1981-05-22,131.9,132.6,130.4,131.3
1981-05-26,131.7,133.3,130.6,132.8
1981-05-27,132.7,134.6,131.9,133.8
1981-05-28,133.9,134.9,132.0,133.4
1981-05-29,133.9,134.4,131.5,132.6
1981-06-01,133.3,134.6,131.5,132.4
1981-06-02,130.6,133.0,129.8,130.6
1981-06-03,129.8,131.4,128.8,130.7
1981-06-04,131.0,132.2,129.7,131.0
1981-06-05,130.9,133.0,130.2,132.2
1981-06-08,132.8,133.7,131.3,132.2
1981-06-09,132.2,133.3,130.9,132.0
1981-06-10,132.1,133.5,131.0,132.3
1981-06-11,132.6,134.3,131.6,133.8
1981-06-12,134.1,135.1,132.4,133.5
1981-06-15,134.5,135.7,132.8,133.6
1981-06-16,133.2,134.2,131.3,132.1
1981-06-17,131.9,134.0,130.8,133.3
1981-06-18,133.3,134.0,130.9,131.6
1981-06-19,131.4,133.3,130.5,132.3
1981-06-22,132.7,133.5,131.1,131.9
1981-06-23,131.9,134.0,131.2,133.4
1981-06-24,133.1,133.9,131.6,132.7
1981-06-25,132.8,134.3,131.8,132.8
1981-06-26,132.8,133.8,131.7,132.6
1981-06-29,132.8,133.5,131.2,131.9
1981-06-30,131.8,132.7,130.3,131.2
1981-07-01,130.7,131.7,129.0,129.8
1981-07-02,129.8,130.5,127.8,128.6
1981-07-06,128.1,129.0,126.4,127.4
1981-07-07,128.2,129.6,126.4,128.2
1981-07-08,128.6,129.6,126.9,128.3
1981-07-09,128.5,130.1,127.6,129.3
1981-07-10,129.5,130.4,128.4,129.4
1981-07-13,129.6,130.8,128.8,129.6
1981-07-14,129.6,130.8,128.1,129.6
1981-07-15,130.1,131.6,128.9,130.2
1981-07-16,130.5,131.4,129.3,130.3
1981-07-17,130.5,131.6,129.5,130.8
1981-07-20,129.6,130.6,128.0,128.7
1981-07-21,128.4,130.8,128.1,129.6
1981-07-22,129.0,129.7,126.7,127.1
1981-07-23,127.0,128.3,126.0,127.4
1981-07-24,127.8,129.3,127.1,128.5
1981-07-27,129.6,130.7,128.4,129.9
1981-07-28,129.8,130.4,128.3,129.1
1981-07-29,129.2,130.4,128.4,129.2
1981-07-30,129.6,130.7,128.6,130.0
1981-07-31,130.6,131.8,129.6,130.9
1981-08-03,130.7,131.7,129.4,130.5
1981-08-04,130.3,131.9,129.4,131.2
1981-08-05,131.6,133.4,130.8,132.7
1981-08-06,133.1,134.1,131.7,132.6
1981-08-07,132.4,133.0,131.0,131.8
1981-08-10,131.6,133.3,130.8,132.5
1981-08-11,132.9,134.6,132.1,133.9
1981-08-12,134.2,135.2,132.7,133.4
1981-08-13,133.5,134.6,132.5,133.5
1981-08-14,133.6,134.3,131.9,132.5
1981-08-17,131.2,133.0,130.8,131.2
1981-08-18,130.8,131.7,129.1,130.1
1981-08-19,130.0,131.2,129.0,130.5
1981-08-20,130.8,131.7,129.8,130.7
1981-08-21,130.5,131.1,128.7,129.2
1981-08-24,127.7,128.6,125.0,125.5
1981-08-25,124.2,125.8,123.0,125.1
1981-08-26,125.4,126.2,124.0,125.0
1981-08-27,124.3,125.3,122.9,123.5
1981-08-28,123.8,125.1,122.8,124.1
1981-08-31,125.0,125.6,122.3,122.8
1981-09-01,122.8,123.9,121.6,123.0
1981-09-02,123.6,124.6,122.5,123.5
1981-09-03,123.5,124.2,120.8,121.2
1981-09-04,120.6,121.5,119.2,120.1
1981-09-08,119.5,120.1,116.8,118.0
1981-09-09,118.2,119.5,116.9,118.4
1981-09-10,119.3,122.2,118.3,120.1
1981-09-11,120.5,122.1,119.3,121.6
1981-09-14,120.9,122.0,119.7,120.7
1981-09-15,120.8,121.8,119.3,119.8
1981-09-16,119.0,120.0,117.9,118.9
1981-09-17,119.0,119.9,116.6,117.2
1981-09-18,116.5,117.7,115.2,116.3
1981-09-21,115.8,118.1,115.0,117.2
1981-09-22,117.3,118.2,115.9,116.7
1981-09-23,115.4,116.7,113.6,115.7
1981-09-24,115.8,117.5,114.3,115.0
1981-09-25,113.4,114.7,111.6,112.8
1981-09-28,110.8,115.8,110.2,115.5
1981-09-29,116.1,117.8,114.8,115.9
1981-09-30,115.4,117.1,114.6,116.2
1981-10-01,115.8,117.7,115.0,117.1
1981-10-02,118.2,120.2,117.1,119.4
1981-10-05,120.6,121.5,118.6,119.5
1981-10-06,119.7,121.4,118.1,119.4
1981-10-07,120.0,121.9,119.1,121.3
1981-10-08,121.2,123.1,120.2,122.3
1981-10-09,122.5,123.3,120.6,121.4
1981-10-12,121.3,122.4,120.2,121.2
1981-10-13,121.4,122.4,120.0,120.8
1981-10-14,120.2,121.0,118.4,118.8
1981-10-15,118.9,120.6,118.0,119.7
1981-10-16,119.7,120.5,118.4,119.2
1981-10-19,118.5,119.8,117.6,119.0
1981-10-20,119.7,121.3,118.8,120.3
1981-10-21,120.5,121.9,119.3,120.1
1981-10-22,119.8,120.8,118.5,119.6
1981-10-23,119.0,119.9,117.8,118.6
1981-10-26,117.8,119.0,116.8,118.2
1981-10-27,119.0,120.4,117.8,119.3
1981-10-28,119.6,121.0,118.4,119.4
1981-10-29,119.4,120.4,118.1,119.1
1981-10-30,119.2,122.5,118.4,121.9
1981-11-02,123.5,125.1,122.3,124.2
1981-11-03,124.1,125.5,123.1,124.8
1981-11-04,124.8,126.0,123.6,124.7
1981-11-05,125.1,125.8,123.0,123.5
1981-11-06,123.1,124.0,121.8,122.7
1981-11-09,123.1,124.1,121.6,123.3
1981-11-10,123.9,124.7,122.0,122.7
1981-11-11,122.3,123.6,121.5,122.9
1981-11-12,123.8,124.7,122.2,123.2
1981-11-13,122.8,123.6,121.1,121.7
1981-11-16,120.7,121.6,119.1,120.2
1981-11-17,120.6,121.8,119.5,121.2
1981-11-18,120.8,121.9,119.6,120.3
1981-11-19,120.7,121.7,119.4,120.7
1981-11-20,120.8,122.6,120.1,121.7
1981-11-23,121.8,123.1,120.8,121.6
1981-11-24,122.1,124.0,121.2,123.5
1981-11-25,124.3,125.3,123.1,124.1
1981-11-27,124.2,125.7,123.6,125.1
1981-11-30,125.3,127.0,124.2,126.3
1981-12-01,125.7,127.3,124.8,126.1
1981-12-02,125.6,126.4,124.2,124.7
1981-12-03,124.5,125.8,123.6,125.1
1981-12-04,126.2,127.3,125.1,126.3
1981-12-07,126.2,126.9,124.7,125.2
1981-12-08,124.5,125.8,123.5,124.8
1981-12-09,125.0,126.1,124.1,125.5
1981-12-10,125.6,126.5,124.6,125.7
1981-12-11,125.5,126.3,124.3,124.9
1981-12-14,123.4,124.4,122.2,122.8
1981-12-15,123.0,123.8,121.8,123.0
1981-12-16,122.9,123.7,121.7,122.4
1981-12-17,122.4,123.8,121.6,123.1
1981-12-18,123.2,124.9,122.6,124.0
1981-12-21,124.0,124.7,122.7,123.3
1981-12-22,123.2,124.2,122.2,122.9
1981-12-23,122.8,123.6,121.6,122.3
1981-12-24,122.2,123.1,121.6,122.5
1981-12-28,122.8,123.4,121.7,122.3
1981-12-29,122.3,122.9,121.1,121.7
1981-12-30,121.6,123.1,121.0,122.3
1981-12-31,122.5,123.4,121.6,122.6
1982-01-04,122.6,123.7,121.5,122.7
1982-01-05,122.2,122.6,119.6,120.1
1982-01-06,119.8,120.4,118.0,119.2
1982-01-07,119.2,119.9,117.7,118.9
1982-01-08,119.4,120.6,118.6,119.6
1982-01-11,119.5,120.3,116.5,116.8
1982-01-12,116.3,117.5,115.2,116.3
1982-01-13,116.8,117.5,114.2,114.9
1982-01-14,114.8,116.3,114.1,115.5
1982-01-15,116.0,117.1,115.1,116.3
1982-01-18,115.4,117.7,114.8,117.2
1982-01-19,117.6,118.2,115.5,116.0
1982-01-20,115.7,116.6,114.3,115.3
1982-01-21,115.4,116.9,114.6,115.8
1982-01-22,115.8,116.5,114.6,115.4
1982-01-25,114.4,115.9,113.6,115.4
1982-01-26,115.9,116.6,114.5,115.2
1982-01-27,115.1,116.6,114.4,115.7
1982-01-28,116.8,119.3,116.1,118.9
1982-01-29,120.0,121.4,118.6,120.4
1982-02-01,118.7,119.8,117.1,117.8
1982-02-02,117.9,119.2,116.9,118.0
1982-02-03,118.0,118.7,116.0,116.5
1982-02-04,116.6,117.5,114.9,116.4
1982-02-05,116.7,118.3,115.7,117.3
1982-02-08,115.9,117.0,114.2,114.6
1982-02-09,114.0,115.2,112.8,113.7
1982-02-10,114.5,115.6,113.4,114.7
1982-02-11,114.9,115.6,113.4,114.4
1982-02-12,114.5,115.4,113.7,114.4
1982-02-16,112.8,114.6,112.1,114.1
1982-02-17,114.2,115.1,113.0,113.7
1982-02-18,114.2,115.0,113.0,113.8
1982-02-19,114.0,114.6,112.3,113.2
1982-02-22,114.3,114.9,111.2,111.6
1982-02-23,111.3,112.5,110.0,111.5
1982-02-24,112.3,113.9,110.7,113.5
1982-02-25,113.8,114.9,112.4,113.2
1982-02-26,113.0,114.0,112.0,113.1
1982-03-01,113.4,114.3,111.9,113.3
1982-03-02,113.9,114.8,112.0,112.7
1982-03-03,111.3,112.5,110.0,110.9
1982-03-04,110.9,111.8,108.8,109.9
1982-03-05,109.7,110.9,108.3,109.3
1982-03-08,110.5,111.1,107.0,107.3
1982-03-09,107.3,109.9,106.2,108.8
1982-03-10,109.0,111.0,108.1,109.4
1982-03-11,109.9,110.9,108.4,109.4
1982-03-12,108.9,109.7,107.5,108.6
1982-03-15,108.2,110.0,107.5,109.4
1982-03-16,109.7,110.9,108.6,109.3
1982-03-17,109.2,110.1,108.1,109.1
1982-03-18,109.6,111.0,108.8,110.3
1982-03-19,110.8,111.6,109.6,110.6
1982-03-22,111.4,113.3,110.7,112.8
1982-03-23,113.5,114.5,112.3,113.6
1982-03-24,113.6,114.3,112.2,113.0
1982-03-25,112.7,114.3,112.0,113.2
1982-03-26,112.7,113.4,111.3,111.9
1982-03-29,111.7,112.8,110.9,112.3
1982-03-30,112.2,113.1,111.3,112.3
1982-03-31,112.2,113.2,111.3,112.0
1982-04-01,112.2,114.2,111.5,113.8
1982-04-02,114.5,115.8,113.7,115.1
1982-04-05,115.2,115.9,113.9,114.7
1982-04-06,114.5,115.9,113.7,115.4
1982-04-07,115.4,116.4,114.6,115.5
1982-04-08,115.6,116.9,114.9,116.2
1982-04-12,116.3,117.0,115.2,116.0
1982-04-13,115.9,117.1,115.2,116.0
1982-04-14,115.8,116.7,114.8,115.8
1982-04-15,115.7,116.9,115.0,116.3
1982-04-16,116.5,117.7,115.7,116.8
1982-04-19,116.7,118.2,115.8,116.7
1982-04-20,115.4,117.1,114.8,115.4
1982-04-21,115.7,116.6,114.4,115.7
1982-04-22,117.2,118.0,115.7,117.2
1982-04-23,118.6,119.3,117.1,118.6
1982-04-26,119.3,120.1,117.8,119.3
1982-04-27,118.0,119.7,117.3,118.0
1982-04-28,117.8,118.6,116.4,117.3
1982-04-29,116.4,117.4,115.6,116.1
1982-04-30,116.2,117.4,115.4,116.4
1982-05-03,116.0,117.4,115.4,116.8
1982-05-04,117.4,118.4,116.4,117.5
1982-05-05,117.8,118.7,116.7,117.7
1982-05-06,118.8,119.6,117.7,118.7
1982-05-07,119.1,120.6,118.2,119.5
1982-05-10,119.1,119.7,117.8,118.4
1982-05-11,118.5,120.1,117.9,119.4
1982-05-12,119.9,120.5,118.2,119.2
1982-05-13,119.1,119.8,117.7,118.2
1982-05-14,118.2,119.1,117.4,118.0
1982-05-17,117.6,118.2,116.2,116.7
1982-05-18,116.4,117.0,115.2,115.8
1982-05-19,115.6,116.5,114.4,114.9
1982-05-20,114.8,115.6,113.7,114.6
1982-05-21,115.0,115.8,114.0,114.9
1982-05-24,114.4,115.5,113.7,114.8
1982-05-25,115.5,116.1,114.1,114.4
1982-05-26,113.7,114.4,112.4,113.1
1982-05-27,113.1,113.7,112.0,112.7
1982-05-28,112.8,113.2,111.2,111.9
1982-06-01,112.0,112.8,111.0,111.7
1982-06-02,111.8,112.8,110.9,112.0
1982-06-03,112.3,113.1,111.0,111.9
1982-06-04,111.7,112.2,109.6,110.1
1982-06-07,109.6,111.1,108.8,110.1
1982-06-08,110.3,110.9,109.0,109.6
1982-06-09,109.4,110.1,108.1,109.0
1982-06-10,109.3,110.3,108.3,109.6
1982-06-11,111.1,112.2,110.1,111.2
1982-06-14,110.5,111.3,109.4,110.0
1982-06-15,109.6,110.3,108.6,109.7
1982-06-16,110.1,110.6,108.3,108.9
1982-06-17,108.1,108.9,107.0,107.6
1982-06-18,107.4,108.2,106.5,107.3
1982-06-21,107.1,108.4,106.3,107.2
1982-06-22,107.2,108.8,106.5,108.3
1982-06-23,108.6,110.5,107.6,110.1
1982-06-24,110.2,111.4,109.1,109.8
1982-06-25,109.6,110.4,108.5,109.1
1982-06-28,109.3,111.0,108.7,110.3
1982-06-29,110.3,110.3,109.0,110.2
1982-06-30,109.6,109.6,109.6,109.6
1982-07-01,109.5,110.1,108.1,108.7
1982-07-02,108.1,108.9,106.9,107.7
1982-07-06,107.5,108.3,106.2,107.3
1982-07-07,107.1,108.2,106.3,107.2
1982-07-08,106.8,108.1,105.1,107.5
1982-07-09,108.2,109.7,107.3,108.8
1982-07-12,109.5,110.8,108.1,109.6
1982-07-13,109.2,110.7,108.4,109.4
1982-07-14,109.7,111.0,108.4,110.4
1982-07-15,110.8,111.8,109.5,110.5
1982-07-16,110.2,112.1,109.5,111.1
1982-07-19,111.8,112.3,110.1,110.7
1982-07-20,111.1,112.2,109.7,111.5
1982-07-21,112.2,113.1,110.7,111.4
1982-07-22,110.9,112.6,110.2,111.5
1982-07-23,111.5,112.4,110.2,111.2
1982-07-26,110.7,111.5,109.7,110.4
1982-07-27,110.3,111.0,108.9,109.4
1982-07-28,108.9,109.5,107.1,107.7
1982-07-29,107.9,108.7,106.2,107.7
1982-07-30,107.9,108.5,106.6,107.1
1982-08-02,108.2,109.6,107.0,109.0
1982-08-03,109.4,110.1,107.4,107.8
1982-08-04,106.8,107.7,105.6,106.1
1982-08-05,105.6,106.3,104.2,105.2
1982-08-06,104.8,105.7,103.3,103.7
1982-08-09,102.4,103.8,101.4,103.1
1982-08-10,103.8,104.4,102.3,102.8
1982-08-11,102.7,103.6,101.8,102.6
1982-08-12,103.0,103.8,101.8,102.4
1982-08-13,102.5,104.3,101.9,103.8
1982-08-16,105.4,106.2,103.6,104.1
1982-08-17,105.4,109.3,104.3,109.0
1982-08-18,110.5,112.8,107.9,108.5
1982-08-19,109.0,110.7,107.3,109.2
1982-08-20,110.3,113.5,109.3,113.0
1982-08-23,112.7,116.7,112.0,116.1
1982-08-24,116.3,117.5,114.1,115.3
1982-08-25,115.7,118.8,114.6,117.6
1982-08-26,118.7,121.2,117.1,118.6
1982-08-27,117.4,118.9,115.9,117.1
1982-08-30,116.0,118.2,115.2,117.7
1982-08-31,118.1,120.4,117.1,119.5
1982-09-01,120.0,120.7,117.4,118.2
1982-09-02,117.9,120.9,117.2,120.3
1982-09-03,122.2,124.8,121.0,122.7
1982-09-07,122.0,123.3,120.4,121.4
1982-09-08,121.3,123.7,120.4,122.2
1982-09-09,122.4,123.8,121.0,122.0
1982-09-10,121.1,122.2,119.6,121.0
1982-09-13,120.2,122.7,119.6,122.2
1982-09-14,123.1,124.5,121.8,123.1
1982-09-15,123.2,124.7,122.1,124.3
1982-09-16,124.0,125.6,122.9,123.8
1982-09-17,123.3,124.3,121.8,122.6
1982-09-20,122.5,123.2,120.8,122.5
1982-09-21,122.5,125.3,122.2,124.9
1982-09-22,124.9,127.3,123.6,124.0
1982-09-23,124.0,124.9,122.2,123.8
1982-09-24,123.8,124.4,122.4,123.3
1982-09-27,123.3,124.2,122.1,123.6
1982-09-28,123.6,124.9,122.6,123.2
1982-09-29,123.2,123.5,120.7,121.6
1982-09-30,121.6,121.9,119.5,120.4
1982-10-01,120.4,122.5,119.1,122.0
1982-10-04,122.0,122.2,119.9,121.5
1982-10-05,121.5,123.4,121.0,122.0
1982-10-06,122.0,126.3,121.8,126.0
1982-10-07,126.0,130.3,126.0,128.8
1982-10-08,128.8,132.1,127.2,131.1
1982-10-11,131.1,136.4,131.1,134.5
1982-10-12,134.5,137.0,132.3,134.4
1982-10-13,134.4,138.9,133.4,136.7
1982-10-14,136.7,138.0,133.9,134.6
1982-10-15,134.6,135.3,132.1,133.6
1982-10-18,133.6,137.5,133.2,136.7
1982-10-19,136.7,138.8,134.9,136.6
1982-10-20,136.6,139.7,135.5,139.2
1982-10-21,139.2,141.4,136.8,139.1
1982-10-22,139.1,141.4,137.5,138.8
1982-10-25,138.9,138.9,132.5,133.3
1982-10-26,133.3,135.3,130.7,134.5
1982-10-27,134.5,136.9,133.6,135.3
1982-10-28,135.3,136.2,133.0,133.6
1982-10-29,133.6,134.8,131.7,133.7
1982-11-01,133.7,136.0,132.5,135.5
1982-11-02,135.5,139.3,135.5,137.5
1982-11-03,137.5,143.5,137.4,142.9
1982-11-04,142.9,145.3,140.7,141.8
1982-11-05,141.8,143.6,140.2,142.2
1982-11-08,142.2,142.2,138.3,140.4
1982-11-09,140.4,144.0,139.9,143.0
1982-11-10,143.0,145.2,140.2,141.2
1982-11-11,141.2,142.4,138.8,141.8
1982-11-12,141.8,142.7,138.8,139.5
1982-11-15,139.5,139.5,135.8,137.0
1982-11-16,137.0,137.3,133.0,135.4
1982-11-17,135.4,139.0,135.4,137.9
1982-11-18,137.9,139.6,136.7,138.3
1982-11-19,138.3,139.8,136.3,137.0
1982-11-22,137.0,137.5,133.7,134.2
1982-11-23,134.2,135.1,132.1,132.9
1982-11-24,132.9,134.9,132.2,133.9
1982-11-26,133.9,135.6,133.5,134.9
1982-11-29,134.9,136.0,133.0,134.2
1982-11-30,134.2,139.0,133.4,138.5
1982-12-01,138.5,141.2,137.3,138.7
1982-12-02,138.7,140.6,137.6,138.8
1982-12-03,138.8,140.6,137.7,138.7
1982-12-06,138.7,142.6,137.2,141.8
1982-12-07,141.8,144.6,140.7,142.7
1982-12-08,142.7,144.7,140.8,141.8
1982-12-09,141.8,142.7,138.3,140.0
1982-12-10,140.0,142.1,138.2,139.6
1982-12-13,139.6,141.2,138.4,139.9
1982-12-14,139.9,143.0,136.8,137.4
1982-12-15,137.4,137.9,134.2,135.2
1982-12-16,135.2,137.0,133.8,135.3
1982-12-17,135.3,138.6,134.8,137.5
1982-12-20,137.5,138.8,135.4,136.3
1982-12-21,136.3,139.4,135.1,138.6
1982-12-22,138.6,140.9,137.3,138.8
1982-12-23,138.8,141.0,138.1,139.7
1982-12-27,139.7,143.0,139.2,142.2
1982-12-28,142.2,143.1,140.1,140.8
1982-12-29,140.8,142.5,139.7,141.2
1982-12-30,141.2,142.5,139.6,140.3
1982-12-31,140.3,141.7,139.4,140.6
1983-01-03,140.6,142.1,137.7,138.3
1983-01-04,138.3,141.9,137.3,141.3
1983-01-05,141.3,143.7,140.2,142.0
1983-01-06,142.0,146.7,141.7,145.3
1983-01-07,145.3,147.6,143.8,145.2
1983-01-10,145.2,148.0,143.8,146.8
1983-01-11,146.8,147.7,144.4,145.8
1983-01-12,145.8,149.1,145.1,146.7
1983-01-13,146.7,147.8,144.6,145.7
1983-01-14,145.7,148.0,144.9,146.7
1983-01-17,146.7,148.9,145.6,146.7
1983-01-18,146.7,147.7,144.4,146.4
1983-01-19,146.4,147.4,143.5,145.3
1983-01-20,145.3,147.8,144.5,146.3
1983-01-21,146.3,146.3,142.5,143.8
1983-01-24,143.8,143.8,137.7,140.0
1983-01-25,140.0,142.7,139.1,141.8
1983-01-26,141.8,143.2,140.1,141.5
1983-01-27,141.5,145.0,141.2,144.3
1983-01-28,144.3,146.6,143.2,144.5
1983-01-31,144.5,146.1,143.0,145.3
1983-02-01,145.3,146.0,142.6,143.0
1983-02-02,143.0,144.6,141.0,143.2
1983-02-03,143.2,145.4,142.5,144.3
1983-02-04,144.3,146.9,143.2,146.1
1983-02-07,146.1,148.3,145.1,146.9
1983-02-08,146.9,147.9,144.7,145.7
1983-02-09,145.7,146.7,143.4,145.0
1983-02-10,145.0,148.5,144.8,147.5
1983-02-11,147.5,149.6,146.4,147.6
1983-02-14,147.6,149.9,146.7,148.9
1983-02-15,148.9,150.3,147.3,148.3
1983-02-16,148.3,149.7,146.7,147.4
1983-02-17,147.4,148.5,145.7,147.4
1983-02-18,147.4,149.1,146.4,148.0
1983-02-22,148.0,148.1,144.7,145.5
1983-02-23,145.5,147.5,144.5,146.8
1983-02-24,146.8,150.4,146.8,149.6
1983-02-25,149.6,151.8,148.7,149.7
1983-02-28,149.7,150.3,146.9,148.1
1983-03-01,148.1,151.8,148.1,150.9
1983-03-02,150.9,153.7,150.2,152.3
1983-03-03,152.3,155.0,151.6,153.5
1983-03-04,153.5,154.7,151.5,153.7
1983-03-07,153.7,154.9,151.8,153.7
1983-03-08,153.7,154.1,150.7,151.3
1983-03-09,151.3,153.3,150.1,152.9
1983-03-10,152.9,154.8,151.1,151.8
1983-03-11,151.8,152.5,150.0,151.2
1983-03-14,151.2,152.2,149.5,150.8
1983-03-15,150.8,152.1,149.7,151.4
1983-03-16,151.4,152.5,149.0,149.8
1983-03-17,149.8,150.5,144.8,149.6
1983-03-18,149.6,151.1,148.6,149.9
1983-03-21,149.9,152.0,148.6,151.2
1983-03-22,151.2,152.6,149.8,150.7
1983-03-23,150.7,153.8,150.2,152.8
1983-03-24,152.8,154.7,151.7,153.4
1983-03-25,153.4,154.5,151.5,152.7
1983-03-28,152.7,153.3,150.9,151.8
1983-03-29,151.8,153.2,150.6,151.6
1983-03-30,151.6,154.0,151.2,153.4
1983-03-31,153.4,156.4,152.3,153.0
1983-04-04,153.0,153.9,151.3,153.0
1983-04-05,153.0,154.6,151.3,151.9
1983-04-06,151.9,152.4,149.5,151.0
1983-04-07,151.0,152.6,150.0,151.8
1983-04-08,151.8,153.5,150.7,152.8
1983-04-11,152.8,155.8,152.8,155.1
1983-04-12,155.1,156.8,154.1,155.8
1983-04-13,155.8,158.0,155.0,156.8
1983-04-14,156.8,158.8,155.7,158.1
1983-04-15,158.1,159.9,157.0,158.8
1983-04-18,158.8,160.6,157.6,159.7
1983-04-19,159.7,160.4,157.5,158.7
1983-04-20,158.7,161.7,158.0,160.7
1983-04-21,160.7,160.7,159.3,160.1
1983-04-22,160.1,161.8,158.8,160.4
1983-04-25,160.4,161.7,158.1,158.8
1983-04-26,158.8,162.2,157.3,161.8
1983-04-27,161.8,163.7,160.0,161.4
1983-04-28,161.4,163.9,160.5,162.9
1983-04-29,162.9,165.4,161.9,164.4
1983-05-02,164.4,164.8,161.1,162.1
1983-05-03,162.1,163.4,160.0,162.3
1983-05-04,162.3,164.7,161.4,163.3
1983-05-05,163.3,165.6,162.2,164.3
1983-05-06,164.3,167.7,163.7,166.1
1983-05-09,166.1,167.2,164.0,165.8
1983-05-10,165.8,167.4,164.6,165.9
1983-05-11,165.9,167.1,163.7,165.0
1983-05-12,165.0,166.0,163.0,164.2
1983-05-13,164.2,166.2,163.5,164.9
1983-05-16,164.9,164.9,161.3,163.4
1983-05-17,163.4,164.7,161.8,163.7
1983-05-18,163.7,166.0,162.3,163.3
1983-05-19,163.3,164.3,161.1,162.0
1983-05-20,162.0,163.1,160.3,162.1
1983-05-23,162.1,164.2,159.7,163.4
1983-05-24,163.4,166.5,163.0,165.5
1983-05-25,165.5,167.3,163.8,166.2
1983-05-26,166.2,167.4,164.1,165.5
1983-05-27,165.5,166.3,163.6,164.5
1983-05-31,164.5,164.7,161.2,162.4
1983-06-01,162.4,163.6,160.6,162.6
1983-06-02,162.6,165.1,161.8,164.0
1983-06-03,164.0,165.8,162.9,164.4
1983-06-06,164.4,166.0,163.1,164.8
1983-06-07,164.8,165.8,162.1,162.8
1983-06-08,162.8,163.4,160.4,161.4
1983-06-09,161.4,163.0,160.0,161.8
1983-06-10,161.8,163.9,161.2,162.7
1983-06-13,162.7,165.7,162.0,164.8
1983-06-14,164.8,167.1,163.7,165.5
1983-06-15,165.5,167.7,164.1,167.1
1983-06-16,167.1,170.7,166.8,169.1
1983-06-17,169.1,170.8,167.3,169.1
1983-06-20,169.1,170.7,167.7,169.0
1983-06-21,169.0,171.4,167.3,170.5
1983-06-22,170.5,172.8,169.2,171.0
1983-06-23,171.0,172.1,169.0,170.6
1983-06-24,170.6,171.9,168.7,170.4
1983-06-27,170.4,170.9,167.4,168.5
1983-06-28,168.5,169.4,165.2,165.7
1983-06-29,165.7,167.9,164.3,166.6
1983-06-30,166.6,169.1,166.2,168.1
1983-07-01,168.1,169.4,166.9,168.9
1983-07-05,168.9,168.9,165.0,166.6
1983-07-06,166.6,169.2,165.7,168.5
1983-07-07,168.5,170.0,166.3,167.6
1983-07-08,167.6,168.7,166.2,167.1
1983-07-11,167.1,169.2,166.5,168.1
1983-07-12,168.1,168.5,164.9,165.5
1983-07-13,165.5,166.6,163.9,165.5
1983-07-14,165.5,167.8,164.8,166.0
1983-07-15,166.0,166.4,163.4,164.3
1983-07-18,164.3,165.4,162.5,163.9
1983-07-19,163.9,166.1,163.4,164.8
1983-07-20,164.8,169.9,164.8,169.3
1983-07-21,169.3,170.8,167.3,169.1
1983-07-22,169.1,170.1,167.3,168.9
1983-07-25,168.9,170.5,166.9,169.5
1983-07-26,169.5,171.6,168.2,170.3
1983-07-27,170.3,171.7,166.8,167.6
1983-07-28,167.6,168.4,164.4,165.0
1983-07-29,165.0,165.2,160.6,162.6
1983-08-01,162.6,163.8,160.5,162.0
1983-08-02,162.0,164.0,161.0,162.0
1983-08-03,162.0,164.4,160.6,163.4
1983-08-04,163.4,163.9,159.0,161.3
1983-08-05,161.3,163.0,160.0,161.7
1983-08-08,161.7,161.7,158.3,159.2
1983-08-09,159.2,161.2,157.6,160.1
1983-08-10,160.1,162.5,158.7,161.5
1983-08-11,161.5,162.5,158.7,161.6
1983-08-12,161.5,162.6,161.5,162.2
1983-08-15,162.2,165.6,162.2,163.7
1983-08-16,163.7,164.8,161.8,163.4
1983-08-17,163.4,166.2,162.6,165.3
1983-08-18,165.3,166.7,162.9,163.6
1983-08-19,163.6,165.0,162.3,164.0
1983-08-22,164.0,166.5,163.1,164.3
1983-08-23,164.3,165.0,161.6,162.8
1983-08-24,162.8,163.6,160.4,161.2
1983-08-25,161.2,162.3,160.8,160.8
1983-08-26,160.8,163.0,159.6,162.1
1983-08-29,162.1,163.0,160.2,162.2
1983-08-30,162.2,163.9,161.2,162.6
1983-08-31,162.6,165.2,161.7,164.4
1983-09-01,164.4,165.7,162.8,164.2
1983-09-02,164.2,166.0,163.5,165.0
1983-09-06,165.0,168.8,165.0,167.9
1983-09-07,167.9,169.5,166.2,168.0
1983-09-08,168.0,169.1,166.2,167.8
1983-09-09,167.8,168.7,166.0,166.9
1983-09-12,166.9,169.9,164.6,165.5
1983-09-13,165.5,166.1,163.2,164.8
1983-09-14,164.8,166.3,163.7,165.4
1983-09-15,165.4,166.4,163.7,164.4
1983-09-16,164.4,167.2,163.7,166.2
1983-09-19,166.2,168.9,165.7,167.6
1983-09-20,167.6,170.4,167.4,169.2
1983-09-21,169.2,170.3,167.2,168.4
1983-09-22,168.4,170.6,167.3,169.8
1983-09-23,169.8,171.1,168.0,169.5
1983-09-26,169.5,171.6,168.4,170.1
1983-09-27,170.1,170.1,167.2,168.4
1983-09-28,168.4,169.3,166.8,168.0
1983-09-29,168.0,169.2,166.5,167.2
1983-09-30,167.2,167.7,164.8,166.1
1983-10-03,166.1,167.1,163.9,165.8
1983-10-04,165.8,167.8,164.8,166.3
1983-10-05,166.3,168.5,165.0,167.7
1983-10-06,167.7,170.9,167.3,170.3
1983-10-07,170.3,172.2,169.3,170.8
1983-10-10,170.8,173.1,169.3,172.7
1983-10-11,172.7,172.9,169.7,170.3
1983-10-12,170.3,171.6,168.4,169.6
1983-10-13,169.6,171.1,168.4,169.9
1983-10-14,169.9,171.1,168.2,169.9
1983-10-17,169.9,172.0,168.7,170.4
1983-10-18,170.4,171.2,166.9,167.8
1983-10-19,167.8,168.6,164.4,166.7
1983-10-20,166.7,168.3,165.4,167.0
1983-10-21,167.0,168.1,164.1,165.9
1983-10-24,165.9,166.8,163.0,166.0
1983-10-25,166.0,168.1,165.2,166.5
1983-10-26,166.5,167.6,164.5,165.4
1983-10-27,165.4,166.2,163.2,164.8
1983-10-28,164.8,165.9,162.4,163.4
1983-10-31,163.4,165.3,162.0,163.6
1983-11-01,163.6,164.7,161.4,163.6
1983-11-02,163.6,166.0,162.8,164.8
1983-11-03,164.8,165.6,162.7,163.4
1983-11-04,163.4,163.8,161.3,162.4
1983-11-07,162.4,163.6,160.9,161.9
1983-11-08,161.9,163.0,160.6,161.8
1983-11-09,161.8,164.6,161.1,164.0
1983-11-10,164.0,165.8,163.1,164.4
1983-11-11,164.4,166.9,163.6,166.3
1983-11-14,166.3,168.5,162.2,166.6
1983-11-15,166.6,167.4,164.4,165.4
1983-11-16,165.4,167.6,164.4,166.1
1983-11-17,166.1,167.4,164.6,166.1
1983-11-18,166.1,166.7,163.6,165.1
1983-11-21,165.1,167.2,163.9,166.1
1983-11-22,166.1,168.5,165.1,166.8
1983-11-23,166.8,168.4,165.3,167.0
1983-11-25,167.0,168.0,165.9,167.2
1983-11-28,167.2,168.0,165.4,166.5
1983-11-29,166.5,168.6,165.4,167.9
1983-11-30,167.9,169.1,165.7,166.4
1983-12-01,166.4,167.8,164.8,166.5
1983-12-02,166.5,167.6,164.4,165.4
1983-12-05,165.4,166.8,163.7,165.8
1983-12-06,165.8,167.1,164.4,165.5
1983-12-07,165.5,167.2,164.3,165.9
1983-12-08,165.9,167.1,164.0,165.2
1983-12-09,165.2,166.3,163.6,165.1
1983-12-12,165.1,166.6,164.0,165.6
1983-12-13,165.6,166.6,163.9,164.9
1983-12-14,164.9,165.7,162.5,163.3
1983-12-15,163.3,163.9,160.9,161.7
1983-12-16,161.7,163.3,160.6,162.4
1983-12-19,162.4,163.9,161.2,162.3
1983-12-20,162.3,163.5,160.9,162.0
1983-12-21,162.0,164.5,161.4,163.6
1983-12-22,163.6,165.1,162.1,163.3
1983-12-23,163.3,164.2,162.0,163.2
1983-12-27,163.2,165.4,162.8,164.8
1983-12-28,164.8,166.3,163.4,165.3
1983-12-29,165.3,166.7,163.9,164.9
1983-12-30,164.9,165.9,163.5,164.9
1984-01-03,164.9,164.9,164.0,164.0
1984-01-04,164.0,166.8,164.0,166.8
1984-01-05,166.8,169.1,166.8,168.8
1984-01-06,168.8,169.3,168.5,169.3
1984-01-09,169.3,169.5,168.5,168.9
1984-01-10,168.9,169.5,167.9,167.9
1984-01-11,167.9,168.1,167.3,167.8
1984-01-12,167.8,168.4,167.7,167.8
1984-01-13,167.8,168.6,166.6,167.0
1984-01-16,167.0,167.6,166.8,167.2
1984-01-17,167.2,167.8,167.0,167.8
1984-01-18,167.8,168.3,167.0,167.6
1984-01-19,167.6,167.7,166.7,167.0
1984-01-20,167.0,167.1,165.9,166.2
1984-01-23,166.2,166.2,164.8,164.9
1984-01-24,164.9,166.3,164.8,165.9
1984-01-25,165.9,167.1,164.7,164.8
1984-01-26,164.8,165.6,164.1,164.2
1984-01-27,164.2,164.3,163.1,163.9
1984-01-30,163.9,164.7,162.4,162.9
1984-01-31,162.9,163.6,162.0,163.4
1984-02-01,163.4,164.0,162.3,162.7
1984-02-02,162.7,163.4,162.2,163.4
1984-02-03,163.4,164.0,160.8,160.9
1984-02-06,160.9,160.9,158.0,158.1
1984-02-07,158.1,158.8,157.0,158.7
1984-02-08,158.7,159.1,155.7,155.8
1984-02-09,155.8,156.2,154.3,155.4
1984-02-10,155.4,156.5,155.4,156.3
1984-02-13,156.3,156.3,154.1,154.9
1984-02-14,154.9,156.6,154.9,156.6
1984-02-15,156.6,157.5,156.1,156.2
1984-02-16,156.2,156.4,155.4,156.1
1984-02-17,156.1,156.8,155.5,155.7
1984-02-21,155.7,155.7,154.5,154.6
1984-02-22,154.6,155.1,153.9,154.3
1984-02-23,154.3,154.4,152.1,154.3
1984-02-24,154.3,157.5,154.3,157.5
1984-02-27,157.5,159.6,157.1,159.3
1984-02-28,159.3,159.3,156.4,156.8
1984-02-29,156.8,158.3,156.4,157.1
1984-03-01,157.1,158.2,156.8,158.2
1984-03-02,158.2,159.9,158.2,159.2
1984-03-05,159.2,159.2,157.6,157.9
1984-03-06,157.9,158.4,156.2,156.2
1984-03-07,156.2,156.2,153.8,154.6
1984-03-08,154.6,155.8,154.3,155.2
1984-03-09,155.2,155.2,153.8,154.3
1984-03-12,154.3,156.3,154.3,156.3
1984-03-13,156.3,157.9,156.3,156.8
1984-03-14,156.8,157.2,156.2,156.8
1984-03-15,156.8,158.1,156.7,157.4
1984-03-16,157.4,160.4,157.4,159.3
1984-03-19,159.3,159.3,157.3,157.8
1984-03-20,157.8,159.2,157.8,158.9
1984-03-21,158.9,159.3,158.6,158.7
1984-03-22,158.7,158.7,156.6,156.7
1984-03-23,156.7,156.9,156.0,156.9
1984-03-26,156.9,157.2,156.3,156.7
1984-03-27,156.7,157.3,156.6,157.3
1984-03-28,157.3,159.9,157.3,159.9
1984-03-29,159.9,160.5,159.5,159.5
1984-03-30,159.5,159.5,158.9,159.2
1984-04-02,159.2,159.9,157.6,158.0
1984-04-03,158.0,158.3,157.2,157.7
1984-04-04,157.7,158.1,157.3,157.5
1984-04-05,157.5,158.1,155.0,155.0
1984-04-06,155.0,155.5,154.1,155.5
1984-04-09,155.5,155.9,154.7,155.4
1984-04-10,155.4,156.6,155.4,155.9
1984-04-11,155.9,156.3,154.9,155.0
1984-04-12,155.0,157.7,154.2,157.7
1984-04-13,157.7,158.9,157.1,157.3
1984-04-16,157.3,158.3,156.5,158.3
1984-04-17,158.3,159.6,158.3,159.0
1984-04-18,159.0,159.0,157.6,157.9
1984-04-19,157.9,158.0,157.1,158.0
1984-04-23,158.0,158.1,156.8,156.8
1984-04-24,156.8,158.4,156.6,158.1
1984-04-25,158.1,158.8,157.8,158.7
1984-04-26,158.7,160.5,158.7,160.3
1984-04-27,160.3,160.7,159.8,159.9
1984-04-30,159.9,160.4,159.3,160.1
1984-05-01,160.1,161.7,160.1,161.7
1984-05-02,161.7,162.1,161.4,161.9
1984-05-03,161.9,161.9,160.9,161.2
1984-05-04,161.2,161.2,158.9,159.1
1984-05-07,159.1,159.5,158.6,159.5
1984-05-08,159.5,160.5,159.1,160.5
1984-05-09,160.5,161.3,159.4,160.1
1984-05-10,160.1,160.4,159.6,160.0
1984-05-11,160.0,160.0,157.4,158.5
1984-05-14,158.5,158.5,157.2,157.5
1984-05-15,157.5,158.3,157.3,158.0
1984-05-16,158.0,158.4,157.8,158.0
1984-05-17,158.0,158.0,156.2,156.6
1984-05-18,156.6,156.8,155.2,155.8
1984-05-21,155.8,156.1,154.6,154.7
1984-05-22,154.7,154.7,153.0,153.9
1984-05-23,153.9,154.0,153.1,153.2
1984-05-24,153.2,153.2,150.8,151.2
1984-05-25,151.2,152.8,150.8,151.6
1984-05-29,151.6,151.9,149.9,150.3
1984-05-30,150.3,151.4,148.7,150.3
1984-05-31,150.3,150.7,149.8,150.6
1984-06-01,150.6,153.2,150.6,153.2
1984-06-04,153.2,155.1,153.2,154.3
1984-06-05,154.3,154.3,153.3,153.7
1984-06-06,153.7,155.0,153.4,155.0
1984-06-07,155.0,155.1,154.4,154.9
1984-06-08,154.9,155.4,154.6,155.2
1984-06-11,155.2,155.2,153.0,153.1
1984-06-12,153.1,153.1,151.6,152.2
1984-06-13,152.2,152.8,151.9,152.1
1984-06-14,152.1,152.1,150.3,150.4
1984-06-15,150.4,150.7,149.0,149.0
1984-06-18,149.0,151.9,148.5,151.7
1984-06-19,151.7,153.0,151.7,152.6
1984-06-20,152.6,154.8,151.0,154.8
1984-06-21,154.8,155.6,154.1,154.5
1984-06-22,154.5,154.9,153.9,154.5
1984-06-25,154.5,154.7,153.9,154.0
1984-06-26,154.0,154.0,152.5,152.7
1984-06-27,152.7,152.9,151.3,151.6
1984-06-28,151.6,153.1,151.6,152.8
1984-06-29,152.8,154.1,152.8,153.2
1984-07-02,153.2,153.2,152.4,153.2
1984-07-03,153.2,153.9,153.1,153.7
1984-07-05,153.7,153.9,152.7,152.8
1984-07-06,152.8,152.8,151.6,152.2
1984-07-09,152.2,153.5,151.4,153.4
1984-07-10,153.4,153.5,152.6,152.9
1984-07-11,152.9,152.9,150.6,150.6
1984-07-12,150.6,151.1,149.6,150.0
1984-07-13,150.0,151.2,150.0,150.9
1984-07-16,150.9,151.6,150.0,151.6
1984-07-17,151.6,152.6,151.3,152.4
1984-07-18,152.4,152.4,151.1,151.4
1984-07-19,151.4,151.4,150.3,150.4
1984-07-20,150.4,150.6,149.1,149.6
1984-07-23,149.6,149.6,147.8,148.9
1984-07-24,148.9,149.3,147.8,147.8
1984-07-25,147.8,149.3,147.3,148.8
1984-07-26,148.8,150.2,148.8,150.1
1984-07-27,150.1,151.4,150.0,151.2
1984-07-30,151.2,151.2,150.1,150.2
1984-07-31,150.2,150.8,149.7,150.7
1984-08-01,150.7,154.1,150.7,154.1
1984-08-02,154.1,158.0,154.1,158.0
1984-08-03,158.0,162.6,158.0,162.3
1984-08-06,162.3,165.3,162.1,162.6
1984-08-07,162.6,163.6,160.8,162.7
1984-08-08,162.7,163.9,161.8,161.8
1984-08-09,161.8,165.9,161.5,165.5
1984-08-10,165.5,168.6,165.2,165.4
1984-08-13,165.4,165.5,164.0,165.4
1984-08-14,165.4,166.1,164.3,164.4
1984-08-15,164.4,164.4,162.8,162.8
1984-08-16,162.8,164.4,162.8,163.8
1984-08-17,163.8,164.6,163.8,164.1
1984-08-20,164.1,164.9,163.8,164.9
1984-08-21,164.9,168.2,164.9,167.8
1984-08-22,167.8,168.8,166.9,167.1
1984-08-23,167.1,167.8,166.6,167.1
1984-08-24,167.1,167.5,167.1,167.5
1984-08-27,167.5,167.5,165.8,166.4
1984-08-28,166.4,167.4,166.2,167.4
1984-08-29,167.4,168.2,167.0,167.1
1984-08-30,167.1,167.2,166.6,166.6
1984-08-31,166.6,166.7,165.8,166.7
1984-09-04,166.7,166.7,164.7,164.9
1984-09-05,164.9,164.9,163.8,164.3
1984-09-06,164.3,165.9,164.3,165.7
1984-09-07,165.7,166.3,164.2,164.4
1984-09-10,164.4,165.1,163.1,164.3
1984-09-11,164.3,166.2,164.3,164.4
1984-09-12,164.4,164.8,164.1,164.7
1984-09-13,164.7,167.9,164.7,167.9
1984-09-14,167.9,169.7,167.9,168.8
1984-09-17,168.8,169.4,168.0,168.9
1984-09-18,168.9,168.9,167.6,167.7
1984-09-19,167.7,168.8,166.9,166.9
1984-09-20,166.9,167.5,166.7,167.5
1984-09-21,167.5,168.7,165.7,165.7
1984-09-24,165.7,166.1,165.0,165.3
1984-09-25,165.3,166.0,164.4,165.6
1984-09-26,165.6,167.2,165.6,166.3
1984-09-27,166.3,167.2,166.3,167.0
1984-09-28,167.0,167.0,165.8,166.1
1984-10-01,166.1,166.1,164.5,164.6
1984-10-02,164.6,165.2,163.6,163.6
1984-10-03,163.6,163.6,162.2,162.4
1984-10-04,162.4,163.2,162.4,162.9
1984-10-05,162.9,163.3,162.5,162.7
1984-10-08,162.7,162.7,161.8,162.1
1984-10-09,162.1,162.8,161.6,161.7
1984-10-10,161.7,162.1,160.0,162.1
1984-10-11,162.1,162.9,162.0,162.8
1984-10-12,162.8,164.5,162.8,164.2
1984-10-15,164.2,166.2,164.1,165.8
1984-10-16,165.8,165.8,164.7,164.8
1984-10-17,164.8,165.0,163.7,164.1
1984-10-18,164.1,168.1,163.8,168.1
1984-10-19,168.1,169.6,167.3,168.0
1984-10-22,168.0,168.4,167.3,167.4
1984-10-23,167.4,168.3,166.8,167.1
1984-10-24,167.1,167.5,166.8,167.2
1984-10-25,167.2,167.6,166.2,166.3
1984-10-26,166.3,166.3,164.9,165.3
1984-10-29,165.3,165.3,164.7,164.8
1984-10-30,164.8,167.3,164.8,166.8
1984-10-31,166.8,166.9,166.0,166.1
1984-11-01,166.1,167.8,166.1,167.5
1984-11-02,167.5,167.9,167.2,167.4
1984-11-05,167.4,168.7,167.3,168.6
1984-11-06,168.6,170.4,168.6,170.4
1984-11-07,170.4,170.4,168.4,169.2
1984-11-08,169.2,169.3,168.3,168.7
1984-11-09,168.7,169.5,167.4,167.6
1984-11-12,167.6,167.7,166.7,167.4
1984-11-13,167.4,167.4,165.8,166.0
1984-11-14,166.0,166.4,165.4,166.0
1984-11-15,166.0,166.5,165.6,165.9
1984-11-16,165.9,166.2,164.1,164.1
1984-11-19,164.1,164.3,163.0,163.1
1984-11-20,163.1,164.5,163.1,164.2
1984-11-21,164.2,164.7,163.3,164.5
1984-11-23,164.5,166.9,164.5,166.9
1984-11-26,166.9,166.9,165.4,165.6
1984-11-27,165.6,166.8,165.1,166.3
1984-11-28,166.3,166.9,165.0,165.0
1984-11-29,165.0,165.0,163.8,163.9
1984-11-30,163.9,163.9,163.0,163.6
1984-12-03,163.6,163.6,162.3,162.8
1984-12-04,162.8,163.9,162.8,163.4
1984-12-05,163.4,163.4,161.9,162.1
1984-12-06,162.1,163.1,161.8,162.8
1984-12-07,162.8,163.3,162.3,162.3
1984-12-10,162.3,163.3,161.5,162.8
1984-12-11,162.8,163.2,162.6,163.1
1984-12-12,163.1,163.2,162.6,162.6
1984-12-13,162.6,162.9,161.5,161.8
1984-12-14,161.8,163.5,161.6,162.7
1984-12-17,162.7,163.6,162.7,163.6
1984-12-18,163.6,168.1,163.6,168.1
1984-12-19,168.1,169.0,166.8,167.2
1984-12-20,167.2,167.6,166.3,166.4
1984-12-21,166.4,166.4,164.6,165.5
1984-12-24,165.5,166.9,165.5,166.8
1984-12-26,166.8,166.8,166.3,166.5
1984-12-27,166.5,166.5,165.6,165.8
1984-12-28,165.8,166.3,165.7,166.3
1984-12-31,166.3,167.3,166.1,167.2
1985-01-02,167.2,167.2,165.2,165.4
1985-01-03,165.4,166.1,164.4,164.6
1985-01-04,164.6,164.6,163.4,163.7
1985-01-07,163.7,164.7,163.7,164.2
1985-01-08,164.2,164.6,163.9,164.0
1985-01-09,164.0,165.6,164.0,165.2
1985-01-10,165.2,168.3,165.0,168.3
1985-01-11,168.3,168.7,167.6,167.9
1985-01-14,167.9,170.6,167.6,170.5
1985-01-15,170.5,171.8,170.4,170.8
1985-01-16,170.8,171.9,170.4,171.2
1985-01-17,171.2,171.3,170.2,170.7
1985-01-18,170.7,171.4,170.7,171.3
1985-01-21,171.3,175.4,171.3,175.2
1985-01-22,175.2,176.6,175.2,175.5
1985-01-23,175.5,177.3,175.2,177.3
1985-01-24,177.3,178.2,176.6,176.7
1985-01-25,176.7,177.8,176.5,177.3
1985-01-28,177.3,178.2,176.6,177.4
1985-01-29,177.4,179.2,176.6,179.2
1985-01-30,179.2,180.3,179.1,179.4
1985-01-31,179.4,179.8,178.6,179.6
1985-02-01,179.6,179.6,178.4,178.6
1985-02-04,178.6,180.3,177.8,180.3
1985-02-05,180.3,181.5,180.1,180.6
1985-02-06,180.6,181.5,180.3,180.4
1985-02-07,180.4,182.0,180.4,181.8
1985-02-08,181.8,182.4,181.7,182.2
1985-02-11,182.2,182.2,180.1,180.5
1985-02-12,180.5,180.8,179.4,180.6
1985-02-13,180.6,183.9,180.5,183.3
1985-02-14,183.3,183.9,182.4,182.4
1985-02-15,182.4,182.7,181.2,181.6
1985-02-19,181.6,181.6,180.9,181.3
1985-02-20,181.3,182.1,180.6,181.2
1985-02-21,181.2,181.2,180.0,180.2
1985-02-22,180.2,180.4,179.2,179.4
1985-02-25,179.4,179.4,178.1,179.2
1985-02-26,179.2,181.6,179.2,181.2
1985-02-27,181.2,181.9,180.5,180.7
1985-02-28,180.7,181.2,180.3,181.2
1985-03-01,181.2,183.9,181.2,183.2
1985-03-04,183.2,183.4,181.4,182.1
1985-03-05,182.1,182.7,181.4,182.2
1985-03-06,182.2,182.2,180.6,180.7
1985-03-07,180.7,180.7,179.4,179.5
1985-03-08,179.5,180.0,179.1,179.1
1985-03-11,179.1,179.5,178.2,178.8
1985-03-12,178.8,180.1,178.7,179.7
1985-03-13,179.7,180.0,178.0,178.2
1985-03-14,178.2,178.5,177.6,177.8
1985-03-15,177.8,178.4,176.5,176.5
1985-03-18,176.5,177.7,176.5,176.9
1985-03-19,176.9,179.6,176.9,179.5
1985-03-20,179.5,179.8,178.8,179.1
1985-03-21,179.1,180.2,178.9,179.3
1985-03-22,179.3,179.9,178.9,179.0
1985-03-25,179.0,179.0,177.8,178.0
1985-03-26,178.0,178.9,177.9,178.4
1985-03-27,178.4,179.8,178.4,179.5
1985-03-28,179.5,180.6,179.4,179.5
1985-03-29,179.5,180.7,179.5,180.7
1985-04-01,180.7,181.3,180.4,181.3
1985-04-02,181.3,181.9,180.3,180.5
1985-04-03,180.5,180.5,178.6,179.1
1985-04-04,179.1,179.1,178.3,179.0
1985-04-08,179.0,179.5,177.9,178.0
1985-04-09,178.0,178.7,178.0,178.2
1985-04-10,178.2,179.9,178.2,179.4
1985-04-11,179.4,180.9,179.4,180.2
1985-04-12,180.2,180.6,180.1,180.5
1985-04-15,180.5,181.2,180.4,180.9
1985-04-16,180.9,181.8,180.2,181.2
1985-04-17,181.2,181.9,181.1,181.7
1985-04-18,181.7,182.6,180.8,180.8
1985-04-19,180.8,181.2,180.4,181.1
1985-04-22,181.1,181.2,180.2,180.7
1985-04-23,180.7,182.0,180.3,181.9
1985-04-24,181.9,182.3,181.7,182.3
1985-04-25,182.3,183.4,182.1,183.4
1985-04-26,183.4,183.6,182.1,182.2
1985-04-29,182.2,182.3,180.6,180.6
1985-04-30,180.6,180.6,178.9,179.8
1985-05-01,179.8,180.0,178.3,178.4
1985-05-02,178.4,179.0,178.4,179.0
1985-05-03,179.0,180.3,179.0,180.1
1985-05-06,180.1,180.6,179.8,180.0
1985-05-07,180.0,181.1,179.9,180.8
1985-05-08,180.8,180.8,180.0,180.6
1985-05-09,180.6,182.0,180.6,181.9
1985-05-10,181.9,184.7,181.9,184.3
1985-05-13,184.3,184.6,184.2,184.6
1985-05-14,184.6,185.2,183.7,183.9
1985-05-15,183.9,185.4,183.9,184.5
1985-05-16,184.5,185.7,184.5,185.7
1985-05-17,185.7,187.9,185.5,187.4
1985-05-20,187.4,190.0,187.4,189.7
1985-05-21,189.7,189.8,188.8,189.6
1985-05-22,189.6,189.6,187.7,188.6
1985-05-23,188.6,188.6,187.4,187.6
1985-05-24,187.6,188.3,187.3,188.3
1985-05-28,188.3,188.9,187.4,187.9
1985-05-29,187.9,187.9,187.1,187.7
1985-05-30,187.7,188.0,187.1,187.8
1985-05-31,187.8,189.6,187.4,189.6
1985-06-03,189.6,190.4,188.9,189.3
1985-06-04,189.3,190.3,188.9,190.0
1985-06-05,190.0,191.0,190.0,190.2
1985-06-06,190.2,191.1,189.1,191.1
1985-06-07,191.1,191.3,189.6,189.7
1985-06-10,189.7,189.7,188.8,189.5
1985-06-11,189.5,189.6,188.8,189.0
1985-06-12,189.0,189.0,187.6,187.6
1985-06-13,187.6,187.6,185.0,185.3
1985-06-14,185.3,187.1,185.3,187.1
1985-06-17,187.1,187.1,186.0,186.5
1985-06-18,186.5,187.7,186.5,187.3
1985-06-19,187.3,188.0,186.6,186.6
1985-06-20,186.6,186.8,186.0,186.7
1985-06-21,186.7,189.7,186.4,189.6
1985-06-24,189.6,189.6,187.8,189.2
1985-06-25,189.2,191.0,189.2,189.7
1985-06-26,189.7,190.3,189.4,190.1
1985-06-27,190.1,191.4,190.1,191.2
1985-06-28,191.2,191.8,191.0,191.8
1985-07-01,191.8,192.4,191.2,192.4
1985-07-02,192.4,192.6,191.8,192.0
1985-07-03,192.0,192.1,191.4,191.4
1985-07-05,191.4,192.7,191.4,192.5
1985-07-08,192.5,192.5,191.3,191.9
1985-07-09,191.9,191.9,190.8,191.1
1985-07-10,191.1,192.4,191.0,192.4
1985-07-11,192.4,192.9,192.3,192.9
1985-07-12,192.9,193.3,192.6,193.3
1985-07-15,193.3,193.8,192.6,192.7
1985-07-16,192.7,194.7,192.7,194.7
1985-07-17,194.7,196.1,194.7,195.7
1985-07-18,195.7,195.7,194.3,194.4
1985-07-19,194.4,195.1,194.3,195.1
1985-07-22,195.1,195.1,193.6,194.3
1985-07-23,194.3,195.0,192.3,192.6
1985-07-24,192.6,192.6,190.7,191.6
1985-07-25,191.6,192.2,191.2,192.1
1985-07-26,192.1,192.8,191.6,192.4
1985-07-29,192.4,192.4,189.5,189.6
1985-07-30,189.6,190.1,189.3,189.9
1985-07-31,189.9,191.3,189.9,190.9
1985-08-01,190.9,192.2,190.9,192.1
1985-08-02,192.1,192.1,191.3,191.5
1985-08-05,191.5,191.5,189.9,190.6
1985-08-06,190.6,190.7,187.9,187.9
1985-08-07,187.9,187.9,187.4,187.7
1985-08-08,187.7,189.0,187.7,188.9
1985-08-09,188.9,189.1,188.1,188.3
1985-08-12,188.3,188.3,187.4,187.6
1985-08-13,187.6,188.2,186.5,187.3
1985-08-14,187.3,187.9,187.3,187.4
1985-08-15,187.4,187.7,186.6,187.3
1985-08-16,187.3,187.3,186.1,186.1
1985-08-19,186.1,186.8,186.1,186.4
1985-08-20,186.4,188.3,186.4,188.1
1985-08-21,188.1,189.2,188.1,189.2
1985-08-22,189.2,189.2,187.2,187.4
1985-08-23,187.4,187.4,186.6,187.2
1985-08-26,187.2,187.4,186.5,187.3
1985-08-27,187.3,188.1,187.3,188.1
1985-08-28,188.1,188.8,187.9,188.8
1985-08-29,188.8,188.9,188.4,188.9
1985-08-30,188.9,189.1,188.0,188.6
1985-09-03,188.6,188.6,187.4,187.9
1985-09-04,187.9,187.9,187.0,187.4
1985-09-05,187.4,187.5,186.9,187.3
1985-09-06,187.3,188.4,187.3,188.2
1985-09-09,188.2,188.8,187.9,188.2
1985-09-10,188.2,188.3,186.5,186.9
1985-09-11,186.9,186.9,184.8,185.0
1985-09-12,185.0,185.2,183.5,183.7
1985-09-13,183.7,184.2,182.1,182.9
1985-09-16,182.9,182.9,182.4,182.9
1985-09-17,182.9,182.9,180.8,181.4
1985-09-18,181.4,181.8,180.8,181.7
1985-09-19,181.7,183.4,181.7,183.4
1985-09-20,183.4,184.0,182.0,182.1
1985-09-23,182.1,184.7,182.1,184.3
1985-09-24,184.3,184.3,182.4,182.6
1985-09-25,182.6,182.6,180.6,180.7
1985-09-26,180.7,181.3,179.4,181.3
1985-09-27,181.3,181.3,179.4,181.3
1985-09-30,181.3,182.1,181.2,182.1
1985-10-01,182.1,185.1,182.1,185.1
1985-10-02,185.1,185.9,184.1,184.1
1985-10-03,184.1,185.2,183.6,184.4
1985-10-04,184.4,184.4,182.7,183.2
1985-10-07,183.2,183.2,181.3,181.9
1985-10-08,181.9,182.3,181.2,181.9
1985-10-09,181.9,183.3,181.9,182.5
1985-10-10,182.5,182.8,182.1,182.8
1985-10-11,182.8,184.3,182.6,184.3
1985-10-14,184.3,186.4,184.3,186.4
1985-10-15,186.4,187.2,185.7,186.1
1985-10-16,186.1,188.0,186.1,188.0
1985-10-17,188.0,188.5,187.4,187.7
1985-10-18,187.7,188.1,186.9,187.0
1985-10-21,187.0,187.2,186.8,187.0
1985-10-22,187.0,188.6,187.0,188.0
1985-10-23,188.0,189.1,188.0,189.1
1985-10-24,189.1,189.4,188.4,188.5
1985-10-25,188.5,188.5,187.3,187.5
1985-10-28,187.5,187.8,186.9,187.8
1985-10-29,187.8,189.8,187.8,189.2
1985-10-30,189.2,190.1,189.1,190.1
1985-10-31,190.1,190.2,189.3,189.8
1985-11-01,189.8,191.5,189.4,191.5
1985-11-04,191.5,192.0,190.7,191.2
1985-11-05,191.2,192.4,191.0,192.4
1985-11-06,192.4,193.0,191.8,192.8
1985-11-07,192.8,193.0,192.2,192.6
1985-11-08,192.6,194.0,192.5,193.7
1985-11-11,193.7,197.3,193.7,197.3
1985-11-12,197.3,198.7,197.0,198.1
1985-11-13,198.1,198.1,196.9,197.1
1985-11-14,197.1,199.2,196.9,199.1
1985-11-15,199.1,199.6,197.9,198.1
1985-11-18,198.1,198.7,197.5,198.7
1985-11-19,198.7,199.5,198.0,198.7
1985-11-20,198.7,199.2,198.5,199.0
1985-11-21,199.0,201.4,199.0,201.4
1985-11-22,201.4,202.0,201.1,201.5
1985-11-25,201.5,201.5,200.1,200.3
1985-11-26,200.3,201.2,200.1,200.7
1985-11-27,200.7,202.7,200.7,202.5
1985-11-29,202.5,203.4,201.9,202.2
1985-12-02,202.2,202.2,200.2,200.5
1985-12-03,200.5,201.0,200.1,200.9
1985-12-04,200.9,204.2,200.9,204.2
1985-12-05,204.2,205.9,203.8,203.9
1985-12-06,203.9,203.9,202.4,203.0
1985-12-09,203.0,204.7,203.0,204.2
1985-12-10,204.2,205.2,203.7,204.4
1985-12-11,204.4,206.7,204.2,206.3
1985-12-12,206.3,207.7,205.8,206.7
1985-12-13,206.7,210.3,206.7,209.9
1985-12-16,209.9,213.1,209.9,212.0
1985-12-17,212.0,212.4,210.6,210.7
1985-12-18,210.7,211.2,209.2,209.8
1985-12-19,209.8,210.1,209.2,210.0
1985-12-20,210.0,211.8,210.0,210.9
1985-12-23,210.9,210.9,208.4,208.6
1985-12-24,208.6,208.6,206.4,207.1
1985-12-26,207.1,207.8,207.1,207.7
1985-12-27,207.7,209.6,207.7,209.6
1985-12-30,209.6,210.7,209.2,210.7
1985-12-31,210.7,211.6,210.7,211.3
1986-01-02,211.3,211.3,208.9,209.6
1986-01-03,209.6,210.9,209.5,210.9
1986-01-06,210.9,211.0,209.9,210.7
1986-01-07,210.7,213.8,210.7,213.8
1986-01-08,213.8,214.6,207.5,208.0
1986-01-09,208.0,208.0,204.5,206.1
1986-01-10,206.1,207.3,205.5,206.0
1986-01-13,206.0,206.8,205.5,206.7
1986-01-14,206.7,207.4,206.1,206.6
1986-01-15,206.6,208.3,206.6,208.3
1986-01-16,208.3,209.2,207.6,209.2
1986-01-17,209.2,209.4,207.6,208.4
1986-01-20,208.4,208.4,206.6,207.5
1986-01-21,207.5,207.8,205.1,205.8
1986-01-22,205.8,206.0,203.4,203.5
1986-01-23,203.5,204.4,202.6,204.2
1986-01-24,204.2,206.4,204.2,206.4
1986-01-27,206.4,207.7,206.4,207.4
1986-01-28,207.4,209.8,207.4,209.8
1986-01-29,209.8,212.4,209.8,210.3
1986-01-30,210.3,211.5,209.2,209.3
1986-01-31,209.3,212.4,209.2,211.8
1986-02-03,211.8,214.2,211.6,214.0
1986-02-04,214.0,214.6,210.8,212.8
1986-02-05,212.8,213.0,211.2,213.0
1986-02-06,213.0,214.2,212.6,213.5
1986-02-07,213.5,215.2,211.1,214.6
1986-02-10,214.6,216.2,214.5,216.2
1986-02-11,216.2,216.7,215.5,215.9
1986-02-12,215.9,216.3,215.1,216.0
1986-02-13,216.0,217.4,215.4,217.4
1986-02-14,217.4,219.8,217.2,219.8
1986-02-18,219.8,222.4,219.3,222.4
1986-02-19,222.4,223.0,219.7,219.8
1986-02-20,219.8,222.2,219.2,222.2
1986-02-21,222.2,224.6,222.2,224.6
1986-02-24,224.6,225.3,223.3,224.3
1986-02-25,224.3,224.4,222.6,223.8
1986-02-26,223.8,224.6,223.2,224.0
1986-02-27,224.0,226.9,223.4,226.8
1986-02-28,226.8,227.9,225.4,226.9
1986-03-03,226.9,226.9,224.4,225.4
1986-03-04,225.4,227.3,223.9,224.4
1986-03-05,224.4,224.4,222.2,224.3
1986-03-06,224.3,225.5,224.1,225.1
1986-03-07,225.1,226.3,224.4,225.6
1986-03-10,225.6,227.0,225.4,226.6
1986-03-11,226.6,231.8,226.6,231.7
1986-03-12,231.7,234.7,231.7,232.5
1986-03-13,232.5,233.9,231.3,233.2
1986-03-14,233.2,236.6,232.6,236.6
1986-03-17,236.6,236.6,233.7,234.7
1986-03-18,234.7,236.5,234.1,235.8
1986-03-19,235.8,236.5,235.1,235.6
1986-03-20,235.6,237.1,235.6,236.5
1986-03-21,236.5,237.3,233.3,233.3
1986-03-24,233.3,235.3,232.9,235.3
1986-03-25,235.3,235.3,233.6,234.7
1986-03-26,234.7,237.8,234.7,237.3
1986-03-27,237.3,240.1,237.3,239.0
1986-03-31,239.0,239.9,238.1,238.9
1986-04-01,238.9,239.1,234.6,235.1
1986-04-02,235.1,235.7,233.4,235.7
1986-04-03,235.7,236.4,232.1,232.5
1986-04-04,232.5,232.6,228.3,228.7
1986-04-07,228.7,228.8,226.3,228.6
1986-04-08,228.6,233.7,228.6,233.5
1986-04-09,233.5,235.6,232.1,233.8
1986-04-10,233.8,236.5,233.8,236.4
1986-04-11,236.4,237.8,235.1,236.0
1986-04-14,236.0,237.5,235.4,237.3
1986-04-15,237.3,238.1,236.6,237.7
1986-04-16,237.7,242.6,237.7,242.2
1986-04-17,242.2,243.4,241.9,243.0
1986-04-18,243.0,243.5,241.7,242.4
1986-04-21,242.4,244.8,241.9,244.7
1986-04-22,244.7,245.5,241.3,242.4
1986-04-23,242.4,242.4,240.1,241.8
1986-04-24,241.8,243.1,241.7,242.0
1986-04-25,242.0,242.8,240.9,242.3
1986-04-28,242.3,243.1,241.2,243.1
1986-04-29,243.1,243.6,239.2,240.5
1986-04-30,240.5,240.5,235.3,235.5
1986-05-01,235.5,236.0,234.2,235.2
1986-05-02,235.2,236.5,234.2,234.8
1986-05-05,234.8,237.7,234.8,237.7
1986-05-06,237.7,238.3,236.3,237.2
1986-05-07,237.2,237.2,234.0,236.1
1986-05-08,236.1,238.0,236.1,237.1
1986-05-09,237.1,238.0,235.8,237.8
1986-05-12,237.8,238.5,237.0,237.6
1986-05-13,237.6,237.9,236.0,236.4
1986-05-14,236.4,237.5,235.8,237.5
1986-05-15,237.5,237.5,233.9,234.4
1986-05-16,234.4,234.4,232.3,232.8
1986-05-19,232.8,233.5,232.4,233.2
1986-05-20,233.2,236.1,232.6,236.1
1986-05-21,236.1,236.8,235.4,235.4
1986-05-22,235.4,240.2,235.4,240.1
1986-05-23,240.1,242.2,240.1,241.3
1986-05-27,241.3,244.8,241.3,244.8
1986-05-28,244.8,247.4,244.8,246.6
1986-05-29,246.6,248.3,245.3,248.0
1986-05-30,248.0,249.2,246.4,247.3
1986-06-02,247.3,247.7,243.8,245.0
1986-06-03,245.0,245.5,243.7,245.5
1986-06-04,245.5,246.3,242.6,243.9
1986-06-05,243.9,245.7,243.4,245.7
1986-06-06,245.7,246.1,244.4,245.7
1986-06-09,245.7,245.7,239.7,240.0
1986-06-10,240.0,240.1,238.2,239.6
1986-06-11,239.6,241.1,239.2,241.1
1986-06-12,241.1,241.6,240.7,241.5
1986-06-13,241.5,245.9,241.5,245.7
1986-06-16,245.7,246.5,245.2,246.1
1986-06-17,246.1,246.3,243.6,244.3
1986-06-18,244.3,245.2,242.6,245.0
1986-06-19,245.0,245.8,244.1,244.1
1986-06-20,244.1,247.6,244.0,247.6
1986-06-23,247.6,247.6,244.4,245.3
1986-06-24,245.3,248.3,244.5,247.0
1986-06-25,247.0,250.1,247.0,248.9
1986-06-26,248.9,249.4,247.7,248.7
1986-06-27,248.7,249.7,248.7,249.6
1986-06-30,249.6,251.8,249.6,250.8
1986-07-01,250.8,252.0,250.5,252.0
1986-07-02,252.0,253.2,251.8,252.7
1986-07-03,252.7,252.9,251.2,251.8
1986-07-07,251.8,251.8,243.6,244.1
1986-07-08,244.1,244.1,239.1,241.6
1986-07-09,241.6,243.1,241.5,242.8
1986-07-10,242.8,243.4,239.7,243.0
1986-07-11,243.0,243.5,241.7,242.2
1986-07-14,242.2,242.2,238.0,238.1
1986-07-15,238.1,238.1,233.6,233.7
1986-07-16,233.7,236.2,233.7,235.0
1986-07-17,235.0,236.7,235.0,236.1
1986-07-18,236.1,238.2,233.9,236.4
1986-07-21,236.4,236.4,235.5,236.2
1986-07-22,236.2,238.4,235.9,238.2
1986-07-23,238.2,239.2,238.2,238.7
1986-07-24,238.7,239.1,237.3,237.9
1986-07-25,237.9,240.4,237.9,240.2
1986-07-28,240.2,240.2,235.2,236.0
1986-07-29,236.0,236.0,234.4,234.6
1986-07-30,234.6,237.4,233.1,236.6
1986-07-31,236.6,236.9,235.9,236.1
1986-08-01,236.1,236.9,234.6,234.9
1986-08-04,234.9,236.9,231.9,236.0
1986-08-05,236.0,238.3,236.0,237.0
1986-08-06,237.0,237.3,235.5,236.8
1986-08-07,236.8,238.0,236.3,237.0
1986-08-08,237.0,238.1,236.4,236.9
1986-08-11,236.9,241.2,236.9,240.7
1986-08-12,240.7,243.4,240.3,243.3
1986-08-13,243.3,246.5,243.1,245.7
1986-08-14,245.7,246.8,245.5,246.2
1986-08-15,246.2,247.2,245.7,247.2
1986-08-18,247.2,247.8,245.5,247.4
1986-08-19,247.4,247.4,245.8,246.5
1986-08-20,246.5,249.8,246.5,249.8
1986-08-21,249.8,250.4,249.1,249.7
1986-08-22,249.7,250.6,249.3,250.2
1986-08-25,250.2,250.3,247.8,247.8
1986-08-26,247.8,252.9,247.8,252.8
1986-08-27,252.8,254.2,252.7,253.3
1986-08-28,253.3,253.7,251.9,252.8
1986-08-29,252.8,254.1,251.7,252.9
1986-09-02,252.9,253.3,248.1,248.5
1986-09-03,248.5,250.1,247.6,250.1
1986-09-04,250.1,254.0,250.0,253.8
1986-09-05,253.8,254.1,250.3,250.5
1986-09-08,250.5,250.5,247.0,248.1
1986-09-09,248.1,250.2,246.9,247.7
1986-09-10,247.7,247.8,246.1,247.1
1986-09-11,247.1,247.1,234.7,235.2
1986-09-12,235.2,235.4,228.7,230.7
1986-09-15,230.7,232.8,229.4,231.9
1986-09-16,231.9,231.9,228.3,231.7
1986-09-17,231.7,233.8,231.4,231.7
1986-09-18,231.7,232.9,230.6,232.3
1986-09-19,232.3,232.3,230.7,232.2
1986-09-22,232.2,234.9,232.2,234.9
1986-09-23,234.9,235.9,234.5,235.7
1986-09-24,235.7,235.9,234.5,236.3
1986-09-25,235.7,236.3,230.7,231.8
1986-09-26,231.8,233.7,230.6,232.2
1986-09-29,232.2,232.2,228.1,229.9
1986-09-30,229.9,233.0,229.9,231.3
1986-10-01,231.3,234.6,231.3,233.6
1986-10-02,233.6,234.3,232.8,233.9
1986-10-03,233.9,236.2,232.8,233.7
1986-10-06,233.7,235.3,233.2,234.8
1986-10-07,234.8,235.2,233.5,234.4
1986-10-08,234.4,236.8,233.7,236.7
1986-10-09,236.7,238.2,235.7,235.8
1986-10-10,235.8,236.3,235.3,235.5
1986-10-13,235.5,235.9,235.0,235.9
1986-10-14,235.9,236.4,234.4,235.4
1986-10-15,235.4,239.0,235.3,238.8
1986-10-16,238.8,240.2,238.8,239.5
1986-10-17,239.5,239.5,237.7,238.8
1986-10-20,238.8,238.8,234.8,236.0
1986-10-21,236.0,236.5,234.9,235.9
1986-10-22,235.9,236.6,235.8,236.3
1986-10-23,236.3,239.8,236.3,239.3
1986-10-24,239.3,239.7,238.2,238.3
1986-10-27,238.3,238.8,236.7,238.8
1986-10-28,238.8,240.6,238.8,239.3
1986-10-29,239.3,241.0,239.0,240.9
1986-10-30,240.9,244.1,240.9,243.7
1986-10-31,243.7,244.5,242.9,244.0
1986-11-03,244.0,245.8,243.9,245.8
1986-11-04,245.8,246.4,244.4,246.2
1986-11-05,246.2,247.1,245.2,246.6
1986-11-06,246.6,246.9,244.3,245.9
1986-11-07,245.9,246.1,244.9,245.8
1986-11-10,245.8,246.2,244.7,246.1
1986-11-11,246.1,247.1,246.1,247.1
1986-11-12,247.1,247.7,245.7,246.6
1986-11-13,246.6,246.7,243.0,243.0
1986-11-14,243.0,244.5,242.0,244.5
1986-11-17,244.5,244.8,242.3,243.2
1986-11-18,243.2,243.2,236.7,236.8
1986-11-19,236.8,237.9,235.5,237.7
1986-11-20,237.7,242.1,237.7,242.1
1986-11-21,242.1,246.4,242.0,245.9
1986-11-24,245.9,248.0,245.2,247.4
1986-11-25,247.4,248.2,246.3,248.2
1986-11-26,248.2,248.9,247.7,248.8
1986-11-28,248.8,249.2,248.1,249.2
1986-12-01,249.2,249.2,245.7,249.1
1986-12-02,249.1,254.0,249.1,254.0
1986-12-03,254.0,254.9,253.2,253.8
1986-12-04,253.8,254.4,252.9,253.0
1986-12-05,253.0,253.9,250.7,251.2
1986-12-08,251.2,252.4,248.8,251.2
1986-12-09,251.6,251.6,249.2,249.3
1986-12-10,249.3,251.5,248.9,251.0
1986-12-11,251.0,251.0,247.2,248.2
1986-12-12,248.2,248.3,247.0,247.3
1986-12-15,247.3,248.2,244.9,248.2
1986-12-16,248.2,250.0,247.4,250.0
1986-12-17,250.0,250.0,247.2,247.6
1986-12-18,247.6,247.8,246.5,246.8
1986-12-19,246.8,250.0,245.9,249.7
1986-12-22,249.7,249.7,247.4,248.8
1986-12-23,248.8,248.8,245.8,246.3
1986-12-24,246.3,247.2,246.0,246.8
1986-12-26,246.8,247.1,246.7,246.9
1986-12-29,246.9,246.9,244.3,244.7
1986-12-30,244.7,244.7,243.0,243.4
1986-12-31,243.4,244.0,241.3,242.2
1987-01-02,242.2,246.4,242.2,246.4
1987-01-05,246.4,252.6,246.4,252.2
1987-01-06,252.2,254.0,252.1,252.8
1987-01-07,252.8,255.7,252.7,255.3
1987-01-08,255.3,257.3,255.0,257.3
1987-01-09,257.3,259.2,256.1,258.7
1987-01-12,258.7,261.4,257.9,260.3
1987-01-13,260.3,260.4,259.2,259.9
1987-01-14,259.9,262.7,259.6,262.6
1987-01-15,262.6,266.7,262.6,265.5
1987-01-16,265.5,267.2,264.3,266.3
1987-01-19,266.3,269.3,264.0,269.3
1987-01-20,269.3,271.0,267.6,269.0
1987-01-21,269.0,270.9,267.4,267.8
1987-01-22,267.8,274.1,267.3,273.9
1987-01-23,273.9,281.0,268.4,270.1
1987-01-26,270.1,270.4,267.7,269.6
1987-01-27,269.6,274.3,269.6,273.8
1987-01-28,273.8,275.7,273.0,275.4
1987-01-29,275.4,276.9,272.5,274.2
1987-01-30,274.2,274.2,271.4,274.1
1987-02-02,274.1,277.4,273.2,276.4
1987-02-03,276.4,277.8,275.8,276.0
1987-02-04,276.0,279.6,275.4,279.6
1987-02-05,279.6,282.3,278.7,281.2
1987-02-06,281.2,281.8,279.9,280.0
1987-02-09,280.0,280.0,277.2,278.2
1987-02-10,278.2,278.2,273.5,275.1
1987-02-11,275.1,277.7,274.7,277.5
1987-02-12,277.5,278.0,273.9,275.6
1987-02-13,275.6,280.9,275.0,279.7
1987-02-17,279.7,285.5,279.7,285.5
1987-02-18,285.5,287.6,283.0,285.4
1987-02-19,285.4,286.2,283.8,285.6
1987-02-20,285.6,286.0,284.3,285.5
1987-02-23,285.5,285.5,279.4,282.4
1987-02-24,282.4,283.3,281.4,282.9
1987-02-25,282.9,285.4,282.1,284.0
1987-02-26,284.0,284.4,280.7,283.0
1987-02-27,283.0,284.6,282.8,284.2
1987-03-02,284.2,284.8,282.3,283.0
1987-03-03,283.0,284.2,282.9,284.1
1987-03-04,284.1,288.6,284.1,288.6
1987-03-05,288.6,291.2,288.6,290.5
1987-03-06,290.5,290.7,288.8,290.7
1987-03-09,290.7,290.7,287.1,288.3
1987-03-10,288.3,290.9,287.9,290.9
1987-03-11,290.9,292.5,289.3,290.3
1987-03-12,290.3,291.9,289.7,291.2
1987-03-13,291.2,291.8,289.9,289.9
1987-03-16,289.9,289.9,286.6,288.2
1987-03-17,288.2,292.5,288.0,292.5
1987-03-18,292.5,294.6,290.9,292.8
1987-03-19,292.8,294.5,292.3,294.1
1987-03-20,294.1,298.2,294.1,298.2
1987-03-23,298.2,301.2,297.5,301.2
1987-03-24,301.2,301.9,300.1,301.6
1987-03-25,301.6,301.9,299.4,300.4
1987-03-26,300.4,302.7,300.4,300.9
1987-03-27,300.9,301.4,296.1,296.1
1987-03-30,296.1,296.1,286.7,289.2
1987-03-31,289.2,291.9,289.1,291.7
1987-04-01,291.7,292.4,288.3,292.4
1987-04-02,292.4,294.5,292.0,293.6
1987-04-03,293.6,301.3,292.3,300.4
1987-04-06,300.4,302.2,300.4,301.9
1987-04-07,301.9,303.6,296.7,296.7
1987-04-08,296.7,299.2,295.2,297.3
1987-04-09,297.3,297.7,291.5,292.9
1987-04-10,292.9,293.7,290.9,292.5
1987-04-13,292.5,293.4,285.6,285.6
1987-04-14,285.6,285.6,275.7,279.2
1987-04-15,279.2,285.1,279.2,284.4
1987-04-16,284.4,289.6,284.4,286.9
1987-04-20,286.9,288.4,284.6,286.1
1987-04-21,286.1,293.1,282.9,293.1
1987-04-22,293.1,293.5,287.0,287.2
1987-04-23,287.2,289.1,284.3,286.8
1987-04-24,286.8,286.8,281.2,281.5
1987-04-27,281.5,284.4,276.2,281.8
1987-04-28,281.8,285.9,281.8,282.5
1987-04-29,282.5,286.4,282.5,284.6
1987-04-30,284.6,290.1,284.6,288.4
1987-05-01,288.4,289.7,286.5,288.0
1987-05-04,288.0,290.0,286.4,289.4
1987-05-05,289.4,295.4,289.3,295.3
1987-05-06,295.3,296.2,293.6,295.5
1987-05-07,295.5,296.8,294.1,294.2
1987-05-08,294.2,296.2,291.7,293.4
1987-05-11,293.4,298.7,291.6,291.6
1987-05-12,291.6,293.3,290.2,293.3
1987-05-13,293.3,294.5,290.7,294.0
1987-05-14,294.0,295.1,292.9,294.2
1987-05-15,294.2,294.2,287.1,287.4
1987-05-18,287.4,287.4,282.6,286.6
1987-05-19,286.6,287.4,278.8,279.6
1987-05-20,279.6,280.9,277.0,278.2
1987-05-21,278.2,282.3,278.2,280.2
1987-05-22,280.2,283.3,280.2,282.2
1987-05-26,282.2,289.1,282.2,289.1
1987-05-27,289.1,290.8,288.2,288.7
1987-05-28,288.7,291.5,286.3,290.8
1987-05-29,290.8,292.9,289.7,290.1
1987-06-01,290.1,292.0,289.2,289.8
1987-06-02,289.8,290.9,286.9,288.5
1987-06-03,288.5,293.5,288.5,293.5
1987-06-04,293.5,295.1,292.8,295.1
1987-06-05,295.1,295.1,292.8,293.4
1987-06-08,293.4,297.0,291.6,296.7
1987-06-09,296.7,297.6,295.9,297.3
1987-06-10,297.3,300.8,295.7,297.5
1987-06-11,297.5,298.9,297.5,298.7
1987-06-12,298.7,302.3,298.7,301.6
1987-06-15,301.6,303.5,298.7,303.1
1987-06-16,303.5,304.9,302.6,304.8
1987-06-17,304.8,305.7,304.0,304.8
1987-06-18,304.8,306.1,303.9,305.7
1987-06-19,305.7,307.0,305.6,307.0
1987-06-22,307.0,310.2,307.0,309.6
1987-06-23,309.6,310.3,307.5,308.4
1987-06-24,308.4,308.9,306.3,306.9
1987-06-25,306.9,309.4,306.9,309.0
1987-06-26,309.0,309.0,306.4,307.2
1987-06-29,307.2,308.1,306.8,307.9
1987-06-30,307.9,308.0,303.0,304.0
1987-07-01,304.0,304.0,302.5,302.9
1987-07-02,302.9,306.3,302.9,305.6
1987-07-06,305.6,306.8,304.2,304.9
1987-07-07,304.9,308.6,304.7,307.4
1987-07-08,307.4,308.5,306.0,308.3
1987-07-09,308.3,309.6,307.4,307.5
1987-07-10,307.5,308.4,307.0,308.4
1987-07-13,308.4,308.4,305.5,307.6
1987-07-14,307.6,310.7,307.5,310.7
1987-07-15,310.7,312.1,309.1,310.4
1987-07-16,310.4,312.8,310.4,312.7
1987-07-17,312.7,314.6,312.4,314.6
1987-07-20,314.6,314.6,311.2,311.4
1987-07-21,311.4,312.4,307.5,308.6
1987-07-22,308.6,309.1,307.2,308.5
1987-07-23,308.5,309.6,306.1,307.8
1987-07-24,307.8,309.3,307.8,309.3
1987-07-27,309.3,310.7,308.6,310.6
1987-07-28,310.6,312.3,310.3,312.3
1987-07-29,312.3,315.6,311.7,315.6
1987-07-30,315.6,318.5,315.6,318.1
1987-07-31,318.1,318.9,317.6,318.7
1987-08-03,318.7,320.3,316.5,317.6
1987-08-04,317.6,318.2,314.5,316.2
1987-08-05,316.2,319.7,316.2,318.4
1987-08-06,318.4,322.1,317.5,322.1
1987-08-07,322.1,324.1,321.8,323.0
1987-08-10,323.0,328.0,322.9,328.0
1987-08-11,328.0,333.4,328.0,333.3
1987-08-12,333.3,334.6,331.1,332.4
1987-08-13,332.4,335.5,332.4,334.6
1987-08-14,334.6,336.1,332.6,334.0
1987-08-17,334.0,335.4,332.9,334.1
1987-08-18,334.1,334.1,326.4,329.2
1987-08-19,329.2,329.9,326.5,329.8
1987-08-20,329.8,335.2,329.8,334.8
1987-08-21,334.8,336.4,334.3,335.9
1987-08-24,335.9,335.9,331.9,333.3
1987-08-25,333.3,337.9,333.3,336.8
1987-08-26,336.8,337.4,334.5,334.6
1987-08-27,334.6,334.6,331.1,331.4
1987-08-28,331.4,331.4,327.0,327.0
1987-08-31,327.0,330.1,327.0,329.8
1987-09-01,329.8,332.2,322.8,323.4
1987-09-02,323.4,324.5,318.8,321.7
1987-09-03,321.7,324.3,317.4,320.2
1987-09-04,320.2,322.0,316.5,316.7
1987-09-08,316.7,316.7,308.6,313.6
1987-09-09,313.6,315.4,312.3,313.9
1987-09-10,313.9,317.6,313.9,317.1
1987-09-11,317.1,322.4,317.1,322.0
1987-09-14,322.0,323.8,320.4,323.1
1987-09-15,323.1,323.1,317.6,317.7
1987-09-16,317.7,319.5,314.6,314.9
1987-09-17,314.9,316.1,313.4,314.9
1987-09-18,314.9,317.0,314.9,314.9
1987-09-21,314.9,317.7,310.1,310.5
1987-09-22,310.5,319.5,308.7,319.5
1987-09-23,319.5,321.8,319.1,321.2
1987-09-24,321.2,322.0,319.1,319.7
1987-09-25,319.7,320.6,318.1,320.2
1987-09-28,320.2,325.3,320.2,323.2
1987-09-29,323.2,324.6,320.3,321.7
1987-09-30,321.7,322.5,320.2,321.8
1987-10-01,321.8,327.3,321.8,327.3
1987-10-02,327.3,328.9,327.2,328.1
1987-10-05,328.1,328.6,326.1,328.1
1987-10-06,328.1,328.1,319.2,319.2
1987-10-07,319.2,319.4,315.8,318.5
1987-10-08,318.5,319.3,312.0,314.2
1987-10-09,314.2,315.0,311.0,311.1
1987-10-12,311.1,311.1,306.8,309.4
1987-10-13,309.4,314.5,309.4,314.5
1987-10-14,314.5,314.5,304.8,305.2
1987-10-15,305.2,305.2,298.1,298.1
1987-10-16,298.1,298.9,281.5,282.7
1987-10-19,282.7,282.7,224.8,224.8
1987-10-20,224.8,244.6,216.5,236.8
1987-10-21,236.8,259.4,236.8,258.4
1987-10-22,259.4,259.4,243.0,248.2
1987-10-23,248.2,250.7,242.8,248.2
1987-10-26,248.2,248.2,227.3,227.7
1987-10-27,227.7,237.8,227.7,233.2
1987-10-28,233.2,238.6,226.3,233.3
1987-10-29,233.3,246.7,233.3,244.8
1987-10-30,244.8,254.0,244.8,251.8
1987-11-02,251.8,255.8,249.2,255.8
1987-11-03,255.8,255.8,242.8,250.8
1987-11-04,250.8,251.0,246.3,249.0
1987-11-05,249.0,256.1,247.7,254.5
1987-11-06,254.5,257.2,249.7,250.4
1987-11-09,250.4,250.4,243.0,243.2
1987-11-10,243.2,243.2,237.6,239.0
1987-11-11,239.0,243.9,239.0,241.9
1987-11-12,241.9,249.9,241.9,248.5
1987-11-13,248.5,249.4,245.6,245.6
1987-11-16,245.6,249.5,245.0,246.8
1987-11-17,246.8,246.8,240.8,243.0
1987-11-18,243.0,245.6,240.7,245.6
1987-11-19,245.6,245.6,239.7,240.1
1987-11-20,240.1,242.0,235.9,242.0
1987-11-23,242.0,243.0,240.5,243.0
1987-11-24,243.0,247.9,243.0,246.4
1987-11-25,246.4,246.5,244.1,244.1
1987-11-27,244.1,244.1,240.3,240.3
1987-11-30,240.3,240.3,225.8,230.3
1987-12-01,230.3,234.0,230.3,232.0
1987-12-02,232.0,234.6,230.3,233.4
1987-12-03,233.4,233.9,225.2,225.2
1987-12-04,225.2,225.8,221.2,223.9
1987-12-07,223.9,228.8,223.9,228.8
1987-12-08,228.8,234.9,228.7,234.9
1987-12-09,234.9,240.1,233.8,238.9
1987-12-10,238.9,240.1,233.4,233.6
1987-12-11,233.6,235.5,233.3,235.3
1987-12-14,235.3,242.3,235.0,242.2
1987-12-15,242.2,245.6,241.3,242.8
1987-12-16,242.8,248.1,242.8,248.1
1987-12-17,248.1,248.6,243.0,243.0
1987-12-18,243.0,249.2,243.0,249.2
1987-12-21,249.2,250.2,248.3,249.5
1987-12-22,249.5,250.0,247.0,249.9
1987-12-23,249.9,253.3,249.9,253.2
1987-12-24,253.2,253.2,251.7,252.0
1987-12-28,252.0,252.0,244.2,245.6
1987-12-29,245.6,245.9,244.3,244.6
1987-12-30,244.6,248.1,244.6,247.9
1987-12-31,247.9,247.9,245.2,247.1
1988-01-04,247.1,256.4,247.1,255.9
1988-01-05,255.9,261.8,255.9,258.6
1988-01-06,258.6,259.8,257.2,258.9
1988-01-07,258.9,261.3,256.2,261.1
1988-01-08,261.1,261.1,242.9,243.4
1988-01-11,243.4,247.5,241.1,247.5
1988-01-12,247.5,247.5,240.5,245.4
1988-01-13,245.4,249.2,241.4,245.8
1988-01-14,245.8,247.0,244.0,245.9
1988-01-15,245.9,253.7,245.9,252.1
1988-01-18,252.1,252.9,250.0,251.9
1988-01-19,251.9,253.3,248.8,249.3
1988-01-20,249.3,249.3,241.1,242.6
1988-01-21,242.6,244.2,240.2,243.1
1988-01-22,243.1,246.5,243.1,246.5
1988-01-25,246.5,252.9,246.5,252.2
1988-01-26,252.2,252.2,249.1,249.6
1988-01-27,249.6,253.0,248.5,249.4
1988-01-28,249.4,253.7,249.4,253.3
1988-01-29,253.3,257.1,252.7,257.1
1988-02-01,257.1,258.3,254.9,255.0
1988-02-02,255.0,256.1,252.8,255.6
1988-02-03,255.6,257.0,250.6,252.2
1988-02-04,252.2,253.0,250.3,252.2
1988-02-05,252.2,253.8,250.9,251.0
1988-02-08,251.0,251.0,247.8,249.1
1988-02-09,249.1,251.7,248.7,251.7
1988-02-10,251.7,256.9,251.7,256.7
1988-02-11,256.7,257.8,255.1,255.9
1988-02-12,255.9,258.9,255.8,257.6
1988-02-16,257.6,259.8,256.6,259.8
1988-02-17,259.8,261.5,257.8,259.2
1988-02-18,259.2,259.6,256.9,257.9
1988-02-19,257.9,261.6,257.6,261.6
1988-02-22,261.6,266.1,260.9,265.6
1988-02-23,265.6,266.1,263.1,265.0
1988-02-24,265.0,266.2,263.9,264.4
1988-02-25,264.4,267.8,261.1,261.6
1988-02-26,261.6,263.0,261.4,262.5
1988-02-29,262.5,267.8,262.5,267.8
1988-03-01,267.8,267.9,265.4,267.2
1988-03-02,267.2,268.8,267.0,268.0
1988-03-03,268.0,268.4,266.8,267.9
1988-03-04,267.9,268.4,264.7,267.3
1988-03-07,267.3,267.7,265.9,267.4
1988-03-08,267.4,270.1,267.4,269.4
1988-03-09,269.4,270.8,268.6,269.1
1988-03-10,269.1,269.4,263.8,263.8
1988-03-11,263.8,264.9,261.3,264.9
1988-03-14,264.9,266.6,264.5,266.4
1988-03-15,266.4,266.4,264.9,266.1
1988-03-16,266.1,268.7,264.8,268.6
1988-03-17,268.6,271.2,268.6,271.2
1988-03-18,271.2,272.6,269.8,271.1
1988-03-21,271.1,271.1,267.4,268.7
1988-03-22,268.7,269.6,267.9,268.8
1988-03-23,268.8,269.8,268.0,268.9
1988-03-24,268.9,268.9,262.5,263.4
1988-03-25,263.4,263.4,258.1,258.5
1988-03-28,258.5,258.5,256.1,258.1
1988-03-29,258.1,260.9,258.1,260.1
1988-03-30,260.1,261.6,257.9,258.1
1988-03-31,258.1,259.0,256.2,258.9
1988-04-04,258.9,259.1,255.7,256.1
1988-04-05,256.1,258.5,256.0,258.5
1988-04-06,258.5,265.5,258.2,265.5
1988-04-07,265.5,267.3,265.2,266.2
1988-04-08,266.2,270.2,266.1,269.4
1988-04-11,269.4,270.4,268.6,270.2
1988-04-12,270.2,272.1,269.7,271.4
1988-04-13,271.4,271.7,269.2,271.6
1988-04-14,271.6,271.6,259.4,259.8
1988-04-15,259.8,260.4,256.0,259.8
1988-04-18,259.8,259.8,258.0,259.2
1988-04-19,259.2,262.4,257.9,257.9
1988-04-20,257.9,258.5,256.1,256.1
1988-04-21,256.1,260.4,254.7,256.4
1988-04-22,256.4,261.2,256.4,260.1
1988-04-25,260.1,263.3,260.1,262.5
1988-04-26,262.5,265.1,262.2,263.9
1988-04-27,263.9,265.1,263.4,263.8
1988-04-28,263.8,263.8,262.2,262.6
1988-04-29,262.6,262.6,260.0,261.3
1988-05-02,261.3,261.6,260.0,261.6
1988-05-03,261.6,263.7,261.6,263.0
1988-05-04,263.0,263.2,260.3,260.3
1988-05-05,260.3,260.3,258.1,258.8
1988-05-06,258.8,260.3,257.0,257.5
1988-05-09,257.5,258.2,255.4,256.5
1988-05-10,256.5,258.3,255.9,257.6
1988-05-11,257.6,257.6,252.3,253.3
1988-05-12,253.3,254.9,253.3,253.8
1988-05-13,253.8,256.8,253.8,256.8
1988-05-16,256.8,258.7,256.3,258.7
1988-05-17,258.7,260.2,255.3,255.4
1988-05-18,255.4,255.7,250.7,251.3
1988-05-19,251.3,252.6,248.8,252.6
1988-05-20,252.6,253.7,251.8,253.0
1988-05-23,253.0,253.0,249.8,250.8
1988-05-24,250.8,253.5,250.8,253.5
1988-05-25,253.5,255.3,253.5,253.8
1988-05-26,253.8,255.0,253.5,254.6
1988-05-27,254.6,254.6,252.7,253.4
1988-05-31,253.4,262.2,253.4,262.2
1988-06-01,262.2,267.4,262.1,266.7
1988-06-02,266.7,266.7,264.1,265.3
1988-06-03,265.3,267.1,264.4,266.4
1988-06-06,266.4,267.1,265.0,267.1
1988-06-07,267.1,267.3,264.5,265.2
1988-06-08,265.2,272.0,265.2,271.5
1988-06-09,271.5,272.3,270.2,270.2
1988-06-10,270.2,273.2,270.2,271.3
1988-06-13,271.3,271.9,270.5,271.4
1988-06-14,271.4,276.1,271.4,274.3
1988-06-15,274.3,274.4,272.8,274.4
1988-06-16,274.4,274.4,268.8,269.8
1988-06-17,269.8,270.8,268.1,270.7
1988-06-20,270.7,270.7,268.6,268.9
1988-06-21,268.9,271.7,267.5,271.7
1988-06-22,271.7,276.9,271.7,275.7
1988-06-23,275.7,275.9,274.3,274.8
1988-06-24,274.8,275.2,273.5,273.8
1988-06-27,273.8,273.8,268.9,269.1
1988-06-28,269.1,272.8,269.1,272.3
1988-06-29,272.3,273.0,269.5,271.0
1988-06-30,271.0,273.5,271.0,273.5
1988-07-01,273.5,273.8,270.8,271.8
1988-07-05,271.8,275.8,270.5,275.8
1988-07-06,275.8,276.4,269.9,272.0
1988-07-07,272.0,272.1,269.3,271.8
1988-07-08,271.8,272.3,269.9,270.0
1988-07-11,270.0,271.6,270.0,270.6
1988-07-12,270.6,270.7,267.0,267.9
1988-07-13,267.9,269.5,266.1,269.3
1988-07-14,269.3,270.7,268.6,270.3
1988-07-15,270.3,272.1,269.5,272.1
1988-07-18,272.1,272.1,268.7,270.5
1988-07-19,270.5,271.2,267.0,268.5
1988-07-20,268.5,270.2,268.5,270.0
1988-07-21,270.0,270.0,266.7,266.7
1988-07-22,266.7,266.7,263.3,263.5
1988-07-25,263.5,265.2,263.0,264.7
1988-07-26,264.7,266.1,264.3,265.2
1988-07-27,265.2,265.8,262.5,262.5
1988-07-28,262.5,266.6,262.5,266.0
1988-07-29,266.0,272.0,266.0,272.0
1988-08-01,272.0,272.8,271.2,272.2
1988-08-02,272.2,273.7,270.4,272.1
1988-08-03,272.1,273.4,271.1,273.0
1988-08-04,273.0,274.2,271.8,271.9
1988-08-05,271.9,271.9,270.1,271.1
1988-08-08,271.1,272.5,269.9,270.0
1988-08-09,270.0,270.2,265.1,266.5
1988-08-10,266.5,266.5,261.0,261.9
1988-08-11,261.9,262.8,260.3,262.8
1988-08-12,262.8,262.9,261.4,262.6
1988-08-15,262.6,262.6,258.7,258.7
1988-08-16,258.7,262.6,257.5,260.6
1988-08-17,260.6,261.8,259.3,260.8
1988-08-18,260.8,262.8,260.8,261.0
1988-08-19,261.0,262.3,260.2,260.2
1988-08-22,260.2,260.7,256.9,257.0
1988-08-23,257.0,257.9,256.5,257.1
1988-08-24,257.1,261.1,257.1,261.1
1988-08-25,261.1,261.1,257.6,259.2
1988-08-26,259.1,260.1,258.9,259.7
1988-08-29,259.7,262.6,259.7,262.3
1988-08-30,262.3,263.2,261.5,262.5
1988-08-31,262.5,263.8,261.2,261.5
1988-09-01,261.5,261.5,257.0,258.4
1988-09-02,258.4,264.9,258.4,264.5
1988-09-06,264.5,265.9,264.4,265.6
1988-09-07,265.6,267.0,264.9,265.9
1988-09-08,265.9,266.5,264.9,265.9
1988-09-09,265.9,268.3,263.7,266.8
1988-09-12,266.8,267.6,266.2,266.5
1988-09-13,266.5,267.4,265.2,267.4
1988-09-14,267.4,269.5,267.4,269.3
1988-09-15,269.3,269.8,268.0,268.1
1988-09-16,268.1,270.8,267.3,270.6
1988-09-19,270.6,270.6,267.4,268.8
1988-09-20,268.8,270.1,268.5,269.7
1988-09-21,269.7,270.6,269.5,270.2
1988-09-22,270.2,270.6,268.3,269.2
1988-09-23,269.2,270.3,268.3,269.8
1988-09-26,269.8,269.8,268.6,268.9
1988-09-27,268.9,269.4,268.0,268.3
1988-09-28,268.3,269.1,267.8,269.1
1988-09-29,269.1,273.0,269.1,272.6
1988-09-30,272.6,274.9,271.7,271.9
1988-10-03,271.9,271.9,268.8,271.4
1988-10-04,271.4,271.8,270.3,270.6
1988-10-05,270.6,272.4,270.1,271.9
1988-10-06,271.9,272.4,271.3,272.4
1988-10-07,272.4,278.1,272.4,278.1
1988-10-10,278.1,278.7,277.1,278.2
1988-10-11,278.2,278.2,276.3,277.9
1988-10-12,277.9,277.9,273.1,274.0
1988-10-13,274.0,275.8,273.4,275.2
1988-10-14,275.2,277.0,274.1,275.5
1988-10-17,275.5,276.6,275.0,276.4
1988-10-18,276.4,279.4,276.4,279.4
1988-10-19,279.4,280.5,274.4,277.0
1988-10-20,277.0,282.9,276.9,282.9
1988-10-21,282.9,283.7,281.2,283.7
1988-10-24,283.7,283.9,282.3,282.3
1988-10-25,282.3,282.8,281.9,282.4
1988-10-26,282.4,282.5,280.5,281.4
1988-10-27,281.4,281.4,276.0,277.3
1988-10-28,277.3,279.5,277.3,278.5
1988-10-31,278.5,279.4,277.1,279.0
1988-11-01,279.0,279.6,278.0,279.1
1988-11-02,279.1,279.4,277.1,279.1
1988-11-03,279.1,280.4,279.0,279.2
1988-11-04,279.2,279.2,276.3,276.3
1988-11-07,276.3,276.3,273.6,273.9
1988-11-08,273.9,275.8,273.9,275.1
1988-11-09,275.1,275.1,272.1,273.3
1988-11-10,273.3,274.4,273.0,273.7
1988-11-11,273.7,273.7,267.9,267.9
1988-11-14,267.9,269.2,266.8,267.7
1988-11-15,267.7,268.8,267.7,268.3
1988-11-16,268.3,268.4,262.9,263.8
1988-11-17,263.8,265.6,263.4,264.6
1988-11-18,264.6,266.6,264.6,266.5
1988-11-21,266.5,266.5,263.4,266.2
1988-11-22,266.2,267.9,265.4,267.2
1988-11-23,267.2,269.6,267.2,269.0
1988-11-25,269.0,269.0,266.5,267.2
1988-11-28,267.2,269.0,267.0,268.6
1988-11-29,268.6,271.3,268.1,270.9
1988-11-30,270.9,274.4,270.9,273.7
1988-12-01,273.7,273.7,272.3,272.5
1988-12-02,272.5,272.5,270.5,271.8
1988-12-05,271.8,275.6,271.8,274.9
1988-12-06,274.9,277.9,274.6,277.6
1988-12-07,277.6,279.0,277.3,278.1
1988-12-08,278.1,278.1,276.6,276.6
1988-12-09,276.6,277.8,276.3,277.0
1988-12-12,277.0,278.8,276.5,276.5
1988-12-13,276.5,276.5,274.6,276.3
1988-12-14,276.3,276.3,274.6,275.3
1988-12-15,275.3,275.6,274.0,274.3
1988-12-16,274.3,276.3,274.3,276.3
1988-12-19,276.3,279.3,275.6,278.9
1988-12-20,278.9,280.4,277.5,277.5
1988-12-21,277.5,277.8,276.3,277.4
1988-12-22,277.4,277.9,276.9,276.9
1988-12-23,276.9,278.0,276.9,277.9
1988-12-27,277.9,278.1,276.7,276.8
1988-12-28,276.8,277.6,276.2,277.1
1988-12-29,277.1,279.4,277.1,279.4
1988-12-30,279.4,279.8,277.7,277.7
1989-01-03,277.7,277.7,273.8,275.3
1989-01-04,275.3,279.8,275.3,279.4
1989-01-05,279.4,281.5,279.4,280.0
1989-01-06,280.0,282.1,280.0,280.7
1989-01-09,280.7,281.9,280.3,281.0
1989-01-10,281.0,281.6,279.4,280.4
1989-01-11,280.4,282.0,280.2,282.0
1989-01-12,282.0,284.6,282.0,283.2
1989-01-13,283.2,284.1,282.7,283.9
1989-01-16,283.9,284.9,283.6,284.1
1989-01-17,284.1,284.1,283.1,283.6
1989-01-18,283.6,286.9,282.6,286.5
1989-01-19,286.5,287.9,286.1,286.9
1989-01-20,286.9,287.0,285.8,286.6
1989-01-23,286.6,288.0,284.5,284.5
1989-01-24,284.5,288.5,284.5,288.5
1989-01-25,288.5,289.1,288.0,289.1
1989-01-26,289.1,292.6,288.1,291.7
1989-01-27,291.7,296.1,291.7,293.8
1989-01-30,293.8,295.1,293.5,295.0
1989-01-31,295.0,297.5,293.6,297.5
1989-02-01,297.5,298.3,296.2,297.1
1989-02-02,297.1,297.9,295.8,296.8
1989-02-03,296.8,297.7,296.1,297.0
1989-02-06,297.0,297.0,295.0,296.0
1989-02-07,296.0,300.3,295.8,299.6
1989-02-08,299.6,300.6,298.4,298.6
1989-02-09,298.6,298.8,295.2,296.1
1989-02-10,296.1,296.1,292.0,292.0
1989-02-13,292.0,293.1,290.9,292.5
1989-02-14,292.5,294.4,291.4,291.8
1989-02-15,291.8,294.4,291.5,294.2
1989-02-16,294.2,295.1,294.2,294.8
1989-02-17,294.8,297.1,294.7,296.8
1989-02-21,296.8,297.0,295.2,296.0
1989-02-22,296.0,296.0,290.8,290.9
1989-02-23,290.9,292.1,289.8,292.1
1989-02-24,292.1,292.1,287.1,287.1
1989-02-27,287.1,288.1,286.3,287.8
1989-02-28,287.8,289.4,287.6,288.9
1989-03-01,288.9,290.3,286.5,287.1
1989-03-02,287.1,290.3,287.1,289.9
1989-03-03,289.9,291.2,289.4,291.2
1989-03-06,291.2,294.8,291.2,294.8
1989-03-07,294.8,295.2,293.5,293.9
1989-03-08,293.9,295.6,293.5,294.1
1989-03-09,294.1,294.7,293.9,293.9
1989-03-10,293.9,293.9,291.6,292.9
1989-03-13,292.9,296.2,292.9,295.3
1989-03-14,295.3,296.3,294.6,295.1
1989-03-15,295.1,296.8,295.1,296.7
1989-03-16,296.7,300.0,296.7,299.4
1989-03-17,299.4,299.4,291.1,292.7
1989-03-20,292.7,292.7,288.6,289.9
1989-03-21,289.9,292.4,289.9,291.3
1989-03-22,291.3,291.5,289.9,290.5
1989-03-23,290.5,291.5,288.6,289.0
1989-03-27,289.0,290.6,288.2,290.6
1989-03-28,290.6,292.3,290.6,291.6
1989-03-29,291.6,292.8,291.4,292.4
1989-03-30,292.4,293.8,291.5,292.5
1989-03-31,292.5,295.0,292.5,294.9
1989-04-03,294.9,297.0,294.6,296.4
1989-04-04,296.4,296.4,294.7,295.3
1989-04-05,295.3,296.4,295.3,296.2
1989-04-06,296.2,296.2,294.5,295.3
1989-04-07,295.3,297.6,294.4,297.2
1989-04-10,297.2,297.9,296.9,297.1
1989-04-11,297.1,298.9,297.1,298.5
1989-04-12,298.5,299.8,298.5,299.0
1989-04-13,299.0,299.0,296.3,296.4
1989-04-14,296.4,301.4,296.4,301.4
1989-04-17,301.4,302.0,300.7,301.7
1989-04-18,301.7,306.2,301.7,306.0
1989-04-19,306.0,307.7,305.4,307.1
1989-04-20,307.1,308.0,304.5,306.2
1989-04-21,306.2,309.6,306.2,309.6
1989-04-24,309.6,309.6,307.8,308.7
1989-04-25,308.7,309.6,306.7,306.8
1989-04-26,306.8,307.3,306.1,306.9
1989-04-27,306.9,310.4,306.9,309.6
1989-04-28,309.6,309.6,308.5,309.6
1989-05-01,309.6,309.6,307.4,309.1
1989-05-02,309.1,310.4,308.1,308.1
1989-05-03,308.1,308.5,307.1,308.2
1989-05-04,308.2,308.4,307.3,307.8
1989-05-05,307.8,310.7,307.0,307.6
1989-05-08,307.6,307.6,304.7,306.0
1989-05-09,306.0,307.0,304.1,305.2
1989-05-10,305.2,306.2,304.9,305.8
1989-05-11,305.8,307.3,305.8,306.9
1989-05-12,306.9,313.8,306.9,313.8
1989-05-15,313.8,316.2,313.8,316.2
1989-05-16,316.2,316.2,315.0,315.3
1989-05-17,315.3,317.9,315.1,317.5
1989-05-18,317.5,318.5,316.5,318.0
1989-05-19,318.0,321.4,318.0,321.2
1989-05-22,321.2,323.1,320.4,322.0
1989-05-23,322.0,322.0,318.2,318.3
1989-05-24,318.3,319.1,317.6,319.1
1989-05-25,319.1,319.6,318.4,319.2
1989-05-26,319.2,321.6,319.1,321.6
1989-05-30,321.6,322.5,317.8,319.1
1989-05-31,319.1,321.3,318.7,320.5
1989-06-01,320.5,322.6,320.0,322.0
1989-06-02,322.0,325.6,322.0,325.5
1989-06-05,325.5,325.9,322.0,322.0
1989-06-06,322.0,324.5,321.3,324.2
1989-06-07,324.2,327.4,324.2,326.9
1989-06-08,326.9,327.4,325.9,326.8
1989-06-09,326.8,327.3,325.2,326.7
1989-06-12,326.7,326.7,323.7,326.2
1989-06-13,326.2,326.2,323.0,323.9
1989-06-14,323.9,324.9,322.8,323.8
1989-06-15,323.8,323.8,319.2,320.1
1989-06-16,320.1,321.4,318.7,321.4
1989-06-19,321.4,321.9,320.4,321.9
1989-06-20,321.9,322.8,321.0,321.2
1989-06-21,321.2,321.9,319.2,320.5
1989-06-22,320.5,322.3,320.2,322.3
1989-06-23,322.3,328.0,322.3,328.0
1989-06-26,328.0,328.1,326.3,326.6
1989-06-27,326.6,329.2,326.6,328.4
1989-06-28,328.4,328.4,324.3,325.8
1989-06-29,325.8,325.8,319.5,319.7
1989-06-30,319.7,320.0,314.4,318.0
1989-07-03,318.0,319.3,317.3,319.2
1989-07-05,319.2,321.2,317.3,320.6
1989-07-06,320.6,321.6,320.4,321.6
1989-07-07,321.6,325.9,321.1,324.9
1989-07-10,324.9,327.1,324.9,327.1
1989-07-11,327.1,330.4,327.1,328.8
1989-07-12,328.8,330.4,327.9,329.8
1989-07-13,329.8,330.4,329.1,329.9
1989-07-14,329.9,331.9,327.1,331.8
1989-07-17,331.8,333.0,331.0,332.4
1989-07-18,332.4,332.4,330.8,331.4
1989-07-19,331.4,335.7,331.4,335.7
1989-07-20,335.7,337.4,333.2,333.5
1989-07-21,333.5,335.9,332.5,335.9
1989-07-24,335.9,335.9,333.4,333.7
1989-07-25,333.7,336.3,332.6,333.9
1989-07-26,333.9,338.1,333.2,338.1
1989-07-27,338.1,342.0,338.1,342.0
1989-07-28,342.0,343.0,341.3,342.1
1989-07-31,342.1,346.1,342.0,346.1
1989-08-01,346.1,348.0,342.9,343.8
1989-08-02,343.8,344.3,342.5,344.3
1989-08-03,344.3,345.2,343.8,344.7
1989-08-04,344.7,345.4,342.6,343.9
1989-08-07,343.9,349.4,343.9,349.4
1989-08-08,349.4,349.8,348.3,349.4
1989-08-09,349.4,351.0,346.9,346.9
1989-08-10,346.9,349.8,345.3,348.2
1989-08-11,348.2,351.2,344.0,344.7
1989-08-14,344.7,345.4,342.0,343.1
1989-08-15,343.1,345.0,343.1,344.7
1989-08-16,344.7,346.4,344.7,345.7
1989-08-17,345.7,346.4,343.0,344.4
1989-08-18,344.4,346.0,343.9,346.0
1989-08-21,346.0,346.2,340.6,340.7
1989-08-22,340.7,341.2,339.0,341.2
1989-08-23,341.2,344.8,341.2,344.7
1989-08-24,344.7,351.5,344.7,351.5
1989-08-25,351.5,352.7,350.1,350.5
1989-08-28,350.5,352.1,349.1,352.1
1989-08-29,352.1,352.1,348.9,349.8
1989-08-30,349.8,352.3,348.7,350.6
1989-08-31,350.6,351.4,350.2,351.4
1989-09-01,351.4,353.9,350.9,353.7
1989-09-05,353.7,354.1,351.8,352.6
1989-09-06,352.6,352.6,348.0,349.2
1989-09-07,349.2,350.3,348.1,348.4
1989-09-08,348.4,349.2,345.7,348.8
1989-09-11,348.8,348.8,345.9,347.7
1989-09-12,347.7,349.5,347.5,348.7
1989-09-13,348.7,350.1,345.5,345.5
1989-09-14,345.5,345.6,342.6,343.2
1989-09-15,343.2,345.1,341.4,345.1
1989-09-18,345.1,346.8,344.6,346.7
1989-09-19,346.7,348.2,346.4,346.6
1989-09-20,346.6,347.3,346.2,346.5
1989-09-21,346.5,348.5,345.0,345.7
1989-09-22,345.7,347.6,345.7,347.1
1989-09-25,347.1,347.1,343.7,344.2
1989-09-26,344.2,347.0,344.1,344.3
1989-09-27,344.3,345.5,342.9,345.1
1989-09-28,345.1,348.6,345.1,348.6
1989-09-29,348.6,350.3,348.1,349.1
1989-10-02,349.1,351.0,348.4,350.9
1989-10-03,350.9,354.7,350.9,354.7
1989-10-04,354.7,357.5,354.7,356.9
1989-10-05,356.9,357.6,356.3,357.0
1989-10-06,357.0,359.1,357.0,358.8
1989-10-09,358.8,359.9,358.1,359.8
1989-10-10,359.8,360.4,358.1,359.1
1989-10-11,359.1,359.1,356.1,357.0
1989-10-12,357.0,357.0,354.9,355.4
1989-10-13,355.4,355.5,332.8,333.6
1989-10-16,333.6,342.9,327.1,342.9
1989-10-17,342.9,342.9,335.7,341.2
1989-10-18,341.2,343.4,339.0,341.8
1989-10-19,341.8,348.8,341.8,347.1
1989-10-20,347.1,347.6,344.5,347.2
1989-10-23,347.2,348.2,344.2,344.8
1989-10-24,344.8,344.8,335.1,343.7
1989-10-25,343.7,344.5,342.0,342.5
1989-10-26,342.5,342.5,337.2,337.9
1989-10-27,337.9,338.0,333.3,335.1
1989-10-30,335.1,337.0,334.5,335.1
1989-10-31,335.1,340.9,335.1,340.4
1989-11-01,340.4,341.7,339.8,341.2
1989-11-02,341.2,341.2,336.6,338.5
1989-11-03,338.5,339.7,337.4,337.6
1989-11-06,337.6,337.6,332.3,332.6
1989-11-07,332.6,334.8,330.9,334.8
1989-11-08,334.8,339.4,334.8,338.1
1989-11-09,338.1,338.7,336.2,336.6
1989-11-10,336.6,339.1,336.6,339.1
1989-11-13,339.1,340.5,337.9,339.6
1989-11-14,339.6,340.4,337.1,338.0
1989-11-15,338.0,340.5,337.1,340.5
1989-11-16,340.5,341.0,338.9,340.6
1989-11-17,340.6,342.2,339.9,341.6
1989-11-20,341.6,341.9,338.3,339.4
1989-11-21,339.4,340.2,337.5,339.6
1989-11-22,339.6,341.9,339.6,341.9
1989-11-24,341.9,344.2,341.9,344.0
1989-11-27,344.0,346.2,344.0,345.6
1989-11-28,345.6,346.3,344.4,345.8
1989-11-29,345.8,345.8,343.4,343.6
1989-11-30,343.6,346.5,343.6,346.0
1989-12-01,346.0,351.9,346.0,350.6
1989-12-04,350.6,351.5,350.3,351.4
1989-12-05,351.4,352.2,349.6,349.6
1989-12-06,349.6,349.9,347.9,348.6
1989-12-07,348.6,349.8,346.0,347.6
1989-12-08,347.6,349.6,347.6,348.7
1989-12-11,348.7,348.7,346.4,348.6
1989-12-12,348.6,352.2,348.4,351.7
1989-12-13,351.7,354.1,351.6,352.8
1989-12-14,352.8,352.8,350.1,350.9
1989-12-15,350.9,351.9,346.1,350.1
1989-12-18,350.1,350.9,342.2,343.7
1989-12-19,343.7,343.7,339.6,342.5
1989-12-20,342.5,343.7,341.8,342.8
1989-12-21,342.8,345.0,342.8,344.8
1989-12-22,344.8,347.5,344.8,347.4
1989-12-26,347.4,347.9,346.5,346.8
1989-12-27,346.8,349.1,346.8,348.8
1989-12-28,348.8,350.7,348.8,350.7
1989-12-29,350.7,353.4,350.7,353.4
1990-01-02,353.4,359.7,352.0,359.7
1990-01-03,359.7,360.6,357.9,358.8
1990-01-04,358.8,358.8,352.9,355.7
1990-01-05,355.7,355.7,351.4,352.2
1990-01-08,352.2,354.2,350.5,353.8
1990-01-09,353.8,354.2,349.6,349.6
1990-01-10,349.6,349.6,344.3,347.3
1990-01-11,347.3,350.1,347.3,348.5
1990-01-12,348.5,348.5,339.5,339.9
1990-01-15,339.9,339.9,336.6,337.0
1990-01-16,337.0,340.8,333.4,340.8
1990-01-17,340.8,342.0,336.3,337.4
1990-01-18,337.4,338.4,334.0,338.2
1990-01-19,338.2,340.5,338.2,339.1
1990-01-22,339.1,340.0,330.3,330.4
1990-01-23,330.4,332.8,328.7,331.6
1990-01-24,331.6,331.7,324.2,330.3
1990-01-25,330.3,332.3,325.3,326.1
1990-01-26,326.1,328.6,321.4,325.8
1990-01-29,325.8,327.3,321.8,325.2
1990-01-30,325.2,325.7,319.8,323.0
1990-01-31,323.0,329.1,323.0,329.1
1990-02-01,329.1,329.9,327.8,328.8
1990-02-02,328.8,332.1,328.1,330.9
1990-02-05,330.9,332.2,330.4,331.9
1990-02-06,331.9,331.9,328.2,329.7
1990-02-07,329.7,333.8,326.6,333.8
1990-02-08,333.8,336.1,332.0,333.0
1990-02-09,333.0,334.6,332.4,333.6
1990-02-12,333.6,333.6,330.0,330.1
1990-02-13,330.1,331.6,327.9,331.0
1990-02-14,331.0,333.2,330.6,332.0
1990-02-15,332.0,335.2,331.6,334.9
1990-02-16,334.9,335.6,332.4,332.7
1990-02-20,332.7,332.7,326.3,328.0
1990-02-21,328.0,328.2,324.5,327.7
1990-02-22,327.7,331.0,325.7,325.7
1990-02-23,325.7,326.1,322.1,324.1
1990-02-26,324.1,328.7,324.0,328.7
1990-02-27,328.7,331.9,328.5,330.3
1990-02-28,330.3,333.5,330.2,331.9
1990-03-01,331.9,334.4,331.1,332.7
1990-03-02,332.7,335.5,332.7,335.5
1990-03-05,335.5,336.4,333.5,333.7
1990-03-06,333.7,337.9,333.6,337.9
1990-03-07,337.9,338.8,336.3,336.9
1990-03-08,336.9,340.7,336.9,340.3
1990-03-09,340.3,340.3,336.8,337.9
1990-03-12,337.9,339.1,336.1,338.7
1990-03-13,338.7,338.7,335.4,336.0
1990-03-14,336.0,337.6,334.9,336.9
1990-03-15,336.9,338.9,336.9,338.1
1990-03-16,338.1,341.9,338.1,341.9
1990-03-19,341.9,343.8,339.1,343.5
1990-03-20,343.5,344.5,340.9,341.6
1990-03-21,341.6,342.3,339.6,339.7
1990-03-22,339.7,339.8,333.6,335.7
1990-03-23,335.6,337.6,335.6,337.2
1990-03-26,337.2,339.7,337.2,337.6
1990-03-27,337.6,341.5,337.0,341.5
1990-03-28,341.5,342.6,340.6,342.0
1990-03-29,342.0,342.1,339.8,340.8
1990-03-30,340.8,341.4,338.2,339.9
1990-04-02,339.9,339.9,336.3,338.7
1990-04-03,338.7,343.8,338.7,343.6
1990-04-04,343.6,344.1,340.4,341.1
1990-04-05,341.1,342.9,340.6,340.7
1990-04-06,340.7,341.7,338.9,340.1
1990-04-09,340.1,341.8,339.9,341.4
1990-04-10,341.4,342.4,340.6,342.1
1990-04-11,342.1,343.0,341.3,341.9
1990-04-12,341.9,344.8,341.9,344.3
1990-04-16,344.3,347.3,344.1,344.7
1990-04-17,344.7,345.2,342.1,344.7
1990-04-18,344.7,345.3,340.1,340.7
1990-04-19,340.7,340.7,337.6,338.1
1990-04-20,338.1,338.5,333.4,335.1
1990-04-23,335.1,335.1,330.1,331.1
1990-04-24,331.1,333.0,329.7,330.4
1990-04-25,330.4,332.7,330.4,332.0
1990-04-26,332.0,333.8,330.7,332.9
1990-04-27,332.9,333.6,328.7,329.1
1990-04-30,329.1,331.3,327.8,330.8
1990-05-01,330.8,332.8,330.8,332.2
1990-05-02,332.2,334.5,332.1,334.5
1990-05-03,334.5,337.0,334.5,335.6
1990-05-04,335.6,338.5,335.2,338.4
1990-05-07,338.4,341.1,338.1,340.5
1990-05-08,340.5,342.0,340.2,342.0
1990-05-09,342.0,343.1,340.9,342.9
1990-05-10,342.9,345.0,342.8,343.8
1990-05-11,343.8,352.3,343.8,352.0
1990-05-14,352.0,358.4,351.9,354.8
1990-05-15,354.8,355.1,352.8,354.3
1990-05-16,354.3,354.7,351.9,354.0
1990-05-17,354.0,356.9,354.0,354.5
1990-05-18,354.5,354.6,352.5,354.6
1990-05-21,354.6,359.1,353.8,358.0
1990-05-22,358.0,360.5,356.1,358.4
1990-05-23,358.4,359.3,357.0,359.3
1990-05-24,359.3,359.6,357.9,358.4
1990-05-25,358.4,358.4,354.3,354.6
1990-05-29,354.6,360.6,354.6,360.6
1990-05-30,360.6,362.3,360.0,360.9
1990-05-31,360.9,361.8,360.2,361.2
1990-06-01,361.2,363.5,361.2,363.2
1990-06-04,363.2,367.9,362.4,367.4
1990-06-05,367.4,368.8,365.5,366.6
1990-06-06,366.6,366.6,364.4,365.0
1990-06-07,365.0,365.9,361.6,363.1
1990-06-08,363.1,363.5,357.7,358.7
1990-06-11,358.7,361.6,357.7,361.6
1990-06-12,361.6,367.3,361.1,366.2
1990-06-13,366.2,367.1,364.5,364.9
1990-06-14,364.9,364.9,361.6,362.9
1990-06-15,362.9,363.1,360.7,362.9
1990-06-18,362.9,362.9,356.9,356.9
1990-06-19,356.9,358.9,356.2,358.5
1990-06-20,358.5,359.9,357.0,359.1
1990-06-21,359.1,360.9,357.6,360.5
1990-06-22,360.5,363.2,355.3,355.4
1990-06-25,355.4,356.4,351.9,352.3
1990-06-26,352.3,356.1,351.9,352.1
1990-06-27,352.1,355.9,351.2,355.1
1990-06-28,355.1,357.6,355.1,357.6
1990-06-29,357.6,359.1,357.3,358.0
1990-07-02,358.0,359.6,357.5,359.5
1990-07-03,359.5,360.7,359.4,360.2
1990-07-05,360.2,360.2,354.9,355.7
1990-07-06,355.7,359.0,354.6,358.4
1990-07-09,358.4,360.1,358.1,359.5
1990-07-10,359.5,359.7,356.4,356.5
1990-07-11,356.5,361.2,356.5,361.2
1990-07-12,361.2,365.5,360.6,365.4
1990-07-13,365.4,369.7,365.4,367.3
1990-07-16,367.3,369.8,367.3,368.9
1990-07-17,368.9,369.4,365.0,367.5
1990-07-18,367.5,367.5,362.9,364.2
1990-07-19,364.2,365.3,361.3,365.3
1990-07-20,365.3,366.6,361.6,361.6
1990-07-23,361.6,361.6,350.1,355.3
1990-07-24,355.3,356.1,351.5,355.8
1990-07-25,355.8,357.5,354.8,357.1
1990-07-26,357.1,357.5,353.9,355.9
1990-07-27,355.9,355.9,352.1,353.4
1990-07-30,353.4,355.6,351.1,355.6
1990-07-31,355.6,357.5,353.9,356.1
1990-08-01,356.1,357.4,353.8,355.5
1990-08-02,355.5,355.5,349.7,351.5
1990-08-03,351.5,351.5,338.2,344.9
1990-08-06,344.9,344.9,333.3,334.4
1990-08-07,334.4,338.6,332.2,334.8
1990-08-08,334.8,339.2,334.8,338.4
1990-08-09,338.4,340.6,337.6,339.9
1990-08-10,339.9,339.9,334.2,335.5
1990-08-13,335.5,338.8,333.1,338.8
1990-08-14,335.7,341.0,335.7,339.4
1990-08-15,339.4,341.9,339.4,340.1
1990-08-16,340.1,340.1,332.4,332.4
1990-08-17,332.4,332.4,324.6,327.8
1990-08-20,327.8,329.9,327.1,328.5
1990-08-21,328.5,328.5,318.8,321.9
1990-08-22,321.9,324.1,316.6,316.6
1990-08-23,316.6,316.6,306.6,307.1
1990-08-24,307.1,311.6,306.2,311.5
1990-08-27,311.5,323.1,311.5,321.4
1990-08-28,321.4,322.2,320.2,321.3
1990-08-29,321.3,325.8,320.9,324.2
1990-08-30,324.2,324.6,317.8,318.7
1990-08-31,318.7,322.6,316.6,322.6
1990-09-04,322.6,323.1,319.1,323.1
1990-09-05,323.1,324.5,321.0,324.4
1990-09-06,324.4,324.4,319.4,320.5
1990-09-07,320.5,324.2,319.7,323.4
1990-09-10,323.4,326.5,320.3,321.6
1990-09-11,321.6,322.2,319.6,321.0
1990-09-12,321.0,322.6,319.6,322.5
1990-09-13,322.5,322.5,318.0,318.6
1990-09-14,318.6,318.6,314.8,316.8
1990-09-17,316.8,318.1,315.2,317.8
1990-09-18,317.8,318.9,314.3,318.6
1990-09-19,318.6,319.4,316.2,316.6
1990-09-20,316.6,316.6,310.6,311.5
1990-09-21,311.5,312.2,308.0,311.3
1990-09-24,311.3,311.3,303.6,304.6
1990-09-25,304.6,308.3,304.2,308.3
1990-09-26,308.3,308.3,303.1,305.1
1990-09-27,305.1,307.5,299.1,301.0
1990-09-28,301.0,306.1,296.0,306.1
1990-10-01,306.1,314.9,306.1,314.9
1990-10-02,314.9,319.7,314.9,315.2
1990-10-03,315.2,316.3,310.7,311.4
1990-10-04,311.4,313.4,308.6,312.7
1990-10-05,312.7,314.8,305.8,311.5
1990-10-08,311.5,315.0,311.5,313.5
1990-10-09,313.5,313.5,305.1,305.1
1990-10-10,305.1,306.4,299.2,300.4
1990-10-11,300.4,301.4,294.5,295.5
1990-10-12,295.5,301.7,295.2,300.0
1990-10-15,300.0,304.8,296.4,303.2
1990-10-16,303.2,304.3,298.1,298.9
1990-10-17,298.9,301.5,297.8,298.8
1990-10-18,298.8,305.7,298.8,305.7
1990-10-19,305.7,312.5,305.7,312.5
1990-10-22,312.5,315.8,310.5,314.8
1990-10-23,314.8,315.1,312.1,312.4
1990-10-24,312.4,313.5,310.7,312.6
1990-10-25,312.6,313.7,309.7,310.2
1990-10-26,310.2,310.2,304.7,304.7
1990-10-29,304.7,307.4,300.7,301.9
1990-10-30,301.9,304.4,299.4,304.1
1990-10-31,304.1,305.7,303.3,304.0
1990-11-01,304.0,307.3,301.6,307.0
1990-11-02,307.0,311.9,306.9,311.9
1990-11-05,311.9,314.6,311.4,314.6
1990-11-06,314.6,314.8,311.4,311.6
1990-11-07,311.6,311.6,305.8,306.0
1990-11-08,306.0,309.8,305.0,307.6
1990-11-09,307.6,313.8,307.6,313.7
1990-11-12,313.7,319.8,313.7,319.5
1990-11-13,319.5,319.5,317.3,317.7
1990-11-14,317.7,321.7,317.2,320.4
1990-11-15,320.4,320.4,316.1,317.0
1990-11-16,317.0,318.8,315.0,317.1
1990-11-19,317.1,319.4,317.1,319.3
1990-11-20,319.3,319.3,315.3,315.3
1990-11-21,315.3,316.1,312.4,316.0
1990-11-23,316.0,317.3,315.1,315.1
1990-11-26,315.1,316.5,311.5,316.5
1990-11-27,316.5,318.6,315.8,318.1
1990-11-28,318.1,320.0,317.6,317.9
1990-11-29,317.9,317.9,315.0,316.4
1990-11-30,316.4,323.0,315.4,322.2
1990-12-03,322.2,324.9,322.2,324.1
1990-12-04,324.1,326.8,322.0,326.4
1990-12-05,326.4,329.9,325.7,329.9
1990-12-06,329.9,334.0,328.4,329.1
1990-12-07,329.1,329.4,326.4,327.8
1990-12-10,327.8,329.0,326.1,328.9
1990-12-11,328.9,328.9,325.6,326.4
1990-12-12,326.4,330.4,326.4,330.2
1990-12-13,330.2,330.6,328.8,329.3
1990-12-14,329.3,329.3,325.2,326.8
1990-12-17,326.8,326.8,324.5,326.0
1990-12-18,326.0,330.4,325.8,330.1
1990-12-19,330.1,330.8,329.4,330.2
1990-12-20,330.2,330.7,326.9,330.1
1990-12-21,330.1,332.5,330.1,331.8
1990-12-24,331.8,331.8,329.2,329.9
1990-12-26,329.9,331.7,329.9,330.9
1990-12-27,330.9,331.0,328.2,328.3
1990-12-28,328.3,328.7,327.2,328.7
1990-12-31,328.7,330.2,327.5,330.2
1991-01-02,330.2,330.8,326.4,326.4
1991-01-03,326.4,326.5,321.9,321.9
1991-01-04,321.9,322.4,318.9,321.0
1991-01-07,321.0,321.0,315.4,315.4
1991-01-08,315.4,317.0,313.8,314.9
1991-01-09,314.9,320.7,310.9,311.5
1991-01-10,311.5,314.8,311.5,314.5
1991-01-11,314.5,315.2,313.6,315.2
1991-01-14,315.2,315.2,309.4,312.5
1991-01-15,312.5,313.7,311.8,313.7
1991-01-16,313.7,316.9,312.9,316.2
1991-01-17,316.2,328.0,316.2,328.0
1991-01-18,328.0,332.2,327.1,332.2
1991-01-21,332.2,332.2,328.9,331.1
1991-01-22,331.1,331.3,327.8,328.3
1991-01-23,328.3,331.0,327.9,330.2
1991-01-24,330.2,335.8,330.2,334.8
1991-01-25,334.8,336.9,334.2,336.1
1991-01-28,336.1,337.4,335.8,336.0
1991-01-29,336.0,336.0,334.3,335.8
1991-01-30,335.8,340.9,335.7,340.9
1991-01-31,340.9,343.9,340.5,343.9
1991-02-01,343.9,344.9,340.4,343.1
1991-02-04,343.1,348.7,343.0,348.3
1991-02-05,348.3,351.8,347.2,351.3
1991-02-06,351.3,358.1,349.6,358.1
1991-02-07,358.1,363.4,355.5,356.5
1991-02-08,356.5,359.4,356.0,359.4
1991-02-11,359.4,368.6,359.3,368.6
1991-02-12,368.6,370.5,365.5,365.5
1991-02-13,365.5,369.5,364.6,369.0
1991-02-14,369.0,370.3,362.8,364.2
1991-02-15,364.2,369.5,364.2,369.1
1991-02-19,369.1,370.1,367.1,369.4
1991-02-20,369.4,369.4,364.4,365.1
1991-02-21,365.1,366.8,364.5,365.0
1991-02-22,365.0,371.0,364.2,365.6
1991-02-25,365.6,370.3,365.1,367.3
1991-02-26,367.3,367.3,362.2,362.8
1991-02-27,362.8,368.4,362.8,367.7
1991-02-28,367.7,369.9,365.9,367.1
1991-03-01,367.1,370.5,363.7,370.5
1991-03-04,370.5,372.0,369.1,369.3
1991-03-05,369.3,377.9,369.3,376.7
1991-03-06,376.7,379.7,375.0,376.2
1991-03-07,376.2,377.5,375.6,375.9
1991-03-08,375.9,378.7,374.4,374.9
1991-03-11,374.9,375.1,372.5,373.0
1991-03-12,373.0,374.4,369.6,370.0
1991-03-13,370.0,374.6,370.0,374.6
1991-03-14,374.6,378.3,371.8,373.5
1991-03-15,373.5,374.6,370.2,373.6
1991-03-18,373.6,374.1,369.5,372.1
1991-03-19,372.1,372.1,366.5,366.6
1991-03-20,366.6,368.9,365.8,367.9
1991-03-21,367.9,371.0,366.5,366.6
1991-03-22,366.6,368.2,365.6,367.5
1991-03-25,367.5,371.3,367.5,369.8
1991-03-26,369.8,376.3,369.4,376.3
1991-03-27,376.3,378.5,374.7,375.4
1991-03-28,375.4,376.6,374.4,375.2
1991-04-01,375.2,375.2,370.3,371.3
1991-04-02,371.3,379.5,371.3,379.5
1991-04-03,379.5,381.6,378.5,378.9
1991-04-04,378.9,381.9,377.1,379.8
1991-04-05,379.8,381.1,374.1,375.4
1991-04-08,375.4,378.8,374.7,378.7
1991-04-09,378.7,379.0,373.1,373.6
1991-04-10,373.6,374.8,371.2,373.1
1991-04-11,373.1,379.5,373.1,377.6
1991-04-12,377.6,381.1,376.9,380.4
1991-04-15,380.4,382.3,378.8,381.2
1991-04-16,381.2,387.6,379.6,387.6
1991-04-17,387.6,391.3,387.3,390.4
1991-04-18,390.4,391.0,388.1,388.5
1991-04-19,388.5,388.5,383.9,384.2
1991-04-22,384.2,384.2,380.2,380.9
1991-04-23,380.9,383.6,379.7,381.8
1991-04-24,381.8,383.0,380.0,382.8
1991-04-25,382.8,382.9,378.4,379.2
1991-04-26,379.2,380.1,376.8,379.0
1991-04-29,379.0,381.0,373.7,373.7
1991-04-30,373.7,377.9,373.0,375.4
1991-05-01,375.4,380.5,375.3,380.3
1991-05-02,380.3,382.1,379.8,380.5
1991-05-03,380.5,381.0,378.8,380.8
1991-05-06,380.8,380.8,377.9,380.1
1991-05-07,380.1,380.9,377.3,377.3
1991-05-08,377.3,379.3,376.2,378.5
1991-05-09,378.5,383.6,378.5,383.2
1991-05-10,383.2,383.9,375.6,375.7
1991-05-13,375.7,377.1,374.6,376.8
1991-05-14,376.8,376.8,370.8,371.6
1991-05-15,371.6,372.5,365.8,368.6
1991-05-16,368.6,372.5,368.6,372.2
1991-05-17,372.2,373.0,369.4,372.4
1991-05-20,372.4,373.6,371.3,372.3
1991-05-21,372.3,376.7,372.3,375.4
1991-05-22,375.4,376.5,374.4,376.2
1991-05-23,376.2,378.1,373.6,375.0
1991-05-24,375.0,378.1,375.0,377.5
1991-05-28,377.5,382.1,377.1,381.9
1991-05-29,381.9,383.7,381.4,382.8
1991-05-30,382.8,388.2,382.5,387.0
1991-05-31,387.0,389.9,385.0,389.8
1991-06-03,389.8,389.8,387.0,388.1
1991-06-04,388.1,388.1,385.1,387.7
1991-06-05,387.7,388.2,384.4,385.1
1991-06-06,385.1,385.9,383.1,383.6
1991-06-07,383.6,383.6,378.8,379.4
1991-06-10,379.4,379.8,377.9,378.6
1991-06-11,378.6,381.6,378.6,381.1
1991-06-12,381.1,381.1,374.5,376.6
1991-06-13,376.6,377.9,376.1,377.6
1991-06-14,377.6,382.3,377.6,382.3
1991-06-17,382.3,382.3,380.1,380.1
1991-06-18,380.1,381.8,378.0,378.6
1991-06-19,378.6,378.6,374.4,375.1
1991-06-20,375.1,376.3,373.9,375.4
1991-06-21,375.4,377.8,375.3,377.8
1991-06-24,377.8,377.8,370.7,370.9
1991-06-25,370.9,372.6,369.6,370.6
1991-06-26,370.6,372.7,368.3,371.6
1991-06-27,371.6,374.4,371.6,374.4
1991-06-28,374.4,374.4,368.0,371.2
1991-07-01,371.2,377.9,371.2,377.9
1991-07-02,377.9,377.9,376.6,377.5
1991-07-03,377.5,377.5,372.1,373.3
1991-07-05,373.3,375.5,372.2,374.1
1991-07-08,374.1,377.9,370.9,377.9
1991-07-09,377.9,378.6,375.4,376.1
1991-07-10,376.1,380.4,375.2,375.7
1991-07-11,375.7,377.7,375.5,377.0
1991-07-12,377.0,381.4,375.8,380.2
1991-07-15,380.2,383.0,380.2,382.4
1991-07-16,382.4,382.9,380.8,381.5
1991-07-17,381.5,382.9,381.1,381.2
1991-07-18,381.2,385.4,381.2,385.4
1991-07-19,385.4,385.8,383.6,384.2
1991-07-22,384.2,384.6,381.8,382.9
1991-07-23,382.9,384.9,379.4,379.4
1991-07-24,379.4,380.5,378.3,378.6
1991-07-25,378.6,381.1,378.1,381.0
1991-07-26,381.0,381.8,379.8,380.9
1991-07-29,380.9,383.1,380.4,383.1
1991-07-30,383.1,386.9,383.1,386.7
1991-07-31,386.7,387.8,386.2,387.8
1991-08-01,387.8,387.9,386.5,387.1
1991-08-02,387.1,389.6,386.1,387.2
1991-08-05,387.2,387.2,384.5,385.1
1991-08-06,385.1,390.8,384.3,390.6
1991-08-07,390.6,391.6,389.9,390.6
1991-08-08,390.6,391.8,388.1,389.3
1991-08-09,389.3,389.9,387.0,387.1
1991-08-12,387.1,388.2,385.9,388.0
1991-08-13,388.0,392.1,388.0,389.6
1991-08-14,389.6,391.9,389.1,389.9
1991-08-15,389.9,391.9,389.3,389.3
1991-08-16,389.3,390.4,382.6,385.6
1991-08-19,385.6,385.6,374.1,376.5
1991-08-20,376.5,380.4,376.5,379.4
1991-08-21,379.6,390.6,379.4,390.6
1991-08-22,390.6,392.0,390.2,391.3
1991-08-23,391.3,395.3,390.7,394.2
1991-08-26,394.2,394.4,392.8,393.9
1991-08-27,393.9,393.9,391.8,393.1
1991-08-28,393.1,396.6,393.0,396.6
1991-08-29,396.6,396.8,395.1,396.5
1991-08-30,396.5,396.5,393.6,395.4
1991-09-03,395.4,397.6,392.1,392.1
1991-09-04,392.1,392.6,388.7,390.0
1991-09-05,390.0,391.0,388.5,389.1
1991-09-06,389.1,390.7,387.4,389.1
1991-09-09,389.1,389.3,387.9,388.6
1991-09-10,388.6,388.6,383.8,384.6
1991-09-11,384.6,385.6,383.6,385.1
1991-09-12,385.1,387.3,385.1,387.3
1991-09-13,387.2,387.9,382.9,383.6
1991-09-16,383.6,385.8,382.8,385.8
1991-09-17,385.8,387.1,385.0,385.5
1991-09-18,385.5,386.9,384.3,386.9
1991-09-19,386.9,389.4,386.3,387.6
1991-09-20,387.6,388.8,386.5,387.9
1991-09-23,387.9,388.6,385.8,385.9
1991-09-24,385.9,388.1,384.5,387.7
1991-09-25,387.7,388.2,386.0,386.9
1991-09-26,386.9,388.4,385.3,386.5
1991-09-27,386.5,389.1,384.9,385.9
1991-09-30,385.9,388.3,384.3,387.9
1991-10-01,387.9,389.6,387.9,389.2
1991-10-02,389.2,390.0,387.6,388.3
1991-10-03,388.2,388.3,384.5,384.5
1991-10-04,384.5,385.2,381.2,381.2
1991-10-07,381.2,381.3,379.1,379.5
1991-10-08,379.5,381.2,379.2,380.7
1991-10-09,380.6,380.7,376.4,376.8
1991-10-10,376.8,380.6,376.1,380.6
1991-10-11,380.6,381.5,379.9,381.4
1991-10-14,381.4,386.5,381.4,386.5
1991-10-15,386.5,391.5,385.9,391.0
1991-10-16,391.0,393.3,390.1,392.8
1991-10-17,392.8,393.8,390.3,391.9
1991-10-18,391.9,392.8,391.8,392.5
1991-10-21,392.5,392.5,389.0,390.0
1991-10-22,390.0,391.2,387.4,387.8
1991-10-23,387.8,389.1,386.5,387.9
1991-10-24,387.9,388.3,383.4,385.1
1991-10-25,385.1,386.1,383.0,384.2
1991-10-28,384.2,389.5,384.2,389.5
1991-10-29,389.5,391.7,386.9,391.5
1991-10-30,391.5,393.1,390.8,393.0
1991-10-31,393.0,393.0,391.6,392.5
1991-11-01,392.5,395.1,389.7,391.3
1991-11-04,391.3,391.3,388.1,390.3
1991-11-05,390.3,392.2,388.2,388.7
1991-11-06,388.7,390.0,387.6,390.0
1991-11-07,390.0,393.7,390.0,393.7
1991-11-08,393.7,396.4,392.4,392.9
1991-11-11,392.9,393.6,392.3,393.1
1991-11-12,393.1,397.1,393.1,396.7
1991-11-13,396.7,397.4,394.0,397.4
1991-11-14,397.4,398.2,395.9,397.1
1991-11-15,397.1,397.2,382.6,382.6
1991-11-18,382.6,385.4,379.7,385.2
1991-11-19,385.2,385.2,374.9,379.4
1991-11-20,379.4,381.5,377.8,378.5
1991-11-21,378.5,381.1,377.4,380.1
1991-11-22,380.1,380.1,374.5,376.1
1991-11-25,376.1,377.1,374.0,375.3
1991-11-26,375.3,378.3,371.6,378.0
1991-11-27,378.0,378.1,376.0,376.6
1991-11-29,376.6,376.6,374.6,375.2
1991-12-02,375.1,381.4,371.4,381.4
1991-12-03,381.4,381.5,379.9,381.0
1991-12-04,381.0,381.5,378.1,380.1
1991-12-05,380.1,380.1,376.6,377.4
1991-12-06,377.4,382.4,375.4,379.1
1991-12-09,379.1,381.4,377.7,378.3
1991-12-10,378.3,379.6,376.6,377.9
1991-12-11,377.9,379.4,374.8,377.7
1991-12-12,377.7,381.6,377.7,381.6
1991-12-13,381.6,385.0,381.6,384.5
1991-12-16,384.5,385.8,384.4,384.5
1991-12-17,384.5,385.1,382.6,382.7
1991-12-18,382.7,383.5,380.9,383.5
1991-12-19,383.5,383.5,380.6,382.5
1991-12-20,382.5,388.2,382.5,387.0
1991-12-23,387.1,397.4,387.0,396.8
1991-12-24,396.8,401.8,396.8,399.3
1991-12-26,399.3,404.9,399.3,404.8
1991-12-27,404.8,406.6,404.6,406.5
1991-12-30,406.5,415.1,406.5,415.1
1991-12-31,415.1,418.3,412.7,417.1
1992-01-02,417.0,417.3,411.0,417.3
1992-01-03,417.3,419.8,416.2,419.3
1992-01-06,419.3,419.4,416.9,418.0
1992-01-07,418.0,418.0,415.2,417.4
1992-01-08,417.4,420.2,415.0,418.1
1992-01-09,418.1,420.5,415.9,417.6
1992-01-10,417.6,417.6,413.3,415.1
1992-01-13,415.1,415.4,413.5,414.3
1992-01-14,414.3,420.4,414.3,420.4
1992-01-15,420.4,421.2,418.8,420.8
1992-01-16,420.8,420.9,415.4,418.2
1992-01-17,418.2,419.4,416.0,418.9
1992-01-20,418.9,418.9,415.8,416.4
1992-01-21,416.4,416.4,411.3,412.6
1992-01-22,412.6,418.1,412.5,418.1
1992-01-23,418.1,419.8,414.4,415.0
1992-01-24,415.0,417.3,414.3,415.5
1992-01-27,415.4,416.8,414.5,415.0
1992-01-28,415.0,416.4,414.5,415.0
1992-01-29,415.0,417.8,409.2,410.3
1992-01-30,410.3,412.2,409.3,411.6
1992-01-31,411.6,412.6,408.6,408.8
1992-02-03,408.8,409.9,407.4,409.5
1992-02-04,409.6,413.9,409.3,413.9
1992-02-05,413.9,416.2,413.2,413.8
1992-02-06,413.9,414.6,411.9,413.8
1992-02-07,413.8,415.3,408.0,411.1
1992-02-10,411.1,413.8,411.1,413.8
1992-02-11,413.8,414.4,412.2,413.8
1992-02-12,413.8,418.1,413.4,417.1
1992-02-13,417.1,417.8,412.1,413.7
1992-02-14,413.7,413.8,411.2,412.5
1992-02-18,412.5,413.3,406.3,407.4
1992-02-19,407.4,408.7,406.5,408.3
1992-02-20,408.3,413.9,408.3,413.9
1992-02-21,413.9,414.3,409.7,411.5
1992-02-24,411.5,412.9,410.3,412.3
1992-02-25,412.3,412.3,408.0,410.4
1992-02-26,410.5,415.4,410.4,415.4
1992-02-27,415.4,416.0,413.5,413.9
1992-02-28,413.9,416.9,411.8,412.7
1992-03-02,412.7,413.7,411.5,412.4
1992-03-03,412.4,413.8,411.9,412.9
1992-03-04,412.9,413.3,409.3,409.3
1992-03-05,409.3,409.3,405.4,406.5
1992-03-06,406.5,407.5,403.6,404.4
1992-03-09,404.4,405.6,404.2,405.2
1992-03-10,405.2,409.2,405.2,406.9
1992-03-11,406.9,407.0,402.6,404.0
1992-03-12,404.0,404.7,401.9,403.9
1992-03-13,403.9,406.7,403.9,405.8
1992-03-16,405.9,406.4,403.6,406.4
1992-03-17,406.4,409.7,406.4,409.6
1992-03-18,409.6,410.8,408.2,409.1
1992-03-19,409.1,410.6,409.1,409.8
1992-03-20,409.8,411.3,408.5,411.3
1992-03-23,411.3,411.3,408.9,409.9
1992-03-24,409.9,411.4,408.0,408.9
1992-03-25,408.9,409.9,407.5,407.5
1992-03-26,407.5,409.4,406.8,407.9
1992-03-27,407.9,407.9,402.9,403.5
1992-03-30,403.5,404.3,403.0,403.0
1992-03-31,403.0,405.2,402.2,403.7
1992-04-01,403.7,404.5,400.8,404.2
1992-04-02,404.2,404.6,399.3,400.5
1992-04-03,400.5,401.6,398.2,401.6
1992-04-06,401.5,405.9,401.5,405.6
1992-04-07,405.6,405.8,398.0,398.1
1992-04-08,398.1,398.1,392.4,394.5
1992-04-09,394.5,401.0,394.5,400.6
1992-04-10,400.6,405.1,400.6,404.3
1992-04-13,404.3,406.1,403.9,406.1
1992-04-14,406.1,413.9,406.1,412.4
1992-04-15,412.4,416.3,412.4,416.3
1992-04-16,416.3,416.3,413.4,416.1
1992-04-20,416.1,416.1,407.9,410.2
1992-04-21,410.2,411.2,408.2,410.3
1992-04-22,410.3,411.3,409.2,409.8
1992-04-23,409.8,411.6,406.9,411.6
1992-04-24,411.6,412.5,408.7,409.0
1992-04-27,409.0,409.6,407.6,408.4
1992-04-28,408.4,409.7,406.3,409.1
1992-04-29,409.1,412.3,409.1,412.0
1992-04-30,412.0,414.9,412.0,414.9
1992-05-01,414.9,415.2,409.9,412.5
1992-05-04,412.5,417.8,412.5,416.9
1992-05-05,416.9,418.5,415.8,416.8
1992-05-06,416.8,418.5,416.4,416.8
1992-05-07,416.8,416.8,415.4,415.9
1992-05-08,415.9,416.9,414.4,416.1
1992-05-11,416.1,418.8,416.1,418.5
1992-05-12,418.5,418.7,414.7,416.3
1992-05-13,416.3,417.0,415.9,416.4
1992-05-14,416.4,416.5,411.8,413.1
1992-05-15,413.1,413.1,409.9,410.1
1992-05-18,410.1,413.3,410.1,412.8
1992-05-19,412.8,416.5,412.3,416.4
1992-05-20,416.4,416.8,415.4,415.4
1992-05-21,415.4,415.4,411.6,412.6
1992-05-22,412.6,414.8,412.6,414.0
1992-05-26,414.0,414.0,410.2,411.4
1992-05-27,411.4,412.7,411.1,412.2
1992-05-28,412.2,416.8,411.8,416.7
1992-05-29,416.7,418.4,415.4,415.4
1992-06-01,415.4,417.3,412.4,417.3
1992-06-02,417.3,417.3,413.5,413.5
1992-06-03,413.5,416.5,413.0,414.6
1992-06-04,414.6,415.0,413.0,413.3
1992-06-05,413.3,413.9,411.0,413.5
1992-06-08,413.5,413.9,412.0,413.4
1992-06-09,413.4,413.6,409.3,410.1
1992-06-10,410.1,410.1,406.8,407.2
1992-06-11,407.2,409.1,406.1,409.1
1992-06-12,409.1,411.9,409.1,409.8
1992-06-15,409.8,411.7,408.1,410.3
1992-06-16,410.3,411.4,408.3,408.3
1992-06-17,408.3,408.3,402.0,402.3
1992-06-18,402.3,402.7,400.5,401.0
1992-06-19,401.0,404.2,401.0,403.7
1992-06-22,403.6,403.7,399.9,403.4
1992-06-23,403.4,405.4,403.4,404.0
1992-06-24,404.1,404.8,403.3,403.8
1992-06-25,403.8,405.5,402.0,403.1
1992-06-26,403.1,403.5,401.9,403.4
1992-06-29,403.5,409.0,403.4,408.9
1992-06-30,408.9,409.6,407.9,408.1
1992-07-01,408.2,412.9,408.1,412.9
1992-07-02,412.9,415.7,410.1,411.8
1992-07-06,411.8,413.8,410.5,413.8
1992-07-07,413.8,415.3,408.6,409.2
1992-07-08,409.1,410.3,407.2,410.3
1992-07-09,410.3,414.7,410.3,414.2
1992-07-10,414.2,415.9,413.3,414.6
1992-07-13,414.6,415.9,413.9,414.9
1992-07-14,414.9,417.7,414.3,417.7
1992-07-15,417.7,417.8,416.3,417.1
1992-07-16,417.0,417.9,414.8,417.5
1992-07-17,417.5,417.5,413.0,415.6
1992-07-20,415.6,415.6,410.7,413.8
1992-07-21,413.8,414.9,413.1,413.8
1992-07-22,413.7,413.8,409.9,410.9
1992-07-23,410.9,412.1,409.8,412.1
1992-07-24,412.1,412.1,409.9,411.6
1992-07-27,411.6,412.7,411.3,411.5
1992-07-28,411.6,417.6,411.5,417.5
1992-07-29,417.5,423.0,417.5,422.2
1992-07-30,422.2,423.9,421.6,423.9
1992-07-31,423.9,424.8,422.5,424.2
1992-08-03,424.2,425.1,422.1,425.1
1992-08-04,425.1,425.1,423.1,424.4
1992-08-05,424.4,424.4,421.9,422.2
1992-08-06,422.2,422.4,420.3,420.6
1992-08-07,420.6,423.4,418.5,418.9
1992-08-10,418.9,419.4,417.0,419.4
1992-08-11,419.4,419.7,416.5,418.9
1992-08-12,418.9,419.8,416.4,417.8
1992-08-13,417.8,419.9,416.4,417.7
1992-08-14,417.7,420.4,417.7,419.9
1992-08-17,419.9,421.9,419.4,420.7
1992-08-18,420.7,421.4,419.8,421.3
1992-08-19,421.3,421.6,418.2,418.2
1992-08-20,418.2,418.9,416.9,418.3
1992-08-21,418.3,420.4,413.6,414.9
1992-08-24,414.8,414.9,410.1,410.7
1992-08-25,410.7,411.6,408.3,411.6
1992-08-26,411.6,413.6,410.5,413.5
1992-08-27,413.5,415.8,413.5,413.5
1992-08-28,413.5,414.9,413.4,414.8
1992-08-31,414.9,415.3,413.8,414.0
1992-09-01,414.0,416.1,413.4,416.1
1992-09-02,416.1,418.3,415.3,418.0
1992-09-03,418.0,420.3,417.5,418.0
1992-09-04,418.0,418.6,416.8,417.1
1992-09-08,417.1,417.2,414.3,414.4
1992-09-09,414.4,416.4,414.4,416.4
1992-09-10,416.3,420.5,416.3,419.9
1992-09-11,420.0,420.6,419.1,419.6
1992-09-14,419.6,425.3,419.6,425.3
1992-09-15,425.2,425.3,419.5,419.8
1992-09-16,419.7,422.4,417.8,419.9
1992-09-17,420.0,421.4,419.6,419.9
1992-09-18,419.9,422.9,419.9,422.9
1992-09-21,422.9,422.9,421.2,422.1
1992-09-22,422.1,422.1,417.1,417.1
1992-09-23,417.1,417.9,416.0,417.4
1992-09-24,417.5,419.0,417.4,418.5
1992-09-25,418.5,418.6,412.7,414.4
1992-09-28,414.3,416.6,413.0,416.6
1992-09-29,416.6,417.4,415.3,416.8
1992-09-30,416.8,418.6,416.7,417.8
1992-10-01,417.8,418.7,415.5,416.3
1992-10-02,416.3,416.4,410.4,410.5
1992-10-05,410.4,410.5,396.8,407.6
1992-10-06,407.6,408.6,404.8,407.2
1992-10-07,407.2,408.6,403.9,404.2
1992-10-08,404.3,408.0,404.2,407.8
1992-10-09,407.8,407.8,402.4,402.7
1992-10-12,402.7,407.4,402.7,407.4
1992-10-13,407.4,410.6,406.8,409.3
1992-10-14,409.3,411.5,407.9,409.4
1992-10-15,409.3,411.0,407.9,409.6
1992-10-16,409.6,411.7,407.4,411.7
1992-10-19,411.7,415.0,410.7,415.0
1992-10-20,415.0,418.0,414.5,415.5
1992-10-21,415.5,416.1,414.5,415.7
1992-10-22,415.7,416.8,413.1,414.9
1992-10-23,414.9,416.2,413.7,414.1
1992-10-26,414.1,418.2,413.7,418.2
1992-10-27,418.2,419.2,417.0,418.5
1992-10-28,418.5,420.1,417.6,420.1
1992-10-29,420.1,421.2,419.8,420.9
1992-10-30,420.9,421.1,418.5,418.7
1992-11-02,418.7,422.8,418.1,422.8
1992-11-03,422.8,422.8,418.6,419.9
1992-11-04,419.9,421.1,416.6,417.1
1992-11-05,417.1,418.4,415.6,418.3
1992-11-06,418.4,418.4,417.0,417.6
1992-11-09,417.6,420.1,416.8,418.6
1992-11-10,418.6,419.7,418.0,418.6
1992-11-11,418.6,422.3,418.4,422.2
1992-11-12,422.2,423.1,421.7,422.9
1992-11-13,422.9,422.9,421.0,422.4
1992-11-16,422.4,422.4,420.4,420.7
1992-11-17,420.6,421.0,418.3,419.3
1992-11-18,419.3,423.5,419.2,422.9
1992-11-19,422.9,423.6,422.5,423.6
1992-11-20,423.6,427.0,423.6,426.6
1992-11-23,426.6,426.6,424.9,425.1
1992-11-24,425.1,429.3,424.8,427.6
1992-11-25,427.6,429.4,427.6,429.2
1992-11-27,429.2,431.9,429.2,430.2
1992-11-30,430.2,431.5,429.4,431.4
1992-12-01,431.4,431.5,429.1,430.8
1992-12-02,430.8,430.9,428.6,429.9
1992-12-03,430.0,431.0,428.8,429.9
1992-12-04,429.9,432.9,429.7,432.1
1992-12-07,432.1,435.3,432.1,435.3
1992-12-08,435.3,437.0,434.6,437.0
1992-12-09,437.0,437.0,434.0,435.6
1992-12-10,435.7,435.7,432.6,434.6
1992-12-11,434.6,434.6,433.3,433.7
1992-12-14,433.7,435.3,432.8,432.8
1992-12-15,432.8,433.7,431.9,432.6
1992-12-16,432.6,434.2,430.9,431.5
1992-12-17,431.5,435.4,431.5,435.4
1992-12-18,435.5,441.3,435.4,441.3
1992-12-21,441.3,441.3,439.6,440.7
1992-12-22,440.7,441.6,438.2,440.3
1992-12-23,440.3,441.1,439.0,439.0
1992-12-24,439.0,439.8,439.0,439.8
1992-12-28,439.8,439.8,437.3,439.1
1992-12-29,439.1,442.6,437.6,438.0
1992-12-30,438.0,439.4,437.1,438.8
1992-12-31,438.9,439.6,435.7,435.7
1993-01-04,435.7,437.3,434.5,435.4
1993-01-05,435.3,435.4,433.6,434.3
1993-01-06,434.3,435.2,432.5,434.5
1993-01-07,434.5,435.5,429.8,430.7
1993-01-08,430.7,430.7,426.9,429.1
1993-01-11,429.0,431.0,429.0,430.9
1993-01-12,430.9,431.4,428.2,431.0
1993-01-13,431.0,433.4,430.0,433.0
1993-01-14,433.1,436.0,433.0,435.9
1993-01-15,435.9,439.5,435.8,437.1
1993-01-18,437.1,437.1,435.9,436.8
1993-01-19,436.8,437.7,434.6,435.1
1993-01-20,435.1,436.2,433.4,433.4
1993-01-21,433.4,435.8,432.5,435.5
1993-01-22,435.5,437.8,435.5,436.1
1993-01-25,436.1,440.5,436.1,440.0
1993-01-26,440.1,442.7,439.5,439.9
1993-01-27,439.9,440.0,436.8,438.1
1993-01-28,438.1,439.1,437.3,438.7
1993-01-29,438.7,438.9,436.9,438.8
1993-02-01,438.8,442.5,438.8,442.5
1993-02-02,442.5,442.9,440.8,442.6
1993-02-03,442.6,447.4,442.6,447.2
1993-02-04,447.2,449.9,447.2,449.6
1993-02-05,449.5,449.6,446.9,448.9
1993-02-08,448.9,450.0,447.7,447.9
1993-02-09,448.0,448.0,444.5,445.3
1993-02-10,445.3,446.4,444.2,446.2
1993-02-11,446.2,449.4,446.2,447.7
1993-02-12,447.6,447.7,444.6,444.6
1993-02-16,444.5,444.6,433.5,433.9
1993-02-17,433.9,434.0,430.9,433.3
1993-02-18,435.9,437.8,428.2,431.9
1993-02-19,431.9,434.3,431.7,434.2
1993-02-22,434.2,436.5,433.5,435.2
1993-02-23,435.3,436.8,432.4,434.8
1993-02-24,434.8,440.9,434.7,440.9
1993-02-25,440.7,442.3,439.7,442.3
1993-02-26,442.3,443.8,441.0,443.4
1993-03-01,443.4,444.2,441.3,442.0
1993-03-02,442.0,447.9,441.1,447.9
1993-03-03,447.9,450.0,447.7,449.3
1993-03-04,449.3,449.5,446.7,447.3
1993-03-05,447.3,449.6,445.6,446.1
1993-03-08,446.1,454.7,446.1,454.7
1993-03-09,454.7,455.5,453.7,454.4
1993-03-10,454.4,456.3,452.7,456.3
1993-03-11,456.4,456.8,453.5,453.7
1993-03-12,453.7,453.7,447.0,449.8
1993-03-15,449.8,451.4,449.4,451.4
1993-03-16,451.4,452.4,451.0,451.4
1993-03-17,451.4,451.4,448.0,448.3
1993-03-18,448.3,452.4,448.3,451.9
1993-03-19,451.9,453.3,449.9,450.2
1993-03-22,450.2,450.2,446.1,448.9
1993-03-23,448.9,449.8,448.3,448.8
1993-03-24,448.7,450.9,446.1,448.1
1993-03-25,448.1,451.8,447.9,450.9
1993-03-26,450.9,452.1,447.7,447.8
1993-03-29,447.8,452.8,447.8,450.8
1993-03-30,450.8,452.1,449.6,452.0
1993-03-31,452.0,454.9,451.7,451.7
1993-04-01,451.7,452.6,449.6,450.3
1993-04-02,450.3,450.3,440.7,441.4
1993-04-05,441.4,442.4,440.5,442.3
1993-04-06,442.3,443.4,439.5,441.2
1993-04-07,441.2,442.7,440.5,442.7
1993-04-08,442.7,443.8,440.0,441.8
1993-04-12,441.8,448.4,441.8,448.4
1993-04-13,448.4,450.4,447.7,449.2
1993-04-14,449.2,450.0,448.0,448.7
1993-04-15,448.6,449.1,446.4,448.4
1993-04-16,448.4,449.4,447.7,448.9
1993-04-19,448.9,449.1,445.9,447.5
1993-04-20,447.5,447.5,441.8,445.1
1993-04-21,445.1,445.8,443.1,443.6
1993-04-22,443.6,445.7,439.5,439.5
1993-04-23,439.5,439.5,436.8,437.0
1993-04-26,437.0,438.4,432.3,433.5
1993-04-27,433.5,438.0,433.1,438.0
1993-04-28,438.0,438.8,436.7,438.0
1993-04-29,438.0,439.0,435.6,438.9
1993-04-30,438.9,442.3,438.9,440.2
1993-05-03,440.2,442.6,438.2,442.5
1993-05-04,442.6,445.2,442.4,444.1
1993-05-05,444.0,446.1,443.8,444.5
1993-05-06,444.6,444.8,442.9,443.3
1993-05-07,443.3,443.7,441.7,442.3
1993-05-10,442.3,445.4,442.1,442.8
1993-05-11,442.8,444.6,441.5,444.4
1993-05-12,444.3,445.2,442.9,444.8
1993-05-13,444.8,444.8,439.2,439.2
1993-05-14,439.2,439.8,438.1,439.6
1993-05-17,439.6,440.4,437.8,440.4
1993-05-18,440.4,441.3,437.9,440.3
1993-05-19,440.3,447.9,436.9,447.6
1993-05-20,447.6,450.6,447.4,450.6
1993-05-21,450.6,450.6,444.9,445.8
1993-05-24,445.8,448.4,445.3,448.0
1993-05-25,448.0,449.0,447.7,448.9
1993-05-26,448.8,453.5,448.8,453.4
1993-05-27,453.5,454.6,451.1,452.4
1993-05-28,452.4,452.4,447.7,450.2
1993-06-01,450.2,455.6,450.2,453.8
1993-06-02,453.8,454.5,452.7,453.9
1993-06-03,453.8,453.9,451.1,452.5
1993-06-04,452.4,452.5,448.9,450.1
1993-06-07,450.1,450.8,447.3,447.7
1993-06-08,447.7,447.7,444.3,444.7
1993-06-09,444.7,447.4,444.7,445.8
1993-06-10,445.8,446.2,444.1,445.4
1993-06-11,445.4,448.2,445.4,447.3
1993-06-14,447.2,448.6,447.2,447.7
1993-06-15,447.7,448.3,446.2,446.3
1993-06-16,446.3,447.4,443.6,447.4
1993-06-17,447.4,449.0,446.9,448.5
1993-06-18,448.5,448.6,443.7,443.7
1993-06-21,443.7,446.4,443.7,446.2
1993-06-22,446.2,446.3,444.9,445.9
1993-06-23,446.0,446.0,443.2,443.2
1993-06-24,443.0,447.2,442.5,446.6
1993-06-25,446.6,448.6,446.6,447.6
1993-06-28,447.6,451.9,447.6,451.9
1993-06-29,451.9,451.9,449.7,450.7
1993-06-30,450.7,451.5,450.1,450.5
1993-07-01,450.5,451.1,448.7,449.0
1993-07-02,449.0,449.0,445.2,445.8
1993-07-06,445.9,446.9,441.4,441.4
1993-07-07,441.4,443.6,441.4,442.8
1993-07-08,442.8,448.6,442.8,448.6
1993-07-09,448.6,449.0,446.7,448.1
1993-07-12,448.2,449.1,447.7,449.0
1993-07-13,449.0,450.7,448.1,448.1
1993-07-14,448.1,451.1,448.1,450.1
1993-07-15,450.1,450.1,447.3,449.2
1993-07-16,449.1,449.2,445.7,445.8
1993-07-19,445.8,446.8,444.8,446.0
1993-07-20,446.0,447.6,443.7,447.3
1993-07-21,447.3,447.5,445.8,447.2
1993-07-22,447.2,447.2,443.7,444.5
1993-07-23,444.5,447.1,444.5,447.1
1993-07-26,447.1,449.5,447.0,449.1
1993-07-27,449.0,449.4,446.8,448.2
1993-07-28,448.2,448.6,446.6,447.2
1993-07-29,447.2,450.8,447.2,450.2
1993-07-30,450.2,450.2,447.0,448.1
1993-08-02,448.1,450.1,448.0,450.1
1993-08-03,450.1,450.4,447.6,449.3
1993-08-04,449.3,449.7,447.9,448.5
1993-08-05,448.6,449.6,446.9,448.1
1993-08-06,448.1,449.3,447.9,448.7
1993-08-09,448.7,451.5,448.3,450.7
1993-08-10,450.7,450.7,449.1,449.4
1993-08-11,449.6,451.0,449.4,450.5
1993-08-12,450.5,451.6,447.5,449.0
1993-08-13,449.0,450.2,449.0,450.1
1993-08-16,450.2,453.4,450.2,452.4
1993-08-17,452.4,453.6,452.0,453.1
1993-08-18,453.2,457.0,453.1,456.0
1993-08-19,456.0,456.8,455.2,456.4
1993-08-20,456.5,456.7,454.6,456.2
1993-08-23,456.1,456.2,454.3,455.2
1993-08-24,455.2,459.8,455.0,459.8
1993-08-25,459.8,462.0,459.3,460.1
1993-08-26,460.0,462.9,458.8,461.0
1993-08-27,461.1,461.1,459.2,460.5
1993-08-30,460.5,462.6,460.3,461.9
1993-08-31,461.9,463.6,461.3,463.6
1993-09-01,463.6,463.8,461.8,463.1
1993-09-02,463.1,463.5,461.1,461.3
1993-09-03,461.3,462.1,459.9,461.3
1993-09-07,461.3,462.1,457.9,458.5
1993-09-08,458.5,458.5,453.8,456.6
1993-09-09,456.6,458.1,455.2,457.5
1993-09-10,457.5,461.9,457.5,461.7
1993-09-13,461.7,463.4,461.4,462.1
1993-09-14,461.9,462.1,458.1,459.9
1993-09-15,459.9,462.0,456.3,461.6
1993-09-16,461.6,461.6,459.0,459.4
1993-09-17,459.4,459.4,457.1,458.8
1993-09-20,458.8,459.9,455.0,455.1
1993-09-21,455.1,455.8,449.6,452.9
1993-09-22,452.9,456.6,452.9,456.2
1993-09-23,456.2,458.7,456.2,457.7
1993-09-24,457.7,458.6,456.9,457.6
1993-09-27,457.6,461.8,457.6,461.8
1993-09-28,461.8,462.1,460.9,461.5
1993-09-29,461.6,462.2,459.5,460.1
1993-09-30,460.1,460.6,458.3,458.9
1993-10-01,458.9,461.5,458.4,461.3
1993-10-04,461.2,461.8,460.0,461.3
1993-10-05,461.3,463.1,459.4,461.2
1993-10-06,461.2,462.6,460.3,460.7
1993-10-07,460.7,461.1,459.1,459.2
1993-10-08,459.2,461.0,456.4,460.3
1993-10-11,461.1,461.9,460.3,460.9
1993-10-12,461.0,462.5,460.7,461.1
1993-10-13,461.1,462.0,460.8,461.5
1993-10-14,461.6,466.8,461.5,466.8
1993-10-15,466.9,471.1,466.8,469.5
1993-10-18,469.5,470.0,468.0,468.4
1993-10-19,468.4,468.6,464.8,466.2
1993-10-20,466.2,466.9,464.5,466.1
1993-10-21,466.1,466.6,464.4,465.4
1993-10-22,465.4,467.8,463.3,463.3
1993-10-25,463.3,464.5,462.1,464.2
1993-10-26,464.2,464.3,462.6,464.3
1993-10-27,464.3,464.6,463.4,464.6
1993-10-28,464.5,468.8,464.5,467.7
1993-10-29,467.7,468.2,467.4,467.8
1993-11-01,467.8,469.1,467.3,469.1
1993-11-02,469.1,469.1,466.2,468.4
1993-11-03,468.4,468.6,460.9,463.0
1993-11-04,463.0,463.1,457.2,457.5
1993-11-05,457.5,459.6,454.4,459.6
1993-11-08,459.6,461.5,458.8,460.2
1993-11-09,460.2,463.4,460.2,460.3
1993-11-10,460.4,463.7,459.6,463.7
1993-11-11,463.7,465.0,462.5,462.6
1993-11-12,462.6,465.8,462.6,465.4
1993-11-15,465.4,466.1,463.0,463.8
1993-11-16,463.8,466.7,463.0,466.7
1993-11-17,466.7,467.2,462.7,464.8
1993-11-18,464.8,464.9,461.7,463.6
1993-11-19,463.6,463.6,460.0,462.6
1993-11-22,462.6,462.6,457.1,459.1
1993-11-23,459.1,461.8,458.5,461.0
1993-11-24,461.0,462.9,461.0,462.4
1993-11-26,462.4,463.6,462.4,463.1
1993-11-29,463.1,464.8,461.8,461.9
1993-11-30,461.9,463.6,460.4,461.8
1993-12-01,461.9,464.5,461.6,461.9
1993-12-02,461.9,463.2,461.4,463.1
1993-12-03,463.1,464.9,462.7,464.9
1993-12-06,464.9,466.9,464.4,466.4
1993-12-07,466.4,466.8,465.4,466.8
1993-12-08,466.7,466.8,465.4,466.3
1993-12-09,466.3,466.5,463.9,464.2
1993-12-10,464.2,464.9,462.7,463.9
1993-12-13,463.9,465.7,462.7,465.7
1993-12-14,465.7,466.1,462.5,463.1
1993-12-15,463.1,463.7,461.8,461.8
1993-12-16,461.9,464.0,461.8,463.3
1993-12-17,463.3,466.4,463.3,466.4
1993-12-20,466.4,466.9,465.5,465.9
1993-12-21,465.8,465.9,464.0,465.3
1993-12-22,465.1,467.4,465.1,467.3
1993-12-23,467.3,469.0,467.3,467.4
1993-12-27,467.4,470.6,467.4,470.5
1993-12-28,470.6,471.1,469.4,470.9
1993-12-29,470.9,471.3,469.9,470.6
1993-12-30,470.6,470.6,468.1,468.6
1993-12-31,468.7,470.8,466.4,466.4
1994-01-03,466.5,466.9,464.4,465.4
1994-01-04,465.4,466.9,464.4,466.9
1994-01-05,466.9,467.8,465.9,467.6
1994-01-06,467.6,469.0,467.0,467.1
1994-01-07,467.1,470.3,467.0,469.9
1994-01-10,469.9,475.3,469.6,475.3
1994-01-11,475.3,475.3,473.3,474.1
1994-01-12,474.1,475.1,472.1,474.2
1994-01-13,474.2,474.2,471.8,472.5
1994-01-14,472.5,475.3,472.5,474.9
1994-01-17,474.9,474.9,472.8,473.3
1994-01-18,473.3,475.2,473.3,474.2
1994-01-19,474.0,474.7,472.2,474.3
1994-01-20,474.3,475.0,473.4,475.0
1994-01-21,475.1,475.6,473.7,474.7
1994-01-24,474.7,475.2,471.5,472.0
1994-01-25,472.0,472.6,470.3,470.9
1994-01-26,470.9,473.4,470.7,473.2
1994-01-27,473.2,477.5,473.2,477.1
1994-01-28,477.1,479.8,477.1,478.7
1994-01-31,478.7,482.9,478.7,481.6
1994-02-01,481.6,481.6,479.2,479.6
1994-02-02,479.6,482.2,479.6,482.0
1994-02-03,482.0,482.0,478.7,480.7
1994-02-04,480.7,481.0,469.3,469.8
1994-02-07,469.8,472.1,467.6,471.8
1994-02-08,471.7,472.3,469.5,471.1
1994-02-09,471.1,473.4,471.1,472.8
1994-02-10,472.8,473.1,468.9,468.9
1994-02-11,468.9,471.1,466.9,470.2
1994-02-14,470.2,472.0,469.1,470.2
1994-02-15,470.2,473.4,470.2,472.5
1994-02-16,472.5,474.2,471.9,472.8
1994-02-17,472.8,475.1,468.3,470.3
1994-02-18,470.3,471.1,466.1,467.7
1994-02-22,467.7,471.6,467.6,471.5
1994-02-23,471.5,472.4,469.5,470.7
1994-02-24,470.6,470.7,464.3,464.3
1994-02-25,464.3,466.5,464.3,466.1
1994-02-28,466.1,469.2,466.1,467.1
1994-03-01,467.2,467.4,462.0,464.4
1994-03-02,464.4,464.9,457.7,464.8
1994-03-03,464.8,464.8,462.5,463.0
1994-03-04,463.0,466.2,462.4,464.7
1994-03-07,464.7,468.1,464.7,466.9
1994-03-08,466.9,467.8,465.0,465.9
1994-03-09,465.9,467.4,463.4,467.1
1994-03-10,467.1,467.3,462.5,463.9
1994-03-11,463.9,466.6,462.5,466.4
1994-03-14,466.4,467.6,466.1,467.4
1994-03-15,467.4,469.0,466.0,467.0
1994-03-16,467.0,469.9,465.5,469.4
1994-03-17,469.4,471.1,468.6,470.9
1994-03-18,470.9,471.1,467.8,471.1
1994-03-21,471.1,471.1,467.2,468.5
1994-03-22,468.4,470.5,467.9,468.8
1994-03-23,468.9,470.4,468.5,468.5
1994-03-24,468.6,468.6,462.4,464.4
1994-03-25,464.4,465.3,460.6,460.6
1994-03-28,460.6,461.1,456.1,460.0
1994-03-29,460.0,460.3,452.4,452.5
1994-03-30,452.4,452.5,445.6,445.6
1994-03-31,445.6,447.2,436.2,445.8
1994-04-04,445.7,445.8,435.9,438.9
1994-04-05,439.1,448.3,438.9,448.3
1994-04-06,448.3,449.6,445.0,448.1
1994-04-07,448.1,451.1,446.4,450.9
1994-04-08,450.9,450.9,445.5,447.1
1994-04-11,447.1,450.3,447.1,449.9
1994-04-12,449.8,450.8,447.3,447.6
1994-04-13,447.6,448.6,442.6,446.3
1994-04-14,446.3,447.6,443.6,446.4
1994-04-15,446.4,447.9,445.8,446.2
1994-04-18,446.3,447.9,441.5,442.5
1994-04-19,442.5,444.8,438.8,442.5
1994-04-20,442.5,445.0,439.4,442.0
1994-04-21,442.0,449.1,442.0,448.7
1994-04-22,448.7,450.0,447.2,447.6
1994-04-25,447.6,452.7,447.6,452.7
1994-04-26,452.7,452.8,450.7,451.9
1994-04-28,451.8,452.2,448.0,449.1
1994-04-29,449.1,451.4,447.9,450.9
1994-05-02,450.9,453.6,449.1,453.0
1994-05-03,453.1,454.0,450.5,453.0
1994-05-04,453.0,453.1,449.9,451.7
1994-05-05,451.8,452.8,450.7,451.4
1994-05-06,451.4,451.4,445.6,447.8
1994-05-09,447.8,447.8,441.8,442.3
1994-05-10,442.4,446.8,442.3,446.0
1994-05-11,446.0,446.0,440.8,441.5
1994-05-12,441.5,444.8,441.5,443.8
1994-05-13,443.6,444.7,441.2,444.1
1994-05-16,444.1,445.8,443.6,444.5
1994-05-17,444.5,449.4,443.7,449.4
1994-05-18,449.4,454.4,448.9,453.7
1994-05-19,453.7,456.9,453.0,456.5
1994-05-20,456.5,456.5,454.2,454.9
1994-05-23,454.9,454.9,451.8,453.2
1994-05-24,453.2,456.8,453.2,454.8
1994-05-25,454.8,456.3,452.2,456.3
1994-05-26,456.3,457.8,455.8,457.1
1994-05-27,457.0,457.3,454.7,457.3
1994-05-31,457.3,457.6,455.2,456.5
1994-06-01,456.5,458.3,454.0,457.6
1994-06-02,457.6,458.5,457.3,457.6
1994-06-03,457.6,460.9,456.3,460.1
1994-06-06,460.1,461.9,458.9,458.9
1994-06-07,458.9,459.5,457.6,458.2
1994-06-08,458.2,459.7,455.4,457.1
1994-06-09,457.1,457.9,455.9,457.9
1994-06-10,457.9,459.5,457.4,458.7
1994-06-13,458.7,459.4,457.2,459.1
1994-06-14,459.1,462.5,459.1,462.4
1994-06-15,462.4,463.2,459.9,460.6
1994-06-16,460.6,461.9,459.8,461.9
1994-06-17,461.9,462.2,458.4,458.4
1994-06-20,458.4,458.4,454.5,455.5
1994-06-21,455.5,455.5,449.4,451.3
1994-06-22,451.4,453.9,451.3,453.1
1994-06-23,453.1,454.2,449.4,449.6
1994-06-24,449.6,449.6,442.5,442.8
1994-06-27,442.8,447.8,439.8,447.3
1994-06-28,447.4,448.5,443.1,446.1
1994-06-29,446.1,449.8,446.0,447.6
1994-06-30,447.6,448.6,443.7,444.3
1994-07-01,444.3,446.4,443.6,446.2
1994-07-05,446.2,447.6,445.1,446.4
1994-07-06,445.3,447.3,444.2,446.1
1994-07-07,446.1,448.6,446.1,448.4
1994-07-08,448.4,449.8,446.5,449.6
1994-07-11,449.6,450.2,445.3,448.1
1994-07-12,448.0,448.2,444.6,447.9
1994-07-13,448.0,450.1,447.9,448.7
1994-07-14,448.7,454.3,448.7,453.4
1994-07-15,453.4,454.3,452.8,454.2
1994-07-18,454.4,455.7,453.3,455.2
1994-07-19,455.2,455.3,453.9,453.9
1994-07-20,453.9,454.2,450.7,451.6
1994-07-21,451.6,453.2,451.0,452.6
1994-07-22,452.6,454.0,452.3,453.1
1994-07-25,453.1,454.3,452.8,454.2
1994-07-26,454.2,454.2,452.8,453.4
1994-07-27,453.4,453.4,451.4,452.6
1994-07-28,452.6,454.9,452.3,454.2
1994-07-29,454.2,459.3,454.2,458.3
1994-08-01,458.3,461.0,458.1,461.0
1994-08-02,461.0,462.8,459.7,460.6
1994-08-03,460.6,461.5,459.5,461.4
1994-08-04,461.4,461.5,458.4,458.4
1994-08-05,458.3,458.4,456.1,457.1
1994-08-08,457.1,458.3,457.0,457.9
1994-08-09,457.9,458.2,456.7,457.9
1994-08-10,458.0,460.5,457.9,460.3
1994-08-11,460.3,461.4,456.9,458.9
1994-08-12,458.9,462.3,458.9,461.9
1994-08-15,462.0,463.3,461.2,461.2
1994-08-16,461.2,465.2,459.9,465.0
1994-08-17,465.1,465.9,464.6,465.2
1994-08-18,465.1,465.2,462.3,463.2
1994-08-19,463.2,464.4,461.8,463.7
1994-08-22,463.6,463.7,461.5,462.3
1994-08-23,462.4,466.6,462.3,464.5
1994-08-24,464.5,469.1,464.5,469.0
1994-08-25,469.1,470.1,467.6,468.1
1994-08-26,468.1,474.6,468.1,473.8
1994-08-29,473.9,477.1,473.8,474.6
1994-08-30,474.6,476.6,473.6,476.1
1994-08-31,476.1,477.6,474.4,475.5
1994-09-01,475.5,475.5,471.7,473.2
1994-09-02,473.2,474.9,470.7,471.0
1994-09-06,471.0,471.9,469.6,471.9
1994-09-07,471.9,472.4,470.2,471.0
1994-09-08,471.0,473.4,470.9,473.1
1994-09-09,473.1,473.1,466.6,468.2
1994-09-12,468.2,468.4,466.1,466.2
1994-09-13,466.3,468.8,466.2,467.5
1994-09-14,467.6,468.9,466.8,468.8
1994-09-15,468.8,474.8,468.8,474.8
1994-09-16,474.8,474.8,470.1,471.2
1994-09-19,471.2,473.1,470.7,470.9
1994-09-20,470.8,470.9,463.4,463.4
1994-09-21,463.4,464.0,458.5,461.5
1994-09-22,461.4,463.2,461.0,461.3
1994-09-23,461.3,462.1,459.0,459.7
1994-09-26,459.6,460.9,459.3,460.8
1994-09-27,460.8,462.8,459.8,462.1
1994-09-28,462.1,465.6,462.1,464.8
1994-09-29,464.8,464.8,461.5,462.2
1994-09-30,462.3,465.3,461.9,462.7
1994-10-03,462.7,463.3,460.3,461.7
1994-10-04,461.8,462.5,454.0,454.6
1994-10-05,454.6,454.6,449.3,453.5
1994-10-06,453.5,454.5,452.1,452.4
1994-10-07,452.4,455.7,452.1,455.1
1994-10-10,455.1,459.3,455.1,459.0
1994-10-11,459.0,466.3,459.0,465.8
1994-10-12,465.8,466.7,464.8,465.5
1994-10-13,465.6,471.3,465.5,467.8
1994-10-14,467.8,469.5,466.1,469.1
1994-10-17,469.1,469.9,468.2,469.0
1994-10-18,469.0,469.2,466.5,467.7
1994-10-19,467.7,471.4,466.0,470.3
1994-10-20,470.4,470.4,465.4,466.9
1994-10-21,466.7,466.9,463.8,464.9
1994-10-24,464.9,466.4,460.8,460.8
1994-10-25,460.8,461.9,458.3,461.5
1994-10-26,461.6,463.8,461.2,462.6
1994-10-27,462.7,465.9,462.6,465.9
1994-10-28,465.8,473.8,465.8,473.8
1994-10-31,473.8,474.7,472.3,472.4
1994-11-01,472.3,472.3,467.6,468.4
1994-11-02,468.4,470.9,466.4,466.5
1994-11-03,466.5,468.6,466.4,467.9
1994-11-04,468.0,469.3,462.3,462.3
1994-11-07,462.3,463.6,461.2,463.1
1994-11-08,463.1,467.5,463.1,465.6
1994-11-09,465.6,469.9,463.4,465.4
1994-11-10,465.4,467.8,463.7,464.4
1994-11-11,464.2,464.4,461.4,462.4
1994-11-14,462.4,466.3,462.4,466.0
1994-11-15,466.0,468.5,462.9,465.0
1994-11-16,465.1,466.2,464.3,465.6
1994-11-17,465.7,465.8,461.5,463.6
1994-11-18,463.6,463.8,460.2,461.5
1994-11-21,461.7,463.4,457.6,458.3
1994-11-22,457.9,458.3,450.1,450.1
1994-11-23,450.0,450.6,444.2,449.9
1994-11-25,449.9,452.9,449.9,452.3
1994-11-28,452.3,454.2,451.0,454.2
1994-11-29,454.2,455.2,452.1,455.2
1994-11-30,455.2,457.1,453.3,453.7
1994-12-01,453.6,453.9,448.0,448.9
1994-12-02,448.9,453.3,448.0,453.3
1994-12-05,453.3,455.0,452.1,453.3
1994-12-06,453.3,453.9,450.4,453.1
1994-12-07,453.1,453.1,450.0,451.2
1994-12-08,451.2,452.1,444.6,445.4
1994-12-09,445.4,447.0,442.9,447.0
1994-12-12,446.9,449.5,445.6,449.5
1994-12-13,449.5,451.7,449.4,450.1
1994-12-14,450.1,456.2,450.1,455.0
1994-12-15,455.0,456.8,454.5,455.3
1994-12-16,455.4,458.8,455.3,458.8
1994-12-19,458.8,458.8,456.6,457.9
1994-12-20,458.1,458.4,456.4,457.1
1994-12-21,457.2,461.7,457.1,459.6
1994-12-22,459.6,461.2,459.3,459.7
1994-12-23,459.7,461.3,459.4,459.8
1994-12-27,459.9,462.7,459.8,462.5
1994-12-28,462.5,462.5,459.0,460.9
1994-12-29,460.9,461.8,460.4,461.2
1994-12-30,461.2,462.1,459.2,459.3
1995-01-03,459.2,459.3,457.2,459.1
1995-01-04,459.1,460.7,457.6,460.7
1995-01-05,460.7,461.3,459.8,460.3
1995-01-06,460.4,462.5,459.5,460.7
1995-01-09,460.7,461.8,459.7,460.8
1995-01-10,460.9,464.6,460.8,461.7
1995-01-11,461.7,463.6,458.6,461.7
1995-01-12,461.6,461.9,460.6,461.6
1995-01-13,461.6,466.4,461.6,466.0
1995-01-16,466.0,470.4,466.0,469.4
1995-01-17,469.4,470.1,468.2,470.1
1995-01-18,470.1,470.4,468.0,469.7
1995-01-19,469.7,469.7,466.4,466.9
1995-01-20,466.9,467.0,464.0,464.8
1995-01-23,464.8,466.2,461.1,465.8
1995-01-24,465.8,466.9,465.5,465.9
1995-01-25,465.9,469.5,464.4,467.4
1995-01-26,467.4,468.6,466.9,468.3
1995-01-27,468.3,471.4,468.3,470.4
1995-01-30,470.4,470.5,467.5,468.5
1995-01-31,468.5,471.0,468.2,470.4
1995-02-01,470.4,472.8,469.3,470.4
1995-02-02,470.4,472.8,469.9,472.8
1995-02-03,472.8,479.9,472.8,478.6
1995-02-06,478.6,481.9,478.4,481.1
1995-02-07,481.1,481.3,479.7,480.8
1995-02-08,480.8,482.6,480.4,481.2
1995-02-09,481.2,482.0,479.9,480.2
1995-02-10,480.2,482.0,479.5,481.5
1995-02-13,481.5,482.9,481.1,481.6
1995-02-14,481.6,482.9,480.9,482.6
1995-02-15,482.6,485.5,481.8,484.5
1995-02-16,484.6,485.2,483.1,485.2
1995-02-17,485.1,485.2,482.0,482.0
1995-02-21,482.0,483.3,482.0,482.7
1995-02-22,482.7,486.1,482.4,485.1
1995-02-23,485.1,489.2,485.1,486.9
1995-02-24,486.8,488.2,485.7,488.1
1995-02-27,487.5,488.1,483.2,483.8
1995-02-28,483.8,487.4,483.8,487.4
1995-03-01,487.4,487.8,484.9,485.6
1995-03-02,485.6,485.7,483.2,485.1
1995-03-03,485.1,485.4,483.1,485.4
1995-03-06,485.4,485.7,481.5,485.6
1995-03-07,485.6,485.6,479.7,482.1
1995-03-08,482.1,484.1,481.6,483.1
1995-03-09,483.1,483.7,482.1,483.2
1995-03-10,483.2,490.4,483.2,489.6
1995-03-13,489.6,491.3,489.4,490.1
1995-03-14,490.1,493.7,490.1,492.9
1995-03-15,492.9,492.9,490.8,491.9
1995-03-16,491.9,495.7,491.8,495.4
1995-03-17,495.4,496.7,494.9,495.5
1995-03-20,495.5,496.6,495.3,496.1
1995-03-21,496.1,499.2,494.0,495.1
1995-03-22,495.1,495.7,493.7,495.7
1995-03-23,495.7,496.8,494.2,495.9
1995-03-24,496.1,501.0,495.9,501.0
1995-03-27,501.0,503.2,500.9,503.2
1995-03-28,503.2,503.9,501.8,503.9
1995-03-29,503.9,508.1,501.0,503.1
1995-03-30,503.2,504.7,501.0,502.2
1995-03-31,501.9,502.2,495.7,500.7
1995-04-03,500.7,501.9,500.2,501.9
1995-04-04,501.9,505.3,501.8,505.2
1995-04-05,505.3,505.6,503.2,505.6
1995-04-06,505.6,507.1,505.0,506.1
1995-04-07,506.1,507.2,503.6,506.4
1995-04-10,506.3,507.0,504.6,507.0
1995-04-11,507.2,508.9,505.3,505.5
1995-04-12,505.6,507.2,505.1,507.2
1995-04-13,507.2,509.8,507.2,509.2
1995-04-17,507.2,512.0,505.4,506.1
1995-04-18,506.4,507.6,504.1,505.4
1995-04-19,505.4,505.9,501.2,504.9
1995-04-20,504.9,506.5,503.4,505.3
1995-04-21,505.6,508.5,505.3,508.5
1995-04-24,508.5,513.0,507.4,512.9
1995-04-25,512.8,513.5,511.3,512.1
1995-04-26,512.0,513.0,510.5,512.7
1995-04-27,512.7,513.6,511.6,513.5
1995-04-28,513.6,515.3,510.9,514.7
1995-05-01,514.8,515.6,513.4,514.3
1995-05-02,514.2,515.2,513.0,514.9
1995-05-03,514.9,520.5,514.9,520.5
1995-05-04,520.5,525.4,519.4,520.5
1995-05-05,520.8,522.4,518.3,520.1
1995-05-08,520.1,525.1,519.1,524.0
1995-05-09,524.0,526.0,521.8,523.6
1995-05-10,523.7,524.4,521.5,524.4
1995-05-11,524.3,524.9,522.7,524.4
1995-05-12,524.4,527.0,523.3,525.5
1995-05-15,525.5,527.7,525.0,527.7
1995-05-16,527.7,529.1,526.5,528.2
1995-05-17,528.2,528.4,525.4,527.1
1995-05-18,526.9,527.1,519.6,519.6
1995-05-19,519.6,519.6,517.1,519.2
1995-05-22,519.2,524.3,519.2,523.6
1995-05-23,523.6,528.6,523.6,528.6
1995-05-24,528.6,531.9,525.6,528.6
1995-05-25,528.4,529.0,524.9,528.6
1995-05-26,528.6,528.6,522.5,523.6
1995-05-30,523.6,525.6,521.4,523.6
1995-05-31,523.7,533.4,522.2,533.4
1995-06-01,533.4,534.2,530.0,533.5
1995-06-02,533.5,536.9,529.5,532.5
1995-06-05,532.5,537.7,532.5,535.6
1995-06-06,535.6,537.1,535.1,535.5
1995-06-07,535.5,535.5,531.7,533.1
1995-06-08,533.1,533.6,531.6,532.4
1995-06-09,532.4,532.4,526.0,527.9
1995-06-12,527.9,532.5,527.9,530.9
1995-06-13,530.9,536.2,530.9,536.0
1995-06-14,536.0,536.5,533.8,536.5
1995-06-15,536.5,539.1,535.6,537.1
1995-06-16,537.5,540.0,537.1,539.8
1995-06-19,539.8,545.2,539.8,545.2
1995-06-20,545.2,545.4,543.4,545.0
1995-06-21,545.0,545.9,543.9,544.0
1995-06-22,544.0,551.1,544.0,551.1
1995-06-23,551.1,551.1,548.2,549.7
1995-06-26,549.7,549.8,544.1,544.1
1995-06-27,544.1,547.1,542.2,542.4
1995-06-28,542.4,546.3,540.7,544.7
1995-06-29,544.7,546.2,540.8,543.9
1995-06-30,543.9,546.8,543.5,544.8
1995-07-03,544.8,547.1,544.4,547.1
1995-07-05,547.1,550.0,546.3,547.3
1995-07-06,547.3,554.0,546.6,554.0
1995-07-07,553.9,556.6,553.0,556.4
1995-07-10,556.4,558.5,555.8,557.2
1995-07-11,556.8,557.2,553.8,554.8
1995-07-12,555.3,561.6,554.3,560.9
1995-07-13,560.9,562.0,559.1,561.0
1995-07-14,561.0,561.0,556.4,559.9
1995-07-17,560.3,562.9,559.5,562.7
1995-07-18,562.5,562.7,556.9,558.5
1995-07-19,556.6,558.5,542.5,551.0
1995-07-20,551.0,554.4,549.1,553.5
1995-07-21,553.3,554.7,550.9,553.6
1995-07-24,553.6,557.2,553.6,556.6
1995-07-25,556.6,561.8,556.3,561.1
1995-07-26,561.1,563.8,560.9,561.6
1995-07-27,561.6,565.3,561.6,565.2
1995-07-28,565.2,565.4,562.0,562.9
1995-07-31,562.9,563.5,560.1,562.1
1995-08-01,562.1,562.1,556.7,559.6
1995-08-02,559.6,565.6,557.9,558.8
1995-08-03,558.8,558.8,554.1,558.8
1995-08-04,558.8,559.6,557.9,558.9
1995-08-07,558.9,561.2,558.9,560.0
1995-08-08,560.0,561.5,558.3,560.4
1995-08-09,560.4,561.6,559.3,559.7
1995-08-10,559.7,560.6,556.0,557.5
1995-08-11,557.5,558.5,553.0,555.1
1995-08-14,555.1,559.7,554.8,559.7
1995-08-15,559.7,560.0,555.2,558.6
1995-08-16,558.6,560.0,557.4,560.0
1995-08-17,560.0,560.0,557.4,559.0
1995-08-18,559.0,561.2,558.3,559.2
1995-08-21,559.2,563.3,557.9,558.1
1995-08-22,558.1,559.5,555.9,559.5
1995-08-23,559.5,560.0,557.1,557.1
1995-08-24,557.1,558.6,555.2,557.5
1995-08-25,557.5,561.3,557.5,560.1
1995-08-28,560.1,562.2,558.0,559.0
1995-08-29,559.0,560.0,555.7,560.0
1995-08-30,560.0,561.5,559.5,560.9
1995-08-31,561.1,562.4,560.5,561.9
1995-09-01,561.9,564.6,561.0,563.8
1995-09-05,563.8,569.2,563.8,569.2
1995-09-06,569.2,570.5,569.0,570.2
1995-09-07,570.2,571.1,569.2,570.3
1995-09-08,570.3,572.7,569.3,572.7
1995-09-11,572.7,575.1,572.7,573.9
1995-09-12,573.9,576.5,573.1,576.5
1995-09-13,576.5,579.7,575.5,578.8
1995-09-14,578.8,584.0,578.8,583.6
1995-09-15,583.6,585.1,581.8,583.4
1995-09-18,583.4,583.4,579.4,582.8
1995-09-19,582.8,584.2,580.8,584.2
1995-09-20,584.2,586.8,584.2,586.8
1995-09-21,586.8,586.8,580.9,583.0
1995-09-22,583.0,583.0,578.2,581.7
1995-09-25,581.7,582.1,579.5,581.8
1995-09-26,581.8,584.7,580.6,581.4
1995-09-27,581.4,581.4,574.7,581.0
1995-09-28,581.0,585.9,580.7,585.9
1995-09-29,585.9,587.6,584.0,584.4
1995-10-02,584.4,585.0,580.5,581.7
1995-10-03,581.7,582.3,578.5,582.3
1995-10-04,582.3,582.3,579.9,581.5
1995-10-05,581.5,582.6,579.6,582.6
1995-10-06,582.6,584.5,582.1,582.5
1995-10-09,582.5,582.5,576.4,578.4
1995-10-10,578.4,578.4,571.5,577.5
1995-10-11,577.5,579.5,577.1,579.5
1995-10-12,579.5,583.1,579.5,583.1
1995-10-13,583.1,587.4,583.1,584.5
1995-10-16,584.5,584.9,582.6,583.0
1995-10-17,583.0,586.8,581.9,586.8
1995-10-18,586.8,589.8,586.3,587.4
1995-10-19,587.4,590.7,586.3,590.6
1995-10-20,590.6,590.7,586.8,587.5
1995-10-23,587.5,587.5,583.7,585.1
1995-10-24,585.1,587.3,584.8,586.5
1995-10-25,586.5,587.2,581.4,582.5
1995-10-26,582.5,582.6,572.5,576.7
1995-10-27,576.7,579.7,573.2,579.7
1995-10-30,579.7,583.8,579.7,583.2
1995-10-31,583.2,586.7,581.5,581.5
1995-11-01,581.5,584.2,581.0,584.2
1995-11-02,584.2,589.7,584.2,589.7
1995-11-03,589.7,590.6,588.6,590.6
1995-11-06,590.6,590.6,588.3,588.5
1995-11-07,588.5,588.5,584.2,586.3
1995-11-08,586.3,591.7,586.3,591.7
1995-11-09,591.7,593.9,590.9,593.3
1995-11-10,593.3,593.3,590.4,592.7
1995-11-13,592.7,593.7,590.6,592.3
1995-11-14,592.3,592.3,589.0,589.3
1995-11-15,589.3,594.0,588.4,594.0
1995-11-16,594.0,597.9,593.5,597.3
1995-11-17,597.3,600.1,597.3,600.1
1995-11-20,600.1,600.4,596.2,596.9
1995-11-21,596.9,600.3,595.4,600.2
1995-11-22,600.2,600.7,598.4,598.4
1995-11-24,598.4,600.2,598.4,600.0
1995-11-27,600.0,603.4,600.0,601.3
1995-11-28,601.3,606.5,599.0,606.5
1995-11-29,606.5,607.7,605.5,607.6
1995-11-30,607.6,608.7,605.4,605.4
1995-12-01,605.4,608.1,605.4,607.0
1995-12-04,607.0,613.8,606.8,613.7
1995-12-05,613.7,618.5,613.1,617.7
1995-12-06,617.7,621.1,616.7,620.2
1995-12-07,620.2,620.2,615.2,616.2
1995-12-08,616.2,617.8,614.3,617.5
1995-12-11,617.5,620.9,617.1,619.5
1995-12-12,619.5,619.5,617.7,618.8
1995-12-13,618.8,622.0,618.3,621.7
1995-12-14,621.7,622.9,616.1,616.9
1995-12-15,616.9,617.7,614.5,616.3
1995-12-18,616.3,616.3,606.1,606.8
1995-12-19,606.8,611.9,605.0,611.9
1995-12-20,611.9,614.3,605.9,605.9
1995-12-21,605.9,610.5,605.9,610.5
1995-12-22,610.5,613.5,610.5,612.0
1995-12-26,612.0,614.5,612.0,614.3
1995-12-27,614.3,615.7,613.8,614.5
1995-12-28,614.5,615.5,612.4,614.1
1995-12-29,614.1,615.9,612.4,615.9
1996-01-02,615.9,620.7,613.2,620.7
1996-01-03,620.7,623.2,619.6,621.3
1996-01-04,621.3,624.5,614.0,617.7
1996-01-05,617.7,617.7,612.0,616.7
1996-01-08,616.7,618.5,616.5,618.5
1996-01-09,618.5,619.1,608.2,609.5
1996-01-10,609.5,609.5,597.3,598.5
1996-01-11,598.5,602.7,597.5,602.7
1996-01-12,602.7,604.8,597.5,601.8
1996-01-15,601.8,603.4,598.5,599.8
1996-01-16,599.8,608.4,599.0,608.4
1996-01-17,608.4,609.9,604.7,606.4
1996-01-18,606.4,608.3,604.1,608.2
1996-01-19,608.2,612.9,606.8,611.8
1996-01-22,611.8,613.5,611.0,613.4
1996-01-23,613.4,613.4,610.6,612.8
1996-01-24,612.8,620.0,612.8,620.0
1996-01-25,620.0,620.1,616.6,617.0
1996-01-26,617.0,621.7,615.3,621.6
1996-01-29,621.6,624.2,621.4,624.2
1996-01-30,624.2,630.3,624.2,630.1
1996-01-31,630.1,636.2,629.5,636.0
1996-02-01,636.0,638.5,634.5,638.5
1996-02-02,638.5,639.3,634.3,635.8
1996-02-05,635.8,641.4,633.7,641.4
1996-02-06,641.4,646.7,639.7,646.3
1996-02-07,646.3,649.9,645.6,649.9
1996-02-08,649.9,656.5,647.9,656.1
1996-02-09,656.1,661.1,653.6,656.4
1996-02-12,656.4,663.0,656.3,661.5
1996-02-13,661.5,664.2,657.9,660.5
1996-02-14,660.5,661.5,654.4,655.6
1996-02-15,655.6,656.8,651.1,651.3
1996-02-16,651.3,651.4,647.0,648.0
1996-02-20,648.0,648.0,638.8,640.6
1996-02-21,640.6,648.1,640.6,648.1
1996-02-22,648.1,659.8,648.1,658.9
1996-02-23,658.9,663.0,652.2,659.1
1996-02-26,659.1,659.1,650.2,650.5
1996-02-27,650.5,650.6,643.9,647.2
1996-02-28,647.2,654.4,644.0,644.8
1996-02-29,644.8,647.0,639.0,640.4
1996-03-01,640.4,644.4,635.0,644.4
1996-03-04,644.4,653.5,644.4,650.8
1996-03-05,650.8,655.8,648.8,655.8
1996-03-06,655.8,657.0,651.6,652.0
1996-03-07,652.0,653.6,649.5,653.6
1996-03-08,653.6,653.6,627.6,633.5
1996-03-11,633.5,640.4,630.0,640.0
1996-03-12,640.0,640.0,628.8,637.1
1996-03-13,637.1,640.5,635.2,638.5
1996-03-14,638.5,644.2,638.5,640.9
1996-03-15,640.9,642.9,638.4,641.4
1996-03-18,641.4,652.6,641.4,652.6
1996-03-19,652.6,656.2,649.8,651.7
1996-03-20,651.7,653.1,645.6,650.0
1996-03-21,650.0,651.5,648.1,649.2
1996-03-22,649.2,652.1,649.2,650.6
1996-03-25,650.6,655.5,648.8,650.0
1996-03-26,650.0,654.3,648.1,653.0
1996-03-27,653.0,653.9,647.6,648.9
1996-03-28,648.9,649.6,646.4,648.9
1996-03-29,648.9,651.0,644.9,645.5
1996-04-01,645.5,653.9,645.5,653.7
1996-04-02,653.7,655.3,652.8,655.3
1996-04-03,655.3,655.9,651.8,655.9
1996-04-04,655.9,656.7,654.9,655.9
1996-04-08,655.9,655.9,638.0,644.2
1996-04-09,644.2,646.3,640.8,642.2
1996-04-10,642.2,642.8,631.8,633.5
1996-04-11,633.5,635.3,624.1,631.2
1996-04-12,631.2,637.1,631.2,636.7
1996-04-15,636.7,642.5,636.7,642.5
1996-04-16,642.5,645.6,642.1,645.0
1996-04-17,645.0,645.0,638.7,641.6
1996-04-18,641.6,644.7,640.8,643.6
1996-04-19,643.6,647.3,643.6,645.1
1996-04-22,645.1,650.9,645.1,647.9
1996-04-23,647.9,651.6,647.7,651.6
1996-04-24,651.6,653.4,648.2,650.2
1996-04-25,650.2,654.2,647.1,652.9
1996-04-26,652.9,656.4,652.0,653.5
1996-04-29,653.5,654.7,651.6,654.2
1996-04-30,654.2,654.6,651.0,654.2
1996-05-01,654.2,656.4,652.3,654.6
1996-05-02,654.6,654.6,642.1,643.4
1996-05-03,643.4,648.5,640.2,641.6
1996-05-06,641.6,644.6,636.2,640.8
1996-05-07,640.8,641.4,637.0,638.3
1996-05-08,638.3,644.8,630.1,644.8
1996-05-09,644.8,648.0,643.2,645.4
1996-05-10,645.4,653.0,645.4,652.1
1996-05-13,652.1,662.2,652.1,661.5
1996-05-14,661.5,667.0,661.5,665.6
1996-05-15,665.6,669.8,664.5,665.4
1996-05-16,665.4,667.1,662.8,664.9
1996-05-17,664.9,669.8,664.9,668.9
1996-05-20,668.9,673.7,667.6,673.1
1996-05-21,673.1,675.6,672.3,672.8
1996-05-22,672.8,678.4,671.2,678.4
1996-05-23,678.4,681.1,673.5,676.0
1996-05-24,676.0,679.7,676.0,678.5
1996-05-28,678.5,680.0,671.5,672.2
1996-05-29,672.2,673.7,666.1,667.9
1996-05-30,667.9,673.5,664.6,671.7
1996-05-31,671.7,673.5,667.0,669.1
1996-06-03,669.1,669.1,665.2,667.7
1996-06-04,667.7,672.6,667.7,672.6
1996-06-05,672.6,678.5,672.1,678.4
1996-06-06,678.4,680.3,673.0,673.0
1996-06-07,673.0,673.3,662.5,673.3
1996-06-10,673.3,673.6,670.1,672.2
1996-06-11,672.2,676.7,669.9,671.0
1996-06-12,671.0,673.7,668.8,669.0
1996-06-13,669.0,670.5,665.5,667.9
1996-06-14,667.9,668.4,664.4,665.9
1996-06-17,665.9,668.3,664.1,665.2
1996-06-18,665.2,666.4,661.3,662.1
1996-06-19,662.1,665.6,661.2,662.0
1996-06-20,662.0,665.0,658.8,662.1
1996-06-21,662.1,666.8,662.1,666.8
1996-06-24,666.8,671.1,666.8,668.9
1996-06-25,668.9,670.6,667.3,668.5
1996-06-26,668.5,668.5,663.7,664.4
1996-06-27,664.4,668.9,661.6,668.5
1996-06-28,668.5,672.7,668.5,670.6
1996-07-01,670.6,675.9,670.6,675.9
1996-07-02,675.9,675.9,672.5,673.6
1996-07-03,673.6,673.6,670.2,672.4
1996-07-05,672.4,672.4,657.4,657.4
1996-07-08,657.4,657.6,651.1,652.5
1996-07-09,652.5,656.6,652.5,654.8
1996-07-10,654.8,656.3,648.4,656.1
1996-07-11,656.1,656.1,639.5,645.7
1996-07-12,645.7,647.6,640.2,646.2
1996-07-15,646.2,646.2,629.7,629.8
1996-07-16,629.8,632.0,605.9,628.4
1996-07-17,628.4,636.6,628.4,634.1
1996-07-18,634.1,644.4,633.3,643.6
1996-07-19,643.5,643.5,635.5,638.7
1996-07-22,638.7,638.7,630.4,633.8
1996-07-23,633.8,637.7,625.6,626.9
1996-07-24,626.2,629.1,616.4,626.6
1996-07-25,626.6,633.6,626.6,631.2
1996-07-26,631.2,636.2,631.2,635.9
1996-07-29,635.9,635.9,630.9,630.9
1996-07-30,630.9,635.3,629.2,635.3
1996-07-31,635.3,640.5,633.7,640.0
1996-08-01,640.0,650.7,639.5,650.0
1996-08-02,650.0,662.5,650.0,662.5
1996-08-05,662.5,663.6,659.0,660.2
1996-08-06,660.2,662.8,656.8,662.4
1996-08-07,662.4,664.6,660.0,664.2
1996-08-08,664.2,664.2,661.3,662.6
1996-08-09,662.6,665.4,660.3,662.1
1996-08-12,662.1,665.8,659.0,665.8
1996-08-13,665.8,665.8,659.1,660.2
1996-08-14,660.2,662.4,658.5,662.0
1996-08-15,662.0,664.2,660.6,662.3
1996-08-16,662.3,666.3,662.3,665.2
1996-08-19,665.2,667.1,665.0,666.6
1996-08-20,666.6,667.0,665.1,665.7
1996-08-21,665.7,665.7,662.2,665.1
1996-08-22,665.1,670.7,664.9,670.7
1996-08-23,670.7,670.7,664.9,667.0
1996-08-26,667.0,667.0,662.4,663.9
1996-08-27,663.9,666.4,663.5,666.4
1996-08-28,666.4,667.4,664.4,664.8
1996-08-29,664.8,664.8,655.4,657.4
1996-08-30,657.4,657.7,650.5,652.0
1996-09-03,652.0,655.1,644.0,654.7
1996-09-04,654.7,655.8,652.9,655.6
1996-09-05,655.6,655.6,648.9,649.4
1996-09-06,649.4,658.2,649.4,655.7
1996-09-09,655.7,663.8,655.7,663.8
1996-09-10,663.8,665.6,661.5,663.8
1996-09-11,663.8,667.7,661.8,667.3
1996-09-12,667.3,673.1,667.3,671.1
1996-09-13,671.1,681.4,671.1,680.5
1996-09-16,680.5,686.5,680.5,684.0
1996-09-17,684.0,685.8,680.0,682.9
1996-09-18,682.9,683.8,679.8,681.5
1996-09-19,681.5,684.1,679.1,683.0
1996-09-20,683.0,687.1,683.0,687.0
1996-09-23,687.0,687.0,681.0,686.5
1996-09-24,686.5,690.9,683.5,685.6
1996-09-25,685.6,688.3,684.9,685.8
1996-09-26,685.8,690.1,683.8,685.9
1996-09-27,685.9,687.1,683.7,686.2
1996-09-30,686.2,690.1,686.0,687.3
1996-10-01,687.3,689.5,684.4,689.1
1996-10-02,689.1,694.8,689.1,694.0
1996-10-03,694.0,694.8,691.8,692.8
1996-10-04,692.8,701.7,692.8,701.5
1996-10-07,701.5,704.2,701.4,703.3
1996-10-08,703.3,705.8,699.9,700.6
1996-10-09,700.6,702.4,694.4,696.7
1996-10-10,696.7,696.8,693.3,694.6
1996-10-11,694.6,700.7,694.6,700.7
1996-10-14,700.7,705.2,700.7,703.5
1996-10-15,703.5,708.1,699.1,702.6
1996-10-16,702.6,704.4,699.1,704.4
1996-10-17,705.0,708.5,704.4,707.0
1996-10-18,707.0,711.0,706.1,710.8
1996-10-21,710.8,714.1,707.7,709.9
1996-10-22,709.9,709.9,704.5,706.6
1996-10-23,706.6,707.3,701.0,707.3
1996-10-24,707.3,708.2,702.1,702.3
1996-10-25,702.3,704.1,700.5,700.9
1996-10-28,700.9,705.4,697.2,697.3
1996-10-29,697.3,703.2,696.2,701.5
1996-10-30,701.5,703.4,700.0,700.9
1996-10-31,700.9,706.6,700.4,705.3
1996-11-01,705.3,708.6,701.3,703.8
1996-11-04,703.8,707.0,702.8,706.7
1996-11-05,706.7,714.6,706.7,714.1
1996-11-06,714.1,724.6,712.8,724.6
1996-11-07,724.6,729.5,722.2,727.6
1996-11-08,727.6,730.8,725.2,730.8
1996-11-11,730.8,732.6,729.9,731.9
1996-11-12,731.9,733.0,728.2,729.6
1996-11-13,729.6,732.1,728.0,731.1
1996-11-14,731.1,736.0,729.2,735.9
1996-11-15,735.9,741.9,735.1,737.6
1996-11-18,737.6,739.2,734.4,737.0
1996-11-19,737.0,742.2,736.9,742.2
1996-11-20,742.2,747.0,740.4,744.0
1996-11-21,744.0,745.2,741.1,742.8
1996-11-22,742.8,748.7,742.8,748.7
1996-11-25,748.7,757.0,748.0,757.0
1996-11-26,757.0,762.1,752.8,756.0
1996-11-27,756.0,757.3,753.2,755.0
1996-11-29,755.0,758.3,755.0,757.0
1996-12-02,757.0,757.0,751.5,756.6
1996-12-03,756.6,761.8,747.6,748.3
1996-12-04,748.3,748.4,738.5,745.1
1996-12-05,745.1,747.6,742.6,744.4
1996-12-06,744.4,744.4,726.9,739.6
1996-12-09,739.6,749.8,739.6,749.8
1996-12-10,749.8,753.4,747.0,747.5
1996-12-11,747.5,747.5,732.8,740.7
1996-12-12,740.7,744.9,729.3,729.3
1996-12-13,729.3,736.2,719.0,728.6
1996-12-16,728.6,732.7,719.4,721.0
1996-12-17,721.0,727.7,716.7,726.0
1996-12-18,726.0,732.8,726.0,731.5
1996-12-19,731.5,746.1,731.5,745.8
1996-12-20,745.8,755.4,745.8,748.9
1996-12-23,748.9,750.4,743.3,746.9
1996-12-24,746.9,751.0,746.9,751.0
1996-12-26,751.0,757.1,751.0,755.8
1996-12-27,755.8,758.8,754.8,756.8
1996-12-30,756.8,759.2,752.7,753.9
1996-12-31,753.9,754.0,740.7,740.7
1997-01-02,740.7,742.8,729.5,737.0
1997-01-03,737.0,748.2,737.0,748.0
1997-01-06,748.0,753.3,743.8,747.6
1997-01-07,747.6,753.3,742.2,753.2
1997-01-08,753.2,755.7,747.7,748.4
1997-01-09,748.4,757.7,748.4,754.9
1997-01-10,754.9,759.6,746.9,759.5
1997-01-13,759.5,762.9,756.7,759.5
1997-01-14,759.5,772.0,759.5,768.9
1997-01-15,768.9,771.0,763.7,767.2
1997-01-16,767.2,772.0,765.2,769.8
1997-01-17,769.8,776.4,769.7,776.2
1997-01-20,776.2,780.1,774.2,776.7
1997-01-21,776.7,783.7,772.0,782.7
1997-01-22,782.7,786.2,779.6,786.2
1997-01-23,786.2,794.7,776.6,777.6
1997-01-24,777.6,778.2,768.2,770.5
1997-01-27,770.5,771.4,764.2,765.0
1997-01-28,765.0,776.3,761.8,765.0
1997-01-29,765.0,772.7,765.0,772.5
1997-01-30,772.5,784.2,772.5,784.2
1997-01-31,784.2,791.9,784.2,786.2
1997-02-03,786.2,787.1,783.1,786.7
1997-02-04,786.7,789.3,783.7,789.3
1997-02-05,789.3,792.7,773.4,778.3
1997-02-06,778.3,780.4,774.5,780.1
1997-02-07,780.1,789.7,778.2,789.6
1997-02-10,789.6,793.5,784.7,785.4
1997-02-11,785.4,789.6,781.0,789.6
1997-02-12,789.6,802.8,789.6,802.8
1997-02-13,802.8,812.9,802.8,811.8
1997-02-14,811.8,812.2,808.1,808.5
1997-02-18,808.5,816.3,806.3,816.3
1997-02-19,816.3,817.7,811.2,812.5
1997-02-20,812.5,812.5,800.4,802.8
1997-02-21,802.8,804.9,800.0,801.8
1997-02-24,801.8,810.6,798.4,810.3
1997-02-25,810.3,812.9,807.6,812.1
1997-02-26,812.1,812.7,798.1,805.7
1997-02-27,805.7,805.7,795.1,795.1
1997-02-28,795.1,795.7,788.5,790.8
1997-03-03,790.8,795.3,785.7,795.3
1997-03-04,795.3,798.9,790.0,791.0
1997-03-05,791.0,802.0,791.0,802.0
1997-03-06,802.0,804.1,797.5,798.6
1997-03-07,798.6,808.2,798.6,805.0
1997-03-10,805.0,813.7,803.7,813.6
1997-03-11,813.6,814.9,810.8,811.3
1997-03-12,811.3,811.3,801.1,804.3
1997-03-13,804.3,804.3,789.4,789.6
1997-03-14,789.6,796.9,789.6,793.2
1997-03-17,793.2,796.3,783.0,795.7
1997-03-18,795.7,797.2,785.5,789.7
1997-03-19,789.7,791.6,780.0,785.8
1997-03-20,785.8,786.3,778.0,782.6
1997-03-21,782.6,786.4,782.6,784.1
1997-03-24,784.1,791.0,780.8,790.9
1997-03-25,790.9,798.1,788.4,789.1
1997-03-26,789.1,794.9,786.8,790.5
1997-03-27,790.5,792.6,767.3,773.9
1997-03-31,773.9,773.9,756.1,757.1
1997-04-01,757.1,761.5,751.3,759.6
1997-04-02,759.6,759.6,747.6,750.1
1997-04-03,750.1,751.0,744.4,750.3
1997-04-04,750.3,757.9,744.0,757.9
1997-04-07,757.9,764.8,757.9,762.1
1997-04-08,762.1,766.2,758.4,766.1
1997-04-09,766.1,769.5,759.1,760.6
1997-04-10,760.6,763.7,757.6,758.3
1997-04-11,758.3,758.3,737.6,737.6
1997-04-14,737.6,743.7,733.5,743.7
1997-04-15,743.7,754.7,743.7,754.7
1997-04-16,754.7,763.5,752.0,763.5
1997-04-17,763.5,768.5,760.5,761.8
1997-04-18,761.8,767.9,761.8,766.3
1997-04-21,766.3,767.4,756.4,760.4
1997-04-22,760.4,774.6,759.9,774.6
1997-04-23,774.6,778.2,771.9,773.6
1997-04-24,773.6,779.9,769.7,771.2
1997-04-25,771.2,771.2,764.6,765.4
1997-04-28,765.4,773.9,763.3,773.0
1997-04-29,773.0,794.4,773.0,794.0
1997-04-30,794.0,804.1,791.2,801.3
1997-05-01,801.3,803.0,793.2,798.5
1997-05-02,798.5,813.0,798.5,813.0
1997-05-05,813.0,830.3,811.8,830.2
1997-05-06,830.2,832.3,824.7,827.8
1997-05-07,827.8,827.8,814.7,815.6
1997-05-08,815.6,829.1,811.8,820.3
1997-05-09,820.3,827.7,815.8,824.8
1997-05-12,824.8,838.6,824.8,837.7
1997-05-13,837.7,838.5,829.1,833.1
1997-05-14,833.1,841.3,833.1,836.0
1997-05-15,836.0,842.5,833.3,841.9
1997-05-16,841.9,841.9,829.1,829.8
1997-05-19,829.8,835.9,828.9,833.3
1997-05-20,833.3,842.0,826.4,841.7
1997-05-21,841.7,846.9,835.2,839.4
1997-05-22,839.4,841.9,833.9,835.7
1997-05-23,835.7,848.5,835.7,847.0
1997-05-27,847.0,851.5,841.0,849.7
1997-05-28,849.7,851.0,843.2,847.2
1997-05-29,847.2,849.0,842.6,844.1
1997-05-30,844.1,851.9,831.9,848.3
1997-06-02,848.3,851.3,844.6,846.4
1997-06-03,846.4,850.6,841.5,845.5
1997-06-04,845.5,845.5,838.8,840.1
1997-06-05,840.1,848.9,840.1,843.4
1997-06-06,843.4,859.2,843.4,858.0
1997-06-09,858.0,865.1,858.0,862.9
1997-06-10,862.9,870.0,862.2,865.3
1997-06-11,865.3,870.7,865.1,869.6
1997-06-12,869.6,884.3,869.0,883.5
1997-06-13,883.5,894.7,883.5,893.3
1997-06-16,893.3,895.2,891.2,893.9
1997-06-17,893.9,897.6,886.2,894.4
1997-06-18,894.4,894.4,887.0,889.1
1997-06-19,889.1,900.1,889.0,898.0
1997-06-20,898.0,901.8,897.8,898.7
1997-06-23,898.7,898.7,878.4,878.6
1997-06-24,878.6,896.8,878.6,896.3
1997-06-25,896.3,902.1,882.2,889.0
1997-06-26,889.0,893.2,879.3,883.7
1997-06-27,883.7,894.7,883.7,887.3
1997-06-30,887.3,892.6,879.8,885.1
1997-07-01,885.1,893.9,884.5,891.0
1997-07-02,891.0,904.0,891.0,904.0
1997-07-03,904.0,917.8,904.0,916.9
1997-07-07,916.9,923.3,909.7,912.2
1997-07-08,912.2,918.8,911.6,918.8
1997-07-09,918.8,922.0,902.5,907.5
1997-07-10,907.5,916.5,904.3,913.8
1997-07-11,913.8,919.7,913.1,916.7
1997-07-14,916.7,921.8,912.0,918.4
1997-07-15,918.4,926.1,914.5,925.8
1997-07-16,925.8,939.3,925.8,936.6
1997-07-17,936.6,937.0,927.9,931.6
1997-07-18,931.6,931.6,912.9,915.3
1997-07-21,915.3,915.4,907.1,912.9
1997-07-22,912.9,934.4,912.9,934.0
1997-07-23,934.0,941.8,934.0,936.6
1997-07-24,936.6,941.5,926.9,940.3
1997-07-25,940.3,945.6,936.1,938.8
1997-07-28,938.8,943.0,935.2,936.5
1997-07-29,936.5,943.0,932.6,942.3
1997-07-30,942.3,954.0,942.0,952.3
1997-07-31,952.3,957.7,948.9,954.3
1997-08-01,954.3,955.3,939.0,947.1
1997-08-04,947.1,953.2,943.6,950.3
1997-08-05,950.3,954.2,948.9,952.4
1997-08-06,952.4,962.4,949.5,960.3
1997-08-07,960.3,964.2,950.9,951.2
1997-08-08,951.2,951.2,925.7,933.5
1997-08-11,933.5,938.5,925.4,937.0
1997-08-12,937.0,943.0,925.7,926.5
1997-08-13,926.5,935.8,916.5,922.0
1997-08-14,922.0,930.1,916.9,924.8
1997-08-15,924.8,924.8,900.8,900.8
1997-08-18,900.8,912.6,893.3,912.5
1997-08-19,912.5,926.0,912.5,926.0
1997-08-20,926.0,939.4,924.6,939.4
1997-08-21,939.4,939.5,921.4,925.0
1997-08-22,925.0,925.0,905.4,923.5
1997-08-25,923.5,930.9,917.3,920.2
1997-08-26,920.2,922.5,911.7,913.0
1997-08-27,913.0,916.2,903.8,913.7
1997-08-28,913.7,915.9,898.6,903.7
1997-08-29,903.7,907.3,896.8,899.5
1997-09-02,899.5,927.6,899.5,927.6
1997-09-03,927.6,935.9,926.9,927.9
1997-09-04,927.9,933.4,925.6,930.9
1997-09-05,930.9,940.4,924.0,929.0
1997-09-08,929.0,936.5,929.0,931.2
1997-09-09,931.2,938.9,927.3,933.6
1997-09-10,933.6,933.6,918.8,919.0
1997-09-11,919.0,919.0,902.6,912.6
1997-09-12,912.6,925.0,906.7,923.9
1997-09-15,923.9,928.9,919.4,919.8
1997-09-16,919.8,947.7,919.8,945.6
1997-09-17,945.6,950.3,942.0,943.0
1997-09-18,943.0,958.2,943.0,947.3
1997-09-19,947.3,952.4,943.9,950.5
1997-09-22,950.5,960.6,950.5,955.4
1997-09-23,955.4,955.8,948.1,951.9
1997-09-24,951.9,959.8,944.1,944.5
1997-09-25,944.5,947.0,937.4,937.9
1997-09-26,937.9,946.4,937.9,945.2
1997-09-29,945.2,954.0,941.9,953.3
1997-09-30,953.3,955.2,947.3,947.3
1997-10-01,950.9,956.7,948.0,955.4
1997-10-02,955.4,960.5,952.9,960.5
1997-10-03,960.5,975.5,955.1,965.0
1997-10-06,965.0,974.2,965.0,972.7
1997-10-07,972.7,983.1,972.0,983.1
1997-10-08,983.1,983.1,968.6,973.8
1997-10-09,973.8,974.7,963.3,970.6
1997-10-10,970.6,970.6,963.4,967.0
1997-10-13,967.0,973.5,967.0,968.1
1997-10-14,968.1,972.9,961.9,970.3
1997-10-15,970.3,970.3,962.8,965.7
1997-10-16,965.7,973.4,950.8,955.2
1997-10-17,955.2,955.2,931.6,944.2
1997-10-20,944.2,955.7,941.4,955.6
1997-10-21,955.6,972.6,955.6,972.3
1997-10-22,972.3,972.6,965.7,968.5
1997-10-23,968.5,968.5,944.2,950.7
1997-10-24,950.7,960.0,937.5,941.6
1997-10-27,941.6,941.6,876.7,877.0
1997-10-28,877.0,923.1,855.3,921.9
1997-10-29,921.9,935.2,913.9,919.2
1997-10-30,919.2,923.3,903.7,903.7
1997-10-31,903.7,919.9,903.7,914.6
1997-11-03,914.6,939.0,914.6,939.0
1997-11-04,939.0,941.4,932.7,940.8
1997-11-05,940.8,949.6,938.2,942.8
1997-11-06,942.8,942.9,934.2,938.0
1997-11-07,938.0,938.0,915.4,927.5
1997-11-10,927.5,935.9,920.3,921.1
1997-11-11,921.1,928.3,919.6,923.8
1997-11-12,923.8,923.9,905.3,906.0
1997-11-13,906.0,917.8,900.6,916.7
1997-11-14,916.7,930.4,915.3,928.4
1997-11-17,928.4,949.7,928.4,946.2
1997-11-18,946.2,947.6,937.4,938.2
1997-11-19,938.2,947.3,934.8,944.6
1997-11-20,944.6,961.8,944.6,959.0
1997-11-21,959.0,964.5,954.6,963.1
1997-11-24,963.1,963.1,945.2,946.7
1997-11-25,951.2,954.5,944.7,950.8
1997-11-26,950.8,956.5,950.8,951.6
1997-11-28,951.6,959.1,951.6,955.4
1997-12-01,955.4,974.8,955.4,974.8
1997-12-02,974.8,976.2,969.8,971.7
1997-12-03,971.7,980.8,966.2,976.8
1997-12-04,976.8,983.4,971.4,973.1
1997-12-05,973.1,986.2,969.1,983.8
1997-12-08,983.8,985.7,979.6,982.4
1997-12-09,982.4,982.4,973.8,975.8
1997-12-10,975.8,975.8,962.7,969.8
1997-12-11,969.8,969.8,951.9,954.9
1997-12-12,954.9,961.3,947.0,953.4
1997-12-15,953.4,966.0,953.4,963.4
1997-12-16,963.4,973.0,963.4,968.0
1997-12-17,968.0,974.3,964.2,965.5
1997-12-18,965.5,965.5,950.5,955.3
1997-12-19,955.3,955.3,924.9,946.8
1997-12-22,946.8,956.7,946.2,953.7
1997-12-23,953.7,954.5,938.9,939.1
1997-12-24,939.1,942.9,932.7,932.7
1997-12-26,932.7,940.0,932.7,936.5
1997-12-29,936.5,954.0,936.5,953.4
1997-12-30,953.4,970.8,953.4,970.8
1997-12-31,970.8,975.0,967.4,970.4
1998-01-02,970.4,975.0,965.7,975.0
1998-01-05,975.0,982.6,969.0,977.1
1998-01-06,977.1,977.1,962.7,966.6
1998-01-07,966.6,966.6,952.7,964.0
1998-01-08,964.0,964.0,955.0,956.0
1998-01-09,956.0,956.0,921.7,927.7
1998-01-12,927.7,939.2,912.8,939.2
1998-01-13,939.2,952.1,939.2,952.1
1998-01-14,952.1,958.1,948.0,957.9
1998-01-15,957.9,957.9,950.3,950.7
1998-01-16,950.7,965.1,950.7,961.5
1998-01-20,961.5,978.6,961.5,978.6
1998-01-21,978.6,978.6,963.3,970.8
1998-01-22,970.8,970.8,959.5,963.0
1998-01-23,963.0,966.4,950.9,957.6
1998-01-26,957.6,963.0,954.2,957.0
1998-01-27,957.0,973.2,956.3,969.0
1998-01-28,969.0,978.6,969.0,977.5
1998-01-29,977.5,992.6,975.2,985.5
1998-01-30,985.5,987.4,979.6,980.3
1998-02-02,980.3,1002.5,980.3,1001.3
1998-02-03,1001.3,1006.1,996.9,1006.0
1998-02-04,1006.0,1009.5,999.4,1006.9
1998-02-05,1006.9,1013.5,1000.3,1003.5
1998-02-06,1003.5,1013.1,1003.4,1012.5
1998-02-09,1012.5,1015.3,1006.3,1010.7
1998-02-10,1010.7,1022.1,1010.7,1019.0
1998-02-11,1019.0,1020.7,1016.4,1020.0
1998-02-12,1020.0,1026.3,1008.5,1024.1
1998-02-13,1024.1,1024.1,1017.7,1020.1
1998-02-17,1020.1,1028.0,1020.1,1022.8
1998-02-18,1022.8,1032.1,1021.7,1032.1
1998-02-19,1032.1,1032.9,1026.6,1028.3
1998-02-20,1028.3,1034.2,1022.7,1034.2
1998-02-23,1034.2,1038.7,1031.8,1038.1
1998-02-24,1038.1,1038.7,1028.9,1030.6
1998-02-25,1030.6,1045.8,1030.6,1042.9
1998-02-26,1042.9,1048.7,1039.8,1048.7
1998-02-27,1048.7,1051.7,1044.4,1049.3
1998-03-02,1049.3,1054.0,1044.7,1047.7
1998-03-03,1047.7,1052.0,1043.4,1052.0
1998-03-04,1052.0,1052.0,1042.7,1047.3
1998-03-05,1047.3,1047.3,1030.9,1035.0
1998-03-06,1035.0,1055.7,1035.0,1055.7
1998-03-09,1055.7,1058.5,1050.0,1052.3
1998-03-10,1052.3,1064.6,1052.3,1064.2
1998-03-11,1064.2,1069.2,1064.2,1068.5
1998-03-12,1068.5,1071.9,1063.5,1069.9
1998-03-13,1069.9,1075.9,1066.6,1068.6
1998-03-16,1068.6,1079.5,1068.6,1079.3
1998-03-17,1079.3,1080.5,1073.3,1080.5
1998-03-18,1080.5,1085.5,1077.8,1085.5
1998-03-19,1085.5,1089.7,1084.3,1089.7
1998-03-20,1089.7,1101.0,1089.4,1099.2
1998-03-23,1099.2,1101.2,1094.2,1095.5
1998-03-24,1095.5,1106.8,1095.5,1105.7
1998-03-25,1105.7,1113.1,1092.8,1101.9
1998-03-26,1101.9,1106.3,1097.0,1100.8
1998-03-27,1100.8,1107.2,1091.1,1095.4
1998-03-30,1095.4,1099.1,1090.0,1093.5
1998-03-31,1093.5,1110.1,1093.5,1101.8
1998-04-01,1101.8,1109.2,1095.3,1108.2
1998-04-02,1108.2,1121.0,1107.9,1120.0
1998-04-03,1120.0,1126.4,1118.1,1122.7
1998-04-06,1122.7,1132.0,1121.4,1121.4
1998-04-07,1121.4,1121.4,1102.4,1109.5
1998-04-08,1109.5,1111.6,1098.2,1101.7
1998-04-09,1101.7,1111.5,1101.7,1110.7
1998-04-13,1110.7,1110.8,1100.6,1109.7
1998-04-14,1109.7,1116.0,1109.5,1115.8
1998-04-15,1115.8,1119.9,1112.2,1119.3
1998-04-16,1119.3,1119.3,1105.3,1108.2
1998-04-17,1108.2,1122.7,1105.0,1122.7
1998-04-20,1122.7,1124.9,1118.4,1123.7
1998-04-21,1123.7,1129.7,1119.5,1126.7
1998-04-22,1126.7,1133.0,1126.3,1130.5
1998-04-23,1130.5,1130.5,1117.5,1119.6
1998-04-24,1119.6,1122.8,1104.8,1107.9
1998-04-27,1107.9,1107.9,1076.7,1086.5
1998-04-28,1086.5,1095.9,1081.5,1085.1
1998-04-29,1085.1,1098.2,1084.7,1094.6
1998-04-30,1094.6,1117.0,1094.6,1111.8
1998-05-01,1111.8,1121.0,1111.8,1121.0
1998-05-04,1121.0,1130.5,1121.0,1122.1
1998-05-05,1122.1,1122.1,1111.2,1115.5
1998-05-06,1115.5,1118.4,1104.6,1104.9
1998-05-07,1104.9,1105.6,1094.6,1095.1
1998-05-08,1095.1,1111.4,1094.5,1108.1
1998-05-11,1108.1,1119.1,1103.7,1106.6
1998-05-12,1106.6,1116.0,1102.8,1115.8
1998-05-13,1115.8,1122.2,1114.9,1118.9
1998-05-14,1118.9,1124.0,1112.4,1117.4
1998-05-15,1117.4,1118.7,1107.1,1108.7
1998-05-18,1108.7,1112.4,1098.0,1105.8
1998-05-19,1105.8,1113.5,1105.8,1109.5
1998-05-20,1109.5,1119.1,1107.5,1119.1
1998-05-21,1119.1,1124.5,1111.9,1114.6
1998-05-22,1114.6,1116.9,1108.0,1110.5
1998-05-26,1110.5,1116.8,1094.0,1094.0
1998-05-27,1094.0,1094.4,1074.4,1092.2
1998-05-28,1092.2,1099.7,1089.1,1097.6
1998-05-29,1097.6,1104.2,1090.8,1090.8
1998-06-01,1090.8,1097.8,1084.2,1091.0
1998-06-02,1091.0,1098.7,1089.7,1093.2
1998-06-03,1093.2,1097.4,1081.1,1082.7
1998-06-04,1082.7,1095.9,1078.1,1094.8
1998-06-05,1094.8,1113.9,1084.3,1113.9
1998-06-08,1113.9,1119.7,1113.3,1115.7
1998-06-09,1115.7,1119.9,1111.3,1118.4
1998-06-10,1118.4,1126.0,1110.3,1112.3
1998-06-11,1112.3,1114.2,1094.3,1094.6
1998-06-12,1094.6,1098.8,1080.8,1098.8
1998-06-15,1098.8,1098.8,1077.0,1077.0
1998-06-16,1077.0,1087.6,1074.7,1087.6
1998-06-17,1087.6,1112.9,1087.6,1107.1
1998-06-18,1107.1,1109.4,1103.7,1106.4
1998-06-19,1106.4,1111.2,1097.1,1100.7
1998-06-22,1100.7,1109.0,1099.4,1103.2
1998-06-23,1103.2,1119.5,1103.2,1119.5
1998-06-24,1119.5,1134.4,1115.1,1132.9
1998-06-25,1132.9,1142.0,1127.6,1129.3
1998-06-26,1129.3,1136.8,1129.3,1133.2
1998-06-29,1133.2,1145.2,1133.2,1138.5
1998-06-30,1138.5,1140.8,1132.0,1133.8
1998-07-01,1133.8,1148.6,1133.8,1148.6
1998-07-02,1148.6,1148.6,1143.0,1146.4
1998-07-06,1146.4,1157.3,1145.0,1157.3
1998-07-07,1157.3,1159.8,1152.8,1154.7
1998-07-08,1154.7,1166.9,1154.7,1166.4
1998-07-09,1166.4,1166.4,1156.0,1158.6
1998-07-10,1158.6,1166.9,1150.9,1164.3
1998-07-13,1164.3,1167.0,1160.2,1165.2
1998-07-14,1165.2,1179.8,1165.2,1177.6
1998-07-15,1177.6,1181.5,1174.7,1174.8
1998-07-16,1174.8,1184.0,1170.4,1184.0
1998-07-17,1184.0,1188.1,1182.4,1186.8
1998-07-20,1186.8,1190.6,1179.2,1184.1
1998-07-21,1184.1,1187.4,1163.0,1165.1
1998-07-22,1165.1,1167.7,1155.2,1164.1
1998-07-23,1164.1,1164.3,1139.8,1139.8
1998-07-24,1139.8,1150.1,1129.1,1140.8
1998-07-27,1140.8,1147.3,1128.2,1147.3
1998-07-28,1147.3,1147.3,1119.4,1130.2
1998-07-29,1130.2,1138.6,1122.0,1125.2
1998-07-30,1125.2,1143.1,1125.2,1143.0
1998-07-31,1143.0,1143.0,1114.3,1120.7
1998-08-03,1120.7,1121.8,1110.4,1112.4
1998-08-04,1112.4,1119.7,1071.8,1072.1
1998-08-05,1072.1,1084.8,1057.3,1081.4
1998-08-06,1081.4,1091.0,1074.9,1089.6
1998-08-07,1089.6,1102.5,1084.7,1089.5
1998-08-10,1089.5,1092.8,1081.8,1083.1
1998-08-11,1083.1,1083.1,1054.0,1069.0
1998-08-12,1069.0,1084.7,1069.0,1084.2
1998-08-13,1084.2,1091.5,1074.9,1074.9
1998-08-14,1074.9,1083.9,1057.2,1062.8
1998-08-17,1062.8,1083.7,1055.1,1083.7
1998-08-18,1083.7,1101.7,1083.7,1101.2
1998-08-19,1101.2,1106.3,1094.9,1098.1
1998-08-20,1098.1,1098.8,1089.5,1091.6
1998-08-21,1091.6,1091.6,1054.9,1081.2
1998-08-24,1081.2,1093.8,1081.2,1088.1
1998-08-25,1088.1,1106.6,1085.5,1092.8
1998-08-26,1092.8,1092.8,1075.9,1084.2
1998-08-27,1084.2,1084.2,1037.6,1042.6
1998-08-28,1042.6,1051.8,1021.0,1027.1
1998-08-31,1027.1,1033.5,957.3,957.3
1998-09-01,957.3,1000.7,940.0,994.3
1998-09-02,994.3,1013.2,988.4,990.5
1998-09-03,990.5,990.5,969.3,982.3
1998-09-04,982.3,991.4,956.5,973.9
1998-09-08,973.9,1023.5,973.9,1023.5
1998-09-09,1023.5,1027.7,1004.6,1006.2
1998-09-10,1006.2,1006.2,968.6,980.2
1998-09-11,980.2,1009.1,969.7,1009.1
1998-09-14,1009.1,1038.4,1009.1,1029.7
1998-09-15,1029.7,1037.9,1021.4,1037.7
1998-09-16,1037.7,1046.1,1029.3,1045.5
1998-09-17,1045.5,1045.5,1016.0,1018.9
1998-09-18,1018.9,1022.0,1011.9,1020.1
1998-09-21,1020.1,1026.0,993.8,1023.9
1998-09-22,1023.9,1033.9,1022.0,1029.6
1998-09-23,1029.6,1066.1,1029.6,1066.1
1998-09-24,1066.1,1066.1,1033.0,1042.7
1998-09-25,1042.7,1051.9,1028.5,1044.8
1998-09-28,1044.8,1061.5,1042.2,1048.7
1998-09-29,1048.7,1056.3,1039.9,1049.0
1998-09-30,1049.0,1049.0,1015.7,1017.0
1998-10-01,1017.0,1017.0,981.2,986.4
1998-10-02,986.4,1005.4,971.6,1002.6
1998-10-05,1002.6,1002.6,964.7,988.6
1998-10-06,988.6,1008.8,974.8,984.6
1998-10-07,984.6,995.7,957.1,970.7
1998-10-08,970.7,970.7,923.3,959.4
1998-10-09,959.4,984.4,953.0,984.4
1998-10-12,985.3,1010.7,984.4,997.7
1998-10-13,997.7,1000.8,987.5,994.8
1998-10-14,994.8,1014.4,987.8,1005.5
1998-10-15,1005.5,1053.1,1000.1,1047.5
1998-10-16,1047.5,1062.7,1047.5,1056.4
1998-10-19,1056.4,1065.2,1054.2,1062.4
1998-10-20,1062.4,1084.1,1060.6,1063.9
1998-10-21,1063.9,1073.6,1058.1,1069.9
1998-10-22,1069.9,1080.4,1061.5,1078.5
1998-10-23,1078.5,1078.5,1067.4,1070.7
1998-10-26,1070.7,1081.2,1068.2,1072.3
1998-10-27,1072.3,1087.1,1063.1,1065.3
1998-10-28,1065.3,1072.8,1059.7,1068.1
1998-10-29,1068.1,1086.1,1066.0,1085.9
1998-10-30,1085.9,1103.8,1085.9,1098.7
1998-11-02,1098.7,1114.4,1098.7,1111.6
1998-11-03,1111.6,1115.0,1106.4,1110.8
1998-11-04,1110.8,1127.2,1110.6,1118.7
1998-11-05,1118.7,1133.9,1109.5,1133.8
1998-11-06,1133.8,1141.3,1131.2,1141.0
1998-11-09,1141.0,1141.0,1123.2,1130.2
1998-11-10,1130.2,1135.4,1122.8,1128.3
1998-11-11,1128.3,1136.2,1117.4,1121.0
1998-11-12,1121.0,1126.6,1115.5,1117.7
1998-11-13,1117.7,1126.3,1116.8,1125.7
1998-11-16,1125.7,1138.7,1125.7,1135.9
1998-11-17,1135.9,1151.7,1129.7,1139.3
1998-11-18,1139.3,1144.5,1133.1,1144.5
1998-11-19,1144.5,1155.1,1144.4,1152.6
1998-11-20,1152.6,1163.5,1152.6,1163.5
1998-11-23,1163.5,1188.2,1163.5,1188.2
1998-11-24,1188.2,1191.3,1181.8,1183.0
1998-11-25,1183.0,1187.2,1179.4,1186.9
1998-11-27,1186.9,1193.0,1186.8,1192.3
1998-11-30,1192.3,1192.7,1163.6,1163.6
1998-12-01,1163.6,1175.9,1150.3,1175.3
1998-12-02,1175.3,1175.3,1157.8,1171.2
1998-12-03,1171.2,1177.0,1149.6,1150.1
1998-12-04,1150.1,1176.7,1150.1,1176.7
1998-12-07,1176.7,1189.0,1176.7,1187.7
1998-12-08,1187.7,1193.5,1172.8,1181.4
1998-12-09,1181.4,1185.2,1175.9,1183.5
1998-12-10,1183.5,1183.8,1163.8,1165.0
1998-12-11,1165.0,1167.9,1153.2,1166.5
1998-12-14,1166.5,1166.5,1136.9,1141.2
1998-12-15,1141.2,1162.8,1141.2,1162.8
1998-12-16,1162.8,1166.3,1154.7,1161.9
1998-12-17,1161.9,1180.0,1161.9,1180.0
1998-12-18,1180.0,1188.9,1178.3,1188.0
1998-12-21,1188.0,1210.9,1188.0,1202.8
1998-12-22,1202.8,1209.2,1192.7,1203.6
1998-12-23,1203.6,1229.9,1203.6,1228.5
1998-12-24,1228.5,1229.7,1224.8,1226.3
1998-12-28,1226.3,1231.5,1221.2,1225.5
1998-12-29,1225.5,1241.9,1220.8,1241.8
1998-12-30,1241.8,1244.9,1231.2,1231.9
1998-12-31,1231.9,1237.2,1225.0,1229.2
1999-01-04,1229.2,1248.8,1219.1,1228.1
1999-01-05,1228.1,1246.1,1228.1,1244.8
1999-01-06,1244.8,1272.5,1244.8,1272.3
1999-01-07,1272.3,1272.3,1257.7,1269.7
1999-01-08,1269.7,1278.2,1261.8,1275.1
1999-01-11,1271.7,1276.2,1253.3,1263.9
1999-01-12,1263.9,1264.5,1238.2,1239.5
1999-01-13,1239.5,1247.8,1205.5,1234.4
1999-01-14,1234.4,1236.8,1209.5,1212.2
1999-01-15,1212.2,1243.3,1212.2,1243.3
1999-01-19,1243.3,1253.3,1234.9,1252.0
1999-01-20,1252.0,1274.1,1251.5,1256.6
1999-01-21,1256.6,1256.9,1232.2,1235.2
1999-01-22,1235.2,1236.4,1218.0,1225.2
1999-01-25,1225.2,1234.0,1219.4,1234.0
1999-01-26,1234.0,1253.2,1234.0,1252.3
1999-01-27,1252.3,1262.6,1242.8,1243.2
1999-01-28,1243.2,1266.4,1243.2,1265.4
1999-01-29,1265.4,1280.4,1255.2,1279.6
1999-02-01,1279.6,1283.8,1271.3,1273.0
1999-02-02,1273.0,1273.5,1247.6,1262.0
1999-02-03,1262.0,1276.0,1255.3,1272.1
1999-02-04,1272.1,1272.2,1248.4,1248.5
1999-02-05,1248.5,1251.9,1232.3,1239.4
1999-02-08,1239.4,1246.9,1232.0,1243.8
1999-02-09,1243.8,1244.0,1215.6,1216.1
1999-02-10,1216.1,1226.8,1211.9,1223.5
1999-02-11,1223.5,1254.0,1223.2,1254.0
1999-02-12,1254.0,1254.0,1225.5,1230.1
1999-02-16,1230.1,1252.2,1230.1,1241.9
1999-02-17,1241.9,1249.3,1220.9,1224.0
1999-02-18,1224.0,1239.1,1220.7,1237.3
1999-02-19,1237.3,1247.9,1232.0,1239.2
1999-02-22,1239.2,1272.2,1239.2,1272.1
1999-02-23,1272.1,1280.4,1263.4,1271.2
1999-02-24,1271.2,1283.8,1251.9,1253.4
1999-02-25,1253.4,1253.4,1225.0,1245.0
1999-02-26,1245.0,1246.7,1226.2,1238.3
1999-03-01,1238.3,1238.7,1221.9,1236.2
1999-03-02,1236.2,1248.3,1221.9,1225.5
1999-03-03,1225.5,1231.6,1216.0,1227.7
1999-03-04,1227.7,1247.7,1227.7,1246.6
1999-03-05,1246.6,1275.7,1246.6,1275.5
1999-03-08,1275.5,1282.7,1271.6,1282.7
1999-03-09,1282.7,1293.7,1275.1,1279.8
1999-03-10,1279.8,1287.0,1275.2,1286.8
1999-03-11,1286.8,1306.4,1286.8,1297.7
1999-03-12,1297.7,1304.4,1289.2,1294.6
1999-03-15,1294.6,1307.5,1291.0,1307.3
1999-03-16,1307.3,1311.1,1302.3,1306.4
1999-03-17,1306.4,1306.5,1292.6,1297.8
1999-03-18,1297.8,1317.6,1294.8,1316.5
1999-03-19,1316.5,1323.8,1298.9,1299.3
1999-03-22,1299.3,1303.8,1294.3,1297.0
1999-03-23,1297.0,1297.0,1257.5,1262.1
1999-03-24,1262.1,1269.0,1256.4,1268.6
1999-03-25,1268.6,1290.0,1268.6,1290.0
1999-03-26,1290.0,1290.0,1277.2,1282.8
1999-03-29,1282.8,1311.8,1282.8,1310.2
1999-03-30,1310.2,1310.2,1295.5,1300.8
1999-03-31,1300.8,1313.6,1285.9,1286.4
1999-04-01,1286.4,1294.5,1282.6,1293.7
1999-04-05,1293.7,1321.2,1293.7,1321.1
1999-04-06,1321.1,1326.8,1311.1,1317.9
1999-04-07,1317.9,1329.6,1312.6,1326.9
1999-04-08,1326.9,1344.1,1321.6,1344.0
1999-04-09,1344.0,1351.2,1335.2,1348.3
1999-04-12,1348.3,1358.7,1333.5,1358.6
1999-04-13,1358.6,1362.1,1344.2,1349.8
1999-04-14,1349.8,1357.2,1326.4,1328.4
1999-04-15,1328.4,1332.4,1308.4,1322.9
1999-04-16,1322.9,1325.0,1311.4,1319.0
1999-04-19,1319.0,1340.1,1284.5,1289.5
1999-04-20,1289.5,1306.3,1284.2,1306.2
1999-04-21,1306.2,1336.1,1301.8,1336.1
1999-04-22,1336.1,1358.8,1336.1,1358.8
1999-04-23,1358.8,1363.7,1348.5,1356.8
1999-04-26,1356.8,1363.6,1353.7,1360.0
1999-04-27,1360.0,1371.6,1356.5,1362.8
1999-04-28,1362.8,1368.6,1348.3,1350.9
1999-04-29,1350.9,1356.8,1336.8,1342.8
1999-04-30,1342.8,1351.8,1314.6,1335.2
1999-05-03,1335.2,1354.6,1329.0,1354.6
1999-05-04,1354.6,1354.6,1330.6,1332.0
1999-05-05,1332.0,1347.3,1317.4,1347.3
1999-05-06,1347.3,1348.4,1322.6,1332.0
1999-05-07,1332.0,1346.0,1332.0,1345.0
1999-05-10,1345.0,1352.0,1334.0,1340.3
1999-05-11,1340.3,1360.0,1340.3,1355.6
1999-05-12,1355.6,1367.4,1333.1,1364.0
1999-05-13,1364.0,1376.0,1364.0,1367.6
1999-05-14,1367.6,1367.6,1332.6,1337.8
1999-05-17,1337.8,1340.0,1321.2,1339.5
1999-05-18,1339.5,1345.4,1323.5,1333.3
1999-05-19,1333.3,1344.2,1327.0,1344.2
1999-05-20,1344.2,1350.5,1338.8,1338.8
1999-05-21,1338.8,1340.9,1326.2,1330.3
1999-05-24,1330.3,1333.0,1303.5,1306.7
1999-05-25,1306.7,1317.5,1284.4,1284.4
1999-05-26,1284.4,1304.8,1278.4,1304.8
1999-05-27,1304.8,1304.8,1277.3,1281.4
1999-05-28,1281.4,1304.0,1281.4,1301.8
1999-06-01,1301.8,1301.8,1281.4,1294.3
1999-06-02,1294.3,1297.1,1277.5,1294.8
1999-06-03,1294.8,1304.2,1294.2,1299.5
1999-06-04,1299.5,1327.8,1299.5,1327.8
1999-06-07,1327.8,1336.4,1325.9,1334.5
1999-06-08,1334.5,1334.5,1312.8,1317.3
1999-06-09,1317.3,1326.0,1314.7,1318.6
1999-06-10,1318.6,1318.6,1293.3,1302.8
1999-06-11,1302.8,1312.0,1287.9,1293.6
1999-06-14,1293.6,1302.0,1292.2,1294.0
1999-06-15,1294.0,1310.8,1294.0,1301.2
1999-06-16,1301.2,1332.8,1301.2,1330.4
1999-06-17,1330.4,1343.5,1322.8,1339.9
1999-06-18,1339.9,1344.5,1333.5,1342.8
1999-06-21,1342.8,1349.1,1337.6,1349.0
1999-06-22,1349.0,1351.1,1335.5,1335.9
1999-06-23,1335.9,1335.9,1322.5,1333.1
1999-06-24,1333.1,1333.1,1308.5,1315.8
1999-06-25,1315.8,1329.1,1312.6,1315.3
1999-06-28,1315.3,1338.7,1315.3,1331.3
1999-06-29,1331.3,1351.5,1328.4,1351.5
1999-06-30,1351.5,1372.9,1338.8,1372.7
1999-07-01,1372.7,1382.8,1360.8,1381.0
1999-07-02,1381.0,1391.2,1379.6,1391.2
1999-07-06,1391.2,1405.3,1387.1,1388.1
1999-07-07,1388.1,1395.9,1385.0,1395.9
1999-07-08,1395.9,1403.2,1386.7,1394.4
1999-07-09,1394.4,1403.3,1394.4,1403.3
1999-07-12,1403.3,1406.8,1394.7,1399.1
1999-07-13,1399.1,1399.1,1386.8,1393.6
1999-07-14,1393.6,1400.0,1386.5,1398.2
1999-07-15,1398.2,1409.8,1398.2,1409.6
1999-07-16,1409.6,1418.8,1407.1,1418.8
1999-07-19,1418.8,1420.3,1404.6,1407.7
1999-07-20,1407.7,1407.7,1375.2,1377.1
1999-07-21,1377.1,1386.7,1372.6,1379.3
1999-07-22,1379.3,1379.3,1354.0,1361.0
1999-07-23,1361.0,1367.4,1349.9,1356.9
1999-07-26,1356.9,1358.6,1346.2,1347.8
1999-07-27,1351.0,1368.7,1347.8,1362.8
1999-07-28,1362.8,1370.4,1355.6,1365.4
1999-07-29,1365.4,1365.4,1332.6,1341.0
1999-07-30,1341.0,1350.9,1328.5,1328.7
1999-08-02,1328.7,1344.7,1325.2,1328.0
1999-08-03,1328.0,1336.1,1314.9,1322.2
1999-08-04,1322.2,1330.2,1304.5,1305.3
1999-08-05,1305.3,1313.7,1287.2,1313.7
1999-08-06,1313.7,1316.7,1293.2,1300.3
1999-08-09,1300.3,1306.7,1296.0,1297.8
1999-08-10,1297.8,1298.6,1267.7,1281.4
1999-08-11,1281.4,1301.9,1281.4,1301.9
1999-08-12,1301.9,1313.6,1298.1,1298.2
1999-08-13,1298.2,1327.7,1298.2,1327.7
1999-08-16,1327.7,1331.0,1320.5,1330.8
1999-08-17,1330.8,1344.2,1328.8,1344.2
1999-08-18,1344.2,1344.2,1332.1,1332.8
1999-08-19,1332.8,1332.8,1315.3,1323.6
1999-08-20,1323.6,1336.6,1323.6,1336.6
1999-08-23,1336.6,1360.2,1336.6,1360.2
1999-08-24,1360.2,1373.3,1353.6,1363.5
1999-08-25,1363.5,1382.8,1359.2,1381.8
1999-08-26,1381.8,1381.8,1361.5,1362.0
1999-08-27,1362.0,1365.6,1347.3,1348.3
1999-08-30,1348.3,1350.7,1322.8,1324.0
1999-08-31,1324.0,1333.3,1307.0,1320.4
1999-09-01,1320.4,1331.2,1320.4,1331.1
1999-09-02,1331.1,1331.1,1304.9,1319.1
1999-09-03,1319.1,1357.7,1319.1,1357.2
1999-09-07,1357.2,1361.3,1349.6,1350.5
1999-09-08,1343.4,1355.2,1337.4,1344.2
1999-09-09,1344.2,1347.7,1333.9,1347.7
1999-09-10,1347.7,1357.7,1346.1,1351.7
1999-09-13,1351.7,1351.7,1341.7,1344.1
1999-09-14,1344.1,1344.2,1330.6,1336.3
1999-09-15,1336.3,1347.2,1318.0,1318.0
1999-09-16,1318.0,1322.5,1300.0,1318.5
1999-09-17,1318.5,1337.6,1318.5,1335.4
1999-09-20,1335.4,1338.4,1330.6,1335.5
1999-09-21,1335.5,1335.5,1302.0,1307.6
1999-09-22,1307.6,1316.2,1297.8,1310.5
1999-09-23,1310.5,1315.2,1277.3,1280.4
1999-09-24,1280.4,1281.2,1263.8,1277.4
1999-09-27,1277.4,1295.0,1277.4,1283.3
1999-09-28,1283.3,1285.5,1256.3,1282.2
1999-09-29,1282.2,1288.8,1268.2,1268.4
1999-09-30,1268.4,1291.3,1268.4,1282.7
1999-10-01,1282.7,1283.2,1265.8,1282.8
1999-10-04,1282.8,1304.6,1282.8,1304.6
1999-10-05,1304.6,1316.4,1286.4,1301.3
1999-10-06,1301.3,1325.5,1300.4,1325.4
1999-10-07,1325.4,1328.0,1314.1,1317.6
1999-10-08,1317.6,1336.6,1311.9,1336.0
1999-10-11,1336.0,1344.3,1324.4,1335.2
1999-10-12,1335.2,1335.2,1311.8,1313.0
1999-10-13,1313.0,1313.0,1282.8,1285.5
1999-10-14,1285.5,1289.6,1267.6,1283.4
1999-10-15,1283.4,1283.4,1245.4,1247.4
1999-10-18,1247.4,1254.2,1233.7,1254.1
1999-10-19,1254.1,1279.3,1254.1,1261.3
1999-10-20,1261.3,1289.4,1261.3,1289.4
1999-10-21,1289.4,1289.4,1265.6,1283.6
1999-10-22,1283.6,1308.8,1283.6,1301.7
1999-10-25,1301.7,1301.7,1286.1,1293.6
1999-10-26,1293.6,1303.5,1281.9,1281.9
1999-10-27,1281.9,1299.4,1280.5,1296.7
1999-10-28,1296.7,1342.5,1296.7,1342.4
1999-10-29,1342.4,1373.2,1342.4,1362.9
1999-11-01,1362.9,1367.3,1354.0,1354.1
1999-11-02,1354.1,1369.3,1346.4,1347.7
1999-11-03,1347.7,1360.3,1347.7,1354.9
1999-11-04,1354.9,1369.4,1354.9,1362.6
1999-11-05,1362.6,1387.5,1362.6,1370.2
1999-11-08,1370.2,1380.8,1365.9,1377.0
1999-11-09,1377.0,1383.8,1361.5,1365.3
1999-11-10,1365.3,1379.2,1360.0,1373.5
1999-11-11,1373.5,1382.1,1372.2,1381.5
1999-11-12,1381.5,1396.1,1368.5,1396.1
1999-11-15,1396.1,1398.6,1392.3,1394.4
1999-11-16,1394.4,1420.4,1394.4,1420.1
1999-11-17,1420.1,1423.4,1410.5,1410.7
1999-11-18,1410.7,1425.3,1410.7,1424.9
1999-11-19,1424.9,1424.9,1417.5,1422.0
1999-11-22,1422.0,1425.0,1412.4,1420.9
1999-11-23,1420.9,1423.9,1402.2,1404.6
1999-11-24,1404.6,1419.7,1399.2,1417.1
1999-11-26,1417.1,1425.2,1416.1,1416.6
1999-11-29,1416.6,1416.6,1404.2,1407.8
1999-11-30,1407.8,1410.6,1387.0,1388.9
1999-12-01,1388.9,1400.0,1387.5,1397.7
1999-12-02,1397.7,1409.0,1397.7,1409.0
1999-12-03,1409.0,1447.4,1409.0,1433.3
1999-12-06,1433.3,1434.2,1418.2,1423.3
1999-12-07,1423.3,1426.6,1409.2,1409.2
1999-12-08,1409.2,1415.7,1403.8,1403.9
1999-12-09,1403.9,1418.4,1391.5,1408.1
1999-12-10,1408.1,1421.6,1405.6,1417.0
1999-12-13,1417.0,1421.5,1410.1,1415.2
1999-12-14,1415.2,1418.4,1401.6,1403.2
1999-12-15,1403.2,1417.4,1396.2,1413.3
1999-12-16,1413.3,1421.9,1408.4,1418.8
1999-12-17,1418.8,1431.1,1418.8,1421.0
1999-12-20,1421.0,1429.2,1411.0,1418.1
1999-12-21,1418.1,1436.5,1414.9,1433.4
1999-12-22,1433.4,1440.2,1429.2,1436.1
1999-12-23,1436.1,1461.4,1436.1,1458.3
1999-12-27,1458.3,1463.1,1450.7,1457.1
1999-12-28,1457.1,1462.7,1452.7,1457.7
1999-12-29,1457.7,1466.0,1457.7,1463.5
1999-12-30,1463.5,1473.1,1462.6,1464.5
1999-12-31,1464.5,1472.4,1463.4,1469.2
2000-01-03,1469.2,1478.0,1438.4,1455.2
2000-01-04,1455.2,1455.2,1397.4,1399.4
2000-01-05,1399.4,1413.3,1377.7,1402.1
2000-01-06,1402.1,1411.9,1392.0,1403.5
2000-01-07,1403.5,1441.5,1400.5,1441.5
2000-01-10,1441.5,1464.4,1441.5,1457.6
2000-01-11,1457.6,1458.8,1434.4,1438.6
2000-01-12,1439.1,1445.3,1427.3,1432.2
2000-01-13,1432.2,1454.6,1432.2,1449.7
2000-01-14,1449.7,1473.0,1449.7,1465.2
2000-01-18,1465.2,1465.2,1451.2,1455.1
2000-01-19,1455.1,1462.2,1448.7,1455.9
2000-01-20,1455.9,1465.6,1438.6,1445.6
2000-01-21,1445.6,1452.8,1439.5,1441.4
2000-01-24,1441.4,1454.2,1395.4,1401.5
2000-01-25,1401.5,1414.3,1388.5,1410.0
2000-01-26,1410.0,1412.5,1400.1,1404.1
2000-01-27,1404.1,1419.0,1380.5,1398.6
2000-01-28,1398.6,1398.6,1356.1,1360.2
2000-01-31,1360.2,1394.5,1350.0,1394.5
2000-02-01,1394.5,1412.6,1384.8,1409.3
2000-02-02,1409.3,1420.5,1403.2,1409.1
2000-02-03,1409.1,1425.8,1398.5,1425.0
2000-02-04,1425.0,1436.0,1420.5,1424.4
2000-02-07,1424.4,1427.2,1413.3,1424.2
2000-02-08,1424.2,1442.0,1424.2,1441.7
2000-02-09,1443.3,1444.4,1411.6,1411.7
2000-02-10,1411.7,1422.0,1406.4,1416.8
2000-02-11,1416.8,1416.8,1379.2,1387.1
2000-02-14,1387.1,1394.9,1380.5,1389.9
2000-02-15,1389.9,1407.8,1376.2,1402.0
2000-02-16,1402.0,1404.7,1385.6,1387.7
2000-02-17,1387.7,1399.8,1380.1,1388.3
2000-02-18,1388.3,1388.3,1345.3,1346.1
2000-02-22,1346.1,1358.1,1332.0,1352.2
2000-02-23,1352.2,1370.1,1342.4,1360.7
2000-02-24,1360.7,1364.5,1329.9,1353.4
2000-02-25,1353.4,1362.1,1329.1,1333.4
2000-02-28,1333.4,1360.8,1325.0,1348.0
2000-02-29,1348.0,1369.5,1348.0,1366.4
2000-03-01,1366.4,1383.0,1366.4,1379.2
2000-03-02,1379.2,1386.9,1370.3,1381.8
2000-03-03,1381.8,1410.9,1381.8,1409.2
2000-03-06,1409.2,1409.8,1384.8,1391.3
2000-03-07,1391.3,1399.6,1349.6,1355.6
2000-03-08,1355.6,1373.6,1346.5,1366.7
2000-03-09,1366.7,1401.8,1357.8,1401.7
2000-03-10,1401.7,1413.4,1392.1,1395.1
2000-03-13,1395.1,1398.5,1365.3,1383.6
2000-03-14,1383.6,1395.3,1359.1,1359.2
2000-03-15,1359.2,1398.0,1357.0,1392.2
2000-03-16,1392.2,1458.5,1392.2,1458.5
2000-03-17,1458.5,1476.6,1453.2,1464.5
2000-03-20,1464.5,1470.2,1448.4,1456.6
2000-03-21,1456.6,1493.9,1446.0,1493.9
2000-03-22,1493.9,1505.0,1487.4,1500.6
2000-03-23,1500.6,1532.1,1493.8,1527.3
2000-03-24,1527.3,1553.1,1516.8,1527.5
2000-03-27,1527.5,1534.7,1518.6,1523.9
2000-03-28,1523.9,1527.2,1507.2,1507.7
2000-03-29,1507.7,1521.4,1497.3,1508.5
2000-03-30,1508.5,1517.4,1474.6,1487.9
2000-03-31,1487.9,1519.8,1484.5,1498.6
2000-04-03,1498.6,1507.1,1487.1,1506.0
2000-04-04,1506.0,1526.2,1417.2,1494.7
2000-04-05,1494.7,1506.5,1478.1,1487.4
2000-04-06,1487.4,1511.8,1487.4,1501.3
2000-04-07,1501.3,1518.7,1501.3,1516.3
2000-04-10,1516.3,1527.1,1503.0,1504.5
2000-04-11,1504.5,1512.8,1486.8,1500.6
2000-04-12,1500.6,1510.6,1466.2,1467.2
2000-04-13,1467.2,1477.4,1440.3,1440.5
2000-04-14,1440.5,1440.5,1339.4,1356.6
2000-04-17,1356.6,1401.5,1346.7,1401.4
2000-04-18,1401.4,1441.6,1397.6,1441.6
2000-04-19,1441.6,1447.7,1425.3,1427.5
2000-04-20,1427.5,1435.4,1422.0,1434.5
2000-04-24,1434.5,1434.5,1407.2,1429.9
2000-04-25,1429.9,1477.7,1429.9,1477.4
2000-04-26,1477.4,1482.8,1457.3,1461.0
2000-04-27,1461.0,1469.1,1434.8,1464.9
2000-04-28,1464.9,1473.4,1448.5,1452.4
2000-05-01,1452.4,1481.4,1452.4,1468.2
2000-05-02,1468.2,1468.2,1445.1,1446.3
2000-05-03,1446.3,1446.3,1398.4,1415.1
2000-05-04,1415.1,1420.5,1405.0,1409.6
2000-05-05,1409.6,1435.9,1405.2,1432.6
2000-05-08,1432.6,1432.6,1416.9,1424.2
2000-05-09,1424.2,1429.8,1401.9,1412.1
2000-05-10,1412.1,1412.1,1375.2,1383.0
2000-05-11,1383.0,1410.2,1383.0,1407.8
2000-05-12,1407.8,1430.2,1407.8,1421.0
2000-05-15,1421.0,1452.4,1417.0,1452.4
2000-05-16,1452.4,1470.4,1450.8,1466.0
2000-05-17,1466.0,1466.0,1441.6,1447.8
2000-05-18,1447.8,1458.0,1436.7,1437.2
2000-05-19,1437.2,1437.2,1401.7,1407.0
2000-05-22,1407.0,1410.3,1368.6,1400.7
2000-05-23,1400.7,1403.8,1373.4,1373.9
2000-05-24,1373.9,1401.4,1361.2,1399.0
2000-05-25,1399.0,1411.9,1374.0,1381.5
2000-05-26,1381.5,1391.5,1369.8,1378.0
2000-05-30,1378.0,1422.5,1377.8,1422.5
2000-05-31,1422.4,1434.6,1415.4,1420.6
2000-06-01,1420.6,1448.8,1420.6,1448.8
2000-06-02,1448.8,1483.4,1448.8,1477.3
2000-06-05,1477.3,1477.3,1464.7,1467.6
2000-06-06,1467.6,1471.3,1454.8,1457.8
2000-06-07,1457.8,1474.6,1455.2,1471.4
2000-06-08,1471.4,1475.6,1456.5,1461.7
2000-06-09,1461.7,1472.7,1454.9,1457.0
2000-06-12,1457.0,1463.0,1446.0,1446.0
2000-06-13,1446.0,1470.4,1442.5,1469.4
2000-06-14,1469.4,1483.6,1467.8,1470.5
2000-06-15,1470.5,1482.0,1464.5,1478.7
2000-06-16,1478.7,1481.0,1460.3,1464.5
2000-06-19,1464.5,1489.0,1459.0,1486.0
2000-06-20,1486.0,1487.2,1470.2,1476.0
2000-06-21,1476.0,1482.2,1468.5,1479.1
2000-06-22,1479.1,1479.1,1448.1,1452.2
2000-06-23,1452.2,1459.8,1438.3,1441.5
2000-06-26,1441.5,1462.3,1441.5,1455.3
2000-06-27,1455.3,1463.3,1450.5,1450.5
2000-06-28,1450.5,1467.6,1450.5,1454.8
2000-06-29,1454.8,1455.2,1434.6,1442.4
2000-06-30,1442.4,1454.7,1438.8,1454.6
2000-07-03,1454.6,1469.8,1450.8,1469.5
2000-07-05,1469.5,1469.5,1442.5,1446.2
2000-07-06,1446.2,1461.7,1439.6,1456.7
2000-07-07,1456.7,1485.2,1456.7,1478.9
2000-07-10,1478.9,1486.5,1474.7,1475.6
2000-07-11,1475.6,1488.9,1470.5,1480.9
2000-07-12,1480.9,1497.5,1480.9,1492.9
2000-07-13,1492.9,1501.4,1489.7,1495.8
2000-07-14,1495.8,1510.0,1494.7,1510.0
2000-07-17,1510.0,1517.2,1505.3,1510.5
2000-07-18,1510.5,1510.5,1491.4,1493.7
2000-07-19,1493.7,1495.5,1479.8,1482.0
2000-07-20,1482.0,1501.9,1482.0,1495.6
2000-07-21,1495.6,1495.6,1478.0,1480.2
2000-07-24,1480.2,1485.8,1463.8,1464.3
2000-07-25,1464.3,1476.3,1464.3,1474.5
2000-07-26,1474.5,1474.5,1452.4,1452.4
2000-07-27,1452.4,1464.8,1445.3,1449.6
2000-07-28,1449.6,1456.3,1414.2,1419.9
2000-07-31,1419.9,1437.6,1418.3,1430.8
2000-08-01,1430.8,1443.5,1428.8,1438.1
2000-08-02,1438.1,1451.6,1433.5,1438.7
2000-08-03,1438.7,1454.3,1426.0,1452.6
2000-08-04,1452.6,1462.9,1451.5,1462.9
2000-08-07,1462.9,1480.9,1460.8,1479.3
2000-08-08,1479.3,1484.5,1472.6,1482.8
2000-08-09,1482.8,1490.3,1471.2,1472.9
2000-08-10,1472.9,1475.2,1459.9,1460.2
2000-08-11,1460.2,1475.6,1452.9,1471.8
2000-08-14,1471.8,1491.6,1468.6,1491.6
2000-08-15,1491.6,1493.0,1482.8,1484.4
2000-08-16,1484.4,1494.7,1475.8,1479.8
2000-08-17,1479.8,1499.5,1479.8,1496.1
2000-08-18,1496.1,1499.5,1488.9,1491.7
2000-08-21,1491.7,1503.0,1491.1,1499.5
2000-08-22,1499.5,1508.2,1497.6,1498.1
2000-08-23,1498.1,1507.3,1489.4,1506.0
2000-08-24,1506.0,1511.2,1501.3,1508.3
2000-08-25,1508.3,1513.4,1505.2,1506.5
2000-08-28,1507.0,1523.9,1506.5,1514.1
2000-08-29,1514.1,1514.8,1505.5,1509.8
2000-08-30,1509.8,1510.4,1500.1,1502.6
2000-08-31,1502.6,1525.3,1502.6,1517.7
2000-09-01,1517.7,1530.0,1515.6,1520.8
2000-09-05,1520.8,1520.8,1504.2,1507.1
2000-09-06,1507.1,1512.4,1492.2,1492.2
2000-09-07,1492.2,1505.2,1492.2,1502.5
2000-09-08,1502.5,1502.5,1489.9,1494.5
2000-09-11,1494.5,1506.6,1483.0,1489.3
2000-09-12,1489.3,1496.6,1479.9,1482.0
2000-09-13,1482.0,1487.4,1474.0,1484.9
2000-09-14,1484.9,1494.3,1476.8,1480.9
2000-09-15,1480.9,1481.0,1460.2,1465.8
2000-09-18,1465.8,1467.9,1441.8,1444.5
2000-09-19,1444.5,1461.0,1444.5,1459.9
2000-09-20,1459.9,1460.7,1431.0,1451.3
2000-09-21,1451.3,1452.9,1436.2,1449.0
2000-09-22,1449.0,1449.4,1421.9,1448.7
2000-09-25,1448.7,1457.4,1436.1,1439.0
2000-09-26,1439.0,1447.7,1425.3,1427.2
2000-09-27,1427.2,1436.7,1419.5,1426.6
2000-09-28,1426.6,1461.7,1425.8,1458.3
2000-09-29,1458.3,1458.3,1436.5,1436.5
2000-10-02,1436.5,1445.5,1429.8,1436.2
2000-10-03,1436.2,1454.8,1425.3,1426.5
2000-10-04,1426.5,1440.0,1416.3,1434.3
2000-10-05,1434.3,1444.2,1431.8,1436.3
2000-10-06,1436.3,1443.3,1397.1,1409.0
2000-10-09,1409.0,1409.7,1392.5,1402.0
2000-10-10,1402.0,1408.8,1383.8,1387.0
2000-10-11,1387.0,1387.0,1349.7,1364.6
2000-10-12,1364.6,1374.9,1328.1,1329.8
2000-10-13,1329.8,1374.2,1326.8,1374.2
2000-10-16,1374.2,1379.5,1365.1,1374.6
2000-10-17,1374.6,1381.0,1342.3,1350.0
2000-10-18,1350.0,1356.7,1305.8,1342.1
2000-10-19,1342.1,1389.9,1342.1,1388.8
2000-10-20,1388.8,1408.5,1382.2,1396.9
2000-10-23,1396.9,1407.0,1387.8,1395.8
2000-10-24,1395.8,1415.6,1388.1,1398.1
2000-10-25,1398.1,1398.1,1362.2,1364.9
2000-10-26,1364.9,1372.7,1337.8,1364.4
2000-10-27,1364.4,1384.6,1364.1,1379.6
2000-10-30,1379.6,1406.4,1376.9,1398.7
2000-10-31,1398.7,1432.2,1398.7,1429.4
2000-11-01,1429.4,1429.6,1410.5,1421.2
2000-11-02,1421.2,1433.3,1421.1,1428.3
2000-11-03,1428.3,1433.2,1420.9,1426.7
2000-11-06,1428.8,1438.5,1427.7,1432.2
2000-11-07,1432.2,1436.2,1423.3,1431.9
2000-11-08,1431.9,1437.3,1408.8,1409.3
2000-11-09,1409.3,1409.3,1369.7,1400.1
2000-11-10,1400.1,1400.1,1366.0,1366.0
2000-11-13,1366.0,1366.0,1328.6,1351.3
2000-11-14,1351.3,1390.1,1351.3,1383.0
2000-11-15,1383.0,1396.0,1374.8,1389.8
2000-11-16,1389.8,1394.7,1370.4,1372.3
2000-11-17,1372.3,1384.8,1355.5,1367.7
2000-11-20,1367.7,1367.7,1341.7,1342.6
2000-11-21,1342.6,1355.9,1333.6,1347.3
2000-11-22,1347.3,1347.3,1321.9,1322.4
2000-11-24,1322.4,1343.8,1322.4,1341.8
2000-11-27,1341.8,1362.5,1341.8,1349.0
2000-11-28,1349.0,1358.8,1335.0,1336.1
2000-11-29,1336.1,1352.4,1329.3,1341.9
2000-11-30,1341.9,1341.9,1294.9,1315.0
2000-12-01,1315.0,1334.7,1307.0,1315.2
2000-12-04,1315.2,1332.1,1310.2,1325.0
2000-12-05,1325.0,1376.6,1325.0,1376.5
2000-12-06,1376.5,1376.5,1346.2,1351.5
2000-12-07,1351.5,1353.5,1339.3,1343.5
2000-12-08,1343.5,1380.3,1343.5,1369.9
2000-12-11,1369.9,1389.0,1364.1,1380.2
2000-12-12,1380.2,1380.3,1370.3,1371.2
2000-12-13,1371.2,1385.8,1358.5,1360.0
2000-12-14,1360.0,1360.0,1340.5,1340.9
2000-12-15,1340.9,1340.9,1305.4,1312.2
2000-12-18,1312.2,1332.3,1312.2,1322.7
2000-12-19,1323.0,1346.4,1305.2,1305.6
2000-12-20,1305.6,1305.6,1261.2,1264.7
2000-12-21,1264.7,1285.3,1254.1,1274.9
2000-12-22,1274.9,1306.0,1274.9,1306.0
2000-12-26,1306.0,1315.9,1301.6,1315.2
2000-12-27,1315.2,1332.0,1311.0,1328.9
2000-12-28,1328.9,1335.9,1325.8,1334.2
2000-12-29,1334.2,1340.1,1317.5,1320.3
2001-01-02,1320.3,1320.3,1276.0,1283.3
2001-01-03,1283.3,1347.8,1274.6,1347.6
2001-01-04,1347.6,1350.2,1329.1,1333.3
2001-01-05,1333.3,1334.8,1295.0,1298.3
2001-01-08,1298.3,1298.3,1276.3,1295.9
2001-01-09,1295.9,1311.7,1295.1,1300.8
2001-01-10,1300.8,1313.8,1287.3,1313.3
2001-01-11,1313.3,1332.2,1309.7,1326.8
2001-01-12,1326.8,1333.2,1311.6,1318.3
2001-01-16,1318.3,1327.8,1313.3,1326.7
2001-01-17,1326.7,1346.9,1325.4,1329.5
2001-01-18,1329.9,1352.7,1327.4,1348.0
2001-01-19,1348.0,1354.5,1336.7,1342.5
2001-01-22,1342.5,1353.6,1333.8,1342.9
2001-01-23,1342.9,1362.9,1339.6,1360.4
2001-01-24,1360.4,1369.8,1357.3,1364.3
2001-01-25,1364.3,1367.3,1354.6,1357.5
2001-01-26,1357.5,1357.5,1342.8,1355.0
2001-01-29,1354.9,1365.5,1350.4,1364.2
2001-01-30,1364.2,1375.7,1356.2,1373.7
2001-01-31,1373.7,1383.4,1364.7,1366.0
2001-02-01,1366.0,1373.5,1359.3,1373.5
2001-02-02,1373.5,1376.4,1348.7,1349.5
2001-02-05,1349.5,1354.6,1344.5,1354.3
2001-02-06,1354.3,1363.5,1350.0,1352.3
2001-02-07,1352.3,1352.3,1334.3,1340.9
2001-02-08,1341.1,1350.3,1332.4,1332.5
2001-02-09,1332.5,1332.5,1310.0,1314.8
2001-02-12,1314.8,1331.0,1313.6,1330.3
2001-02-13,1330.3,1336.6,1317.5,1318.8
2001-02-14,1318.8,1320.7,1304.7,1315.9
2001-02-15,1315.9,1331.3,1315.9,1326.6
2001-02-16,1326.6,1326.6,1293.2,1301.5
2001-02-20,1301.5,1307.2,1278.4,1278.9
2001-02-21,1278.9,1283.0,1253.2,1255.3
2001-02-22,1255.3,1259.9,1228.3,1252.8
2001-02-23,1252.8,1252.8,1215.4,1245.9
2001-02-26,1245.9,1267.7,1241.7,1267.7
2001-02-27,1267.7,1272.8,1252.3,1257.9
2001-02-28,1257.9,1263.5,1229.7,1239.9
2001-03-01,1239.9,1241.4,1214.5,1241.2
2001-03-02,1241.2,1251.0,1219.7,1234.2
2001-03-05,1234.2,1242.5,1234.0,1241.4
2001-03-06,1241.4,1267.4,1241.4,1253.8
2001-03-07,1253.8,1263.9,1253.8,1261.9
2001-03-08,1261.9,1266.5,1257.6,1264.7
2001-03-09,1264.7,1264.7,1228.4,1233.4
2001-03-12,1233.4,1233.4,1176.8,1180.2
2001-03-13,1180.2,1197.8,1171.5,1197.7
2001-03-14,1197.7,1197.7,1155.3,1166.7
2001-03-15,1166.7,1182.0,1166.7,1173.6
2001-03-16,1173.6,1173.6,1148.6,1150.5
2001-03-19,1150.5,1173.5,1147.2,1170.8
2001-03-20,1170.8,1180.6,1142.2,1142.6
2001-03-21,1142.6,1149.4,1118.7,1122.1
2001-03-22,1122.1,1124.3,1081.2,1117.6
2001-03-23,1117.6,1141.8,1117.6,1139.8
2001-03-26,1139.8,1160.0,1139.8,1152.7
2001-03-27,1152.7,1183.4,1151.0,1182.2
2001-03-28,1182.2,1182.2,1147.8,1153.3
2001-03-29,1153.3,1161.7,1136.3,1148.0
2001-03-30,1148.0,1162.8,1143.8,1160.3
2001-04-02,1160.3,1169.5,1137.5,1145.9
2001-04-03,1145.9,1145.9,1100.2,1106.5
2001-04-04,1106.5,1117.5,1092.0,1103.2
2001-04-05,1103.2,1151.5,1103.2,1151.4
2001-04-06,1151.4,1151.4,1119.3,1128.4
2001-04-09,1128.4,1146.1,1126.4,1137.6
2001-04-10,1137.6,1173.9,1137.6,1168.4
2001-04-11,1168.4,1182.2,1160.3,1165.9
2001-04-12,1165.9,1183.5,1157.7,1183.5
2001-04-16,1183.5,1184.6,1167.4,1179.7
2001-04-17,1179.7,1192.2,1168.9,1191.8
2001-04-18,1191.8,1248.4,1191.8,1238.2
2001-04-19,1238.2,1253.7,1233.4,1253.7
2001-04-20,1253.7,1253.7,1234.4,1243.0
2001-04-23,1243.0,1243.0,1217.5,1224.4
2001-04-24,1224.4,1233.5,1208.9,1209.5
2001-04-25,1209.5,1232.4,1207.4,1228.8
2001-04-26,1228.8,1248.3,1228.8,1234.5
2001-04-27,1234.5,1253.1,1234.5,1253.0
2001-04-30,1253.0,1269.3,1244.0,1249.5
2001-05-01,1249.5,1266.5,1243.5,1266.4
2001-05-02,1266.4,1272.9,1257.7,1267.4
2001-05-03,1267.4,1267.4,1239.9,1248.6
2001-05-04,1248.6,1267.5,1232.0,1266.6
2001-05-07,1266.6,1270.0,1259.2,1263.5
2001-05-08,1266.7,1267.0,1253.0,1261.2
2001-05-09,1261.2,1261.7,1247.8,1255.5
2001-05-10,1255.5,1268.1,1254.6,1255.2
2001-05-11,1255.2,1259.8,1240.8,1245.7
2001-05-14,1245.7,1249.7,1241.0,1248.9
2001-05-15,1248.9,1257.5,1245.4,1249.4
2001-05-16,1249.4,1286.4,1243.0,1285.0
2001-05-17,1285.0,1296.5,1282.7,1288.5
2001-05-18,1288.5,1292.1,1281.2,1292.0
2001-05-21,1292.0,1313.0,1287.9,1312.8
2001-05-22,1312.8,1315.9,1306.9,1309.4
2001-05-23,1309.4,1309.4,1288.7,1289.0
2001-05-24,1289.0,1295.0,1281.2,1293.2
2001-05-25,1293.2,1293.2,1276.4,1277.9
2001-05-29,1277.9,1278.4,1265.4,1267.9
2001-05-30,1267.9,1267.9,1246.0,1248.1
2001-05-31,1248.1,1261.9,1248.1,1255.8
2001-06-01,1255.8,1265.3,1246.9,1260.7
2001-06-04,1260.7,1267.2,1256.4,1267.1
2001-06-05,1267.1,1286.6,1267.1,1283.6
2001-06-06,1283.6,1283.8,1269.0,1270.0
2001-06-07,1270.0,1277.1,1265.1,1277.0
2001-06-08,1277.0,1277.1,1260.0,1265.0
2001-06-11,1265.0,1265.0,1249.2,1254.4
2001-06-12,1254.4,1261.0,1235.8,1255.8
2001-06-13,1255.8,1259.8,1241.6,1241.6
2001-06-14,1241.6,1241.6,1218.9,1219.9
2001-06-15,1219.9,1221.5,1203.0,1214.4
2001-06-18,1214.4,1221.2,1208.3,1208.4
2001-06-19,1208.4,1226.1,1207.7,1212.6
2001-06-20,1212.6,1225.6,1210.1,1223.1
2001-06-21,1223.1,1240.2,1220.2,1237.0
2001-06-22,1237.0,1237.7,1221.4,1225.3
2001-06-25,1225.3,1231.5,1213.6,1218.6
2001-06-26,1218.6,1220.7,1204.6,1216.8
2001-06-27,1216.8,1219.9,1207.3,1211.1
2001-06-28,1211.1,1234.4,1211.1,1226.2
2001-06-29,1226.2,1237.3,1221.1,1224.4
2001-07-02,1224.4,1239.8,1224.0,1236.7
2001-07-03,1236.7,1236.7,1229.4,1234.5
2001-07-05,1234.5,1234.5,1219.2,1219.2
2001-07-06,1219.2,1219.2,1188.7,1190.6
2001-07-09,1190.6,1201.8,1189.8,1198.8
2001-07-10,1198.8,1203.4,1179.9,1181.5
2001-07-11,1181.5,1184.9,1168.5,1180.2
2001-07-12,1180.2,1210.2,1180.2,1208.1
2001-07-13,1208.1,1218.5,1203.6,1215.7
2001-07-16,1215.7,1219.6,1200.0,1202.5
2001-07-17,1202.5,1215.4,1196.1,1214.4
2001-07-18,1214.4,1214.4,1198.3,1207.7
2001-07-19,1207.7,1225.0,1205.8,1215.0
2001-07-20,1215.0,1215.7,1207.0,1210.8
2001-07-23,1210.8,1215.2,1190.5,1191.0
2001-07-24,1191.0,1191.0,1165.5,1171.7
2001-07-25,1171.7,1190.5,1171.3,1190.5
2001-07-26,1190.5,1204.2,1182.7,1202.9
2001-07-27,1202.9,1209.3,1196.0,1205.8
2001-07-30,1205.8,1209.0,1200.4,1204.5
2001-07-31,1204.5,1222.7,1204.5,1211.2
2001-08-01,1211.2,1223.0,1211.2,1215.9
2001-08-02,1215.9,1226.3,1215.3,1220.8
2001-08-03,1220.8,1220.8,1205.3,1214.3
2001-08-06,1214.3,1214.3,1197.3,1200.5
2001-08-07,1200.5,1207.6,1195.6,1204.4
2001-08-08,1204.4,1206.8,1181.3,1183.5
2001-08-09,1183.5,1184.7,1174.7,1183.4
2001-08-10,1183.4,1193.3,1169.5,1190.2
2001-08-13,1190.2,1193.8,1185.1,1191.3
2001-08-14,1191.3,1198.8,1184.3,1186.7
2001-08-15,1186.7,1191.2,1177.6,1178.0
2001-08-16,1178.0,1181.8,1166.1,1181.7
2001-08-17,1181.7,1181.7,1156.1,1162.0
2001-08-20,1162.0,1171.4,1160.9,1171.4
2001-08-21,1171.4,1179.8,1156.6,1157.3
2001-08-22,1157.3,1168.6,1153.3,1165.3
2001-08-23,1165.3,1169.9,1161.0,1162.1
2001-08-24,1162.1,1185.2,1162.1,1184.9
2001-08-27,1184.9,1186.8,1178.1,1179.2
2001-08-28,1179.2,1179.7,1161.2,1161.5
2001-08-29,1161.5,1167.0,1147.4,1148.6
2001-08-30,1148.6,1151.8,1124.9,1129.0
2001-08-31,1129.0,1141.8,1126.4,1133.6
2001-09-04,1133.6,1155.4,1129.1,1132.9
2001-09-05,1132.9,1135.5,1114.9,1131.7
2001-09-06,1131.7,1131.7,1105.8,1106.4
2001-09-07,1106.4,1106.4,1082.1,1085.8
2001-09-10,1085.8,1096.9,1073.2,1092.5
2001-09-17,1092.5,1092.5,1037.5,1038.8
2001-09-18,1038.8,1046.4,1029.2,1032.7
2001-09-19,1032.7,1038.9,984.6,1016.1
2001-09-20,1016.1,1016.1,984.5,984.5
2001-09-21,984.5,984.5,944.8,965.8
2001-09-24,965.8,1008.4,965.8,1003.5
2001-09-25,1003.5,1017.1,998.3,1012.3
2001-09-26,1012.3,1020.3,1002.6,1007.0
2001-09-27,1007.0,1018.9,998.2,1018.6
2001-09-28,1028.5,1040.9,1018.6,1040.9
2001-10-01,1037.9,1040.9,1026.8,1038.5
2001-10-02,1037.6,1051.3,1034.5,1051.3
2001-10-03,1042.9,1075.4,1041.5,1072.3
2001-10-04,1072.3,1084.1,1067.8,1069.6
2001-10-05,1069.6,1072.3,1053.5,1071.4
2001-10-08,1060.3,1071.4,1056.9,1062.4
2001-10-09,1062.9,1063.4,1053.8,1056.8
2001-10-10,1055.3,1081.6,1052.7,1081.0
2001-10-11,1081.0,1099.2,1081.0,1097.4
2001-10-12,1088.4,1097.4,1072.2,1091.7
2001-10-15,1083.4,1091.7,1078.2,1090.0
2001-10-16,1093.7,1101.7,1087.1,1097.5
2001-10-17,1107.6,1107.1,1076.6,1077.1
2001-10-18,1074.4,1077.9,1064.5,1068.6
2001-10-19,1066.6,1075.5,1057.2,1073.5
2001-10-22,1073.5,1090.6,1070.3,1089.9
2001-10-23,1093.9,1099.0,1081.5,1084.8
2001-10-24,1085.2,1090.3,1080.0,1085.2
2001-10-25,1072.7,1100.1,1065.6,1100.1
2001-10-26,1096.2,1110.6,1094.2,1104.6
2001-10-29,1099.8,1104.6,1078.3,1078.3
2001-10-30,1078.3,1078.3,1053.6,1059.8
2001-10-31,1066.4,1074.8,1057.5,1059.8
2001-11-01,1063.1,1085.6,1054.3,1084.1
2001-11-02,1080.5,1089.6,1075.6,1087.2
2001-11-05,1087.2,1106.7,1087.2,1102.8
2001-11-06,1102.8,1119.7,1095.4,1118.9
2001-11-07,1118.9,1126.6,1113.0,1115.8
2001-11-08,1115.8,1135.8,1115.4,1118.5
2001-11-09,1117.6,1123.0,1111.1,1120.3
2001-11-12,1112.7,1121.7,1098.3,1118.3
2001-11-13,1118.3,1139.1,1118.3,1139.1
2001-11-14,1146.3,1148.3,1132.9,1141.2
2001-11-15,1141.2,1146.5,1135.1,1142.2
2001-11-16,1142.2,1143.5,1129.9,1138.7
2001-11-19,1143.9,1151.1,1138.7,1151.1
2001-11-20,1149.0,1152.5,1142.2,1142.7
2001-11-21,1140.2,1142.7,1129.8,1137.0
2001-11-23,1137.0,1151.0,1135.9,1150.3
2001-11-26,1150.3,1157.9,1146.2,1157.4
2001-11-27,1152.1,1163.4,1140.8,1149.5
2001-11-28,1143.1,1149.5,1128.3,1128.5
2001-11-29,1131.0,1140.4,1125.5,1140.2
2001-11-30,1140.0,1143.6,1135.9,1139.5
2001-12-03,1139.5,1139.5,1125.8,1129.9
2001-12-04,1134.5,1144.8,1128.9,1144.8
2001-12-05,1151.4,1173.6,1143.8,1170.3
2001-12-06,1168.1,1173.3,1164.4,1167.1
2001-12-07,1162.5,1167.1,1152.7,1158.3
2001-12-10,1152.4,1158.3,1139.7,1139.9
2001-12-11,1139.9,1150.9,1134.3,1136.8
2001-12-12,1139.3,1141.5,1126.1,1137.1
2001-12-13,1127.6,1137.1,1117.8,1119.4
2001-12-14,1117.9,1128.3,1114.5,1123.1
2001-12-17,1123.1,1137.4,1122.3,1134.4
2001-12-18,1134.4,1145.1,1134.4,1142.9
2001-12-19,1136.3,1152.4,1134.8,1149.6
2001-12-20,1148.9,1151.4,1139.9,1139.9
2001-12-21,1139.9,1147.8,1139.9,1144.9
2001-12-24,1145.0,1147.8,1144.6,1144.7
2001-12-26,1144.7,1159.2,1144.7,1149.4
2001-12-27,1149.4,1157.1,1149.4,1157.1
2001-12-28,1157.1,1164.6,1157.1,1161.0
2001-12-31,1158.3,1161.2,1148.0,1148.1
2002-01-02,1149.0,1154.7,1136.2,1154.7
2002-01-03,1155.5,1165.3,1154.0,1165.3
2002-01-04,1171.1,1176.5,1163.4,1172.5
2002-01-07,1174.7,1177.0,1163.5,1164.9
2002-01-08,1165.3,1167.6,1157.5,1160.7
2002-01-09,1163.8,1174.3,1151.9,1155.1
2002-01-10,1154.3,1159.9,1150.8,1156.5
2002-01-11,1158.5,1159.4,1145.5,1145.6
2002-01-14,1143.0,1145.6,1138.2,1138.4
2002-01-15,1140.8,1148.8,1136.9,1146.2
2002-01-16,1139.2,1146.2,1127.5,1127.6
2002-01-17,1135.7,1139.3,1127.6,1138.9
2002-01-18,1127.5,1138.9,1124.5,1127.6
2002-01-22,1135.3,1135.3,1117.9,1119.3
2002-01-23,1122.2,1131.9,1117.4,1128.2
2002-01-24,1133.4,1139.5,1128.2,1132.2
2002-01-25,1129.3,1138.3,1127.8,1133.3
2002-01-28,1136.3,1138.6,1126.7,1133.1
2002-01-29,1133.8,1137.5,1098.7,1100.6
2002-01-30,1100.2,1113.8,1081.7,1113.6
2002-01-31,1117.8,1130.2,1113.3,1130.2
2002-02-01,1127.4,1130.2,1118.5,1122.2
2002-02-04,1118.0,1122.2,1092.2,1094.4
2002-02-05,1088.7,1101.0,1082.6,1090.0
2002-02-06,1091.5,1093.6,1077.8,1083.5
2002-02-07,1083.3,1094.0,1078.4,1080.2
2002-02-08,1082.4,1096.3,1079.9,1096.2
2002-02-11,1095.4,1112.0,1094.7,1111.9
2002-02-12,1106.2,1112.7,1103.0,1107.5
2002-02-13,1107.5,1120.6,1107.5,1118.5
2002-02-14,1118.5,1124.7,1112.3,1116.5
2002-02-15,1116.7,1117.1,1103.2,1104.2
2002-02-19,1102.2,1102.2,1082.2,1083.3
2002-02-20,1084.7,1098.3,1074.4,1098.0
2002-02-21,1094.3,1101.5,1080.2,1081.0
2002-02-22,1078.2,1093.9,1074.4,1089.8
2002-02-25,1090.8,1112.7,1089.8,1109.4
2002-02-26,1110.3,1115.0,1101.7,1109.4
2002-02-27,1111.2,1123.1,1102.3,1109.9
2002-02-28,1110.8,1121.6,1106.7,1106.7
2002-03-01,1108.7,1131.8,1108.7,1131.8
2002-03-04,1130.9,1153.8,1130.9,1153.8
2002-03-05,1153.0,1157.7,1144.8,1146.1
2002-03-06,1145.9,1165.3,1145.1,1162.8
2002-03-07,1164.7,1167.9,1150.7,1157.5
2002-03-08,1161.1,1172.8,1159.8,1164.3
2002-03-11,1164.0,1173.0,1159.6,1168.3
2002-03-12,1168.3,1168.3,1154.3,1165.6
2002-03-13,1163.0,1164.3,1151.0,1154.1
2002-03-14,1154.2,1157.8,1151.1,1153.0
2002-03-15,1153.5,1166.5,1153.5,1166.2
2002-03-18,1166.2,1172.7,1159.1,1165.5
2002-03-19,1165.5,1173.9,1165.5,1170.3
2002-03-20,1170.2,1170.2,1151.6,1151.8
2002-03-21,1151.5,1155.1,1139.9,1153.6
2002-03-22,1153.3,1156.5,1144.6,1148.7
2002-03-25,1149.3,1151.0,1131.9,1131.9
2002-03-26,1131.6,1147.0,1131.6,1138.5
2002-03-27,1137.5,1147.0,1135.3,1144.6
2002-03-28,1146.3,1154.5,1144.6,1147.4
2002-04-01,1146.0,1147.8,1132.9,1146.5
2002-04-02,1143.0,1143.0,1135.7,1136.8
2002-04-03,1137.5,1138.8,1119.7,1125.4
2002-04-04,1125.0,1130.5,1120.1,1126.3
2002-04-05,1127.7,1133.3,1119.5,1122.7
2002-04-08,1122.7,1125.4,1111.8,1125.3
2002-04-09,1125.5,1128.3,1116.7,1117.8
2002-04-10,1119.1,1131.8,1118.4,1130.5
2002-04-11,1130.5,1130.5,1102.4,1103.7
2002-04-12,1103.7,1112.8,1102.7,1111.0
2002-04-15,1111.0,1114.9,1099.4,1102.5
2002-04-16,1102.5,1129.4,1102.5,1128.4
2002-04-17,1128.4,1132.9,1123.4,1126.1
2002-04-18,1126.1,1130.5,1109.5,1124.5
2002-04-19,1124.5,1128.8,1122.7,1125.2
2002-04-22,1125.2,1125.2,1105.6,1107.8
2002-04-23,1107.8,1111.2,1098.9,1101.0
2002-04-24,1101.0,1108.5,1092.5,1093.1
2002-04-25,1093.1,1094.4,1084.8,1091.5
2002-04-26,1091.5,1096.8,1076.3,1076.3
2002-04-29,1076.3,1079.0,1063.6,1065.5
2002-04-30,1065.5,1082.6,1063.5,1076.9
2002-05-01,1076.9,1088.3,1065.3,1086.5
2002-05-02,1086.5,1091.4,1079.5,1084.6
2002-05-03,1084.6,1084.6,1068.9,1073.4
2002-05-06,1073.4,1075.9,1052.7,1052.7
2002-05-07,1052.7,1058.7,1049.0,1049.5
2002-05-08,1049.5,1088.9,1049.5,1088.8
2002-05-09,1088.8,1088.8,1072.2,1073.0
2002-05-10,1073.0,1075.4,1053.9,1055.0
2002-05-13,1055.0,1074.8,1053.9,1074.6
2002-05-14,1074.6,1097.7,1074.6,1097.3
2002-05-15,1097.3,1104.2,1088.9,1091.1
2002-05-16,1091.1,1099.3,1089.2,1098.2
2002-05-17,1098.2,1106.6,1096.8,1106.6
2002-05-20,1106.6,1106.6,1090.6,1091.9
2002-05-21,1091.9,1099.5,1079.1,1079.9
2002-05-22,1079.9,1086.0,1075.6,1086.0
2002-05-23,1086.0,1097.1,1080.5,1097.1
2002-05-24,1097.1,1097.1,1082.2,1083.8
2002-05-28,1083.8,1086.0,1070.3,1074.5
2002-05-29,1074.5,1074.8,1067.7,1067.7
2002-05-30,1067.7,1069.5,1054.3,1064.7
2002-05-31,1064.7,1079.9,1064.7,1067.1
2002-06-03,1067.1,1070.7,1039.9,1040.7
2002-06-04,1040.7,1046.1,1030.5,1040.7
2002-06-05,1040.7,1050.1,1038.8,1049.9
2002-06-06,1049.9,1049.9,1026.9,1029.2
2002-06-07,1029.2,1033.0,1012.5,1027.5
2002-06-10,1027.5,1038.2,1025.5,1030.7
2002-06-11,1030.7,1039.0,1012.9,1013.6
2002-06-12,1013.6,1021.9,1002.6,1020.3
2002-06-13,1020.3,1023.5,1008.1,1009.6
2002-06-14,1009.6,1009.6,981.6,1007.3
2002-06-17,1007.3,1036.2,1007.3,1036.2
2002-06-18,1036.2,1040.8,1030.9,1037.1
2002-06-19,1037.1,1037.6,1017.9,1020.0
2002-06-20,1020.0,1023.3,1004.6,1006.3
2002-06-21,1006.3,1006.3,985.6,989.1
2002-06-24,989.1,1002.1,970.9,992.7
2002-06-25,992.7,1005.9,974.2,976.1
2002-06-26,976.1,977.4,952.9,973.5
2002-06-27,973.5,990.7,963.7,990.6
2002-06-28,990.6,1001.8,988.3,989.8
2002-07-01,989.8,994.5,967.4,968.6
2002-07-02,968.6,968.6,945.5,948.1
2002-07-03,948.1,954.3,934.9,954.0
2002-07-05,965.8,989.1,954.0,989.0
2002-07-08,989.0,993.6,972.9,977.0
2002-07-09,977.0,979.6,951.7,952.8
2002-07-10,952.8,956.3,920.3,920.5
2002-07-11,920.5,929.2,900.9,927.4
2002-07-12,927.4,934.3,913.7,921.4
2002-07-15,921.4,921.4,876.5,917.9
2002-07-16,917.9,918.6,897.1,901.0
2002-07-17,901.0,926.5,895.0,906.0
2002-07-18,906.0,907.8,880.6,881.6
2002-07-19,864.1,881.6,842.1,847.8
2002-07-22,847.8,854.1,813.3,819.9
2002-07-23,819.9,827.7,796.1,797.7
2002-07-24,797.7,844.3,775.7,843.4
2002-07-25,843.4,853.8,816.1,838.7
2002-07-26,838.7,852.9,835.9,852.8
2002-07-29,852.8,899.0,852.8,899.0
2002-07-30,899.0,909.8,884.7,902.8
2002-07-31,902.8,911.6,889.9,911.6
2002-08-01,911.6,911.6,882.6,884.7
2002-08-02,884.7,884.7,854.0,864.2
2002-08-05,864.2,864.2,833.4,834.6
2002-08-06,834.6,874.4,834.6,859.6
2002-08-07,859.6,878.7,854.1,876.8
2002-08-08,876.8,905.8,875.2,905.5
2002-08-09,905.5,914.0,890.8,908.6
2002-08-12,908.6,908.6,892.4,903.8
2002-08-13,903.8,911.7,883.6,884.2
2002-08-14,884.2,920.2,876.2,919.6
2002-08-15,919.6,933.3,918.2,930.2
2002-08-16,930.2,935.4,916.2,928.8
2002-08-19,928.8,951.2,927.2,950.7
2002-08-20,950.7,950.7,931.9,937.4
2002-08-21,937.4,951.6,931.3,949.4
2002-08-22,949.4,965.0,946.4,962.7
2002-08-23,962.7,962.7,937.2,940.9
2002-08-26,940.9,950.8,930.4,948.0
2002-08-27,948.0,955.8,930.4,934.8
2002-08-28,934.8,934.8,913.2,917.9
2002-08-29,917.9,924.6,903.3,917.8
2002-08-30,917.8,928.1,910.2,916.1
2002-09-03,916.1,916.1,877.5,878.0
2002-09-04,878.0,896.1,875.7,893.4
2002-09-05,893.4,893.4,870.5,879.1
2002-09-06,879.1,899.1,879.1,893.9
2002-09-09,893.9,907.3,882.9,903.0
2002-09-10,903.0,909.9,900.5,909.6
2002-09-11,910.6,924.0,908.5,909.5
2002-09-12,909.5,909.5,884.8,886.9
2002-09-13,886.9,892.8,877.0,889.8
2002-09-16,889.8,891.8,878.9,891.1
2002-09-17,891.1,902.7,872.4,873.5
2002-09-18,873.5,878.5,857.4,869.5
2002-09-19,869.5,869.5,843.1,843.3
2002-09-20,843.3,849.3,839.1,845.4
2002-09-23,845.4,845.4,825.8,833.7
2002-09-24,833.7,833.7,817.4,819.3
2002-09-25,819.3,844.2,818.5,839.7
2002-09-26,839.7,856.6,839.7,855.0
2002-09-27,855.0,855.0,826.8,827.4
2002-09-30,827.4,827.4,800.2,815.3
2002-10-01,815.3,847.9,812.8,847.9
2002-10-02,843.8,851.9,826.5,827.9
2002-10-03,827.9,840.0,817.2,819.0
2002-10-04,819.0,825.9,794.1,800.6
2002-10-07,800.6,808.2,783.0,785.3
2002-10-08,785.3,808.9,779.5,798.5
2002-10-09,798.5,798.5,775.8,776.8
2002-10-10,776.8,806.5,768.6,803.9
2002-10-11,803.9,843.3,803.9,835.3
2002-10-14,835.3,844.4,828.4,841.4
2002-10-15,841.4,881.3,841.4,881.3
2002-10-16,881.3,881.3,856.3,860.0
2002-10-17,860.0,885.4,860.0,879.2
2002-10-18,879.2,886.7,866.6,884.4
2002-10-21,884.4,900.7,873.1,899.7
2002-10-22,899.7,899.7,882.4,890.2
2002-10-23,890.2,896.1,873.8,896.1
2002-10-24,896.1,902.9,879.0,882.5
2002-10-25,882.5,897.7,877.0,897.6
2002-10-28,897.6,907.4,886.1,890.2
2002-10-29,890.2,890.6,867.9,882.1
2002-10-30,882.1,895.3,879.2,890.7
2002-10-31,890.7,898.8,879.8,885.8
2002-11-01,885.8,903.4,877.7,901.0
2002-11-04,901.0,924.6,901.0,908.4
2002-11-05,908.4,915.8,904.9,915.4
2002-11-06,915.4,925.7,905.0,923.8
2002-11-07,923.8,923.8,898.7,902.6
2002-11-08,902.6,910.1,891.6,894.7
2002-11-11,894.7,894.7,874.6,876.2
2002-11-12,876.2,894.3,876.2,883.0
2002-11-13,883.0,892.5,872.0,882.5
2002-11-14,882.5,904.3,882.5,904.3
2002-11-15,904.3,910.2,895.4,909.8
2002-11-18,909.8,915.9,899.5,900.4
2002-11-19,900.4,905.5,893.1,896.7
2002-11-20,896.7,915.0,894.9,914.1
2002-11-21,914.1,935.1,914.1,933.8
2002-11-22,933.8,937.3,928.4,930.5
2002-11-25,930.5,937.1,923.3,932.9
2002-11-26,932.9,932.9,912.1,913.3
2002-11-27,913.3,940.4,913.3,938.9
2002-11-29,938.9,941.8,935.6,936.3
2002-12-02,936.3,954.3,927.7,934.5
2002-12-03,934.5,934.5,918.7,920.8
2002-12-04,920.8,925.2,909.5,917.6
2002-12-05,917.6,921.5,905.9,906.5
2002-12-06,906.5,915.5,896.0,912.2
2002-12-09,912.2,912.2,892.0,892.0
2002-12-10,892.0,905.0,892.0,904.5
2002-12-11,904.5,909.9,896.5,905.0
2002-12-12,905.0,908.4,897.0,901.6
2002-12-13,901.6,901.6,888.5,889.5
2002-12-16,889.5,910.4,889.5,910.4
2002-12-17,910.4,911.2,901.7,903.0
2002-12-18,903.0,903.0,887.8,891.1
2002-12-19,890.0,899.2,880.3,884.2
2002-12-20,884.2,897.8,884.2,895.8
2002-12-23,895.7,902.4,892.3,897.4
2002-12-24,897.4,897.4,892.3,892.5
2002-12-26,892.5,903.9,887.5,889.7
2002-12-27,889.7,890.5,873.6,875.4
2002-12-30,875.4,882.1,870.2,879.4
2002-12-31,879.4,881.9,869.5,879.8
2003-01-02,879.8,909.0,879.8,909.0
2003-01-03,909.0,911.2,903.1,908.6
2003-01-06,908.6,931.8,908.6,929.0
2003-01-07,929.0,930.8,919.9,922.9
2003-01-08,922.9,922.9,908.3,909.9
2003-01-09,909.9,928.3,909.9,927.6
2003-01-10,927.6,932.9,917.7,927.6
2003-01-13,927.6,935.0,922.0,926.3
2003-01-14,926.3,931.7,921.7,931.7
2003-01-15,931.7,932.6,916.7,918.2
2003-01-16,918.2,926.0,912.0,914.6
2003-01-17,914.6,914.6,899.0,901.8
2003-01-21,901.8,906.0,887.6,887.6
2003-01-22,887.6,889.7,877.6,878.4
2003-01-23,878.4,890.2,876.9,887.3
2003-01-24,887.3,887.3,859.7,861.4
2003-01-27,861.4,864.0,844.2,847.5
2003-01-28,847.5,860.8,847.5,858.5
2003-01-29,858.5,868.7,845.9,864.4
2003-01-30,864.4,865.5,843.7,844.6
2003-01-31,844.6,858.3,840.3,855.7
2003-02-03,855.7,864.6,855.7,860.3
2003-02-04,860.3,860.3,840.2,848.2
2003-02-05,848.2,861.6,842.1,843.6
2003-02-06,843.6,844.2,833.2,838.1
2003-02-07,838.1,845.7,826.7,829.7
2003-02-10,829.7,837.2,823.5,836.0
2003-02-11,836.0,843.0,825.1,829.2
2003-02-12,829.2,832.1,818.5,818.7
2003-02-13,818.7,821.2,806.3,817.4
2003-02-14,817.4,834.9,815.0,834.9
2003-02-18,834.9,852.9,834.9,851.2
2003-02-19,851.2,851.2,838.8,845.1
2003-02-20,845.1,849.4,836.6,837.1
2003-02-21,837.1,852.3,831.5,848.2
2003-02-24,848.2,848.2,832.2,832.6
2003-02-25,832.6,839.5,818.5,838.6
2003-02-26,838.6,840.1,826.7,827.5
2003-02-27,827.5,842.2,827.5,837.3
2003-02-28,837.3,847.0,837.3,841.1
2003-03-03,841.1,852.3,832.7,834.8
2003-03-04,834.8,835.4,822.0,822.0
2003-03-05,822.0,829.9,819.0,829.9
2003-03-06,829.9,829.9,819.9,822.1
2003-03-07,822.1,829.5,811.2,828.9
2003-03-10,828.9,828.9,806.6,807.5
2003-03-11,807.5,814.2,800.3,800.7
2003-03-12,800.7,804.2,788.9,804.2
2003-03-13,804.2,832.0,804.2,831.9
2003-03-14,831.9,841.4,828.3,833.3
2003-03-17,833.3,862.8,827.2,862.8
2003-03-18,862.8,866.9,857.4,866.5
2003-03-19,866.5,875.0,861.2,874.0
2003-03-20,874.0,879.6,859.0,875.7
2003-03-21,875.8,895.9,875.8,895.8
2003-03-24,895.8,895.8,862.0,864.2
2003-03-25,864.2,879.9,862.6,874.7
2003-03-26,874.7,875.8,866.5,870.0
2003-03-27,870.0,874.1,858.1,868.5
2003-03-28,868.5,869.9,860.8,863.5
2003-03-31,863.5,863.5,843.7,848.2
2003-04-01,848.2,861.3,847.9,858.5
2003-04-02,858.5,884.6,858.5,880.9
2003-04-03,880.9,885.9,876.1,876.5
2003-04-04,876.5,882.7,874.2,878.9
2003-04-07,878.9,904.9,878.9,879.9
2003-04-08,879.9,883.1,874.7,878.3
2003-04-09,878.3,887.4,865.7,866.0
2003-04-10,866.0,871.8,862.8,871.6
2003-04-11,871.6,883.3,865.9,868.3
2003-04-14,868.3,885.3,868.3,885.2
2003-04-15,885.2,891.3,881.9,890.8
2003-04-16,890.8,896.8,877.9,879.9
2003-04-17,879.9,893.8,879.2,893.6
2003-04-21,893.6,898.0,888.2,892.0
2003-04-22,892.0,911.7,886.7,911.4
2003-04-23,911.4,919.7,909.9,919.0
2003-04-24,919.0,919.0,906.7,911.4
2003-04-25,911.4,911.4,897.5,898.8
2003-04-28,898.8,918.1,898.8,914.8
2003-04-29,914.8,924.2,911.1,917.8
2003-04-30,917.8,922.0,911.7,916.9
2003-05-01,916.9,919.7,902.8,916.3
2003-05-02,916.3,930.6,912.4,930.1
2003-05-05,930.1,933.9,924.5,926.5
2003-05-06,926.5,939.6,926.4,934.4
2003-05-07,934.4,937.2,926.4,929.6
2003-05-08,929.6,929.6,919.7,920.3
2003-05-09,920.3,933.8,920.3,933.4
2003-05-12,933.4,946.8,929.3,945.1
2003-05-13,945.1,947.5,938.9,942.3
2003-05-14,942.3,947.3,935.2,939.3
2003-05-15,939.3,948.2,938.8,946.7
2003-05-16,943.6,948.6,938.6,944.3
2003-05-19,944.3,944.3,920.2,920.8
2003-05-20,920.8,925.3,912.0,919.7
2003-05-21,919.7,923.9,914.9,923.4
2003-05-22,923.4,935.3,922.5,931.9
2003-05-23,931.9,935.2,927.4,933.2
2003-05-27,933.2,952.8,927.3,951.5
2003-05-28,951.5,959.4,950.1,953.2
2003-05-29,953.2,962.1,946.2,949.6
2003-05-30,949.6,965.4,949.6,963.6
2003-06-02,963.6,979.1,963.6,967.0
2003-06-03,967.0,973.0,964.5,971.6
2003-06-04,971.6,987.9,970.7,986.2
2003-06-05,986.2,990.1,978.1,990.1
2003-06-06,990.1,1007.7,986.0,987.8
2003-06-09,987.8,987.8,972.6,975.9
2003-06-10,975.9,984.8,975.9,984.8
2003-06-11,984.8,997.5,981.6,997.5
2003-06-12,997.5,1002.7,991.3,998.5
2003-06-13,998.5,1000.9,984.3,988.6
2003-06-16,988.6,1010.9,988.6,1010.7
2003-06-17,1010.7,1015.3,1007.0,1011.7
2003-06-18,1011.7,1015.1,1004.6,1010.1
2003-06-19,1010.1,1011.2,993.1,994.7
2003-06-20,994.7,1002.1,993.4,995.7
2003-06-23,995.7,995.7,977.4,981.6
2003-06-24,981.6,987.8,979.1,983.5
2003-06-25,983.5,991.6,974.9,975.3
2003-06-26,975.3,986.5,973.8,985.8
2003-06-27,985.8,988.9,974.3,976.2
2003-06-30,976.2,983.6,973.6,974.5
2003-07-01,974.5,983.3,962.1,982.3
2003-07-02,982.3,993.8,982.3,993.8
2003-07-03,993.8,995.0,983.3,985.7
2003-07-07,985.7,1005.6,985.7,1004.4
2003-07-08,1004.4,1008.9,998.7,1007.8
2003-07-09,1007.8,1010.4,998.2,1002.2
2003-07-10,1002.2,1002.2,983.6,988.7
2003-07-11,988.7,1000.9,988.7,998.1
2003-07-14,998.1,1015.4,998.1,1003.9
2003-07-15,1003.9,1009.6,996.7,1000.4
2003-07-16,1000.4,1003.5,989.3,994.0
2003-07-17,994.0,994.0,978.6,981.7
2003-07-18,981.7,994.2,981.7,993.3
2003-07-21,993.3,993.3,975.6,978.8
2003-07-22,978.8,990.3,976.1,988.1
2003-07-23,988.1,989.9,979.8,988.6
2003-07-24,988.6,998.9,981.1,981.6
2003-07-25,981.6,998.7,977.4,998.7
2003-07-28,998.7,1000.7,993.6,996.5
2003-07-29,996.5,998.6,984.1,989.3
2003-07-30,989.3,992.6,986.0,987.5
2003-07-31,987.5,1004.6,987.5,990.3
2003-08-01,990.3,990.3,978.9,980.1
2003-08-04,980.1,985.8,966.8,982.8
2003-08-05,982.8,982.8,965.0,965.5
2003-08-06,965.5,975.7,960.8,967.1
2003-08-07,967.1,974.9,963.8,974.1
2003-08-08,974.1,980.6,973.8,977.6
2003-08-11,977.6,985.5,974.2,980.6
2003-08-12,980.6,990.4,979.9,990.4
2003-08-13,990.4,992.5,980.9,984.0
2003-08-14,984.0,991.9,980.4,990.5
2003-08-15,988.0,992.4,987.1,990.7
2003-08-18,990.7,1000.4,990.7,999.7
2003-08-19,999.7,1003.3,995.3,1002.4
2003-08-20,1002.4,1003.5,996.6,1000.3
2003-08-21,1000.3,1009.5,999.3,1003.3
2003-08-22,1003.3,1011.0,992.6,993.1
2003-08-25,993.1,993.7,987.9,993.7
2003-08-26,993.7,997.9,983.6,996.7
2003-08-27,996.7,998.0,993.3,996.8
2003-08-28,996.8,1004.1,991.4,1002.8
2003-08-29,1002.8,1008.9,999.5,1008.0
2003-09-02,1008.0,1022.6,1005.7,1022.0
2003-09-03,1022.0,1029.3,1022.0,1026.3
2003-09-04,1026.3,1029.2,1022.2,1028.0
2003-09-05,1028.0,1029.2,1018.2,1021.4
2003-09-08,1021.4,1032.4,1021.4,1031.6
2003-09-09,1031.6,1031.6,1021.1,1023.2
2003-09-10,1023.2,1023.2,1009.7,1010.9
2003-09-11,1010.9,1020.9,1010.9,1016.4
2003-09-12,1016.4,1019.6,1007.7,1018.6
2003-09-15,1018.6,1019.8,1013.6,1014.8
2003-09-16,1014.8,1029.7,1014.8,1029.3
2003-09-17,1029.3,1031.3,1024.5,1026.0
2003-09-18,1026.0,1040.2,1025.8,1039.6
2003-09-19,1039.6,1040.3,1031.9,1036.3
2003-09-22,1036.3,1036.3,1018.3,1022.8
2003-09-23,1022.8,1030.1,1021.5,1029.0
2003-09-24,1029.0,1029.8,1008.9,1009.4
2003-09-25,1009.4,1016.0,1003.3,1003.3
2003-09-26,1003.3,1003.5,996.1,996.9
2003-09-29,996.9,1006.9,995.3,1006.6
2003-09-30,1006.6,1006.6,990.4,996.0
2003-10-01,996.0,1018.2,996.0,1018.2
2003-10-02,1018.2,1021.9,1013.4,1020.2
2003-10-03,1020.2,1039.3,1020.2,1029.8
2003-10-06,1029.8,1036.5,1029.2,1034.3
2003-10-07,1034.3,1039.2,1026.2,1039.2
2003-10-08,1039.2,1040.1,1031.0,1033.8
2003-10-09,1033.8,1048.3,1033.8,1038.7
2003-10-10,1038.7,1040.8,1035.7,1038.1
2003-10-13,1038.1,1048.9,1038.1,1045.3
2003-10-14,1045.3,1049.5,1040.8,1049.5
2003-10-15,1049.5,1053.8,1043.2,1046.8
2003-10-16,1046.8,1052.9,1044.0,1050.1
2003-10-17,1050.1,1051.9,1036.6,1039.3
2003-10-20,1039.3,1044.7,1036.1,1044.7
2003-10-21,1044.7,1048.6,1042.5,1046.0
2003-10-22,1046.0,1046.0,1028.4,1030.4
2003-10-23,1030.4,1035.4,1025.9,1033.8
2003-10-24,1033.8,1033.8,1018.3,1028.9
2003-10-27,1028.9,1037.8,1028.9,1031.1
2003-10-28,1031.1,1046.8,1031.1,1046.8
2003-10-29,1046.8,1049.8,1043.3,1048.1
2003-10-30,1048.1,1052.8,1043.8,1046.9
2003-10-31,1046.9,1053.1,1046.9,1050.7
2003-11-03,1050.7,1061.4,1050.7,1059.0
2003-11-04,1059.0,1059.0,1051.7,1053.2
2003-11-05,1053.2,1054.5,1044.9,1051.8
2003-11-06,1051.8,1058.9,1046.9,1058.0
2003-11-07,1058.0,1062.4,1052.2,1053.2
2003-11-10,1053.2,1053.7,1045.6,1047.1
2003-11-11,1047.1,1048.2,1043.5,1046.6
2003-11-12,1046.6,1059.1,1046.6,1058.6
2003-11-13,1058.6,1059.6,1053.0,1058.4
2003-11-14,1058.4,1063.7,1048.1,1050.3
2003-11-17,1050.3,1050.3,1035.3,1043.6
2003-11-18,1043.6,1048.8,1034.0,1034.2
2003-11-19,1034.2,1044.0,1034.2,1042.4
2003-11-20,1042.4,1046.5,1033.4,1033.7
2003-11-21,1033.7,1037.6,1031.2,1035.3
2003-11-24,1035.3,1052.1,1035.3,1052.1
2003-11-25,1052.1,1058.0,1049.3,1053.9
2003-11-26,1053.9,1058.5,1048.3,1058.5
2003-11-28,1058.5,1060.6,1056.8,1058.2
2003-12-01,1058.2,1070.5,1058.2,1070.1
2003-12-02,1070.1,1071.2,1065.2,1066.6
2003-12-03,1066.6,1074.3,1064.6,1064.7
2003-12-04,1064.7,1070.4,1063.2,1069.7
2003-12-05,1069.7,1069.7,1060.1,1061.5
2003-12-08,1061.5,1069.6,1060.9,1069.3
2003-12-09,1069.3,1071.9,1059.2,1060.2
2003-12-10,1060.2,1063.0,1053.4,1059.0
2003-12-11,1059.0,1073.6,1059.0,1071.2
2003-12-12,1071.2,1074.8,1067.6,1074.1
2003-12-15,1074.1,1082.8,1068.0,1068.0
2003-12-16,1068.0,1075.9,1068.0,1075.1
2003-12-17,1075.1,1076.5,1071.1,1076.5
2003-12-18,1076.5,1089.5,1076.5,1089.2
2003-12-19,1089.2,1091.1,1084.2,1088.7
2003-12-22,1088.7,1092.9,1086.1,1092.9
2003-12-23,1092.9,1097.0,1091.7,1096.0
2003-12-24,1096.0,1096.4,1092.7,1094.0
2003-12-26,1094.0,1098.5,1094.0,1095.9
2003-12-29,1095.9,1109.5,1095.9,1109.5
2003-12-30,1109.5,1109.8,1106.4,1109.6
2003-12-31,1109.6,1112.6,1106.2,1111.9
2004-01-02,1111.9,1118.8,1105.1,1108.5
2004-01-05,1108.5,1122.2,1108.5,1122.2
2004-01-06,1122.2,1124.5,1118.4,1123.7
2004-01-07,1123.7,1126.3,1116.5,1126.3
2004-01-08,1126.3,1131.9,1124.9,1131.9
2004-01-09,1131.9,1131.9,1120.9,1121.9
2004-01-12,1121.9,1127.8,1120.9,1127.2
2004-01-13,1127.2,1129.1,1115.2,1121.2
2004-01-14,1121.2,1130.8,1121.2,1130.5
2004-01-15,1130.5,1137.1,1124.5,1132.0
2004-01-16,1132.0,1139.8,1132.0,1139.8
2004-01-20,1139.8,1142.9,1135.4,1138.8
2004-01-21,1138.8,1149.2,1134.6,1147.6
2004-01-22,1147.6,1150.5,1143.0,1143.9
2004-01-23,1143.9,1150.3,1136.8,1141.5
2004-01-26,1141.5,1155.4,1141.0,1155.4
2004-01-27,1155.4,1155.4,1144.0,1144.0
2004-01-28,1144.0,1149.1,1126.5,1128.5
2004-01-29,1128.5,1134.4,1122.4,1134.1
2004-01-30,1134.1,1134.2,1127.7,1131.1
2004-02-02,1131.1,1142.6,1127.9,1135.3
2004-02-03,1135.3,1137.4,1131.3,1136.0
2004-02-04,1136.0,1136.0,1124.7,1126.5
2004-02-05,1126.5,1131.2,1124.4,1128.6
2004-02-06,1128.6,1142.8,1128.4,1142.8
2004-02-09,1142.8,1144.5,1139.2,1139.8
2004-02-10,1139.8,1147.0,1138.7,1145.5
2004-02-11,1145.5,1158.9,1142.3,1157.8
2004-02-12,1157.8,1157.8,1151.4,1152.1
2004-02-13,1152.1,1156.9,1143.2,1145.8
2004-02-17,1145.8,1159.0,1145.8,1157.0
2004-02-18,1157.0,1157.4,1149.4,1151.8
2004-02-19,1151.8,1158.6,1146.8,1147.1
2004-02-20,1147.1,1149.8,1139.0,1144.1
2004-02-23,1144.1,1146.7,1137.0,1141.0
2004-02-24,1141.0,1144.5,1134.4,1139.1
2004-02-25,1139.1,1145.2,1138.7,1143.7
2004-02-26,1143.7,1147.2,1138.6,1144.9
2004-02-27,1145.8,1151.7,1141.8,1144.9
2004-03-01,1144.9,1157.5,1144.9,1156.0
2004-03-02,1156.0,1156.5,1147.3,1149.1
2004-03-03,1149.1,1152.4,1143.8,1151.0
2004-03-04,1151.0,1155.0,1149.8,1154.9
2004-03-05,1154.9,1163.2,1148.7,1156.9
2004-03-08,1156.9,1159.9,1147.0,1147.2
2004-03-09,1147.2,1147.3,1136.8,1140.6
2004-03-10,1140.6,1141.5,1122.5,1123.9
2004-03-11,1123.9,1126.0,1105.9,1106.8
2004-03-12,1106.8,1120.6,1106.8,1120.6
2004-03-15,1120.6,1120.6,1103.4,1104.5
2004-03-16,1104.5,1113.8,1102.6,1110.7
2004-03-17,1110.7,1125.8,1110.7,1123.8
2004-03-18,1123.8,1125.5,1113.2,1122.3
2004-03-19,1122.3,1122.7,1109.7,1109.8
2004-03-22,1109.8,1109.8,1089.5,1095.4
2004-03-23,1095.4,1101.5,1091.6,1094.0
2004-03-24,1094.0,1098.4,1087.1,1091.3
2004-03-25,1091.3,1110.4,1091.3,1109.2
2004-03-26,1109.2,1115.3,1106.1,1108.1
2004-03-29,1108.1,1124.4,1108.1,1122.5
2004-03-30,1122.5,1127.6,1119.7,1127.0
2004-03-31,1127.0,1130.8,1121.5,1126.2
2004-04-01,1126.2,1135.7,1126.2,1132.2
2004-04-02,1132.2,1144.8,1132.2,1141.8
2004-04-05,1141.8,1150.6,1141.6,1150.6
2004-04-06,1150.6,1150.6,1143.3,1148.2
2004-04-07,1148.2,1148.2,1138.4,1140.5
2004-04-08,1140.5,1149.0,1134.5,1139.3
2004-04-12,1139.3,1147.3,1139.3,1145.2
2004-04-13,1145.2,1147.8,1127.7,1129.4
2004-04-14,1129.4,1132.5,1122.2,1128.2
2004-04-15,1128.2,1134.1,1120.8,1128.8
2004-04-16,1128.8,1136.8,1126.8,1134.6
2004-04-19,1134.6,1136.2,1129.8,1135.8
2004-04-20,1135.8,1139.3,1118.1,1118.2
2004-04-21,1118.2,1125.7,1116.0,1124.1
2004-04-22,1124.1,1142.8,1121.9,1139.9
2004-04-23,1139.9,1141.9,1134.8,1140.6
2004-04-26,1140.6,1145.1,1132.9,1135.5
2004-04-27,1135.5,1146.8,1135.5,1138.1
2004-04-28,1138.1,1138.1,1121.7,1122.4
2004-04-29,1122.4,1128.8,1108.0,1113.9
2004-04-30,1113.9,1119.3,1107.2,1107.3
2004-05-03,1107.3,1118.7,1107.3,1117.5
2004-05-04,1117.5,1127.7,1112.9,1119.5
2004-05-05,1119.5,1125.1,1117.9,1121.5
2004-05-06,1121.5,1121.5,1106.3,1114.0
2004-05-07,1114.0,1117.3,1098.6,1098.7
2004-05-10,1098.7,1098.7,1079.6,1087.1
2004-05-11,1087.1,1095.7,1087.1,1095.5
2004-05-12,1095.5,1097.5,1076.3,1097.3
2004-05-13,1097.3,1102.8,1091.8,1096.4
2004-05-14,1096.4,1102.4,1088.2,1095.7
2004-05-17,1095.7,1095.7,1079.4,1084.1
2004-05-18,1084.1,1094.1,1084.1,1091.5
2004-05-19,1091.5,1105.9,1088.5,1088.7
2004-05-20,1088.7,1092.6,1085.4,1089.2
2004-05-21,1089.2,1099.7,1089.2,1093.6
2004-05-24,1093.6,1101.7,1091.8,1095.4
2004-05-25,1095.4,1113.8,1090.7,1113.0
2004-05-26,1113.0,1116.7,1109.9,1114.9
2004-05-27,1114.9,1124.0,1114.9,1121.3
2004-05-28,1121.3,1122.7,1118.1,1120.7
2004-06-01,1120.7,1122.7,1113.3,1121.2
2004-06-02,1121.2,1128.1,1118.6,1125.0
2004-06-03,1125.0,1125.3,1116.6,1116.6
2004-06-04,1116.6,1129.2,1116.6,1122.5
2004-06-07,1122.5,1140.5,1122.5,1140.4
2004-06-08,1140.4,1142.2,1135.5,1142.2
2004-06-09,1142.2,1142.2,1131.2,1131.3
2004-06-10,1131.3,1136.5,1131.3,1136.5
2004-06-14,1136.5,1136.5,1122.2,1125.3
2004-06-15,1125.3,1137.4,1125.3,1132.0
2004-06-16,1132.0,1135.3,1130.5,1133.6
2004-06-17,1133.6,1133.6,1126.9,1132.0
2004-06-18,1132.0,1139.1,1129.8,1135.0
2004-06-21,1135.0,1138.0,1129.6,1130.3
2004-06-22,1130.3,1135.0,1124.4,1134.4
2004-06-23,1134.4,1145.2,1131.7,1144.1
2004-06-24,1144.1,1146.3,1139.9,1140.7
2004-06-25,1140.7,1146.0,1134.2,1134.4
2004-06-28,1134.4,1142.6,1131.6,1133.3
2004-06-29,1133.3,1138.3,1131.8,1136.2
2004-06-30,1136.2,1144.2,1133.6,1140.8
2004-07-01,1140.8,1140.8,1123.1,1128.9
2004-07-02,1128.9,1129.2,1123.3,1125.4
2004-07-06,1125.4,1125.4,1113.2,1116.2
2004-07-07,1116.2,1122.4,1114.9,1118.3
2004-07-08,1118.3,1119.1,1108.7,1109.1
2004-07-09,1109.1,1115.6,1109.1,1112.8
2004-07-12,1112.8,1116.1,1106.7,1114.3
2004-07-13,1114.3,1116.3,1113.0,1115.1
2004-07-14,1115.1,1119.6,1107.8,1111.5
2004-07-15,1111.5,1114.7,1106.6,1106.7
2004-07-16,1106.7,1112.2,1101.1,1101.4
2004-07-19,1101.4,1105.5,1096.5,1100.9
2004-07-20,1100.9,1108.9,1099.1,1108.7
2004-07-21,1108.7,1116.3,1093.9,1093.9
2004-07-22,1093.9,1099.7,1084.2,1096.8
2004-07-23,1096.8,1096.8,1083.5,1086.2
2004-07-26,1086.2,1089.8,1078.8,1084.1
2004-07-27,1084.1,1096.7,1084.1,1094.8
2004-07-28,1094.8,1098.8,1082.2,1095.4
2004-07-29,1095.4,1103.7,1095.4,1100.4
2004-07-30,1100.4,1103.7,1097.0,1101.7
2004-08-02,1101.7,1108.6,1097.3,1106.6
2004-08-03,1106.6,1106.6,1099.2,1099.7
2004-08-04,1099.7,1102.5,1092.4,1098.6
2004-08-05,1098.6,1098.8,1080.0,1080.7
2004-08-06,1080.7,1080.7,1062.2,1064.0
2004-08-09,1064.0,1069.5,1064.0,1065.2
2004-08-10,1065.2,1079.0,1065.2,1079.0
2004-08-11,1079.0,1079.0,1065.9,1075.8
2004-08-12,1075.8,1075.8,1062.8,1063.2
2004-08-13,1063.2,1067.6,1060.7,1064.8
2004-08-16,1064.8,1080.7,1064.8,1079.3
2004-08-17,1079.3,1087.0,1079.3,1081.7
2004-08-18,1081.7,1095.2,1078.9,1095.2
2004-08-19,1095.2,1095.2,1086.3,1091.2
2004-08-20,1091.2,1100.3,1089.6,1098.3
2004-08-23,1098.3,1101.4,1094.7,1095.7
2004-08-24,1095.7,1100.9,1092.8,1096.2
2004-08-25,1096.2,1106.3,1093.2,1105.0
2004-08-26,1105.0,1106.8,1102.4,1105.1
2004-08-27,1105.1,1109.7,1104.6,1107.8
2004-08-30,1107.8,1107.8,1099.2,1099.2
2004-08-31,1099.2,1104.2,1094.7,1104.2
2004-09-01,1104.2,1109.2,1099.1,1105.9
2004-09-02,1105.9,1119.1,1105.6,1118.3
2004-09-03,1118.3,1120.8,1113.6,1113.6
2004-09-07,1113.6,1124.1,1113.6,1121.3
2004-09-08,1121.3,1123.0,1116.3,1116.3
2004-09-09,1116.3,1121.3,1113.6,1118.4
2004-09-10,1118.4,1125.3,1114.4,1123.9
2004-09-13,1123.9,1129.8,1123.3,1125.8
2004-09-14,1125.8,1129.5,1124.7,1128.3
2004-09-15,1128.3,1128.3,1119.7,1120.4
2004-09-16,1120.4,1126.1,1120.4,1123.5
2004-09-17,1123.5,1130.5,1123.5,1128.5
2004-09-20,1128.5,1128.5,1120.3,1122.2
2004-09-21,1122.2,1131.5,1122.2,1129.3
2004-09-22,1129.3,1129.3,1112.7,1113.6
2004-09-23,1113.6,1113.6,1108.0,1108.4
2004-09-24,1108.4,1113.8,1108.4,1110.1
2004-09-27,1110.1,1110.1,1103.2,1103.5
2004-09-28,1103.5,1111.8,1101.3,1110.1
2004-09-29,1110.1,1114.8,1107.4,1114.8
2004-09-30,1114.8,1116.3,1109.6,1114.6
2004-10-01,1114.6,1131.6,1114.6,1131.5
2004-10-04,1131.5,1140.2,1131.5,1135.2
2004-10-05,1135.2,1137.9,1132.0,1134.5
2004-10-06,1134.5,1142.0,1132.9,1142.0
2004-10-07,1142.0,1142.0,1130.5,1130.7
2004-10-08,1130.7,1132.9,1120.2,1122.1
2004-10-11,1122.1,1126.2,1122.1,1124.4
2004-10-12,1124.4,1124.4,1115.8,1121.8
2004-10-13,1121.8,1127.0,1109.6,1113.7
2004-10-14,1113.7,1115.0,1102.1,1103.3
2004-10-15,1103.3,1113.2,1102.1,1108.2
2004-10-18,1108.2,1114.5,1103.3,1114.0
2004-10-19,1114.0,1118.0,1103.2,1103.2
2004-10-20,1103.2,1104.1,1094.2,1103.7
2004-10-21,1103.7,1109.0,1098.5,1106.5
2004-10-22,1106.5,1108.3,1095.3,1095.7
2004-10-25,1095.7,1096.8,1090.2,1094.8
2004-10-26,1094.8,1111.1,1094.8,1111.1
2004-10-27,1111.1,1126.3,1107.4,1125.4
2004-10-28,1125.3,1130.7,1120.6,1127.4
2004-10-29,1127.4,1131.4,1124.6,1130.2
2004-11-01,1130.2,1133.4,1127.5,1130.5
2004-11-02,1130.5,1140.5,1128.1,1130.5
2004-11-03,1130.5,1147.6,1130.5,1143.2
2004-11-04,1143.2,1161.7,1142.3,1161.7
2004-11-05,1161.7,1170.9,1160.4,1166.2
2004-11-08,1166.2,1166.9,1162.3,1164.9
2004-11-09,1164.9,1169.0,1162.5,1164.1
2004-11-10,1164.1,1169.3,1162.5,1162.9
2004-11-11,1162.9,1174.8,1162.9,1173.5
2004-11-12,1173.5,1184.2,1171.4,1184.2
2004-11-15,1184.2,1184.5,1179.8,1183.8
2004-11-16,1183.8,1183.8,1175.3,1175.4
2004-11-17,1175.4,1188.5,1175.4,1181.9
2004-11-18,1181.9,1184.9,1180.1,1183.5
2004-11-19,1183.5,1184.0,1169.2,1170.3
2004-11-22,1170.3,1178.2,1167.9,1177.2
2004-11-23,1177.2,1179.5,1171.4,1176.9
2004-11-24,1176.9,1182.5,1176.9,1181.8
2004-11-26,1181.8,1186.6,1181.1,1182.7
2004-11-29,1182.7,1186.9,1172.4,1178.6
2004-11-30,1178.6,1178.7,1173.8,1173.8
2004-12-01,1173.8,1191.4,1173.8,1191.4
2004-12-02,1191.4,1194.8,1186.7,1190.3
2004-12-03,1190.3,1197.5,1187.7,1191.2
2004-12-06,1191.2,1192.4,1185.2,1190.2
2004-12-07,1190.2,1192.2,1177.1,1177.1
2004-12-08,1177.1,1184.0,1176.8,1182.8
2004-12-09,1182.8,1190.5,1173.8,1189.2
2004-12-10,1189.2,1191.5,1185.2,1188.0
2004-12-13,1188.0,1198.8,1188.0,1198.7
2004-12-14,1198.7,1205.3,1197.8,1203.4
2004-12-15,1203.4,1206.6,1199.4,1205.7
2004-12-16,1205.7,1208.0,1198.4,1203.2
2004-12-17,1203.2,1203.2,1193.4,1194.2
2004-12-20,1194.2,1203.6,1193.4,1194.7
2004-12-21,1194.7,1205.9,1194.7,1205.5
2004-12-22,1205.5,1211.4,1203.8,1209.6
2004-12-23,1209.6,1213.7,1208.7,1210.1
2004-12-27,1210.1,1214.2,1204.9,1204.9
2004-12-28,1204.9,1213.5,1204.9,1213.5
2004-12-29,1213.5,1214.0,1211.0,1213.5
2004-12-30,1213.5,1216.5,1213.4,1213.5
2004-12-31,1213.5,1217.3,1211.7,1211.9
2005-01-03,1211.9,1217.9,1200.3,1202.1
2005-01-04,1202.1,1205.8,1185.4,1188.0
2005-01-05,1188.0,1192.8,1183.7,1183.7
2005-01-06,1183.7,1191.6,1183.2,1187.9
2005-01-07,1187.9,1192.2,1182.1,1186.2
2005-01-10,1186.2,1194.8,1184.8,1190.2
2005-01-11,1190.2,1190.2,1180.4,1183.0
2005-01-12,1183.0,1188.0,1175.6,1187.7
2005-01-13,1187.7,1187.7,1175.6,1177.5
2005-01-14,1177.5,1185.2,1177.5,1184.5
2005-01-18,1184.5,1196.0,1180.1,1196.0
2005-01-19,1196.0,1196.0,1184.4,1184.6
2005-01-20,1184.6,1184.6,1173.4,1175.4
2005-01-21,1175.4,1179.5,1167.8,1167.9
2005-01-24,1167.9,1173.2,1163.8,1163.8
2005-01-25,1163.8,1174.3,1163.8,1168.4
2005-01-26,1168.4,1176.0,1168.4,1174.1
2005-01-27,1174.1,1177.5,1170.2,1174.5
2005-01-28,1174.5,1175.6,1166.3,1171.4
2005-01-31,1171.4,1182.1,1171.4,1181.3
2005-02-01,1181.3,1190.4,1181.0,1189.4
2005-02-02,1189.4,1195.2,1188.9,1193.2
2005-02-03,1193.2,1193.2,1185.6,1189.9
2005-02-04,1189.9,1203.5,1189.7,1203.0
2005-02-07,1203.0,1204.2,1199.3,1201.7
2005-02-08,1201.7,1205.1,1200.2,1202.3
2005-02-09,1202.3,1203.8,1191.5,1192.0
2005-02-10,1192.0,1198.8,1191.5,1197.0
2005-02-11,1197.0,1208.4,1193.3,1205.3
2005-02-14,1205.3,1206.9,1203.6,1206.1
2005-02-15,1206.1,1212.4,1205.5,1210.1
2005-02-16,1210.1,1212.4,1205.1,1210.3
2005-02-17,1210.3,1211.3,1200.7,1200.8
2005-02-18,1200.8,1202.9,1197.3,1201.6
2005-02-22,1201.6,1202.5,1184.2,1184.2
2005-02-23,1184.2,1193.5,1184.2,1190.8
2005-02-24,1190.8,1200.4,1187.8,1200.2
2005-02-25,1200.2,1212.2,1199.6,1211.4
2005-02-28,1211.4,1211.4,1198.1,1203.6
2005-03-01,1203.6,1212.2,1203.6,1210.4
2005-03-02,1210.4,1215.8,1204.2,1210.1
2005-03-03,1210.1,1215.7,1204.5,1210.5
2005-03-04,1210.5,1224.8,1210.5,1222.1
2005-03-07,1222.1,1229.1,1222.1,1225.3
2005-03-08,1225.3,1225.7,1218.6,1219.4
2005-03-09,1219.4,1219.4,1206.7,1207.0
2005-03-10,1207.0,1211.2,1201.4,1209.2
2005-03-11,1209.2,1213.0,1198.2,1200.1
2005-03-14,1200.1,1206.8,1199.5,1206.8
2005-03-15,1206.8,1210.5,1197.8,1197.8
2005-03-16,1197.8,1197.8,1185.6,1188.1
2005-03-17,1188.1,1193.3,1186.3,1190.2
2005-03-18,1190.2,1192.0,1182.8,1189.7
2005-03-21,1189.7,1189.7,1178.8,1183.8
2005-03-22,1183.8,1189.6,1171.6,1171.7
2005-03-23,1171.7,1176.3,1168.7,1172.5
2005-03-24,1172.5,1180.1,1171.4,1171.4
2005-03-28,1171.4,1179.9,1171.4,1174.3
2005-03-29,1174.3,1179.4,1163.7,1165.4
2005-03-30,1165.4,1181.5,1165.4,1181.4
2005-03-31,1181.4,1184.5,1179.5,1180.6
2005-04-01,1180.6,1189.8,1169.9,1172.9
2005-04-04,1172.8,1178.6,1167.7,1176.1
2005-04-05,1176.1,1183.6,1176.1,1181.4
2005-04-06,1181.4,1189.3,1181.4,1184.1
2005-04-07,1184.1,1191.9,1183.8,1191.1
2005-04-08,1191.1,1191.8,1181.1,1181.2
2005-04-11,1181.2,1184.1,1178.7,1181.2
2005-04-12,1181.2,1190.2,1170.8,1187.8
2005-04-13,1187.8,1187.8,1171.4,1173.8
2005-04-14,1173.8,1174.7,1161.7,1162.0
2005-04-15,1162.0,1162.0,1141.9,1142.6
2005-04-18,1142.6,1148.9,1139.8,1146.0
2005-04-19,1146.0,1154.7,1146.0,1152.8
2005-04-20,1152.8,1155.5,1136.2,1137.5
2005-04-21,1137.5,1160.0,1137.5,1160.0
2005-04-22,1160.0,1160.0,1143.0,1152.1
2005-04-25,1152.1,1164.0,1152.1,1162.1
2005-04-26,1162.1,1164.8,1151.7,1151.7
2005-04-27,1151.7,1159.9,1144.4,1156.4
2005-04-28,1156.4,1156.4,1143.2,1143.2
2005-04-29,1143.2,1157.0,1139.2,1156.8
2005-05-02,1156.8,1162.9,1154.7,1162.2
2005-05-03,1162.2,1166.9,1156.7,1161.2
2005-05-04,1161.2,1176.0,1161.2,1175.7
2005-05-05,1175.7,1178.6,1166.8,1172.6
2005-05-06,1172.6,1177.8,1170.5,1171.3
2005-05-09,1171.3,1178.9,1169.4,1178.8
2005-05-10,1178.8,1178.8,1163.0,1166.2
2005-05-11,1166.2,1171.8,1157.7,1171.1
2005-05-12,1171.1,1173.4,1157.8,1159.4
2005-05-13,1159.4,1163.8,1146.2,1154.0
2005-05-16,1154.0,1165.8,1153.6,1165.7
2005-05-17,1165.7,1174.3,1159.9,1173.8
2005-05-18,1173.8,1187.9,1173.8,1185.6
2005-05-19,1185.6,1191.1,1184.5,1191.1
2005-05-20,1191.1,1191.2,1185.2,1189.3
2005-05-23,1189.3,1197.4,1188.8,1193.9
2005-05-24,1193.9,1195.3,1189.9,1194.1
2005-05-25,1194.1,1194.1,1186.0,1190.0
2005-05-26,1190.0,1199.0,1190.0,1197.6
2005-05-27,1197.6,1199.6,1195.3,1198.8
2005-05-31,1198.8,1198.8,1191.5,1191.5
2005-06-01,1191.5,1205.6,1191.0,1202.3
2005-06-02,1202.3,1204.7,1198.4,1204.3
2005-06-03,1204.3,1205.1,1194.5,1196.0
2005-06-06,1196.0,1198.8,1192.8,1197.5
2005-06-07,1197.5,1208.8,1197.3,1197.3
2005-06-08,1197.3,1202.0,1193.3,1194.7
2005-06-09,1194.7,1201.9,1191.1,1200.9
2005-06-10,1200.9,1202.8,1192.6,1198.1
2005-06-13,1198.1,1206.0,1194.5,1200.8
2005-06-14,1200.8,1207.5,1200.2,1203.9
2005-06-15,1203.9,1208.1,1198.7,1206.6
2005-06-16,1206.5,1212.1,1205.5,1211.0
2005-06-17,1210.9,1219.5,1210.9,1217.0
2005-06-20,1217.0,1219.1,1210.7,1216.1
2005-06-21,1216.1,1217.1,1211.9,1213.6
2005-06-22,1213.6,1219.6,1211.7,1213.9
2005-06-23,1213.9,1216.5,1200.7,1200.7
2005-06-24,1200.7,1200.9,1191.5,1191.6
2005-06-27,1191.6,1194.3,1188.3,1190.7
2005-06-28,1190.7,1202.5,1190.7,1201.6
2005-06-29,1201.6,1204.1,1198.7,1199.8
2005-06-30,1199.8,1203.3,1190.5,1191.3
2005-07-01,1191.3,1197.9,1191.3,1194.4
2005-07-05,1194.4,1206.3,1192.5,1205.0
2005-07-06,1205.0,1206.1,1194.8,1194.9
2005-07-07,1194.9,1198.5,1183.5,1197.9
2005-07-08,1197.9,1212.7,1197.2,1211.9
2005-07-11,1211.9,1220.0,1211.9,1219.4
2005-07-12,1219.4,1225.5,1216.6,1222.2
2005-07-13,1222.2,1224.5,1219.6,1223.3
2005-07-14,1223.3,1233.2,1223.3,1226.5
2005-07-15,1226.5,1229.5,1223.5,1227.9
2005-07-18,1227.9,1227.9,1221.1,1221.1
2005-07-19,1221.1,1230.3,1221.1,1229.3
2005-07-20,1229.3,1236.6,1222.9,1235.2
2005-07-21,1235.2,1235.8,1224.7,1227.0
2005-07-22,1227.0,1234.2,1226.2,1233.7
2005-07-25,1233.7,1238.4,1228.2,1229.0
2005-07-26,1229.0,1234.4,1229.0,1231.2
2005-07-27,1231.2,1237.6,1230.2,1236.8
2005-07-28,1236.8,1245.2,1235.8,1243.7
2005-07-29,1243.7,1245.0,1234.2,1234.2
2005-08-01,1234.2,1239.1,1233.8,1235.3
2005-08-02,1235.3,1244.7,1235.3,1244.1
2005-08-03,1244.1,1245.9,1240.6,1245.0
2005-08-04,1245.0,1245.0,1235.2,1235.9
2005-08-05,1235.9,1235.9,1225.6,1226.4
2005-08-08,1226.4,1232.3,1222.7,1223.1
2005-08-09,1223.1,1234.1,1223.1,1231.4
2005-08-10,1231.4,1242.7,1226.6,1229.1
2005-08-11,1229.1,1237.8,1228.3,1237.8
2005-08-12,1237.8,1237.8,1225.9,1230.4
2005-08-15,1230.4,1236.2,1226.2,1233.9
2005-08-16,1233.9,1233.9,1219.0,1219.3
2005-08-17,1219.3,1225.6,1218.1,1220.2
2005-08-18,1220.2,1222.6,1215.9,1219.0
2005-08-19,1219.0,1225.1,1219.0,1219.7
2005-08-22,1219.7,1229.0,1216.5,1221.7
2005-08-23,1221.7,1223.0,1214.4,1217.6
2005-08-24,1217.6,1224.2,1209.4,1209.6
2005-08-25,1209.6,1213.7,1209.6,1212.4
2005-08-26,1212.4,1212.4,1204.2,1205.1
2005-08-29,1205.1,1214.3,1201.5,1212.3
2005-08-30,1212.3,1212.3,1201.1,1208.4
2005-08-31,1208.4,1220.4,1204.4,1220.3
2005-09-01,1220.3,1227.3,1216.2,1221.6
2005-09-02,1221.6,1224.5,1217.8,1218.0
2005-09-06,1218.0,1233.6,1218.0,1233.4
2005-09-07,1233.4,1237.1,1230.9,1236.4
2005-09-08,1236.4,1236.4,1229.5,1231.7
2005-09-09,1231.7,1243.1,1231.7,1241.5
2005-09-12,1241.5,1242.6,1239.2,1240.6
2005-09-13,1240.6,1240.6,1231.2,1231.2
2005-09-14,1231.2,1234.7,1226.2,1227.2
2005-09-15,1227.2,1231.9,1224.8,1227.7
2005-09-16,1228.4,1238.0,1228.4,1237.9
2005-09-19,1237.9,1237.9,1227.7,1231.0
2005-09-20,1231.0,1236.5,1220.1,1221.3
2005-09-21,1221.3,1221.5,1209.9,1210.2
2005-09-22,1210.2,1216.6,1205.3,1214.6
2005-09-23,1214.6,1218.8,1209.8,1215.3
2005-09-26,1215.3,1222.6,1211.8,1215.6
2005-09-27,1215.6,1220.2,1211.1,1215.7
2005-09-28,1215.7,1221.0,1212.7,1216.9
2005-09-29,1216.9,1228.7,1211.5,1227.7
2005-09-30,1227.7,1229.6,1225.2,1228.8
2005-10-03,1228.8,1233.3,1225.2,1226.7
2005-10-04,1226.7,1229.9,1214.0,1214.5
2005-10-05,1214.5,1214.5,1196.2,1196.4
2005-10-06,1196.4,1202.1,1181.9,1191.5
2005-10-07,1191.5,1199.7,1191.5,1195.9
2005-10-10,1195.9,1196.5,1186.1,1187.3
2005-10-11,1187.3,1193.1,1183.2,1184.9
2005-10-12,1184.9,1190.0,1173.7,1177.7
2005-10-13,1177.7,1179.6,1168.2,1176.8
2005-10-14,1176.8,1187.1,1175.4,1186.6
2005-10-17,1186.6,1191.2,1184.5,1190.1
2005-10-18,1190.1,1190.1,1178.1,1178.1
2005-10-19,1178.1,1195.8,1170.5,1195.8
2005-10-20,1195.8,1197.3,1173.3,1177.8
2005-10-21,1177.8,1186.5,1174.9,1179.6
2005-10-24,1179.6,1199.4,1179.6,1199.4
2005-10-25,1199.4,1201.3,1189.3,1196.5
2005-10-26,1196.5,1204.0,1191.4,1191.4
2005-10-27,1191.4,1192.7,1178.9,1178.9
2005-10-28,1178.9,1198.4,1178.9,1198.4
2005-10-31,1198.4,1211.4,1198.4,1207.0
2005-11-01,1207.0,1207.3,1201.7,1202.8
2005-11-02,1202.8,1215.2,1201.1,1214.8
2005-11-03,1214.8,1224.7,1214.8,1219.9
2005-11-04,1219.9,1222.5,1214.5,1220.1
2005-11-07,1220.1,1224.2,1217.3,1222.8
2005-11-08,1222.8,1222.8,1216.1,1218.6
2005-11-09,1218.6,1226.6,1216.5,1220.7
2005-11-10,1220.7,1232.4,1215.0,1231.0
2005-11-11,1231.0,1235.7,1230.7,1234.7
2005-11-14,1234.7,1237.2,1231.8,1233.8
2005-11-15,1233.8,1237.9,1226.4,1229.0
2005-11-16,1229.0,1232.2,1227.2,1231.2
2005-11-17,1231.2,1243.0,1231.2,1242.8
2005-11-18,1242.8,1249.6,1240.7,1248.3
2005-11-21,1248.3,1255.9,1246.9,1254.8
2005-11-22,1254.8,1261.9,1251.4,1261.2
2005-11-23,1261.2,1270.6,1259.5,1265.6
2005-11-25,1265.6,1268.8,1265.5,1268.2
2005-11-28,1268.2,1268.4,1257.2,1257.5
2005-11-29,1257.5,1266.2,1257.5,1257.5
2005-11-30,1257.5,1260.9,1249.4,1249.5
2005-12-01,1249.5,1266.2,1249.5,1264.7
2005-12-02,1264.7,1266.8,1261.4,1265.1
2005-12-05,1265.1,1265.1,1258.1,1262.1
2005-12-06,1262.1,1272.9,1262.1,1263.7
2005-12-07,1263.7,1264.8,1253.0,1257.4
2005-12-08,1257.4,1263.4,1250.9,1255.8
2005-12-09,1255.8,1263.1,1254.2,1259.4
2005-12-12,1259.4,1263.9,1255.5,1260.4
2005-12-13,1260.4,1272.1,1258.6,1267.4
2005-12-14,1267.4,1275.8,1267.1,1272.7
2005-12-15,1272.7,1275.2,1267.7,1270.9
2005-12-16,1270.9,1275.2,1267.3,1267.3
2005-12-19,1267.3,1270.5,1259.3,1259.9
2005-12-20,1259.9,1263.9,1257.2,1259.6
2005-12-21,1259.6,1269.4,1259.6,1262.8
2005-12-22,1262.8,1268.2,1262.5,1268.1
2005-12-23,1268.1,1269.8,1265.9,1268.7
2005-12-27,1268.7,1271.8,1256.5,1256.5
2005-12-28,1256.5,1261.1,1256.5,1258.2
2005-12-29,1258.2,1260.6,1254.2,1254.4
2005-12-30,1254.4,1254.4,1246.6,1248.3
2006-01-03,1248.3,1270.2,1245.7,1268.8
2006-01-04,1268.8,1275.4,1267.7,1273.5
2006-01-05,1273.5,1276.9,1270.3,1273.5
2006-01-06,1273.5,1286.1,1273.5,1285.5
2006-01-09,1285.5,1290.8,1284.8,1290.2
2006-01-10,1290.2,1290.2,1283.8,1289.7
2006-01-11,1289.7,1294.9,1288.1,1294.2
2006-01-12,1294.2,1294.2,1285.0,1286.1
2006-01-13,1286.1,1289.0,1282.8,1287.6
2006-01-17,1287.6,1287.6,1278.6,1282.9
2006-01-18,1282.9,1282.9,1272.1,1277.9
2006-01-19,1277.9,1287.8,1277.9,1285.0
2006-01-20,1285.0,1285.0,1260.9,1261.5
2006-01-23,1261.5,1268.2,1261.5,1263.8
2006-01-24,1263.8,1271.5,1263.8,1266.9
2006-01-25,1266.9,1271.9,1259.4,1264.7
2006-01-26,1264.7,1276.4,1264.7,1273.8
2006-01-27,1273.8,1286.4,1273.8,1283.7
2006-01-30,1283.7,1287.9,1283.5,1285.2
2006-01-31,1285.2,1285.2,1276.8,1280.1
2006-02-01,1280.1,1283.3,1277.6,1282.5
2006-02-02,1282.5,1282.5,1267.7,1270.8
2006-02-03,1270.8,1270.9,1261.0,1264.0
2006-02-06,1264.0,1267.0,1261.6,1265.0
2006-02-07,1265.0,1265.8,1253.6,1254.8
2006-02-08,1254.8,1266.5,1254.8,1265.7
2006-02-09,1265.7,1274.6,1262.8,1263.8
2006-02-10,1263.8,1269.9,1255.0,1267.0
2006-02-13,1267.0,1267.0,1258.3,1262.9
2006-02-14,1262.9,1278.2,1260.8,1275.5
2006-02-15,1275.5,1281.0,1271.1,1280.0
2006-02-16,1280.0,1289.4,1280.0,1289.4
2006-02-17,1289.4,1289.5,1284.1,1287.2
2006-02-21,1287.2,1291.9,1281.3,1283.0
2006-02-22,1283.0,1294.2,1283.0,1292.7
2006-02-23,1292.7,1293.8,1285.1,1287.8
2006-02-24,1287.8,1292.1,1285.6,1289.4
2006-02-27,1289.4,1297.6,1289.4,1294.1
2006-02-28,1294.1,1294.1,1278.7,1280.7
2006-03-01,1280.7,1291.8,1280.7,1291.2
2006-03-02,1291.2,1291.2,1283.2,1289.1
2006-03-03,1289.1,1297.3,1284.2,1287.2
2006-03-06,1287.2,1288.2,1275.7,1278.3
2006-03-07,1278.3,1278.3,1271.1,1275.9
2006-03-08,1275.9,1280.3,1268.4,1278.5
2006-03-09,1278.5,1282.7,1272.2,1272.2
2006-03-10,1272.2,1284.4,1271.1,1281.6
2006-03-13,1281.6,1287.4,1281.6,1284.1
2006-03-14,1284.1,1298.1,1282.7,1297.5
2006-03-15,1297.5,1304.4,1295.0,1303.0
2006-03-16,1303.0,1310.5,1303.0,1305.3
2006-03-17,1305.3,1309.8,1305.3,1307.2
2006-03-20,1307.2,1310.0,1303.6,1305.1
2006-03-21,1305.1,1310.9,1295.8,1297.2
2006-03-22,1297.2,1306.0,1295.8,1305.0
2006-03-23,1305.0,1305.0,1298.1,1301.7
2006-03-24,1301.7,1306.5,1298.9,1303.0
2006-03-27,1303.0,1303.7,1299.1,1301.6
2006-03-28,1301.6,1306.2,1291.8,1293.2
2006-03-29,1293.2,1305.6,1293.2,1302.9
2006-03-30,1302.9,1310.2,1296.7,1300.2
2006-03-31,1300.2,1303.0,1294.8,1294.8
2006-04-03,1302.9,1309.2,1296.7,1297.8
2006-04-04,1297.8,1307.5,1294.7,1305.9
2006-04-05,1305.9,1312.8,1304.8,1311.6
2006-04-06,1311.6,1312.0,1302.4,1309.0
2006-04-07,1309.0,1314.1,1294.2,1295.5
2006-04-10,1295.5,1300.7,1293.2,1296.6
2006-04-11,1296.6,1300.7,1283.0,1286.6
2006-04-12,1286.6,1290.9,1286.5,1288.1
2006-04-13,1288.1,1292.1,1283.4,1289.1
2006-04-17,1289.1,1292.5,1280.7,1285.3
2006-04-18,1285.3,1309.0,1285.3,1307.7
2006-04-19,1307.7,1310.4,1302.8,1309.9
2006-04-20,1309.9,1318.2,1306.4,1311.5
2006-04-21,1311.5,1317.7,1306.6,1311.3
2006-04-24,1311.3,1311.3,1303.8,1308.1
2006-04-25,1308.1,1310.8,1299.2,1301.7
2006-04-26,1301.7,1311.0,1301.7,1305.4
2006-04-27,1305.4,1315.0,1295.6,1309.7
2006-04-28,1309.7,1316.0,1306.2,1310.6
2006-05-01,1310.6,1317.2,1303.5,1305.2
2006-05-02,1305.2,1313.7,1305.2,1313.2
2006-05-03,1313.2,1313.5,1303.9,1307.8
2006-05-04,1307.8,1315.1,1307.8,1312.2
2006-05-05,1312.2,1326.5,1312.2,1325.8
2006-05-08,1325.8,1326.7,1322.9,1324.7
2006-05-09,1324.7,1326.6,1322.5,1325.1
2006-05-10,1324.6,1325.5,1317.4,1322.8
2006-05-11,1322.6,1322.6,1303.5,1305.9
2006-05-12,1305.9,1305.9,1290.4,1291.2
2006-05-15,1291.2,1294.8,1284.5,1294.5
2006-05-16,1294.5,1297.9,1288.5,1292.1
2006-05-17,1291.7,1291.7,1267.3,1270.3
2006-05-18,1270.2,1274.9,1261.8,1261.8
2006-05-19,1261.8,1272.2,1256.3,1267.0
2006-05-22,1267.0,1268.8,1253.0,1262.1
2006-05-23,1262.1,1273.7,1256.2,1256.6
2006-05-24,1256.6,1264.5,1245.3,1258.6
2006-05-25,1258.4,1273.3,1258.4,1272.9
2006-05-26,1272.7,1280.5,1272.5,1280.2
2006-05-30,1280.0,1280.0,1259.8,1259.8
2006-05-31,1259.4,1270.1,1259.4,1270.1
2006-06-01,1270.0,1285.7,1269.2,1285.7
2006-06-02,1285.7,1290.7,1280.2,1288.2
2006-06-05,1288.2,1288.2,1264.7,1265.3
2006-06-06,1265.2,1269.9,1254.5,1263.8
2006-06-07,1263.6,1272.5,1255.8,1256.2
2006-06-08,1256.1,1259.8,1235.2,1257.9
2006-06-09,1257.9,1262.6,1250.0,1252.3
2006-06-12,1252.3,1255.2,1236.2,1236.4
2006-06-13,1236.1,1243.4,1222.5,1223.7
2006-06-14,1223.7,1231.5,1219.3,1230.0
2006-06-15,1230.0,1258.6,1230.0,1256.2
2006-06-16,1256.2,1256.3,1246.3,1251.5
2006-06-19,1251.5,1255.9,1237.2,1240.1
2006-06-20,1240.1,1249.0,1238.9,1240.1
2006-06-21,1240.1,1258.0,1240.1,1252.2
2006-06-22,1251.9,1251.9,1241.5,1245.6
2006-06-23,1245.6,1253.1,1241.4,1244.5
2006-06-26,1244.5,1250.9,1243.7,1250.6
2006-06-27,1250.5,1253.4,1238.9,1239.2
2006-06-28,1239.0,1247.1,1237.6,1246.0
2006-06-29,1245.9,1272.9,1245.9,1272.9
2006-06-30,1272.9,1276.3,1270.2,1270.2
2006-07-03,1270.1,1280.4,1270.1,1280.2
2006-07-05,1280.0,1280.0,1265.9,1270.9
2006-07-06,1270.6,1278.3,1270.6,1274.1
2006-07-07,1274.1,1275.4,1263.1,1265.5
2006-07-10,1265.5,1274.1,1264.5,1267.3
2006-07-11,1267.3,1273.6,1259.7,1272.5
2006-07-12,1272.4,1273.3,1257.3,1258.6
2006-07-13,1258.6,1258.6,1241.4,1242.3
2006-07-14,1242.3,1242.7,1228.5,1236.2
2006-07-17,1236.2,1240.1,1231.5,1234.5
2006-07-18,1234.5,1239.9,1224.5,1236.9
2006-07-19,1236.7,1261.8,1236.7,1259.8
2006-07-20,1259.8,1262.6,1249.1,1249.1
2006-07-21,1249.1,1251.0,1238.7,1240.3
2006-07-24,1240.2,1262.5,1240.2,1260.9
2006-07-25,1260.9,1272.4,1257.2,1268.9
2006-07-26,1268.9,1273.9,1261.9,1268.4
2006-07-27,1268.2,1275.8,1261.9,1263.2
2006-07-28,1263.2,1280.4,1263.2,1278.5
2006-07-31,1278.5,1278.7,1274.3,1276.7
2006-08-01,1278.5,1278.7,1265.7,1270.9
2006-08-02,1270.7,1283.4,1270.7,1278.5
2006-08-03,1278.2,1284.0,1271.2,1280.3
2006-08-04,1280.3,1292.9,1273.8,1279.4
2006-08-07,1279.3,1279.3,1273.0,1275.8
2006-08-08,1275.7,1282.8,1268.4,1271.5
2006-08-09,1271.1,1283.7,1264.7,1266.0
2006-08-10,1265.7,1272.5,1261.3,1271.8
2006-08-11,1271.6,1271.6,1262.1,1266.7
2006-08-14,1266.7,1278.9,1266.7,1268.2
2006-08-15,1268.2,1286.2,1268.2,1285.6
2006-08-16,1285.3,1296.2,1285.3,1295.4
2006-08-17,1295.4,1300.8,1292.7,1297.5
2006-08-18,1297.5,1302.3,1293.6,1302.3
2006-08-21,1302.3,1302.3,1295.5,1297.5
2006-08-22,1297.5,1302.5,1294.4,1298.8
2006-08-23,1298.7,1301.5,1289.5,1293.0
2006-08-24,1293.0,1297.2,1291.4,1296.1
2006-08-25,1295.9,1298.9,1292.4,1295.1
2006-08-28,1295.1,1305.0,1294.0,1301.8
2006-08-29,1301.6,1305.0,1295.3,1304.3
2006-08-30,1303.7,1306.7,1302.2,1304.3
2006-08-31,1304.2,1306.1,1302.5,1303.8
2006-09-01,1303.8,1312.0,1303.8,1311.0
2006-09-05,1310.9,1314.7,1308.8,1313.2
2006-09-06,1313.0,1313.0,1299.3,1300.3
2006-09-07,1300.2,1301.2,1292.1,1294.0
2006-09-08,1294.0,1300.1,1294.0,1298.9
2006-09-11,1298.9,1302.4,1290.9,1299.5
2006-09-12,1299.5,1314.3,1299.5,1313.1
2006-09-13,1312.7,1319.9,1311.1,1318.1
2006-09-14,1318.0,1318.0,1313.2,1316.3
2006-09-15,1316.3,1324.7,1316.3,1319.9
2006-09-18,1319.8,1324.9,1318.2,1321.2
2006-09-19,1321.2,1322.0,1312.2,1318.3
2006-09-20,1318.3,1328.5,1318.3,1325.2
2006-09-21,1324.9,1328.2,1315.5,1318.0
2006-09-22,1318.0,1318.0,1310.9,1314.8
2006-09-25,1314.8,1329.3,1311.6,1326.4
2006-09-26,1326.3,1336.6,1325.3,1336.3
2006-09-27,1336.1,1340.1,1333.5,1336.6
2006-09-28,1336.6,1340.3,1333.8,1339.2
2006-09-29,1339.2,1339.9,1335.6,1335.8
2006-10-02,1335.8,1338.5,1330.3,1331.3
2006-10-03,1331.3,1338.3,1327.1,1334.1
2006-10-04,1333.8,1350.2,1331.5,1350.2
2006-10-05,1349.8,1353.8,1347.8,1353.2
2006-10-06,1353.2,1353.2,1344.2,1349.6
2006-10-09,1349.6,1352.7,1346.5,1350.7
2006-10-10,1350.6,1354.2,1348.6,1353.4
2006-10-11,1353.3,1354.0,1343.6,1350.0
2006-10-12,1349.9,1363.8,1349.9,1362.8
2006-10-13,1362.8,1366.6,1360.5,1365.6
2006-10-16,1365.6,1370.2,1364.5,1369.0
2006-10-17,1369.0,1369.0,1356.9,1364.0
2006-10-18,1363.9,1372.9,1361.0,1366.0
2006-10-19,1366.0,1368.1,1362.1,1367.0
2006-10-20,1366.9,1368.7,1362.1,1368.6
2006-10-23,1368.6,1377.4,1363.9,1377.0
2006-10-24,1377.0,1377.8,1372.4,1377.4
2006-10-25,1377.4,1383.6,1376.0,1382.2
2006-10-26,1382.2,1389.5,1379.5,1389.1
2006-10-27,1388.9,1388.9,1375.8,1377.3
2006-10-30,1377.3,1381.2,1373.5,1377.9
2006-10-31,1377.9,1381.2,1372.2,1377.9
2006-11-01,1377.8,1382.0,1366.3,1367.8
2006-11-02,1367.4,1368.4,1362.2,1367.3
2006-11-03,1367.3,1371.7,1361.0,1364.3
2006-11-06,1364.3,1381.4,1364.3,1379.8
2006-11-07,1379.8,1388.2,1379.2,1382.8
2006-11-08,1382.5,1388.6,1376.3,1385.7
2006-11-09,1385.4,1388.9,1377.3,1378.3
2006-11-10,1378.3,1381.0,1375.6,1380.9
2006-11-13,1380.6,1387.6,1378.8,1384.4
2006-11-14,1384.4,1394.5,1379.1,1393.2
2006-11-15,1392.9,1401.3,1392.1,1396.6
2006-11-16,1396.5,1403.8,1396.5,1399.8
2006-11-17,1399.8,1401.2,1394.5,1401.2
2006-11-20,1401.2,1404.4,1397.8,1400.5
2006-11-21,1400.4,1403.5,1400.0,1402.8
2006-11-22,1402.7,1407.9,1402.3,1406.1
2006-11-24,1405.9,1405.9,1399.2,1401.0
2006-11-27,1401.0,1401.0,1381.4,1381.9
2006-11-28,1381.6,1387.9,1377.8,1386.7
2006-11-29,1386.1,1401.1,1386.1,1399.5
2006-11-30,1399.5,1406.3,1393.8,1400.6
2006-12-01,1400.6,1402.5,1385.9,1396.7
2006-12-04,1396.7,1411.2,1396.7,1409.1
2006-12-05,1409.1,1415.3,1408.8,1414.8
2006-12-06,1414.4,1415.9,1411.0,1412.9
2006-12-07,1412.9,1418.3,1406.8,1407.3
2006-12-08,1407.3,1414.1,1403.7,1409.8
2006-12-11,1409.8,1415.6,1408.6,1413.0
2006-12-12,1413.0,1413.8,1404.8,1411.6
2006-12-13,1411.3,1416.6,1411.0,1413.2
2006-12-14,1413.2,1427.2,1413.2,1425.5
2006-12-15,1425.5,1431.6,1425.5,1427.1
2006-12-18,1427.1,1431.8,1420.7,1422.5
2006-12-19,1422.4,1428.3,1414.9,1425.5
2006-12-20,1425.5,1429.0,1423.5,1423.5
2006-12-21,1423.2,1426.4,1415.9,1418.3
2006-12-22,1418.1,1418.8,1410.3,1410.8
2006-12-26,1410.8,1417.9,1410.5,1416.9
2006-12-27,1416.6,1427.7,1416.6,1426.8
2006-12-28,1426.8,1427.3,1422.0,1424.7
2006-12-29,1424.7,1427.0,1416.7,1418.3
2007-01-03,1418.0,1429.4,1407.9,1416.6
2007-01-04,1416.6,1421.8,1408.2,1418.3
2007-01-05,1418.3,1418.3,1405.8,1409.7
2007-01-08,1409.3,1415.0,1404.0,1412.8
2007-01-09,1412.8,1415.6,1405.4,1412.1
2007-01-10,1411.9,1416.0,1404.3,1414.8
2007-01-11,1414.8,1427.1,1414.8,1423.8
2007-01-12,1423.8,1431.2,1422.6,1430.7
2007-01-16,1430.7,1433.9,1428.6,1431.9
2007-01-17,1431.8,1435.3,1428.6,1430.6
2007-01-18,1430.6,1433.3,1424.2,1426.4
2007-01-19,1426.3,1431.6,1425.2,1430.5
2007-01-22,1430.5,1431.4,1420.4,1423.0
2007-01-23,1423.0,1431.3,1421.7,1428.0
2007-01-24,1428.0,1440.1,1428.0,1440.1
2007-01-25,1440.1,1440.7,1422.3,1423.9
2007-01-26,1423.9,1427.3,1417.0,1422.2
2007-01-29,1422.0,1426.9,1418.5,1420.6
2007-01-30,1420.6,1428.8,1420.6,1428.8
2007-01-31,1428.7,1441.6,1424.8,1438.2
2007-02-01,1437.9,1446.6,1437.9,1445.9
2007-02-02,1445.9,1449.3,1444.5,1448.4
2007-02-05,1448.3,1449.4,1443.8,1447.0
2007-02-06,1447.0,1450.2,1443.4,1448.0
2007-02-07,1447.4,1453.0,1446.4,1450.0
2007-02-08,1450.0,1450.5,1442.8,1448.3
2007-02-09,1448.2,1452.5,1433.4,1438.1
2007-02-12,1438.0,1439.1,1431.4,1433.4
2007-02-13,1433.2,1444.4,1433.2,1444.3
2007-02-14,1443.9,1457.7,1443.9,1455.3
2007-02-15,1455.2,1458.0,1453.2,1456.8
2007-02-16,1456.8,1456.8,1451.6,1455.5
2007-02-20,1455.5,1460.5,1449.2,1459.7
2007-02-21,1459.6,1459.6,1452.0,1457.6
2007-02-22,1457.3,1461.6,1450.5,1456.4
2007-02-23,1456.2,1456.2,1448.4,1451.2
2007-02-26,1451.0,1457.0,1445.5,1449.4
2007-02-27,1449.2,1449.2,1389.4,1399.0
2007-02-28,1398.6,1415.9,1396.7,1406.8
2007-03-01,1406.8,1409.5,1380.9,1403.2
2007-03-02,1403.2,1403.4,1386.9,1387.2
2007-03-05,1387.1,1391.9,1374.0,1374.1
2007-03-06,1374.1,1397.9,1374.1,1395.4
2007-03-07,1395.0,1401.2,1390.6,1392.0
2007-03-08,1391.9,1407.9,1391.9,1401.9
2007-03-09,1401.9,1410.2,1397.3,1402.8
2007-03-12,1402.8,1409.3,1398.4,1406.6
2007-03-13,1406.2,1406.2,1377.7,1378.0
2007-03-14,1377.9,1388.1,1364.0,1387.2
2007-03-15,1387.1,1395.7,1385.2,1392.3
2007-03-16,1392.3,1397.5,1383.6,1387.0
2007-03-19,1387.0,1403.2,1387.0,1402.1
2007-03-20,1402.0,1411.5,1400.7,1410.9
2007-03-21,1410.9,1437.8,1409.8,1435.0
2007-03-22,1435.0,1437.7,1429.9,1434.5
2007-03-23,1434.5,1438.9,1433.2,1436.1
2007-03-26,1436.1,1437.7,1423.3,1437.5
2007-03-27,1437.5,1437.5,1425.5,1428.6
2007-03-28,1428.3,1428.3,1414.1,1417.2
2007-03-29,1417.2,1426.2,1413.3,1422.5
2007-03-30,1422.5,1429.2,1408.9,1420.9
2007-04-02,1420.8,1425.5,1416.4,1424.5
2007-04-03,1424.3,1440.6,1424.3,1437.8
2007-04-04,1437.8,1440.2,1435.1,1439.4
2007-04-05,1438.9,1444.9,1436.7,1443.8
2007-04-09,1443.8,1448.1,1443.3,1444.6
2007-04-10,1444.6,1448.7,1444.0,1448.4
2007-04-11,1448.2,1448.4,1436.2,1438.9
2007-04-12,1438.9,1448.0,1433.9,1447.8
2007-04-13,1447.8,1453.1,1444.2,1452.8
2007-04-16,1452.8,1468.6,1452.8,1468.5
2007-04-17,1468.5,1474.3,1467.2,1471.5
2007-04-18,1471.5,1476.6,1466.4,1472.5
2007-04-19,1472.5,1474.2,1464.5,1470.7
2007-04-20,1470.7,1484.7,1470.7,1484.3
2007-04-23,1484.3,1487.3,1480.2,1480.9
2007-04-24,1480.9,1483.8,1473.7,1480.4
2007-04-25,1480.3,1496.6,1480.3,1495.4
2007-04-26,1495.3,1498.0,1491.2,1494.2
2007-04-27,1494.2,1497.3,1488.7,1494.1
2007-04-30,1494.1,1497.2,1482.3,1482.4
2007-05-01,1482.4,1487.3,1476.7,1486.3
2007-05-02,1486.1,1499.1,1486.1,1495.9
2007-05-03,1495.6,1503.3,1495.6,1502.4
2007-05-04,1502.3,1510.3,1501.8,1505.6
2007-05-07,1505.6,1511.0,1505.5,1509.5
2007-05-08,1509.4,1509.4,1500.7,1507.7
2007-05-09,1507.3,1513.8,1503.8,1512.6
2007-05-10,1512.3,1512.3,1491.4,1491.5
2007-05-11,1491.5,1506.2,1491.5,1505.8
2007-05-14,1505.8,1510.9,1498.3,1503.2
2007-05-15,1503.1,1514.8,1500.4,1501.2
2007-05-16,1500.8,1514.2,1500.8,1514.1
2007-05-17,1514.0,1517.1,1509.3,1512.8
2007-05-18,1512.7,1522.8,1512.7,1522.8
2007-05-21,1522.8,1529.9,1522.7,1525.1
2007-05-22,1525.1,1529.2,1522.0,1524.1
2007-05-23,1524.1,1532.4,1521.9,1522.3
2007-05-24,1522.1,1529.3,1505.2,1507.5
2007-05-25,1507.5,1517.4,1507.5,1515.7
2007-05-29,1515.5,1521.8,1512.0,1518.1
2007-05-30,1517.6,1530.2,1510.1,1530.2
2007-05-31,1530.2,1535.6,1528.3,1530.6
2007-06-01,1530.6,1540.6,1530.6,1536.3
2007-06-04,1536.3,1540.5,1532.3,1539.2
2007-06-05,1539.1,1539.1,1525.6,1531.0
2007-06-06,1530.6,1530.6,1514.1,1517.4
2007-06-07,1517.4,1517.4,1490.4,1490.7
2007-06-08,1490.7,1507.8,1487.4,1507.7
2007-06-11,1507.6,1515.5,1503.3,1509.1
2007-06-12,1509.1,1511.3,1493.0,1493.0
2007-06-13,1492.7,1515.7,1492.7,1515.7
2007-06-14,1515.6,1526.5,1515.6,1523.0
2007-06-15,1525.5,1538.7,1525.5,1532.9
2007-06-18,1532.9,1535.4,1529.3,1531.0
2007-06-19,1531.0,1535.8,1525.7,1533.7
2007-06-20,1533.7,1537.3,1512.4,1512.8
2007-06-21,1512.5,1522.9,1504.8,1522.2
2007-06-22,1522.2,1522.2,1500.7,1502.6
2007-06-25,1502.6,1514.3,1492.7,1497.7
2007-06-26,1497.7,1506.1,1490.5,1492.9
2007-06-27,1492.6,1506.8,1484.2,1506.3
2007-06-28,1506.3,1514.8,1503.4,1505.7
2007-06-29,1505.7,1517.5,1493.6,1503.3
2007-07-02,1504.7,1519.5,1504.7,1519.4
2007-07-03,1519.1,1526.0,1519.1,1524.9
2007-07-05,1524.9,1526.6,1517.7,1525.4
2007-07-06,1525.0,1532.4,1520.5,1530.4
2007-07-09,1530.4,1534.3,1527.5,1531.8
2007-07-10,1531.8,1531.8,1510.0,1510.1
2007-07-11,1509.9,1519.3,1506.1,1518.8
2007-07-12,1518.7,1547.9,1518.7,1547.7
2007-07-13,1547.7,1555.1,1544.8,1552.5
2007-07-16,1552.5,1555.9,1546.7,1549.5
2007-07-17,1549.5,1555.3,1547.7,1549.4
2007-07-18,1549.2,1549.2,1533.7,1546.2
2007-07-19,1546.1,1555.2,1546.1,1553.1
2007-07-20,1553.2,1553.2,1529.2,1534.1
2007-07-23,1534.1,1547.2,1534.1,1541.6
2007-07-24,1541.6,1541.6,1508.6,1511.0
2007-07-25,1511.0,1524.3,1503.7,1518.1
2007-07-26,1518.1,1518.1,1465.3,1482.7
2007-07-27,1482.4,1488.5,1459.0,1459.0
2007-07-30,1458.9,1477.9,1454.3,1473.9
2007-07-31,1473.9,1488.3,1454.2,1455.3
2007-08-01,1455.2,1468.4,1439.6,1465.8
2007-08-02,1465.5,1476.4,1460.6,1472.2
2007-08-03,1472.2,1473.2,1432.8,1433.1
2007-08-06,1433.0,1467.7,1427.4,1467.7
2007-08-07,1467.6,1488.3,1455.8,1476.7
2007-08-08,1476.2,1503.9,1476.2,1497.5
2007-08-09,1497.2,1497.2,1453.1,1453.1
2007-08-10,1453.1,1462.0,1429.7,1453.6
2007-08-13,1453.4,1466.3,1451.5,1452.9
2007-08-14,1452.9,1456.7,1426.2,1426.5
2007-08-15,1426.2,1440.8,1404.4,1406.7
2007-08-16,1406.6,1416.0,1370.6,1411.3
2007-08-17,1411.3,1450.3,1411.3,1445.9
2007-08-20,1445.9,1451.8,1430.5,1445.5
2007-08-21,1445.5,1455.3,1439.8,1447.1
2007-08-22,1447.0,1464.9,1447.0,1464.1
2007-08-23,1464.0,1472.1,1453.9,1462.5
2007-08-24,1462.3,1479.4,1460.5,1479.4
2007-08-27,1479.4,1479.4,1466.0,1466.8
2007-08-28,1466.7,1466.7,1432.0,1432.4
2007-08-29,1432.0,1463.8,1432.0,1463.8
2007-08-30,1463.7,1468.4,1451.2,1457.6
2007-08-31,1457.6,1481.5,1457.6,1474.0
2007-09-04,1474.0,1496.4,1472.2,1489.4
2007-09-05,1488.8,1488.8,1466.3,1472.3
2007-09-06,1472.0,1481.5,1467.4,1478.5
2007-09-07,1478.5,1478.5,1449.1,1453.5
2007-09-10,1453.5,1462.2,1439.3,1451.7
2007-09-11,1451.7,1472.5,1451.7,1471.5
2007-09-12,1471.1,1479.5,1465.8,1471.6
2007-09-13,1471.5,1489.6,1471.5,1484.0
2007-09-14,1484.0,1486.0,1473.2,1484.2
2007-09-17,1484.2,1484.2,1471.8,1476.7
2007-09-18,1476.6,1519.9,1476.6,1519.8
2007-09-19,1519.8,1538.7,1519.8,1529.0
2007-09-20,1528.7,1529.1,1516.4,1518.8
2007-09-21,1518.8,1530.9,1518.8,1525.8
2007-09-24,1525.8,1530.2,1516.2,1517.7
2007-09-25,1516.3,1518.3,1507.1,1517.2
2007-09-26,1518.6,1529.4,1518.6,1525.4
2007-09-27,1527.3,1532.5,1525.8,1531.4
2007-09-28,1531.2,1533.7,1522.0,1526.8
2007-10-01,1527.3,1549.0,1527.2,1547.0
2007-10-02,1547.0,1548.0,1540.4,1546.6
2007-10-03,1545.8,1545.8,1536.3,1539.6
2007-10-04,1539.9,1544.0,1537.6,1542.8
2007-10-05,1543.8,1561.9,1543.8,1557.6
2007-10-08,1556.5,1556.5,1549.0,1552.6
2007-10-09,1553.2,1565.3,1551.8,1565.2
2007-10-10,1565.0,1565.4,1555.5,1562.5
2007-10-11,1564.7,1576.1,1546.7,1554.4
2007-10-12,1555.4,1563.0,1554.1,1561.8
2007-10-15,1562.2,1564.7,1540.8,1548.7
2007-10-16,1547.8,1547.8,1536.3,1538.5
2007-10-17,1544.4,1550.7,1526.0,1541.2
2007-10-18,1539.3,1542.8,1531.8,1540.1
2007-10-19,1540.0,1540.0,1500.3,1500.6
2007-10-22,1497.8,1508.1,1490.4,1506.3
2007-10-23,1509.3,1520.0,1503.6,1519.6
2007-10-24,1516.6,1517.2,1489.6,1515.9
2007-10-25,1516.2,1523.2,1500.5,1514.4
2007-10-26,1522.2,1535.5,1520.2,1535.3
2007-10-29,1536.9,1544.7,1536.4,1541.0
2007-10-30,1539.4,1539.4,1529.5,1531.0
2007-10-31,1532.2,1552.8,1529.4,1549.4
2007-11-01,1545.8,1545.8,1506.7,1508.4
2007-11-02,1511.1,1513.2,1492.5,1509.7
2007-11-05,1505.6,1510.8,1490.0,1502.2
2007-11-06,1505.3,1520.8,1499.1,1520.3
2007-11-07,1515.5,1515.5,1475.0,1475.6
2007-11-08,1475.3,1482.5,1450.3,1474.8
2007-11-09,1467.6,1474.1,1448.5,1453.7
2007-11-12,1453.7,1464.9,1438.5,1439.2
2007-11-13,1441.3,1481.4,1441.3,1481.0
2007-11-14,1483.4,1492.1,1466.5,1470.6
2007-11-15,1468.0,1472.7,1443.5,1451.2
2007-11-16,1453.1,1462.2,1444.0,1458.7
2007-11-19,1456.7,1456.7,1430.4,1433.3
2007-11-20,1434.5,1452.6,1419.3,1439.7
2007-11-21,1434.7,1436.4,1415.6,1416.8
2007-11-23,1417.6,1440.9,1417.6,1440.7
2007-11-26,1440.7,1446.1,1406.1,1407.2
2007-11-27,1409.6,1429.5,1407.4,1428.2
2007-11-28,1433.0,1471.6,1433.0,1469.0
2007-11-29,1467.4,1473.8,1458.4,1469.7
2007-11-30,1471.8,1488.9,1470.9,1481.1
2007-12-03,1479.6,1481.2,1470.1,1472.4
2007-12-04,1471.3,1471.3,1460.7,1462.8
2007-12-05,1465.2,1486.1,1465.2,1485.0
2007-12-06,1484.6,1508.0,1482.2,1507.3
2007-12-07,1508.6,1510.6,1502.7,1504.7
2007-12-10,1505.1,1518.3,1505.0,1516.0
2007-12-11,1516.7,1523.6,1476.0,1477.7
2007-12-12,1487.6,1512.0,1468.2,1486.6
2007-12-13,1483.3,1489.4,1469.2,1488.4
2007-12-14,1486.2,1486.7,1467.8,1468.0
2007-12-17,1465.0,1465.0,1445.4,1445.9
2007-12-18,1445.9,1460.2,1435.7,1455.0
2007-12-19,1454.7,1464.4,1445.3,1453.0
2007-12-20,1456.4,1461.5,1447.2,1460.1
2007-12-21,1463.2,1485.4,1463.2,1484.5
2007-12-24,1484.5,1497.6,1484.5,1496.5
2007-12-26,1495.1,1498.8,1488.2,1497.7
2007-12-27,1495.0,1495.0,1475.9,1476.4
2007-12-28,1479.8,1488.0,1471.7,1478.5
2007-12-31,1475.2,1475.8,1465.1,1468.4
2008-01-02,1468.0,1471.8,1442.1,1447.2
2008-01-03,1447.5,1456.8,1443.7,1447.2
2008-01-04,1444.0,1444.0,1411.2,1411.6
2008-01-07,1414.1,1423.9,1403.5,1416.2
2008-01-08,1415.7,1430.3,1388.3,1390.2
2008-01-09,1390.2,1409.2,1378.7,1409.1
2008-01-10,1406.8,1429.1,1395.3,1420.3
2008-01-11,1419.9,1419.9,1394.8,1401.0
2008-01-14,1402.9,1417.9,1402.9,1416.2
2008-01-15,1411.9,1411.9,1380.6,1381.0
2008-01-16,1377.4,1392.0,1364.3,1373.2
2008-01-17,1374.8,1377.7,1330.7,1333.2
2008-01-18,1333.9,1350.3,1312.5,1325.2
2008-01-22,1312.9,1322.1,1274.3,1310.5
2008-01-23,1310.4,1339.1,1270.0,1338.6
2008-01-24,1340.1,1355.2,1334.3,1352.1
2008-01-25,1357.3,1368.6,1327.5,1330.6
2008-01-28,1330.7,1354.0,1322.3,1354.0
2008-01-29,1355.9,1364.9,1350.2,1362.3
2008-01-30,1362.2,1385.9,1353.0,1355.8
2008-01-31,1352.0,1385.6,1334.1,1378.5
2008-02-01,1378.6,1396.0,1375.9,1395.4
2008-02-04,1395.4,1395.4,1379.7,1380.8
2008-02-05,1380.3,1380.3,1336.6,1336.6
2008-02-06,1339.5,1352.0,1324.3,1326.5
2008-02-07,1324.0,1347.2,1316.8,1336.9
2008-02-08,1336.9,1341.2,1321.1,1331.3
2008-02-11,1331.9,1341.4,1320.3,1339.1
2008-02-12,1340.5,1362.1,1339.4,1348.9
2008-02-13,1353.1,1369.2,1350.8,1367.2
2008-02-14,1367.3,1368.2,1347.3,1348.9
2008-02-15,1347.5,1350.0,1338.1,1350.0
2008-02-19,1355.9,1367.3,1345.0,1348.8
2008-02-20,1348.4,1363.7,1336.5,1360.0
2008-02-21,1362.2,1367.9,1339.3,1342.5
2008-02-22,1344.2,1354.3,1327.0,1353.1
2008-02-25,1352.8,1374.4,1346.0,1371.8
2008-02-26,1371.8,1387.3,1363.3,1381.3
2008-02-27,1379.0,1388.3,1372.0,1380.0
2008-02-28,1378.2,1378.2,1363.2,1367.7
2008-02-29,1364.1,1364.1,1325.4,1330.6
2008-03-03,1330.5,1335.1,1320.0,1331.3
2008-03-04,1329.6,1331.0,1307.4,1326.8
2008-03-05,1327.7,1344.2,1320.2,1333.7
2008-03-06,1332.2,1332.2,1303.4,1304.3
2008-03-07,1301.5,1313.2,1282.4,1293.4
2008-03-10,1293.2,1295.0,1272.7,1273.4
2008-03-11,1274.4,1320.7,1274.4,1320.7
2008-03-12,1321.1,1333.3,1307.9,1308.8
2008-03-13,1305.3,1321.7,1282.1,1315.5
2008-03-14,1316.0,1321.5,1274.9,1288.1
2008-03-17,1283.2,1287.5,1257.0,1276.6
2008-03-18,1277.2,1330.7,1277.2,1330.7
2008-03-19,1331.0,1341.5,1298.4,1298.4
2008-03-20,1299.7,1330.7,1295.2,1329.5
2008-03-24,1330.3,1359.7,1330.3,1349.9
2008-03-25,1349.1,1357.5,1341.2,1353.0
2008-03-26,1352.5,1352.5,1336.4,1341.1
2008-03-27,1340.3,1345.6,1325.7,1325.8
2008-03-28,1327.0,1334.9,1313.0,1315.2
2008-03-31,1315.9,1328.5,1312.8,1322.7
2008-04-01,1326.4,1370.2,1326.4,1370.2
2008-04-02,1370.0,1378.0,1361.5,1367.5
2008-04-03,1365.7,1375.7,1358.7,1369.3
2008-04-04,1369.8,1380.9,1362.8,1370.4
2008-04-07,1373.7,1386.7,1369.0,1372.5
2008-04-08,1370.2,1370.2,1360.6,1365.5
2008-04-09,1365.5,1368.4,1350.0,1354.5
2008-04-10,1355.4,1367.2,1350.1,1360.5
2008-04-11,1358.0,1358.0,1331.2,1332.8
2008-04-14,1332.2,1335.6,1326.2,1328.3
2008-04-15,1331.7,1337.7,1324.3,1334.4
2008-04-16,1337.0,1365.5,1337.0,1364.7
2008-04-17,1363.4,1368.6,1357.2,1365.6
2008-04-18,1369.0,1395.9,1369.0,1390.3
2008-04-21,1387.7,1390.2,1379.2,1388.2
2008-04-22,1386.4,1386.4,1369.8,1375.9
2008-04-23,1378.4,1387.9,1372.2,1379.9
2008-04-24,1380.5,1397.7,1371.1,1388.8
2008-04-25,1387.9,1399.1,1380.0,1397.8
2008-04-28,1398.0,1402.9,1394.4,1396.4
2008-04-29,1395.6,1397.0,1386.7,1390.9
2008-04-30,1391.2,1404.6,1384.2,1385.6
2008-05-01,1386.0,1410.1,1383.1,1409.3
2008-05-02,1409.2,1422.7,1406.2,1413.9
2008-05-05,1412.8,1415.7,1404.4,1407.5
2008-05-06,1405.6,1421.6,1397.1,1418.3
2008-05-07,1417.5,1419.5,1391.2,1392.6
2008-05-08,1394.3,1402.3,1389.4,1397.7
2008-05-09,1394.9,1394.9,1384.1,1388.3
2008-05-12,1389.4,1404.1,1386.2,1403.6
2008-05-13,1404.4,1406.3,1396.3,1403.0
2008-05-14,1405.7,1420.2,1405.7,1408.7
2008-05-15,1408.4,1424.4,1406.9,1423.6
2008-05-16,1423.9,1425.8,1414.3,1425.3
2008-05-19,1425.3,1440.2,1421.6,1426.6
2008-05-20,1424.5,1424.5,1409.1,1413.4
2008-05-21,1414.1,1419.1,1388.8,1390.7
2008-05-22,1390.8,1399.1,1390.2,1394.3
2008-05-23,1392.2,1392.2,1373.7,1375.9
2008-05-27,1376.0,1387.4,1373.1,1385.3
2008-05-28,1386.5,1391.2,1378.2,1390.8
2008-05-29,1390.5,1406.3,1388.6,1398.3
2008-05-30,1398.4,1404.5,1398.1,1400.4
2008-06-02,1399.6,1399.6,1377.8,1385.7
2008-06-03,1386.4,1393.1,1370.1,1377.7
2008-06-04,1376.3,1388.2,1371.7,1377.2
2008-06-05,1377.5,1404.0,1377.5,1404.0
2008-06-06,1400.1,1400.1,1359.9,1360.7
2008-06-09,1360.8,1370.6,1350.6,1361.8
2008-06-10,1359.0,1366.8,1351.6,1358.4
2008-06-11,1357.1,1357.1,1335.5,1335.5
2008-06-12,1335.8,1353.0,1331.3,1339.9
2008-06-13,1341.8,1360.0,1341.7,1360.0
2008-06-16,1358.8,1364.7,1352.1,1360.1
2008-06-17,1360.7,1366.6,1350.5,1350.9
2008-06-18,1349.6,1349.6,1333.4,1337.8
2008-06-19,1336.9,1347.7,1330.5,1342.8
2008-06-20,1341.0,1341.0,1314.5,1317.9
2008-06-23,1319.8,1323.8,1315.3,1318.0
2008-06-24,1317.2,1326.0,1304.4,1314.3
2008-06-25,1314.5,1335.6,1314.5,1322.0
2008-06-26,1316.3,1316.3,1283.2,1283.2
2008-06-27,1283.6,1289.5,1272.0,1278.4
2008-06-30,1278.1,1290.3,1274.9,1280.0
2008-07-01,1276.7,1285.3,1260.7,1284.9
2008-07-02,1285.8,1292.2,1261.5,1261.5
2008-07-03,1263.0,1271.5,1252.0,1262.9
2008-07-07,1262.9,1274.0,1240.7,1252.3
2008-07-08,1251.8,1274.2,1242.8,1273.7
2008-07-09,1273.4,1277.4,1244.6,1244.7
2008-07-10,1245.2,1257.7,1236.8,1253.4
2008-07-11,1248.7,1257.3,1225.3,1239.5
2008-07-14,1241.6,1253.5,1225.0,1228.3
2008-07-15,1226.8,1234.3,1200.4,1214.9
2008-07-16,1214.7,1245.5,1211.4,1245.4
2008-07-17,1246.3,1262.3,1241.5,1260.3
2008-07-18,1258.2,1262.2,1251.8,1260.7
2008-07-21,1261.8,1267.7,1255.7,1260.0
2008-07-22,1257.1,1277.4,1248.8,1277.0
2008-07-23,1278.9,1291.2,1276.1,1282.2
2008-07-24,1283.2,1283.2,1251.5,1252.5
2008-07-25,1253.5,1263.2,1251.8,1257.8
2008-07-28,1257.8,1260.1,1234.4,1234.4
2008-07-29,1236.4,1263.2,1236.4,1263.2
2008-07-30,1264.5,1284.3,1264.5,1284.3
2008-07-31,1281.4,1284.9,1266.0,1267.4
2008-08-01,1269.4,1270.5,1254.5,1260.3
2008-08-04,1260.2,1260.5,1247.5,1249.0
2008-08-05,1254.9,1284.9,1254.7,1284.9
2008-08-06,1284.0,1291.7,1276.0,1289.2
2008-08-07,1286.5,1286.5,1264.3,1266.1
2008-08-08,1266.3,1297.8,1262.1,1296.3
2008-08-11,1294.4,1313.2,1291.4,1305.3
2008-08-12,1304.8,1304.8,1285.6,1289.6
2008-08-13,1288.6,1294.0,1274.9,1285.8
2008-08-14,1282.1,1300.1,1276.8,1292.9
2008-08-15,1293.8,1302.0,1290.7,1298.2
2008-08-18,1298.1,1300.2,1274.5,1278.6
2008-08-19,1276.7,1276.7,1263.1,1266.7
2008-08-20,1267.3,1276.0,1261.2,1274.5
2008-08-21,1271.1,1281.4,1265.2,1277.7
2008-08-22,1277.6,1293.1,1277.6,1292.2
2008-08-25,1290.5,1290.5,1264.9,1266.8
2008-08-26,1267.0,1275.7,1263.2,1271.5
2008-08-27,1271.3,1285.0,1270.0,1281.7
2008-08-28,1283.8,1300.7,1283.8,1300.7
2008-08-29,1296.5,1297.6,1282.7,1282.8
2008-09-02,1287.8,1303.0,1272.2,1277.6
2008-09-03,1276.6,1280.6,1265.6,1275.0
2008-09-04,1271.8,1271.8,1232.8,1236.8
2008-09-05,1233.2,1244.9,1217.2,1242.3
2008-09-08,1249.5,1274.4,1247.1,1267.8
2008-09-09,1268.0,1268.7,1224.5,1224.5
2008-09-10,1227.5,1243.9,1221.6,1232.0
2008-09-11,1229.0,1250.0,1211.5,1249.0
2008-09-12,1245.9,1255.1,1233.8,1251.7
2008-09-15,1250.9,1250.9,1192.7,1192.7
2008-09-16,1188.3,1214.8,1169.3,1213.6
2008-09-17,1210.3,1210.3,1155.9,1156.4
2008-09-18,1157.1,1211.1,1133.5,1206.5
2008-09-19,1213.1,1265.1,1213.1,1255.1
2008-09-22,1255.4,1255.4,1205.6,1207.1
2008-09-23,1207.6,1221.2,1187.1,1188.2
2008-09-24,1188.8,1197.4,1179.8,1185.9
2008-09-25,1187.9,1220.0,1187.9,1209.2
2008-09-26,1204.5,1215.8,1187.5,1213.0
2008-09-29,1209.1,1209.1,1106.4,1106.4
2008-09-30,1113.8,1168.0,1113.8,1166.4
2008-10-01,1164.2,1167.0,1140.8,1161.1
2008-10-02,1160.6,1160.6,1111.4,1114.3
2008-10-03,1115.2,1153.8,1098.1,1099.2
2008-10-06,1097.6,1097.6,1008.0,1056.9
2008-10-07,1057.6,1072.9,996.2,996.2
2008-10-08,988.9,1021.1,971.0,984.9
2008-10-09,988.4,1005.2,909.2,909.9
2008-10-10,902.3,936.4,839.8,899.2
2008-10-13,912.8,1006.9,912.8,1003.4
2008-10-14,1010.0,1044.3,972.1,998.0
2008-10-15,994.6,994.6,904.0,907.8
2008-10-16,909.5,947.7,865.8,946.4
2008-10-17,942.3,984.6,918.7,940.5
2008-10-20,943.5,985.4,943.5,985.4
2008-10-21,980.4,985.4,952.5,955.0
2008-10-22,951.7,951.7,875.8,896.8
2008-10-23,899.1,922.8,858.4,908.1
2008-10-24,895.2,896.3,852.9,876.8
2008-10-27,874.3,893.8,846.8,848.9
2008-10-28,848.9,940.5,845.3,940.5
2008-10-29,939.5,970.0,922.3,930.1
2008-10-30,939.4,963.2,928.5,954.1
2008-10-31,953.1,984.4,944.6,968.8
2008-11-03,968.7,975.6,958.8,966.3
2008-11-04,971.3,1007.5,971.3,1005.8
2008-11-05,1001.8,1001.8,949.9,952.8
2008-11-06,952.4,952.4,899.7,904.9
2008-11-07,907.4,931.5,906.9,931.0
2008-11-10,936.8,952.0,907.5,919.2
2008-11-11,917.1,917.1,884.9,899.0
2008-11-12,893.4,893.4,850.5,852.3
2008-11-13,853.1,913.0,818.7,911.3
2008-11-14,904.4,916.9,869.9,873.3
2008-11-17,873.2,882.3,849.0,850.8
2008-11-18,852.3,865.9,826.8,859.1
2008-11-19,859.0,864.6,806.2,806.6
2008-11-20,805.9,820.5,747.8,752.4
2008-11-21,755.8,801.2,741.0,800.0
2008-11-24,801.2,865.6,801.2,851.8
2008-11-25,853.4,868.9,835.0,857.4
2008-11-26,852.9,887.7,841.4,887.7
2008-11-28,886.9,896.2,881.2,896.2
2008-12-01,888.6,888.6,815.7,816.2
2008-12-02,817.9,850.5,817.9,848.8
2008-12-03,843.6,873.1,827.6,870.7
2008-12-04,869.8,875.6,833.6,845.2
2008-12-05,844.4,879.4,818.4,876.1
2008-12-08,882.7,918.6,882.7,909.7
2008-12-09,906.5,916.3,885.4,888.7
2008-12-10,892.2,908.3,885.5,899.2
2008-12-11,898.4,904.6,868.7,873.6
2008-12-12,871.8,883.2,851.4,879.7
2008-12-15,881.1,884.6,857.7,868.6
2008-12-16,871.5,914.7,871.5,913.2
2008-12-17,908.2,918.9,895.9,904.4
2008-12-18,906.0,911.0,877.4,885.3
2008-12-19,887.0,905.5,883.0,887.9
2008-12-22,887.2,887.4,857.1,871.6
2008-12-23,874.3,880.4,860.1,863.2
2008-12-24,863.9,869.8,861.4,868.1
2008-12-26,869.5,873.7,866.5,872.8
2008-12-29,872.4,873.7,857.1,869.4
2008-12-30,870.6,891.1,870.6,890.6
2008-12-31,890.6,910.3,889.7,903.2
2009-01-02,903.0,934.7,899.4,931.8
2009-01-05,929.2,936.6,919.5,927.5
2009-01-06,931.2,943.9,927.3,934.7
2009-01-07,927.5,927.5,902.4,906.6
2009-01-08,905.7,910.0,896.8,909.7
2009-01-09,909.9,911.9,888.3,890.4
2009-01-12,890.4,890.4,864.3,870.3
2009-01-13,869.8,877.0,862.0,871.8
2009-01-14,867.3,867.3,836.9,842.6
2009-01-15,842.0,851.6,817.0,843.7
2009-01-16,844.5,858.1,830.7,850.1
2009-01-20,849.6,849.6,804.5,805.2
2009-01-21,806.8,841.7,804.3,840.2
2009-01-22,839.7,839.7,811.3,827.5
2009-01-23,822.2,838.6,806.1,832.0
2009-01-26,832.5,852.5,827.7,836.6
2009-01-27,837.3,850.5,835.4,845.7
2009-01-28,845.7,877.9,845.7,874.1
2009-01-29,868.9,868.9,844.1,845.1
2009-01-30,845.7,851.7,821.7,825.9
2009-02-02,823.1,830.8,812.9,825.4
2009-02-03,825.7,842.6,822.0,838.5
2009-02-04,837.8,851.9,829.2,832.2
2009-02-05,831.8,850.5,819.9,845.9
2009-02-06,846.1,870.8,845.4,868.6
2009-02-09,868.2,875.0,861.6,869.9
2009-02-10,866.9,868.0,823.0,827.2
2009-02-11,827.4,838.2,822.3,833.7
2009-02-12,829.9,835.5,808.1,835.2
2009-02-13,834.0,839.4,825.2,826.8
2009-02-17,818.6,818.6,789.2,789.2
2009-02-18,791.1,796.2,780.4,788.4
2009-02-19,787.9,797.6,777.0,778.9
2009-02-20,775.9,778.7,754.2,770.0
2009-02-23,773.2,777.9,742.4,743.3
2009-02-24,744.7,775.5,744.7,773.1
2009-02-25,770.6,780.1,752.9,764.9
2009-02-26,765.8,779.4,751.8,752.8
2009-02-27,749.9,751.3,734.5,735.1
2009-03-02,729.6,729.6,699.7,700.8
2009-03-03,704.4,711.7,692.3,696.3
2009-03-04,698.6,724.1,698.6,712.9
2009-03-05,708.3,708.3,677.9,682.5
2009-03-06,684.0,699.1,666.8,683.4
2009-03-09,680.8,695.3,672.9,676.5
2009-03-10,679.3,719.6,679.3,719.6
2009-03-11,719.6,731.9,713.9,721.4
2009-03-12,720.9,752.6,714.8,750.7
2009-03-13,752.0,758.3,742.5,756.5
2009-03-16,758.8,774.5,753.4,753.9
2009-03-17,753.9,778.1,749.9,778.1
2009-03-18,776.0,803.0,765.6,794.4
2009-03-19,797.9,803.2,781.8,784.0
2009-03-20,784.6,788.9,766.2,768.5
2009-03-23,772.3,823.4,772.3,822.9
2009-03-24,820.6,823.6,805.5,806.1
2009-03-25,806.8,826.8,791.4,813.9
2009-03-26,814.1,833.0,814.1,832.9
2009-03-27,828.7,828.7,813.4,815.9
2009-03-30,809.1,809.1,779.8,787.5
2009-03-31,790.9,810.5,790.9,797.9
2009-04-01,793.6,813.6,783.3,811.1
2009-04-02,814.5,845.6,814.5,834.4
2009-04-03,835.1,842.5,826.7,842.5
2009-04-06,839.8,839.8,822.8,835.5
2009-04-07,834.1,834.1,814.5,815.5
2009-04-08,816.8,828.4,814.8,825.2
2009-04-09,829.3,856.9,829.3,856.6
2009-04-13,855.3,864.3,845.4,858.7
2009-04-14,856.9,856.9,840.2,841.5
2009-04-15,839.4,852.9,835.6,852.1
2009-04-16,854.5,870.4,847.0,865.3
2009-04-17,865.2,875.6,860.9,869.6
2009-04-20,868.3,868.3,832.4,832.4
2009-04-21,831.2,850.1,826.8,850.1
2009-04-22,847.3,861.8,840.6,843.5
2009-04-23,844.6,852.9,835.5,851.9
2009-04-24,853.9,871.8,853.9,866.2
2009-04-27,862.8,868.8,854.6,857.5
2009-04-28,854.5,864.5,847.1,855.2
2009-04-29,856.9,882.1,856.9,873.6
2009-04-30,876.6,888.7,868.5,872.8
2009-05-01,872.7,880.5,866.1,877.5
2009-05-04,879.2,907.9,879.2,907.2
2009-05-05,906.1,907.7,897.3,903.8
2009-05-06,904.0,920.3,904.0,919.5
2009-05-07,919.6,929.6,901.4,907.4
2009-05-08,909.0,930.2,909.0,929.2
2009-05-11,923.0,923.0,908.7,909.2
2009-05-12,910.5,915.6,896.5,908.4
2009-05-13,905.4,905.4,882.8,883.9
2009-05-14,884.2,898.4,882.5,893.1
2009-05-15,892.8,897.0,878.9,882.9
2009-05-18,886.1,910.0,886.1,909.7
2009-05-19,909.7,916.4,905.2,908.1
2009-05-20,908.6,924.6,901.4,903.5
2009-05-21,900.4,900.4,879.6,888.3
2009-05-22,888.7,896.6,883.8,887.0
2009-05-26,887.0,911.8,881.5,910.3
2009-05-27,910.0,913.8,891.9,893.1
2009-05-28,893.0,909.5,887.6,906.8
2009-05-29,907.0,920.0,903.6,919.1
2009-06-01,923.3,947.8,923.3,942.9
2009-06-02,942.9,949.4,938.5,944.7
2009-06-03,942.5,942.5,923.9,931.8
2009-06-04,932.5,942.5,929.3,942.5
2009-06-05,945.7,951.7,934.1,940.1
2009-06-08,938.1,946.3,926.4,939.1
2009-06-09,940.4,946.9,936.1,942.4
2009-06-10,942.7,949.8,928.0,939.1
2009-06-11,939.0,956.2,939.0,944.9
2009-06-12,943.4,946.3,935.7,946.2
2009-06-15,942.5,942.5,919.6,923.7
2009-06-16,925.6,928.0,911.6,912.0
2009-06-17,911.9,918.4,903.8,910.7
2009-06-18,910.9,921.9,907.9,918.4
2009-06-19,920.0,927.1,915.8,921.2
2009-06-22,918.1,918.1,893.0,893.0
2009-06-23,893.5,898.7,888.9,895.1
2009-06-24,896.3,910.9,896.3,900.9
2009-06-25,899.5,921.4,896.3,920.3
2009-06-26,918.8,922.0,913.0,918.9
2009-06-29,919.9,928.0,916.2,927.2
2009-06-30,927.1,930.0,912.9,919.3
2009-07-01,920.8,931.9,920.8,923.3
2009-07-02,921.2,921.2,896.4,896.4
2009-07-06,894.3,898.7,886.4,898.7
2009-07-07,898.6,898.6,879.9,881.0
2009-07-08,881.9,886.8,869.3,879.6
2009-07-09,881.3,887.9,878.5,882.7
2009-07-10,880.0,883.6,872.8,879.1
2009-07-13,879.6,901.0,875.3,901.0
2009-07-14,900.8,905.8,896.5,905.8
2009-07-15,910.1,934.0,910.1,932.7
2009-07-16,930.2,944.0,927.5,940.7
2009-07-17,940.6,941.9,934.6,940.4
2009-07-20,942.1,951.6,941.0,951.1
2009-07-21,952.0,956.5,943.2,954.6
2009-07-22,953.4,959.8,947.8,954.1
2009-07-23,954.1,979.4,953.3,976.3
2009-07-24,972.2,979.8,966.0,979.3
2009-07-27,978.6,982.5,972.3,982.2
2009-07-28,981.5,982.4,969.4,979.6
2009-07-29,977.7,977.8,968.6,975.1
2009-07-30,976.0,996.7,976.0,986.8
2009-07-31,986.8,993.2,982.9,987.5
2009-08-03,990.2,1003.6,990.2,1002.6
2009-08-04,1001.4,1007.1,996.7,1005.6
2009-08-05,1005.4,1006.6,994.3,1002.7
2009-08-06,1004.1,1008.0,992.5,997.1
2009-08-07,999.8,1018.0,999.8,1010.5
2009-08-10,1008.9,1010.1,1001.0,1007.1
2009-08-11,1005.8,1005.8,992.4,994.4
2009-08-12,994.0,1012.8,993.4,1005.8
2009-08-13,1005.9,1013.1,1000.8,1012.7
2009-08-14,1012.2,1012.6,994.6,1004.1
2009-08-17,998.2,998.2,978.5,979.7
2009-08-18,980.6,991.2,980.6,989.7
2009-08-19,986.9,999.6,980.6,996.5
2009-08-20,996.4,1008.9,996.4,1007.4
2009-08-21,1009.1,1027.6,1009.1,1026.1
2009-08-24,1026.6,1035.8,1022.5,1025.6
2009-08-25,1026.6,1037.8,1026.2,1028.0
2009-08-26,1027.3,1032.5,1021.6,1028.1
2009-08-27,1027.8,1033.3,1016.2,1031.0
2009-08-28,1031.6,1039.5,1023.1,1028.9
2009-08-31,1025.2,1025.2,1014.6,1020.6
2009-09-01,1019.5,1028.5,996.3,998.0
2009-09-02,996.1,1000.3,992.0,994.8
2009-09-03,996.1,1003.4,992.2,1003.2
2009-09-04,1003.8,1016.5,1001.6,1016.4
2009-09-08,1018.7,1026.1,1018.7,1025.4
2009-09-09,1025.4,1036.3,1024.0,1033.4
2009-09-10,1033.0,1044.1,1028.0,1044.1
2009-09-11,1043.9,1048.2,1038.4,1042.7
2009-09-14,1040.2,1049.7,1035.0,1049.3
2009-09-15,1049.0,1056.0,1043.4,1052.6
2009-09-16,1054.0,1068.8,1052.9,1068.8
2009-09-17,1067.9,1074.8,1061.2,1065.5
2009-09-18,1066.6,1071.5,1064.3,1068.3
2009-09-21,1067.1,1067.3,1057.5,1064.7
2009-09-22,1066.3,1073.8,1066.3,1071.7
2009-09-23,1072.7,1080.2,1060.4,1060.9
2009-09-24,1062.6,1066.3,1045.8,1050.8
2009-09-25,1049.5,1053.5,1041.2,1044.4
2009-09-28,1045.4,1065.1,1045.4,1063.0
2009-09-29,1063.7,1069.6,1057.8,1060.6
2009-09-30,1061.0,1063.4,1046.5,1057.1
2009-10-01,1054.9,1054.9,1029.5,1029.8
2009-10-02,1029.7,1030.6,1020.0,1025.2
2009-10-05,1026.9,1042.6,1025.9,1040.5
2009-10-06,1042.0,1060.5,1042.0,1054.7
2009-10-07,1053.7,1058.0,1050.1,1057.6
2009-10-08,1060.0,1070.7,1060.0,1065.5
2009-10-09,1065.3,1071.5,1063.0,1071.5
2009-10-12,1071.6,1079.5,1071.6,1076.2
2009-10-13,1075.0,1075.3,1066.7,1073.2
2009-10-14,1078.7,1093.2,1078.7,1092.0
2009-10-15,1090.4,1096.6,1086.4,1096.6
2009-10-16,1094.7,1094.7,1081.5,1087.7
2009-10-19,1088.2,1100.2,1086.5,1097.9
2009-10-20,1098.6,1098.6,1086.2,1091.1
2009-10-21,1090.4,1101.4,1080.8,1081.4
2009-10-22,1081.0,1095.2,1074.3,1092.9
2009-10-23,1095.6,1095.8,1075.5,1079.6
2009-10-26,1080.4,1091.8,1065.2,1067.0
2009-10-27,1067.5,1072.5,1060.6,1063.4
2009-10-28,1061.5,1063.3,1042.2,1042.6
2009-10-29,1043.7,1066.8,1043.7,1066.1
2009-10-30,1065.4,1065.4,1033.4,1036.2
2009-11-02,1036.2,1052.2,1029.4,1042.9
2009-11-03,1040.9,1046.4,1033.9,1045.4
2009-11-04,1047.1,1061.0,1045.2,1046.5
2009-11-05,1047.3,1066.7,1047.3,1066.6
2009-11-06,1065.0,1071.5,1059.3,1069.3
2009-11-09,1072.3,1093.2,1072.3,1093.1
2009-11-10,1091.9,1096.4,1087.4,1093.0
2009-11-11,1096.0,1105.4,1093.8,1098.5
2009-11-12,1098.3,1102.0,1084.9,1087.2
2009-11-13,1087.6,1097.8,1085.3,1093.5
2009-11-16,1094.1,1113.7,1094.1,1109.3
2009-11-17,1109.2,1110.5,1102.2,1110.3
2009-11-18,1109.4,1111.1,1102.7,1109.8
2009-11-19,1106.4,1106.4,1088.4,1094.9
2009-11-20,1094.7,1094.7,1086.8,1091.4
2009-11-23,1094.9,1112.4,1094.9,1106.2
2009-11-24,1105.8,1107.6,1097.6,1105.7
2009-11-25,1106.5,1111.2,1104.8,1110.6
2009-11-27,1105.5,1105.5,1083.7,1091.5
2009-11-30,1091.1,1097.2,1086.2,1095.6
2009-12-01,1098.9,1112.3,1098.9,1108.9
2009-12-02,1109.0,1115.6,1105.3,1109.2
2009-12-03,1110.6,1117.3,1098.7,1099.9
2009-12-04,1100.4,1119.1,1096.5,1106.0
2009-12-07,1105.5,1110.7,1100.8,1103.2
2009-12-08,1103.0,1103.0,1088.6,1091.9
2009-12-09,1091.1,1097.0,1085.9,1096.0
2009-12-10,1098.7,1106.2,1098.7,1102.3
2009-12-11,1104.0,1108.5,1101.3,1106.4
2009-12-14,1107.8,1114.8,1107.8,1114.1
2009-12-15,1114.1,1114.1,1105.3,1107.9
2009-12-16,1108.6,1116.2,1108.0,1109.2
2009-12-17,1106.4,1106.4,1095.9,1096.1
2009-12-18,1097.9,1103.7,1093.9,1102.5
2009-12-21,1105.3,1117.7,1105.3,1114.0
2009-12-22,1114.5,1120.3,1114.5,1118.0
2009-12-23,1118.8,1121.6,1116.0,1120.6
2009-12-24,1121.1,1126.5,1121.1,1126.5
2009-12-28,1127.5,1130.4,1123.5,1127.8
2009-12-29,1128.5,1130.4,1126.1,1126.2
2009-12-30,1125.5,1126.4,1121.9,1126.4
2009-12-31,1126.6,1127.6,1114.8,1115.1
2010-01-04,1116.6,1133.9,1116.6,1133.0
2010-01-05,1132.7,1136.6,1129.7,1136.5
2010-01-06,1135.7,1139.2,1134.0,1137.1
2010-01-07,1136.3,1142.5,1131.3,1141.7
2010-01-08,1140.5,1145.4,1136.2,1145.0
2010-01-11,1146.0,1149.7,1142.0,1147.0
2010-01-12,1143.8,1143.8,1131.8,1136.2
2010-01-13,1137.3,1148.4,1133.2,1145.7
2010-01-14,1145.7,1150.4,1143.8,1148.5
2010-01-15,1147.7,1147.8,1131.4,1136.0
2010-01-19,1136.0,1150.5,1135.8,1150.2
2010-01-20,1148.0,1148.0,1129.2,1138.0
2010-01-21,1138.7,1141.6,1114.8,1116.5
2010-01-22,1115.5,1115.5,1090.2,1091.8
2010-01-25,1092.4,1103.0,1092.4,1096.8
2010-01-26,1095.8,1103.7,1089.9,1092.2
2010-01-27,1091.9,1099.5,1083.1,1097.5
2010-01-28,1096.9,1100.2,1078.5,1084.5
2010-01-29,1087.6,1096.5,1071.6,1073.9
2010-02-01,1073.9,1089.4,1073.9,1089.2
2010-02-02,1090.0,1104.7,1088.0,1103.3
2010-02-03,1100.7,1102.7,1094.0,1097.3
2010-02-04,1097.2,1097.2,1062.8,1063.1
2010-02-05,1064.1,1067.1,1044.5,1066.2
2010-02-08,1065.5,1071.2,1056.5,1056.7
2010-02-09,1060.1,1079.3,1060.1,1070.5
2010-02-10,1069.7,1073.7,1059.3,1068.1
2010-02-11,1067.1,1080.0,1060.6,1078.5
2010-02-12,1076.0,1077.8,1063.0,1075.5
2010-02-16,1079.1,1095.7,1079.1,1094.9
2010-02-17,1096.1,1101.0,1094.7,1099.5
2010-02-18,1099.0,1108.2,1097.5,1106.8
2010-02-19,1105.5,1112.4,1100.8,1109.2
2010-02-22,1110.0,1112.3,1105.4,1108.0
2010-02-23,1107.5,1108.6,1092.2,1094.6
2010-02-24,1095.9,1106.4,1095.5,1105.2
2010-02-25,1101.2,1103.5,1086.0,1102.9
2010-02-26,1103.1,1107.2,1097.6,1104.5
2010-03-01,1105.4,1116.1,1105.4,1115.7
2010-03-02,1117.0,1123.5,1116.5,1118.3
2010-03-03,1119.4,1125.6,1116.6,1118.8
2010-03-04,1119.1,1123.7,1116.7,1123.0
2010-03-05,1125.1,1139.4,1125.1,1138.7
2010-03-08,1138.4,1141.0,1136.8,1138.5
2010-03-09,1137.6,1145.4,1134.9,1140.5
2010-03-10,1140.2,1148.3,1140.1,1145.6
2010-03-11,1144.0,1150.2,1139.0,1150.2
2010-03-12,1151.7,1153.4,1147.0,1150.0
2010-03-15,1148.5,1151.0,1141.5,1150.5
2010-03-16,1150.8,1160.3,1150.3,1159.5
2010-03-17,1159.9,1169.8,1159.9,1166.2
2010-03-18,1166.1,1167.8,1161.2,1165.8
2010-03-19,1166.7,1169.2,1155.3,1159.9
2010-03-22,1157.2,1167.8,1152.9,1165.8
2010-03-23,1166.5,1174.7,1163.8,1174.2
2010-03-24,1172.7,1173.0,1166.0,1167.7
2010-03-25,1170.0,1180.7,1165.1,1165.7
2010-03-26,1167.6,1173.9,1161.5,1166.6
2010-03-29,1167.7,1174.8,1167.7,1173.2
2010-03-30,1173.8,1177.8,1168.9,1173.3
2010-03-31,1171.8,1174.6,1165.8,1169.4
2010-04-01,1171.2,1181.4,1170.7,1178.1
2010-04-05,1178.7,1187.7,1178.7,1187.4
2010-04-06,1186.0,1191.8,1182.8,1189.4
2010-04-07,1188.2,1189.6,1177.2,1182.5
2010-04-08,1181.8,1188.5,1175.1,1186.4
2010-04-09,1187.5,1194.7,1187.2,1194.4
2010-04-12,1194.9,1199.2,1194.7,1196.5
2010-04-13,1195.9,1199.0,1188.8,1197.3
2010-04-14,1198.7,1210.7,1198.7,1210.7
2010-04-15,1210.8,1213.9,1208.5,1211.7
2010-04-16,1210.2,1210.2,1186.8,1192.1
2010-04-19,1192.1,1197.9,1183.7,1197.5
2010-04-20,1199.0,1208.6,1199.0,1207.2
2010-04-21,1207.2,1211.0,1198.8,1205.9
2010-04-22,1202.5,1210.3,1190.2,1208.7
2010-04-23,1207.9,1217.3,1205.1,1217.3
2010-04-26,1217.1,1219.8,1211.1,1212.0
2010-04-27,1209.9,1211.4,1181.6,1183.7
2010-04-28,1184.6,1195.0,1181.8,1191.4
2010-04-29,1193.3,1209.4,1193.3,1206.8
2010-04-30,1206.8,1208.0,1186.3,1186.7
2010-05-03,1188.6,1205.1,1188.6,1202.3
2010-05-04,1197.5,1197.5,1168.1,1173.6
2010-05-05,1169.2,1176.0,1158.2,1165.9
2010-05-06,1164.4,1167.6,1065.8,1128.2
2010-05-07,1127.0,1135.1,1094.2,1110.9
2010-05-10,1122.3,1163.8,1122.3,1159.7
2010-05-11,1156.4,1170.5,1147.7,1155.8
2010-05-12,1155.4,1172.9,1155.4,1171.7
2010-05-13,1170.0,1173.6,1156.1,1157.4
2010-05-14,1157.2,1157.2,1126.1,1135.7
2010-05-17,1136.5,1141.9,1115.0,1136.9
2010-05-18,1138.8,1148.7,1117.2,1120.8
2010-05-19,1119.6,1124.3,1100.7,1115.0
2010-05-20,1107.3,1107.3,1071.6,1071.6
2010-05-21,1067.3,1090.2,1055.9,1087.7
2010-05-24,1084.8,1090.0,1072.7,1073.7
2010-05-25,1067.4,1074.8,1040.8,1074.0
2010-05-26,1075.5,1090.8,1065.6,1068.0
2010-05-27,1074.3,1103.5,1074.3,1103.1
2010-05-28,1102.6,1102.6,1084.8,1089.4
2010-06-01,1087.3,1094.8,1069.9,1070.7
2010-06-02,1073.0,1098.6,1072.0,1098.4
2010-06-03,1098.8,1105.7,1091.8,1102.8
2010-06-04,1098.4,1098.4,1060.5,1064.9
2010-06-07,1065.8,1071.4,1049.9,1050.5
2010-06-08,1050.8,1063.2,1042.2,1062.0
2010-06-09,1062.8,1077.7,1052.2,1055.7
2010-06-10,1058.8,1087.8,1058.8,1086.8
2010-06-11,1082.7,1092.2,1077.1,1091.6
2010-06-14,1095.0,1105.9,1089.0,1089.6
2010-06-15,1091.2,1115.6,1091.2,1115.2
2010-06-16,1114.0,1118.7,1107.1,1114.6
2010-06-17,1116.0,1117.7,1105.9,1116.0
2010-06-18,1116.2,1121.0,1113.9,1117.5
2010-06-21,1122.8,1131.2,1108.2,1113.2
2010-06-22,1113.9,1118.5,1094.2,1095.3
2010-06-23,1095.6,1099.6,1085.3,1092.0
2010-06-24,1090.9,1090.9,1071.6,1073.7
2010-06-25,1075.1,1083.6,1067.9,1076.8
2010-06-28,1077.5,1082.6,1071.5,1074.6
2010-06-29,1071.1,1071.1,1035.2,1041.2
2010-06-30,1040.6,1048.1,1028.3,1030.7
2010-07-01,1031.1,1033.6,1010.9,1027.4
2010-07-02,1027.7,1033.0,1015.9,1022.6
2010-07-06,1028.1,1042.5,1018.4,1028.1
2010-07-07,1028.5,1060.9,1028.5,1060.3
2010-07-08,1062.9,1071.2,1058.2,1070.2
2010-07-09,1070.5,1078.2,1068.1,1078.0
2010-07-12,1077.2,1080.8,1070.5,1078.8
2010-07-13,1080.7,1099.5,1080.7,1095.3
2010-07-14,1095.6,1099.1,1087.7,1095.2
2010-07-15,1094.5,1098.7,1080.5,1096.5
2010-07-16,1093.8,1093.8,1063.3,1064.9
2010-07-19,1066.8,1074.7,1061.1,1071.2
2010-07-20,1064.5,1083.9,1056.9,1083.5
2010-07-21,1086.7,1089.0,1065.2,1069.6
2010-07-22,1072.1,1097.5,1072.1,1093.7
2010-07-23,1092.2,1103.7,1087.9,1102.7
2010-07-26,1102.9,1115.0,1101.3,1115.0
2010-07-27,1117.4,1121.0,1109.8,1113.8
2010-07-28,1112.8,1114.7,1103.1,1106.1
2010-07-29,1108.1,1115.9,1092.8,1101.5
2010-07-30,1098.4,1106.4,1088.0,1101.6
2010-08-02,1107.5,1127.3,1107.5,1125.9
2010-08-03,1125.3,1125.4,1116.8,1120.5
2010-08-04,1121.1,1128.8,1119.5,1127.2
2010-08-05,1125.8,1126.6,1118.8,1125.8
2010-08-06,1122.1,1123.1,1107.2,1121.6
2010-08-09,1122.8,1129.2,1120.9,1127.8
2010-08-10,1122.9,1127.2,1111.6,1121.1
2010-08-11,1116.9,1116.9,1088.5,1089.5
2010-08-12,1081.5,1086.7,1076.7,1083.6
2010-08-13,1082.2,1086.2,1079.0,1079.2
2010-08-16,1077.5,1082.6,1069.5,1079.4
2010-08-17,1081.2,1100.1,1081.2,1092.5
2010-08-18,1092.1,1099.8,1085.8,1094.2
2010-08-19,1092.4,1092.4,1070.7,1075.6
2010-08-20,1075.6,1075.6,1063.9,1071.7
2010-08-23,1073.4,1081.6,1067.1,1067.4
2010-08-24,1063.2,1063.2,1046.7,1051.9
2010-08-25,1049.0,1059.4,1039.8,1055.3
2010-08-26,1056.3,1061.5,1045.4,1047.2
2010-08-27,1049.3,1065.2,1039.7,1064.6
2010-08-30,1062.9,1064.4,1048.8,1048.9
2010-08-31,1046.9,1055.1,1040.9,1049.3
2010-09-01,1049.7,1081.3,1049.7,1080.3
2010-09-02,1080.7,1090.1,1080.4,1090.1
2010-09-03,1093.6,1105.1,1093.6,1104.5
2010-09-07,1102.6,1102.6,1091.2,1091.8
2010-09-08,1092.4,1103.3,1092.4,1098.9
2010-09-09,1101.2,1110.3,1101.2,1104.2
2010-09-10,1104.6,1110.9,1103.9,1109.5
2010-09-13,1113.4,1123.9,1113.4,1121.9
2010-09-14,1121.2,1127.4,1115.6,1121.1
2010-09-15,1119.4,1126.5,1114.6,1125.1
2010-09-16,1123.9,1125.4,1118.9,1124.7
2010-09-17,1126.4,1131.5,1122.4,1125.6
2010-09-20,1126.6,1144.9,1126.6,1142.7
2010-09-21,1142.8,1148.6,1136.2,1139.8
2010-09-22,1139.5,1144.4,1131.6,1134.3
2010-09-23,1131.1,1136.8,1122.8,1124.8
2010-09-24,1131.7,1148.9,1131.7,1148.7
2010-09-27,1148.6,1149.9,1142.0,1142.2
2010-09-28,1142.3,1150.0,1132.1,1147.7
2010-09-29,1146.8,1148.6,1140.3,1144.7
2010-09-30,1146.0,1157.2,1136.1,1141.2
2010-10-01,1143.5,1150.3,1139.4,1146.2
2010-10-04,1145.0,1148.2,1131.9,1137.0
2010-10-05,1140.7,1162.8,1140.7,1160.8
2010-10-06,1159.8,1162.3,1154.8,1160.0
2010-10-07,1161.6,1163.9,1151.4,1158.1
2010-10-08,1158.4,1167.7,1155.6,1165.2
2010-10-11,1165.3,1168.7,1162.0,1165.3
2010-10-12,1164.3,1172.6,1155.7,1169.8
2010-10-13,1171.3,1184.4,1171.3,1178.1
2010-10-14,1177.8,1178.9,1166.7,1173.8
2010-10-15,1177.5,1181.2,1167.1,1176.2
2010-10-18,1176.8,1185.5,1174.5,1184.7
2010-10-19,1178.6,1178.6,1159.7,1165.9
2010-10-20,1166.7,1182.9,1166.7,1178.2
2010-10-21,1179.8,1189.4,1171.2,1180.3
2010-10-22,1180.5,1183.9,1179.0,1183.1
2010-10-25,1184.7,1196.1,1184.7,1185.6
2010-10-26,1184.9,1187.1,1177.7,1185.6
2010-10-27,1183.8,1183.8,1171.7,1182.5
2010-10-28,1184.5,1189.5,1177.1,1183.8
2010-10-29,1183.9,1185.5,1179.7,1183.3
2010-11-01,1185.7,1195.8,1177.7,1184.4
2010-11-02,1187.9,1195.9,1187.9,1193.6
2010-11-03,1193.8,1198.3,1183.6,1198.0
2010-11-04,1198.3,1221.2,1198.3,1221.1
2010-11-05,1221.2,1227.1,1220.3,1225.8
2010-11-08,1223.2,1224.6,1217.5,1223.2
2010-11-09,1223.6,1226.8,1208.9,1213.4
2010-11-10,1213.1,1218.8,1204.3,1218.7
2010-11-11,1213.0,1215.5,1204.5,1213.5
2010-11-12,1209.1,1210.5,1194.1,1199.2
2010-11-15,1200.4,1207.4,1197.2,1197.8
2010-11-16,1194.8,1194.8,1173.0,1178.3
2010-11-17,1178.3,1183.6,1175.8,1178.6
2010-11-18,1183.8,1200.3,1183.8,1196.7
2010-11-19,1196.1,1200.0,1189.4,1199.7
2010-11-22,1198.1,1198.9,1184.6,1197.8
2010-11-23,1192.5,1192.5,1176.9,1180.7
2010-11-24,1183.7,1198.6,1183.7,1198.3
2010-11-26,1194.2,1194.2,1186.9,1189.4
2010-11-29,1189.1,1190.3,1173.6,1187.8
2010-11-30,1183.0,1187.4,1174.1,1180.5
2010-12-01,1186.6,1207.6,1186.6,1206.1
2010-12-02,1206.8,1221.9,1206.8,1221.5
2010-12-03,1219.9,1225.6,1216.8,1224.7
2010-12-06,1223.9,1225.8,1220.7,1223.1
2010-12-07,1227.2,1235.0,1223.2,1223.8
2010-12-08,1225.0,1228.9,1219.5,1228.3
2010-12-09,1230.1,1234.7,1226.8,1233.0
2010-12-10,1233.8,1240.4,1232.6,1240.4
2010-12-13,1242.5,1246.7,1240.3,1240.5
2010-12-14,1241.8,1246.6,1238.2,1241.6
2010-12-15,1241.6,1244.2,1234.0,1235.2
2010-12-16,1236.3,1243.8,1232.8,1242.9
2010-12-17,1243.6,1245.8,1239.9,1243.9
2010-12-20,1245.8,1250.2,1241.5,1247.1
2010-12-21,1249.4,1255.8,1249.4,1254.6
2010-12-22,1254.9,1259.4,1254.9,1258.8
2010-12-23,1257.5,1258.6,1254.0,1256.8
2010-12-27,1254.7,1258.4,1251.5,1257.5
2010-12-28,1259.1,1259.9,1256.2,1258.5
2010-12-29,1258.8,1262.6,1258.8,1259.8
2010-12-30,1259.4,1261.1,1256.3,1257.9
2010-12-31,1256.8,1259.3,1254.2,1257.6
2011-01-03,1257.6,1276.2,1257.6,1271.9
2011-01-04,1273.0,1274.1,1262.7,1270.2
2011-01-05,1268.8,1277.6,1265.4,1276.6
2011-01-06,1276.3,1278.2,1270.4,1273.8
2011-01-07,1274.4,1276.8,1261.7,1271.5
2011-01-10,1270.8,1271.5,1262.2,1269.8
2011-01-11,1272.6,1277.2,1269.6,1274.5
2011-01-12,1275.7,1286.9,1275.7,1286.0
2011-01-13,1285.8,1286.7,1280.5,1283.8
2011-01-14,1282.9,1293.2,1281.2,1293.2
2011-01-18,1293.2,1296.1,1290.2,1295.0
2011-01-19,1294.5,1294.6,1278.9,1281.9
2011-01-20,1280.8,1283.3,1271.3,1280.3
2011-01-21,1283.6,1291.2,1282.1,1283.3
2011-01-24,1283.3,1291.9,1282.5,1290.8
2011-01-25,1288.2,1291.3,1281.1,1291.2
2011-01-26,1292.0,1299.7,1292.0,1296.6
2011-01-27,1297.5,1301.3,1294.4,1299.5
2011-01-28,1299.6,1302.7,1275.1,1276.3
2011-01-31,1276.5,1287.2,1276.5,1286.1
2011-02-01,1289.1,1308.9,1289.1,1307.6
2011-02-02,1305.9,1307.6,1302.6,1304.0
2011-02-03,1302.8,1308.6,1294.8,1307.1
2011-02-04,1307.0,1311.0,1301.7,1310.9
2011-02-07,1311.8,1322.8,1311.8,1319.0
2011-02-08,1318.8,1324.9,1316.0,1324.6
2011-02-09,1322.5,1324.5,1314.9,1320.9
2011-02-10,1318.1,1322.8,1311.7,1321.9
2011-02-11,1318.7,1330.8,1316.1,1329.2
2011-02-14,1328.7,1333.0,1326.9,1332.3
2011-02-15,1330.4,1330.4,1324.6,1328.0
2011-02-16,1329.5,1337.6,1329.5,1336.3
2011-02-17,1334.4,1341.5,1331.0,1340.4
2011-02-18,1340.4,1344.1,1338.1,1343.0
2011-02-22,1338.9,1338.9,1312.3,1315.4
2011-02-23,1315.4,1317.9,1299.5,1307.4
2011-02-24,1307.1,1310.9,1294.3,1306.1
2011-02-25,1307.3,1320.6,1307.3,1319.9
2011-02-28,1321.6,1329.4,1320.5,1327.2
2011-03-01,1328.6,1332.1,1306.1,1306.3
2011-03-02,1305.5,1314.2,1302.6,1308.4
2011-03-03,1312.4,1332.3,1312.4,1331.0
2011-03-04,1330.7,1331.1,1312.6,1321.2
2011-03-07,1322.7,1327.7,1304.0,1310.1
2011-03-08,1311.0,1325.7,1306.9,1321.8
2011-03-09,1319.9,1323.2,1312.3,1320.0
2011-03-10,1315.7,1315.7,1294.2,1295.1
2011-03-11,1293.4,1308.3,1292.0,1304.3
2011-03-14,1301.2,1301.2,1286.4,1296.4
2011-03-15,1288.5,1288.5,1261.1,1281.9
2011-03-16,1279.5,1280.9,1249.0,1256.9
2011-03-17,1261.6,1278.9,1261.6,1273.7
2011-03-18,1276.7,1288.9,1276.2,1279.2
2011-03-21,1281.7,1300.6,1281.7,1298.4
2011-03-22,1298.3,1299.3,1292.7,1293.8
2011-03-23,1292.2,1300.5,1284.0,1297.5
2011-03-24,1300.6,1311.3,1297.7,1309.7
2011-03-25,1311.8,1319.2,1310.2,1313.8
2011-03-28,1315.5,1319.7,1310.2,1310.2
2011-03-29,1309.4,1319.5,1305.3,1319.4
2011-03-30,1321.9,1331.7,1321.9,1328.3
2011-03-31,1327.4,1329.8,1325.0,1325.8
2011-04-01,1329.5,1337.8,1328.9,1332.4
2011-04-04,1333.6,1336.7,1329.1,1332.9
2011-04-05,1332.0,1338.2,1330.0,1332.6
2011-04-06,1335.9,1339.4,1331.1,1335.5
2011-04-07,1334.8,1338.8,1326.6,1333.5
2011-04-08,1336.2,1339.5,1322.9,1328.2
2011-04-11,1329.0,1333.8,1321.1,1324.5
2011-04-12,1322.0,1322.0,1309.5,1314.2
2011-04-13,1314.0,1321.3,1309.2,1314.4
2011-04-14,1311.1,1316.8,1302.4,1314.5
2011-04-15,1314.5,1322.9,1313.7,1319.7
2011-04-18,1313.3,1313.3,1294.7,1305.1
2011-04-19,1306.0,1312.7,1304.0,1312.6
2011-04-20,1319.1,1332.7,1319.1,1330.4
2011-04-21,1333.2,1337.5,1332.8,1337.4
2011-04-25,1337.1,1337.5,1331.5,1335.2
2011-04-26,1336.8,1349.5,1336.8,1347.2
2011-04-27,1348.4,1357.5,1344.2,1355.7
2011-04-28,1353.9,1361.7,1353.6,1360.5
2011-04-29,1360.1,1364.6,1358.7,1363.6
2011-05-02,1365.2,1370.6,1358.6,1361.2
2011-05-03,1359.8,1360.8,1349.5,1356.6
2011-05-04,1355.9,1355.9,1341.5,1347.3
2011-05-05,1344.2,1348.0,1329.2,1335.1
2011-05-06,1340.2,1354.4,1335.6,1340.2
2011-05-09,1340.2,1349.4,1338.6,1346.3
2011-05-10,1348.3,1359.4,1348.3,1357.2
2011-05-11,1354.5,1354.5,1336.4,1342.1
2011-05-12,1339.4,1351.0,1332.0,1348.7
2011-05-13,1348.7,1350.5,1333.4,1337.8
2011-05-16,1334.8,1343.3,1327.3,1329.5
2011-05-17,1326.1,1330.4,1318.5,1329.0
2011-05-18,1328.5,1341.8,1326.6,1340.7
2011-05-19,1342.4,1346.8,1336.4,1343.6
2011-05-20,1342.0,1342.0,1330.7,1333.3
2011-05-23,1333.1,1333.1,1312.9,1317.4
2011-05-24,1317.7,1323.7,1313.9,1316.3
2011-05-25,1316.4,1325.9,1311.8,1320.5
2011-05-26,1320.6,1328.5,1314.4,1325.7
2011-05-27,1325.7,1334.6,1325.7,1331.1
2011-05-31,1331.1,1345.2,1331.1,1345.2
2011-06-01,1345.2,1345.2,1313.7,1314.5
2011-06-02,1314.5,1318.0,1305.6,1312.9
2011-06-03,1312.9,1312.9,1297.9,1300.2
2011-06-06,1300.3,1300.3,1284.7,1286.2
2011-06-07,1286.3,1296.2,1284.7,1284.9
2011-06-08,1284.6,1287.0,1277.4,1279.6
2011-06-09,1279.6,1294.5,1279.6,1289.0
2011-06-10,1288.6,1288.6,1268.3,1271.0
2011-06-13,1271.3,1277.0,1265.6,1271.8
2011-06-14,1272.2,1292.5,1272.2,1287.9
2011-06-15,1287.9,1287.9,1261.9,1265.4
2011-06-16,1265.5,1274.1,1258.1,1267.6
2011-06-17,1268.6,1279.8,1267.4,1271.5
2011-06-20,1271.5,1280.4,1267.6,1278.4
2011-06-21,1278.4,1297.6,1278.4,1295.5
2011-06-22,1295.5,1298.6,1286.8,1287.1
2011-06-23,1286.6,1286.6,1262.9,1283.5
2011-06-24,1283.0,1283.9,1267.2,1268.5
2011-06-27,1268.4,1284.9,1267.5,1280.1
2011-06-28,1280.2,1296.8,1280.2,1296.7
2011-06-29,1296.8,1309.2,1296.8,1307.4
2011-06-30,1307.6,1322.0,1307.6,1320.6
2011-07-01,1320.6,1341.0,1318.2,1339.7
2011-07-05,1339.6,1340.9,1334.3,1337.9
2011-07-06,1337.6,1340.9,1330.9,1339.2
2011-07-07,1339.6,1356.5,1339.6,1353.2
2011-07-08,1352.4,1352.4,1333.7,1343.8
2011-07-11,1343.3,1343.3,1316.4,1319.5
2011-07-12,1319.6,1327.2,1313.3,1313.6
2011-07-13,1314.5,1331.5,1314.5,1317.7
2011-07-14,1317.7,1326.9,1306.5,1308.9
2011-07-15,1308.9,1317.7,1307.5,1316.1
2011-07-18,1315.9,1315.9,1295.9,1305.4
2011-07-19,1307.1,1328.1,1307.1,1326.7
2011-07-20,1328.7,1330.4,1323.7,1325.8
2011-07-21,1325.7,1347.0,1325.7,1343.8
2011-07-22,1343.8,1346.1,1337.0,1345.0
2011-07-25,1344.3,1344.3,1331.1,1337.4
2011-07-26,1337.4,1338.5,1329.6,1331.9
2011-07-27,1331.9,1331.9,1303.5,1304.9
2011-07-28,1304.8,1316.3,1299.2,1300.7
2011-07-29,1300.1,1304.2,1282.9,1292.3
2011-08-01,1292.6,1307.4,1274.7,1286.9
2011-08-02,1286.6,1286.6,1254.0,1254.0
2011-08-03,1254.2,1261.2,1234.6,1260.3
2011-08-04,1260.2,1260.2,1199.5,1200.1
2011-08-05,1200.3,1218.1,1168.1,1199.4
2011-08-08,1198.5,1198.5,1119.3,1119.5
2011-08-09,1120.2,1172.9,1101.5,1172.5
2011-08-10,1171.8,1171.8,1118.0,1120.8
2011-08-11,1121.3,1186.3,1121.3,1172.6
2011-08-12,1172.9,1189.0,1170.7,1178.8
2011-08-15,1178.9,1204.5,1178.9,1204.5
2011-08-16,1204.2,1204.2,1180.5,1192.8
2011-08-17,1192.9,1208.5,1184.4,1193.9
2011-08-18,1189.6,1189.6,1131.0,1140.7
2011-08-19,1140.5,1154.5,1122.0,1123.5
2011-08-22,1123.5,1145.5,1121.1,1123.8
2011-08-23,1124.4,1162.3,1122.9,1162.3
2011-08-24,1162.2,1178.6,1156.3,1177.6
2011-08-25,1176.7,1190.7,1155.5,1159.3
2011-08-26,1158.8,1181.2,1135.9,1176.8
2011-08-29,1177.9,1210.3,1177.9,1210.1
2011-08-30,1209.8,1220.1,1195.8,1212.9
2011-08-31,1213.0,1230.7,1209.3,1218.9
2011-09-01,1219.1,1229.3,1203.8,1204.4
2011-09-02,1203.9,1203.9,1170.6,1174.0
2011-09-06,1174.0,1174.0,1140.1,1165.2
2011-09-07,1165.8,1198.6,1165.8,1198.6
2011-09-08,1198.0,1204.4,1183.3,1185.9
2011-09-09,1185.4,1185.4,1148.4,1154.2
2011-09-12,1153.5,1162.5,1136.1,1162.3
2011-09-13,1162.6,1176.4,1157.4,1172.9
2011-09-14,1173.3,1202.4,1162.7,1188.7
2011-09-15,1189.4,1209.1,1189.4,1209.1
2011-09-16,1209.2,1220.1,1204.5,1216.0
2011-09-19,1215.0,1215.0,1188.4,1204.1
2011-09-20,1204.5,1220.4,1201.3,1202.1
2011-09-21,1203.6,1206.3,1166.2,1166.8
2011-09-22,1164.5,1164.5,1114.2,1129.6
2011-09-23,1128.8,1141.7,1121.4,1136.4
2011-09-26,1136.9,1164.2,1131.1,1163.0
2011-09-27,1163.3,1195.9,1163.3,1175.4
2011-09-28,1175.4,1184.7,1150.4,1151.1
2011-09-29,1151.7,1175.9,1139.9,1160.4
2011-09-30,1159.9,1159.9,1131.3,1131.4
2011-10-03,1131.2,1139.0,1098.9,1099.2
2011-10-04,1097.4,1125.1,1074.8,1124.0
2011-10-05,1124.0,1146.1,1115.7,1144.0
2011-10-06,1144.1,1165.5,1135.0,1165.0
2011-10-07,1165.0,1171.4,1150.3,1155.5
2011-10-10,1158.2,1194.9,1158.2,1194.9
2011-10-11,1194.6,1199.2,1187.3,1195.5
2011-10-12,1196.2,1220.2,1196.2,1207.2
2011-10-13,1207.0,1207.5,1190.6,1203.7
2011-10-14,1205.7,1224.6,1205.7,1224.6
2011-10-17,1224.5,1224.5,1198.5,1200.9
2011-10-18,1200.8,1233.1,1191.5,1225.4
2011-10-19,1223.5,1229.6,1206.3,1209.9
2011-10-20,1211.1,1219.5,1197.3,1215.4
2011-10-21,1215.4,1239.0,1215.4,1238.2
2011-10-24,1238.7,1256.5,1238.7,1254.2
2011-10-25,1254.2,1254.2,1226.8,1229.0
2011-10-26,1229.2,1246.3,1221.1,1242.0
2011-10-27,1244.0,1292.7,1244.0,1284.6
2011-10-28,1284.4,1287.1,1277.0,1285.1
2011-10-31,1285.0,1285.0,1253.2,1253.3
2011-11-01,1251.0,1251.0,1215.4,1218.3
2011-11-02,1219.6,1242.5,1219.6,1237.9
2011-11-03,1238.2,1263.2,1234.8,1261.2
2011-11-04,1260.8,1260.8,1238.9,1253.2
2011-11-07,1253.2,1261.7,1240.8,1261.1
2011-11-08,1261.1,1277.5,1255.0,1275.9
2011-11-09,1275.2,1275.2,1226.6,1229.1
2011-11-10,1229.6,1246.2,1227.7,1239.7
2011-11-11,1240.1,1267.0,1240.1,1263.8
2011-11-14,1263.8,1263.8,1246.7,1251.8
2011-11-15,1251.7,1264.2,1244.3,1257.8
2011-11-16,1257.8,1259.6,1235.7,1236.9
2011-11-17,1236.6,1237.7,1209.4,1216.1
2011-11-18,1216.2,1223.5,1211.4,1215.7
2011-11-21,1215.6,1215.6,1183.2,1193.0
2011-11-22,1193.0,1196.8,1181.7,1188.0
2011-11-23,1187.5,1187.5,1161.8,1161.8
2011-11-25,1161.4,1172.7,1158.7,1158.7
2011-11-28,1158.7,1197.3,1158.7,1192.5
2011-11-29,1192.6,1203.7,1191.8,1195.2
2011-11-30,1196.7,1247.1,1196.7,1247.0
2011-12-01,1246.9,1251.1,1239.7,1244.6
2011-12-02,1246.0,1260.1,1243.3,1244.3
2011-12-05,1244.3,1266.7,1244.3,1257.1
2011-12-06,1257.2,1266.0,1253.0,1258.5
2011-12-07,1258.1,1267.1,1244.8,1261.0
2011-12-08,1260.9,1260.9,1231.5,1234.3
2011-12-09,1234.5,1258.2,1234.5,1255.2
2011-12-12,1255.0,1255.0,1227.2,1236.5
2011-12-13,1236.8,1249.9,1219.4,1225.7
2011-12-14,1225.7,1225.7,1209.5,1211.8
2011-12-15,1212.1,1225.6,1212.1,1215.8
2011-12-16,1216.1,1231.0,1215.2,1219.7
2011-12-19,1219.7,1224.6,1202.4,1205.3
2011-12-20,1205.7,1242.8,1205.7,1241.3
2011-12-21,1241.2,1245.1,1229.5,1243.7
2011-12-22,1243.7,1255.2,1243.7,1254.0
2011-12-23,1254.0,1265.4,1254.0,1265.3
2011-12-27,1265.0,1269.4,1262.3,1265.4
2011-12-28,1265.4,1265.8,1248.6,1249.6
2011-12-29,1249.8,1263.5,1249.8,1263.0
2011-12-30,1262.8,1264.1,1257.5,1257.6
2012-01-03,1258.9,1284.6,1258.9,1277.1
2012-01-04,1277.0,1278.7,1268.1,1277.3
2012-01-05,1277.3,1283.0,1265.3,1281.1
2012-01-06,1280.9,1281.8,1273.3,1277.8
2012-01-09,1277.8,1282.0,1274.5,1280.7
2012-01-10,1280.8,1296.5,1280.8,1292.1
2012-01-11,1292.0,1293.8,1285.4,1292.5
2012-01-12,1292.5,1296.8,1285.8,1295.5
2012-01-13,1294.8,1294.8,1277.6,1289.1
2012-01-17,1290.2,1303.0,1290.2,1293.7
2012-01-18,1293.7,1308.1,1291.0,1308.0
2012-01-19,1308.1,1315.5,1308.1,1314.5
2012-01-20,1314.5,1315.4,1309.2,1315.4
2012-01-23,1315.3,1322.3,1309.9,1316.0
2012-01-24,1316.0,1316.0,1306.1,1314.7
2012-01-25,1314.4,1328.3,1307.7,1326.0
2012-01-26,1326.3,1333.5,1313.6,1318.4
2012-01-27,1318.2,1320.1,1311.7,1316.3
2012-01-30,1316.2,1316.2,1300.5,1313.0
2012-01-31,1313.5,1321.4,1306.7,1312.4
2012-02-01,1312.5,1330.5,1312.5,1324.1
2012-02-02,1324.2,1329.2,1321.6,1325.5
2012-02-03,1326.2,1345.3,1326.2,1344.9
2012-02-06,1344.3,1344.4,1337.5,1344.3
2012-02-07,1344.3,1349.2,1335.9,1347.0
2012-02-08,1347.0,1351.0,1342.0,1350.0
2012-02-09,1350.0,1354.3,1344.6,1352.0
2012-02-10,1351.2,1351.2,1337.3,1342.6
2012-02-13,1343.1,1353.3,1343.1,1351.8
2012-02-14,1351.3,1351.3,1340.8,1350.5
2012-02-15,1350.5,1355.9,1340.8,1343.2
2012-02-16,1342.6,1359.0,1341.2,1358.0
2012-02-17,1358.1,1363.4,1357.2,1361.2
2012-02-21,1361.2,1367.8,1358.1,1362.2
2012-02-22,1362.1,1362.7,1355.5,1357.7
2012-02-23,1357.5,1364.2,1352.3,1363.5
2012-02-24,1363.5,1368.9,1363.5,1365.7
2012-02-27,1365.2,1371.9,1354.9,1367.6
2012-02-28,1367.6,1373.1,1366.0,1372.2
2012-02-29,1372.2,1378.0,1363.8,1365.7
2012-03-01,1365.9,1376.2,1365.9,1374.1
2012-03-02,1374.1,1374.5,1366.4,1369.6
2012-03-05,1369.6,1369.6,1359.1,1364.3
2012-03-06,1363.6,1363.6,1340.0,1343.4
2012-03-07,1343.4,1354.8,1343.4,1352.6
2012-03-08,1352.7,1368.7,1352.7,1365.9
2012-03-09,1366.0,1374.8,1366.0,1370.9
2012-03-12,1370.8,1373.0,1366.7,1371.1
2012-03-13,1371.9,1396.1,1371.9,1396.0
2012-03-14,1396.0,1399.4,1390.0,1394.3
2012-03-15,1394.2,1402.6,1392.8,1402.6
2012-03-16,1402.5,1405.9,1401.5,1404.2
2012-03-19,1404.2,1414.0,1402.4,1409.8
2012-03-20,1409.6,1409.6,1397.7,1405.5
2012-03-21,1405.5,1407.8,1400.6,1402.9
2012-03-22,1402.9,1402.9,1388.7,1392.8
2012-03-23,1392.8,1399.2,1386.9,1397.1
2012-03-26,1397.1,1416.6,1397.1,1416.5
2012-03-27,1416.5,1419.2,1412.0,1412.5
2012-03-28,1412.5,1413.7,1397.2,1405.5
2012-03-29,1405.4,1405.4,1391.6,1403.3
2012-03-30,1403.3,1410.9,1401.4,1408.5
2012-04-02,1408.5,1422.4,1404.5,1419.0
2012-04-03,1419.0,1419.0,1404.6,1413.4
2012-04-04,1413.1,1413.1,1394.1,1399.0
2012-04-05,1398.8,1401.6,1392.9,1398.1
2012-04-09,1397.5,1397.5,1378.2,1382.2
2012-04-10,1382.2,1383.0,1357.4,1358.6
2012-04-11,1359.0,1374.7,1359.0,1368.7
2012-04-12,1368.8,1388.1,1368.8,1387.6
2012-04-13,1387.6,1387.6,1369.8,1370.3
2012-04-16,1370.3,1379.7,1365.4,1369.6
2012-04-17,1369.6,1392.8,1369.6,1390.8
2012-04-18,1390.8,1390.8,1383.3,1385.1
2012-04-19,1385.1,1390.5,1370.3,1376.9
2012-04-20,1377.0,1387.4,1377.0,1378.5
2012-04-23,1378.5,1378.5,1358.8,1366.9
2012-04-24,1367.0,1375.6,1366.8,1372.0
2012-04-25,1372.1,1391.4,1372.1,1390.7
2012-04-26,1390.6,1402.1,1387.3,1400.0
2012-04-27,1400.2,1406.6,1397.3,1403.4
2012-04-30,1403.3,1403.3,1394.0,1397.9
2012-05-01,1397.9,1415.3,1395.7,1405.8
2012-05-02,1405.5,1405.5,1393.9,1402.3
2012-05-03,1402.3,1403.1,1388.7,1391.6
2012-05-04,1391.5,1391.5,1368.0,1369.1
2012-05-07,1368.8,1373.9,1363.9,1369.6
2012-05-08,1369.2,1369.2,1347.8,1363.7
2012-05-09,1363.2,1363.7,1343.1,1354.6
2012-05-10,1354.6,1365.9,1354.6,1358.0
2012-05-11,1358.1,1365.7,1348.9,1353.4
2012-05-14,1351.9,1351.9,1336.6,1338.3
2012-05-15,1338.4,1344.9,1328.4,1330.7
2012-05-16,1330.8,1341.8,1324.8,1324.8
2012-05-17,1324.8,1326.4,1304.9,1304.9
2012-05-18,1305.0,1312.2,1292.0,1295.2
2012-05-21,1295.7,1316.4,1295.7,1316.0
2012-05-22,1316.1,1328.5,1310.0,1316.6
2012-05-23,1316.0,1320.7,1296.5,1318.9
2012-05-24,1318.7,1324.1,1310.5,1320.7
2012-05-25,1320.8,1324.2,1314.2,1317.8
2012-05-29,1318.9,1334.9,1318.9,1332.4
2012-05-30,1331.2,1331.2,1310.8,1313.3
2012-05-31,1313.1,1319.7,1298.9,1310.3
2012-06-01,1309.9,1309.9,1277.2,1278.0
2012-06-04,1278.3,1282.5,1266.7,1278.2
2012-06-05,1277.8,1287.6,1274.2,1285.5
2012-06-06,1285.6,1315.1,1285.6,1315.1
2012-06-07,1316.2,1329.0,1312.7,1315.0
2012-06-08,1315.0,1325.8,1307.8,1325.7
2012-06-11,1325.7,1335.5,1307.7,1308.9
2012-06-12,1309.4,1324.3,1306.6,1324.2
2012-06-13,1324.0,1327.3,1310.5,1314.9
2012-06-14,1314.9,1333.7,1314.1,1329.1
2012-06-15,1329.2,1343.3,1329.2,1342.8
2012-06-18,1342.4,1348.2,1334.5,1344.8
2012-06-19,1344.8,1363.5,1344.8,1358.0
2012-06-20,1358.0,1361.6,1346.5,1355.7
2012-06-21,1355.4,1358.3,1324.4,1325.5
2012-06-22,1325.9,1337.8,1325.9,1335.0
2012-06-25,1334.9,1334.9,1309.3,1313.7
2012-06-26,1314.1,1324.2,1310.3,1320.0
2012-06-27,1320.7,1334.4,1320.7,1331.8
2012-06-28,1331.5,1331.5,1313.3,1329.0
2012-06-29,1330.1,1362.2,1330.1,1362.2
2012-07-02,1362.3,1366.3,1355.7,1365.5
2012-07-03,1365.8,1374.8,1363.5,1374.0
2012-07-05,1373.7,1373.8,1363.0,1367.6
2012-07-06,1367.1,1367.1,1348.0,1354.7
2012-07-09,1354.7,1354.9,1346.7,1352.5
2012-07-10,1353.0,1361.5,1336.3,1341.5
2012-07-11,1341.4,1345.0,1333.2,1341.5
2012-07-12,1341.3,1341.3,1325.4,1334.8
2012-07-13,1334.8,1357.7,1334.8,1356.8
2012-07-16,1356.5,1357.3,1348.5,1353.6
2012-07-17,1353.7,1365.4,1345.1,1363.7
2012-07-18,1363.6,1375.3,1359.0,1372.8
2012-07-19,1373.0,1380.4,1371.2,1376.5
2012-07-20,1376.5,1376.5,1362.2,1362.7
2012-07-23,1362.3,1362.3,1337.6,1350.5
2012-07-24,1350.5,1351.5,1329.2,1338.3
2012-07-25,1338.3,1344.0,1331.5,1337.9
2012-07-26,1338.2,1363.1,1338.2,1360.0
2012-07-27,1360.0,1389.2,1360.0,1386.0
2012-07-30,1385.9,1391.7,1381.4,1385.3
2012-07-31,1385.3,1387.2,1379.2,1379.3
2012-08-01,1379.3,1385.0,1373.3,1375.1
2012-08-02,1375.1,1375.1,1354.7,1365.0
2012-08-03,1365.5,1394.2,1365.5,1391.0
2012-08-06,1391.0,1399.6,1391.0,1394.2
2012-08-07,1394.5,1407.1,1394.5,1401.3
2012-08-08,1401.2,1404.1,1396.1,1402.2
2012-08-09,1402.3,1406.0,1398.8,1402.8
2012-08-10,1402.6,1406.0,1395.6,1405.9
2012-08-13,1405.9,1405.9,1397.3,1404.1
2012-08-14,1404.4,1410.0,1400.6,1403.9
2012-08-15,1403.9,1407.7,1401.8,1405.5
2012-08-16,1406.6,1417.4,1404.2,1415.5
2012-08-17,1415.8,1418.7,1414.7,1418.2
2012-08-20,1417.8,1418.1,1412.1,1418.1
2012-08-21,1418.1,1426.7,1410.9,1413.2
2012-08-22,1413.1,1416.1,1406.8,1413.5
2012-08-23,1413.5,1413.5,1400.5,1402.1
2012-08-24,1402.0,1413.5,1398.0,1411.1
2012-08-27,1411.1,1416.2,1409.1,1410.4
2012-08-28,1410.4,1413.6,1405.6,1409.3
2012-08-29,1409.3,1414.0,1406.6,1410.5
2012-08-30,1410.1,1410.1,1397.0,1399.5
2012-08-31,1400.1,1413.1,1399.0,1406.6
2012-09-04,1406.5,1409.3,1396.6,1404.9
2012-09-05,1404.9,1408.8,1401.2,1403.4
2012-09-06,1403.4,1432.1,1403.4,1432.1
2012-09-07,1432.1,1437.9,1431.5,1437.9
2012-09-10,1437.9,1438.7,1429.0,1429.1
2012-09-11,1429.1,1437.8,1429.1,1433.6
2012-09-12,1433.6,1439.2,1433.0,1436.6
2012-09-13,1436.6,1463.8,1435.3,1460.0
2012-09-14,1460.1,1474.5,1460.1,1465.8
2012-09-17,1465.4,1465.6,1457.5,1461.2
2012-09-18,1461.2,1461.5,1456.1,1459.3
2012-09-19,1459.5,1465.2,1457.9,1461.0
2012-09-20,1461.0,1461.2,1450.0,1460.3
2012-09-21,1460.3,1467.1,1459.5,1460.2
2012-09-24,1459.8,1460.7,1452.1,1456.9
2012-09-25,1456.9,1463.2,1441.6,1441.6
2012-09-26,1441.6,1441.6,1430.5,1433.3
2012-09-27,1433.4,1450.2,1433.4,1447.2
2012-09-28,1447.1,1447.1,1435.6,1440.7
2012-10-01,1440.9,1457.1,1440.9,1444.5
2012-10-02,1445.0,1451.5,1439.0,1445.8
2012-10-03,1446.0,1454.3,1442.0,1451.0
2012-10-04,1451.1,1463.1,1451.1,1461.4
2012-10-05,1461.4,1471.0,1456.9,1460.9
2012-10-08,1460.9,1460.9,1453.1,1455.9
2012-10-09,1455.9,1455.9,1441.2,1441.5
2012-10-10,1441.5,1442.5,1430.6,1432.6
2012-10-11,1432.8,1443.9,1432.8,1432.8
2012-10-12,1432.8,1438.4,1425.5,1428.6
2012-10-15,1428.8,1441.3,1427.2,1440.1
2012-10-16,1440.3,1455.5,1440.3,1454.9
2012-10-17,1454.2,1462.2,1453.3,1460.9
2012-10-18,1460.9,1464.0,1452.6,1457.3
2012-10-19,1457.3,1457.3,1429.8,1433.2
2012-10-22,1433.2,1435.5,1422.1,1433.8
2012-10-23,1433.7,1433.7,1407.6,1413.1
2012-10-24,1413.2,1420.0,1407.1,1408.8
2012-10-25,1409.7,1421.1,1405.1,1413.0
2012-10-26,1413.0,1417.1,1403.3,1411.9
2012-10-31,1411.0,1418.8,1406.0,1412.2
2012-11-01,1412.2,1428.3,1412.2,1427.6
2012-11-02,1427.6,1434.3,1412.9,1414.2
2012-11-05,1414.0,1419.9,1408.1,1417.3
2012-11-06,1417.3,1433.4,1417.3,1428.4
2012-11-07,1428.3,1428.3,1388.1,1394.5
2012-11-08,1394.5,1401.2,1377.5,1377.5
2012-11-09,1377.5,1391.4,1373.0,1379.8
2012-11-12,1379.9,1384.9,1377.2,1380.0
2012-11-13,1380.0,1388.8,1371.4,1374.5
2012-11-14,1374.6,1380.1,1352.5,1355.5
2012-11-15,1355.4,1360.6,1348.0,1353.3
2012-11-16,1353.4,1362.0,1343.3,1359.9
2012-11-19,1359.9,1386.9,1359.9,1386.9
2012-11-20,1386.8,1389.8,1377.0,1387.8
2012-11-21,1387.8,1391.2,1386.4,1391.0
2012-11-23,1391.0,1409.2,1391.0,1409.2
2012-11-26,1409.2,1409.2,1397.7,1406.3
2012-11-27,1406.3,1409.0,1398.0,1398.9
2012-11-28,1398.8,1410.3,1385.4,1409.9
2012-11-29,1410.0,1419.7,1409.0,1416.0
2012-11-30,1416.0,1418.9,1411.6,1416.2
2012-12-03,1416.3,1423.7,1408.5,1409.5
2012-12-04,1409.5,1413.1,1403.7,1407.0
2012-12-05,1407.0,1415.6,1398.2,1409.3
2012-12-06,1409.4,1414.0,1405.9,1413.9
2012-12-07,1414.0,1420.3,1410.9,1418.1
2012-12-10,1418.1,1421.6,1415.6,1418.5
2012-12-11,1418.5,1434.3,1418.5,1427.8
2012-12-12,1427.8,1438.6,1426.8,1428.5
2012-12-13,1428.5,1431.4,1416.0,1419.5
2012-12-14,1419.5,1419.5,1411.9,1413.6
2012-12-17,1413.5,1430.7,1413.5,1430.4
2012-12-18,1430.5,1448.0,1430.5,1446.8
2012-12-19,1446.8,1447.8,1435.8,1435.8
2012-12-20,1435.8,1443.7,1432.8,1443.7
2012-12-21,1443.7,1443.7,1422.6,1430.2
2012-12-24,1430.2,1430.2,1424.7,1426.7
2012-12-26,1426.7,1429.4,1416.4,1419.8
2012-12-27,1419.8,1422.8,1401.8,1418.1
2012-12-28,1418.1,1418.1,1401.6,1402.4
2012-12-31,1402.4,1426.7,1398.1,1426.2
2013-01-02,1426.2,1462.4,1426.2,1462.4
2013-01-03,1462.4,1465.5,1455.5,1459.4
2013-01-04,1459.4,1467.9,1459.0,1466.5
2013-01-07,1466.5,1466.5,1456.6,1461.9
2013-01-08,1461.9,1461.9,1451.6,1457.2
2013-01-09,1457.2,1464.7,1457.2,1461.0
2013-01-10,1464.6,1472.3,1461.0,1472.1
2013-01-11,1472.1,1472.8,1467.6,1472.0
2013-01-14,1472.0,1472.0,1465.7,1470.7
2013-01-15,1470.7,1473.3,1463.8,1472.3
2013-01-16,1472.3,1474.0,1467.6,1472.6
2013-01-17,1472.6,1485.2,1472.6,1480.9
2013-01-18,1481.0,1486.0,1475.8,1486.0
2013-01-22,1486.0,1492.6,1481.2,1492.6
2013-01-23,1492.6,1496.1,1489.9,1494.8
2013-01-24,1494.8,1502.3,1489.5,1494.8
2013-01-25,1494.8,1503.3,1494.8,1503.0
2013-01-28,1503.0,1503.2,1496.3,1500.2
2013-01-29,1500.2,1509.3,1498.1,1507.8
2013-01-30,1507.8,1509.9,1500.1,1502.0
2013-01-31,1502.0,1504.2,1496.8,1498.1
2013-02-01,1498.1,1514.4,1498.1,1513.2
2013-02-04,1513.2,1513.2,1495.0,1495.7
2013-02-05,1495.7,1515.0,1495.7,1511.3
2013-02-06,1511.3,1512.5,1504.7,1512.1
2013-02-07,1512.1,1512.9,1498.5,1509.4
2013-02-08,1509.4,1518.3,1509.4,1517.9
2013-02-11,1517.9,1518.3,1513.6,1517.0
2013-02-12,1517.0,1522.3,1515.6,1519.4
2013-02-13,1519.4,1524.7,1515.9,1520.3
2013-02-14,1520.3,1523.1,1514.0,1521.4
2013-02-15,1521.4,1524.2,1514.1,1519.8
2013-02-19,1519.8,1530.9,1519.8,1530.9
2013-02-20,1530.9,1530.9,1511.4,1512.0
2013-02-21,1512.0,1512.0,1497.3,1502.4
2013-02-22,1502.4,1515.6,1502.4,1515.6
2013-02-25,1515.6,1525.8,1487.8,1487.8
2013-02-26,1487.8,1499.0,1485.0,1496.9
2013-02-27,1496.9,1520.1,1494.9,1516.0
2013-02-28,1516.0,1525.3,1514.5,1514.7
2013-03-01,1514.7,1520.0,1501.5,1518.2
2013-03-04,1518.2,1525.3,1512.3,1525.2
2013-03-05,1525.2,1543.5,1525.2,1539.8
2013-03-06,1539.8,1545.2,1538.1,1541.5
2013-03-07,1541.5,1545.8,1541.5,1544.3
2013-03-08,1544.3,1552.5,1542.9,1551.2
2013-03-11,1551.2,1556.3,1547.4,1556.2
2013-03-12,1556.2,1556.8,1548.2,1552.5
2013-03-13,1552.5,1556.4,1548.2,1554.5
2013-03-14,1554.5,1563.3,1554.5,1563.2
2013-03-15,1563.2,1563.6,1555.7,1560.7
2013-03-18,1560.7,1560.7,1545.1,1552.1
2013-03-19,1552.1,1557.2,1538.6,1548.3
2013-03-20,1548.3,1561.6,1548.3,1558.7
2013-03-21,1558.7,1558.7,1543.5,1545.8
2013-03-22,1545.9,1557.7,1545.9,1556.9
2013-03-25,1556.9,1564.9,1546.2,1551.7
2013-03-26,1551.7,1564.0,1551.7,1563.8
2013-03-27,1563.8,1564.1,1551.9,1562.8
2013-03-28,1562.9,1570.3,1561.1,1569.2
2013-04-01,1569.2,1570.6,1558.5,1562.2
2013-04-02,1562.2,1573.7,1562.2,1570.2
2013-04-03,1570.2,1571.5,1549.8,1553.7
2013-04-04,1553.7,1562.6,1552.5,1560.0
2013-04-05,1560.0,1560.0,1539.5,1553.3
2013-04-08,1553.3,1563.1,1548.6,1563.1
2013-04-09,1563.1,1573.9,1560.9,1568.6
2013-04-10,1568.6,1589.1,1568.6,1587.7
2013-04-11,1587.7,1597.3,1586.2,1593.4
2013-04-12,1593.3,1593.3,1580.0,1588.8
2013-04-15,1588.8,1588.8,1552.3,1552.4
2013-04-16,1552.4,1575.3,1552.4,1574.6
2013-04-17,1574.6,1574.6,1543.7,1552.0
2013-04-18,1552.0,1554.4,1536.0,1541.6
2013-04-19,1541.6,1555.9,1539.4,1555.2
2013-04-22,1555.2,1565.5,1548.2,1562.5
2013-04-23,1562.5,1579.6,1562.5,1578.8
2013-04-24,1578.8,1583.0,1575.8,1578.8
2013-04-25,1578.9,1592.6,1578.9,1585.2
2013-04-26,1585.2,1585.8,1577.6,1582.2
2013-04-29,1582.3,1596.7,1582.3,1593.6
2013-04-30,1593.6,1597.6,1586.5,1597.6
2013-05-01,1597.5,1597.5,1581.3,1582.7
2013-05-02,1582.8,1598.6,1582.8,1597.6
2013-05-03,1597.6,1618.5,1597.6,1614.4
2013-05-06,1614.4,1619.8,1614.2,1617.5
2013-05-07,1617.5,1626.0,1616.6,1626.0
2013-05-08,1626.0,1632.8,1622.7,1632.7
2013-05-09,1632.7,1635.0,1623.1,1626.7
2013-05-10,1626.7,1633.7,1623.7,1633.7
2013-05-13,1632.1,1636.0,1626.7,1633.8
2013-05-14,1633.8,1651.1,1633.8,1650.3
2013-05-15,1649.1,1661.5,1646.7,1658.8
2013-05-16,1658.1,1660.5,1648.6,1650.5
2013-05-17,1652.5,1667.5,1652.5,1667.5
2013-05-20,1665.7,1672.8,1663.5,1666.3
2013-05-21,1666.2,1674.9,1662.7,1669.2
2013-05-22,1669.4,1687.2,1648.9,1655.3
2013-05-23,1651.6,1655.5,1635.5,1650.5
2013-05-24,1646.7,1649.8,1636.9,1649.6
2013-05-28,1652.6,1674.2,1652.6,1660.1
2013-05-29,1656.6,1656.6,1640.0,1648.4
2013-05-30,1649.1,1661.9,1648.6,1654.4
2013-05-31,1652.1,1659.0,1630.7,1630.7
2013-06-03,1631.7,1640.4,1622.7,1640.4
2013-06-04,1640.7,1646.5,1623.6,1631.4
2013-06-05,1629.0,1629.3,1607.1,1608.9
2013-06-06,1609.3,1622.6,1598.2,1622.6
2013-06-07,1625.3,1644.4,1625.3,1643.4
2013-06-10,1644.7,1648.7,1639.3,1642.8
2013-06-11,1638.6,1640.1,1622.9,1626.1
2013-06-12,1629.9,1637.7,1610.9,1612.5
2013-06-13,1612.2,1639.2,1608.1,1636.4
2013-06-14,1635.5,1640.8,1624.0,1626.7
2013-06-17,1630.6,1646.5,1630.3,1639.0
2013-06-18,1639.8,1654.2,1639.8,1651.8
2013-06-19,1651.8,1652.5,1628.9,1628.9
2013-06-20,1624.6,1624.6,1584.3,1588.2
2013-06-21,1588.6,1599.2,1577.7,1592.4
2013-06-24,1588.8,1588.8,1560.3,1573.1
2013-06-25,1577.5,1593.8,1577.1,1588.0
2013-06-26,1592.3,1606.8,1592.3,1603.3
2013-06-27,1606.4,1620.1,1606.4,1613.2
2013-06-28,1611.1,1615.9,1601.1,1606.3
2013-07-01,1609.8,1626.6,1609.8,1615.0
2013-07-02,1614.3,1624.3,1606.8,1614.1
2013-07-03,1611.5,1619.0,1604.6,1615.4
2013-07-05,1618.7,1632.1,1614.7,1631.9
2013-07-08,1634.2,1644.7,1634.2,1640.5
2013-07-09,1642.9,1654.2,1642.9,1652.3
2013-07-10,1651.6,1657.9,1647.7,1652.6
2013-07-11,1657.4,1676.6,1657.4,1675.0
2013-07-12,1675.3,1680.2,1672.3,1680.2
2013-07-15,1679.6,1684.5,1677.9,1682.5
2013-07-16,1682.7,1683.7,1671.8,1676.3
2013-07-17,1677.9,1684.8,1677.9,1680.9
2013-07-18,1681.0,1693.1,1681.0,1689.4
2013-07-19,1686.2,1692.1,1684.1,1692.1
2013-07-22,1694.4,1697.6,1690.7,1695.5
2013-07-23,1696.6,1698.8,1691.1,1692.4
2013-07-24,1696.1,1698.4,1682.6,1685.9
2013-07-25,1685.2,1690.9,1680.1,1690.2
2013-07-26,1687.3,1691.8,1676.0,1691.7
2013-07-29,1690.3,1690.9,1681.9,1685.3
2013-07-30,1687.9,1693.2,1682.4,1686.0
2013-07-31,1687.8,1698.4,1684.9,1685.7
2013-08-01,1689.4,1707.8,1689.4,1706.9
2013-08-02,1706.1,1709.7,1700.7,1709.7
2013-08-05,1708.0,1709.2,1703.5,1707.1
2013-08-06,1705.8,1705.8,1693.3,1697.4
2013-08-07,1695.3,1695.3,1684.9,1690.9
2013-08-08,1693.3,1700.2,1688.4,1697.5
2013-08-09,1696.1,1699.4,1686.0,1691.4
2013-08-12,1688.4,1691.5,1683.3,1689.5
2013-08-13,1690.7,1696.8,1682.6,1694.2
2013-08-14,1693.9,1695.5,1684.8,1685.4
2013-08-15,1679.6,1679.6,1658.6,1661.3
2013-08-16,1661.2,1663.6,1652.6,1655.8
2013-08-19,1655.2,1659.2,1645.8,1646.1
2013-08-20,1646.8,1658.9,1646.1,1652.3
2013-08-21,1650.7,1657.0,1639.4,1642.8
2013-08-22,1645.0,1659.5,1645.0,1657.0
2013-08-23,1659.9,1664.8,1654.8,1663.5
2013-08-26,1664.3,1669.5,1656.0,1656.8
2013-08-27,1652.5,1652.5,1629.0,1630.5
2013-08-28,1630.2,1641.2,1627.5,1635.0
2013-08-29,1633.5,1646.4,1630.9,1638.2
2013-08-30,1638.9,1640.1,1628.0,1633.0
2013-09-03,1636.0,1651.3,1633.4,1639.8
2013-09-04,1640.7,1655.7,1637.4,1653.1
2013-09-05,1653.3,1659.2,1653.1,1655.1
2013-09-06,1657.4,1664.8,1640.6,1655.2
2013-09-09,1656.8,1672.4,1656.8,1671.7
2013-09-10,1674.3,1684.1,1674.3,1684.0
2013-09-11,1681.0,1689.1,1678.7,1689.1
2013-09-12,1689.2,1690.0,1682.0,1683.4
2013-09-13,1685.0,1688.7,1682.2,1688.0
2013-09-16,1691.7,1705.0,1691.7,1697.6
2013-09-17,1697.7,1705.5,1697.7,1704.8
2013-09-18,1705.7,1729.4,1700.3,1725.5
2013-09-19,1727.3,1729.9,1720.2,1722.3
2013-09-20,1722.4,1725.2,1708.9,1709.9
2013-09-23,1711.4,1711.4,1697.1,1701.8
2013-09-24,1702.6,1707.6,1694.9,1697.4
2013-09-25,1698.0,1701.7,1691.9,1692.8
2013-09-26,1694.0,1703.8,1693.1,1698.7
2013-09-27,1695.5,1695.5,1687.1,1691.8
2013-09-30,1687.3,1687.3,1675.0,1681.5
2013-10-01,1682.4,1696.5,1682.1,1695.0
2013-10-02,1691.9,1693.9,1680.3,1693.9
2013-10-03,1692.3,1692.3,1670.4,1678.7
2013-10-04,1678.8,1691.9,1677.3,1690.5
2013-10-07,1687.2,1687.2,1674.7,1676.1
2013-10-08,1676.2,1676.8,1655.0,1655.5
2013-10-09,1657.0,1662.5,1646.5,1656.4
2013-10-10,1660.9,1692.6,1660.9,1692.6
2013-10-11,1691.1,1703.4,1688.5,1703.2
2013-10-14,1699.9,1711.0,1692.1,1710.1
2013-10-15,1709.2,1711.6,1695.9,1698.1
2013-10-16,1700.5,1721.8,1700.5,1721.5
2013-10-17,1720.2,1733.5,1714.1,1733.2
2013-10-18,1736.7,1745.3,1735.7,1744.5
2013-10-21,1745.2,1747.8,1740.7,1744.7
2013-10-22,1746.5,1759.3,1746.5,1754.7
2013-10-23,1752.3,1752.3,1740.5,1746.4
2013-10-24,1747.5,1753.9,1745.5,1752.1
2013-10-25,1756.0,1759.8,1752.5,1759.8
2013-10-28,1759.4,1765.0,1757.7,1762.1
2013-10-29,1762.9,1772.1,1762.9,1772.0
2013-10-30,1772.3,1775.2,1757.2,1763.3
2013-10-31,1763.2,1768.5,1755.7,1756.5
2013-11-01,1758.7,1765.7,1752.7,1761.6
2013-11-04,1763.4,1768.8,1761.6,1767.9
2013-11-05,1765.7,1767.0,1755.8,1763.0
2013-11-06,1765.0,1773.7,1764.4,1770.5
2013-11-07,1770.7,1774.5,1746.2,1747.2
2013-11-08,1748.4,1770.8,1747.6,1770.6
2013-11-11,1770.0,1773.4,1767.8,1771.9
2013-11-12,1769.5,1771.8,1762.3,1767.7
2013-11-13,1764.4,1782.0,1760.6,1782.0
2013-11-14,1782.8,1791.5,1780.2,1790.6
2013-11-15,1790.7,1798.2,1790.7,1798.2
2013-11-18,1798.8,1802.3,1788.0,1791.5
2013-11-19,1790.8,1795.5,1784.7,1787.9
2013-11-20,1789.6,1795.7,1777.2,1781.4
2013-11-21,1783.5,1797.2,1783.5,1795.8
2013-11-22,1797.2,1804.8,1794.7,1804.8
2013-11-25,1806.3,1808.1,1800.6,1802.5
2013-11-26,1802.9,1808.4,1800.8,1802.8
2013-11-27,1803.5,1808.3,1802.8,1807.2
2013-11-29,1808.7,1813.5,1804.0,1805.8
2013-12-02,1806.5,1810.0,1798.6,1800.9
2013-12-03,1800.1,1800.1,1787.8,1795.2
2013-12-04,1793.2,1799.8,1779.1,1792.8
2013-12-05,1792.8,1792.8,1783.4,1785.0
2013-12-06,1788.4,1806.0,1788.4,1805.1
2013-12-09,1806.2,1811.5,1806.2,1808.4
2013-12-10,1807.6,1808.5,1801.8,1802.6
2013-12-11,1802.8,1803.0,1780.1,1782.2
2013-12-12,1781.7,1783.0,1772.3,1775.5
2013-12-13,1778.0,1780.9,1772.5,1775.3
2013-12-16,1777.5,1792.2,1777.5,1786.5
2013-12-17,1786.5,1786.8,1777.0,1781.0
2013-12-18,1781.5,1811.1,1768.0,1810.7
2013-12-19,1809.0,1810.9,1801.3,1809.6
2013-12-20,1810.4,1823.8,1810.2,1818.3
2013-12-23,1822.9,1829.8,1822.9,1828.0
2013-12-24,1828.0,1833.3,1828.0,1833.3
2013-12-26,1835.0,1842.8,1835.0,1842.0
2013-12-27,1843.0,1844.9,1839.8,1841.4
2013-12-30,1841.5,1842.5,1838.8,1841.1
2013-12-31,1842.6,1849.4,1842.4,1848.4
2014-01-02,1845.9,1845.9,1827.7,1832.0
2014-01-03,1833.2,1838.2,1829.1,1831.4
2014-01-06,1832.3,1837.2,1823.7,1826.8
2014-01-07,1828.7,1840.1,1828.7,1837.9
2014-01-08,1837.9,1840.0,1831.4,1837.5
2014-01-09,1839.0,1843.2,1830.4,1838.1
2014-01-10,1840.1,1843.2,1832.4,1842.4
2014-01-13,1841.3,1843.5,1815.5,1819.2
2014-01-14,1821.4,1839.3,1821.4,1838.9
2014-01-15,1840.5,1850.8,1840.5,1848.4
2014-01-16,1848.0,1848.0,1840.3,1845.9
2014-01-17,1844.2,1846.0,1835.2,1838.7
2014-01-21,1841.0,1849.3,1832.4,1843.8
2014-01-22,1844.7,1846.9,1840.9,1844.9
2014-01-23,1842.3,1842.3,1820.1,1828.5
2014-01-24,1827.0,1827.0,1790.3,1790.3
2014-01-27,1791.0,1796.0,1772.9,1781.6
2014-01-28,1783.0,1793.9,1779.5,1792.5
2014-01-29,1790.2,1790.2,1770.5,1774.2
2014-01-30,1777.2,1798.8,1777.2,1794.2
2014-01-31,1790.9,1793.9,1772.3,1782.6
2014-02-03,1782.7,1784.8,1739.7,1741.9
2014-02-04,1743.8,1758.7,1743.8,1755.2
2014-02-05,1753.4,1755.8,1737.9,1751.6
2014-02-06,1753.0,1774.1,1753.0,1773.4
2014-02-07,1776.0,1798.0,1776.0,1797.0
2014-02-10,1796.2,1799.9,1791.8,1799.8
2014-02-11,1800.5,1823.5,1800.4,1819.8
2014-02-12,1820.1,1826.5,1816.0,1819.3
2014-02-13,1814.8,1830.2,1809.2,1829.8
2014-02-14,1828.5,1841.7,1825.6,1838.6
2014-02-18,1839.0,1842.9,1835.0,1840.8
2014-02-19,1838.9,1847.5,1827.0,1828.8
2014-02-20,1829.2,1842.8,1824.6,1839.8
2014-02-21,1841.1,1846.1,1835.6,1836.2
2014-02-24,1836.8,1858.7,1836.8,1847.6
2014-02-25,1847.7,1852.9,1840.2,1845.1
2014-02-26,1845.8,1852.7,1840.7,1845.2
2014-02-27,1844.9,1854.5,1841.1,1854.3
2014-02-28,1855.1,1867.9,1847.7,1859.5
2014-03-03,1857.7,1857.7,1834.4,1845.7
2014-03-04,1849.2,1876.2,1849.2,1873.9
2014-03-05,1874.0,1876.5,1871.1,1873.8
2014-03-06,1874.2,1881.9,1874.2,1877.0
2014-03-07,1878.5,1883.6,1870.6,1878.0
2014-03-10,1877.9,1877.9,1867.0,1877.2
2014-03-11,1878.3,1882.3,1863.9,1867.6
2014-03-12,1866.2,1868.4,1854.4,1868.2
2014-03-13,1869.1,1874.4,1841.9,1846.3
2014-03-14,1845.1,1852.4,1839.6,1841.1
2014-03-17,1842.8,1862.3,1842.8,1858.8
2014-03-18,1858.9,1873.8,1858.9,1872.2
2014-03-19,1872.2,1874.1,1850.3,1860.8
2014-03-20,1860.1,1873.5,1854.6,1872.0
2014-03-21,1874.5,1884.0,1863.5,1866.5
2014-03-24,1867.7,1873.3,1849.7,1857.4
2014-03-25,1859.5,1871.9,1856.0,1865.6
2014-03-26,1867.1,1875.9,1852.6,1852.6
2014-03-27,1852.1,1855.5,1842.1,1849.0
2014-03-28,1850.1,1866.6,1850.1,1857.6
2014-03-31,1859.2,1875.2,1859.2,1872.3
2014-04-01,1874.0,1885.8,1874.0,1885.5
2014-04-02,1886.6,1893.2,1883.8,1890.9
2014-04-03,1891.4,1893.8,1882.7,1888.8
2014-04-04,1890.2,1897.3,1863.3,1865.1
2014-04-07,1863.9,1864.0,1841.5,1845.0
2014-04-08,1845.5,1855.0,1837.5,1852.0
2014-04-09,1852.6,1872.4,1852.4,1872.2
2014-04-10,1872.3,1872.5,1830.9,1833.1
2014-04-11,1830.7,1835.1,1814.4,1815.7
2014-04-14,1818.2,1834.2,1815.8,1830.6
2014-04-15,1831.5,1844.0,1816.3,1843.0
2014-04-16,1846.0,1862.3,1846.0,1862.3
2014-04-17,1861.7,1869.6,1856.7,1864.8
2014-04-21,1865.8,1871.9,1863.2,1871.9
2014-04-22,1872.6,1884.9,1872.6,1879.5
2014-04-23,1879.3,1879.8,1873.9,1875.4
2014-04-24,1882.0,1884.1,1870.2,1878.6
2014-04-25,1877.7,1877.7,1859.7,1863.4
2014-04-28,1865.0,1877.0,1850.6,1869.4
2014-04-29,1870.8,1880.6,1870.8,1878.3
2014-04-30,1877.1,1885.2,1872.7,1884.0
2014-05-01,1884.4,1888.6,1878.0,1883.7
2014-05-02,1885.3,1891.3,1878.5,1881.1
2014-05-05,1879.5,1885.5,1866.8,1884.7
2014-05-06,1883.7,1883.7,1867.7,1867.7
2014-05-07,1868.5,1878.8,1859.8,1878.2
2014-05-08,1877.4,1889.1,1870.0,1875.6
2014-05-09,1875.3,1878.6,1867.0,1878.5
2014-05-12,1880.0,1897.1,1880.0,1896.7
2014-05-13,1896.8,1902.2,1896.1,1897.5
2014-05-14,1897.1,1897.1,1885.8,1888.5
2014-05-15,1888.2,1888.2,1862.4,1870.8
2014-05-16,1871.2,1878.3,1864.8,1877.9
2014-05-19,1876.7,1886.0,1872.4,1885.1
2014-05-20,1884.9,1884.9,1868.1,1872.8
2014-05-21,1873.3,1888.8,1873.3,1888.0
2014-05-22,1888.2,1896.3,1885.4,1892.5
2014-05-23,1893.3,1901.3,1893.3,1900.5
2014-05-27,1902.0,1912.3,1902.0,1911.9
2014-05-28,1911.8,1914.5,1907.3,1909.8
2014-05-29,1910.6,1920.0,1909.8,1920.0
2014-05-30,1920.3,1924.0,1916.6,1923.6
2014-06-02,1923.9,1925.9,1916.0,1925.0
2014-06-03,1923.1,1925.1,1918.8,1924.2
2014-06-04,1923.1,1928.6,1918.6,1927.9
2014-06-05,1928.5,1941.7,1922.9,1940.5
2014-06-06,1942.4,1949.4,1942.4,1949.4
2014-06-09,1949.0,1955.5,1947.2,1951.3
2014-06-10,1950.3,1950.9,1944.6,1950.8
2014-06-11,1949.4,1949.4,1940.1,1943.9
2014-06-12,1943.3,1943.3,1925.8,1930.1
2014-06-13,1930.8,1937.3,1927.7,1936.2
2014-06-16,1934.8,1941.2,1930.9,1937.8
2014-06-17,1937.2,1943.7,1933.5,1942.0
2014-06-18,1942.7,1957.7,1939.3,1957.0
2014-06-19,1957.5,1959.9,1952.3,1959.5
2014-06-20,1960.5,1963.9,1959.2,1962.9
2014-06-23,1962.9,1963.7,1958.9,1962.6
2014-06-24,1962.0,1968.2,1948.3,1950.0
2014-06-25,1949.3,1960.8,1947.5,1959.5
2014-06-26,1959.9,1959.9,1944.7,1957.2
2014-06-27,1956.6,1961.5,1952.2,1961.0
2014-06-30,1960.8,1964.2,1958.2,1960.2
2014-07-01,1962.3,1978.6,1962.3,1973.3
2014-07-02,1973.1,1976.7,1972.6,1974.6
2014-07-03,1975.9,1985.6,1975.9,1985.4
2014-07-07,1984.2,1984.2,1974.9,1977.7
2014-07-08,1976.4,1976.4,1959.5,1963.7
2014-07-09,1965.1,1974.2,1965.1,1972.8
2014-07-10,1966.7,1969.8,1952.9,1964.7
2014-07-11,1965.8,1968.7,1959.6,1967.6
2014-07-14,1969.9,1979.8,1969.9,1977.1
2014-07-15,1977.4,1982.5,1965.3,1973.3
2014-07-16,1976.3,1983.9,1975.7,1981.6
2014-07-17,1979.8,1981.8,1955.6,1958.1
2014-07-18,1961.5,1979.9,1960.8,1978.2
2014-07-21,1976.9,1976.9,1965.8,1973.6
2014-07-22,1975.7,1986.2,1975.7,1983.5
2014-07-23,1985.3,1989.2,1982.4,1987.0
2014-07-24,1988.1,1991.4,1985.8,1988.0
2014-07-25,1984.6,1984.6,1974.4,1978.3
2014-07-28,1978.2,1981.5,1967.3,1978.9
2014-07-29,1980.0,1984.8,1970.0,1970.0
2014-07-30,1973.2,1978.9,1962.4,1970.1
2014-07-31,1965.1,1965.1,1930.7,1930.7
2014-08-01,1929.8,1937.3,1916.4,1925.2
2014-08-04,1926.6,1942.9,1921.2,1939.0
2014-08-05,1936.3,1936.3,1913.8,1920.2
2014-08-06,1917.3,1927.9,1911.5,1920.2
2014-08-07,1923.0,1928.9,1904.8,1909.6
2014-08-08,1910.3,1932.4,1909.0,1931.6
2014-08-11,1933.4,1944.9,1933.4,1936.9
2014-08-12,1935.7,1939.7,1928.3,1933.8
2014-08-13,1935.6,1948.4,1935.6,1946.7
2014-08-14,1947.4,1955.2,1947.4,1955.2
2014-08-15,1958.9,1964.0,1941.5,1955.1
2014-08-18,1958.4,1972.0,1958.4,1971.7
2014-08-19,1972.7,1982.6,1972.7,1981.6
2014-08-20,1980.5,1988.6,1977.7,1986.5
2014-08-21,1986.8,1994.8,1986.8,1992.4
2014-08-22,1992.6,1993.5,1984.8,1988.4
2014-08-25,1991.7,2002.0,1991.7,1997.9
2014-08-26,1998.6,2005.0,1998.6,2000.0
2014-08-27,2000.5,2002.1,1996.2,2000.1
2014-08-28,1997.4,1998.5,1990.5,1996.7
2014-08-29,1998.5,2003.4,1994.7,2003.4
2014-09-02,2004.1,2006.1,1994.8,2002.3
2014-09-03,2003.6,2009.3,1998.1,2000.7
2014-09-04,2001.7,2011.2,1992.5,1997.7
2014-09-05,1998.0,2007.7,1990.1,2007.7
2014-09-08,2007.2,2007.2,1995.6,2001.5
2014-09-09,2000.7,2001.0,1984.6,1988.4
2014-09-10,1988.4,1996.7,1983.0,1995.7
2014-09-11,1992.8,1997.7,1985.9,1997.5
2014-09-12,1996.7,1996.7,1980.3,1985.5
2014-09-15,1986.0,1987.2,1978.5,1984.1
2014-09-16,1981.9,2002.3,1979.1,1999.0
2014-09-17,1999.3,2010.7,1993.3,2001.6
2014-09-18,2003.1,2012.3,2003.1,2011.4
2014-09-19,2012.7,2019.3,2006.6,2010.4
2014-09-22,2009.1,2009.1,1991.0,1994.3
2014-09-23,1992.8,1995.4,1982.8,1982.8
2014-09-24,1983.3,1999.8,1978.6,1998.3
2014-09-25,1997.3,1997.3,1966.0,1966.0
2014-09-26,1966.2,1986.4,1966.2,1982.8
2014-09-29,1979.0,1981.3,1964.0,1977.8
2014-09-30,1978.2,1985.2,1969.0,1972.3
2014-10-01,1971.4,1971.4,1941.7,1946.2
2014-10-02,1945.8,1952.3,1926.0,1946.2
2014-10-03,1948.1,1971.2,1948.1,1967.9
2014-10-06,1970.0,1977.8,1958.4,1964.8
2014-10-07,1962.4,1962.4,1934.9,1935.1
2014-10-08,1935.5,1970.4,1925.2,1968.9
2014-10-09,1967.7,1967.7,1927.6,1928.2
2014-10-10,1925.6,1937.0,1906.0,1906.1
2014-10-13,1905.7,1912.1,1874.1,1874.7
2014-10-14,1877.1,1898.7,1871.8,1877.7
2014-10-15,1874.2,1874.2,1820.7,1862.5
2014-10-16,1856.0,1876.0,1835.0,1862.8
2014-10-17,1864.9,1898.2,1864.9,1886.8
2014-10-20,1885.6,1905.0,1882.3,1904.0
2014-10-21,1909.4,1942.5,1909.4,1941.3
2014-10-22,1941.3,1949.3,1926.8,1927.1
2014-10-23,1931.0,1962.0,1931.0,1950.8
2014-10-24,1951.6,1965.3,1946.3,1964.6
2014-10-27,1963.0,1964.6,1951.4,1961.6
2014-10-28,1964.1,1985.0,1964.1,1985.0
2014-10-29,1983.3,1991.4,1969.0,1982.3
2014-10-30,1979.5,1999.4,1974.8,1994.7
2014-10-31,2001.2,2018.2,2001.2,2018.0
2014-11-03,2018.2,2024.5,2013.7,2017.8
2014-11-04,2015.8,2016.0,2001.0,2012.1
2014-11-05,2015.3,2023.8,2014.4,2023.6
2014-11-06,2023.3,2031.6,2015.9,2031.2
2014-11-07,2032.4,2034.3,2025.1,2031.9
2014-11-10,2032.0,2038.7,2030.2,2038.3
2014-11-11,2038.2,2041.3,2035.3,2039.7
2014-11-12,2037.8,2040.3,2032.0,2038.2
2014-11-13,2039.2,2046.2,2030.4,2039.3
2014-11-14,2039.7,2042.2,2035.2,2039.8
2014-11-17,2038.3,2043.1,2034.5,2041.3
2014-11-18,2041.5,2056.1,2041.5,2051.8
2014-11-19,2051.2,2052.1,2040.4,2048.7
2014-11-20,2045.9,2053.8,2040.5,2052.8
2014-11-21,2057.5,2071.5,2056.8,2063.5
2014-11-24,2065.1,2070.2,2065.1,2069.4
2014-11-25,2070.2,2074.2,2064.8,2067.0
2014-11-26,2067.4,2073.3,2066.6,2072.8
2014-11-28,2074.8,2075.8,2065.1,2067.6
2014-12-01,2065.8,2065.8,2049.6,2053.4
2014-12-02,2053.8,2068.8,2053.8,2066.6
2014-12-03,2067.4,2076.3,2066.7,2074.3
2014-12-04,2073.6,2077.3,2062.3,2071.9
2014-12-05,2072.8,2079.5,2070.8,2075.4
2014-12-08,2074.8,2075.8,2054.3,2060.3
2014-12-09,2056.6,2060.6,2034.2,2059.8
2014-12-10,2058.9,2058.9,2024.3,2026.1
2014-12-11,2027.9,2055.5,2027.9,2035.3
2014-12-12,2030.4,2032.2,2002.3,2002.3
2014-12-15,2005.0,2018.7,1982.3,1989.6
2014-12-16,1986.7,2016.9,1972.6,1972.7
2014-12-17,1973.8,2016.8,1973.8,2012.9
2014-12-18,2019.0,2061.2,2019.0,2061.2
2014-12-19,2061.0,2077.8,2061.0,2070.7
2014-12-22,2069.3,2078.8,2069.3,2078.5
2014-12-23,2081.5,2086.7,2079.8,2082.2
2014-12-24,2083.2,2087.6,2081.9,2081.9
2014-12-26,2084.3,2092.7,2084.3,2088.8
2014-12-29,2087.6,2093.6,2085.8,2090.6
2014-12-30,2088.5,2088.5,2079.5,2080.3
2014-12-31,2082.1,2085.6,2057.9,2058.9
2015-01-02,2058.9,2072.4,2046.0,2058.2
2015-01-05,2054.4,2054.4,2017.3,2020.6
2015-01-06,2022.2,2030.2,1992.4,2002.6
2015-01-07,2005.5,2029.6,2005.5,2025.9
2015-01-08,2030.6,2064.1,2030.6,2062.1
2015-01-09,2063.4,2064.4,2038.3,2044.8
2015-01-12,2046.1,2049.3,2022.6,2028.3
2015-01-13,2031.6,2056.9,2008.2,2023.0
2015-01-14,2018.4,2018.4,1988.4,2011.3
2015-01-15,2013.8,2021.3,1991.5,1992.7
2015-01-16,1992.2,2020.5,1988.1,2019.4
2015-01-20,2020.8,2028.9,2004.5,2022.5
2015-01-21,2020.2,2038.3,2012.0,2032.1
2015-01-22,2034.3,2064.6,2026.4,2063.2
2015-01-23,2063.0,2063.0,2050.5,2051.8
2015-01-26,2050.4,2057.6,2041.0,2057.1
2015-01-27,2047.9,2047.9,2019.9,2029.5
2015-01-28,2032.3,2042.5,2001.5,2002.2
2015-01-29,2002.5,2024.6,1989.2,2021.2
2015-01-30,2019.3,2023.3,1993.4,1995.0
2015-02-02,1996.7,2021.7,1980.9,2020.8
2015-02-03,2022.7,2050.3,2022.7,2050.0
2015-02-04,2048.9,2054.7,2036.7,2041.5
2015-02-05,2043.5,2063.6,2043.5,2062.5
2015-02-06,2062.3,2072.4,2050.0,2055.5
2015-02-09,2053.5,2056.2,2041.9,2046.7
2015-02-10,2049.4,2070.9,2048.6,2068.6
2015-02-11,2068.6,2073.5,2058.0,2068.5
2015-02-12,2070.0,2088.5,2070.0,2088.5
2015-02-13,2088.8,2097.0,2086.7,2097.0
2015-02-17,2096.5,2101.3,2089.8,2100.3
2015-02-18,2099.2,2100.2,2092.2,2099.7
2015-02-19,2099.2,2102.1,2090.8,2097.4
2015-02-20,2097.7,2110.6,2085.4,2110.3
2015-02-23,2109.8,2110.1,2103.0,2109.7
2015-02-24,2109.1,2117.9,2105.9,2115.5
2015-02-25,2115.3,2119.6,2109.9,2113.9
2015-02-26,2113.9,2113.9,2103.8,2110.7
2015-02-27,2110.9,2112.7,2103.8,2104.5
2015-03-02,2105.2,2117.5,2104.5,2117.4
2015-03-03,2115.8,2115.8,2098.3,2107.8
2015-03-04,2107.7,2107.7,2087.6,2098.5
2015-03-05,2098.5,2104.2,2095.2,2101.0
2015-03-06,2100.9,2100.9,2067.3,2071.3
2015-03-09,2072.2,2083.5,2072.2,2079.4
2015-03-10,2076.1,2076.1,2044.2,2044.2
2015-03-11,2044.7,2050.1,2039.7,2040.2
2015-03-12,2041.1,2066.4,2041.1,2065.9
2015-03-13,2064.6,2064.6,2041.2,2053.4
2015-03-16,2055.3,2081.4,2055.3,2081.2
2015-03-17,2080.6,2080.6,2065.1,2074.3
2015-03-18,2072.8,2106.8,2061.2,2099.5
2015-03-19,2098.7,2098.7,2085.6,2089.3
2015-03-20,2090.3,2113.9,2090.3,2108.1
2015-03-23,2108.0,2114.9,2104.4,2104.4
2015-03-24,2103.9,2107.6,2091.5,2091.5
2015-03-25,2093.1,2097.4,2061.1,2061.1
2015-03-26,2059.9,2067.2,2045.5,2056.2
2015-03-27,2055.8,2062.8,2053.0,2061.0
2015-03-30,2064.1,2089.0,2064.1,2086.2
2015-03-31,2084.1,2084.1,2067.0,2067.9
2015-04-01,2067.6,2067.6,2048.4,2059.7
2015-04-02,2060.0,2072.2,2057.3,2067.0
2015-04-06,2064.9,2087.0,2056.5,2080.6
2015-04-07,2080.8,2089.8,2076.1,2076.3
2015-04-08,2076.9,2086.7,2073.3,2081.9
2015-04-09,2081.3,2093.3,2074.3,2091.2
2015-04-10,2091.5,2102.6,2091.5,2102.1
2015-04-13,2102.0,2107.7,2092.3,2092.4
2015-04-14,2092.3,2098.6,2083.2,2095.8
2015-04-15,2097.8,2111.9,2097.8,2106.6
2015-04-16,2106.0,2111.3,2100.0,2105.0
2015-04-17,2102.6,2102.6,2072.4,2081.2
2015-04-20,2084.1,2103.9,2084.1,2100.4
2015-04-21,2102.8,2109.6,2094.4,2097.3
2015-04-22,2098.3,2110.0,2091.1,2108.0
2015-04-23,2107.2,2120.5,2103.2,2112.9
2015-04-24,2112.8,2120.9,2112.8,2117.7
2015-04-27,2119.3,2125.9,2107.0,2108.9
2015-04-28,2108.3,2116.1,2094.9,2114.8
2015-04-29,2112.5,2113.7,2097.4,2106.8
2015-04-30,2105.5,2105.5,2077.6,2085.5
2015-05-01,2087.4,2108.4,2087.4,2108.3
2015-05-04,2110.2,2120.9,2110.2,2114.5
2015-05-05,2112.6,2115.2,2088.5,2089.5
2015-05-06,2091.3,2098.4,2067.9,2080.2
2015-05-07,2080.0,2092.9,2075.0,2088.0
2015-05-08,2092.1,2117.7,2092.1,2116.1
2015-05-11,2115.6,2117.7,2104.6,2105.3
2015-05-12,2102.9,2105.1,2085.6,2099.1
2015-05-13,2099.6,2110.2,2096.0,2098.5
2015-05-14,2100.4,2121.4,2100.4,2121.1
2015-05-15,2122.1,2123.9,2116.8,2122.7
2015-05-18,2121.3,2131.8,2120.0,2129.2
2015-05-19,2129.4,2133.0,2124.5,2127.8
2015-05-20,2127.8,2134.7,2122.6,2125.8
2015-05-21,2125.6,2134.3,2122.9,2130.8
2015-05-22,2130.4,2132.2,2126.1,2126.1
2015-05-26,2125.3,2125.3,2099.2,2104.2
2015-05-27,2105.1,2126.2,2105.1,2123.5
2015-05-28,2122.3,2122.3,2112.9,2120.8
2015-05-29,2120.7,2120.7,2104.9,2107.4
2015-06-01,2108.6,2119.2,2102.5,2111.7
2015-06-02,2110.4,2117.6,2099.1,2109.6
2015-06-03,2110.6,2121.9,2109.6,2114.1
2015-06-04,2112.3,2112.9,2093.2,2095.8
2015-06-05,2095.1,2101.0,2085.7,2092.8
2015-06-08,2092.3,2093.0,2079.1,2079.3
2015-06-09,2079.1,2085.6,2072.1,2080.2
2015-06-10,2081.1,2108.5,2081.1,2105.2
2015-06-11,2106.2,2115.0,2106.2,2108.9
2015-06-12,2107.4,2107.4,2091.3,2094.1
2015-06-15,2091.3,2091.3,2072.5,2084.4
2015-06-16,2084.3,2097.4,2082.1,2096.3
2015-06-17,2097.4,2106.8,2088.9,2100.4
2015-06-18,2101.6,2126.7,2101.6,2121.2
2015-06-19,2121.1,2121.6,2109.4,2110.0
2015-06-22,2112.5,2129.9,2112.5,2122.8
2015-06-23,2123.2,2128.0,2119.9,2124.2
2015-06-24,2123.7,2125.1,2108.6,2108.6
2015-06-25,2110.0,2116.0,2101.8,2102.3
2015-06-26,2102.6,2108.9,2095.4,2101.5
2015-06-29,2098.6,2098.6,2056.6,2057.6
2015-06-30,2061.2,2074.3,2056.3,2063.1
2015-07-01,2067.0,2082.8,2067.0,2077.4
2015-07-02,2078.0,2085.1,2071.0,2076.8
2015-07-06,2073.9,2078.6,2058.4,2068.8
2015-07-07,2069.5,2083.7,2044.0,2081.3
2015-07-08,2077.7,2077.7,2044.7,2046.7
2015-07-09,2049.7,2074.3,2049.7,2051.3
2015-07-10,2052.7,2081.3,2052.7,2076.6
2015-07-13,2080.0,2100.7,2080.0,2099.6
2015-07-14,2099.7,2112.0,2098.2,2108.9
2015-07-15,2109.0,2114.1,2102.5,2107.4
2015-07-16,2110.6,2124.4,2110.6,2124.3
2015-07-17,2126.8,2128.9,2119.9,2126.6
2015-07-20,2126.8,2132.8,2123.7,2128.3
2015-07-21,2127.6,2128.5,2115.4,2119.2
2015-07-22,2118.2,2118.5,2110.0,2114.2
2015-07-23,2114.2,2116.9,2098.6,2102.2
2015-07-24,2102.2,2106.0,2077.1,2079.7
2015-07-27,2078.2,2078.2,2063.5,2067.6
2015-07-28,2070.8,2095.6,2069.1,2093.2
2015-07-29,2094.7,2110.6,2094.1,2108.6
2015-07-30,2106.8,2110.5,2095.0,2108.6
2015-07-31,2111.6,2114.2,2102.1,2103.8
2015-08-03,2104.5,2105.7,2087.3,2098.0
2015-08-04,2097.7,2102.5,2088.6,2093.3
2015-08-05,2095.3,2112.7,2095.3,2099.8
2015-08-06,2100.8,2103.3,2075.5,2083.6
2015-08-07,2082.6,2082.6,2067.9,2077.6
2015-08-10,2081.0,2105.3,2081.0,2104.2
2015-08-11,2102.7,2102.7,2076.5,2084.1
2015-08-12,2081.1,2089.1,2052.1,2086.1
2015-08-13,2086.2,2092.9,2078.3,2083.4
2015-08-14,2083.2,2092.4,2080.6,2091.5
2015-08-17,2089.7,2102.9,2079.3,2102.4
2015-08-18,2102.0,2103.5,2094.1,2096.9
2015-08-19,2095.7,2096.2,2070.5,2079.6
2015-08-20,2076.6,2076.6,2035.7,2035.7
2015-08-21,2034.1,2034.1,1970.9,1970.9
2015-08-24,1965.2,1965.2,1867.0,1893.2
2015-08-25,1898.1,1948.0,1867.1,1867.6
2015-08-26,1872.8,1943.1,1872.8,1940.5
2015-08-27,1942.8,1989.6,1942.8,1987.7
2015-08-28,1986.1,1993.5,1975.2,1988.9
2015-08-31,1986.7,1986.7,1966.0,1972.2
2015-09-01,1970.1,1970.1,1903.1,1913.8
2015-09-02,1916.5,1948.9,1916.5,1948.9
2015-09-03,1950.8,1975.0,1944.7,1951.1
2015-09-04,1947.8,1947.8,1911.2,1921.2
2015-09-08,1927.3,1970.4,1927.3,1969.4
2015-09-09,1971.5,1988.6,1937.9,1942.0
2015-09-10,1941.6,1965.3,1937.2,1952.3
2015-09-11,1951.5,1961.0,1939.2,1961.0
2015-09-14,1963.1,1963.1,1948.3,1953.0
2015-09-15,1955.1,1983.2,1954.3,1978.1
2015-09-16,1978.0,1997.3,1977.9,1995.3
2015-09-17,1995.3,2020.9,1986.7,1990.2
2015-09-18,1989.7,1989.7,1953.5,1958.0
2015-09-21,1960.8,1979.6,1955.8,1967.0
2015-09-22,1961.4,1961.4,1929.2,1942.7
2015-09-23,1943.2,1949.5,1932.6,1938.8
2015-09-24,1934.8,1937.2,1908.9,1932.2
2015-09-25,1935.9,1952.9,1921.5,1931.3
2015-09-28,1929.2,1929.2,1879.2,1881.8
2015-09-29,1881.9,1899.5,1871.9,1884.1
2015-09-30,1887.1,1920.5,1887.1,1920.0
2015-10-01,1919.7,1927.2,1900.7,1923.8
2015-10-02,1921.8,1951.4,1893.7,1951.4
2015-10-05,1954.3,1989.2,1954.3,1987.0
2015-10-06,1986.6,1991.6,1972.0,1979.9
2015-10-07,1982.3,1999.3,1976.4,1995.8
2015-10-08,1994.0,2016.5,1987.5,2013.4
2015-10-09,2013.7,2020.1,2007.6,2014.9
2015-10-12,2015.7,2018.7,2010.5,2017.5
2015-10-13,2015.0,2022.3,2001.8,2003.7
2015-10-14,2003.7,2009.6,1990.7,1994.2
2015-10-15,1996.5,2024.2,1996.5,2023.9
2015-10-16,2024.4,2033.5,2020.5,2033.1
2015-10-19,2031.7,2034.5,2022.3,2033.7
2015-10-20,2033.1,2039.1,2026.6,2030.8
2015-10-21,2033.5,2038.0,2017.2,2018.9
2015-10-22,2021.9,2055.2,2021.9,2052.5
2015-10-23,2058.2,2079.7,2058.2,2075.2
2015-10-26,2075.1,2075.1,2066.5,2071.2
2015-10-27,2068.8,2070.4,2058.8,2065.9
2015-10-28,2066.5,2090.3,2063.1,2090.3
2015-10-29,2088.3,2092.5,2082.6,2089.4
2015-10-30,2090.0,2094.3,2079.3,2079.4
2015-11-02,2080.8,2106.2,2080.8,2104.1
2015-11-03,2102.6,2116.5,2097.5,2109.8
2015-11-04,2110.6,2114.6,2097.0,2102.3
2015-11-05,2101.7,2108.8,2090.4,2099.9
2015-11-06,2098.6,2101.9,2083.7,2099.2
2015-11-09,2096.6,2096.6,2068.2,2078.6
2015-11-10,2077.2,2083.7,2069.9,2081.7
2015-11-11,2083.4,2086.9,2074.8,2075.0
2015-11-12,2072.3,2072.3,2045.7,2046.0
2015-11-13,2044.6,2044.6,2022.0,2023.0
2015-11-16,2022.1,2053.2,2019.4,2053.2
2015-11-17,2053.7,2066.7,2045.9,2050.4
2015-11-18,2052.0,2085.3,2052.0,2083.6
2015-11-19,2083.7,2086.7,2078.8,2081.2
2015-11-20,2082.8,2097.1,2082.8,2089.2
2015-11-23,2089.4,2095.6,2081.4,2086.6
2015-11-24,2084.4,2094.1,2070.3,2089.1
2015-11-25,2089.3,2093.0,2086.3,2088.9
2015-11-27,2088.8,2093.3,2084.1,2090.1
2015-11-30,2090.9,2093.8,2080.4,2080.4
2015-12-01,2082.9,2103.4,2082.9,2102.6
2015-12-02,2101.7,2104.3,2077.1,2079.5
2015-12-03,2080.7,2085.0,2042.3,2049.6
2015-12-04,2051.2,2093.8,2051.2,2091.7
2015-12-07,2090.4,2090.4,2066.8,2077.1
2015-12-08,2073.4,2073.8,2052.3,2063.6
2015-12-09,2061.2,2080.3,2036.5,2047.6
2015-12-10,2047.9,2067.7,2045.7,2052.2
2015-12-11,2047.3,2047.3,2008.8,2012.4
2015-12-14,2013.4,2022.9,1993.3,2021.9
2015-12-15,2025.5,2053.9,2025.5,2043.4
2015-12-16,2046.5,2076.7,2042.4,2073.1
2015-12-17,2073.8,2076.4,2041.7,2041.9
2015-12-18,2040.8,2040.8,2005.3,2005.5
2015-12-21,2010.3,2022.9,2005.9,2021.2
2015-12-22,2023.2,2042.7,2020.5,2039.0
2015-12-23,2042.2,2064.7,2042.2,2064.3
2015-12-24,2063.5,2067.4,2058.7,2061.0
2015-12-28,2057.8,2057.8,2044.2,2056.5
2015-12-29,2060.5,2081.6,2060.5,2078.4
2015-12-30,2077.3,2077.3,2062.0,2063.4
2015-12-31,2060.6,2062.5,2043.6,2043.9
2016-01-04,2038.2,2038.2,1989.7,2012.7
2016-01-05,2013.8,2021.9,2004.2,2016.7
2016-01-06,2011.7,2011.7,1979.0,1990.3
2016-01-07,1985.3,1985.3,1938.8,1943.1
2016-01-08,1946.0,1960.4,1918.5,1922.0
2016-01-11,1926.1,1935.7,1901.1,1923.7
2016-01-12,1927.8,1947.4,1914.3,1938.7
2016-01-13,1940.3,1950.3,1886.4,1890.3
2016-01-14,1891.7,1934.5,1878.9,1921.8
2016-01-15,1916.7,1916.7,1857.8,1880.3
2016-01-19,1888.7,1901.4,1864.6,1881.3
2016-01-20,1876.2,1876.2,1812.3,1859.3
2016-01-21,1861.5,1889.8,1849.0,1869.0
2016-01-22,1877.4,1908.8,1877.4,1906.9
2016-01-25,1906.3,1906.3,1876.0,1877.1
2016-01-26,1878.8,1906.7,1878.8,1903.6
2016-01-27,1902.5,1917.0,1872.7,1883.0
2016-01-28,1885.2,1903.0,1873.7,1893.4
2016-01-29,1894.0,1940.2,1894.0,1940.2
2016-02-01,1936.9,1947.2,1920.3,1939.4
2016-02-02,1935.3,1935.3,1897.3,1903.0
2016-02-03,1907.1,1918.0,1872.2,1912.5
2016-02-04,1911.7,1927.3,1900.5,1915.5
2016-02-05,1913.1,1913.1,1872.7,1880.0
2016-02-08,1873.2,1873.2,1828.5,1853.4
2016-02-09,1848.5,1868.2,1834.9,1852.2
2016-02-10,1857.1,1881.6,1850.3,1851.9
2016-02-11,1847.0,1847.0,1810.1,1829.1
2016-02-12,1833.4,1864.8,1833.4,1864.8
2016-02-16,1871.4,1895.8,1871.4,1895.6
2016-02-17,1898.8,1930.7,1898.8,1926.8
2016-02-18,1927.6,1930.0,1915.1,1917.8
2016-02-19,1916.7,1918.8,1902.2,1917.8
2016-02-22,1924.4,1946.7,1924.4,1945.5
2016-02-23,1942.4,1942.4,1919.4,1921.3
2016-02-24,1917.6,1932.1,1891.0,1929.8
2016-02-25,1931.9,1951.8,1925.4,1951.7
2016-02-26,1955.0,1963.0,1945.8,1948.0
2016-02-29,1947.1,1958.3,1931.8,1932.2
2016-03-01,1937.1,1978.3,1937.1,1978.3
2016-03-02,1976.6,1986.5,1968.8,1986.5
2016-03-03,1985.6,1993.7,1977.4,1993.4
2016-03-04,1994.0,2009.1,1986.8,2000.0
2016-03-07,1996.1,2006.1,1989.4,2001.8
2016-03-08,1996.9,1996.9,1977.4,1979.3
2016-03-09,1981.4,1992.7,1979.8,1989.3
2016-03-10,1991.0,2005.1,1969.2,1989.6
2016-03-11,1994.7,2022.4,1994.7,2022.2
2016-03-14,2019.3,2024.6,2012.0,2019.6
2016-03-15,2015.3,2015.9,2005.2,2015.9
2016-03-16,2014.2,2032.0,2010.0,2027.2
2016-03-17,2026.9,2046.2,2022.2,2040.6
2016-03-18,2041.2,2052.4,2041.2,2049.6
2016-03-21,2047.9,2053.9,2043.1,2051.6
2016-03-22,2048.6,2056.6,2040.6,2049.8
2016-03-23,2048.6,2048.6,2034.9,2036.7
2016-03-24,2032.5,2036.0,2022.5,2035.9
2016-03-28,2037.9,2042.7,2032.0,2037.0
2016-03-29,2035.8,2055.9,2028.3,2055.0
2016-03-30,2058.3,2072.2,2058.3,2063.9
2016-03-31,2063.8,2067.9,2057.5,2059.7
2016-04-01,2056.6,2075.1,2044.0,2072.8
2016-04-04,2073.2,2074.0,2062.6,2066.1
2016-04-05,2062.5,2062.5,2042.6,2045.2
2016-04-06,2045.6,2067.3,2043.1,2066.7
2016-04-07,2063.0,2063.0,2033.8,2041.9
2016-04-08,2045.5,2060.6,2041.7,2047.6
2016-04-11,2050.2,2062.9,2041.9,2042.0
2016-04-12,2043.7,2065.1,2039.7,2061.7
2016-04-13,2065.9,2083.2,2065.9,2082.4
2016-04-14,2082.9,2087.8,2078.1,2082.8
2016-04-15,2083.1,2083.2,2076.3,2080.7
2016-04-18,2078.8,2094.7,2073.7,2094.3
2016-04-19,2096.1,2104.1,2091.7,2100.8
2016-04-20,2101.5,2111.1,2096.3,2102.4
2016-04-21,2102.1,2103.8,2088.5,2091.5
2016-04-22,2091.5,2094.3,2081.2,2091.6
2016-04-25,2089.4,2089.4,2077.5,2087.8
2016-04-26,2089.8,2096.9,2085.8,2091.7
2016-04-27,2092.3,2099.9,2082.3,2095.2
2016-04-28,2090.9,2099.3,2071.6,2075.8
2016-04-29,2071.8,2073.8,2052.3,2065.3
2016-05-02,2067.2,2083.4,2066.1,2081.4
2016-05-03,2077.2,2077.2,2054.9,2063.4
2016-05-04,2060.3,2060.3,2045.5,2051.1
2016-05-05,2052.9,2060.2,2045.8,2050.6
2016-05-06,2047.8,2057.7,2039.5,2057.1
2016-05-09,2057.6,2064.2,2054.3,2058.7
2016-05-10,2062.6,2084.9,2062.6,2084.4
2016-05-11,2083.3,2083.3,2064.5,2064.5
2016-05-12,2067.2,2074.0,2053.1,2064.1
2016-05-13,2062.5,2066.8,2043.1,2046.6
2016-05-16,2046.5,2071.9,2046.5,2066.7
2016-05-17,2065.0,2065.7,2040.8,2047.2
2016-05-18,2044.4,2060.6,2034.5,2047.6
2016-05-19,2044.2,2044.2,2025.9,2040.0
2016-05-20,2041.9,2058.3,2041.9,2052.3
2016-05-23,2052.2,2055.6,2047.3,2048.0
2016-05-24,2052.7,2079.7,2052.7,2076.1
2016-05-25,2078.9,2094.7,2078.9,2090.5
2016-05-26,2091.4,2094.3,2087.1,2090.1
2016-05-27,2090.1,2099.1,2090.1,2099.1
2016-05-31,2100.1,2103.5,2088.7,2097.0
2016-06-01,2093.9,2101.0,2085.1,2099.3
2016-06-02,2097.7,2105.3,2088.6,2105.3
2016-06-03,2104.1,2104.1,2085.4,2099.1
2016-06-06,2100.8,2113.4,2100.8,2109.4
2016-06-07,2110.2,2119.2,2110.2,2112.1
2016-06-08,2112.7,2120.6,2112.7,2119.1
2016-06-09,2115.7,2117.6,2107.7,2115.5
2016-06-10,2109.6,2109.6,2090.0,2096.1
2016-06-13,2091.8,2098.1,2078.5,2079.1
2016-06-14,2076.7,2081.3,2064.1,2075.3
2016-06-15,2077.6,2085.7,2069.8,2071.5
2016-06-16,2066.4,2079.6,2050.4,2078.0
2016-06-17,2078.2,2078.2,2062.8,2071.2
2016-06-20,2075.6,2100.7,2075.6,2083.2
2016-06-21,2085.2,2093.7,2083.0,2088.9
2016-06-22,2089.8,2099.7,2084.4,2085.4
2016-06-23,2092.8,2113.3,2092.8,2113.3
2016-06-24,2103.8,2103.8,2032.6,2037.4
2016-06-27,2031.5,2031.5,1991.7,2000.5
2016-06-28,2006.7,2036.1,2006.7,2036.1
2016-06-29,2042.7,2073.1,2042.7,2070.8
2016-06-30,2073.2,2098.9,2070.0,2098.9
2016-07-01,2099.3,2108.7,2097.9,2102.9
2016-07-05,2095.1,2095.1,2080.9,2088.6
2016-07-06,2084.4,2100.7,2074.0,2099.7
2016-07-07,2100.4,2109.1,2089.4,2097.9
2016-07-08,2107.0,2131.7,2107.0,2129.9
2016-07-11,2131.7,2143.2,2131.7,2137.2
2016-07-12,2139.5,2155.4,2139.5,2152.1
2016-07-13,2153.8,2156.4,2146.2,2152.4
2016-07-14,2157.9,2169.0,2157.9,2163.8
2016-07-15,2165.1,2169.1,2155.8,2161.7
2016-07-18,2162.0,2168.3,2159.6,2166.9
2016-07-19,2163.8,2164.6,2159.0,2163.8
2016-07-20,2166.1,2175.6,2164.9,2173.0
2016-07-21,2172.9,2174.6,2159.8,2165.2
2016-07-22,2166.5,2175.1,2163.2,2175.0
2016-07-25,2173.7,2173.7,2161.9,2168.5
2016-07-26,2169.0,2173.5,2160.2,2169.2
2016-07-27,2169.8,2175.0,2159.1,2166.6
2016-07-28,2166.1,2172.8,2159.7,2170.1
2016-07-29,2168.8,2177.1,2163.5,2173.6
2016-08-01,2173.2,2178.3,2166.2,2170.8
2016-08-02,2169.9,2170.2,2147.6,2157.0
2016-08-03,2156.8,2163.8,2152.6,2163.8
2016-08-04,2163.5,2168.2,2159.1,2164.2
2016-08-05,2168.8,2182.9,2168.8,2182.9
2016-08-08,2183.8,2185.4,2177.8,2180.9
2016-08-09,2182.2,2187.7,2178.6,2181.7
2016-08-10,2182.8,2183.4,2172.0,2175.5
2016-08-11,2178.0,2188.4,2178.0,2185.8
2016-08-12,2183.7,2186.3,2179.4,2184.1
2016-08-15,2186.1,2193.8,2186.1,2190.2
2016-08-16,2186.2,2186.2,2178.1,2178.2
2016-08-17,2177.8,2183.1,2168.5,2182.2
2016-08-18,2181.9,2187.0,2180.5,2187.0
2016-08-19,2184.2,2185.0,2175.1,2183.9
2016-08-22,2181.6,2185.2,2176.0,2182.6
2016-08-23,2187.8,2193.4,2186.8,2186.9
2016-08-24,2185.1,2186.7,2171.2,2175.4
2016-08-25,2173.3,2179.0,2169.7,2172.5
2016-08-26,2175.1,2187.9,2160.4,2169.0
2016-08-29,2170.2,2183.5,2170.2,2180.4
2016-08-30,2179.4,2182.3,2170.4,2176.1
2016-08-31,2173.6,2173.8,2161.3,2170.9
2016-09-01,2171.3,2173.6,2157.1,2170.9
2016-09-02,2177.5,2184.9,2173.6,2180.0
2016-09-06,2181.6,2186.6,2175.1,2186.5
2016-09-07,2185.2,2187.9,2179.1,2186.2
2016-09-08,2182.8,2184.9,2177.5,2181.3
2016-09-09,2169.1,2169.1,2127.8,2127.8
2016-09-12,2120.9,2163.3,2119.1,2159.0
2016-09-13,2150.5,2150.5,2120.3,2127.0
2016-09-14,2127.9,2141.3,2119.9,2125.8
2016-09-15,2125.4,2151.3,2122.4,2147.3
2016-09-16,2146.5,2146.5,2131.2,2139.2
2016-09-19,2144.0,2153.6,2135.9,2139.1
2016-09-20,2145.9,2150.8,2139.2,2139.8
2016-09-21,2144.6,2165.1,2139.6,2163.1
2016-09-22,2170.9,2180.0,2170.9,2177.2
2016-09-23,2173.3,2173.8,2164.0,2164.7
2016-09-26,2158.5,2158.5,2145.0,2146.1
2016-09-27,2146.0,2161.1,2141.6,2159.9
2016-09-28,2161.8,2172.4,2151.8,2171.4
2016-09-29,2168.9,2172.7,2145.2,2151.1
2016-09-30,2156.5,2175.3,2156.5,2168.3
2016-10-03,2164.3,2164.4,2154.8,2161.2
2016-10-04,2163.4,2165.5,2144.0,2150.5
2016-10-05,2155.2,2163.9,2155.2,2159.7
2016-10-06,2158.2,2162.9,2150.3,2160.8
2016-10-07,2164.2,2165.9,2144.8,2153.7
2016-10-10,2160.4,2169.6,2160.4,2163.7
2016-10-11,2161.3,2161.6,2128.8,2136.7
2016-10-12,2137.7,2145.4,2132.8,2139.2
2016-10-13,2130.3,2138.2,2114.7,2132.6
2016-10-14,2139.7,2149.2,2133.0,2133.0
2016-10-17,2132.9,2135.6,2124.4,2126.5
2016-10-18,2138.3,2144.4,2135.5,2139.6
2016-10-19,2140.8,2148.4,2138.2,2144.3
2016-10-20,2142.5,2147.2,2133.4,2141.3
2016-10-21,2139.4,2142.6,2130.1,2141.2
2016-10-24,2148.5,2154.8,2146.9,2151.3
2016-10-25,2149.7,2151.4,2141.9,2143.2
2016-10-26,2137.0,2145.7,2131.6,2139.4
2016-10-27,2144.1,2147.1,2132.5,2133.0
2016-10-28,2132.2,2140.7,2119.4,2126.4
2016-10-31,2129.8,2133.2,2125.5,2126.2
2016-11-01,2128.7,2131.4,2097.8,2111.7
2016-11-02,2109.4,2111.8,2094.0,2097.9
2016-11-03,2098.8,2102.6,2085.2,2088.7
2016-11-04,2083.8,2099.1,2083.8,2085.2
2016-11-07,2100.6,2132.0,2100.6,2131.5
2016-11-08,2129.9,2146.9,2123.6,2139.6
2016-11-09,2131.6,2170.1,2125.3,2163.3
2016-11-10,2167.5,2182.3,2151.2,2167.5
2016-11-11,2162.7,2165.9,2152.5,2164.4
2016-11-14,2165.6,2171.4,2156.1,2164.2
2016-11-15,2168.3,2180.8,2166.4,2180.4
2016-11-16,2177.5,2179.2,2172.2,2176.9
2016-11-17,2178.6,2188.1,2176.7,2187.1
2016-11-18,2186.8,2189.9,2180.4,2181.9
2016-11-21,2186.4,2198.7,2186.4,2198.2
2016-11-22,2201.6,2204.8,2194.5,2202.9
2016-11-23,2198.6,2204.7,2194.5,2204.7
2016-11-25,2206.3,2213.3,2206.3,2213.3
2016-11-28,2210.2,2211.1,2200.4,2201.7
2016-11-29,2200.8,2210.5,2198.2,2204.7
2016-11-30,2205.0,2214.1,2198.8,2198.8
2016-12-01,2200.2,2202.6,2187.4,2191.1
2016-12-02,2191.1,2197.9,2188.4,2191.9
2016-12-05,2200.7,2209.4,2200.0,2204.7
2016-12-06,2207.3,2212.8,2202.2,2212.2
2016-12-07,2210.7,2241.6,2208.9,2241.3
2016-12-08,2241.1,2251.7,2237.6,2246.2
2016-12-09,2249.7,2259.8,2249.2,2259.5
2016-12-12,2258.8,2264.0,2252.4,2257.0
2016-12-13,2263.3,2277.5,2263.3,2271.7
2016-12-14,2268.3,2276.2,2248.4,2253.3
2016-12-15,2253.8,2272.1,2253.8,2262.0
2016-12-16,2266.8,2268.1,2254.2,2258.1
2016-12-19,2259.2,2267.5,2258.2,2262.5
2016-12-20,2266.5,2272.6,2266.1,2270.8
2016-12-21,2270.5,2271.2,2265.2,2265.2
2016-12-22,2262.9,2263.2,2256.1,2261.0
2016-12-23,2260.2,2263.8,2258.8,2263.8
2016-12-27,2266.2,2273.8,2266.2,2268.9
2016-12-28,2270.2,2271.3,2249.1,2249.9
2016-12-29,2249.5,2254.5,2244.6,2249.3
2016-12-30,2251.6,2253.6,2233.6,2238.8
2017-01-03,2251.6,2263.9,2245.1,2257.8
2017-01-04,2261.6,2272.8,2261.6,2270.8
2017-01-05,2268.2,2271.5,2260.4,2269.0
2017-01-06,2271.1,2282.1,2264.1,2277.0
2017-01-09,2273.6,2275.5,2268.9,2268.9
2017-01-10,2269.7,2279.3,2265.3,2268.9
2017-01-11,2268.6,2275.3,2260.8,2275.3
2017-01-12,2271.1,2271.8,2254.2,2270.4
2017-01-13,2272.7,2278.7,2271.5,2274.6
2017-01-17,2269.1,2272.1,2262.8,2267.9
2017-01-18,2269.1,2272.0,2263.3,2271.9
2017-01-19,2271.9,2274.3,2258.4,2263.7
2017-01-20,2270.0,2277.0,2265.0,2271.3
2017-01-23,2267.8,2271.8,2257.0,2265.2
2017-01-24,2267.9,2284.6,2266.7,2280.1
2017-01-25,2288.9,2299.6,2288.9,2298.4
2017-01-26,2298.6,2301.0,2294.1,2296.7
2017-01-27,2299.0,2299.0,2291.6,2294.7
2017-01-30,2286.0,2286.0,2268.0,2280.9
2017-01-31,2274.0,2279.1,2267.2,2278.9
2017-02-01,2285.6,2289.1,2272.4,2279.6
2017-02-02,2276.7,2284.0,2271.7,2280.8
2017-02-03,2288.5,2298.3,2287.9,2297.4
2017-02-06,2294.3,2296.2,2288.6,2292.6
2017-02-07,2295.9,2299.4,2290.2,2293.1
2017-02-08,2289.6,2295.9,2285.4,2294.7
2017-02-09,2296.7,2311.1,2296.6,2307.9
2017-02-10,2312.3,2319.2,2311.1,2316.1
2017-02-13,2321.7,2331.6,2321.4,2328.2
2017-02-14,2326.1,2337.6,2322.2,2337.6
2017-02-15,2335.6,2351.3,2334.8,2349.2
2017-02-16,2349.6,2351.3,2338.9,2347.2
2017-02-17,2343.0,2351.2,2339.6,2351.2
2017-02-21,2354.9,2366.7,2354.9,2365.4
2017-02-22,2361.1,2365.1,2358.3,2362.8
2017-02-23,2367.5,2368.3,2355.1,2363.8
2017-02-24,2355.7,2367.3,2352.9,2367.3
2017-02-27,2365.2,2371.5,2361.9,2369.8
2017-02-28,2366.1,2367.8,2359.0,2363.6
2017-03-01,2380.1,2401.0,2380.1,2396.0
2017-03-02,2394.8,2394.8,2380.2,2381.9
2017-03-03,2380.9,2383.9,2375.4,2383.1
2017-03-06,2375.2,2378.8,2368.0,2375.3
2017-03-07,2370.7,2375.1,2365.5,2368.4
2017-03-08,2369.8,2373.1,2361.0,2363.0
2017-03-09,2363.5,2369.1,2354.5,2364.9
2017-03-10,2372.5,2376.9,2363.0,2372.6
2017-03-13,2371.6,2374.4,2368.5,2373.5
2017-03-14,2368.6,2368.6,2358.2,2365.4
2017-03-15,2370.3,2390.0,2368.9,2385.3
2017-03-16,2387.7,2388.1,2377.2,2381.4
2017-03-17,2383.7,2385.7,2377.6,2378.2
2017-03-20,2378.2,2379.6,2369.7,2373.5
2017-03-21,2379.3,2381.9,2341.9,2344.0
2017-03-22,2343.0,2351.8,2336.4,2348.4
2017-03-23,2346.0,2358.9,2342.1,2346.0
2017-03-24,2350.4,2356.2,2335.7,2344.0
2017-03-27,2329.1,2344.9,2322.2,2341.6
2017-03-28,2339.8,2363.8,2337.6,2358.6
2017-03-29,2356.5,2363.4,2352.9,2361.1
2017-03-30,2361.3,2370.4,2358.6,2368.1
2017-03-31,2364.8,2370.3,2362.6,2362.7
2017-04-03,2362.3,2365.9,2344.7,2358.8
2017-04-04,2354.8,2360.5,2350.7,2360.2
2017-04-05,2366.6,2378.4,2350.5,2352.9
2017-04-06,2353.8,2364.2,2348.9,2357.5
2017-04-07,2356.6,2363.8,2350.7,2355.5
2017-04-10,2357.2,2366.4,2351.5,2357.2
2017-04-11,2353.9,2355.2,2337.2,2353.8
2017-04-12,2352.2,2352.7,2341.2,2344.9
2017-04-13,2342.0,2348.3,2328.9,2328.9
2017-04-17,2332.6,2349.1,2332.5,2349.0
2017-04-18,2342.5,2348.3,2334.5,2342.2
2017-04-19,2346.8,2352.6,2335.1,2338.2
2017-04-20,2342.7,2361.4,2340.9,2355.8
2017-04-21,2354.7,2356.2,2344.5,2348.7
2017-04-24,2370.3,2377.0,2369.2,2374.2
2017-04-25,2381.5,2392.5,2381.2,2388.6
2017-04-26,2389.0,2398.2,2386.8,2387.4
2017-04-27,2389.7,2392.1,2382.7,2388.8
2017-04-28,2393.7,2393.7,2382.4,2384.2
2017-05-01,2388.5,2394.5,2384.8,2388.3
2017-05-02,2391.1,2392.9,2385.8,2391.2
2017-05-03,2386.5,2389.8,2379.8,2388.1
2017-05-04,2389.8,2391.4,2380.3,2389.5
2017-05-05,2392.4,2399.3,2389.4,2399.3
2017-05-08,2399.9,2401.4,2393.9,2399.4
2017-05-09,2401.6,2403.9,2392.4,2396.9
2017-05-10,2396.8,2399.7,2392.8,2399.6
2017-05-11,2394.8,2395.7,2381.7,2394.4
2017-05-12,2392.4,2392.4,2387.2,2390.9
2017-05-15,2394.0,2404.1,2393.9,2402.3
2017-05-16,2404.6,2405.8,2396.1,2400.7
2017-05-17,2382.9,2384.9,2356.2,2357.0
2017-05-18,2354.7,2375.7,2352.7,2365.7
2017-05-19,2371.4,2389.1,2370.4,2381.7
2017-05-22,2387.2,2395.5,2386.9,2394.0
2017-05-23,2397.0,2400.8,2393.9,2398.4
2017-05-24,2401.4,2405.6,2398.0,2404.4
2017-05-25,2409.5,2418.7,2408.0,2415.1
2017-05-26,2414.5,2416.7,2412.2,2415.8
2017-05-30,2411.7,2415.3,2409.4,2412.9
2017-05-31,2415.6,2416.0,2403.6,2411.8
2017-06-01,2415.7,2430.1,2413.5,2430.1
2017-06-02,2431.3,2440.2,2427.7,2439.1
2017-06-05,2437.8,2439.6,2434.3,2436.1
2017-06-06,2431.9,2436.2,2428.1,2429.3
2017-06-07,2432.0,2435.3,2424.8,2433.1
2017-06-08,2434.3,2439.3,2427.9,2433.8
2017-06-09,2436.4,2446.2,2415.7,2431.8
2017-06-12,2425.9,2430.4,2420.0,2429.4
2017-06-13,2434.2,2441.5,2431.3,2440.3
2017-06-14,2443.8,2443.8,2428.3,2437.9
2017-06-15,2424.1,2433.9,2418.5,2432.5
2017-06-16,2431.2,2433.2,2422.9,2433.2
2017-06-19,2442.6,2453.8,2441.8,2453.5
2017-06-20,2450.7,2450.7,2436.6,2437.0
2017-06-21,2439.3,2442.2,2430.7,2435.6
2017-06-22,2437.4,2441.6,2433.3,2434.5
2017-06-23,2434.7,2441.4,2431.1,2438.3
2017-06-26,2443.3,2450.4,2437.0,2439.1
2017-06-27,2436.3,2440.2,2419.4,2419.4
2017-06-28,2428.7,2443.0,2428.0,2440.7
2017-06-29,2442.4,2442.7,2405.7,2419.7
2017-06-30,2429.2,2432.7,2421.7,2423.4
2017-07-03,2431.4,2439.2,2428.7,2429.0
2017-07-05,2430.8,2434.9,2422.1,2432.5
2017-07-06,2423.4,2424.3,2407.7,2409.8
2017-07-07,2413.5,2426.9,2413.5,2425.2
2017-07-10,2424.5,2432.0,2422.3,2427.4
2017-07-11,2427.3,2429.3,2412.8,2425.5
2017-07-12,2435.8,2445.8,2435.8,2443.2
2017-07-13,2445.0,2449.3,2441.7,2447.8
2017-07-14,2449.2,2463.5,2446.7,2459.3
2017-07-17,2459.5,2462.8,2457.2,2459.1
2017-07-18,2455.9,2460.9,2450.3,2460.6
2017-07-19,2463.8,2473.8,2463.8,2473.8
2017-07-20,2475.6,2477.6,2468.4,2473.4
2017-07-21,2467.4,2472.5,2465.1,2472.5
2017-07-24,2472.0,2473.1,2466.3,2469.9
2017-07-25,2477.9,2481.2,2474.9,2477.1
2017-07-26,2480.0,2481.7,2474.9,2477.8
2017-07-27,2482.8,2484.0,2459.9,2475.4
2017-07-28,2469.1,2473.5,2464.7,2472.1
2017-07-31,2475.9,2478.0,2468.5,2470.3
2017-08-01,2477.1,2478.5,2471.1,2476.3
2017-08-02,2480.4,2480.4,2466.5,2477.6
2017-08-03,2476.0,2476.0,2468.8,2472.2
2017-08-04,2476.9,2480.0,2472.1,2476.8
2017-08-07,2477.1,2480.9,2475.9,2480.9
2017-08-08,2478.3,2490.9,2470.3,2474.9
2017-08-09,2465.3,2474.4,2462.1,2474.0
2017-08-10,2465.4,2465.4,2437.8,2438.2
2017-08-11,2441.0,2448.1,2437.8,2441.3
2017-08-14,2455.0,2468.2,2455.0,2465.8
2017-08-15,2468.7,2468.9,2461.6,2464.6
2017-08-16,2468.6,2474.9,2463.9,2468.1
2017-08-17,2462.9,2465.0,2430.0,2430.0
2017-08-18,2427.6,2440.3,2420.7,2425.6
2017-08-21,2425.5,2430.6,2417.3,2428.4
2017-08-22,2433.8,2454.8,2433.7,2452.5
2017-08-23,2444.9,2448.9,2441.4,2444.0
2017-08-24,2447.9,2450.4,2436.2,2439.0
2017-08-25,2444.7,2454.0,2442.2,2443.1
2017-08-28,2447.3,2449.1,2439.0,2444.2
2017-08-29,2431.9,2449.2,2428.2,2446.3
2017-08-30,2446.1,2460.3,2443.8,2457.6
2017-08-31,2462.7,2475.0,2462.7,2471.7
2017-09-01,2474.4,2480.4,2473.8,2476.6
2017-09-05,2470.3,2472.0,2446.6,2457.8
2017-09-06,2463.8,2469.6,2459.2,2465.5
2017-09-07,2468.1,2468.6,2460.3,2465.1
2017-09-08,2462.2,2467.1,2459.4,2461.4
2017-09-11,2474.5,2488.9,2474.5,2488.1
2017-09-12,2491.9,2496.8,2490.4,2496.5
2017-09-13,2493.9,2498.4,2492.1,2498.4
2017-09-14,2494.6,2498.4,2491.3,2495.6
2017-09-15,2495.7,2500.2,2493.2,2500.2
2017-09-18,2502.5,2508.3,2499.9,2503.9
2017-09-19,2506.3,2507.8,2503.2,2506.7
2017-09-20,2506.8,2508.8,2496.7,2508.2
2017-09-21,2507.2,2507.2,2499.0,2500.6
2017-09-22,2497.3,2503.5,2496.5,2502.2
2017-09-25,2499.4,2502.5,2488.0,2496.7
2017-09-26,2501.0,2503.5,2495.1,2496.8
2017-09-27,2503.3,2511.8,2495.9,2507.0
2017-09-28,2503.4,2510.8,2502.9,2510.1
2017-09-29,2510.0,2519.4,2508.0,2519.4
2017-10-02,2521.2,2529.2,2520.4,2529.1
2017-10-03,2530.3,2535.1,2528.8,2534.6
2017-10-04,2533.5,2540.5,2531.8,2537.7
2017-10-05,2540.9,2552.5,2540.0,2552.1
2017-10-06,2547.4,2549.4,2543.8,2549.3
2017-10-09,2551.4,2551.8,2541.6,2544.7
2017-10-10,2550.0,2555.2,2544.9,2550.6
2017-10-11,2550.6,2555.2,2547.9,2555.2
2017-10-12,2552.9,2555.3,2548.3,2550.9
2017-10-13,2555.7,2557.7,2552.1,2553.2
2017-10-16,2555.6,2559.5,2552.6,2557.6
2017-10-17,2557.2,2559.7,2554.7,2559.4
2017-10-18,2562.9,2564.1,2559.7,2561.3
2017-10-19,2553.4,2562.4,2547.9,2562.1
2017-10-20,2567.6,2575.4,2567.6,2575.2
2017-10-23,2578.1,2578.3,2564.3,2565.0
2017-10-24,2568.7,2572.2,2565.6,2569.1
2017-10-25,2566.5,2567.4,2544.0,2557.2
2017-10-26,2560.1,2567.1,2559.8,2560.4
2017-10-27,2570.3,2583.0,2565.9,2581.1
2017-10-30,2577.8,2580.0,2568.2,2572.8
2017-10-31,2576.0,2578.3,2572.2,2575.3
2017-11-01,2583.2,2588.4,2574.9,2579.4
2017-11-02,2579.5,2581.1,2566.2,2579.8
2017-11-03,2581.9,2588.4,2576.8,2587.8
2017-11-06,2587.5,2593.4,2585.7,2591.1
2017-11-07,2592.1,2597.0,2584.3,2590.6
2017-11-08,2588.7,2595.5,2585.0,2594.4
2017-11-09,2584.0,2586.5,2566.3,2584.6
2017-11-10,2580.2,2583.8,2575.6,2582.3
2017-11-13,2576.5,2587.7,2574.5,2584.8
2017-11-14,2577.8,2579.7,2566.6,2578.9
2017-11-15,2569.4,2572.8,2557.4,2564.6
2017-11-16,2572.9,2590.1,2572.9,2585.6
2017-11-17,2582.9,2584.0,2577.6,2578.8
2017-11-20,2579.5,2584.6,2578.2,2582.1
2017-11-21,2589.2,2601.2,2589.2,2599.0
2017-11-22,2600.3,2600.9,2595.2,2597.1
2017-11-24,2600.4,2604.2,2600.4,2602.4
2017-11-27,2602.7,2606.4,2598.9,2601.4
2017-11-28,2605.9,2627.7,2605.4,2627.0
2017-11-29,2627.8,2634.9,2620.3,2626.1
2017-11-30,2633.9,2657.7,2633.9,2647.6
2017-12-01,2645.1,2650.6,2605.5,2642.2
2017-12-04,2657.2,2665.2,2639.0,2639.4
2017-12-05,2639.8,2648.7,2627.7,2629.6
2017-12-06,2626.2,2634.4,2624.8,2629.3
2017-12-07,2628.4,2641.0,2626.5,2637.0
2017-12-08,2646.2,2651.7,2644.1,2651.5
2017-12-11,2652.2,2660.3,2651.5,2660.0
2017-12-12,2661.7,2669.7,2659.8,2664.1
2017-12-13,2667.6,2671.9,2662.8,2662.8
2017-12-14,2665.9,2668.1,2652.0,2652.0
2017-12-15,2660.6,2679.6,2659.1,2675.8
2017-12-18,2685.9,2695.0,2685.9,2690.2
2017-12-19,2692.7,2694.4,2680.7,2681.5
2017-12-20,2688.2,2691.0,2676.1,2679.2
2017-12-21,2683.0,2692.6,2682.4,2684.6
2017-12-22,2684.2,2685.3,2678.1,2683.3
2017-12-26,2679.1,2682.7,2678.0,2680.5
2017-12-27,2682.1,2685.6,2678.9,2682.6
2017-12-28,2686.1,2687.7,2682.7,2687.5
2017-12-29,2689.2,2692.1,2673.6,2673.6
2018-01-02,2683.7,2695.9,2682.4,2695.8
2018-01-03,2697.8,2714.4,2697.8,2713.1
2018-01-04,2719.3,2729.3,2719.1,2724.0
2018-01-05,2731.3,2743.4,2727.9,2743.2
2018-01-08,2742.7,2748.5,2737.6,2747.7
2018-01-09,2751.2,2759.1,2747.9,2751.3
2018-01-10,2745.6,2750.8,2736.1,2748.2
2018-01-11,2753.0,2767.6,2752.8,2767.6
2018-01-12,2770.2,2787.8,2769.6,2786.2
2018-01-16,2799.0,2807.5,2768.6,2776.4
2018-01-17,2785.0,2807.0,2778.4,2802.6
2018-01-18,2802.4,2805.8,2792.6,2798.0
2018-01-19,2802.6,2810.3,2798.1,2810.3
2018-01-22,2809.2,2833.0,2808.1,2833.0
2018-01-23,2835.1,2842.2,2830.6,2839.1
2018-01-24,2845.4,2853.0,2824.8,2837.5
2018-01-25,2846.2,2848.6,2830.9,2839.2
2018-01-26,2847.5,2872.9,2846.2,2872.9
2018-01-29,2867.2,2870.6,2851.5,2853.5
2018-01-30,2832.7,2837.8,2818.3,2822.4
2018-01-31,2832.4,2839.3,2813.0,2823.8
2018-02-01,2816.4,2836.0,2812.7,2822.0
2018-02-02,2808.9,2808.9,2760.0,2762.1
2018-02-05,2741.1,2763.4,2638.2,2648.9
2018-02-06,2614.8,2701.0,2593.1,2695.1
2018-02-07,2690.9,2727.7,2681.3,2681.7
2018-02-08,2685.0,2685.3,2580.6,2581.0
2018-02-09,2601.8,2638.7,2532.7,2619.6
2018-02-12,2636.8,2672.6,2622.4,2656.0
2018-02-13,2646.3,2668.8,2637.1,2662.9
2018-02-14,2651.2,2702.1,2648.9,2698.6
2018-02-15,2713.5,2731.5,2689.8,2731.2
2018-02-16,2727.1,2754.4,2725.1,2732.2
2018-02-20,2723.0,2737.6,2706.8,2716.3
2018-02-21,2720.5,2747.8,2701.3,2701.3
2018-02-22,2710.4,2731.3,2697.8,2704.0
2018-02-23,2715.8,2747.8,2713.7,2747.3
2018-02-26,2757.4,2780.6,2753.8,2779.6
2018-02-27,2780.4,2789.2,2744.2,2744.3
2018-02-28,2753.8,2761.5,2713.5,2713.8
2018-03-01,2715.2,2730.9,2659.7,2677.7
2018-03-02,2658.9,2696.2,2647.3,2691.2
2018-03-05,2681.1,2728.1,2675.8,2720.9
2018-03-06,2730.2,2732.1,2711.3,2728.1
2018-03-07,2710.2,2730.6,2701.7,2726.8
2018-03-08,2732.8,2740.4,2722.7,2739.0
2018-03-09,2752.9,2786.6,2751.5,2786.6
2018-03-12,2790.5,2797.0,2779.3,2783.0
2018-03-13,2792.3,2801.9,2758.7,2765.3
2018-03-14,2774.1,2777.1,2744.4,2749.5
2018-03-15,2754.3,2763.0,2741.5,2747.3
2018-03-16,2750.6,2761.8,2750.0,2752.0
2018-03-19,2741.4,2741.4,2694.6,2712.9
2018-03-20,2715.1,2724.2,2710.1,2716.9
2018-03-21,2715.0,2739.1,2709.8,2711.9
2018-03-22,2691.4,2695.7,2641.6,2643.7
2018-03-23,2646.7,2657.7,2585.9,2588.3
2018-03-26,2619.3,2661.4,2601.8,2658.6
2018-03-27,2667.6,2674.8,2596.1,2612.6
2018-03-28,2611.3,2632.7,2593.1,2605.0
2018-03-29,2614.4,2659.1,2609.7,2640.9
2018-04-02,2633.4,2638.3,2553.8,2581.9
2018-04-03,2592.2,2619.1,2575.5,2614.4
2018-04-04,2584.0,2649.9,2573.6,2644.7
2018-04-05,2657.4,2672.1,2649.6,2662.8
2018-04-06,2645.8,2656.9,2586.3,2604.5
2018-04-09,2617.2,2653.6,2610.8,2613.2
2018-04-10,2638.4,2665.4,2635.8,2656.9
2018-04-11,2643.9,2661.4,2639.2,2642.2
2018-04-12,2653.8,2674.7,2653.8,2664.0
2018-04-13,2676.9,2680.3,2645.1,2656.3
2018-04-16,2670.1,2686.5,2665.2,2677.8
2018-04-17,2692.7,2713.3,2692.1,2706.4
2018-04-18,2710.1,2717.5,2703.6,2708.6
2018-04-19,2701.2,2702.8,2681.9,2693.1
2018-04-20,2692.6,2693.9,2660.6,2670.1
2018-04-23,2675.4,2682.9,2658.0,2670.3
2018-04-24,2680.8,2683.6,2617.3,2634.6
2018-04-25,2634.9,2645.3,2612.7,2639.4
2018-04-26,2651.7,2676.5,2647.2,2666.9
2018-04-27,2675.5,2677.3,2659.0,2669.9
2018-04-30,2675.1,2682.9,2648.0,2648.1
2018-05-01,2643.6,2655.3,2625.4,2654.8
2018-05-02,2654.2,2660.9,2631.7,2635.7
2018-05-03,2628.1,2637.1,2594.6,2629.7
2018-05-04,2621.4,2670.9,2615.3,2663.4
2018-05-07,2669.4,2683.3,2664.7,2672.6
2018-05-08,2670.3,2676.3,2655.2,2671.9
2018-05-09,2678.1,2701.3,2674.1,2697.8
2018-05-10,2705.0,2726.1,2704.5,2723.1
2018-05-11,2722.7,2732.9,2717.4,2727.7
2018-05-14,2733.4,2742.1,2725.5,2730.1
2018-05-15,2718.6,2718.6,2701.9,2711.4
2018-05-16,2712.6,2727.8,2712.2,2722.5
2018-05-17,2719.7,2732.0,2711.4,2720.1
2018-05-18,2717.3,2719.5,2709.2,2713.0
2018-05-21,2725.9,2739.2,2725.7,2733.0
2018-05-22,2738.3,2742.2,2721.9,2724.4
2018-05-23,2714.0,2733.3,2709.5,2733.3
2018-05-24,2730.9,2732.0,2707.4,2727.8
2018-05-25,2723.6,2727.4,2715.0,2721.3
2018-05-29,2705.1,2710.7,2676.8,2689.9
2018-05-30,2702.4,2729.3,2702.4,2724.0
2018-05-31,2721.0,2722.5,2700.7,2705.3
2018-06-01,2718.7,2736.9,2718.7,2734.6
2018-06-04,2741.7,2749.2,2740.5,2746.9
2018-06-05,2748.5,2752.6,2739.5,2748.8
2018-06-06,2753.2,2772.4,2748.5,2772.3
2018-06-07,2774.8,2779.9,2760.2,2770.4
2018-06-08,2765.8,2779.4,2763.6,2779.0
2018-06-11,2780.2,2790.2,2780.2,2782.0
2018-06-12,2785.6,2789.8,2778.8,2786.8
2018-06-13,2787.9,2791.5,2774.7,2775.6
2018-06-14,2783.2,2789.1,2776.5,2782.5
2018-06-15,2777.8,2782.8,2761.7,2779.7
2018-06-18,2765.8,2775.0,2757.1,2773.8
2018-06-19,2752.0,2765.1,2743.2,2762.6
2018-06-20,2769.7,2774.9,2763.9,2767.3
2018-06-21,2769.3,2769.3,2744.4,2749.8
2018-06-22,2760.8,2764.2,2752.7,2754.9
2018-06-25,2742.9,2742.9,2698.7,2717.1
2018-06-26,2722.1,2732.9,2715.6,2723.1
2018-06-27,2728.4,2746.1,2699.4,2699.6
2018-06-28,2698.7,2724.3,2692.0,2716.3
2018-06-29,2727.1,2743.3,2718.0,2718.4
2018-07-02,2704.9,2727.3,2698.9,2726.7
2018-07-03,2733.3,2736.6,2711.2,2713.2
2018-07-05,2724.2,2737.8,2716.0,2736.6
2018-07-06,2737.7,2764.4,2733.5,2759.8
2018-07-09,2768.5,2784.7,2768.5,2784.2
2018-07-10,2788.6,2795.6,2786.2,2793.8
2018-07-11,2779.8,2785.9,2770.8,2774.0
2018-07-12,2783.1,2799.2,2781.5,2798.3
2018-07-13,2796.9,2804.5,2791.7,2801.3
2018-07-16,2801.4,2803.7,2793.4,2798.4
2018-07-17,2789.3,2814.2,2789.2,2809.6
2018-07-18,2811.3,2816.8,2805.9,2815.6
2018-07-19,2809.4,2812.1,2799.8,2804.5
2018-07-20,2804.6,2809.7,2800.0,2801.8
2018-07-23,2799.2,2808.6,2795.1,2807.0
2018-07-24,2820.7,2830.0,2811.1,2820.4
2018-07-25,2817.7,2848.0,2817.7,2846.1
2018-07-26,2835.5,2845.6,2835.3,2837.4
2018-07-27,2842.3,2843.2,2808.3,2818.8
2018-07-30,2819.0,2821.7,2798.1,2802.6
2018-07-31,2809.7,2824.5,2808.1,2816.3
2018-08-01,2821.2,2825.8,2805.8,2813.4
2018-08-02,2800.5,2829.9,2796.3,2827.2
2018-08-03,2829.6,2840.4,2827.4,2840.3
2018-08-06,2840.3,2853.3,2836.0,2850.4
2018-08-07,2855.9,2863.4,2855.9,2858.4
2018-08-08,2856.8,2862.4,2853.1,2857.7
2018-08-09,2857.2,2862.5,2852.0,2853.6
2018-08-10,2839.6,2842.2,2825.8,2833.3
2018-08-13,2835.5,2843.4,2819.9,2821.9
2018-08-14,2827.9,2843.1,2826.6,2840.0
2018-08-15,2827.9,2827.9,2802.5,2818.4
2018-08-16,2831.4,2850.5,2831.4,2840.7
2018-08-17,2838.3,2855.6,2833.7,2850.1
2018-08-20,2853.9,2859.8,2850.6,2857.1
2018-08-21,2861.5,2873.2,2861.3,2863.0
2018-08-22,2861.0,2867.5,2856.1,2861.8
2018-08-23,2860.3,2868.8,2854.0,2857.0
2018-08-24,2862.3,2876.2,2862.3,2874.7
2018-08-27,2884.7,2898.2,2884.7,2896.7
2018-08-28,2901.4,2903.8,2893.5,2897.5
2018-08-29,2900.6,2916.5,2898.4,2914.0
2018-08-30,2908.9,2912.5,2895.2,2901.1
2018-08-31,2898.4,2906.3,2891.7,2901.5
2018-09-04,2897.0,2900.2,2885.1,2896.7
2018-09-05,2891.6,2894.2,2876.9,2888.6
2018-09-06,2888.6,2892.1,2867.3,2878.1
2018-09-07,2868.3,2883.8,2864.1,2871.7
2018-09-10,2881.4,2886.9,2875.9,2877.1
2018-09-11,2871.6,2892.5,2866.8,2887.9
2018-09-12,2888.3,2894.7,2879.2,2888.9
2018-09-13,2896.8,2906.8,2896.4,2904.2
2018-09-14,2906.4,2908.3,2895.8,2905.0
2018-09-17,2903.8,2904.7,2886.2,2888.8
2018-09-18,2890.7,2911.2,2890.4,2904.3
2018-09-19,2906.6,2912.4,2903.8,2907.9
2018-09-20,2919.7,2934.8,2919.7,2930.8
2018-09-21,2936.8,2940.9,2927.1,2929.7
2018-09-24,2921.8,2923.8,2912.6,2919.4
2018-09-25,2921.8,2923.9,2913.7,2915.6
2018-09-26,2917.0,2931.2,2903.3,2906.0
2018-09-27,2911.7,2927.2,2909.3,2914.0
2018-09-28,2910.0,2920.5,2907.5,2914.0
2018-10-01,2926.3,2937.1,2917.9,2924.6
2018-10-02,2923.8,2931.4,2919.4,2923.4
2018-10-03,2931.7,2939.9,2921.4,2925.5
2018-10-04,2919.3,2919.8,2883.9,2901.6
2018-10-05,2902.5,2909.6,2869.3,2885.6
2018-10-08,2877.5,2889.4,2862.1,2884.4
2018-10-09,2882.5,2894.8,2874.3,2880.3
2018-10-10,2873.9,2874.0,2784.9,2785.7
2018-10-11,2776.9,2795.1,2710.5,2728.4
2018-10-12,2770.5,2775.8,2729.4,2767.1
2018-10-15,2763.8,2776.0,2749.0,2750.8
2018-10-16,2767.1,2813.5,2766.9,2809.9
2018-10-17,2811.7,2816.9,2781.8,2809.2
2018-10-18,2802.0,2806.0,2755.2,2768.8
2018-10-19,2775.7,2797.8,2760.3,2767.8
2018-10-22,2773.9,2778.9,2749.2,2755.9
2018-10-23,2721.0,2753.6,2691.4,2740.7
2018-10-24,2737.9,2742.6,2651.9,2656.1
2018-10-25,2674.9,2722.7,2667.8,2705.6
2018-10-26,2667.9,2692.4,2628.2,2658.7
2018-10-29,2682.7,2706.8,2603.5,2641.2
2018-10-30,2640.7,2685.4,2635.3,2682.6
2018-10-31,2705.6,2736.7,2705.6,2711.7
2018-11-01,2717.6,2741.7,2708.8,2740.4
2018-11-02,2745.4,2756.6,2700.4,2723.1
2018-11-05,2726.4,2744.3,2717.9,2738.3
2018-11-06,2738.4,2756.8,2737.1,2755.4
2018-11-07,2774.1,2815.2,2774.1,2813.9
2018-11-08,2806.4,2814.8,2795.0,2806.8
2018-11-09,2794.1,2794.1,2764.2,2781.0
2018-11-12,2773.9,2776.0,2722.0,2726.2
2018-11-13,2730.1,2754.6,2715.0,2722.2
2018-11-14,2737.9,2746.8,2685.8,2701.6
2018-11-15,2693.5,2735.4,2670.8,2730.2
2018-11-16,2718.5,2746.8,2712.2,2736.3
2018-11-19,2730.7,2733.2,2681.1,2690.7
2018-11-20,2654.6,2669.4,2631.5,2641.9
2018-11-21,2657.7,2670.7,2649.8,2649.9
2018-11-23,2633.4,2647.6,2631.1,2632.6
2018-11-26,2650.0,2674.3,2650.0,2673.4
2018-11-27,2663.8,2682.5,2655.9,2682.2
2018-11-28,2691.4,2744.0,2684.4,2743.8
2018-11-29,2737.0,2753.8,2722.9,2737.8
2018-11-30,2737.8,2760.9,2732.8,2760.2
2018-12-03,2790.5,2800.2,2773.4,2790.4
2018-12-04,2782.4,2785.9,2697.2,2700.1
2018-12-06,2663.5,2696.2,2621.5,2695.9
2018-12-07,2691.3,2708.5,2623.1,2633.1
2018-12-10,2630.9,2647.5,2583.2,2637.7
2018-12-11,2664.4,2674.3,2621.3,2636.8
2018-12-12,2658.2,2685.4,2650.3,2651.1
2018-12-13,2658.7,2670.2,2637.3,2650.5
2018-12-14,2629.7,2635.1,2593.8,2599.9
2018-12-17,2590.8,2601.1,2530.5,2545.9
2018-12-18,2559.9,2574.0,2528.7,2546.2
2018-12-19,2547.1,2585.3,2489.0,2507.0
2018-12-20,2496.8,2509.6,2441.2,2467.4
2018-12-21,2465.4,2504.4,2408.6,2416.6
2018-12-24,2400.6,2410.3,2351.1,2351.1
2018-12-26,2363.1,2467.8,2346.6,2467.7
2018-12-27,2442.5,2489.1,2397.9,2488.8
2018-12-28,2498.8,2520.3,2472.9,2485.7
2018-12-31,2498.9,2509.2,2482.8,2506.8
2019-01-02,2477.0,2519.5,2467.5,2510.0
2019-01-03,2491.9,2493.1,2444.0,2447.9
2019-01-04,2474.3,2538.1,2474.3,2531.9
2019-01-07,2535.6,2566.2,2524.6,2549.7
2019-01-08,2568.1,2579.8,2547.6,2574.4
2019-01-09,2580.0,2595.3,2568.9,2585.0
2019-01-10,2573.5,2597.8,2562.0,2596.6
2019-01-11,2588.1,2596.3,2577.4,2596.3
2019-01-14,2580.3,2589.3,2570.4,2582.6
2019-01-15,2585.1,2613.1,2585.1,2610.3
2019-01-16,2614.8,2625.8,2612.7,2616.1
2019-01-17,2609.3,2645.1,2606.4,2636.0
2019-01-18,2651.3,2675.5,2647.6,2670.7
2019-01-22,2657.9,2657.9,2617.3,2632.9
2019-01-23,2643.5,2653.2,2612.9,2638.7
2019-01-24,2638.8,2647.2,2627.0,2642.3
2019-01-25,2657.4,2672.4,2657.3,2664.8
2019-01-28,2645.0,2645.0,2624.1,2643.8
2019-01-29,2644.9,2650.9,2631.1,2640.0
2019-01-30,2653.6,2690.4,2648.3,2681.1
2019-01-31,2685.5,2708.9,2678.7,2704.1
2019-02-01,2702.3,2716.7,2696.9,2706.5
2019-02-04,2706.5,2725.0,2698.8,2724.9
2019-02-05,2728.3,2739.0,2724.0,2737.7
2019-02-06,2735.1,2738.1,2724.2,2731.6
2019-02-07,2717.5,2719.3,2687.3,2706.1
2019-02-08,2692.4,2708.1,2681.8,2707.9
2019-02-11,2712.4,2718.1,2703.8,2709.8
2019-02-12,2722.6,2748.2,2722.6,2744.7
2019-02-13,2750.3,2761.8,2748.6,2753.0
2019-02-14,2743.5,2757.9,2731.2,2745.7
2019-02-15,2760.2,2775.7,2760.2,2775.6
2019-02-19,2769.3,2787.3,2767.3,2779.8
2019-02-20,2779.1,2789.9,2774.1,2784.7
2019-02-21,2780.2,2781.6,2764.6,2774.9
2019-02-22,2780.7,2794.2,2779.1,2792.7
2019-02-25,2804.3,2813.5,2795.0,2796.1
2019-02-26,2792.4,2803.1,2789.5,2793.9
2019-02-27,2787.5,2795.8,2775.1,2792.4
2019-02-28,2788.1,2793.7,2782.5,2784.5
2019-03-01,2798.2,2808.0,2787.4,2803.7
2019-03-04,2814.4,2816.9,2767.7,2792.8
2019-03-05,2794.4,2796.4,2783.0,2789.7
2019-03-06,2790.3,2790.3,2768.7,2771.4
2019-03-07,2766.5,2767.2,2739.1,2748.9
2019-03-08,2730.8,2744.1,2722.3,2743.1
2019-03-11,2747.6,2784.0,2747.6,2783.3
2019-03-12,2787.3,2798.3,2786.7,2791.5
2019-03-13,2799.8,2821.2,2799.8,2810.9
2019-03-14,2810.4,2815.0,2803.5,2808.5
2019-03-15,2810.8,2830.7,2810.8,2822.5
2019-03-18,2822.6,2835.4,2822.0,2832.9
2019-03-19,2840.8,2852.4,2823.3,2832.6
2019-03-20,2831.3,2843.5,2812.4,2824.2
2019-03-21,2819.7,2860.3,2817.4,2854.9
2019-03-22,2844.5,2846.2,2800.5,2800.7
2019-03-25,2796.0,2809.8,2785.0,2798.4
2019-03-26,2812.7,2829.9,2804.0,2818.5
2019-03-27,2819.7,2825.6,2787.7,2805.4
2019-03-28,2809.4,2819.7,2798.8,2815.4
2019-03-29,2828.3,2836.0,2819.2,2834.4
2019-04-01,2848.6,2869.4,2848.6,2867.2
2019-04-02,2868.2,2872.9,2858.8,2867.2
2019-04-03,2876.1,2885.2,2865.2,2873.4
2019-04-04,2874.0,2881.3,2867.1,2879.4
2019-04-05,2884.2,2893.2,2883.0,2892.7
2019-04-08,2888.5,2895.9,2880.8,2895.8
2019-04-09,2886.6,2886.9,2873.3,2878.2
2019-04-10,2881.4,2889.7,2879.1,2888.2
2019-04-11,2891.9,2893.4,2882.0,2888.3
2019-04-12,2900.9,2910.5,2898.4,2907.4
2019-04-15,2908.3,2909.6,2896.5,2905.6
2019-04-16,2912.3,2916.1,2900.7,2907.1
2019-04-17,2916.0,2918.0,2895.4,2900.4
2019-04-18,2904.8,2908.4,2891.9,2905.0
2019-04-22,2898.8,2909.5,2896.3,2908.0
2019-04-23,2910.0,2936.3,2908.5,2933.7
2019-04-24,2934.0,2936.8,2926.1,2927.2
2019-04-25,2929.0,2933.1,2912.8,2926.2
2019-04-26,2925.8,2939.9,2917.6,2939.9
2019-04-29,2940.6,2949.5,2939.3,2943.0
2019-04-30,2937.1,2948.2,2924.1,2945.8
2019-05-01,2952.3,2954.1,2923.4,2923.7
2019-05-02,2922.2,2931.7,2900.5,2917.5
2019-05-03,2929.2,2947.8,2929.2,2945.6
2019-05-06,2908.9,2937.3,2898.2,2932.5
2019-05-07,2913.0,2913.0,2862.6,2884.1
2019-05-08,2879.6,2898.0,2873.3,2879.4
2019-05-09,2859.8,2876.0,2836.4,2870.7
2019-05-10,2863.1,2891.3,2825.4,2881.4
2019-05-13,2840.2,2840.2,2801.4,2811.9
2019-05-14,2820.1,2852.5,2820.1,2834.4
2019-05-15,2820.4,2858.7,2815.1,2851.0
2019-05-16,2855.8,2892.2,2855.8,2876.3
2019-05-17,2858.6,2885.5,2854.2,2859.5
2019-05-20,2841.9,2853.9,2831.3,2840.2
2019-05-21,2854.0,2868.9,2854.0,2864.4
2019-05-22,2856.1,2865.5,2851.1,2856.3
2019-05-23,2836.7,2836.7,2805.5,2822.2
2019-05-24,2832.4,2841.4,2820.2,2826.1
2019-05-28,2830.0,2840.5,2801.6,2802.4
2019-05-29,2790.2,2792.0,2766.1,2783.0
2019-05-30,2786.9,2799.0,2776.7,2788.9
2019-05-31,2766.2,2769.0,2750.5,2752.1
2019-06-03,2751.5,2763.1,2728.8,2744.4
2019-06-04,2762.6,2804.5,2762.6,2803.3
2019-06-05,2818.1,2827.3,2800.9,2826.2
2019-06-06,2828.5,2852.1,2822.4,2843.5
2019-06-07,2852.9,2885.0,2852.9,2873.3
2019-06-10,2885.8,2904.8,2885.5,2886.7
2019-06-11,2903.3,2910.6,2878.5,2885.7
2019-06-12,2882.7,2888.6,2874.7,2879.8
2019-06-13,2886.2,2895.2,2882.0,2891.6
2019-06-14,2886.8,2894.4,2879.6,2887.0
2019-06-17,2889.8,2897.3,2887.3,2889.7
2019-06-18,2906.7,2930.8,2905.4,2917.8
2019-06-19,2920.6,2931.7,2911.4,2926.5
2019-06-20,2949.6,2958.1,2931.5,2954.2
2019-06-21,2952.7,2964.2,2946.9,2950.5
2019-06-24,2951.4,2954.9,2944.1,2945.3
2019-06-25,2945.8,2946.5,2916.0,2917.4
2019-06-26,2926.1,2932.6,2913.0,2913.8
2019-06-27,2919.7,2929.3,2918.6,2924.9
2019-06-28,2932.9,2944.0,2929.1,2941.8
2019-07-01,2971.4,2977.9,2952.2,2964.3
2019-07-02,2964.7,2973.2,2955.9,2973.0
2019-07-03,2978.1,2995.8,2978.0,2995.8
2019-07-05,2984.2,2994.0,2968.0,2990.4
2019-07-08,2979.8,2980.8,2970.1,2975.9
2019-07-09,2965.5,2981.9,2963.4,2979.6
2019-07-10,2989.3,3003.0,2984.6,2993.1
2019-07-11,2999.6,3002.3,2988.8,2999.9
2019-07-12,3003.4,3013.9,3001.9,3013.8
2019-07-15,3017.8,3017.8,3008.8,3014.3
2019-07-16,3012.1,3015.0,3001.2,3004.0
2019-07-17,3005.1,3005.3,2984.2,2984.4
2019-07-18,2978.9,2998.3,2973.1,2995.1
2019-07-19,3004.3,3006.0,2975.9,2976.6
2019-07-22,2981.9,2990.7,2976.7,2985.0
2019-07-23,2994.7,3005.9,2988.6,3005.5
2019-07-24,2998.8,3019.6,2996.8,3019.6
2019-07-25,3016.3,3016.3,2997.2,3003.7
2019-07-26,3013.2,3028.0,3012.6,3025.9
2019-07-29,3024.5,3025.6,3014.3,3021.0
2019-07-30,3007.7,3017.2,3000.9,3013.2
2019-07-31,3016.2,3017.4,2958.1,2980.4
2019-08-01,2980.3,3013.6,2945.2,2953.6
2019-08-02,2943.9,2945.5,2914.1,2932.1
2019-08-05,2898.1,2898.1,2822.1,2844.7
2019-08-06,2861.2,2884.4,2847.4,2881.8
2019-08-07,2858.7,2892.2,2825.7,2884.0
2019-08-08,2896.2,2938.7,2894.5,2938.1
2019-08-09,2930.5,2935.8,2900.2,2918.7
2019-08-12,2907.1,2907.6,2873.1,2883.8
2019-08-13,2880.7,2943.3,2877.1,2926.3
2019-08-14,2894.2,2894.2,2839.6,2840.6
2019-08-15,2846.2,2856.7,2825.5,2847.6
2019-08-16,2864.7,2893.6,2864.7,2888.7
2019-08-19,2913.5,2931.0,2913.5,2923.7
2019-08-20,2919.0,2923.6,2899.6,2900.5
2019-08-21,2922.0,2928.7,2917.9,2924.4
2019-08-22,2930.9,2939.1,2904.5,2922.9
2019-08-23,2911.1,2927.0,2835.0,2847.1
2019-08-26,2866.7,2879.3,2856.0,2878.4
2019-08-27,2893.1,2898.8,2860.6,2869.2
2019-08-28,2861.3,2890.0,2853.1,2887.9
2019-08-29,2910.4,2930.5,2905.7,2924.6
2019-08-30,2937.1,2940.4,2913.3,2926.5
2019-09-03,2909.0,2914.4,2891.8,2906.3
2019-09-04,2924.7,2938.8,2921.9,2937.8
2019-09-05,2960.6,2985.9,2960.6,2976.0
2019-09-06,2980.3,2985.0,2972.5,2978.7
2019-09-09,2988.4,2989.4,2969.4,2978.4
2019-09-10,2971.0,2979.4,2957.0,2979.4
2019-09-11,2981.4,3000.9,2975.3,3000.9
2019-09-12,3009.1,3020.7,3000.9,3009.6
2019-09-13,3012.2,3017.3,3002.9,3007.4
2019-09-16,2996.4,3002.2,2990.7,2998.0
2019-09-17,2995.7,3006.2,2993.7,3005.7
2019-09-18,3001.5,3007.8,2978.6,3006.7
2019-09-19,3010.4,3022.0,3003.2,3006.8
2019-09-20,3008.4,3016.4,2984.7,2992.1
2019-09-23,2983.5,2999.2,2982.2,2991.8
2019-09-24,3002.4,3008.0,2957.7,2966.6
2019-09-25,2968.3,2989.8,2952.9,2984.9
2019-09-26,2985.7,2987.3,2963.7,2977.6
2019-09-27,2985.5,2987.3,2945.5,2961.8
2019-09-30,2967.1,2983.8,2967.1,2976.7
2019-10-01,2983.7,2992.5,2938.7,2940.2
2019-10-02,2924.8,2924.8,2874.9,2887.6
2019-10-03,2885.4,2911.1,2855.9,2910.6
2019-10-04,2918.6,2953.7,2918.6,2952.0
2019-10-07,2944.2,2959.8,2935.7,2938.8
2019-10-08,2920.4,2925.5,2892.7,2893.1
2019-10-09,2911.1,2929.3,2907.4,2919.4
2019-10-10,2918.6,2948.5,2917.1,2938.1
2019-10-11,2963.1,2993.3,2963.1,2970.3
2019-10-14,2965.8,2972.8,2962.9,2966.2
2019-10-15,2973.6,3003.3,2973.6,2995.7
2019-10-16,2989.7,2997.5,2985.2,2989.7
2019-10-17,3000.8,3008.3,2991.8,2997.9
2019-10-18,2996.8,3000.0,2976.3,2986.2
2019-10-21,2996.5,3007.3,2995.3,3006.7
2019-10-22,3010.7,3014.6,2995.0,2996.0
2019-10-23,2994.0,3004.8,2991.2,3004.5
2019-10-24,3014.8,3016.1,3000.4,3010.3
2019-10-25,3003.3,3027.4,3001.9,3022.6
2019-10-28,3032.1,3044.1,3032.1,3039.4
2019-10-29,3035.4,3047.9,3034.8,3036.9
2019-10-30,3039.7,3050.1,3026.0,3046.8
2019-10-31,3046.9,3046.9,3023.2,3037.6
2019-11-01,3050.7,3066.9,3050.7,3066.9
2019-11-04,3079.0,3085.2,3074.9,3078.3
2019-11-05,3080.8,3083.9,3072.2,3074.6
2019-11-06,3075.1,3078.3,3065.9,3076.8
2019-11-07,3087.0,3097.8,3080.2,3085.2
2019-11-08,3081.2,3093.1,3073.6,3093.1
2019-11-11,3080.3,3088.3,3075.8,3087.0
2019-11-12,3089.3,3102.6,3084.7,3091.8
2019-11-13,3084.2,3098.1,3078.8,3094.0
2019-11-14,3090.8,3098.2,3083.3,3096.6
2019-11-15,3107.9,3120.5,3104.6,3120.5
2019-11-18,3117.9,3124.2,3112.1,3122.0
2019-11-19,3127.4,3127.6,3113.5,3120.2
2019-11-20,3114.7,3119.0,3091.4,3108.5
2019-11-21,3108.5,3110.1,3094.6,3103.5
2019-11-22,3111.4,3112.9,3099.3,3110.3
2019-11-25,3117.4,3133.8,3117.4,3133.6
2019-11-26,3134.8,3142.7,3131.0,3140.5
2019-11-27,3145.5,3154.3,3143.4,3153.6
2019-11-29,3147.2,3150.3,3139.3,3141.0
2019-12-02,3143.8,3144.3,3110.8,3113.9
2019-12-03,3087.4,3095.0,3070.3,3093.2
2019-12-04,3103.5,3119.4,3102.5,3112.8
2019-12-05,3119.2,3119.4,3103.8,3117.4
2019-12-06,3134.6,3150.6,3134.6,3145.9
2019-12-09,3141.9,3148.9,3135.5,3136.0
2019-12-10,3135.4,3142.1,3126.1,3132.5
2019-12-11,3135.8,3144.0,3133.2,3141.6
2019-12-12,3141.2,3176.3,3138.5,3168.6
2019-12-13,3166.7,3182.7,3156.5,3168.8
2019-12-16,3183.6,3197.7,3183.6,3191.4
2019-12-17,3195.4,3198.2,3191.0,3192.5
2019-12-18,3195.2,3198.5,3191.1,3191.1
2019-12-19,3192.3,3205.5,3192.3,3205.4
2019-12-20,3223.3,3225.7,3216.0,3221.2
2019-12-23,3226.1,3227.8,3222.3,3224.0
2019-12-24,3225.4,3226.4,3220.5,3223.4
2019-12-26,3227.2,3240.1,3227.2,3239.9
2019-12-27,3247.2,3247.9,3234.4,3240.0
2019-12-30,3240.1,3240.9,3216.6,3221.3
2019-12-31,3215.2,3231.7,3212.0,3230.8
2020-01-02,3244.7,3258.1,3235.5,3257.8
2020-01-03,3226.4,3246.2,3222.3,3234.8
2020-01-06,3217.6,3246.8,3214.6,3246.3
2020-01-07,3241.9,3244.9,3232.4,3237.2
2020-01-08,3238.6,3267.1,3236.7,3253.1
2020-01-09,3266.0,3275.6,3263.7,3274.7
2020-01-10,3281.8,3283.0,3260.9,3265.3
2020-01-13,3271.1,3288.1,3268.4,3288.1
2020-01-14,3285.3,3294.2,3277.2,3283.2
2020-01-15,3282.3,3298.7,3280.7,3289.3
2020-01-16,3303.0,3317.1,3302.8,3316.8
2020-01-17,3323.7,3329.9,3318.9,3329.6
2020-01-21,3321.0,3329.8,3316.6,3320.8
2020-01-22,3330.0,3337.8,3320.0,3321.8
2020-01-23,3315.8,3326.9,3301.9,3325.5
2020-01-24,3333.1,3333.2,3281.5,3295.5
2020-01-27,3247.2,3258.8,3234.5,3243.6
2020-01-28,3255.3,3285.8,3253.2,3276.2
2020-01-29,3289.5,3293.5,3271.9,3273.4
2020-01-30,3256.4,3285.9,3242.8,3283.7
2020-01-31,3282.3,3282.3,3214.7,3225.5
2020-02-03,3235.7,3268.4,3235.7,3248.9
2020-02-04,3280.6,3306.9,3280.6,3297.6
2020-02-05,3324.9,3337.6,3313.8,3334.7
2020-02-06,3344.9,3348.0,3334.4,3345.8
2020-02-07,3335.5,3341.4,3322.1,3327.7
2020-02-10,3318.3,3352.3,3317.8,3352.1
2020-02-11,3365.9,3375.6,3352.7,3357.8
2020-02-12,3370.5,3381.5,3369.7,3379.4
2020-02-13,3365.9,3385.1,3360.5,3373.9
2020-02-14,3378.1,3380.7,3366.2,3380.2
2020-02-18,3369.0,3375.0,3355.6,3370.3
2020-02-19,3380.4,3393.5,3378.8,3386.2
2020-02-20,3380.4,3389.2,3341.0,3373.2
2020-02-21,3360.5,3360.8,3328.4,3337.8
2020-02-24,3257.6,3259.8,3214.7,3225.9
2020-02-25,3238.9,3247.0,3118.8,3128.2
2020-02-26,3139.9,3182.5,3109.0,3116.4
2020-02-27,3062.5,3097.1,2977.4,2978.8
2020-02-28,2916.9,2959.7,2855.8,2954.2
2020-03-02,2974.3,3091.0,2945.2,3090.2
2020-03-03,3096.5,3136.7,2976.6,3003.4
2020-03-04,3045.8,3131.0,3034.4,3130.1
2020-03-05,3075.7,3083.0,2999.8,3023.9
2020-03-06,2954.2,2985.9,2901.5,2972.4
2020-03-09,2863.9,2863.9,2734.4,2746.6
2020-03-10,2813.5,2882.6,2734.0,2882.2
2020-03-11,2825.6,2825.6,2707.2,2741.4
2020-03-12,2630.9,2660.9,2478.9,2480.6
2020-03-13,2570.0,2711.3,2492.4,2711.0
2020-03-16,2508.6,2563.0,2380.9,2386.1
2020-03-17,2425.7,2553.9,2367.0,2529.2
2020-03-18,2436.5,2453.6,2280.5,2398.1
2020-03-19,2393.5,2467.0,2319.8,2409.4
2020-03-20,2431.9,2453.0,2295.6,2304.9
2020-03-23,2290.7,2300.7,2191.9,2237.4
2020-03-24,2344.4,2449.7,2344.4,2447.3
2020-03-25,2457.8,2571.4,2407.5,2475.6
2020-03-26,2501.3,2637.0,2500.7,2630.1
2020-03-27,2555.9,2615.9,2520.0,2541.5
2020-03-30,2559.0,2631.8,2545.3,2626.7
2020-03-31,2614.7,2641.4,2571.2,2584.6
2020-04-01,2498.1,2522.8,2447.5,2470.5
2020-04-02,2458.5,2533.2,2455.8,2526.9
2020-04-03,2514.9,2538.2,2460.0,2488.7
2020-04-06,2578.3,2676.8,2574.6,2663.7
2020-04-07,2738.7,2756.9,2657.7,2659.4
2020-04-08,2685.0,2760.8,2663.3,2750.0
2020-04-09,2777.0,2818.6,2762.4,2789.8
2020-04-13,2782.5,2782.5,2721.2,2761.6
2020-04-14,2805.1,2851.8,2805.1,2846.1
2020-04-15,2795.6,2801.9,2761.5,2783.4
2020-04-16,2799.3,2806.5,2764.3,2799.6
2020-04-17,2842.4,2879.2,2830.9,2874.6
2020-04-20,2845.6,2869.0,2820.4,2823.2
2020-04-21,2784.8,2785.5,2727.1,2736.6
2020-04-22,2787.9,2815.1,2775.9,2799.3
2020-04-23,2810.4,2844.9,2794.3,2797.8
2020-04-24,2812.6,2842.7,2791.8,2836.7
2020-04-27,2854.7,2887.7,2852.9,2878.5
2020-04-28,2910.0,2921.2,2860.7,2863.4
2020-04-29,2918.5,2954.9,2912.2,2939.5
2020-04-30,2930.9,2930.9,2892.5,2912.4
2020-05-01,2869.1,2869.1,2821.6,2830.7
2020-05-04,2815.0,2844.2,2797.8,2842.7
2020-05-05,2868.9,2898.2,2863.6,2868.4
2020-05-06,2883.1,2891.1,2847.7,2848.4
2020-05-07,2878.3,2901.9,2876.5,2881.2
2020-05-08,2908.8,2932.2,2902.9,2929.8
2020-05-11,2915.5,2944.2,2903.4,2930.3
2020-05-12,2939.5,2945.8,2869.6,2870.1
2020-05-13,2865.9,2874.1,2793.2,2820.0
2020-05-14,2794.5,2852.8,2766.6,2852.5
2020-05-15,2829.9,2865.0,2816.8,2863.7
2020-05-18,2913.9,2968.1,2913.9,2953.9
2020-05-19,2948.6,2964.2,2922.3,2922.9
2020-05-20,2953.6,2980.3,2953.6,2971.6
2020-05-21,2969.9,2978.5,2938.6,2948.5
2020-05-22,2948.1,2956.8,2933.6,2955.4
2020-05-26,3004.1,3021.7,2988.2,2991.8
2020-05-27,3015.7,3036.2,2969.8,3036.1
2020-05-28,3046.6,3068.7,3023.4,3029.7
2020-05-29,3025.2,3049.2,2998.6,3044.3
2020-06-01,3038.8,3062.2,3031.5,3055.7
2020-06-02,3064.8,3081.1,3051.6,3080.8
2020-06-03,3098.9,3130.9,3098.9,3122.9
2020-06-04,3111.6,3128.9,3090.4,3112.3
2020-06-05,3163.8,3211.7,3163.8,3193.9
2020-06-08,3199.9,3233.1,3196.0,3232.4
2020-06-09,3213.3,3222.7,3193.1,3207.2
2020-06-10,3213.4,3223.3,3181.5,3190.1
2020-06-11,3123.5,3123.5,2999.5,3002.1
2020-06-12,3071.0,3088.4,2984.5,3041.3
2020-06-15,2993.8,3079.8,2965.7,3066.6
2020-06-16,3131.0,3153.4,3076.1,3124.7
2020-06-17,3136.1,3141.2,3108.0,3113.5
2020-06-18,3101.6,3120.0,3093.5,3115.3
2020-06-19,3140.3,3155.5,3083.1,3097.7
2020-06-22,3094.4,3120.9,3079.4,3117.9
2020-06-23,3138.7,3154.9,3127.1,3131.3
2020-06-24,3114.4,3115.0,3032.1,3050.3
2020-06-25,3046.6,3086.2,3024.0,3083.8
2020-06-26,3073.2,3073.7,3004.6,3009.1
2020-06-29,3018.6,3053.9,2999.7,3053.2
2020-06-30,3050.2,3111.5,3047.8,3100.3
2020-07-01,3105.9,3128.4,3101.2,3115.9
2020-07-02,3143.6,3165.8,3124.5,3130.0
2020-07-06,3155.3,3182.6,3155.3,3179.7
2020-07-07,3166.4,3184.2,3142.9,3145.3
2020-07-08,3153.1,3171.8,3136.5,3169.9
2020-07-09,3176.2,3179.8,3115.7,3152.1
2020-07-10,3152.5,3186.8,3136.2,3185.0
2020-07-13,3205.1,3235.3,3149.4,3155.2
2020-07-14,3141.1,3200.9,3127.7,3197.5
2020-07-15,3226.0,3238.3,3200.8,3226.6
2020-07-16,3208.4,3220.4,3198.6,3215.6
2020-07-17,3224.2,3233.5,3205.7,3224.7
2020-07-20,3224.3,3258.6,3215.2,3251.8
2020-07-21,3268.5,3277.3,3247.8,3257.3
2020-07-22,3254.9,3279.3,3253.1,3276.0
2020-07-23,3271.6,3280.0,3222.7,3235.7
2020-07-24,3218.6,3227.3,3200.1,3215.6
2020-07-27,3219.8,3241.4,3214.2,3239.4
2020-07-28,3234.3,3243.7,3216.2,3218.4
2020-07-29,3227.2,3264.7,3227.2,3258.4
2020-07-30,3231.8,3250.9,3204.1,3246.2
2020-07-31,3270.4,3272.2,3220.3,3271.1
2020-08-03,3288.3,3302.7,3284.5,3294.6
2020-08-04,3289.9,3306.8,3286.4,3306.5
2020-08-05,3317.4,3330.8,3317.4,3327.8
2020-08-06,3323.2,3351.0,3318.1,3349.2
2020-08-07,3340.1,3352.5,3328.7,3351.3
2020-08-10,3356.0,3363.3,3335.4,3360.5
2020-08-11,3370.3,3381.0,3326.4,3333.7
2020-08-12,3355.5,3387.9,3355.5,3380.3
2020-08-13,3372.9,3387.2,3363.3,3373.4
2020-08-14,3368.7,3378.5,3361.6,3372.8
2020-08-17,3380.9,3387.6,3379.2,3382.0
2020-08-18,3387.0,3395.1,3370.2,3389.8
2020-08-19,3392.5,3399.5,3369.7,3374.8
2020-08-20,3360.5,3390.8,3354.7,3385.5
2020-08-21,3386.0,3400.0,3379.3,3397.2
2020-08-24,3418.1,3432.1,3413.1,3431.3
2020-08-25,3435.9,3444.2,3425.8,3443.6
2020-08-26,3450.0,3481.1,3444.2,3478.7
2020-08-27,3485.1,3501.4,3468.3,3484.6
2020-08-28,3494.7,3509.2,3484.3,3508.0
2020-08-31,3509.7,3514.8,3493.2,3500.3
2020-09-01,3507.4,3528.0,3494.6,3526.7
2020-09-02,3543.8,3588.1,3535.2,3580.8
2020-09-03,3564.7,3564.8,3427.4,3455.1
2020-09-04,3453.6,3479.2,3349.6,3427.0
2020-09-08,3371.9,3380.0,3329.3,3331.8
2020-09-09,3369.8,3424.8,3366.8,3399.0
2020-09-10,3412.6,3425.6,3329.2,3339.2
2020-09-11,3352.7,3368.9,3310.5,3341.0
2020-09-14,3363.6,3402.9,3363.6,3383.5
2020-09-15,3407.7,3419.5,3389.2,3401.2
2020-09-16,3411.2,3428.9,3384.4,3385.5
2020-09-17,3346.9,3375.2,3328.8,3357.0
2020-09-18,3357.4,3362.3,3292.4,3319.5
2020-09-21,3285.6,3285.6,3229.1,3281.1
2020-09-22,3295.8,3320.3,3270.9,3315.6
2020-09-23,3320.1,3323.3,3232.6,3236.9
2020-09-24,3226.1,3278.7,3209.4,3246.6
2020-09-25,3236.7,3306.9,3228.4,3298.5
2020-09-28,3333.9,3360.7,3332.9,3351.6
2020-09-29,3350.9,3357.9,3327.5,3335.5
2020-09-30,3341.2,3393.6,3340.5,3363.0
2020-10-01,3385.9,3397.2,3361.4,3380.8
2020-10-02,3338.9,3369.1,3323.7,3348.4
2020-10-05,3367.3,3409.6,3367.3,3408.6
2020-10-06,3408.7,3431.6,3354.5,3360.9
2020-10-07,3384.6,3426.3,3384.6,3419.4
2020-10-08,3434.3,3447.3,3428.2,3446.8
2020-10-09,3459.7,3482.3,3458.1,3477.1
2020-10-12,3500.0,3549.8,3499.6,3534.2
2020-10-13,3534.0,3534.0,3500.9,3511.9
2020-10-14,3515.5,3527.9,3480.6,3488.7
2020-10-15,3453.7,3489.1,3440.9,3483.3
2020-10-16,3493.5,3515.8,3480.4,3483.8
2020-10-19,3493.7,3502.4,3419.9,3426.9
2020-10-20,3439.4,3476.9,3435.7,3443.1
2020-10-21,3439.9,3464.9,3433.1,3435.6
2020-10-22,3438.5,3460.5,3415.3,3453.5
2020-10-23,3464.9,3466.5,3440.4,3465.4
2020-10-26,3441.4,3441.4,3364.9,3401.0
2020-10-27,3403.2,3409.5,3388.7,3390.7
2020-10-28,3342.5,3342.5,3268.9,3271.0
2020-10-29,3277.2,3341.1,3259.8,3310.1
2020-10-30,3293.6,3304.9,3233.9,3270.0
2020-11-02,3296.2,3330.1,3279.7,3310.2
2020-11-03,3336.2,3389.5,3336.2,3369.2
2020-11-04,3406.5,3486.2,3405.2,3443.4
2020-11-05,3485.7,3529.1,3485.7,3510.4
2020-11-06,3508.3,3521.6,3484.3,3509.4
2020-11-09,3583.0,3646.0,3547.5,3550.5
2020-11-10,3543.3,3557.2,3511.9,3545.5
2020-11-11,3563.2,3581.2,3557.0,3572.7
2020-11-12,3562.7,3569.0,3518.6,3537.0
2020-11-13,3552.6,3593.7,3552.6,3585.2
2020-11-16,3600.2,3628.5,3600.2,3626.9
2020-11-17,3610.3,3623.1,3588.7,3609.5
2020-11-18,3612.1,3619.1,3567.3,3567.8
2020-11-19,3559.4,3585.2,3543.8,3581.9
2020-11-20,3579.3,3581.2,3556.8,3557.5
2020-11-23,3566.8,3589.8,3552.8,3577.6
2020-11-24,3594.5,3642.3,3594.5,3635.4
2020-11-25,3635.5,3635.5,3617.8,3629.7
2020-11-27,3638.6,3644.3,3629.3,3638.3
2020-11-30,3634.2,3634.2,3594.4,3621.6
2020-12-01,3645.9,3678.4,3645.9,3662.4
2020-12-02,3653.8,3671.0,3644.8,3669.0
2020-12-03,3668.3,3682.7,3657.2,3666.7
2020-12-04,3670.9,3699.2,3670.9,3699.1
2020-12-07,3694.7,3697.4,3678.9,3692.0
2020-12-08,3683.1,3708.4,3678.8,3702.2
2020-12-09,3706.0,3712.4,3660.5,3672.8
2020-12-10,3659.1,3678.5,3645.2,3668.1
2020-12-11,3656.1,3665.9,3633.4,3663.5
2020-12-14,3675.3,3697.6,3645.8,3647.5
2020-12-15,3666.4,3695.3,3659.6,3694.6
2020-12-16,3696.2,3711.3,3688.6,3701.2
2020-12-17,3713.7,3725.1,3710.9,3722.5
2020-12-18,3722.4,3726.7,3685.8,3709.4
2020-12-21,3684.3,3702.9,3636.5,3694.9
2020-12-22,3698.1,3698.3,3676.2,3687.3
2020-12-23,3693.4,3711.2,3689.3,3690.0
2020-12-24,3694.0,3703.8,3689.3,3703.1
2020-12-28,3723.0,3740.5,3723.0,3735.4
2020-12-29,3750.0,3756.1,3723.3,3727.0
2020-12-30,3736.2,3744.6,3730.2,3732.0
2020-12-31,3733.3,3760.2,3726.9,3756.1
2021-01-04,3764.6,3770.0,3662.7,3700.7
2021-01-05,3698.0,3737.8,3695.1,3726.9
2021-01-06,3712.2,3783.0,3705.3,3748.1
2021-01-07,3764.7,3811.6,3764.7,3803.8
2021-01-08,3815.1,3826.7,3783.6,3824.7
2021-01-11,3803.1,3817.9,3789.0,3799.6
2021-01-12,3801.6,3810.8,3776.5,3801.2
2021-01-13,3802.2,3821.0,3791.5,3809.8
2021-01-14,3815.0,3823.6,3792.9,3795.5
2021-01-15,3788.7,3788.7,3749.6,3768.2
2021-01-19,3781.9,3804.5,3780.4,3798.9
2021-01-20,3816.2,3859.8,3816.2,3851.8
2021-01-21,3857.5,3861.4,3845.1,3853.1
2021-01-22,3844.2,3852.3,3830.4,3841.5
2021-01-25,3851.7,3859.2,3797.2,3855.4
2021-01-26,3863.0,3870.9,3847.8,3849.6
2021-01-27,3836.8,3836.8,3732.5,3750.8
2021-01-28,3755.8,3830.5,3755.8,3787.4
2021-01-29,3778.1,3778.1,3694.1,3714.2
2021-02-01,3731.2,3784.3,3725.6,3773.9
2021-02-02,3791.8,3843.1,3791.8,3826.3
2021-02-03,3840.3,3847.5,3816.7,3830.2
2021-02-04,3836.7,3872.4,3836.7,3871.7
2021-02-05,3878.3,3894.6,3874.9,3886.8
2021-02-08,3892.6,3915.8,3892.6,3915.6
2021-02-09,3910.5,3918.3,3902.6,3911.2
2021-02-10,3920.8,3931.5,3884.9,3909.9
2021-02-11,3916.4,3926.0,3890.4,3916.4
2021-02-12,3911.7,3937.2,3905.8,3934.8
2021-02-16,3939.6,3950.4,3923.8,3932.6
2021-02-17,3918.5,3933.6,3900.4,3931.3
2021-02-18,3915.9,3922.0,3885.0,3914.0
2021-02-19,3921.2,3930.4,3903.1,3906.7
2021-02-22,3885.6,3902.9,3874.7,3876.5
2021-02-23,3857.1,3896.0,3805.6,3881.4
2021-02-24,3873.7,3928.7,3859.6,3925.4
2021-02-25,3915.8,3925.0,3814.0,3829.3
2021-02-26,3839.7,3861.1,3789.5,3811.2
2021-03-01,3842.5,3914.5,3842.5,3901.8
2021-03-02,3903.6,3906.4,3868.6,3870.3
2021-03-03,3864.0,3874.5,3818.9,3819.7
2021-03-04,3818.5,3843.7,3723.3,3768.5
2021-03-05,3793.6,3851.7,3730.2,3841.9
2021-03-08,3844.4,3881.1,3819.2,3821.3
2021-03-09,3851.9,3903.8,3851.9,3875.4
2021-03-10,3892.0,3917.3,3885.7,3898.8
2021-03-11,3915.5,3960.3,3915.5,3939.3
2021-03-12,3924.5,3945.0,3915.2,3943.3
2021-03-15,3943.0,3970.1,3923.5,3968.9
2021-03-16,3973.6,3981.0,3953.4,3962.7
2021-03-17,3949.6,3983.9,3935.7,3974.1
2021-03-18,3953.5,3969.6,3910.9,3915.5
2021-03-19,3913.1,3930.1,3886.8,3913.1
2021-03-22,3916.5,3955.3,3914.2,3940.6
2021-03-23,3937.6,3949.1,3901.6,3910.5
2021-03-24,3919.9,3942.1,3889.1,3889.1
2021-03-25,3879.3,3919.5,3853.5,3909.5
2021-03-26,3917.1,3978.2,3917.1,3974.5
2021-03-29,3969.3,3981.8,3943.2,3971.1
2021-03-30,3963.3,3968.0,3944.3,3958.6
2021-03-31,3967.2,3994.4,3967.0,3972.9
2021-04-01,3992.8,4020.6,3992.8,4019.9
2021-04-05,4034.4,4083.4,4034.4,4077.9
2021-04-06,4075.6,4086.2,4068.1,4073.9
2021-04-07,4074.3,4083.1,4068.3,4079.9
2021-04-08,4089.9,4098.2,4082.5,4097.2
2021-04-09,4096.1,4129.5,4095.5,4128.8
2021-04-12,4124.7,4131.8,4114.8,4128.0
2021-04-13,4130.1,4148.0,4124.4,4141.6
2021-04-14,4141.6,4151.7,4120.9,4124.7
2021-04-15,4139.8,4173.5,4139.8,4170.4
2021-04-16,4174.1,4191.3,4170.8,4185.5
2021-04-19,4179.8,4180.8,4150.5,4163.3
2021-04-20,4159.2,4159.2,4118.4,4134.9
2021-04-21,4128.4,4175.0,4126.4,4173.4
2021-04-22,4170.5,4179.6,4123.7,4135.0
2021-04-23,4138.8,4194.2,4138.8,4180.2
2021-04-26,4185.0,4194.2,4182.4,4187.6
2021-04-27,4188.2,4193.4,4176.2,4186.7
2021-04-28,4185.1,4201.5,4181.8,4183.2
2021-04-29,4206.1,4218.8,4176.8,4211.5
2021-04-30,4198.1,4198.1,4174.9,4181.2
2021-05-03,4192.0,4209.4,4188.0,4192.7
2021-05-04,4179.0,4179.0,4128.6,4164.7
2021-05-05,4177.1,4187.7,4160.9,4167.6
2021-05-06,4169.1,4202.7,4147.3,4201.6
2021-05-07,4210.3,4238.0,4201.6,4232.6
2021-05-10,4228.3,4236.4,4188.1,4188.4
2021-05-11,4150.3,4162.0,4111.5,4152.1
2021-05-12,4130.6,4134.7,4056.9,4063.0
2021-05-13,4075.0,4131.6,4075.0,4112.5
2021-05-14,4129.6,4183.1,4129.6,4173.9
2021-05-17,4169.9,4171.9,4142.7,4163.3
2021-05-18,4165.9,4169.1,4126.0,4127.8
2021-05-19,4098.4,4116.9,4061.4,4115.7
2021-05-20,4122.0,4172.8,4122.0,4159.1
2021-05-21,4168.6,4188.7,4151.7,4155.9
2021-05-24,4170.2,4209.5,4170.2,4197.1
2021-05-25,4205.9,4213.4,4182.5,4188.1
2021-05-26,4191.6,4202.6,4184.1,4196.0
2021-05-27,4201.9,4213.4,4197.8,4200.9
2021-05-28,4210.8,4218.4,4203.6,4204.1
2021-06-01,4216.5,4234.1,4197.6,4202.0
2021-06-02,4206.8,4217.4,4198.3,4208.1
2021-06-03,4191.4,4204.4,4167.9,4192.9
2021-06-04,4206.1,4233.4,4206.1,4229.9
2021-06-07,4229.3,4232.3,4215.7,4226.5
2021-06-08,4233.8,4236.7,4208.4,4227.3
2021-06-09,4233.0,4237.1,4218.7,4219.6
2021-06-10,4228.6,4249.7,4220.3,4239.2
2021-06-11,4242.9,4248.4,4232.2,4247.4
2021-06-14,4248.3,4255.6,4234.1,4255.1
2021-06-15,4255.3,4257.2,4238.4,4246.6
2021-06-16,4248.9,4251.9,4202.4,4223.7
2021-06-17,4220.4,4232.3,4196.1,4221.9
2021-06-18,4204.8,4204.8,4164.4,4166.4
2021-06-21,4173.4,4226.2,4173.4,4224.8
2021-06-22,4224.6,4255.8,4217.3,4246.4
2021-06-23,4249.3,4256.6,4241.4,4241.8
2021-06-24,4257.0,4271.3,4257.0,4266.5
2021-06-25,4274.4,4286.1,4271.2,4280.7
2021-06-28,4284.9,4292.1,4274.7,4290.6
2021-06-29,4293.2,4300.5,4287.0,4291.8
2021-06-30,4290.6,4302.4,4288.0,4297.5
2021-07-01,4300.7,4320.7,4300.7,4319.9
2021-07-02,4326.6,4355.4,4326.6,4352.3
2021-07-06,4356.5,4356.5,4314.4,4343.5
2021-07-07,4351.0,4361.9,4329.8,4358.1
2021-07-08,4321.1,4330.9,4289.4,4320.8
2021-07-09,4329.4,4371.6,4329.4,4369.6
2021-07-12,4372.4,4386.7,4364.0,4384.6
2021-07-13,4381.1,4392.4,4366.9,4369.2
2021-07-14,4380.1,4393.7,4362.4,4374.3
2021-07-15,4369.0,4369.0,4340.7,4360.0
2021-07-16,4367.4,4375.1,4322.5,4327.2
2021-07-19,4296.4,4296.4,4233.1,4258.5
2021-07-20,4265.1,4336.8,4262.1,4323.1
2021-07-21,4331.1,4359.7,4331.1,4358.7
2021-07-22,4361.3,4369.9,4350.1,4367.5
2021-07-23,4381.2,4415.2,4381.2,4411.8
2021-07-26,4409.6,4422.7,4405.4,4422.3
2021-07-27,4416.4,4416.4,4372.5,4401.5
2021-07-28,4402.9,4415.5,4387.0,4400.6
2021-07-29,4403.6,4430.0,4403.6,4419.1
2021-07-30,4395.1,4412.2,4389.6,4395.3
2021-08-02,4406.9,4422.2,4384.8,4387.2
2021-08-03,4392.7,4423.8,4373.0,4423.1
2021-08-04,4415.9,4416.2,4400.2,4402.7
2021-08-05,4408.9,4429.8,4408.9,4429.1
2021-08-06,4429.1,4440.8,4429.1,4436.5
2021-08-09,4437.8,4439.4,4424.7,4432.4
2021-08-10,4435.8,4445.2,4430.0,4436.8
2021-08-11,4442.2,4449.4,4436.4,4447.7
2021-08-12,4446.1,4461.8,4436.0,4460.8
2021-08-13,4464.8,4468.4,4460.8,4468.0
2021-08-16,4461.6,4480.3,4437.7,4479.7
2021-08-17,4462.1,4462.1,4417.8,4448.1
2021-08-18,4440.9,4454.3,4397.6,4400.3
2021-08-19,4382.4,4418.6,4367.7,4405.8
2021-08-20,4410.6,4444.4,4406.8,4441.7
2021-08-23,4450.3,4489.9,4450.3,4479.5
2021-08-24,4484.4,4492.8,4482.3,4486.2
2021-08-25,4490.4,4501.7,4485.7,4496.2
2021-08-26,4493.8,4495.9,4469.0,4470.0
2021-08-27,4474.1,4513.3,4474.1,4509.4
2021-08-30,4513.8,4537.4,4513.8,4528.8
2021-08-31,4529.8,4531.4,4515.8,4522.7
2021-09-01,4528.8,4537.1,4522.0,4524.1
2021-09-02,4534.5,4545.9,4524.7,4536.9
2021-09-03,4532.4,4541.4,4521.3,4535.4
2021-09-07,4535.4,4535.4,4513.0,4520.0
2021-09-08,4518.1,4521.8,4493.9,4514.1
2021-09-09,4513.0,4529.9,4492.1,4493.3
2021-09-10,4506.9,4520.5,4457.7,4458.6
2021-09-13,4474.8,4493.0,4445.7,4468.7
2021-09-14,4479.3,4485.7,4435.5,4443.1
2021-09-15,4447.5,4486.9,4438.4,4480.7
2021-09-16,4477.1,4485.9,4443.8,4473.8
2021-09-17,4469.7,4471.5,4427.8,4433.0
2021-09-20,4402.9,4402.9,4305.9,4357.7
2021-09-21,4374.4,4394.9,4348.0,4354.2
2021-09-22,4367.4,4416.8,4367.4,4395.6
2021-09-23,4406.8,4465.4,4406.8,4449.0
2021-09-24,4438.0,4463.1,4430.3,4455.5
2021-09-27,4442.1,4457.3,4436.2,4443.1
2021-09-28,4419.5,4419.5,4346.3,4352.6
2021-09-29,4362.4,4385.6,4355.1,4359.5
2021-09-30,4370.7,4382.6,4306.2,4307.5
2021-10-01,4317.2,4375.2,4288.5,4357.0
2021-10-04,4348.8,4355.5,4278.9,4300.5
2021-10-05,4309.9,4369.2,4309.9,4345.7
2021-10-06,4319.6,4365.6,4290.5,4363.6
2021-10-07,4383.7,4430.0,4383.7,4399.8
2021-10-08,4406.5,4412.0,4386.2,4391.3
2021-10-11,4385.4,4415.9,4360.6,4361.2
2021-10-12,4368.3,4374.9,4342.1,4350.6
2021-10-13,4358.0,4372.9,4329.9,4363.8
2021-10-14,4386.8,4439.7,4386.8,4438.3
2021-10-15,4447.7,4475.8,4447.7,4471.4
2021-10-18,4463.7,4488.8,4447.5,4486.5
2021-10-19,4497.3,4520.4,4496.4,4519.6
2021-10-20,4524.4,4540.9,4524.4,4536.2
2021-10-21,4532.2,4551.4,4526.9,4549.8
2021-10-22,4546.1,4559.7,4524.0,4544.9
2021-10-25,4553.7,4572.6,4537.4,4566.5
2021-10-26,4578.7,4598.5,4569.2,4574.8
2021-10-27,4580.2,4584.6,4551.7,4551.7
2021-10-28,4562.8,4597.6,4562.8,4596.4
2021-10-29,4572.9,4608.1,4567.6,4605.4
2021-11-01,4610.6,4620.3,4595.1,4613.7
2021-11-02,4613.3,4635.1,4613.3,4630.6
2021-11-03,4630.6,4663.5,4621.2,4660.6
2021-11-04,4662.9,4683.0,4662.6,4680.1
2021-11-05,4699.3,4718.5,4681.3,4697.5
2021-11-08,4701.5,4714.9,4694.4,4701.7
2021-11-09,4707.2,4708.5,4670.9,4685.2
2021-11-10,4670.3,4684.9,4630.9,4646.7
2021-11-11,4659.4,4664.6,4648.3,4649.3
2021-11-12,4655.2,4688.5,4650.8,4682.9
2021-11-15,4689.3,4697.4,4672.9,4682.8
2021-11-16,4679.4,4714.9,4679.4,4700.9
2021-11-17,4701.5,4701.5,4684.4,4688.7
2021-11-18,4700.7,4708.8,4672.8,4704.5
2021-11-19,4708.4,4717.8,4694.2,4698.0
2021-11-22,4712.0,4743.8,4682.2,4682.9
2021-11-23,4678.5,4699.4,4652.7,4690.7
2021-11-24,4675.8,4702.9,4659.9,4701.5
2021-11-26,4664.6,4664.6,4585.4,4594.6
2021-11-29,4628.8,4672.9,4625.3,4655.3
2021-11-30,4640.2,4646.0,4560.0,4567.0
2021-12-01,4602.8,4652.9,4510.3,4513.0
2021-12-02,4504.7,4595.5,4504.7,4577.1
2021-12-03,4589.5,4608.0,4495.1,4538.4
2021-12-06,4548.4,4612.6,4540.5,4591.7
2021-12-07,4632.0,4694.0,4632.0,4686.8
2021-12-08,4690.9,4705.1,4674.5,4701.2
2021-12-09,4691.0,4695.3,4666.0,4667.4
2021-12-10,4687.6,4713.6,4670.2,4712.0
2021-12-13,4710.3,4710.3,4667.6,4669.0
2021-12-14,4643.0,4660.5,4606.5,4634.1
2021-12-15,4636.5,4712.6,4611.2,4709.9
2021-12-16,4719.1,4732.0,4651.9,4668.7
2021-12-17,4652.5,4666.7,4600.2,4620.6
2021-12-20,4587.9,4587.9,4531.1,4568.0
2021-12-21,4595.0,4651.1,4583.2,4649.2
2021-12-22,4650.4,4697.7,4645.5,4696.6
2021-12-23,4704.0,4740.7,4704.0,4725.8
2021-12-27,4734.0,4791.5,4734.0,4791.2
2021-12-28,4795.5,4807.0,4780.0,4786.4
2021-12-29,4788.6,4804.1,4778.1,4793.1
2021-12-30,4794.2,4808.9,4775.3,4778.7
2021-12-31,4775.2,4786.8,4765.8,4766.2
2022-01-03,4778.1,4796.6,4758.2,4796.6
2022-01-04,4804.5,4818.6,4774.3,4793.5
2022-01-05,4788.0,4797.7,4699.4,4700.6
2022-01-06,4693.4,4725.0,4671.3,4696.1
2022-01-07,4697.7,4707.9,4662.7,4677.0
2022-01-10,4655.3,4673.0,4582.2,4670.3
2022-01-11,4669.1,4714.1,4638.3,4713.1
2022-01-12,4728.6,4748.8,4706.7,4726.4
2022-01-13,4733.6,4744.1,4650.3,4659.0
2022-01-14,4638.0,4665.1,4614.8,4662.9
2022-01-18,4632.2,4632.2,4568.7,4577.1
2022-01-19,4588.0,4611.6,4530.2,4532.8
2022-01-20,4547.4,4602.1,4477.9,4482.7
2022-01-21,4471.4,4494.5,4395.3,4397.9
2022-01-24,4356.3,4417.4,4222.6,4410.1
2022-01-25,4366.6,4411.0,4287.1,4356.4
2022-01-26,4408.4,4453.2,4304.8,4349.9
2022-01-27,4380.6,4428.7,4309.5,4326.5
2022-01-28,4336.2,4432.7,4292.5,4431.9
2022-01-31,4431.8,4516.9,4414.0,4515.6
2022-02-01,4519.6,4550.5,4483.5,4546.5
2022-02-02,4566.4,4595.3,4544.3,4589.4
2022-02-03,4535.4,4542.9,4470.4,4477.4
2022-02-04,4482.8,4539.7,4451.5,4500.5
2022-02-07,4505.8,4521.9,4471.5,4483.9
2022-02-08,4480.0,4531.3,4465.4,4521.5
2022-02-09,4547.0,4590.0,4547.0,4587.2
2022-02-10,4553.2,4588.9,4484.3,4504.1
2022-02-11,4506.27,4526.33,4401.41,4418.64
2022-02-14,4412.61,4426.22,4364.84,4401.67
2022-02-15,4429.28,4472.77,4429.28,4471.07
2022-02-16,4455.75,4489.55,4429.68,4475.01
2022-02-17,4456.06,4456.06,4373.81,4380.26
2022-02-18,4384.57,4394.6,4327.22,4348.87
2022-02-22,4332.74,4362.12,4267.11,4304.76
2022-02-23,4324.93,4341.51,4221.51,4225.5
2022-02-24,4155.77,4294.73,4114.65,4288.7
2022-02-25,4298.38,4385.34,4286.83,4384.65
2022-02-28,4354.17,4388.84,4315.12,4373.94
2022-03-01,4363.14,4378.45,4279.54,4306.26
2022-03-02,4322.56,4401.48,4322.56,4386.54
2022-03-03,4401.31,4416.78,4345.56,4363.49
2022-03-04,4342.12,4342.12,4284.98,4328.87
2022-03-07,4327.01,4327.01,4199.85,4201.09
2022-03-08,4202.66,4276.94,4157.87,4170.7
2022-03-09,4223.1,4299.4,4223.1,4277.88
2022-03-10,4252.55,4268.28,4209.8,4259.52
2022-03-11,4279.5,4291.01,4200.49,4204.31
2022-03-14,4202.75,4247.57,4161.72,4173.11
2022-03-15,4188.82,4271.05,4187.9,4262.45
2022-03-16,4288.14,4358.9,4251.99,4357.86
2022-03-17,4345.11,4412.67,4335.65,4411.67
2022-03-18,4407.34,4465.4,4390.57,4463.12
2022-03-21,4462.4,4481.75,4424.3,4461.18
2022-03-22,4469.1,4522.0,4469.1,4511.61
2022-03-23,4493.1,4501.07,4455.81,4456.24
2022-03-24,4469.98,4520.58,4465.17,4520.16
2022-03-25,4522.91,4546.03,4501.07,4543.06
2022-03-28,4541.09,4575.65,4517.69,4575.52
2022-03-29,4602.86,4637.3,4589.66,4631.6
2022-03-30,4624.2,4627.77,4581.32,4602.45
2022-03-31,4599.02,4603.07,4530.41,4530.41
2022-04-01,4540.32,4548.7,4507.57,4545.86
2022-04-04,4547.97,4583.5,4539.21,4582.64
2022-04-05,4572.45,4593.45,4514.17,4525.12
2022-04-06,4494.17,4503.94,4450.04,4481.15
2022-04-07,4474.65,4521.16,4450.3,4500.21
2022-04-08,4494.15,4520.41,4474.6,4488.28
2022-04-11,4462.64,4464.35,4408.38,4412.53
2022-04-12,4437.59,4471.0,4381.34,4397.45
2022-04-13,4394.3,4453.92,4392.7,4446.59
2022-04-14,4449.12,4460.46,4390.77,4392.59
2022-04-18,4385.63,4410.31,4370.3,4391.69
2022-04-19,4390.63,4471.03,4390.63,4462.21
2022-04-20,4472.26,4488.29,4448.76,4459.45
2022-04-21,4489.17,4512.94,4384.47,4393.66
2022-04-22,4385.83,4385.83,4267.62,4271.78
2022-04-25,4255.34,4299.02,4200.82,4296.12
2022-04-26,4278.14,4278.14,4175.04,4175.2
2022-04-27,4186.52,4240.71,4162.9,4183.96
2022-04-28,4222.58,4308.45,4188.63,4287.5
2022-04-29,4253.75,4269.68,4124.28,4131.93
2022-05-02,4130.61,4169.81,4062.51,4155.38
2022-05-03,4159.78,4200.1,4147.08,4175.48
2022-05-04,4181.18,4307.66,4148.91,4300.17
2022-05-05,4270.43,4270.43,4106.01,4146.87
2022-05-06,4128.17,4157.69,4067.91,4123.34
2022-05-09,4081.27,4081.27,3975.48,3991.24
2022-05-10,4035.18,4068.82,3958.17,4001.05
2022-05-11,3990.08,4049.09,3928.82,3935.18
2022-05-12,3903.95,3964.8,3858.87,3930.08
2022-05-13,3963.9,4038.88,3963.9,4023.89
2022-05-16,4013.02,4046.46,3983.99,4008.01
2022-05-17,4052.0,4090.72,4033.93,4088.85
2022-05-18,4051.98,4051.98,3911.91,3923.68
2022-05-19,3899.0,3945.96,3876.58,3900.79
2022-05-20,3927.76,3943.42,3810.32,3901.36
2022-05-23,3919.42,3981.88,3909.04,3973.75
2022-05-24,3942.94,3955.68,3875.13,3941.48
2022-05-25,3929.59,3999.33,3925.03,3978.73
2022-05-26,3984.6,4075.14,3984.6,4057.84
2022-05-27,4077.43,4158.49,4077.43,4158.24
2022-05-31,4151.09,4168.34,4104.88,4132.15
2022-06-01,4149.78,4166.54,4073.85,4101.23
2022-06-02,4095.41,4177.51,4074.37,4176.82
2022-06-03,4137.57,4142.67,4098.67,4108.54
2022-06-06,4134.72,4168.78,4109.18,4121.43
2022-06-07,4096.47,4164.86,4080.19,4160.68
2022-06-08,4147.12,4160.14,4107.2,4115.77
2022-06-09,4101.65,4119.1,4017.17,4017.82
2022-06-10,3974.39,3974.39,3900.16,3900.86
2022-06-13,3838.15,3838.15,3734.3,3749.63
2022-06-14,3763.52,3778.18,3705.68,3735.48
2022-06-15,3764.05,3837.56,3722.3,3789.99
2022-06-16,3728.18,3728.18,3639.77,3666.77
2022-06-17,3665.9,3707.71,3636.87,3674.84
2022-06-21,3715.31,3779.65,3715.31,3764.79
2022-06-22,3733.89,3801.79,3717.69,3759.89
2022-06-23,3774.71,3802.58,3743.52,3795.73
2022-06-24,3821.75,3913.65,3821.75,3911.74
2022-06-27,3920.76,3927.72,3889.66,3900.11
2022-06-28,3913.0,3945.86,3820.14,3821.55
2022-06-29,3825.09,3836.5,3799.02,3818.83
2022-06-30,3785.99,3818.99,3738.67,3785.38
2022-07-01,3781.0,3829.82,3752.1,3825.33
2022-07-05,3792.61,3832.19,3742.06,3831.39
2022-07-06,3831.98,3870.91,3809.37,3845.08
2022-07-07,3858.85,3910.63,3858.85,3902.62
2022-07-08,3888.26,3918.5,3869.34,3899.38
2022-07-11,3880.94,3880.94,3847.22,3854.43
2022-07-12,3851.95,3873.41,3802.36,3818.8
2022-07-13,3779.67,3829.44,3759.07,3801.78
2022-07-14,3763.99,3796.41,3721.56,3790.38
2022-07-15,3818.0,3863.62,3817.18,3863.16
2022-07-18,3883.79,3902.44,3818.63,3830.85
2022-07-19,3860.73,3939.81,3860.73,3936.69
2022-07-20,3935.32,3974.13,3922.03,3959.9
2022-07-21,3955.47,3999.29,3927.64,3998.95
2022-07-22,3998.43,4012.44,3938.86,3961.63
2022-07-25,3965.72,3975.3,3943.46,3966.84
2022-07-26,3953.22,3953.22,3910.74,3921.05
2022-07-27,3951.43,4039.56,3951.43,4023.61
2022-07-28,4026.13,4078.95,3992.97,4072.43
2022-07-29,4087.33,4140.15,4079.22,4130.29
2022-08-01,4112.38,4144.95,4096.02,4118.63
2022-08-02,4104.21,4140.47,4079.81,4091.19
2022-08-03,4107.96,4167.66,4107.96,4155.17
2022-08-04,4154.85,4161.29,4135.42,4151.94
2022-08-05,4115.87,4151.58,4107.31,4145.19
2022-08-08,4155.93,4186.62,4128.97,4140.06
2022-08-09,4133.11,4137.3,4112.09,4122.47
2022-08-10,4181.02,4211.03,4177.26,4210.24
2022-08-11,4227.4,4257.91,4201.41,4207.27
2022-08-12,4225.02,4280.47,4219.78,4280.15
2022-08-15,4269.37,4301.79,4256.9,4297.14
2022-08-16,4290.46,4325.28,4277.77,4305.2
2022-08-17,4280.4,4302.18,4253.08,4274.04
2022-08-18,4273.13,4292.53,4261.98,4283.74
2022-08-19,4266.31,4266.31,4218.7,4228.48
2022-08-22,4195.08,4195.08,4129.86,4137.99
2022-08-23,4133.09,4159.77,4124.03,4128.73
2022-08-24,4126.55,4156.56,4119.97,4140.77
2022-08-25,4153.26,4200.54,4147.59,4199.12
2022-08-26,4198.74,4203.04,4057.66,4057.66
2022-08-29,4034.58,4062.99,4017.42,4030.61
2022-08-30,4041.25,4044.98,3965.21,3986.16
2022-08-31,4000.67,4015.37,3954.53,3955.0
2022-09-01,3936.73,3970.23,3903.65,3966.85
2022-09-02,3994.66,4018.43,3906.21,3924.26
2022-09-06,3930.89,3942.55,3886.75,3908.19
2022-09-07,3909.43,3987.89,3906.03,3979.87
2022-09-08,3959.94,4010.5,3944.81,4006.18
2022-09-09,4022.94,4076.81,4022.94,4067.36
2022-09-12,4083.67,4119.28,4083.67,4110.41
2022-09-13,4037.12,4037.12,3921.28,3932.69
2022-09-14,3940.73,3961.94,3912.18,3946.01
2022-09-15,3932.41,3959.14,3888.28,3901.35
2022-09-16,3880.95,3880.95,3837.08,3873.33
2022-09-19,3849.91,3900.45,3838.5,3899.89
2022-09-20,3875.23,3876.01,3827.54,3855.93
2022-09-21,3871.4,3907.07,3789.49,3789.93
2022-09-22,3782.36,3790.9,3749.45,3757.99
2022-09-23,3727.14,3727.14,3647.47,3693.23
2022-09-26,3682.72,3715.67,3644.76,3655.04
2022-09-27,3686.44,3717.53,3623.29,3647.29
2022-09-28,3651.94,3736.74,3640.61,3719.04
2022-09-29,3687.01,3687.01,3610.4,3640.47
2022-09-30,3633.48,3671.44,3584.13,3585.62
2022-10-03,3609.78,3698.35,3604.93,3678.43
2022-10-04,3726.46,3791.92,3726.46,3790.93
2022-10-05,3753.25,3806.91,3722.66,3783.28
2022-10-06,3771.97,3797.93,3739.22,3744.52
2022-10-07,3706.74,3706.74,3620.73,3639.66
2022-10-10,3647.51,3652.17,3588.1,3612.39
2022-10-11,3595.86,3640.66,3568.45,3588.84
2022-10-12,3590.83,3608.34,3573.86,3577.03
2022-10-13,3520.37,3685.41,3491.58,3669.91
2022-10-14,3690.41,3712.0,3579.68,3583.07
2022-10-17,3638.65,3689.73,3638.65,3677.95
2022-10-18,3746.26,3762.79,3686.53,3719.98
2022-10-19,3703.11,3728.58,3666.51,3695.16
2022-10-20,3689.05,3736.0,3656.44,3665.78
2022-10-21,3657.1,3757.89,3647.42,3752.75
2022-10-24,3762.01,3810.74,3741.65,3797.34
2022-10-25,3799.44,3862.85,3799.44,3859.11
2022-10-26,3825.97,3886.15,3824.07,3830.6
2022-10-27,3834.69,3859.95,3803.79,3807.3
2022-10-28,3808.26,3905.42,3808.26,3901.06
2022-10-31,3881.85,3893.73,3863.18,3871.98
2022-11-01,3901.79,3911.79,3843.8,3856.1
2022-11-02,3852.9,3894.44,3758.68,3759.69
2022-11-03,3733.25,3750.59,3698.15,3719.89
2022-11-04,3766.98,3796.34,3708.84,3770.55
2022-11-07,3780.71,3813.95,3764.7,3806.8
2022-11-08,3817.02,3859.4,3786.28,3828.11
2022-11-09,3810.94,3818.2,3744.22,3748.57
2022-11-10,3859.89,3958.33,3859.89,3956.37
2022-11-11,3963.72,4001.48,3944.82,3992.93
2022-11-14,3977.97,4008.97,3956.4,3957.25
2022-11-15,4006.41,4028.84,3953.17,3991.73
2022-11-16,3976.82,3983.09,3954.34,3958.79
2022-11-17,3919.26,3954.33,3906.54,3946.56
2022-11-18,3966.39,3979.89,3935.98,3965.34
2022-11-21,3956.23,3962.0,3933.34,3949.94
2022-11-22,3965.51,4005.88,3956.88,4003.58
2022-11-23,4000.3,4033.78,3998.66,4027.26
2022-11-25,4023.34,4034.02,4020.76,4026.12
2022-11-28,4005.36,4012.27,3955.77,3963.94
2022-11-29,3964.19,3976.77,3937.65,3957.63
2022-11-30,3957.18,4080.11,3938.58,4080.11
2022-12-01,4087.14,4100.51,4050.87,4076.57
2022-12-02,4040.17,4080.48,4026.63,4071.7
2022-12-05,4052.02,4052.45,3984.49,3998.84
2022-12-06,3996.63,4001.51,3918.39,3941.26
2022-12-07,3933.28,3957.57,3922.68,3933.92
2022-12-08,3947.79,3974.19,3935.83,3963.51
2022-12-09,3954.17,3977.02,3933.04,3934.38
2022-12-12,3939.29,3990.71,3935.3,3990.56
2022-12-13,4069.38,4100.96,3993.03,4019.65
2022-12-14,4015.54,4053.76,3965.65,3995.32
2022-12-15,3958.37,3958.37,3879.45,3895.75
2022-12-16,3890.91,3890.91,3827.91,3852.36
2022-12-19,3853.79,3854.86,3800.04,3817.66
2022-12-20,3810.47,3838.24,3795.62,3821.62
2022-12-21,3839.49,3889.82,3839.49,3878.44
2022-12-22,3853.26,3853.26,3764.49,3822.39
2022-12-23,3815.11,3845.8,3797.01,3844.82
2022-12-27,3843.34,3846.65,3813.22,3829.25
2022-12-28,3829.56,3848.32,3780.78,3783.22
2022-12-29,3805.45,3858.19,3805.45,3849.28
2022-12-30,3829.06,3839.85,3800.34,3839.5
2023-01-03,3853.29,3878.46,3794.33,3824.14
2023-01-04,3840.36,3873.16,3815.77,3852.97
2023-01-05,3839.74,3839.74,3802.42,3808.1
2023-01-06,3823.37,3906.19,3809.56,3895.08
2023-01-09,3910.82,3950.57,3890.42,3892.09
2023-01-10,3888.57,3919.83,3877.29,3919.25
2023-01-11,3932.35,3970.07,3928.54,3969.61
2023-01-12,3977.57,3997.76,3937.56,3983.17
2023-01-13,3960.6,4003.95,3947.67,3999.09
2023-01-17,3999.28,4015.39,3984.57,3990.97
2023-01-18,4002.25,4014.16,3926.59,3928.86
2023-01-19,3911.84,3922.94,3885.54,3898.85
2023-01-20,3909.04,3972.96,3897.86,3972.61
2023-01-23,3978.14,4039.31,3971.64,4019.81
2023-01-24,4001.74,4023.92,3989.79,4016.95
2023-01-25,3982.71,4019.55,3949.06,4016.22
2023-01-26,4036.08,4061.57,4013.29,4060.43
2023-01-27,4053.72,4094.21,4048.7,4070.56
2023-01-30,4049.27,4063.85,4015.55,4017.77
2023-01-31,4020.85,4077.16,4020.44,4076.6
2023-02-01,4070.07,4148.95,4037.2,4119.21
2023-02-02,4158.68,4195.44,4141.88,4179.76
2023-02-03,4136.69,4182.36,4123.36,4136.48
2023-02-06,4119.57,4124.63,4093.38,4111.08
2023-02-07,4105.35,4176.54,4088.39,4164.0
2023-02-08,4153.47,4156.85,4111.67,4117.86
2023-02-09,4144.25,4156.23,4069.67,4081.5
2023-02-10,4068.92,4094.36,4060.79,4090.46
2023-02-13,4096.62,4138.9,4092.67,4137.29
2023-02-14,4126.7,4159.77,4095.01,4136.13
2023-02-15,4119.5,4148.11,4103.98,4147.6
2023-02-16,4114.75,4136.54,4089.49,4090.41
2023-02-17,4077.39,4081.51,4047.95,4079.09
2023-02-21,4052.35,4052.35,3995.19,3997.34
2023-02-22,4001.83,4017.37,3976.9,3991.05
2023-02-23,4018.6,4028.3,3969.19,4012.32
2023-02-24,3973.24,3978.25,3943.08,3970.04
2023-02-27,3992.36,4018.05,3973.55,3982.24
2023-02-28,3977.19,3997.5,3968.98,3970.15
2023-03-01,3963.34,3971.73,3939.05,3951.39
2023-03-02,3938.68,3990.84,3928.16,3981.35
2023-03-03,3998.02,4048.29,3995.17,4045.64
2023-03-06,4055.15,4078.49,4044.61,4048.42
2023-03-07,4048.26,4050.0,3980.31,3986.37
2023-03-08,3987.55,4000.41,3969.76,3992.01
2023-03-09,3998.66,4017.81,3908.7,3918.32
2023-03-10,3912.77,3934.05,3846.32,3861.59
2023-03-13,3835.12,3905.05,3808.86,3855.76
2023-03-14,3894.01,3937.29,3873.63,3919.29
2023-03-15,3876.74,3894.26,3838.24,3891.93
2023-03-16,3878.93,3964.46,3864.11,3960.28
2023-03-17,3958.69,3958.91,3901.27,3916.64
2023-03-20,3917.47,3956.62,3916.89,3951.57
2023-03-21,3975.89,4009.08,3971.19,4002.87
2023-03-22,4002.04,4039.49,3936.17,3936.97
2023-03-23,3959.21,4007.66,3919.05,3948.72
2023-03-24,3939.21,3972.74,3909.16,3970.99
2023-03-27,3982.93,4003.83,3970.49,3977.53
2023-03-28,3974.13,3979.2,3951.53,3971.27
2023-03-29,3999.53,4030.59,3999.53,4027.81
2023-03-30,4046.74,4057.85,4032.1,4050.83
2023-03-31,4056.18,4110.75,4056.18,4109.31
2023-04-03,4102.2,4127.66,4098.79,4124.51
2023-04-04,4128.03,4133.13,4086.87,4100.6
2023-04-05,4094.5,4099.69,4072.56,4090.38
2023-04-06,4081.15,4107.32,4069.84,4105.02
2023-04-10,4085.2,4109.5,4072.55,4109.11
2023-04-11,4110.29,4124.26,4102.61,4108.94
2023-04-12,4121.72,4134.37,4086.94,4091.95
2023-04-13,4100.04,4150.26,4099.4,4146.22
2023-04-14,4140.11,4163.19,4113.2,4137.64
2023-04-17,4137.17,4151.72,4123.18,4151.32
2023-04-18,4164.26,4169.48,4140.36,4154.87
2023-04-19,4139.33,4162.57,4134.49,4154.52
2023-04-20,4130.48,4148.57,4114.57,4129.79
2023-04-21,4132.14,4138.02,4113.86,4133.52
2023-04-24,4132.07,4142.41,4117.77,4137.04
2023-04-25,4126.43,4126.43,4071.38,4071.63
2023-04-26,4087.78,4089.67,4049.35,4055.99
2023-04-27,4075.29,4138.24,4075.29,4135.35
2023-04-28,4129.63,4170.06,4127.18,4169.48
2023-05-01,4166.79,4186.92,4164.12,4167.87
2023-05-02,4164.1,4164.1,4089.72,4119.58
2023-05-03,4122.25,4148.3,4088.86,4090.75
2023-05-04,4082.55,4082.61,4048.28,4061.22
2023-05-05,4084.73,4147.02,4084.73,4136.25
2023-05-08,4136.98,4142.3,4123.81,4138.12
2023-05-09,4124.25,4130.35,4116.65,4119.17
2023-05-10,4143.74,4154.28,4098.92,4137.64
2023-05-11,4132.24,4132.8,4109.29,4130.62
2023-05-12,4138.54,4143.74,4099.12,4124.08
2023-05-15,4126.65,4141.25,4110.27,4136.28
2023-05-16,4127.95,4135.54,4109.86,4109.9
2023-05-17,4122.85,4164.67,4113.62,4158.77
2023-05-18,4157.68,4202.2,4153.5,4198.05
2023-05-19,4204.15,4212.91,4180.2,4191.98
2023-05-22,4190.78,4209.22,4179.68,4192.63
2023-05-23,4176.8,4185.68,4142.54,4145.58
2023-05-24,4132.96,4132.96,4103.98,4115.24
2023-05-25,4155.71,4165.74,4129.73,4151.28
2023-05-26,4156.16,4212.87,4156.16,4205.45
2023-05-30,4226.71,4231.1,4192.18,4205.52
2023-05-31,4190.74,4195.44,4166.15,4179.83
2023-06-01,4183.03,4232.43,4171.64,4221.02
2023-06-02,4241.01,4290.67,4241.01,4282.37
2023-06-05,4282.99,4299.28,4266.82,4273.79
2023-06-06,4271.34,4288.33,4263.09,4283.85
2023-06-07,4285.47,4299.19,4263.96,4267.52
2023-06-08,4268.69,4298.01,4261.07,4293.93
2023-06-09,4304.88,4322.62,4291.7,4298.86
2023-06-12,4308.32,4340.13,4304.37,4338.93
2023-06-13,4352.61,4375.37,4349.31,4369.01
2023-06-14,4366.29,4391.82,4337.85,4372.59
2023-06-15,4365.33,4439.2,4362.6,4425.84
2023-06-16,4440.95,4448.47,4407.44,4409.59
2023-06-20,4396.11,4400.15,4367.19,4388.71
2023-06-21,4380.01,4386.22,4360.14,4365.69
2023-06-22,4355.4,4382.25,4351.82,4381.89
2023-06-23,4354.17,4366.55,4341.34,4348.33
2023-06-26,4344.84,4362.06,4328.08,4328.82
2023-06-27,4337.36,4384.42,4335.0,4378.41
2023-06-28,4367.48,4390.35,4360.22,4376.86
2023-06-29,4374.94,4398.39,4371.97,4396.44
2023-06-30,4422.44,4458.48,4422.44,4450.38
2023-07-03,4450.48,4456.46,4442.29,4455.59
2023-07-05,4442.04,4454.06,4436.61,4446.82
2023-07-06,4422.62,4422.62,4385.05,4411.59
2023-07-07,4404.54,4440.39,4397.4,4398.95
2023-07-10,4394.23,4412.6,4389.92,4409.53
2023-07-11,4415.55,4443.64,4408.46,4439.26
2023-07-12,4467.69,4488.34,4463.23,4472.16
2023-07-13,4491.5,4517.38,4489.36,4510.04
2023-07-14,4514.61,4527.76,4499.56,4505.42
2023-07-17,4508.86,4532.85,4504.9,4522.79
2023-07-18,4521.78,4562.3,4514.59,4554.98
2023-07-19,4563.87,4578.43,4557.48,4565.72
2023-07-20,4554.38,4564.74,4527.56,4534.87
2023-07-21,4550.16,4555.0,4535.79,4536.34
2023-07-24,4543.39,4563.41,4541.29,4554.64
2023-07-25,4555.19,4580.62,4552.42,4567.46
2023-07-26,4558.96,4582.47,4547.58,4566.75
2023-07-27,4598.26,4607.07,4528.56,4537.41
2023-07-28,4565.75,4590.16,4564.01,4582.23
2023-07-31,4584.82,4594.22,4573.14,4588.96
2023-08-01,4578.83,4584.62,4567.53,4576.73
2023-08-02,4550.93,4550.93,4505.75,4513.39
2023-08-03,4494.27,4519.49,4485.54,4501.89
2023-08-04,4513.96,4540.34,4474.55,4478.03
2023-08-07,4491.58,4519.84,4491.15,4518.44
2023-08-08,4498.03,4503.31,4464.39,4499.38
2023-08-09,4501.57,4502.44,4461.33,4467.71
2023-08-10,4487.16,4527.37,4457.92,4468.83
2023-08-11,4450.69,4476.23,4443.98,4464.05
2023-08-14,4458.13,4490.33,4453.44,4489.72
2023-08-15,4478.87,4478.87,4432.19,4437.86
2023-08-16,4433.79,4449.95,4403.55,4404.33
2023-08-17,4416.32,4421.17,4364.83,4370.36
2023-08-18,4344.88,4381.82,4335.31,4369.71
2023-08-21,4380.28,4407.55,4360.3,4399.77
2023-08-22,4415.33,4418.59,4382.77,4387.55
2023-08-23,4396.44,4443.18,4396.44,4436.01
2023-08-24,4455.16,4458.3,4375.55,4376.31
2023-08-25,4389.38,4418.46,4356.29,4405.71
2023-08-28,4426.03,4439.56,4414.98,4433.31
2023-08-29,4432.75,4500.14,4431.68,4497.63
2023-08-30,4500.34,4521.65,4493.59,4514.87
2023-08-31,4517.01,4532.26,4507.39,4507.66
2023-09-01,4530.6,4541.25,4501.35,4515.77
2023-09-05,4510.06,4514.29,4496.01,4496.83
2023-09-06,4490.35,4490.35,4442.38,4465.48
2023-09-07,4434.55,4457.81,4430.46,4451.14
2023-09-08,4451.3,4473.53,4448.38,4457.49
2023-09-11,4480.98,4490.77,4467.89,4487.46
2023-09-12,4473.27,4487.11,4456.83,4461.9
2023-09-13,4462.65,4479.39,4453.52,4467.44
2023-09-14,4487.78,4511.99,4478.69,4505.1
2023-09-15,4497.98,4497.98,4447.21,4450.32
2023-09-18,4445.13,4466.36,4442.11,4453.53
2023-09-19,4445.41,4449.85,4416.61,4443.95
2023-09-20,4452.81,4461.03,4401.38,4402.2
2023-09-21,4374.36,4375.7,4329.17,4330.0
2023-09-22,4341.74,4357.4,4316.49,4320.06
2023-09-25,4310.62,4338.51,4302.7,4337.44
2023-09-26,4312.88,4313.01,4265.98,4273.53
2023-09-27,4282.63,4292.07,4238.63,4274.51
2023-09-28,4269.65,4317.27,4264.38,4299.7
2023-09-29,4328.18,4333.15,4274.86,4288.05
2023-10-02,4284.52,4300.58,4260.21,4288.39
2023-10-03,4269.75,4281.15,4216.45,4229.45
2023-10-04,4233.83,4268.5,4220.48,4263.75
2023-10-05,4259.31,4267.13,4225.91,4258.19
2023-10-06,4234.79,4324.1,4219.55,4308.5
2023-10-09,4289.02,4341.73,4283.79,4335.66
2023-10-10,4339.75,4385.46,4339.64,4358.24
2023-10-11,4366.59,4378.64,4345.34,4376.95
2023-10-12,4380.94,4385.85,4325.43,4349.61
2023-10-13,4360.49,4377.1,4311.97,4327.78
2023-10-16,4342.37,4383.33,4342.37,4373.63
2023-10-17,4345.23,4393.57,4337.54,4373.2
2023-10-18,4357.35,4364.2,4303.84,4314.6
2023-10-19,4321.36,4339.54,4269.69,4278.0
2023-10-20,4273.85,4276.56,4223.03,4224.16
2023-10-23,4210.4,4255.84,4189.22,4217.04
2023-10-24,4235.79,4259.38,4219.43,4247.68
2023-10-25,4232.42,4232.42,4181.42,4186.77
2023-10-26,4175.99,4183.6,4127.9,4137.23
2023-10-27,4152.93,4156.7,4103.78,4117.37
2023-10-30,4139.39,4177.47,4132.94,4166.82
2023-10-31,4171.33,4195.55,4153.12,4193.8
2023-11-01,4201.27,4245.64,4197.74,4237.86
2023-11-02,4268.26,4319.72,4268.26,4317.78
2023-11-03,4334.23,4373.62,4334.23,4358.34
2023-11-06,4364.27,4372.21,4347.53,4365.98
2023-11-07,4366.21,4386.26,4355.41,4378.38
2023-11-08,4384.37,4391.2,4359.76,4382.78
2023-11-09,4391.41,4393.4,4343.94,4347.35
2023-11-10,4364.15,4418.03,4353.34,4415.24
2023-11-13,4406.66,4421.76,4393.82,4411.55
2023-11-14,4458.97,4508.67,4458.97,4495.7
2023-11-15,4505.3,4521.17,4495.31,4502.88
2023-11-16,4497.08,4511.99,4487.83,4508.24
2023-11-17,4509.55,4520.12,4499.66,4514.02
2023-11-20,4511.7,4557.11,4510.36,4547.38
2023-11-21,4538.77,4542.14,4525.51,4538.19
2023-11-22,4553.04,4568.43,4545.05,4556.62
2023-11-24,4555.84,4560.31,4552.8,4559.34
2023-11-27,4554.86,4560.52,4546.32,4550.43
2023-11-28,4545.55,4568.14,4540.51,4554.89
2023-11-29,4571.84,4587.64,4547.15,4550.58
2023-11-30,4554.87,4569.89,4537.24,4567.8
2023-12-01,4559.43,4599.39,4554.71,4594.63
2023-12-04,4564.37,4572.37,4546.72,4569.78
2023-12-05,4557.25,4578.56,4551.68,4567.18
2023-12-06,4586.23,4590.74,4546.5,4549.34
2023-12-07,4568.84,4590.92,4565.22,4585.59
2023-12-08,4576.2,4609.23,4574.06,4604.37
2023-12-11,4593.39,4623.71,4593.39,4622.44
2023-12-12,4618.3,4643.93,4608.09,4643.7
2023-12-13,4646.2,4709.69,4643.23,4707.09
2023-12-14,4721.04,4738.57,4694.34,4719.55
2023-12-15,4714.23,4725.53,4704.69,4719.19
2023-12-18,4725.58,4749.52,4725.58,4740.56
2023-12-19,4743.72,4768.69,4743.72,4768.37
2023-12-20,4764.73,4778.01,4697.82,4698.35
2023-12-21,4724.29,4748.71,4708.35,4746.75
2023-12-22,4753.92,4772.94,4736.77,4754.63
2023-12-26,4758.86,4784.72,4758.45,4774.75
2023-12-27,4773.45,4785.39,4768.9,4781.58
2023-12-28,4786.44,4793.3,4780.98,4783.35
2023-12-29,4782.88,4788.43,4751.99,4769.83
2024-01-02,4745.2,4754.33,4722.67,4742.83
2024-01-03,4725.07,4729.29,4699.71,4704.81
2024-01-04,4697.42,4726.78,4687.53,4688.68
2024-01-05,4690.57,4721.49,4682.11,4697.24
2024-01-08,4703.7,4764.54,4699.82,4763.54
2024-01-09,4741.93,4765.47,4730.35,4756.5
2024-01-10,4759.94,4790.8,4756.2,4783.45
2024-01-11,4792.13,4798.5,4739.58,4780.24
2024-01-12,4791.18,4802.4,4768.98,4783.83
2024-01-16,4772.35,4782.34,4747.12,4765.98
2024-01-17,4739.13,4744.23,4714.82,4739.21
2024-01-18,4760.1,4785.79,4740.57,4780.94
2024-01-19,4796.28,4842.07,4785.87,4839.81
2024-01-22,4853.42,4868.41,4844.05,4850.43
2024-01-23,4856.8,4866.48,4844.37,4864.6
2024-01-24,4888.56,4903.68,4865.94,4868.55
2024-01-25,4886.66,4898.15,4869.34,4894.16
2024-01-26,4888.91,4906.69,4881.47,4890.97
2024-01-29,4892.95,4929.31,4887.4,4927.93
2024-01-30,4925.89,4931.09,4916.27,4924.97
2024-01-31,4899.19,4906.75,4845.15,4845.65
2024-02-01,4861.11,4906.97,4853.52,4906.19
2024-02-02,4916.06,4975.29,4907.99,4958.61
2024-02-05,4957.19,4957.19,4918.09,4942.81
2024-02-06,4950.16,4957.77,4934.88,4954.23
2024-02-07,4973.05,4999.89,4969.05,4995.06
2024-02-08,4995.16,5000.4,4987.09,4997.91
2024-02-09,5004.17,5030.06,5000.34,5026.61
2024-02-12,5026.83,5048.39,5016.83,5021.84
2024-02-13,4967.94,4971.3,4920.31,4953.17
2024-02-14,4976.44,5002.52,4956.45,5000.62
2024-02-15,5003.14,5032.72,4999.44,5029.73
2024-02-16,5031.13,5038.7,4999.52,5005.57
2024-02-20,4989.32,4993.71,4955.02,4975.51
2024-02-21,4963.03,4983.21,4946.0,4981.8
2024-02-22,5038.83,5094.39,5038.83,5087.03
2024-02-23,5100.92,5111.06,5081.46,5088.8
2024-02-26,5093.0,5097.66,5068.91,5069.53
2024-02-27,5074.6,5080.69,5057.29,5078.18
2024-02-28,5067.2,5077.37,5058.35,5069.76
2024-02-29,5085.36,5104.99,5061.89,5096.27
2024-03-01,5098.51,5140.33,5094.16,5137.08
2024-03-04,5130.99,5149.67,5127.18,5130.95
2024-03-05,5110.52,5114.54,5056.82,5078.65
2024-03-06,5108.03,5127.97,5092.22,5104.76
2024-03-07,5132.38,5165.62,5128.21,5157.36
2024-03-08,5164.46,5189.26,5117.5,5123.69
2024-03-11,5111.96,5124.66,5091.14,5117.94
2024-03-12,5134.3,5179.87,5114.48,5175.27
2024-03-13,5173.49,5179.14,5151.88,5165.31
2024-03-14,5175.14,5176.85,5123.3,5150.48
2024-03-15,5123.31,5136.86,5104.35,5117.09
2024-03-18,5154.77,5175.6,5145.47,5149.42
2024-03-19,5139.09,5180.31,5131.59,5178.51
2024-03-20,5181.69,5226.19,5171.55,5224.62
2024-03-21,5253.43,5261.1,5240.66,5241.53
2024-03-22,5242.48,5246.09,5229.87,5234.18
2024-03-25,5219.52,5229.09,5216.09,5218.19
2024-03-26,5228.85,5235.16,5203.42,5203.58
2024-03-27,5226.31,5249.26,5213.92,5248.49
2024-03-28,5248.03,5264.85,5245.82,5254.35
2024-04-01,5257.97,5263.95,5229.2,5243.77
2024-04-02,5204.29,5208.34,5184.05,5205.81
2024-04-03,5194.37,5228.75,5194.37,5211.49
2024-04-04,5244.05,5256.59,5146.06,5147.21
2024-04-05,5158.95,5222.18,5157.21,5204.34
2024-04-08,5211.37,5219.57,5197.35,5202.39
2024-04-09,5217.03,5224.81,5160.78,5209.91
2024-04-10,5167.88,5178.43,5138.7,5160.64
2024-04-11,5172.95,5211.78,5138.77,5199.06
2024-04-12,5171.51,5175.03,5107.94,5123.41
2024-04-15,5149.67,5168.43,5052.47,5061.82
2024-04-16,5064.59,5079.84,5039.83,5051.41
2024-04-17,5068.97,5077.96,5007.25,5022.21
2024-04-18,5031.52,5056.66,5001.89,5011.12
2024-04-19,5005.44,5019.02,4953.56,4967.23
2024-04-22,4987.33,5038.84,4969.4,5010.6
2024-04-23,5028.85,5076.12,5027.96,5070.55
2024-04-24,5084.86,5089.48,5047.02,5071.63
2024-04-25,5019.88,5057.75,4990.58,5048.42
2024-04-26,5084.65,5114.62,5073.14,5099.96
2024-04-29,5114.13,5123.49,5088.65,5116.17
2024-04-30,5103.78,5110.83,5035.31,5035.69
2024-05-01,5029.03,5096.12,5013.45,5018.39
2024-05-02,5049.32,5073.21,5011.05,5064.2
2024-05-03,5122.78,5139.12,5101.22,5127.79
2024-05-06,5142.42,5181.0,5142.42,5180.74
2024-05-07,5187.2,5200.23,5178.96,5187.7
2024-05-08,5168.98,5191.95,5165.86,5187.67
2024-05-09,5189.03,5215.3,5180.41,5214.08
2024-05-10,5225.49,5239.66,5209.68,5222.68
2024-05-13,5233.08,5237.26,5211.16,5221.42
2024-05-14,5221.1,5250.37,5217.98,5246.68
2024-05-15,5263.26,5311.76,5263.26,5308.15
2024-05-16,5310.07,5325.49,5296.19,5297.1
2024-05-17,5303.1,5305.45,5283.59,5303.27
2024-05-20,5305.35,5325.32,5302.4,5308.13
2024-05-21,5298.69,5324.32,5297.87,5321.41
2024-05-22,5319.28,5323.18,5286.01,5307.01
2024-05-23,5340.26,5341.88,5256.93,5267.84
2024-05-24,5281.45,5311.65,5278.39,5304.72
2024-05-28,5315.91,5315.91,5280.89,5306.04
2024-05-29,5278.73,5282.27,5262.7,5266.95
2024-05-30,5259.77,5260.21,5222.1,5235.48
2024-05-31,5243.21,5280.33,5191.68,5277.51
2024-06-03,5297.15,5302.11,5234.32,5283.4
2024-06-04,5278.24,5298.8,5257.63,5291.34
2024-06-05,5314.48,5354.16,5297.64,5354.03
2024-06-06,5357.8,5362.35,5335.36,5352.96
2024-06-07,5343.81,5375.08,5331.33,5346.99
2024-06-10,5341.22,5365.79,5331.52,5360.79
2024-06-11,5353.0,5375.95,5327.25,5375.32
2024-06-12,5409.13,5447.25,5409.13,5421.03
2024-06-13,5441.93,5441.93,5402.51,5433.74
2024-06-14,5424.08,5432.39,5403.75,5431.6
2024-06-17,5431.11,5488.5,5420.4,5473.23
2024-06-18,5476.15,5490.38,5471.32,5487.03
2024-06-20,5499.99,5505.53,5455.56,5473.17
2024-06-21,5466.77,5478.31,5452.03,5464.62
2024-06-24,5459.58,5490.66,5447.59,5447.87
2024-06-25,5460.73,5472.88,5446.56,5469.3
2024-06-26,5460.71,5483.14,5451.87,5477.9
2024-06-27,5473.59,5490.81,5467.54,5482.87
2024-06-28,5488.48,5523.64,5451.12,5460.48
2024-07-01,5471.08,5479.55,5446.53,5475.09
2024-07-02,5461.84,5509.69,5458.43,5509.01
2024-07-03,5507.44,5539.27,5507.42,5537.02
2024-07-05,5537.91,5570.33,5531.63,5567.19
2024-07-08,5572.75,5583.11,5562.51,5572.85
2024-07-09,5584.24,5590.75,5574.57,5576.98
2024-07-10,5591.26,5635.39,5586.44,5633.91
2024-07-11,5635.21,5642.45,5576.53,5584.54
2024-07-12,5590.76,5655.56,5590.44,5615.35
2024-07-15,5638.16,5666.94,5614.75,5631.22
2024-07-16,5644.09,5669.67,5639.02,5667.2
2024-07-17,5610.07,5622.49,5584.81,5588.27
2024-07-18,5608.56,5614.05,5522.81,5544.59
2024-07-19,5543.37,5557.5,5497.04,5505.0
2024-07-22,5544.54,5570.36,5529.04,5564.41
2024-07-23,5565.3,5585.34,5550.9,5555.74
2024-07-24,5505.84,5508.04,5419.98,5427.13
2024-07-25,5428.7,5491.59,5390.95,5399.22
2024-07-26,5433.67,5488.32,5430.7,5459.1
2024-07-29,5476.55,5487.74,5444.44,5463.54
2024-07-30,5478.73,5489.46,5401.7,5436.44
2024-07-31,5505.59,5551.51,5493.75,5522.3
2024-08-01,5537.84,5566.16,5410.42,5446.68
2024-08-02,5376.63,5383.89,5302.03,5346.56
2024-08-05,5151.14,5250.89,5119.26,5186.33
2024-08-06,5206.42,5312.34,5193.56,5240.03
2024-08-07,5293.13,5330.64,5195.54,5199.5
2024-08-08,5252.57,5328.03,5233.85,5319.31
2024-08-09,5314.66,5358.67,5300.84,5344.16
2024-08-12,5351.88,5371.2,5324.37,5344.39
2024-08-13,5376.98,5436.5,5376.98,5434.43
2024-08-14,5442.36,5463.22,5415.91,5455.21
2024-08-15,5501.13,5546.23,5501.13,5543.22
2024-08-16,5530.5,5561.98,5525.17,5554.25
2024-08-19,5557.23,5608.3,5550.74,5608.25
2024-08-20,5602.88,5620.51,5585.5,5597.12
2024-08-21,5603.09,5632.68,5591.57,5620.85
2024-08-22,5637.77,5643.22,5560.95,5570.64
2024-08-23,5602.49,5641.82,5585.16,5634.61
2024-08-26,5639.66,5651.62,5602.34,5616.84
2024-08-27,5602.89,5631.18,5593.48,5625.8
2024-08-28,5624.51,5627.03,5560.95,5592.18
2024-08-29,5607.3,5646.95,5583.71,5591.96
2024-08-30,5612.74,5651.37,5581.79,5648.4
2024-09-03,5623.89,5623.89,5504.33,5528.93
2024-09-04,5506.68,5552.99,5503.66,5520.07
2024-09-05,5520.08,5546.3,5480.54,5503.41
2024-09-06,5507.33,5522.47,5402.62,5408.42
2024-09-09,5442.07,5484.2,5434.49,5471.05
2024-09-10,5490.51,5497.91,5441.72,5495.52
2024-09-11,5496.42,5560.41,5406.96,5554.13
2024-09-12,5557.48,5600.71,5535.5,5595.76
2024-09-13,5603.34,5636.27,5601.65,5626.02
2024-09-16,5615.21,5636.05,5604.53,5633.09
2024-09-17,5655.51,5670.81,5614.05,5634.58
2024-09-18,5641.68,5689.75,5615.08,5618.26
2024-09-19,5702.63,5733.57,5686.42,5713.64
2024-09-20,5709.64,5715.14,5674.49,5702.55
2024-09-23,5711.9,5725.36,5704.22,5718.57
2024-09-24,5727.66,5735.32,5698.99,5732.93
2024-09-25,5733.65,5741.03,5712.06,5722.26
2024-09-26,5762.22,5767.37,5721.01,5745.37
2024-09-27,5755.36,5763.78,5727.34,5738.17
2024-09-30,5726.52,5765.14,5703.53,5762.48
2024-10-01,5757.73,5757.73,5681.28,5708.75
2024-10-02,5698.14,5719.63,5674.0,5709.54
2024-10-03,5698.19,5718.78,5677.37,5699.94
2024-10-04,5737.48,5753.21,5702.83,5751.07
2024-10-07,5737.8,5739.34,5686.85,5695.94
2024-10-08,5719.14,5757.6,5714.56,5751.13
2024-10-09,5751.8,5796.8,5745.02,5792.04
2024-10-10,5778.36,5795.03,5764.76,5780.05
2024-10-11,5775.09,5822.13,5775.09,5815.03
2024-10-14,5829.81,5871.41,5829.57,5859.85
2024-10-15,5866.74,5870.36,5804.48,5815.26
2024-10-16,5816.58,5846.52,5808.34,5842.47
2024-10-17,5875.62,5878.46,5840.25,5841.47
2024-10-18,5859.43,5872.17,5846.11,5864.67
2024-10-21,5857.82,5866.92,5824.79,5853.98
2024-10-22,5832.7,5863.04,5821.17,5851.2
2024-10-23,5834.5,5834.85,5762.41,5797.42
2024-10-24,5817.8,5817.8,5784.92,5809.86
2024-10-25,5826.75,5862.82,5799.98,5808.12
2024-10-28,5833.93,5842.92,5823.08,5823.52
2024-10-29,5819.68,5847.19,5802.17,5832.92
2024-10-30,5832.65,5850.94,5811.28,5813.67
2024-10-31,5775.34,5775.34,5702.86,5705.45
2024-11-01,5723.22,5772.52,5723.22,5728.8
2024-11-04,5725.15,5741.43,5696.51,5712.69
2024-11-05,5722.43,5783.44,5722.1,5782.76
2024-11-06,5864.89,5936.14,5864.89,5929.04
2024-11-07,5947.21,5983.84,5947.21,5973.1
2024-11-08,5976.76,6012.45,5976.76,5995.54
2024-11-11,6008.86,6017.31,5986.69,6001.35
2024-11-12,6003.6,6009.92,5960.08,5983.99
2024-11-13,5985.75,6008.19,5965.91,5985.38
2024-11-14,5989.68,5993.88,5942.28,5949.17
2024-11-15,5912.79,5915.32,5853.01,5870.62
2024-11-18,5874.17,5908.12,5865.95,5893.62
2024-11-19,5870.05,5923.51,5855.29,5916.98
2024-11-20,5914.34,5920.67,5860.56,5917.11
2024-11-21,5940.58,5963.32,5887.26,5948.71
2024-11-22,5944.36,5972.9,5944.36,5969.34
2024-11-25,5992.28,6020.75,5963.91,5987.37
2024-11-26,6000.03,6025.42,5992.27,6021.63
2024-11-27,6014.11,6020.16,5984.87,5998.74
2024-11-29,6003.98,6044.17,6003.98,6032.38
2024-12-02,6040.11,6053.58,6035.33,6047.15
2024-12-03,6042.97,6052.07,6033.39,6049.88
2024-12-04,6069.39,6089.84,6061.06,6086.49
2024-12-05,6089.03,6094.55,6072.9,6075.11
2024-12-06,6081.38,6099.97,6079.98,6090.27
2024-12-09,6083.01,6088.51,6048.63,6052.85
2024-12-10,6057.59,6065.4,6029.89,6034.91
2024-12-11,6060.15,6092.59,6060.15,6084.19
2024-12-12,6074.29,6079.68,6051.25,6051.25
2024-12-13,6068.17,6078.58,6035.77,6051.09
2024-12-16,6063.79,6085.19,6059.14,6074.08
2024-12-17,6052.55,6057.68,6035.19,6050.61
2024-12-18,6047.65,6070.67,5867.79,5872.16
2024-12-19,5912.71,5935.52,5866.07,5867.08
2024-12-20,5842.0,5982.06,5832.3,5930.85
2024-12-23,5940.25,5978.25,5902.57,5974.07
2024-12-24,5984.63,6040.1,5981.44,6040.04
2024-12-26,6024.97,6049.75,6007.37,6037.59
2024-12-27,6006.17,6006.17,5932.95,5970.84
2024-12-30,5920.67,5940.79,5869.16,5906.94
2024-12-31,5919.74,5929.74,5868.86,5881.63
2025-01-02,5903.26,5935.09,5829.53,5868.55
2025-01-03,5891.07,5949.34,5888.66,5942.47
2025-01-06,5982.81,6021.04,5960.01,5975.38
2025-01-07,5993.26,6000.68,5890.68,5909.03
2025-01-08,5910.66,5927.89,5874.78,5918.25
2025-01-10,5890.35,5890.35,5807.78,5827.04
2025-01-13,5782.02,5838.61,5773.31,5836.22
2025-01-14,5859.27,5871.92,5805.42,5842.91
2025-01-15,5905.21,5960.61,5905.21,5949.91
2025-01-16,5963.61,5964.69,5930.72,5937.34
2025-01-17,5995.4,6014.96,5978.44,5996.66
2025-01-21,6014.12,6051.51,6006.88,6049.24
2025-01-22,6081.39,6100.81,6076.13,6086.37
2025-01-23,6076.32,6118.73,6074.67,6118.71
2025-01-24,6121.43,6128.18,6088.74,6101.24
2025-01-27,5969.04,6017.17,5962.92,6012.28
2025-01-28,6026.97,6074.54,5994.63,6067.7
2025-01-29,6057.7,6062.83,6012.96,6039.31
2025-01-30,6050.75,6086.64,6027.46,6071.17
2025-01-31,6096.79,6120.91,6030.93,6040.53
2025-02-03,5969.65,6022.13,5923.93,5994.57
2025-02-04,5998.14,6042.48,5990.87,6037.88
2025-02-05,6020.45,6062.86,6007.06,6061.48
2025-02-06,6072.22,6084.03,6046.83,6083.57
2025-02-07,6083.13,6101.28,6019.96,6025.99
2025-02-10,6046.4,6073.38,6044.84,6066.44
2025-02-11,6049.32,6076.28,6042.34,6068.5
2025-02-12,6025.08,6063.0,6003.0,6051.97
2025-02-13,6060.59,6116.91,6050.95,6115.07
2025-02-14,6115.52,6127.47,6107.62,6114.63
2025-02-18,6121.6,6129.63,6099.51,6129.58
2025-02-19,6117.76,6147.43,6111.15,6144.15
2025-02-20,6134.5,6134.5,6084.59,6117.52
2025-02-21,6114.1,6114.82,6008.56,6013.13
2025-02-24,6026.69,6043.65,5977.83,5983.25
2025-02-25,5982.73,5992.65,5908.49,5955.25
2025-02-26,5970.87,6009.82,5932.69,5956.06
2025-02-27,5981.88,5993.69,5858.78,5861.57
2025-02-28,5856.74,5959.4,5837.66,5954.5
2025-03-03,5968.33,5986.09,5810.91,5849.72
2025-03-04,5811.98,5865.08,5732.59,5778.15
2025-03-05,5781.36,5860.59,5742.35,5842.63
2025-03-06,5785.87,5812.08,5711.64,5738.52
2025-03-07,5726.01,5783.01,5666.29,5770.2
2025-03-10,5705.37,5705.37,5564.02,5614.56
2025-03-11,5603.65,5636.3,5528.41,5572.07
2025-03-12,5624.84,5642.19,5546.09,5599.3
2025-03-13,5594.45,5597.78,5504.65,5521.52
2025-03-14,5563.85,5645.27,5563.85,5638.94
2025-03-17,5635.6,5703.52,5631.12,5675.12
2025-03-18,5654.53,5654.53,5597.76,5614.66
2025-03-19,5632.37,5715.33,5622.2,5675.29
2025-03-20,5646.92,5711.15,5632.33,5662.89
2025-03-21,5630.73,5670.84,5603.1,5667.56
2025-03-24,5718.08,5775.14,5718.08,5767.57
2025-03-25,5775.96,5786.95,5760.42,5776.65
2025-03-26,5771.66,5783.62,5694.41,5712.2
2025-03-27,5695.64,5732.28,5670.94,5693.31
2025-03-28,5679.2,5685.89,5572.42,5580.94
2025-03-31,5527.91,5627.56,5488.73,5611.85
2025-04-01,5597.53,5650.57,5558.52,5633.07
2025-04-02,5580.76,5695.31,5571.48,5670.97
2025-04-03,5492.74,5499.53,5390.83,5396.52
2025-04-04,5292.14,5292.14,5069.9,5074.08
2025-04-07,4953.79,5246.57,4835.04,5062.25
2025-04-08,5193.57,5267.47,4910.42,4982.77
2025-04-09,4965.28,5481.34,4948.43,5456.9
2025-04-10,5353.15,5353.15,5115.27,5268.05
2025-04-11,5255.56,5381.46,5220.77,5363.36
2025-04-14,5441.96,5459.46,5358.02,5405.97
2025-04-15,5411.99,5450.41,5386.44,5396.63
2025-04-16,5335.75,5367.24,5220.79,5275.7
2025-04-17,5305.45,5328.31,5255.58,5282.7
2025-04-21,5232.94,5232.94,5101.63,5158.2
2025-04-22,5207.67,5309.61,5207.67,5287.76
2025-04-23,5395.92,5469.69,5356.17,5375.86
2025-04-24,5381.38,5489.4,5371.96,5484.77
2025-04-25,5489.73,5528.11,5455.86,5525.21
2025-04-28,5529.22,5553.66,5468.64,5528.75
2025-04-29,5508.87,5571.95,5505.7,5560.83
2025-04-30,5499.44,5581.84,5433.24,5569.06
2025-05-01,5625.14,5658.91,5597.35,5604.14
2025-05-02,5645.88,5700.7,5642.28,5686.67
2025-05-05,5655.32,5683.38,5634.48,5650.38
2025-05-06,5605.87,5649.58,5586.04,5606.91
2025-05-07,5614.18,5654.73,5578.64,5631.28
2025-05-08,5663.6,5720.1,5635.38,5663.94
2025-05-09,5679.65,5691.69,5644.15,5659.91
2025-05-12,5807.2,5845.37,5786.08,5844.19
2025-05-13,5854.15,5906.64,5845.02,5886.55
2025-05-14,5896.74,5906.55,5872.11,5892.58
2025-05-15,5869.82,5924.21,5865.16,5916.93
2025-05-16,5929.09,5958.62,5907.36,5958.38
2025-05-19,5902.88,5968.61,5895.69,5963.6
2025-05-20,5944.66,5953.06,5909.26,5940.46
2025-05-21,5910.18,5938.37,5830.91,5844.61
2025-05-22,5841.26,5878.08,5825.82,5842.01
2025-05-23,5781.89,5829.51,5767.41,5802.82
2025-05-27,5854.07,5924.33,5854.07,5921.54
2025-05-28,5925.54,5939.92,5881.88,5888.55
2025-05-29,5939.96,5943.13,5873.8,5912.17
2025-05-30,5903.67,5922.14,5843.66,5911.69
2025-06-02,5896.68,5937.4,5861.43,5935.94
2025-06-03,5938.56,5981.35,5929.0,5970.37
2025-06-04,5978.94,5990.48,5966.11,5970.81
2025-06-05,5985.67,5999.7,5921.2,5939.3
2025-06-06,5987.06,6016.87,5978.63,6000.36
2025-06-09,6004.63,6021.31,5994.18,6005.88
2025-06-10,6009.91,6043.01,6000.28,6038.81
2025-06-11,6049.38,6059.4,6002.32,6022.24
2025-06-12,6009.9,6045.43,6003.88,6045.26
2025-06-13,6000.56,6026.16,5963.21,5976.97
2025-06-16,6004.0,6050.83,6004.0,6033.11
2025-06-17,6012.15,6023.25,5974.8,5982.72
2025-06-18,5987.93,6018.25,5971.89,5980.87
2025-06-20,5999.67,6018.2,5952.56,5967.84
2025-06-23,5969.67,6028.77,5943.23,6025.17
2025-06-24,6061.21,6101.76,6059.25,6092.18
2025-06-25,6104.23,6108.51,6080.09,6092.16
2025-06-26,6112.09,6146.52,6107.27,6141.02
2025-06-27,6150.7,6187.68,6132.35,6173.07
2025-06-30,6193.36,6215.08,6174.97,6204.95
2025-07-01,6187.25,6210.78,6177.97,6198.01
2025-07-02,6193.88,6227.6,6188.29,6227.42
2025-07-03,6246.46,6284.65,6246.46,6279.35
2025-07-07,6259.04,6262.07,6201.0,6229.98
2025-07-08,6234.03,6242.7,6217.75,6225.52
2025-07-09,6243.33,6269.16,6231.43,6263.26
2025-07-10,6266.8,6290.22,6251.44,6280.46
2025-07-11,6255.68,6269.44,6237.6,6259.75
2025-07-14,6255.15,6273.31,6239.22,6268.56
2025-07-15,6295.29,6302.04,6241.68,6243.76
2025-07-16,6254.5,6268.12,6201.59,6263.7
2025-07-17,6263.4,6304.69,6262.27,6297.36
2025-07-18,6312.95,6315.61,6285.27,6296.79
2025-07-21,6304.74,6336.08,6303.79,6305.6
2025-07-22,6306.6,6316.12,6281.71,6309.62
2025-07-23,6326.9,6360.64,6317.49,6358.91
2025-07-24,6368.6,6381.31,6360.57,6363.35
2025-07-25,6370.01,6395.82,6368.53,6388.64
2025-07-28,6397.69,6401.07,6375.79,6389.77
2025-07-29,6405.62,6409.26,6363.92,6370.86
2025-07-30,6381.23,6396.54,6336.38,6362.9
2025-07-31,6427.02,6427.02,6327.64,6339.39
2025-08-01,6287.28,6287.28,6212.69,6238.01
2025-08-04,6271.71,6330.69,6271.71,6329.94
2025-08-05,6336.63,6346.0,6289.37,6299.19
2025-08-06,6309.3,6352.83,6301.11,6345.06
2025-08-07,6374.32,6389.71,6310.32,6340.0
2025-08-08,6355.22,6395.16,6355.22,6389.45
2025-08-11,6389.67,6407.25,6364.06,6373.45
2025-08-12,6395.17,6446.55,6385.76,6445.76
2025-08-13,6462.67,6480.28,6445.02,6466.58
2025-08-14,6453.46,6473.92,6441.07,6468.54
2025-08-15,6477.38,6481.34,6441.85,6449.8
2025-08-18,6445.02,6455.35,6437.7,6449.15
2025-08-19,6446.24,6456.48,6400.22,6411.37
2025-08-20,6406.62,6408.4,6343.86,6395.78
2025-08-21,6380.83,6393.65,6352.71,6370.17
2025-08-22,6384.59,6478.89,6384.59,6466.91
2025-08-25,6457.67,6466.89,6438.06,6439.32
2025-08-26,6435.49,6468.37,6429.21,6465.94
2025-08-27,6462.26,6487.06,6457.84,6481.4
2025-08-28,6483.84,6508.23,6466.96,6501.86
2025-08-29,6489.28,6491.76,6444.57,6460.26
2025-09-02,6401.51,6416.54,6360.58,6415.54
2025-09-03,6445.82,6453.67,6416.17,6448.26
2025-09-04,6456.6,6502.54,6445.98,6502.08
2025-09-05,6529.08,6532.65,6443.98,6481.5
2025-09-08,6498.09,6508.67,6483.29,6495.15
2025-09-09,6503.33,6518.23,6483.08,6512.61
2025-09-10,6550.29,6555.97,6516.34,6532.04
2025-09-11,6554.41,6592.89,6545.8,6587.47
2025-09-12,6590.66,6600.21,6579.49,6584.29
2025-09-15,6603.49,6619.62,6602.07,6615.28
2025-09-16,6624.13,6626.99,6600.11,6606.76
2025-09-17,6604.87,6624.39,6551.15,6600.35
2025-09-18,6626.85,6656.8,6611.89,6631.96
2025-09-19,6647.11,6671.82,6630.31,6664.36
2025-09-22,6654.28,6698.88,6648.07,6693.75
2025-09-23,6692.44,6699.52,6645.58,6656.92
2025-09-24,6669.79,6672.66,6621.76,6637.97
2025-09-25,6608.19,6619.0,6569.22,6604.72
2025-09-26,6615.38,6648.97,6604.43,6643.7
2025-09-29,6661.58,6677.31,6644.49,6661.21
2025-09-30,6656.19,6691.25,6641.0,6688.46
2025-10-01,6664.92,6718.48,6656.2,6711.2
2025-10-02,6731.31,6731.94,6693.23,6715.35
2025-10-03,6722.14,6750.87,6705.67,6715.79
2025-10-06,6733.86,6749.52,6717.78,6740.28
2025-10-07,6746.14,6754.49,6699.96,6714.59
2025-10-08,6723.87,6755.64,6718.09,6753.72
2025-10-09,6760.5,6764.58,6716.17,6735.11
2025-10-10,6740.49,6762.4,6550.78,6552.51
2025-10-13,6622.53,6668.68,6620.71,6654.72
2025-10-14,6602.49,6680.7,6555.07,6644.31
2025-10-15,6688.27,6724.12,6612.11,6671.06
2025-10-16,6689.02,6709.34,6593.99,6629.07
2025-10-17,6613.27,6678.88,6603.76,6664.01
2025-10-20,6690.05,6744.35,6690.05,6735.13
2025-10-21,6736.75,6752.16,6722.03,6735.35
2025-10-22,6741.34,6741.75,6655.69,6699.4
2025-10-23,6703.65,6749.53,6700.14,6738.44
2025-10-24,6772.07,6807.11,6772.07,6791.69
2025-10-27,6845.46,6877.28,6843.94,6875.16
2025-10-28,6897.74,6911.3,6870.73,6890.89
2025-10-29,6910.95,6920.34,6851.91,6890.59
2025-10-30,6860.5,6880.75,6820.69,6822.34
2025-10-31,6879.17,6879.17,6814.26,6840.2
2025-11-03,6882.32,6882.32,6820.62,6851.97
2025-11-04,6788.52,6820.21,6766.71,6771.55
2025-11-05,6769.77,6829.78,6763.11,6796.29
2025-11-06,6787.59,6796.68,6707.51,6720.32
2025-11-07,6696.18,6730.11,6631.44,6728.8
2025-11-10,6785.36,6841.32,6770.56,6832.43
2025-11-11,6815.64,6855.13,6806.87,6846.61
2025-11-12,6867.77,6869.91,6829.62,6850.92
2025-11-13,6826.47,6828.05,6724.72,6737.49
2025-11-14,6672.14,6774.31,6646.87,6734.11
2025-11-17,6713.61,6754.5,6638.9,6672.41
2025-11-18,6641.19,6666.63,6574.32,6617.32
2025-11-19,6625.84,6689.75,6603.5,6642.16
2025-11-20,6737.93,6770.35,6534.05,6538.76
2025-11-21,6555.77,6660.05,6521.92,6602.99
2025-11-24,6636.54,6715.75,6630.7,6705.12
2025-11-25,6697.03,6776.4,6659.98,6765.88
2025-11-26,6793.55,6831.44,6783.87,6812.61
2025-11-28,6822.52,6850.86,6819.75,6849.09
2025-12-01,6812.3,6843.65,6799.94,6812.63
2025-12-02,6830.96,6851.55,6806.71,6829.37
2025-12-03,6815.29,6862.42,6810.43,6849.72
2025-12-04,6866.47,6866.47,6827.12,6857.12
2025-12-05,6866.32,6895.78,6858.29,6870.4
2025-12-08,6875.2,6878.27,6827.19,6846.51
2025-12-09,6840.61,6864.92,6837.43,6840.51
2025-12-10,6833.49,6900.67,6824.69,6886.68
2025-12-11,6861.3,6903.46,6833.45,6901.0
2025-12-12,6886.85,6899.85,6801.79,6827.41
2025-12-15,6860.19,6861.59,6801.49,6816.51
2025-12-16,6800.12,6819.27,6759.74,6800.26
2025-12-17,6802.88,6812.26,6720.43,6721.43
2025-12-18,6778.06,6816.13,6758.5,6774.76
2025-12-19,6792.62,6840.02,6792.62,6834.5
2025-12-22,6865.21,6882.03,6855.74,6878.49
2025-12-23,6872.41,6910.88,6868.81,6909.79
2025-12-24,6904.91,6937.32,6904.91,6932.05
2025-12-26,6936.02,6945.77,6921.6,6929.94
2025-12-29,6903.6,6920.21,6888.76,6905.74
2025-12-30,6900.44,6913.25,6893.47,6896.24
2025-12-31,6898.82,6901.42,6844.55,6845.5
2026-01-02,6878.11,6894.87,6824.31,6858.47
2026-01-05,6892.19,6920.38,6891.56,6902.05
2026-01-06,6908.03,6948.69,6904.02,6944.82
2026-01-07,6945.07,6965.69,6919.19,6920.93
2026-01-08,6914.11,6931.28,6899.33,6921.46
2026-01-09,6927.83,6978.36,6917.64,6966.28
2026-01-12,6944.12,6986.33,6934.07,6977.27
2026-01-13,6977.41,6985.83,6938.77,6963.74
2026-01-14,6937.41,6941.3,6885.74,6926.6
2026-01-15,6969.46,6979.34,6937.93,6944.47
2026-01-16,6960.54,6967.3,6925.09,6940.01
2026-01-20,6865.24,6871.17,6789.05,6796.86
2026-01-21,6810.71,6910.39,6804.96,6875.62
2026-01-22,6914.44,6934.75,6893.62,6913.35
2026-01-23,6907.85,6932.96,6895.5,6915.61
2026-01-26,6923.23,6964.66,6921.6,6950.23
2026-01-27,6965.96,6988.82,6958.83,6978.6
2026-01-28,7002.0,7002.28,6963.46,6978.03
2026-01-29,6977.74,6992.84,6870.8,6969.01
2026-01-30,6947.27,6964.09,6893.48,6939.03
2026-02-02,6916.64,6991.92,6914.34,6976.44
