Date,Open,High,Low,Close
1971-01-01,37.88,37.88,37.88,37.88
1971-02-01,38.74,38.74,38.74,38.74
1971-03-01,38.87,38.87,38.87,38.87
1971-04-01,39.01,39.01,39.01,39.01
1971-05-01,40.52,40.52,40.52,40.52
1971-06-01,40.1,40.1,40.1,40.1
1971-07-01,40.95,40.95,40.95,40.95
1971-08-01,42.71,42.71,42.71,42.71
1971-09-01,42.03,42.03,42.03,42.03
1971-10-01,42.5,42.5,42.5,42.5
1971-11-01,42.86,42.86,42.86,42.86
1971-12-01,43.48,43.48,43.48,43.48
1972-01-01,45.75,45.75,45.75,45.75
1972-02-01,48.26,48.26,48.26,48.26
1972-03-01,48.33,48.33,48.33,48.33
1972-04-01,49.03,49.03,49.03,49.03
1972-05-01,54.62,54.62,54.62,54.62
1972-06-01,62.09,62.09,62.09,62.09
1972-07-01,65.66,65.66,65.66,65.66
1972-08-01,67.03,67.03,67.03,67.03
1972-09-01,65.46,65.46,65.46,65.46
1972-10-01,64.86,64.86,64.86,64.86
1972-11-01,62.91,62.91,62.91,62.91
1972-12-01,63.91,63.91,63.91,63.91
1973-01-01,65.14,65.14,65.14,65.14
1973-02-01,74.2,74.2,74.2,74.2
1973-03-01,84.37,84.37,84.37,84.37
1973-04-01,90.5,90.5,90.5,90.5
1973-05-01,101.96,101.96,101.96,101.96
1973-06-01,120.12,120.12,120.12,120.12
1973-07-01,120.17,120.17,120.17,120.17
1973-08-01,106.76,106.76,106.76,106.76
1973-09-01,102.97,102.97,102.97,102.97
1973-10-01,100.08,100.08,100.08,100.08
1973-11-01,94.92,94.92,94.92,94.92
1973-12-01,106.72,106.72,106.72,106.72
1974-01-01,129.19,129.19,129.19,129.19
1974-02-01,150.13,150.13,150.13,150.13
1974-03-01,168.42,168.42,168.42,168.42
1974-04-01,172.24,172.24,172.24,172.24
1974-05-01,163.27,163.27,163.27,163.27
1974-06-01,154.1,154.1,154.1,154.1
1974-07-01,142.98,142.98,142.98,142.98
1974-08-01,154.64,154.64,154.64,154.64
1974-09-01,151.75,151.75,151.75,151.75
1974-10-01,158.78,158.78,158.78,158.78
1974-11-01,181.66,181.66,181.66,181.66
1974-12-01,183.78,183.78,183.78,183.78
1975-01-01,176.27,176.27,176.27,176.27
1975-02-01,179.6,179.6,179.6,179.6
1975-03-01,178.16,178.16,178.16,178.16
1975-04-01,169.84,169.84,169.84,169.84
1975-05-01,167.39,167.39,167.39,167.39
1975-06-01,164.24,164.24,164.24,164.24
1975-07-01,165.17,165.17,165.17,165.17
1975-08-01,163.0,163.0,163.0,163.0
1975-09-01,144.17,144.17,144.17,144.17
1975-10-01,142.79,142.79,142.79,142.79
1975-11-01,142.42,142.42,142.42,142.42
1975-12-01,139.3,139.3,139.3,139.3
1976-01-01,131.05,131.05,131.05,131.05
1976-02-01,131.06,131.06,131.06,131.06
1976-03-01,132.76,132.76,132.76,132.76
1976-04-01,127.94,127.94,127.94,127.94
1976-05-01,126.92,126.92,126.92,126.92
1976-06-01,125.71,125.71,125.71,125.71
1976-07-01,117.73,117.73,117.73,117.73
1976-08-01,109.93,109.93,109.93,109.93
1976-09-01,114.15,114.15,114.15,114.15
1976-10-01,116.15,116.15,116.15,116.15
1976-11-01,130.46,130.46,130.46,130.46
1976-12-01,133.93,133.93,133.93,133.93
1977-01-01,132.26,132.26,132.26,132.26
1977-02-01,136.24,136.24,136.24,136.24
1977-03-01,148.23,148.23,148.23,148.23
1977-04-01,149.17,149.17,149.17,149.17
1977-05-01,146.61,146.61,146.61,146.61
1977-06-01,140.78,140.78,140.78,140.78
1977-07-01,143.39,143.39,143.39,143.39
1977-08-01,144.94,144.94,144.94,144.94
1977-09-01,149.53,149.53,149.53,149.53
1977-10-01,158.95,158.95,158.95,158.95
1977-11-01,162.1,162.1,162.1,162.1
1977-12-01,160.45,160.45,160.45,160.45
1978-01-01,173.18,173.18,173.18,173.18
1978-02-01,178.14,178.14,178.14,178.14
1978-03-01,183.61,183.61,183.61,183.61
1978-04-01,175.28,175.28,175.28,175.28
1978-05-01,176.31,176.31,176.31,176.31
1978-06-01,183.75,183.75,183.75,183.75
1978-07-01,188.73,188.73,188.73,188.73
1978-08-01,206.3,206.3,206.3,206.3
1978-09-01,212.08,212.08,212.08,212.08
1978-10-01,227.44,227.44,227.44,227.44
1978-11-01,206.2,206.2,206.2,206.2
1978-12-01,207.85,207.85,207.85,207.85
1979-01-01,227.28,227.28,227.28,227.28
1979-02-01,245.67,245.67,245.67,245.67
1979-03-01,242.05,242.05,242.05,242.05
1979-04-01,239.11,239.11,239.11,239.11
1979-05-01,257.59,257.59,257.59,257.59
1979-06-01,279.07,279.07,279.07,279.07
1979-07-01,294.74,294.74,294.74,294.74
1979-08-01,300.82,300.82,300.82,300.82
1979-09-01,354.95,354.95,354.95,354.95
1979-10-01,391.66,391.66,391.66,391.66
1979-11-01,391.99,391.99,391.99,391.99
1979-12-01,455.08,455.08,455.08,455.08
1979-12-27,515.5,515.5,515.5,515.5
1979-12-28,512.0,512.0,512.0,512.0
1980-01-01,512.0,512.0,512.0,512.0
1980-01-02,559.75,559.75,559.75,559.75
1980-01-03,634.25,634.25,634.25,634.25
1980-01-04,634.25,634.25,634.25,634.25
1980-01-07,634.0,634.0,634.0,634.0
1980-01-08,610.0,610.0,610.0,610.0
1980-01-09,607.2,607.2,607.2,607.2
1980-01-10,603.35,603.35,603.35,603.35
1980-01-11,623.0,623.0,623.0,623.0
1980-01-14,660.0,660.0,660.0,660.0
1980-01-15,684.0,684.0,684.0,684.0
1980-01-16,760.0,760.0,760.0,760.0
1980-01-17,750.0,750.0,750.0,750.0
1980-01-18,835.0,835.0,835.0,835.0
1980-01-21,835.0,835.0,835.0,835.0
1980-01-22,737.5,737.5,737.5,737.5
1980-01-23,695.0,695.0,695.0,695.0
1980-01-24,717.0,717.0,717.0,717.0
1980-01-25,668.0,668.0,668.0,668.0
1980-01-28,624.0,624.0,624.0,624.0
1980-01-29,674.25,674.25,674.25,674.25
1980-01-30,691.0,691.0,691.0,691.0
1980-01-31,653.0,653.0,653.0,653.0
1980-02-01,676.5,676.5,676.5,676.5
1980-02-04,669.75,669.75,669.75,669.75
1980-02-05,669.75,669.75,669.75,669.75
1980-02-06,709.0,709.0,709.0,709.0
1980-02-07,699.25,699.25,699.25,699.25
1980-02-08,692.0,692.0,692.0,692.0
1980-02-11,710.5,710.5,710.5,710.5
1980-02-12,694.5,694.5,694.5,694.5
1980-02-13,696.75,696.75,696.75,696.75
1980-02-14,682.0,682.0,682.0,682.0
1980-02-15,667.0,667.0,667.0,667.0
1980-02-18,667.0,667.0,667.0,667.0
1980-02-19,652.25,652.25,652.25,652.25
1980-02-20,652.25,652.25,652.25,652.25
1980-02-21,665.0,665.0,665.0,665.0
1980-02-22,630.0,630.0,630.0,630.0
1980-02-25,616.5,616.5,616.5,616.5
1980-02-26,642.25,642.25,642.25,642.25
1980-02-27,636.0,636.0,636.0,636.0
1980-02-28,646.0,646.0,646.0,646.0
1980-02-29,637.0,637.0,637.0,637.0
1980-03-03,663.75,663.75,663.75,663.75
1980-03-04,631.25,631.25,631.25,631.25
1980-03-05,643.5,643.5,643.5,643.5
1980-03-06,643.5,643.5,643.5,643.5
1980-03-07,609.0,609.0,609.0,609.0
1980-03-10,585.0,585.0,585.0,585.0
1980-03-11,570.25,570.25,570.25,570.25
1980-03-12,585.7,585.7,585.7,585.7
1980-03-13,556.5,556.5,556.5,556.5
1980-03-14,523.0,523.0,523.0,523.0
1980-03-17,484.0,484.0,484.0,484.0
1980-03-18,481.5,481.5,481.5,481.5
1980-03-19,527.0,527.0,527.0,527.0
1980-03-20,561.0,561.0,561.0,561.0
1980-03-21,561.0,561.0,561.0,561.0
1980-03-24,558.25,558.25,558.25,558.25
1980-03-25,547.25,547.25,547.25,547.25
1980-03-26,508.0,508.0,508.0,508.0
1980-03-27,485.25,485.25,485.25,485.25
1980-03-28,490.0,490.0,490.0,490.0
1980-03-31,495.0,495.0,495.0,495.0
1980-04-01,509.5,509.5,509.5,509.5
1980-04-02,500.5,500.5,500.5,500.5
1980-04-03,485.75,485.75,485.75,485.75
1980-04-04,485.75,485.75,485.75,485.75
1980-04-07,485.75,485.75,485.75,485.75
1980-04-08,528.0,528.0,528.0,528.0
1980-04-09,554.0,554.0,554.0,554.0
1980-04-10,526.0,526.0,526.0,526.0
1980-04-11,530.5,530.5,530.5,530.5
1980-04-14,529.75,529.75,529.75,529.75
1980-04-15,497.5,497.5,497.5,497.5
1980-04-16,520.0,520.0,520.0,520.0
1980-04-17,513.0,513.0,513.0,513.0
1980-04-18,515.6,515.6,515.6,515.6
1980-04-21,506.0,506.0,506.0,506.0
1980-04-22,506.0,506.0,506.0,506.0
1980-04-23,506.5,506.5,506.5,506.5
1980-04-24,515.7,515.7,515.7,515.7
1980-04-25,551.5,551.5,551.5,551.5
1980-04-28,524.25,524.25,524.25,524.25
1980-04-29,513.75,513.75,513.75,513.75
1980-04-30,518.0,518.0,518.0,518.0
1980-05-01,490.0,490.0,490.0,490.0
1980-05-02,512.5,512.5,512.5,512.5
1980-05-05,515.0,515.0,515.0,515.0
1980-05-06,512.5,512.5,512.5,512.5
1980-05-07,512.5,512.5,512.5,512.5
1980-05-08,515.75,515.75,515.75,515.75
1980-05-09,508.25,508.25,508.25,508.25
1980-05-12,513.25,513.25,513.25,513.25
1980-05-13,512.0,512.0,512.0,512.0
1980-05-14,525.0,525.0,525.0,525.0
1980-05-15,517.0,517.0,517.0,517.0
1980-05-16,516.5,516.5,516.5,516.5
1980-05-19,514.25,514.25,514.25,514.25
1980-05-20,507.75,507.75,507.75,507.75
1980-05-21,513.5,513.5,513.5,513.5
1980-05-22,513.5,513.5,513.5,513.5
1980-05-23,511.25,511.25,511.25,511.25
1980-05-26,511.25,511.25,511.25,511.25
1980-05-27,514.8,514.8,514.8,514.8
1980-05-28,526.5,526.5,526.5,526.5
1980-05-29,519.6,519.6,519.6,519.6
1980-05-30,535.5,535.5,535.5,535.5
1980-06-02,561.5,561.5,561.5,561.5
1980-06-03,552.5,552.5,552.5,552.5
1980-06-04,571.5,571.5,571.5,571.5
1980-06-05,581.75,581.75,581.75,581.75
1980-06-06,581.75,581.75,581.75,581.75
1980-06-09,623.75,623.75,623.75,623.75
1980-06-10,604.0,604.0,604.0,604.0
1980-06-11,596.0,596.0,596.0,596.0
1980-06-12,590.0,590.0,590.0,590.0
1980-06-13,608.4,608.4,608.4,608.4
1980-06-16,590.0,590.0,590.0,590.0
1980-06-17,591.75,591.75,591.75,591.75
1980-06-18,602.5,602.5,602.5,602.5
1980-06-19,599.0,599.0,599.0,599.0
1980-06-20,602.5,602.5,602.5,602.5
1980-06-23,602.5,602.5,602.5,602.5
1980-06-24,603.0,603.0,603.0,603.0
1980-06-25,622.5,622.5,622.5,622.5
1980-06-26,624.5,624.5,624.5,624.5
1980-06-27,637.5,637.5,637.5,637.5
1980-06-30,653.5,653.5,653.5,653.5
1980-07-01,660.0,660.0,660.0,660.0
1980-07-02,661.5,661.5,661.5,661.5
1980-07-03,663.5,663.5,663.5,663.5
1980-07-04,663.5,663.5,663.5,663.5
1980-07-07,667.5,667.5,667.5,667.5
1980-07-08,687.5,687.5,687.5,687.5
1980-07-09,671.0,671.0,671.0,671.0
1980-07-10,656.5,656.5,656.5,656.5
1980-07-11,666.7,666.7,666.7,666.7
1980-07-14,650.0,650.0,650.0,650.0
1980-07-15,619.5,619.5,619.5,619.5
1980-07-16,624.75,624.75,624.75,624.75
1980-07-17,627.25,627.25,627.25,627.25
1980-07-18,606.0,606.0,606.0,606.0
1980-07-21,617.5,617.5,617.5,617.5
1980-07-22,613.0,613.0,613.0,613.0
1980-07-23,631.25,631.25,631.25,631.25
1980-07-24,643.0,643.0,643.0,643.0
1980-07-25,651.75,651.75,651.75,651.75
1980-07-28,643.5,643.5,643.5,643.5
1980-07-29,646.75,646.75,646.75,646.75
1980-07-30,629.0,629.0,629.0,629.0
1980-07-31,614.25,614.25,614.25,614.25
1980-08-01,622.0,622.0,622.0,622.0
1980-08-04,630.75,630.75,630.75,630.75
1980-08-05,630.5,630.5,630.5,630.5
1980-08-06,627.75,627.75,627.75,627.75
1980-08-07,629.5,629.5,629.5,629.5
1980-08-08,630.0,630.0,630.0,630.0
1980-08-11,617.0,617.0,617.0,617.0
1980-08-12,605.0,605.0,605.0,605.0
1980-08-13,615.25,615.25,615.25,615.25
1980-08-14,626.0,626.0,626.0,626.0
1980-08-15,624.5,624.5,624.5,624.5
1980-08-18,612.5,612.5,612.5,612.5
1980-08-19,624.0,624.0,624.0,624.0
1980-08-20,634.75,634.75,634.75,634.75
1980-08-21,645.25,645.25,645.25,645.25
1980-08-22,639.2,639.2,639.2,639.2
1980-08-25,634.75,634.75,634.75,634.75
1980-08-26,628.85,628.85,628.85,628.85
1980-08-27,633.85,633.85,633.85,633.85
1980-08-28,635.3,635.3,635.3,635.3
1980-08-29,631.25,631.25,631.25,631.25
1980-09-01,631.25,631.25,631.25,631.25
1980-09-02,640.0,640.0,640.0,640.0
1980-09-03,636.75,636.75,636.75,636.75
1980-09-04,647.25,647.25,647.25,647.25
1980-09-05,651.0,651.0,651.0,651.0
1980-09-08,672.0,672.0,672.0,672.0
1980-09-09,670.5,670.5,670.5,670.5
1980-09-10,686.5,686.5,686.5,686.5
1980-09-11,674.0,674.0,674.0,674.0
1980-09-12,685.5,685.5,685.5,685.5
1980-09-15,666.5,666.5,666.5,666.5
1980-09-16,668.0,668.0,668.0,668.0
1980-09-17,673.0,673.0,673.0,673.0
1980-09-18,672.25,672.25,672.25,672.25
1980-09-19,674.0,674.0,674.0,674.0
1980-09-22,710.0,710.0,710.0,710.0
1980-09-23,711.0,711.0,711.0,711.0
1980-09-24,710.5,710.5,710.5,710.5
1980-09-25,697.75,697.75,697.75,697.75
1980-09-26,698.25,698.25,698.25,698.25
1980-09-29,679.25,679.25,679.25,679.25
1980-09-30,666.75,666.75,666.75,666.75
1980-10-01,682.0,682.0,682.0,682.0
1980-10-02,665.75,665.75,665.75,665.75
1980-10-03,660.5,660.5,660.5,660.5
1980-10-06,675.8,675.8,675.8,675.8
1980-10-07,678.15,678.15,678.15,678.15
1980-10-08,677.0,677.0,677.0,677.0
1980-10-09,690.0,690.0,690.0,690.0
1980-10-10,685.25,685.25,685.25,685.25
1980-10-13,685.25,685.25,685.25,685.25
1980-10-14,668.5,668.5,668.5,668.5
1980-10-15,678.3,678.3,678.3,678.3
1980-10-16,674.0,674.0,674.0,674.0
1980-10-17,670.5,670.5,670.5,670.5
1980-10-20,657.0,657.0,657.0,657.0
1980-10-21,652.5,652.5,652.5,652.5
1980-10-22,660.0,660.0,660.0,660.0
1980-10-23,634.5,634.5,634.5,634.5
1980-10-24,633.0,633.0,633.0,633.0
1980-10-27,637.25,637.25,637.25,637.25
1980-10-28,631.75,631.75,631.75,631.75
1980-10-29,644.0,644.0,644.0,644.0
1980-10-30,642.8,642.8,642.8,642.8
1980-10-31,629.0,629.0,629.0,629.0
1980-11-03,640.5,640.5,640.5,640.5
1980-11-04,640.5,640.5,640.5,640.5
1980-11-05,652.0,652.0,652.0,652.0
1980-11-06,632.0,632.0,632.0,632.0
1980-11-07,596.0,596.0,596.0,596.0
1980-11-10,612.8,612.8,612.8,612.8
1980-11-11,598.5,598.5,598.5,598.5
1980-11-12,619.5,619.5,619.5,619.5
1980-11-13,622.0,622.0,622.0,622.0
1980-11-14,612.5,612.5,612.5,612.5
1980-11-17,611.75,611.75,611.75,611.75
1980-11-18,619.0,619.0,619.0,619.0
1980-11-19,629.75,629.75,629.75,629.75
1980-11-20,630.5,630.5,630.5,630.5
1980-11-21,634.75,634.75,634.75,634.75
1980-11-24,631.0,631.0,631.0,631.0
1980-11-25,616.35,616.35,616.35,616.35
1980-11-26,623.0,623.0,623.0,623.0
1980-11-27,623.0,623.0,623.0,623.0
1980-11-28,623.0,623.0,623.0,623.0
1980-12-01,635.3,635.3,635.3,635.3
1980-12-02,627.0,627.0,627.0,627.0
1980-12-03,627.5,627.5,627.5,627.5
1980-12-04,631.5,631.5,631.5,631.5
1980-12-05,617.0,617.0,617.0,617.0
1980-12-08,617.25,617.25,617.25,617.25
1980-12-09,604.0,604.0,604.0,604.0
1980-12-10,579.0,579.0,579.0,579.0
1980-12-11,558.0,558.0,558.0,558.0
1980-12-12,562.75,562.75,562.75,562.75
1980-12-15,579.3,579.3,579.3,579.3
1980-12-16,561.0,561.0,561.0,561.0
1980-12-17,575.75,575.75,575.75,575.75
1980-12-18,573.5,573.5,573.5,573.5
1980-12-19,575.0,575.0,575.0,575.0
1980-12-22,594.75,594.75,594.75,594.75
1980-12-23,602.5,602.5,602.5,602.5
1980-12-24,601.0,601.0,601.0,601.0
1980-12-25,601.0,601.0,601.0,601.0
1980-12-26,601.0,601.0,601.0,601.0
1980-12-29,593.75,593.75,593.75,593.75
1980-12-30,589.25,589.25,589.25,589.25
1980-12-31,586.0,586.0,586.0,586.0
1981-01-01,586.0,586.0,586.0,586.0
1981-01-02,586.0,586.0,586.0,586.0
1981-01-05,597.5,597.5,597.5,597.5
1981-01-06,599.25,599.25,599.25,599.25
1981-01-07,585.0,585.0,585.0,585.0
1981-01-08,574.75,574.75,574.75,574.75
1981-01-09,577.75,577.75,577.75,577.75
1981-01-12,562.0,562.0,562.0,562.0
1981-01-13,562.75,562.75,562.75,562.75
1981-01-14,556.5,556.5,556.5,556.5
1981-01-15,571.5,571.5,571.5,571.5
1981-01-16,560.75,560.75,560.75,560.75
1981-01-19,566.75,566.75,566.75,566.75
1981-01-20,562.0,562.0,562.0,562.0
1981-01-21,578.0,578.0,578.0,578.0
1981-01-22,564.0,564.0,564.0,564.0
1981-01-23,553.0,553.0,553.0,553.0
1981-01-26,528.5,528.5,528.5,528.5
1981-01-27,524.0,524.0,524.0,524.0
1981-01-28,523.5,523.5,523.5,523.5
1981-01-29,493.75,493.75,493.75,493.75
1981-01-30,506.5,506.5,506.5,506.5
1981-02-02,493.5,493.5,493.5,493.5
1981-02-03,486.25,486.25,486.25,486.25
1981-02-04,505.0,505.0,505.0,505.0
1981-02-05,498.5,498.5,498.5,498.5
1981-02-06,500.5,500.5,500.5,500.5
1981-02-09,512.5,512.5,512.5,512.5
1981-02-10,519.5,519.5,519.5,519.5
1981-02-11,501.0,501.0,501.0,501.0
1981-02-12,490.25,490.25,490.25,490.25
1981-02-13,491.5,491.5,491.5,491.5
1981-02-16,491.5,491.5,491.5,491.5
1981-02-17,500.75,500.75,500.75,500.75
1981-02-18,505.0,505.0,505.0,505.0
1981-02-19,503.25,503.25,503.25,503.25
1981-02-20,511.5,511.5,511.5,511.5
1981-02-23,501.5,501.5,501.5,501.5
1981-02-24,503.0,503.0,503.0,503.0
1981-02-25,500.5,500.5,500.5,500.5
1981-02-26,492.0,492.0,492.0,492.0
1981-02-27,489.0,489.0,489.0,489.0
1981-03-02,465.5,465.5,465.5,465.5
1981-03-03,471.0,471.0,471.0,471.0
1981-03-04,465.5,465.5,465.5,465.5
1981-03-05,461.5,461.5,461.5,461.5
1981-03-06,467.0,467.0,467.0,467.0
1981-03-09,475.25,475.25,475.25,475.25
1981-03-10,487.25,487.25,487.25,487.25
1981-03-11,476.25,476.25,476.25,476.25
1981-03-12,478.0,478.0,478.0,478.0
1981-03-13,492.0,492.0,492.0,492.0
1981-03-16,499.75,499.75,499.75,499.75
1981-03-17,493.25,493.25,493.25,493.25
1981-03-18,506.0,506.0,506.0,506.0
1981-03-19,510.0,510.0,510.0,510.0
1981-03-20,516.75,516.75,516.75,516.75
1981-03-23,526.0,526.0,526.0,526.0
1981-03-24,536.25,536.25,536.25,536.25
1981-03-25,528.0,528.0,528.0,528.0
1981-03-26,539.5,539.5,539.5,539.5
1981-03-27,538.75,538.75,538.75,538.75
1981-03-30,526.5,526.5,526.5,526.5
1981-03-31,513.75,513.75,513.75,513.75
1981-04-01,514.25,514.25,514.25,514.25
1981-04-02,519.5,519.5,519.5,519.5
1981-04-03,523.0,523.0,523.0,523.0
1981-04-06,533.75,533.75,533.75,533.75
1981-04-07,514.25,514.25,514.25,514.25
1981-04-08,508.5,508.5,508.5,508.5
1981-04-09,503.0,503.0,503.0,503.0
1981-04-10,493.5,493.5,493.5,493.5
1981-04-13,473.75,473.75,473.75,473.75
1981-04-14,483.0,483.0,483.0,483.0
1981-04-15,476.25,476.25,476.25,476.25
1981-04-16,482.5,482.5,482.5,482.5
1981-04-17,482.5,482.5,482.5,482.5
1981-04-20,477.0,477.0,477.0,477.0
1981-04-21,481.0,481.0,481.0,481.0
1981-04-22,501.0,501.0,501.0,501.0
1981-04-23,488.5,488.5,488.5,488.5
1981-04-24,494.5,494.5,494.5,494.5
1981-04-27,483.0,483.0,483.0,483.0
1981-04-28,482.75,482.75,482.75,482.75
1981-04-29,477.25,477.25,477.25,477.25
1981-04-30,482.75,482.75,482.75,482.75
1981-05-01,487.5,487.5,487.5,487.5
1981-05-04,481.5,481.5,481.5,481.5
1981-05-05,476.25,476.25,476.25,476.25
1981-05-06,482.0,482.0,482.0,482.0
1981-05-07,477.75,477.75,477.75,477.75
1981-05-08,485.75,485.75,485.75,485.75
1981-05-11,493.0,493.0,493.0,493.0
1981-05-12,484.0,484.0,484.0,484.0
1981-05-13,484.25,484.25,484.25,484.25
1981-05-14,476.5,476.5,476.5,476.5
1981-05-15,485.0,485.0,485.0,485.0
1981-05-18,481.75,481.75,481.75,481.75
1981-05-19,481.5,481.5,481.5,481.5
1981-05-20,479.75,479.75,479.75,479.75
1981-05-21,475.0,475.0,475.0,475.0
1981-05-22,472.75,472.75,472.75,472.75
1981-05-25,472.75,472.75,472.75,472.75
1981-05-26,466.5,466.5,466.5,466.5
1981-05-27,466.75,466.75,466.75,466.75
1981-05-28,479.0,479.0,479.0,479.0
1981-05-29,479.25,479.25,479.25,479.25
1981-06-01,483.25,483.25,483.25,483.25
1981-06-02,474.0,474.0,474.0,474.0
1981-06-03,475.5,475.5,475.5,475.5
1981-06-04,462.5,462.5,462.5,462.5
1981-06-05,460.0,460.0,460.0,460.0
1981-06-08,473.5,473.5,473.5,473.5
1981-06-09,460.5,460.5,460.5,460.5
1981-06-10,465.25,465.25,465.25,465.25
1981-06-11,464.25,464.25,464.25,464.25
1981-06-12,472.0,472.0,472.0,472.0
1981-06-15,471.75,471.75,471.75,471.75
1981-06-16,461.5,461.5,461.5,461.5
1981-06-17,461.75,461.75,461.75,461.75
1981-06-18,459.0,459.0,459.0,459.0
1981-06-19,458.25,458.25,458.25,458.25
1981-06-22,462.0,462.0,462.0,462.0
1981-06-23,466.5,466.5,466.5,466.5
1981-06-24,462.0,462.0,462.0,462.0
1981-06-25,446.5,446.5,446.5,446.5
1981-06-26,442.0,442.0,442.0,442.0
1981-06-29,428.75,428.75,428.75,428.75
1981-06-30,426.0,426.0,426.0,426.0
1981-07-01,422.0,422.0,422.0,422.0
1981-07-02,414.5,414.5,414.5,414.5
1981-07-03,414.5,414.5,414.5,414.5
1981-07-06,403.75,403.75,403.75,403.75
1981-07-07,405.0,405.0,405.0,405.0
1981-07-08,397.75,397.75,397.75,397.75
1981-07-09,406.25,406.25,406.25,406.25
1981-07-10,416.5,416.5,416.5,416.5
1981-07-13,413.0,413.0,413.0,413.0
1981-07-14,402.25,402.25,402.25,402.25
1981-07-15,412.25,412.25,412.25,412.25
1981-07-16,418.25,418.25,418.25,418.25
1981-07-17,415.0,415.0,415.0,415.0
1981-07-20,412.5,412.5,412.5,412.5
1981-07-21,406.0,406.0,406.0,406.0
1981-07-22,411.5,411.5,411.5,411.5
1981-07-23,407.75,407.75,407.75,407.75
1981-07-24,407.5,407.5,407.5,407.5
1981-07-27,408.75,408.75,408.75,408.75
1981-07-28,401.5,401.5,401.5,401.5
1981-07-29,404.2,404.2,404.2,404.2
1981-07-30,402.25,402.25,402.25,402.25
1981-07-31,406.0,406.0,406.0,406.0
1981-08-03,392.5,392.5,392.5,392.5
1981-08-04,391.25,391.25,391.25,391.25
1981-08-05,392.4,392.4,392.4,392.4
1981-08-06,393.25,393.25,393.25,393.25
1981-08-07,397.25,397.25,397.25,397.25
1981-08-10,393.75,393.75,393.75,393.75
1981-08-11,401.0,401.0,401.0,401.0
1981-08-12,417.5,417.5,417.5,417.5
1981-08-13,407.25,407.25,407.25,407.25
1981-08-14,413.0,413.0,413.0,413.0
1981-08-17,441.5,441.5,441.5,441.5
1981-08-18,420.0,420.0,420.0,420.0
1981-08-19,431.5,431.5,431.5,431.5
1981-08-20,429.0,429.0,429.0,429.0
1981-08-21,429.5,429.5,429.5,429.5
1981-08-24,422.0,422.0,422.0,422.0
1981-08-25,409.75,409.75,409.75,409.75
1981-08-26,414.0,414.0,414.0,414.0
1981-08-27,411.75,411.75,411.75,411.75
1981-08-28,425.0,425.0,425.0,425.0
1981-08-31,427.0,427.0,427.0,427.0
1981-09-01,421.5,421.5,421.5,421.5
1981-09-02,430.0,430.0,430.0,430.0
1981-09-03,436.5,436.5,436.5,436.5
1981-09-04,439.5,439.5,439.5,439.5
1981-09-07,439.5,439.5,439.5,439.5
1981-09-08,439.0,439.0,439.0,439.0
1981-09-09,436.75,436.75,436.75,436.75
1981-09-10,451.5,451.5,451.5,451.5
1981-09-11,448.25,448.25,448.25,448.25
1981-09-14,451.25,451.25,451.25,451.25
1981-09-15,456.0,456.0,456.0,456.0
1981-09-16,449.0,449.0,449.0,449.0
1981-09-17,459.0,459.0,459.0,459.0
1981-09-18,447.0,447.0,447.0,447.0
1981-09-21,463.5,463.5,463.5,463.5
1981-09-22,462.0,462.0,462.0,462.0
1981-09-23,456.5,456.5,456.5,456.5
1981-09-24,446.25,446.25,446.25,446.25
1981-09-25,450.5,450.5,450.5,450.5
1981-09-28,421.5,421.5,421.5,421.5
1981-09-29,431.75,431.75,431.75,431.75
1981-09-30,428.75,428.75,428.75,428.75
1981-10-01,436.75,436.75,436.75,436.75
1981-10-02,435.0,435.0,435.0,435.0
1981-10-05,441.25,441.25,441.25,441.25
1981-10-06,443.0,443.0,443.0,443.0
1981-10-07,445.5,445.5,445.5,445.5
1981-10-08,443.25,443.25,443.25,443.25
1981-10-09,453.5,453.5,453.5,453.5
1981-10-12,453.5,453.5,453.5,453.5
1981-10-13,443.25,443.25,443.25,443.25
1981-10-14,444.25,444.25,444.25,444.25
1981-10-15,446.65,446.65,446.65,446.65
1981-10-16,443.75,443.75,443.75,443.75
1981-10-19,436.7,436.7,436.7,436.7
1981-10-20,437.3,437.3,437.3,437.3
1981-10-21,429.0,429.0,429.0,429.0
1981-10-22,433.75,433.75,433.75,433.75
1981-10-23,432.5,432.5,432.5,432.5
1981-10-26,426.0,426.0,426.0,426.0
1981-10-27,427.4,427.4,427.4,427.4
1981-10-28,430.8,430.8,430.8,430.8
1981-10-29,424.5,424.5,424.5,424.5
1981-10-30,427.0,427.0,427.0,427.0
1981-11-02,430.0,430.0,430.0,430.0
1981-11-03,428.25,428.25,428.25,428.25
1981-11-04,431.25,431.25,431.25,431.25
1981-11-05,428.5,428.5,428.5,428.5
1981-11-06,428.25,428.25,428.25,428.25
1981-11-09,429.75,429.75,429.75,429.75
1981-11-10,418.5,418.5,418.5,418.5
1981-11-11,412.0,412.0,412.0,412.0
1981-11-12,411.5,411.5,411.5,411.5
1981-11-13,412.5,412.5,412.5,412.5
1981-11-16,404.25,404.25,404.25,404.25
1981-11-17,398.75,398.75,398.75,398.75
1981-11-18,403.75,403.75,403.75,403.75
1981-11-19,401.0,401.0,401.0,401.0
1981-11-20,401.5,401.5,401.5,401.5
1981-11-23,396.75,396.75,396.75,396.75
1981-11-24,399.25,399.25,399.25,399.25
1981-11-25,409.5,409.5,409.5,409.5
1981-11-26,409.5,409.5,409.5,409.5
1981-11-27,409.5,409.5,409.5,409.5
1981-11-30,414.5,414.5,414.5,414.5
1981-12-01,402.5,402.5,402.5,402.5
1981-12-02,406.75,406.75,406.75,406.75
1981-12-03,416.5,416.5,416.5,416.5
1981-12-04,426.0,426.0,426.0,426.0
1981-12-07,416.75,416.75,416.75,416.75
1981-12-08,415.25,415.25,415.25,415.25
1981-12-09,410.25,410.25,410.25,410.25
1981-12-10,405.5,405.5,405.5,405.5
1981-12-11,409.75,409.75,409.75,409.75
1981-12-14,417.5,417.5,417.5,417.5
1981-12-15,413.25,413.25,413.25,413.25
1981-12-16,416.75,416.75,416.75,416.75
1981-12-17,416.25,416.25,416.25,416.25
1981-12-18,415.75,415.75,415.75,415.75
1981-12-21,410.5,410.5,410.5,410.5
1981-12-22,399.6,399.6,399.6,399.6
1981-12-23,400.4,400.4,400.4,400.4
1981-12-24,400.4,400.4,400.4,400.4
1981-12-25,400.4,400.4,400.4,400.4
1981-12-28,396.0,396.0,396.0,396.0
1981-12-29,395.0,395.0,395.0,395.0
1981-12-30,397.5,397.5,397.5,397.5
1981-12-31,401.0,401.0,401.0,401.0
1982-01-01,401.0,401.0,401.0,401.0
1982-01-04,395.0,395.0,395.0,395.0
1982-01-05,403.5,403.5,403.5,403.5
1982-01-06,401.5,401.5,401.5,401.5
1982-01-07,396.5,396.5,396.5,396.5
1982-01-08,400.25,400.25,400.25,400.25
1982-01-11,388.25,388.25,388.25,388.25
1982-01-12,389.0,389.0,389.0,389.0
1982-01-13,380.0,380.0,380.0,380.0
1982-01-14,374.75,374.75,374.75,374.75
1982-01-15,379.25,379.25,379.25,379.25
1982-01-18,373.75,373.75,373.75,373.75
1982-01-19,375.25,375.25,375.25,375.25
1982-01-20,371.5,371.5,371.5,371.5
1982-01-21,376.0,376.0,376.0,376.0
1982-01-22,377.25,377.25,377.25,377.25
1982-01-25,372.0,372.0,372.0,372.0
1982-01-26,376.5,376.5,376.5,376.5
1982-01-27,381.75,381.75,381.75,381.75
1982-01-28,383.5,383.5,383.5,383.5
1982-01-29,387.0,387.0,387.0,387.0
1982-02-01,379.5,379.5,379.5,379.5
1982-02-02,379.15,379.15,379.15,379.15
1982-02-03,378.0,378.0,378.0,378.0
1982-02-04,383.75,383.75,383.75,383.75
1982-02-05,384.25,384.25,384.25,384.25
1982-02-08,379.75,379.75,379.75,379.75
1982-02-09,378.5,378.5,378.5,378.5
1982-02-10,382.15,382.15,382.15,382.15
1982-02-11,380.0,380.0,380.0,380.0
1982-02-12,377.5,377.5,377.5,377.5
1982-02-15,377.5,377.5,377.5,377.5
1982-02-16,375.25,375.25,375.25,375.25
1982-02-17,374.0,374.0,374.0,374.0
1982-02-18,369.25,369.25,369.25,369.25
1982-02-19,369.25,369.25,369.25,369.25
1982-02-22,364.25,364.25,364.25,364.25
1982-02-23,361.0,361.0,361.0,361.0
1982-02-24,362.75,362.75,362.75,362.75
1982-02-25,366.45,366.45,366.45,366.45
1982-02-26,362.6,362.6,362.6,362.6
1982-03-01,361.25,361.25,361.25,361.25
1982-03-02,361.25,361.25,361.25,361.25
1982-03-03,353.75,353.75,353.75,353.75
1982-03-04,346.5,346.5,346.5,346.5
1982-03-05,342.4,342.4,342.4,342.4
1982-03-08,330.5,330.5,330.5,330.5
1982-03-09,329.25,329.25,329.25,329.25
1982-03-10,333.0,333.0,333.0,333.0
1982-03-11,331.75,331.75,331.75,331.75
1982-03-12,323.25,323.25,323.25,323.25
1982-03-15,312.0,312.0,312.0,312.0
1982-03-16,324.5,324.5,324.5,324.5
1982-03-17,316.0,316.0,316.0,316.0
1982-03-18,320.0,320.0,320.0,320.0
1982-03-19,315.75,315.75,315.75,315.75
1982-03-22,320.8,320.8,320.8,320.8
1982-03-24,331.75,331.75,331.75,331.75
1982-03-25,327.75,327.75,327.75,327.75
1982-03-26,322.25,322.25,322.25,322.25
1982-03-29,318.5,318.5,318.5,318.5
1982-03-30,324.25,324.25,324.25,324.25
1982-03-31,320.22,320.22,320.22,320.22
1982-04-01,327.0,327.0,327.0,327.0
1982-04-02,327.75,327.75,327.75,327.75
1982-04-05,337.5,337.5,337.5,337.5
1982-04-06,345.5,345.5,345.5,345.5
1982-04-07,354.0,354.0,354.0,354.0
1982-04-08,351.5,351.5,351.5,351.5
1982-04-09,351.5,351.5,351.5,351.5
1982-04-12,353.5,353.5,353.5,353.5
1982-04-13,353.5,353.5,353.5,353.5
1982-04-14,366.75,366.75,366.75,366.75
1982-04-15,363.25,363.25,363.25,363.25
1982-04-16,362.75,362.75,362.75,362.75
1982-04-19,357.0,357.0,357.0,357.0
1982-04-20,343.0,343.0,343.0,343.0
1982-04-21,346.75,346.75,346.75,346.75
1982-04-22,345.0,345.0,345.0,345.0
1982-04-23,352.25,352.25,352.25,352.25
1982-04-26,357.0,357.0,357.0,357.0
1982-04-27,351.75,351.75,351.75,351.75
1982-04-28,354.5,354.5,354.5,354.5
1982-04-29,348.75,348.75,348.75,348.75
1982-04-30,361.25,361.25,361.25,361.25
1982-05-03,345.5,345.5,345.5,345.5
1982-05-04,341.75,341.75,341.75,341.75
1982-05-05,338.4,338.4,338.4,338.4
1982-05-06,334.5,334.5,334.5,334.5
1982-05-07,334.75,334.75,334.75,334.75
1982-05-10,329.0,329.0,329.0,329.0
1982-05-11,332.25,332.25,332.25,332.25
1982-05-12,331.5,331.5,331.5,331.5
1982-05-13,331.0,331.0,331.0,331.0
1982-05-14,333.25,333.25,333.25,333.25
1982-05-17,338.5,338.5,338.5,338.5
1982-05-18,338.0,338.0,338.0,338.0
1982-05-19,342.0,342.0,342.0,342.0
1982-05-20,342.5,342.5,342.5,342.5
1982-05-21,338.5,338.5,338.5,338.5
1982-05-24,329.0,329.0,329.0,329.0
1982-05-25,327.9,327.9,327.9,327.9
1982-05-26,330.25,330.25,330.25,330.25
1982-05-27,324.25,324.25,324.25,324.25
1982-05-28,325.25,325.25,325.25,325.25
1982-05-31,325.25,325.25,325.25,325.25
1982-06-01,318.75,318.75,318.75,318.75
1982-06-02,318.5,318.5,318.5,318.5
1982-06-03,320.35,320.35,320.35,320.35
1982-06-04,318.75,318.75,318.75,318.75
1982-06-07,325.25,325.25,325.25,325.25
1982-06-08,328.75,328.75,328.75,328.75
1982-06-09,326.0,326.0,326.0,326.0
1982-06-10,326.75,326.75,326.75,326.75
1982-06-11,325.25,325.25,325.25,325.25
1982-06-14,320.75,320.75,320.75,320.75
1982-06-15,315.0,315.0,315.0,315.0
1982-06-16,317.0,317.0,317.0,317.0
1982-06-17,309.0,309.0,309.0,309.0
1982-06-18,308.75,308.75,308.75,308.75
1982-06-21,296.75,296.75,296.75,296.75
1982-06-22,304.0,304.0,304.0,304.0
1982-06-23,304.0,304.0,304.0,304.0
1982-06-24,310.25,310.25,310.25,310.25
1982-06-25,305.5,305.5,305.5,305.5
1982-06-28,303.75,303.75,303.75,303.75
1982-06-29,309.0,309.0,309.0,309.0
1982-06-30,317.5,317.5,317.5,317.5
1982-07-01,310.2,310.2,310.2,310.2
1982-07-02,312.7,312.7,312.7,312.7
1982-07-06,311.0,311.0,311.0,311.0
1982-07-07,306.7,306.7,306.7,306.7
1982-07-08,313.5,313.5,313.5,313.5
1982-07-09,328.5,328.5,328.5,328.5
1982-07-12,343.0,343.0,343.0,343.0
1982-07-13,352.5,352.5,352.5,352.5
1982-07-14,352.7,352.7,352.7,352.7
1982-07-15,350.2,350.2,350.2,350.2
1982-07-16,347.0,347.0,347.0,347.0
1982-07-19,347.5,347.5,347.5,347.5
1982-07-20,347.7,347.7,347.7,347.7
1982-07-21,366.5,366.5,366.5,366.5
1982-07-22,353.0,353.0,353.0,353.0
1982-07-23,363.2,363.2,363.2,363.2
1982-07-26,352.2,352.2,352.2,352.2
1982-07-27,351.2,351.2,351.2,351.2
1982-07-28,347.0,347.0,347.0,347.0
1982-07-29,342.5,342.5,342.5,342.5
1982-07-30,342.9,342.9,342.9,342.9
1982-08-02,351.3,351.3,351.3,351.3
1982-08-03,349.2,349.2,349.2,349.2
1982-08-04,346.2,346.2,346.2,346.2
1982-08-05,346.5,346.5,346.5,346.5
1982-08-06,344.7,344.7,344.7,344.7
1982-08-09,336.0,336.0,336.0,336.0
1982-08-10,338.2,338.2,338.2,338.2
1982-08-11,333.5,333.5,333.5,333.5
1982-08-12,334.7,334.7,334.7,334.7
1982-08-13,338.0,338.0,338.0,338.0
1982-08-16,341.7,341.7,341.7,341.7
1982-08-17,337.7,337.7,337.7,337.7
1982-08-18,357.7,357.7,357.7,357.7
1982-08-19,356.6,356.6,356.6,356.6
1982-08-20,386.5,386.5,386.5,386.5
1982-08-23,394.5,394.5,394.5,394.5
1982-08-24,407.7,407.7,407.7,407.7
1982-08-25,401.0,401.0,401.0,401.0
1982-08-26,417.0,417.0,417.0,417.0
1982-08-27,418.0,418.0,418.0,418.0
1982-08-30,402.2,402.2,402.2,402.2
1982-08-31,411.5,411.5,411.5,411.5
1982-09-01,405.2,405.2,405.2,405.2
1982-09-02,409.7,409.7,409.7,409.7
1982-09-03,455.0,455.0,455.0,455.0
1982-09-07,481.0,481.0,481.0,481.0
1982-09-08,458.0,458.0,458.0,458.0
1982-09-09,466.0,466.0,466.0,466.0
1982-09-10,453.0,453.0,453.0,453.0
1982-09-13,439.0,439.0,439.0,439.0
1982-09-14,454.2,454.2,454.2,454.2
1982-09-15,443.2,443.2,443.2,443.2
1982-09-16,448.5,448.5,448.5,448.5
1982-09-17,441.5,441.5,441.5,441.5
1982-09-20,424.2,424.2,424.2,424.2
1982-09-21,426.5,426.5,426.5,426.5
1982-09-22,443.7,443.7,443.7,443.7
1982-09-23,435.8,435.8,435.8,435.8
1982-09-24,431.0,431.0,431.0,431.0
1982-09-27,413.7,413.7,413.7,413.7
1982-09-28,410.5,410.5,410.5,410.5
1982-09-29,409.7,409.7,409.7,409.7
1982-09-30,397.0,397.0,397.0,397.0
1982-10-01,402.0,402.0,402.0,402.0
1982-10-04,387.5,387.5,387.5,387.5
1982-10-05,390.2,390.2,390.2,390.2
1982-10-06,404.0,404.0,404.0,404.0
1982-10-07,418.5,418.5,418.5,418.5
1982-10-08,433.0,433.0,433.0,433.0
1982-10-12,441.2,441.2,441.2,441.2
1982-10-13,428.7,428.7,428.7,428.7
1982-10-14,448.0,448.0,448.0,448.0
1982-10-15,432.5,432.5,432.5,432.5
1982-10-18,428.2,428.2,428.2,428.2
1982-10-19,441.5,441.5,441.5,441.5
1982-10-20,422.0,422.0,422.0,422.0
1982-10-21,432.5,432.5,432.5,432.5
1982-10-22,428.0,428.0,428.0,428.0
1982-10-25,418.6,418.6,418.6,418.6
1982-10-26,419.2,419.2,419.2,419.2
1982-10-27,417.7,417.7,417.7,417.7
1982-10-28,418.2,418.2,418.2,418.2
1982-11-03,427.5,427.5,427.5,427.5
1982-11-04,424.7,424.7,424.7,424.7
1982-11-05,417.5,417.5,417.5,417.5
1982-11-08,407.2,407.2,407.2,407.2
1982-11-09,409.2,409.2,409.2,409.2
1982-11-10,411.0,411.0,411.0,411.0
1982-11-11,401.2,401.2,401.2,401.2
1982-11-12,398.0,398.0,398.0,398.0
1982-11-15,403.2,403.2,403.2,403.2
1982-11-16,407.5,407.5,407.5,407.5
1982-11-17,412.5,412.5,412.5,412.5
1982-11-18,408.5,408.5,408.5,408.5
1982-11-19,417.6,417.6,417.6,417.6
1982-11-22,410.5,410.5,410.5,410.5
1982-11-23,406.0,406.0,406.0,406.0
1982-11-24,409.2,409.2,409.2,409.2
1982-11-26,406.0,406.0,406.0,406.0
1982-11-29,434.0,434.0,434.0,434.0
1982-11-30,436.0,436.0,436.0,436.0
1982-12-01,440.2,440.2,440.2,440.2
1982-12-02,446.2,446.2,446.2,446.2
1982-12-03,441.2,441.2,441.2,441.2
1982-12-06,445.2,445.2,445.2,445.2
1982-12-07,454.5,454.5,454.5,454.5
1982-12-08,445.0,445.0,445.0,445.0
1982-12-09,437.5,437.5,437.5,437.5
1982-12-10,435.7,435.7,435.7,435.7
1982-12-13,438.7,438.7,438.7,438.7
1982-12-14,449.4,449.4,449.4,449.4
1982-12-15,437.5,437.5,437.5,437.5
1982-12-16,440.2,440.2,440.2,440.2
1982-12-17,437.0,437.0,437.0,437.0
1982-12-20,440.2,440.2,440.2,440.2
1982-12-21,442.2,442.2,442.2,442.2
1982-12-22,447.2,447.2,447.2,447.2
1982-12-23,445.7,445.7,445.7,445.7
1982-12-27,457.0,457.0,457.0,457.0
1982-12-28,455.5,455.5,455.5,455.5
1982-12-29,460.5,460.5,460.5,460.5
1982-12-30,456.9,456.9,456.9,456.9
1983-01-03,452.0,452.0,452.0,452.0
1983-01-04,449.5,449.5,449.5,449.5
1983-01-05,454.0,454.0,454.0,454.0
1983-01-06,454.5,454.5,454.5,454.5
1983-01-07,465.0,465.0,465.0,465.0
1983-01-10,474.0,474.0,474.0,474.0
1983-01-11,484.5,484.5,484.5,484.5
1983-01-12,480.5,480.5,480.5,480.5
1983-01-13,488.2,488.2,488.2,488.2
1983-01-14,483.2,483.2,483.2,483.2
1983-01-17,498.5,498.5,498.5,498.5
1983-01-18,485.0,485.0,485.0,485.0
1983-01-19,495.5,495.5,495.5,495.5
1983-01-20,487.2,487.2,487.2,487.2
1983-01-21,485.0,485.0,485.0,485.0
1983-01-24,476.0,476.0,476.0,476.0
1983-01-25,488.7,488.7,488.7,488.7
1983-01-26,486.5,486.5,486.5,486.5
1983-01-27,496.5,496.5,496.5,496.5
1983-01-28,493.7,493.7,493.7,493.7
1983-01-31,499.5,499.5,499.5,499.5
1983-02-01,508.5,508.5,508.5,508.5
1983-02-02,498.2,498.2,498.2,498.2
1983-02-03,503.5,503.5,503.5,503.5
1983-02-04,498.5,498.5,498.5,498.5
1983-02-07,490.2,490.2,490.2,490.2
1983-02-08,497.2,497.2,497.2,497.2
1983-02-09,490.5,490.5,490.5,490.5
1983-02-10,496.0,496.0,496.0,496.0
1983-02-11,504.5,504.5,504.5,504.5
1983-02-14,500.5,500.5,500.5,500.5
1983-02-15,509.2,509.2,509.2,509.2
1983-02-16,508.5,508.5,508.5,508.5
1983-02-17,504.7,504.7,504.7,504.7
1983-02-18,503.5,503.5,503.5,503.5
1983-02-22,485.5,485.5,485.5,485.5
1983-02-23,470.2,470.2,470.2,470.2
1983-02-24,475.0,475.0,475.0,475.0
1983-02-25,464.7,464.7,464.7,464.7
1983-02-28,408.5,408.5,408.5,408.5
1983-03-01,414.0,414.0,414.0,414.0
1983-03-02,430.0,430.0,430.0,430.0
1983-03-03,429.5,429.5,429.5,429.5
1983-03-04,412.5,412.5,412.5,412.5
1983-03-07,420.7,420.7,420.7,420.7
1983-03-08,417.5,417.5,417.5,417.5
1983-03-09,426.0,426.0,426.0,426.0
1983-03-10,434.7,434.7,434.7,434.7
1983-03-11,420.5,420.5,420.5,420.5
1983-03-14,428.5,428.5,428.5,428.5
1983-03-15,434.5,434.5,434.5,434.5
1983-03-16,419.0,419.0,419.0,419.0
1983-03-17,416.5,416.5,416.5,416.5
1983-03-18,421.7,421.7,421.7,421.7
1983-03-21,414.5,414.5,414.5,414.5
1983-03-22,421.2,421.2,421.2,421.2
1983-03-23,410.0,410.0,410.0,410.0
1983-03-24,415.5,415.5,415.5,415.5
1983-03-25,411.7,411.7,411.7,411.7
1983-03-28,408.7,408.7,408.7,408.7
1983-03-29,412.7,412.7,412.7,412.7
1983-03-30,418.0,418.0,418.0,418.0
1983-03-31,414.7,414.7,414.7,414.7
1983-04-04,417.0,417.0,417.0,417.0
1983-04-05,426.7,426.7,426.7,426.7
1983-04-06,428.5,428.5,428.5,428.5
1983-04-07,425.7,425.7,425.7,425.7
1983-04-08,421.2,421.2,421.2,421.2
1983-04-11,426.7,426.7,426.7,426.7
1983-04-12,432.7,432.7,432.7,432.7
1983-04-13,429.2,429.2,429.2,429.2
1983-04-14,435.5,435.5,435.5,435.5
1983-04-15,436.5,436.5,436.5,436.5
1983-04-18,443.0,443.0,443.0,443.0
1983-04-19,439.5,439.5,439.5,439.5
1983-04-20,433.7,433.7,433.7,433.7
1983-04-21,439.5,439.5,439.5,439.5
1983-04-22,437.0,437.0,437.0,437.0
1983-04-25,441.5,441.5,441.5,441.5
1983-04-26,435.5,435.5,435.5,435.5
1983-04-27,434.2,434.2,434.2,434.2
1983-04-28,428.5,428.5,428.5,428.5
1983-04-29,429.2,429.2,429.2,429.2
1983-05-02,428.5,428.5,428.5,428.5
1983-05-03,433.5,433.5,433.5,433.5
1983-05-04,432.7,432.7,432.7,432.7
1983-05-05,433.7,433.7,433.7,433.7
1983-05-06,431.2,431.2,431.2,431.2
1983-05-09,434.0,434.0,434.0,434.0
1983-05-10,443.7,443.7,443.7,443.7
1983-05-11,443.0,443.0,443.0,443.0
1983-05-12,439.7,439.7,439.7,439.7
1983-05-13,441.2,441.2,441.2,441.2
1983-05-16,436.2,436.2,436.2,436.2
1983-05-17,440.7,440.7,440.7,440.7
1983-05-18,442.7,442.7,442.7,442.7
1983-05-19,442.6,442.6,442.6,442.6
1983-05-20,438.7,438.7,438.7,438.7
1983-05-23,432.7,432.7,432.7,432.7
1983-05-24,436.8,436.8,436.8,436.8
1983-05-25,441.7,441.7,441.7,441.7
1983-05-26,440.0,440.0,440.0,440.0
1983-05-27,437.2,437.2,437.2,437.2
1983-05-31,437.5,437.5,437.5,437.5
1983-06-01,410.0,410.0,410.0,410.0
1983-06-02,412.5,412.5,412.5,412.5
1983-06-03,411.5,411.5,411.5,411.5
1983-06-06,407.7,407.7,407.7,407.7
1983-06-07,400.2,400.2,400.2,400.2
1983-06-08,403.0,403.0,403.0,403.0
1983-06-09,407.7,407.7,407.7,407.7
1983-06-10,411.2,411.2,411.2,411.2
1983-06-13,413.0,413.0,413.0,413.0
1983-06-14,407.9,407.9,407.9,407.9
1983-06-15,408.2,408.2,408.2,408.2
1983-06-16,412.5,412.5,412.5,412.5
1983-06-17,415.5,415.5,415.5,415.5
1983-06-20,415.7,415.7,415.7,415.7
1983-06-21,414.7,414.7,414.7,414.7
1983-06-22,420.5,420.5,420.5,420.5
1983-06-23,420.5,420.5,420.5,420.5
1983-06-24,423.5,423.5,423.5,423.5
1983-06-27,419.5,419.5,419.5,419.5
1983-06-28,416.0,416.0,416.0,416.0
1983-06-29,414.8,414.8,414.8,414.8
1983-06-30,416.0,416.0,416.0,416.0
1983-07-01,416.2,416.2,416.2,416.2
1983-07-05,410.7,410.7,410.7,410.7
1983-07-06,411.6,411.6,411.6,411.6
1983-07-07,412.2,412.2,412.2,412.2
1983-07-08,426.0,426.0,426.0,426.0
1983-07-11,430.5,430.5,430.5,430.5
1983-07-12,429.0,429.0,429.0,429.0
1983-07-13,427.2,427.2,427.2,427.2
1983-07-14,426.2,426.2,426.2,426.2
1983-07-15,422.2,422.2,422.2,422.2
1983-07-18,422.4,422.4,422.4,422.4
1983-07-19,423.7,423.7,423.7,423.7
1983-07-20,428.2,428.2,428.2,428.2
1983-07-21,429.7,429.7,429.7,429.7
1983-07-22,423.5,423.5,423.5,423.5
1983-07-25,422.0,422.0,422.0,422.0
1983-07-26,425.5,425.5,425.5,425.5
1983-07-27,426.2,426.2,426.2,426.2
1983-07-28,425.5,425.5,425.5,425.5
1983-07-29,422.0,422.0,422.0,422.0
1983-08-01,411.2,411.2,411.2,411.2
1983-08-02,414.2,414.2,414.2,414.2
1983-08-03,411.0,411.0,411.0,411.0
1983-08-04,414.0,414.0,414.0,414.0
1983-08-05,409.7,409.7,409.7,409.7
1983-08-08,408.5,408.5,408.5,408.5
1983-08-09,413.0,413.0,413.0,413.0
1983-08-10,408.2,408.2,408.2,408.2
1983-08-11,411.7,411.7,411.7,411.7
1983-08-12,412.4,412.4,412.4,412.4
1983-08-15,416.0,416.0,416.0,416.0
1983-08-16,420.5,420.5,420.5,420.5
1983-08-17,422.5,422.5,422.5,422.5
1983-08-18,421.5,421.5,421.5,421.5
1983-08-19,417.7,417.7,417.7,417.7
1983-08-22,421.7,421.7,421.7,421.7
1983-08-23,426.4,426.4,426.4,426.4
1983-08-24,424.0,424.0,424.0,424.0
1983-08-25,423.2,423.2,423.2,423.2
1983-08-26,417.0,417.0,417.0,417.0
1983-08-29,416.5,416.5,416.5,416.5
1983-08-30,418.1,418.1,418.1,418.1
1983-08-31,414.2,414.2,414.2,414.2
1983-09-01,416.6,416.6,416.6,416.6
1983-09-02,417.5,417.5,417.5,417.5
1983-09-06,418.2,418.2,418.2,418.2
1983-09-07,413.2,413.2,413.2,413.2
1983-09-08,414.0,414.0,414.0,414.0
1983-09-09,414.7,414.7,414.7,414.7
1983-09-12,415.7,415.7,415.7,415.7
1983-09-13,406.7,406.7,406.7,406.7
1983-09-14,401.7,401.7,401.7,401.7
1983-09-15,405.2,405.2,405.2,405.2
1983-09-19,412.2,412.2,412.2,412.2
1983-09-20,412.3,412.3,412.3,412.3
1983-09-21,411.2,411.2,411.2,411.2
1983-09-22,407.7,407.7,407.7,407.7
1983-09-23,413.0,413.0,413.0,413.0
1983-09-26,415.0,415.0,415.0,415.0
1983-09-27,412.2,412.2,412.2,412.2
1983-09-28,413.6,413.6,413.6,413.6
1983-09-29,408.7,408.7,408.7,408.7
1983-09-30,405.0,405.0,405.0,405.0
1983-10-03,389.0,389.0,389.0,389.0
1983-10-04,393.5,393.5,393.5,393.5
1983-10-05,389.5,389.5,389.5,389.5
1983-10-06,394.0,394.0,394.0,394.0
1983-10-07,397.4,397.4,397.4,397.4
1983-10-10,397.4,397.4,397.4,397.4
1983-10-11,399.0,399.0,399.0,399.0
1983-10-12,394.7,394.7,394.7,394.7
1983-10-13,398.6,398.6,398.6,398.6
1983-10-14,398.7,398.7,398.7,398.7
1983-10-17,395.0,395.0,395.0,395.0
1983-10-18,397.2,397.2,397.2,397.2
1983-10-19,394.0,394.0,394.0,394.0
1983-10-20,389.7,389.7,389.7,389.7
1983-10-21,394.2,394.2,394.2,394.2
1983-10-24,394.5,394.5,394.5,394.5
1983-10-25,398.0,398.0,398.0,398.0
1983-10-26,392.6,392.6,392.6,392.6
1983-10-27,384.5,384.5,384.5,384.5
1983-10-28,387.7,387.7,387.7,387.7
1983-10-31,382.0,382.0,382.0,382.0
1983-11-01,377.7,377.7,377.7,377.7
1983-11-02,383.0,383.0,383.0,383.0
1983-11-03,377.7,377.7,377.7,377.7
1983-11-04,381.0,381.0,381.0,381.0
1983-11-07,379.0,379.0,379.0,379.0
1983-11-08,382.2,382.2,382.2,382.2
1983-11-09,383.0,383.0,383.0,383.0
1983-11-10,381.8,381.8,381.8,381.8
1983-11-11,382.0,382.0,382.0,382.0
1983-11-14,382.6,382.6,382.6,382.6
1983-11-15,383.2,383.2,383.2,383.2
1983-11-16,383.2,383.2,383.2,383.2
1983-11-17,375.7,375.7,375.7,375.7
1983-11-18,375.2,375.2,375.2,375.2
1983-11-21,374.2,374.2,374.2,374.2
1983-11-22,376.5,376.5,376.5,376.5
1983-11-23,375.7,375.7,375.7,375.7
1983-11-25,375.7,375.7,375.7,375.7
1983-11-28,394.2,394.2,394.2,394.2
1983-11-29,391.5,391.5,391.5,391.5
1983-11-30,405.0,405.0,405.0,405.0
1983-12-01,399.2,399.2,399.2,399.2
1983-12-02,400.7,400.7,400.7,400.7
1983-12-05,397.2,397.2,397.2,397.2
1983-12-06,397.0,397.0,397.0,397.0
1983-12-07,399.7,399.7,399.7,399.7
1983-12-08,401.0,401.0,401.0,401.0
1983-12-09,388.7,388.7,388.7,388.7
1983-12-12,391.2,391.2,391.2,391.2
1983-12-13,389.2,389.2,389.2,389.2
1983-12-14,389.0,389.0,389.0,389.0
1983-12-15,388.7,388.7,388.7,388.7
1983-12-16,377.2,377.2,377.2,377.2
1983-12-19,375.0,375.0,375.0,375.0
1983-12-20,378.1,378.1,378.1,378.1
1983-12-21,378.6,378.6,378.6,378.6
1983-12-22,378.9,378.9,378.9,378.9
1983-12-23,380.5,380.5,380.5,380.5
1983-12-27,377.7,377.7,377.7,377.7
1983-12-28,378.0,378.0,378.0,378.0
1983-12-29,382.4,382.4,382.4,382.4
1983-12-30,381.5,381.5,381.5,381.5
1984-01-03,383.0,383.0,383.0,383.0
1984-01-04,374.0,374.0,374.0,374.0
1984-01-05,375.2,375.2,375.2,375.2
1984-01-06,375.2,375.2,375.2,375.2
1984-01-09,365.2,365.2,365.2,365.2
1984-01-10,371.2,371.2,371.2,371.2
1984-01-11,367.7,367.7,367.7,367.7
1984-01-12,368.5,368.5,368.5,368.5
1984-01-13,373.2,373.2,373.2,373.2
1984-01-16,369.1,369.1,369.1,369.1
1984-01-17,367.7,367.7,367.7,367.7
1984-01-18,368.7,368.7,368.7,368.7
1984-01-19,374.7,374.7,374.7,374.7
1984-01-20,371.2,371.2,371.2,371.2
1984-01-23,371.35,371.35,371.35,371.35
1984-01-24,365.1,365.1,365.1,365.1
1984-01-25,366.5,366.5,366.5,366.5
1984-01-26,367.0,367.0,367.0,367.0
1984-01-27,370.0,370.0,370.0,370.0
1984-01-30,369.8,369.8,369.8,369.8
1984-01-31,373.7,373.7,373.7,373.7
1984-02-01,378.1,378.1,378.1,378.1
1984-02-02,383.2,383.2,383.2,383.2
1984-02-03,383.1,383.1,383.1,383.1
1984-02-06,380.8,380.8,380.8,380.8
1984-02-07,379.7,379.7,379.7,379.7
1984-02-08,386.2,386.2,386.2,386.2
1984-02-09,383.0,383.0,383.0,383.0
1984-02-10,377.6,377.6,377.6,377.6
1984-02-13,376.8,376.8,376.8,376.8
1984-02-14,376.0,376.0,376.0,376.0
1984-02-15,383.0,383.0,383.0,383.0
1984-02-16,383.9,383.9,383.9,383.9
1984-02-17,382.1,382.1,382.1,382.1
1984-02-21,389.0,389.0,389.0,389.0
1984-02-22,395.2,395.2,395.2,395.2
1984-02-23,398.2,398.2,398.2,398.2
1984-02-24,395.7,395.7,395.7,395.7
1984-02-27,393.5,393.5,393.5,393.5
1984-02-28,399.2,399.2,399.2,399.2
1984-02-29,394.2,394.2,394.2,394.2
1984-03-01,392.7,392.7,392.7,392.7
1984-03-02,399.0,399.0,399.0,399.0
1984-03-05,405.8,405.8,405.8,405.8
1984-03-06,402.5,402.5,402.5,402.5
1984-03-07,398.7,398.7,398.7,398.7
1984-03-08,397.2,397.2,397.2,397.2
1984-03-09,399.9,399.9,399.9,399.9
1984-03-12,395.7,395.7,395.7,395.7
1984-03-13,397.2,397.2,397.2,397.2
1984-03-14,399.7,399.7,399.7,399.7
1984-03-15,394.5,394.5,394.5,394.5
1984-03-16,392.7,392.7,392.7,392.7
1984-03-19,393.6,393.6,393.6,393.6
1984-03-20,393.8,393.8,393.8,393.8
1984-03-21,392.3,392.3,392.3,392.3
1984-03-22,389.3,389.3,389.3,389.3
1984-03-23,387.9,387.9,387.9,387.9
1984-03-26,387.4,387.4,387.4,387.4
1984-03-27,388.8,388.8,388.8,388.8
1984-03-28,385.7,385.7,385.7,385.7
1984-03-29,390.2,390.2,390.2,390.2
1984-03-30,388.5,388.5,388.5,388.5
1984-04-02,387.2,387.2,387.2,387.2
1984-04-03,380.4,380.4,380.4,380.4
1984-04-04,381.2,381.2,381.2,381.2
1984-04-05,381.2,381.2,381.2,381.2
1984-04-06,380.2,380.2,380.2,380.2
1984-04-09,382.4,382.4,382.4,382.4
1984-04-10,381.3,381.3,381.3,381.3
1984-04-11,384.5,384.5,384.5,384.5
1984-04-12,381.9,381.9,381.9,381.9
1984-04-13,379.2,379.2,379.2,379.2
1984-04-16,380.1,380.1,380.1,380.1
1984-04-17,380.2,380.2,380.2,380.2
1984-04-18,380.5,380.5,380.5,380.5
1984-04-19,384.9,384.9,384.9,384.9
1984-04-23,387.2,387.2,387.2,387.2
1984-04-24,383.2,383.2,383.2,383.2
1984-04-25,382.3,382.3,382.3,382.3
1984-04-26,379.9,379.9,379.9,379.9
1984-04-27,379.2,379.2,379.2,379.2
1984-04-30,375.8,375.8,375.8,375.8
1984-05-01,376.5,376.5,376.5,376.5
1984-05-02,377.3,377.3,377.3,377.3
1984-05-03,378.5,378.5,378.5,378.5
1984-05-04,376.7,376.7,376.7,376.7
1984-05-07,374.5,374.5,374.5,374.5
1984-05-08,371.5,371.5,371.5,371.5
1984-05-09,372.6,372.6,372.6,372.6
1984-05-10,371.7,371.7,371.7,371.7
1984-05-11,372.5,372.5,372.5,372.5
1984-05-14,372.5,372.5,372.5,372.5
1984-05-15,373.2,373.2,373.2,373.2
1984-05-16,375.2,375.2,375.2,375.2
1984-05-17,376.5,376.5,376.5,376.5
1984-05-18,375.6,375.6,375.6,375.6
1984-05-21,380.7,380.7,380.7,380.7
1984-05-22,379.5,379.5,379.5,379.5
1984-05-23,378.5,378.5,378.5,378.5
1984-05-24,375.6,375.6,375.6,375.6
1984-05-25,384.2,384.2,384.2,384.2
1984-05-29,385.6,385.6,385.6,385.6
1984-05-30,386.4,386.4,386.4,386.4
1984-05-31,384.2,384.2,384.2,384.2
1984-06-01,393.7,393.7,393.7,393.7
1984-06-04,391.0,391.0,391.0,391.0
1984-06-05,393.7,393.7,393.7,393.7
1984-06-06,391.6,391.6,391.6,391.6
1984-06-07,392.2,392.2,392.2,392.2
1984-06-08,386.0,386.0,386.0,386.0
1984-06-11,382.5,382.5,382.5,382.5
1984-06-12,375.0,375.0,375.0,375.0
1984-06-13,374.0,374.0,374.0,374.0
1984-06-14,375.6,375.6,375.6,375.6
1984-06-15,368.0,368.0,368.0,368.0
1984-06-18,367.9,367.9,367.9,367.9
1984-06-19,370.6,370.6,370.6,370.6
1984-06-20,370.0,370.0,370.0,370.0
1984-06-21,370.7,370.7,370.7,370.7
1984-06-22,374.2,374.2,374.2,374.2
1984-06-25,369.2,369.2,369.2,369.2
1984-06-26,369.5,369.5,369.5,369.5
1984-06-27,369.2,369.2,369.2,369.2
1984-06-28,372.9,372.9,372.9,372.9
1984-06-29,373.0,373.0,373.0,373.0
1984-07-02,370.0,370.0,370.0,370.0
1984-07-03,368.3,368.3,368.3,368.3
1984-07-05,364.8,364.8,364.8,364.8
1984-07-06,353.2,353.2,353.2,353.2
1984-07-09,338.5,338.5,338.5,338.5
1984-07-10,344.2,344.2,344.2,344.2
1984-07-11,339.2,339.2,339.2,339.2
1984-07-12,341.1,341.1,341.1,341.1
1984-07-13,345.0,345.0,345.0,345.0
1984-07-16,350.1,350.1,350.1,350.1
1984-07-17,347.1,347.1,347.1,347.1
1984-07-18,345.7,345.7,345.7,345.7
1984-07-19,350.2,350.2,350.2,350.2
1984-07-20,342.0,342.0,342.0,342.0
1984-07-23,335.0,335.0,335.0,335.0
1984-07-24,338.5,338.5,338.5,338.5
1984-07-25,341.7,341.7,341.7,341.7
1984-07-26,344.2,344.2,344.2,344.2
1984-07-27,335.2,335.2,335.2,335.2
1984-07-30,338.5,338.5,338.5,338.5
1984-07-31,342.3,342.3,342.3,342.3
1984-08-01,339.0,339.0,339.0,339.0
1984-08-02,344.0,344.0,344.0,344.0
1984-08-03,349.2,349.2,349.2,349.2
1984-08-06,349.2,349.2,349.2,349.2
1984-08-07,342.0,342.0,342.0,342.0
1984-08-08,344.5,344.5,344.5,344.5
1984-08-09,344.2,344.2,344.2,344.2
1984-08-10,346.7,346.7,346.7,346.7
1984-08-13,343.5,343.5,343.5,343.5
1984-08-14,354.0,354.0,354.0,354.0
1984-08-15,350.9,350.9,350.9,350.9
1984-08-16,352.2,352.2,352.2,352.2
1984-08-17,352.0,352.0,352.0,352.0
1984-08-20,349.3,349.3,349.3,349.3
1984-08-21,346.0,346.0,346.0,346.0
1984-08-22,345.0,345.0,345.0,345.0
1984-08-23,351.2,351.2,351.2,351.2
1984-08-24,350.0,350.0,350.0,350.0
1984-08-27,348.0,348.0,348.0,348.0
1984-08-28,349.7,349.7,349.7,349.7
1984-08-29,350.5,350.5,350.5,350.5
1984-08-30,347.2,347.2,347.2,347.2
1984-08-31,348.2,348.2,348.2,348.2
1984-09-04,341.2,341.2,341.2,341.2
1984-09-05,338.2,338.2,338.2,338.2
1984-09-06,340.5,340.5,340.5,340.5
1984-09-07,339.7,339.7,339.7,339.7
1984-09-10,338.4,338.4,338.4,338.4
1984-09-11,340.3,340.3,340.3,340.3
1984-09-12,338.5,338.5,338.5,338.5
1984-09-13,336.8,336.8,336.8,336.8
1984-09-14,341.4,341.4,341.4,341.4
1984-09-17,335.2,335.2,335.2,335.2
1984-09-18,336.7,336.7,336.7,336.7
1984-09-19,340.0,340.0,340.0,340.0
1984-09-20,338.7,338.7,338.7,338.7
1984-09-21,343.5,343.5,343.5,343.5
1984-09-24,347.7,347.7,347.7,347.7
1984-09-25,345.0,345.0,345.0,345.0
1984-09-26,346.1,346.1,346.1,346.1
1984-09-27,345.2,345.2,345.2,345.2
1984-09-28,343.7,343.7,343.7,343.7
1984-10-01,345.4,345.4,345.4,345.4
1984-10-02,345.2,345.2,345.2,345.2
1984-10-03,348.5,348.5,348.5,348.5
1984-10-04,346.2,346.2,346.2,346.2
1984-10-05,343.8,343.8,343.8,343.8
1984-10-08,343.8,343.8,343.8,343.8
1984-10-09,341.0,341.0,341.0,341.0
1984-10-10,337.7,337.7,337.7,337.7
1984-10-11,338.1,338.1,338.1,338.1
1984-10-12,338.9,338.9,338.9,338.9
1984-10-15,338.6,338.6,338.6,338.6
1984-10-16,339.5,339.5,339.5,339.5
1984-10-17,340.5,340.5,340.5,340.5
1984-10-18,339.5,339.5,339.5,339.5
1984-10-19,339.5,339.5,339.5,339.5
1984-10-22,338.4,338.4,338.4,338.4
1984-10-23,340.0,340.0,340.0,340.0
1984-10-24,340.0,340.0,340.0,340.0
1984-10-25,338.5,338.5,338.5,338.5
1984-10-26,337.6,337.6,337.6,337.6
1984-10-29,336.2,336.2,336.2,336.2
1984-10-30,335.5,335.5,335.5,335.5
1984-10-31,333.5,333.5,333.5,333.5
1984-11-01,333.8,333.8,333.8,333.8
1984-11-02,343.1,343.1,343.1,343.1
1984-11-05,342.4,342.4,342.4,342.4
1984-11-06,342.4,342.4,342.4,342.4
1984-11-07,347.6,347.6,347.6,347.6
1984-11-08,347.1,347.1,347.1,347.1
1984-11-09,346.8,346.8,346.8,346.8
1984-11-12,345.7,345.7,345.7,345.7
1984-11-13,350.4,350.4,350.4,350.4
1984-11-14,345.8,345.8,345.8,345.8
1984-11-15,343.7,343.7,343.7,343.7
1984-11-16,345.0,345.0,345.0,345.0
1984-11-19,343.4,343.4,343.4,343.4
1984-11-20,342.6,342.6,342.6,342.6
1984-11-21,340.3,340.3,340.3,340.3
1984-11-23,340.3,340.3,340.3,340.3
1984-11-26,336.9,336.9,336.9,336.9
1984-11-27,332.9,332.9,332.9,332.9
1984-11-28,329.0,329.0,329.0,329.0
1984-11-29,330.6,330.6,330.6,330.6
1984-11-30,329.0,329.0,329.0,329.0
1984-12-03,329.5,329.5,329.5,329.5
1984-12-04,332.0,332.0,332.0,332.0
1984-12-05,329.9,329.9,329.9,329.9
1984-12-06,330.7,330.7,330.7,330.7
1984-12-07,327.0,327.0,327.0,327.0
1984-12-10,326.2,326.2,326.2,326.2
1984-12-11,326.7,326.7,326.7,326.7
1984-12-12,324.5,324.5,324.5,324.5
1984-12-13,324.2,324.2,324.2,324.2
1984-12-14,322.5,322.5,322.5,322.5
1984-12-17,315.0,315.0,315.0,315.0
1984-12-18,309.0,309.0,309.0,309.0
1984-12-19,309.3,309.3,309.3,309.3
1984-12-20,307.5,307.5,307.5,307.5
1984-12-21,311.0,311.0,311.0,311.0
1984-12-26,312.6,312.6,312.6,312.6
1984-12-27,309.2,309.2,309.2,309.2
1984-12-28,308.3,308.3,308.3,308.3
1984-12-31,308.3,308.3,308.3,308.3
1985-01-02,305.5,305.5,305.5,305.5
1985-01-03,302.3,302.3,302.3,302.3
1985-01-04,303.1,303.1,303.1,303.1
1985-01-07,298.2,298.2,298.2,298.2
1985-01-08,302.0,302.0,302.0,302.0
1985-01-09,300.5,300.5,300.5,300.5
1985-01-10,303.8,303.8,303.8,303.8
1985-01-11,304.2,304.2,304.2,304.2
1985-01-14,299.0,299.0,299.0,299.0
1985-01-15,301.8,301.8,301.8,301.8
1985-01-16,302.7,302.7,302.7,302.7
1985-01-17,305.5,305.5,305.5,305.5
1985-01-18,308.0,308.0,308.0,308.0
1985-01-21,307.2,307.2,307.2,307.2
1985-01-22,306.9,306.9,306.9,306.9
1985-01-23,300.2,300.2,300.2,300.2
1985-01-24,300.8,300.8,300.8,300.8
1985-01-25,298.8,298.8,298.8,298.8
1985-01-28,297.7,297.7,297.7,297.7
1985-01-29,303.2,303.2,303.2,303.2
1985-01-30,302.9,302.9,302.9,302.9
1985-01-31,306.6,306.6,306.6,306.6
1985-02-01,303.6,303.6,303.6,303.6
1985-02-04,301.2,301.2,301.2,301.2
1985-02-05,302.0,302.0,302.0,302.0
1985-02-06,302.8,302.8,302.8,302.8
1985-02-07,301.6,301.6,301.6,301.6
1985-02-08,299.8,299.8,299.8,299.8
1985-02-11,300.1,300.1,300.1,300.1
1985-02-12,302.5,302.5,302.5,302.5
1985-02-13,303.2,303.2,303.2,303.2
1985-02-14,304.1,304.1,304.1,304.1
1985-02-15,304.0,304.0,304.0,304.0
1985-02-19,302.6,302.6,302.6,302.6
1985-02-20,302.9,302.9,302.9,302.9
1985-02-21,299.8,299.8,299.8,299.8
1985-02-22,298.4,298.4,298.4,298.4
1985-02-25,284.2,284.2,284.2,284.2
1985-02-26,285.7,285.7,285.7,285.7
1985-02-27,290.8,290.8,290.8,290.8
1985-02-28,287.7,287.7,287.7,287.7
1985-03-01,287.2,287.2,287.2,287.2
1985-03-04,288.6,288.6,288.6,288.6
1985-03-05,287.9,287.9,287.9,287.9
1985-03-06,287.4,287.4,287.4,287.4
1985-03-07,289.6,289.6,289.6,289.6
1985-03-08,291.0,291.0,291.0,291.0
1985-03-11,291.0,291.0,291.0,291.0
1985-03-12,288.4,288.4,288.4,288.4
1985-03-13,290.2,290.2,290.2,290.2
1985-03-14,290.7,290.7,290.7,290.7
1985-03-15,292.7,292.7,292.7,292.7
1985-03-18,298.8,298.8,298.8,298.8
1985-03-19,316.7,316.7,316.7,316.7
1985-03-20,324.0,324.0,324.0,324.0
1985-03-21,318.5,318.5,318.5,318.5
1985-03-22,315.5,315.5,315.5,315.5
1985-03-25,314.6,314.6,314.6,314.6
1985-03-26,323.7,323.7,323.7,323.7
1985-03-27,330.4,330.4,330.4,330.4
1985-03-28,326.2,326.2,326.2,326.2
1985-03-29,329.2,329.2,329.2,329.2
1985-04-01,321.1,321.1,321.1,321.1
1985-04-02,318.7,318.7,318.7,318.7
1985-04-03,321.2,321.2,321.2,321.2
1985-04-04,316.7,316.7,316.7,316.7
1985-04-08,317.5,317.5,317.5,317.5
1985-04-09,323.1,323.1,323.1,323.1
1985-04-10,327.2,327.2,327.2,327.2
1985-04-11,332.2,332.2,332.2,332.2
1985-04-12,329.9,329.9,329.9,329.9
1985-04-15,334.2,334.2,334.2,334.2
1985-04-16,330.5,330.5,330.5,330.5
1985-04-17,327.3,327.3,327.3,327.3
1985-04-18,329.7,329.7,329.7,329.7
1985-04-19,327.0,327.0,327.0,327.0
1985-04-22,327.7,327.7,327.7,327.7
1985-04-23,326.6,326.6,326.6,326.6
1985-04-24,322.0,322.0,322.0,322.0
1985-04-25,322.5,322.5,322.5,322.5
1985-04-26,323.5,323.5,323.5,323.5
1985-04-29,322.5,322.5,322.5,322.5
1985-04-30,321.3,321.3,321.3,321.3
1985-05-01,312.5,312.5,312.5,312.5
1985-05-02,313.2,313.2,313.2,313.2
1985-05-03,312.7,312.7,312.7,312.7
1985-05-06,309.9,309.9,309.9,309.9
1985-05-07,313.5,313.5,313.5,313.5
1985-05-08,312.8,312.8,312.8,312.8
1985-05-09,315.1,315.1,315.1,315.1
1985-05-10,314.5,314.5,314.5,314.5
1985-05-13,321.0,321.0,321.0,321.0
1985-05-14,326.5,326.5,326.5,326.5
1985-05-15,322.7,322.7,322.7,322.7
1985-05-16,320.1,320.1,320.1,320.1
1985-05-17,322.5,322.5,322.5,322.5
1985-05-20,323.3,323.3,323.3,323.3
1985-05-21,314.9,314.9,314.9,314.9
1985-05-22,316.3,316.3,316.3,316.3
1985-05-23,315.4,315.4,315.4,315.4
1985-05-24,314.7,314.7,314.7,314.7
1985-05-28,311.3,311.3,311.3,311.3
1985-05-29,312.0,312.0,312.0,312.0
1985-05-30,314.6,314.6,314.6,314.6
1985-05-31,314.0,314.0,314.0,314.0
1985-06-03,318.1,318.1,318.1,318.1
1985-06-04,315.7,315.7,315.7,315.7
1985-06-05,314.2,314.2,314.2,314.2
1985-06-06,314.8,314.8,314.8,314.8
1985-06-07,314.3,314.3,314.3,314.3
1985-06-10,312.0,312.0,312.0,312.0
1985-06-11,315.0,315.0,315.0,315.0
1985-06-12,314.5,314.5,314.5,314.5
1985-06-13,313.7,313.7,313.7,313.7
1985-06-14,318.2,318.2,318.2,318.2
1985-06-17,318.9,318.9,318.9,318.9
1985-06-18,323.7,323.7,323.7,323.7
1985-06-19,325.4,325.4,325.4,325.4
1985-06-20,318.1,318.1,318.1,318.1
1985-06-21,313.4,313.4,313.4,313.4
1985-06-24,314.6,314.6,314.6,314.6
1985-06-25,315.5,315.5,315.5,315.5
1985-06-26,316.7,316.7,316.7,316.7
1985-06-27,315.0,315.0,315.0,315.0
1985-06-28,317.7,317.7,317.7,317.7
1985-07-01,313.9,313.9,313.9,313.9
1985-07-02,308.2,308.2,308.2,308.2
1985-07-03,310.3,310.3,310.3,310.3
1985-07-08,309.2,309.2,309.2,309.2
1985-07-09,314.8,314.8,314.8,314.8
1985-07-10,314.8,314.8,314.8,314.8
1985-07-11,313.5,313.5,313.5,313.5
1985-07-12,312.6,312.6,312.6,312.6
1985-07-15,315.8,315.8,315.8,315.8
1985-07-16,321.7,321.7,321.7,321.7
1985-07-17,325.6,325.6,325.6,325.6
1985-07-18,320.0,320.0,320.0,320.0
1985-07-19,318.9,318.9,318.9,318.9
1985-07-22,317.2,317.2,317.2,317.2
1985-07-23,322.5,322.5,322.5,322.5
1985-07-24,317.7,317.7,317.7,317.7
1985-07-25,317.4,317.4,317.4,317.4
1985-07-26,316.9,316.9,316.9,316.9
1985-07-29,326.5,326.5,326.5,326.5
1985-07-30,325.2,325.2,325.2,325.2
1985-07-31,327.5,327.5,327.5,327.5
1985-08-01,322.1,322.1,322.1,322.1
1985-08-02,320.5,320.5,320.5,320.5
1985-08-05,323.7,323.7,323.7,323.7
1985-08-06,320.0,320.0,320.0,320.0
1985-08-07,321.1,321.1,321.1,321.1
1985-08-08,322.7,322.7,322.7,322.7
1985-08-09,321.6,321.6,321.6,321.6
1985-08-12,326.9,326.9,326.9,326.9
1985-08-13,326.7,326.7,326.7,326.7
1985-08-14,326.0,326.0,326.0,326.0
1985-08-15,331.3,331.3,331.3,331.3
1985-08-16,335.3,335.3,335.3,335.3
1985-08-19,341.1,341.1,341.1,341.1
1985-08-20,334.4,334.4,334.4,334.4
1985-08-21,335.9,335.9,335.9,335.9
1985-08-22,335.5,335.5,335.5,335.5
1985-08-23,334.8,334.8,334.8,334.8
1985-08-26,337.6,337.6,337.6,337.6
1985-08-27,336.0,336.0,336.0,336.0
1985-08-28,340.9,340.9,340.9,340.9
1985-08-29,337.2,337.2,337.2,337.2
1985-08-30,333.2,333.2,333.2,333.2
1985-09-03,328.2,328.2,328.2,328.2
1985-09-04,326.0,326.0,326.0,326.0
1985-09-05,326.0,326.0,326.0,326.0
1985-09-06,317.6,317.6,317.6,317.6
1985-09-09,319.6,319.6,319.6,319.6
1985-09-10,321.6,321.6,321.6,321.6
1985-09-11,321.0,321.0,321.0,321.0
1985-09-12,319.5,319.5,319.5,319.5
1985-09-13,321.3,321.3,321.3,321.3
1985-09-16,319.5,319.5,319.5,319.5
1985-09-17,317.8,317.8,317.8,317.8
1985-09-18,316.5,316.5,316.5,316.5
1985-09-19,316.5,316.5,316.5,316.5
1985-09-20,319.1,319.1,319.1,319.1
1985-09-23,327.7,327.7,327.7,327.7
1985-09-24,327.9,327.9,327.9,327.9
1985-09-25,328.5,328.5,328.5,328.5
1985-09-26,329.2,329.2,329.2,329.2
1985-09-27,329.2,329.2,329.2,329.2
1985-09-30,326.0,326.0,326.0,326.0
1985-10-01,322.5,322.5,322.5,322.5
1985-10-02,325.2,325.2,325.2,325.2
1985-10-03,325.1,325.1,325.1,325.1
1985-10-04,328.0,328.0,328.0,328.0
1985-10-07,326.0,326.0,326.0,326.0
1985-10-08,326.6,326.6,326.6,326.6
1985-10-09,326.8,326.8,326.8,326.8
1985-10-10,325.7,325.7,325.7,325.7
1985-10-11,325.8,325.8,325.8,325.8
1985-10-14,325.8,325.8,325.8,325.8
1985-10-15,327.2,327.2,327.2,327.2
1985-10-16,323.9,323.9,323.9,323.9
1985-10-17,325.7,325.7,325.7,325.7
1985-10-18,326.5,326.5,326.5,326.5
1985-10-21,326.4,326.4,326.4,326.4
1985-10-22,328.0,328.0,328.0,328.0
1985-10-23,325.9,325.9,325.9,325.9
1985-10-24,326.4,326.4,326.4,326.4
1985-10-25,325.6,325.6,325.6,325.6
1985-10-28,326.5,326.5,326.5,326.5
1985-10-29,326.5,326.5,326.5,326.5
1985-10-30,326.4,326.4,326.4,326.4
1985-10-31,325.3,325.3,325.3,325.3
1985-11-01,323.7,323.7,323.7,323.7
1985-11-04,325.6,325.6,325.6,325.6
1985-11-05,324.8,324.8,324.8,324.8
1985-11-06,324.6,324.6,324.6,324.6
1985-11-07,323.2,323.2,323.2,323.2
1985-11-08,322.2,322.2,322.2,322.2
1985-11-11,323.3,323.3,323.3,323.3
1985-11-12,323.3,323.3,323.3,323.3
1985-11-13,324.5,324.5,324.5,324.5
1985-11-14,325.5,325.5,325.5,325.5
1985-11-15,325.6,325.6,325.6,325.6
1985-11-18,323.7,323.7,323.7,323.7
1985-11-19,324.6,324.6,324.6,324.6
1985-11-20,325.9,325.9,325.9,325.9
1985-11-21,325.8,325.8,325.8,325.8
1985-11-22,326.7,326.7,326.7,326.7
1985-11-25,330.4,330.4,330.4,330.4
1985-11-26,331.5,331.5,331.5,331.5
1985-11-27,328.4,328.4,328.4,328.4
1985-11-29,328.4,328.4,328.4,328.4
1985-12-02,321.7,321.7,321.7,321.7
1985-12-03,322.8,322.8,322.8,322.8
1985-12-04,324.2,324.2,324.2,324.2
1985-12-05,323.0,323.0,323.0,323.0
1985-12-06,322.3,322.3,322.3,322.3
1985-12-09,317.6,317.6,317.6,317.6
1985-12-10,317.2,317.2,317.2,317.2
1985-12-11,315.5,315.5,315.5,315.5
1985-12-12,317.7,317.7,317.7,317.7
1985-12-13,318.0,318.0,318.0,318.0
1985-12-16,318.6,318.6,318.6,318.6
1985-12-17,321.1,321.1,321.1,321.1
1985-12-18,320.3,320.3,320.3,320.3
1985-12-19,325.8,325.8,325.8,325.8
1985-12-20,325.5,325.5,325.5,325.5
1985-12-23,327.6,327.6,327.6,327.6
1985-12-24,327.6,327.6,327.6,327.6
1985-12-26,325.5,325.5,325.5,325.5
1985-12-27,326.8,326.8,326.8,326.8
1985-12-30,327.0,327.0,327.0,327.0
1985-12-31,329.7,329.7,329.7,329.7
1986-01-02,326.5,326.5,326.5,326.5
1986-01-03,327.0,327.0,327.0,327.0
1986-01-06,328.0,328.0,328.0,328.0
1986-01-07,330.2,330.2,330.2,330.2
1986-01-08,332.6,332.6,332.6,332.6
1986-01-09,333.5,333.5,333.5,333.5
1986-01-10,340.4,340.4,340.4,340.4
1986-01-13,339.4,339.4,339.4,339.4
1986-01-14,341.0,341.0,341.0,341.0
1986-01-15,347.0,347.0,347.0,347.0
1986-01-16,363.2,363.2,363.2,363.2
1986-01-17,352.6,352.6,352.6,352.6
1986-01-20,351.0,351.0,351.0,351.0
1986-01-21,356.7,356.7,356.7,356.7
1986-01-22,353.2,353.2,353.2,353.2
1986-01-23,350.3,350.3,350.3,350.3
1986-01-24,354.0,354.0,354.0,354.0
1986-01-27,358.4,358.4,358.4,358.4
1986-01-28,353.2,353.2,353.2,353.2
1986-01-29,353.5,353.5,353.5,353.5
1986-01-30,358.2,358.2,358.2,358.2
1986-01-31,350.5,350.5,350.5,350.5
1986-02-03,347.3,347.3,347.3,347.3
1986-02-04,338.8,338.8,338.8,338.8
1986-02-05,337.3,337.3,337.3,337.3
1986-02-06,337.1,337.1,337.1,337.1
1986-02-07,337.4,337.4,337.4,337.4
1986-02-10,340.1,340.1,340.1,340.1
1986-02-11,336.0,336.0,336.0,336.0
1986-02-12,337.5,337.5,337.5,337.5
1986-02-13,334.0,334.0,334.0,334.0
1986-02-14,331.3,331.3,331.3,331.3
1986-02-18,337.5,337.5,337.5,337.5
1986-02-19,341.6,341.6,341.6,341.6
1986-02-20,337.3,337.3,337.3,337.3
1986-02-21,338.0,338.0,338.0,338.0
1986-02-24,342.0,342.0,342.0,342.0
1986-02-25,352.6,352.6,352.6,352.6
1986-02-26,346.0,346.0,346.0,346.0
1986-02-27,336.9,336.9,336.9,336.9
1986-02-28,338.1,338.1,338.1,338.1
1986-03-03,335.6,335.6,335.6,335.6
1986-03-04,337.1,337.1,337.1,337.1
1986-03-05,341.7,341.7,341.7,341.7
1986-03-06,344.7,344.7,344.7,344.7
1986-03-07,343.3,343.3,343.3,343.3
1986-03-10,340.5,340.5,340.5,340.5
1986-03-11,342.9,342.9,342.9,342.9
1986-03-12,344.1,344.1,344.1,344.1
1986-03-13,349.8,349.8,349.8,349.8
1986-03-14,348.0,348.0,348.0,348.0
1986-03-17,349.9,349.9,349.9,349.9
1986-03-18,351.1,351.1,351.1,351.1
1986-03-19,346.7,346.7,346.7,346.7
1986-03-20,350.6,350.6,350.6,350.6
1986-03-21,352.9,352.9,352.9,352.9
1986-03-24,350.4,350.4,350.4,350.4
1986-03-25,352.0,352.0,352.0,352.0
1986-03-26,344.3,344.3,344.3,344.3
1986-03-27,344.2,344.2,344.2,344.2
1986-03-31,338.1,338.1,338.1,338.1
1986-04-01,333.1,333.1,333.1,333.1
1986-04-02,335.5,335.5,335.5,335.5
1986-04-03,334.7,334.7,334.7,334.7
1986-04-04,334.5,334.5,334.5,334.5
1986-04-07,337.9,337.9,337.9,337.9
1986-04-08,339.6,339.6,339.6,339.6
1986-04-09,338.1,338.1,338.1,338.1
1986-04-10,337.7,337.7,337.7,337.7
1986-04-11,341.9,341.9,341.9,341.9
1986-04-14,341.8,341.8,341.8,341.8
1986-04-15,342.0,342.0,342.0,342.0
1986-04-16,339.0,339.0,339.0,339.0
1986-04-17,340.1,340.1,340.1,340.1
1986-04-18,343.0,343.0,343.0,343.0
1986-04-21,341.6,341.6,341.6,341.6
1986-04-22,344.3,344.3,344.3,344.3
1986-04-23,346.2,346.2,346.2,346.2
1986-04-24,344.7,344.7,344.7,344.7
1986-04-25,344.4,344.4,344.4,344.4
1986-04-28,343.4,343.4,343.4,343.4
1986-04-29,342.4,342.4,342.4,342.4
1986-04-30,345.7,345.7,345.7,345.7
1986-05-01,345.3,345.3,345.3,345.3
1986-05-02,341.6,341.6,341.6,341.6
1986-05-05,343.0,343.0,343.0,343.0
1986-05-06,340.4,340.4,340.4,340.4
1986-05-07,342.4,342.4,342.4,342.4
1986-05-08,343.1,343.0,343.0,343.0
1986-05-09,344.66,343.83,343.83,343.83
1986-05-12,343.93,343.0,343.0,343.0
1986-05-13,342.58,339.88,339.88,339.88
1986-05-14,341.54,340.19,340.19,340.19
1986-05-15,340.81,339.57,339.57,339.57
1986-05-16,341.13,340.81,340.81,340.81
1986-05-19,340.4,338.21,338.21,338.21
1986-05-20,337.9,336.03,336.03,336.03
1986-05-21,336.65,335.93,335.93,335.93
1986-05-22,338.42,338.42,338.42,338.42
1986-05-23,338.94,338.42,338.42,338.42
1986-05-27,338.94,338.94,338.94,338.94
1986-05-28,340.4,338.94,338.94,338.94
1986-05-29,339.98,339.98,339.98,339.98
1986-05-30,340.4,339.98,339.98,339.98
1986-06-02,340.4,338.42,338.42,338.42
1986-06-03,339.98,338.94,338.94,338.94
1986-06-04,338.94,337.59,337.59,337.59
1986-06-05,338.94,338.42,338.42,338.42
1986-06-06,338.94,338.42,338.42,338.42
1986-06-09,338.94,338.42,338.42,338.42
1986-06-10,346.64,345.49,345.49,345.49
1986-06-11,345.49,344.45,344.45,344.45
1986-06-12,346.64,343.52,343.52,343.52
1986-06-13,344.97,344.45,344.45,344.45
1986-06-16,343.52,335.93,335.93,335.93
1986-06-17,334.89,333.33,333.33,333.33
1986-06-18,336.65,336.65,336.65,336.65
1986-06-19,337.59,336.65,336.65,336.65
1986-06-20,337.59,336.65,336.65,336.65
1986-06-23,338.42,337.59,337.59,337.59
1986-06-24,339.98,339.98,339.98,339.98
1986-06-25,341.96,341.13,341.13,341.13
1986-06-26,342.58,341.96,341.96,341.96
1986-06-27,341.96,340.4,340.4,340.4
1986-06-30,344.45,343.52,343.52,343.52
1986-07-01,343.41,341.96,341.96,341.96
1986-07-02,341.96,339.98,339.98,339.98
1986-07-03,340.4,340.4,340.4,340.4
1986-07-04,340.4,340.4,340.4,340.4
1986-07-07,342.06,341.85,341.85,341.85
1986-07-08,344.97,343.93,343.93,343.93
1986-07-09,348.4,343.93,343.93,343.93
1986-07-10,345.49,343.52,343.52,343.52
1986-07-11,344.97,344.97,344.97,344.97
1986-07-14,343.52,342.58,342.58,342.58
1986-07-15,344.45,344.45,344.45,344.45
1986-07-16,346.64,343.93,343.93,343.93
1986-07-17,344.97,344.45,344.45,344.45
1986-07-18,347.47,344.97,344.97,344.97
1986-07-21,352.88,351.0,351.0,351.0
1986-07-22,351.0,350.49,350.49,350.49
1986-07-23,349.24,344.45,344.45,344.45
1986-07-24,346.22,345.49,345.49,345.49
1986-07-25,346.64,346.22,346.22,346.22
1986-07-28,351.63,350.49,350.49,350.49
1986-07-29,351.63,348.4,348.4,348.4
1986-07-30,349.24,348.4,348.4,348.4
1986-07-31,357.04,354.64,354.64,354.64
1986-08-01,358.8,358.8,358.8,358.8
1986-08-04,358.8,356.83,356.83,356.83
1986-08-05,356.31,355.68,355.68,355.68
1986-08-06,359.53,358.8,358.8,358.8
1986-08-07,360.57,359.12,359.12,359.12
1986-08-08,367.85,366.08,366.08,366.08
1986-08-11,392.8,385.0,385.0,385.0
1986-08-12,388.54,381.68,381.68,381.68
1986-08-13,389.48,388.54,388.54,388.54
1986-08-14,383.24,382.51,382.51,382.51
1986-08-15,385.84,382.51,382.51,382.51
1986-08-18,379.91,374.71,374.71,374.71
1986-08-19,372.63,372.11,372.11,372.11
1986-08-20,377.42,375.65,375.65,375.65
1986-08-21,382.3,381.68,381.68,381.68
1986-08-22,386.25,379.39,379.39,379.39
1986-08-26,380.22,378.14,378.14,378.14
1986-08-27,378.87,378.04,378.04,378.04
1986-08-28,385.32,383.24,383.24,383.24
1986-08-29,386.77,383.45,383.45,383.45
1986-09-01,389.48,387.71,387.71,387.71
1986-09-02,393.74,391.24,391.24,391.24
1986-09-03,406.94,404.87,404.87,404.87
1986-09-04,404.87,403.72,403.72,403.72
1986-09-05,421.09,417.45,417.45,417.45
1986-09-08,421.09,415.68,415.68,415.68
1986-09-09,411.83,409.75,409.75,409.75
1986-09-10,417.49,416.4,416.4,416.4
1986-09-11,407.66,400.7,400.7,400.7
1986-09-12,422.68,417.49,417.49,417.49
1986-09-15,417.76,409.57,409.57,409.57
1986-09-16,417.49,413.26,413.26,413.26
1986-09-17,413.94,411.35,411.35,411.35
1986-09-18,419.4,416.4,416.4,416.4
1986-09-19,431.69,428.96,428.96,428.96
1986-09-22,444.24,435.1,435.1,435.1
1986-09-23,438.37,431.82,431.82,431.82
1986-09-24,437.96,433.05,433.05,433.05
1986-09-25,431.82,431.82,431.82,431.82
1986-09-26,436.6,431.0,431.0,431.0
1986-09-29,428.68,427.45,427.45,427.45
1986-09-30,423.91,422.81,422.81,422.81
1986-10-01,426.23,422.95,422.95,422.95
1986-10-02,433.32,432.1,432.1,432.1
1986-10-03,440.69,436.6,436.6,436.6
1986-10-06,438.92,437.15,437.15,437.15
1986-10-07,443.97,437.15,437.15,437.15
1986-10-08,439.74,438.37,438.37,438.37
1986-10-09,438.65,431.82,431.82,431.82
1986-10-10,431.28,430.32,430.32,430.32
1986-10-13,432.64,431.55,431.55,431.55
1986-10-14,432.37,428.27,428.27,428.27
1986-10-15,426.36,422.95,422.95,422.95
1986-10-16,425.95,425.13,425.13,425.13
1986-10-17,422.95,420.49,420.49,420.49
1986-10-20,426.09,425.13,425.13,425.13
1986-10-21,426.91,424.04,424.04,424.04
1986-10-22,427.59,423.63,423.63,423.63
1986-10-23,425.68,423.77,423.77,423.77
1986-10-24,414.08,411.35,411.35,411.35
1986-10-27,411.08,409.3,409.3,409.3
1986-10-28,412.58,411.35,411.35,411.35
1986-10-29,410.8,404.52,404.52,404.52
1986-10-30,406.98,404.66,404.66,404.66
1986-10-31,407.12,399.88,399.88,399.88
1986-11-03,406.16,405.48,405.48,405.48
1986-11-04,409.17,407.53,407.53,407.53
1986-11-05,412.17,405.48,405.48,405.48
1986-11-06,408.07,407.53,407.53,407.53
1986-11-07,409.57,408.62,408.62,408.62
1986-11-10,411.49,410.53,410.53,410.53
1986-11-11,407.39,403.84,403.84,403.84
1986-11-12,408.21,404.66,404.66,404.66
1986-11-13,408.07,406.98,406.98,406.98
1986-11-14,410.53,407.39,407.39,407.39
1986-11-17,395.93,390.74,390.74,390.74
1986-11-18,390.6,390.33,390.33,390.33
1986-11-19,392.92,392.51,392.51,392.51
1986-11-20,388.96,388.69,388.69,388.69
1986-11-21,390.74,382.82,382.82,382.82
1986-11-24,381.32,381.05,381.05,381.05
1986-11-25,384.87,383.78,383.78,383.78
1986-11-26,384.32,381.05,381.05,381.05
1986-11-27,383.23,382.82,382.82,382.82
1986-11-28,390.47,388.96,388.96,388.96
1986-12-01,400.43,391.01,391.01,391.01
1986-12-02,394.56,387.87,387.87,387.87
1986-12-03,393.47,391.69,391.69,391.69
1986-12-04,392.1,386.92,386.92,386.92
1986-12-05,388.42,387.19,387.19,387.19
1986-12-08,392.24,386.92,386.92,386.92
1986-12-09,389.1,386.1,386.1,386.1
1986-12-10,392.1,390.33,390.33,390.33
1986-12-11,389.51,387.74,387.74,387.74
1986-12-12,391.42,389.78,389.78,389.78
1986-12-15,395.11,393.88,393.88,393.88
1986-12-16,394.56,393.33,393.33,393.33
1986-12-17,393.47,391.29,391.29,391.29
1986-12-18,392.92,392.24,392.24,392.24
1986-12-19,394.97,391.15,391.15,391.15
1986-12-22,395.93,392.38,392.38,392.38
1986-12-23,393.74,388.69,388.69,388.69
1986-12-24,389.65,387.87,387.87,387.87
1986-12-29,391.29,387.33,387.33,387.33
1986-12-30,388.42,387.87,387.87,387.87
1986-12-31,390.19,390.19,390.19,390.19
1987-01-02,406.9,403.1,403.1,403.1
1987-01-05,403.1,399.08,399.08,399.08
1987-01-06,403.1,400.71,400.71,400.71
1987-01-07,401.26,399.84,399.84,399.84
1987-01-08,403.86,401.47,401.47,401.47
1987-01-09,405.17,403.97,403.97,403.97
1987-01-12,411.36,410.6,410.6,410.6
1987-01-13,410.27,409.18,409.18,409.18
1987-01-14,418.85,417.44,417.44,417.44
1987-01-15,416.68,414.61,414.61,414.61
1987-01-16,416.79,415.37,415.37,415.37
1987-01-19,423.41,421.46,421.46,421.46
1987-01-20,419.61,414.18,414.18,414.18
1987-01-21,408.97,406.58,406.58,406.58
1987-01-22,411.36,408.75,408.75,408.75
1987-01-23,407.66,402.78,402.78,402.78
1987-01-26,407.34,407.34,407.34,407.34
1987-01-27,411.68,411.14,411.14,411.14
1987-01-28,417.55,406.9,406.9,406.9
1987-01-29,410.81,409.18,409.18,409.18
1987-01-30,411.68,403.43,403.43,403.43
1987-02-02,407.34,406.36,406.36,406.36
1987-02-03,403.86,399.84,399.84,399.84
1987-02-04,405.17,402.78,402.78,402.78
1987-02-05,402.78,399.08,399.08,399.08
1987-02-06,404.73,403.1,403.1,403.1
1987-02-09,406.36,405.71,405.71,405.71
1987-02-10,404.73,402.56,402.56,402.56
1987-02-11,403.32,400.5,400.5,400.5
1987-02-12,402.78,400.39,400.39,400.39
1987-02-13,397.45,396.91,396.91,396.91
1987-02-16,397.78,396.91,396.91,396.91
1987-02-17,397.24,394.09,394.09,394.09
1987-02-18,393.44,391.05,391.05,391.05
1987-02-19,395.28,393.55,393.55,393.55
1987-02-20,399.84,399.3,399.3,399.3
1987-02-23,405.71,403.43,403.43,403.43
1987-02-24,402.56,401.47,401.47,401.47
1987-02-25,407.88,405.71,405.71,405.71
1987-02-26,404.95,403.86,403.86,403.86
1987-02-27,407.12,405.27,405.27,405.27
1987-03-02,405.71,404.19,404.19,404.19
1987-03-03,404.62,404.4,404.4,404.4
1987-03-04,407.88,406.03,406.03,406.03
1987-03-05,411.9,410.38,410.38,410.38
1987-03-06,407.88,405.82,405.82,405.82
1987-03-09,405.71,403.97,403.97,403.97
1987-03-10,405.82,405.71,405.71,405.71
1987-03-11,407.66,406.58,406.58,406.58
1987-03-12,409.83,408.21,408.21,408.21
1987-03-13,409.29,404.4,404.4,404.4
1987-03-16,405.49,405.17,405.17,405.17
1987-03-17,406.58,402.56,402.56,402.56
1987-03-18,406.79,404.73,404.73,404.73
1987-03-19,404.95,403.43,403.43,403.43
1987-03-20,405.49,403.97,403.97,403.97
1987-03-23,409.29,407.88,407.88,407.88
1987-03-24,412.99,412.99,412.99,412.99
1987-03-25,415.37,411.9,411.9,411.9
1987-03-26,412.66,411.03,411.03,411.03
1987-03-27,419.94,419.94,419.94,419.94
1987-03-30,427.65,420.69,420.69,420.69
1987-03-31,422.32,417.76,417.76,417.76
1987-04-01,419.72,417.0,417.0,417.0
1987-04-02,421.56,417.55,417.55,417.55
1987-04-03,419.61,419.18,419.18,419.18
1987-04-06,422.11,418.63,418.63,418.63
1987-04-07,422.32,422.0,422.0,422.0
1987-04-08,423.08,419.61,419.61,419.61
1987-04-09,431.99,431.99,431.99,431.99
1987-04-10,434.92,432.21,432.21,432.21
1987-04-13,438.29,437.85,437.85,437.85
1987-04-14,450.34,450.34,450.34,450.34
1987-04-15,450.89,441.76,441.76,441.76
1987-04-16,442.85,442.85,442.85,442.85
1987-04-20,452.52,452.52,452.52,452.52
1987-04-21,459.14,447.19,447.19,447.19
1987-04-22,450.34,449.8,449.8,449.8
1987-04-23,459.68,459.68,459.68,459.68
1987-04-24,466.85,461.86,461.86,461.86
1987-04-27,477.6,443.72,443.72,443.72
1987-04-28,457.08,451.65,451.65,451.65
1987-04-29,452.52,451.65,451.65,451.65
1987-04-30,455.45,453.6,453.6,453.6
1987-05-01,456.53,456.53,456.53,456.53
1987-05-04,460.01,460.01,460.01,460.01
1987-05-05,465.76,458.05,458.05,458.05
1987-05-06,459.36,458.16,458.16,458.16
1987-05-07,459.38,457.41,457.41,457.41
1987-05-08,458.0,454.57,454.57,454.57
1987-05-11,456.09,455.69,455.69,455.69
1987-05-12,462.22,458.79,458.79,458.79
1987-05-13,461.49,458.06,458.06,458.06
1987-05-14,465.12,463.67,463.67,463.67
1987-05-15,470.99,467.49,467.49,467.49
1987-05-18,478.7,473.69,473.69,473.69
1987-05-19,472.96,469.8,469.8,469.8
1987-05-20,482.98,474.94,474.94,474.94
1987-05-21,473.95,469.47,469.47,469.47
1987-05-22,474.94,464.0,464.0,464.0
1987-05-25,466.96,465.45,465.45,465.45
1987-05-26,464.99,451.08,451.08,451.08
1987-05-27,452.79,448.97,448.97,448.97
1987-05-28,454.24,451.67,451.67,451.67
1987-05-29,452.26,451.27,451.27,451.27
1987-06-01,450.48,446.66,446.66,446.66
1987-06-02,457.47,455.89,455.89,455.89
1987-06-03,457.54,451.47,451.47,451.47
1987-06-04,456.94,452.59,452.59,452.59
1987-06-05,455.96,453.58,453.58,453.58
1987-06-08,458.0,455.96,455.96,455.96
1987-06-09,454.97,452.73,452.73,452.73
1987-06-10,459.45,457.41,457.41,457.41
1987-06-11,458.99,458.0,458.0,458.0
1987-06-12,463.14,454.37,454.37,454.37
1987-06-15,453.19,451.14,451.14,451.14
1987-06-16,453.78,451.74,451.74,451.74
1987-06-17,452.99,446.79,446.79,446.79
1987-06-18,452.73,450.22,450.22,450.22
1987-06-19,453.58,449.5,449.5,449.5
1987-06-22,445.14,437.04,437.04,437.04
1987-06-23,441.45,440.46,440.46,440.46
1987-06-24,444.55,443.56,443.56,443.56
1987-06-25,443.96,440.66,440.66,440.66
1987-06-26,445.01,443.69,443.69,443.69
1987-06-29,449.96,445.94,445.94,445.94
1987-06-30,448.97,448.64,448.64,448.64
1987-07-01,450.48,446.86,446.86,446.86
1987-07-02,449.1,445.74,445.74,445.74
1987-07-03,446.86,443.69,443.69,443.69
1987-07-06,444.75,443.5,443.5,443.5
1987-07-07,447.52,442.25,442.25,442.25
1987-07-08,447.45,444.75,444.75,444.75
1987-07-09,446.46,445.28,445.28,445.28
1987-07-10,446.73,444.16,444.16,444.16
1987-07-13,447.45,446.46,446.46,446.46
1987-07-14,448.97,447.39,447.39,447.39
1987-07-15,453.98,452.92,452.92,452.92
1987-07-16,454.24,452.99,452.99,452.99
1987-07-17,453.45,450.15,450.15,450.15
1987-07-20,452.0,451.47,451.47,451.47
1987-07-21,453.38,453.06,453.06,453.06
1987-07-22,455.49,454.57,454.57,454.57
1987-07-23,456.09,454.83,454.83,454.83
1987-07-24,454.97,453.71,453.71,453.71
1987-07-27,454.64,453.45,453.45,453.45
1987-07-28,457.47,456.35,456.35,456.35
1987-07-29,459.91,457.47,457.47,457.47
1987-07-30,459.98,459.19,459.19,459.19
1987-07-31,464.79,463.73,463.73,463.73
1987-08-03,474.94,472.24,472.24,472.24
1987-08-04,479.09,477.64,477.64,477.64
1987-08-05,477.84,466.57,466.57,466.57
1987-08-06,470.19,467.75,467.75,467.75
1987-08-07,468.88,463.34,463.34,463.34
1987-08-10,461.69,460.04,460.04,460.04
1987-08-11,464.0,464.0,464.0,464.0
1987-08-12,465.25,462.88,462.88,462.88
1987-08-13,463.47,459.58,459.58,459.58
1987-08-14,461.76,451.74,451.74,451.74
1987-08-17,455.69,453.65,453.65,453.65
1987-08-18,458.46,458.39,458.39,458.39
1987-08-19,459.85,458.0,458.0,458.0
1987-08-20,457.74,456.48,456.48,456.48
1987-08-21,456.48,454.97,454.97,454.97
1987-08-24,460.96,460.44,460.44,460.44
1987-08-25,460.04,457.14,457.14,457.14
1987-08-26,458.26,457.87,457.87,457.87
1987-08-27,459.45,456.48,456.48,456.48
1987-08-28,457.74,452.86,452.86,452.86
1987-08-31,456.48,452.86,452.86,452.86
1987-09-01,455.96,454.37,454.37,454.37
1987-09-02,464.99,462.94,462.94,462.94
1987-09-03,466.04,463.67,463.67,463.67
1987-09-04,465.18,462.68,462.68,462.68
1987-09-07,464.06,463.73,463.73,463.73
1987-09-08,464.39,458.06,458.06,458.06
1987-09-09,458.86,456.34,456.34,456.34
1987-09-10,461.5,460.14,460.14,460.14
1987-09-11,462.97,458.49,458.49,458.49
1987-09-14,457.51,456.52,456.52,456.52
1987-09-15,458.86,458.24,458.24,458.24
1987-09-16,459.78,457.51,457.51,457.51
1987-09-17,460.76,459.23,459.23,459.23
1987-09-18,462.78,460.94,460.94,460.94
1987-09-21,460.94,459.72,459.72,459.72
1987-09-22,462.97,461.68,461.68,461.68
1987-09-23,462.85,461.56,461.56,461.56
1987-09-24,464.32,461.56,461.56,461.56
1987-09-25,462.42,459.78,459.78,459.78
1987-09-28,462.11,459.65,459.65,459.65
1987-09-29,459.96,459.72,459.72,459.72
1987-09-30,459.96,458.98,458.98,458.98
1987-10-01,455.67,453.46,453.46,453.46
1987-10-02,455.42,454.87,454.87,454.87
1987-10-05,457.02,456.83,456.83,456.83
1987-10-06,458.55,457.02,457.02,457.02
1987-10-07,459.41,457.63,457.63,457.63
1987-10-08,458.8,458.0,458.0,458.0
1987-10-09,462.6,461.37,461.37,461.37
1987-10-12,461.86,461.56,461.56,461.56
1987-10-13,461.43,458.55,458.55,458.55
1987-10-14,461.25,460.64,460.64,460.64
1987-10-15,467.32,462.35,462.35,462.35
1987-10-16,468.24,467.2,467.2,467.2
1987-10-19,489.96,479.23,479.23,479.23
1987-10-20,481.5,465.97,465.97,465.97
1987-10-21,467.45,466.89,466.89,466.89
1987-10-22,475.61,470.21,470.21,470.21
1987-10-23,474.87,473.15,473.15,473.15
1987-10-26,477.14,475.79,475.79,475.79
1987-10-27,477.51,475.24,475.24,475.24
1987-10-28,480.15,478.92,478.92,478.92
1987-10-29,480.02,470.88,470.88,470.88
1987-10-30,469.1,468.67,468.67,468.67
1987-11-02,471.0,469.47,469.47,469.47
1987-11-03,471.68,467.88,467.88,467.88
1987-11-04,468.37,465.85,465.85,465.85
1987-11-05,466.1,457.14,457.14,457.14
1987-11-06,462.17,460.14,460.14,460.14
1987-11-09,464.62,461.99,461.99,461.99
1987-11-10,462.91,460.7,460.7,460.7
1987-11-11,462.48,461.37,461.37,461.37
1987-11-12,464.32,463.09,463.09,463.09
1987-11-13,466.28,464.38,464.38,464.38
1987-11-16,462.97,461.56,461.56,461.56
1987-11-17,464.99,464.44,464.44,464.44
1987-11-18,464.99,462.91,462.91,462.91
1987-11-19,465.61,464.75,464.75,464.75
1987-11-20,470.58,469.17,469.17,469.17
1987-11-23,476.59,474.87,474.87,474.87
1987-11-24,477.39,474.81,474.81,474.81
1987-11-25,480.88,476.4,476.4,476.4
1987-11-26,477.82,477.39,477.39,477.39
1987-11-27,487.2,484.5,484.5,484.5
1987-11-30,496.1,490.46,490.46,490.46
1987-12-01,492.67,489.96,489.96,489.96
1987-12-02,492.54,487.45,487.45,487.45
1987-12-03,492.05,488.06,488.06,488.06
1987-12-04,489.54,483.28,483.28,483.28
1987-12-07,482.73,481.25,481.25,481.25
1987-12-08,484.81,483.34,483.34,483.34
1987-12-09,485.73,484.14,484.14,484.14
1987-12-10,492.85,492.11,492.11,492.11
1987-12-11,498.06,496.71,496.71,496.71
1987-12-14,498.25,498.25,498.25,498.25
1987-12-15,498.06,482.48,482.48,482.48
1987-12-16,487.45,485.67,485.67,485.67
1987-12-17,488.25,485.0,485.0,485.0
1987-12-18,484.44,479.96,479.96,479.96
1987-12-21,480.58,479.47,479.47,479.47
1987-12-22,484.56,483.4,483.4,483.4
1987-12-23,486.47,482.66,482.66,482.66
1987-12-24,486.59,485.85,485.85,485.85
1987-12-28,491.38,487.57,487.57,487.57
1987-12-29,489.66,485.98,485.98,485.98
1987-12-30,487.26,482.48,482.48,482.48
1987-12-31,487.45,485.85,485.85,485.85
1988-01-04,488.92,480.76,480.76,480.76
1988-01-05,482.97,480.76,480.76,480.76
1988-01-06,485.24,483.28,483.28,483.28
1988-01-07,484.07,481.31,481.31,481.31
1988-01-08,483.95,483.95,483.95,483.95
1988-01-11,485.67,481.87,481.87,481.87
1988-01-12,482.93,480.59,480.59,480.59
1988-01-13,482.93,480.36,480.36,480.36
1988-01-14,487.22,487.06,487.06,487.06
1988-01-15,486.05,473.96,473.96,473.96
1988-01-18,476.46,475.68,475.68,475.68
1988-01-19,478.02,477.08,477.08,477.08
1988-01-20,478.25,476.3,476.3,476.3
1988-01-21,478.64,478.41,478.41,478.41
1988-01-22,478.41,477.47,477.47,477.47
1988-01-25,477.63,469.44,469.44,469.44
1988-01-26,471.78,470.07,470.07,470.07
1988-01-27,470.85,465.78,465.78,465.78
1988-01-28,467.88,466.56,466.56,466.56
1988-01-29,467.49,454.01,454.01,454.01
1988-02-01,455.8,454.63,454.63,454.63
1988-02-02,457.75,454.01,454.01,454.01
1988-02-03,454.63,439.35,439.35,439.35
1988-02-04,445.04,445.04,445.04,445.04
1988-02-05,447.38,440.36,440.36,440.36
1988-02-08,444.26,440.13,440.13,440.13
1988-02-09,442.86,441.92,441.92,441.92
1988-02-10,444.81,440.91,440.91,440.91
1988-02-11,441.53,440.13,440.13,440.13
1988-02-12,445.59,445.43,445.43,445.43
1988-02-15,446.21,445.04,445.04,445.04
1988-02-16,445.2,444.65,444.65,444.65
1988-02-17,446.99,446.21,446.21,446.21
1988-02-18,448.55,442.7,442.7,442.7
1988-02-19,446.21,445.04,445.04,445.04
1988-02-22,446.83,444.42,444.42,444.42
1988-02-23,445.2,441.3,441.3,441.3
1988-02-24,442.31,431.94,431.94,431.94
1988-02-25,434.67,432.96,432.96,432.96
1988-02-26,434.52,429.45,429.45,429.45
1988-02-29,431.01,430.23,430.23,430.23
1988-03-01,431.55,430.77,430.77,430.77
1988-03-02,433.35,430.62,430.62,430.62
1988-03-03,431.16,427.66,427.66,427.66
1988-03-04,438.96,437.4,437.4,437.4
1988-03-07,437.4,437.25,437.25,437.25
1988-03-08,438.57,435.06,435.06,435.06
1988-03-09,437.4,436.07,436.07,436.07
1988-03-10,443.25,442.08,442.08,442.08
1988-03-11,444.42,441.14,441.14,441.14
1988-03-14,442.31,441.69,441.69,441.69
1988-03-15,446.99,446.21,446.21,446.21
1988-03-16,447.77,445.04,445.04,445.04
1988-03-17,447.61,443.64,443.64,443.64
1988-03-18,445.2,444.26,444.26,444.26
1988-03-21,451.9,448.94,448.94,448.94
1988-03-22,450.73,448.78,448.78,448.78
1988-03-23,453.07,450.89,450.89,450.89
1988-03-24,456.74,453.23,453.23,453.23
1988-03-25,454.24,452.29,452.29,452.29
1988-03-28,455.41,455.18,455.18,455.18
1988-03-29,457.36,455.02,455.02,455.02
1988-03-30,457.51,456.74,456.74,456.74
1988-03-31,459.07,453.85,453.85,453.85
1988-04-04,458.68,455.41,455.41,455.41
1988-04-05,455.8,452.06,452.06,452.06
1988-04-06,452.84,447.38,447.38,447.38
1988-04-07,450.34,449.17,449.17,449.17
1988-04-08,451.12,450.11,450.11,450.11
1988-04-11,452.06,451.12,451.12,451.12
1988-04-12,451.67,449.95,449.95,449.95
1988-04-13,450.11,446.21,446.21,446.21
1988-04-14,454.63,452.84,452.84,452.84
1988-04-15,457.75,454.79,454.79,454.79
1988-04-18,460.24,458.3,458.3,458.3
1988-04-19,458.3,456.97,456.97,456.97
1988-04-20,459.7,455.41,455.41,455.41
1988-04-21,457.51,453.85,453.85,453.85
1988-04-22,453.85,449.33,449.33,449.33
1988-04-25,450.11,446.99,446.99,446.99
1988-04-26,449.56,448.39,448.39,448.39
1988-04-27,452.06,451.12,451.12,451.12
1988-04-28,452.45,449.95,449.95,449.95
1988-04-29,449.95,449.95,449.95,449.95
1988-05-02,450.73,444.42,444.42,444.42
1988-05-03,446.21,445.2,445.2,445.2
1988-05-04,444.03,444.03,444.03,444.03
1988-05-05,445.59,444.81,444.81,444.81
1988-05-06,446.44,442.86,442.86,442.86
1988-05-09,446.99,446.6,446.6,446.6
1988-05-10,450.5,449.33,449.33,449.33
1988-05-11,450.73,449.17,449.17,449.17
1988-05-12,453.62,451.28,451.28,451.28
1988-05-13,452.06,451.12,451.12,451.12
1988-05-16,456.09,453.44,453.44,453.44
1988-05-17,456.29,453.44,453.44,453.44
1988-05-18,455.96,455.44,455.44,455.44
1988-05-19,459.33,455.7,455.7,455.7
1988-05-20,457.71,456.09,456.09,456.09
1988-05-23,460.95,460.04,460.04,460.04
1988-05-24,460.17,459.07,459.07,459.07
1988-05-25,459.91,453.44,453.44,453.44
1988-05-26,454.21,452.79,452.79,452.79
1988-05-27,453.82,450.33,450.33,450.33
1988-05-30,453.82,452.08,452.08,452.08
1988-05-31,455.44,454.41,454.41,454.41
1988-06-01,460.17,456.67,456.67,456.67
1988-06-02,466.84,466.84,466.84,466.84
1988-06-03,468.2,464.18,464.18,464.18
1988-06-06,465.09,462.69,462.69,462.69
1988-06-07,464.83,458.94,458.94,458.94
1988-06-08,459.33,455.7,455.7,455.7
1988-06-09,458.16,456.93,456.93,456.93
1988-06-10,458.68,448.84,448.84,448.84
1988-06-13,451.17,449.42,449.42,449.42
1988-06-14,451.17,450.33,450.33,450.33
1988-06-15,453.56,452.66,452.66,452.66
1988-06-16,455.05,449.68,449.68,449.68
1988-06-17,455.7,454.08,454.08,454.08
1988-06-20,455.44,450.59,450.59,450.59
1988-06-21,453.95,451.43,451.43,451.43
1988-06-22,450.33,449.42,449.42,449.42
1988-06-23,449.68,447.29,447.29,447.29
1988-06-24,447.54,442.95,442.95,442.95
1988-06-27,444.05,442.95,442.95,442.95
1988-06-28,444.69,437.19,437.19,437.19
1988-06-29,438.54,435.7,435.7,435.7
1988-06-30,437.83,434.92,434.92,434.92
1988-07-01,437.83,437.06,437.06,437.06
1988-07-04,440.03,437.19,437.19,437.19
1988-07-05,438.42,437.83,437.83,437.83
1988-07-06,439.19,438.42,438.42,438.42
1988-07-07,441.78,438.93,438.93,438.93
1988-07-08,440.03,438.42,438.42,438.42
1988-07-11,439.71,434.53,434.53,434.53
1988-07-12,437.06,436.67,436.67,436.67
1988-07-13,441.2,439.9,439.9,439.9
1988-07-14,442.04,438.29,438.29,438.29
1988-07-15,441.59,439.9,439.9,439.9
1988-07-18,438.67,437.44,437.44,437.44
1988-07-19,446.83,445.41,445.41,445.41
1988-07-20,446.44,444.18,444.18,444.18
1988-07-21,447.8,441.33,441.33,441.33
1988-07-22,443.66,442.04,442.04,442.04
1988-07-25,443.79,426.83,426.83,426.83
1988-07-26,433.56,432.07,432.07,432.07
1988-07-27,433.95,433.17,433.17,433.17
1988-07-28,434.08,431.94,431.94,431.94
1988-07-29,437.57,435.7,435.7,435.7
1988-08-01,437.44,434.34,434.34,434.34
1988-08-02,435.44,431.42,431.42,431.42
1988-08-03,434.79,433.17,433.17,433.17
1988-08-04,434.08,432.78,432.78,432.78
1988-08-05,433.56,431.68,431.68,431.68
1988-08-08,433.17,430.32,430.32,430.32
1988-08-09,431.68,427.41,427.41,427.41
1988-08-10,429.29,428.83,428.83,428.83
1988-08-11,430.19,428.83,428.83,428.83
1988-08-12,434.53,430.9,430.9,430.9
1988-08-15,433.04,432.65,432.65,432.65
1988-08-16,435.18,428.57,428.57,428.57
1988-08-17,431.03,430.45,430.45,430.45
1988-08-18,432.65,431.68,431.68,431.68
1988-08-19,432.91,431.16,431.16,431.16
1988-08-22,434.34,433.17,433.17,433.17
1988-08-23,433.82,431.94,431.94,431.94
1988-08-24,436.54,434.66,434.66,434.66
1988-08-25,436.41,432.07,432.07,432.07
1988-08-26,434.34,431.68,431.68,431.68
1988-08-29,432.46,429.42,429.42,429.42
1988-08-30,429.93,428.19,428.19,428.19
1988-08-31,431.42,430.58,430.58,430.58
1988-09-01,431.03,430.19,430.19,430.19
1988-09-02,429.93,429.29,429.29,429.29
1988-09-05,428.83,427.28,427.28,427.28
1988-09-06,429.42,426.44,426.44,426.44
1988-09-07,428.44,427.67,427.67,427.67
1988-09-08,429.55,428.44,428.44,428.44
1988-09-09,429.93,421.58,421.58,421.58
1988-09-12,422.94,420.68,420.68,420.68
1988-09-13,422.68,420.68,420.68,420.68
1988-09-14,422.94,420.68,420.68,420.68
1988-09-15,421.77,417.05,417.05,417.05
1988-09-16,418.07,411.55,411.55,411.55
1988-09-19,410.94,408.68,408.68,408.68
1988-09-20,410.89,405.14,405.14,405.14
1988-09-21,404.92,397.4,397.4,397.4
1988-09-22,400.17,398.62,398.62,398.62
1988-09-23,400.77,393.09,393.09,393.09
1988-09-26,395.63,394.47,394.47,394.47
1988-09-27,397.79,397.24,397.24,397.24
1988-09-28,399.0,397.79,397.79,397.79
1988-09-29,400.17,396.02,396.02,396.02
1988-09-30,398.01,394.03,394.03,394.03
1988-10-03,399.12,397.35,397.35,397.35
1988-10-04,399.12,397.79,397.79,397.79
1988-10-05,401.05,400.17,400.17,400.17
1988-10-06,404.75,403.37,403.37,403.37
1988-10-07,404.25,402.76,402.76,402.76
1988-10-10,409.67,408.07,408.07,408.07
1988-10-11,410.17,404.03,404.03,404.03
1988-10-12,411.44,407.62,407.62,407.62
1988-10-13,409.78,406.63,406.63,406.63
1988-10-14,410.78,408.79,408.79,408.79
1988-10-17,413.81,411.83,411.83,411.83
1988-10-18,413.7,411.83,411.83,411.83
1988-10-19,413.15,410.89,410.89,410.89
1988-10-20,412.82,412.05,412.05,412.05
1988-10-21,411.55,408.01,408.01,408.01
1988-10-24,407.13,405.64,405.64,405.64
1988-10-25,407.51,406.19,406.19,406.19
1988-10-26,408.51,408.18,408.18,408.18
1988-10-27,408.4,407.13,407.13,407.13
1988-10-28,415.69,412.16,412.16,412.16
1988-10-31,413.7,412.16,412.16,412.16
1988-11-01,412.05,411.05,411.05,411.05
1988-11-02,422.22,421.33,421.33,421.33
1988-11-03,424.7,421.06,421.06,421.06
1988-11-04,421.83,421.06,421.06,421.06
1988-11-07,422.93,422.11,422.11,422.11
1988-11-08,422.44,418.35,418.35,418.35
1988-11-09,423.1,421.83,421.83,421.83
1988-11-10,423.82,418.29,418.29,418.29
1988-11-11,421.33,420.83,420.83,420.83
1988-11-14,424.43,422.82,422.82,422.82
1988-11-15,425.81,422.82,422.82,422.82
1988-11-16,426.8,423.43,423.43,423.43
1988-11-17,424.59,422.22,422.22,422.22
1988-11-18,420.34,416.8,416.8,416.8
1988-11-21,417.9,415.31,415.31,415.31
1988-11-22,420.17,417.46,417.46,417.46
1988-11-23,420.06,419.06,419.06,419.06
1988-11-24,420.17,419.78,419.78,419.78
1988-11-25,424.81,424.1,424.1,424.1
1988-11-28,424.98,422.11,422.11,422.11
1988-11-29,423.71,421.33,421.33,421.33
1988-11-30,423.93,423.6,423.6,423.6
1988-12-01,425.81,422.93,422.93,422.93
1988-12-02,432.11,430.34,430.34,430.34
1988-12-05,430.84,428.18,428.18,428.18
1988-12-06,429.23,427.08,427.08,427.08
1988-12-07,426.86,422.22,422.22,422.22
1988-12-08,423.82,423.43,423.43,423.43
1988-12-09,422.82,422.33,422.33,422.33
1988-12-12,421.83,419.56,419.56,419.56
1988-12-13,420.72,419.29,419.29,419.29
1988-12-14,421.72,420.83,420.83,420.83
1988-12-15,421.55,412.65,412.65,412.65
1988-12-16,414.31,412.65,412.65,412.65
1988-12-19,414.81,413.93,413.93,413.93
1988-12-20,414.42,413.93,413.93,413.93
1988-12-21,415.92,414.81,414.81,414.81
1988-12-22,417.9,417.08,417.08,417.08
1988-12-23,418.35,417.9,417.9,417.9
1988-12-27,418.95,417.68,417.68,417.68
1988-12-28,416.96,412.82,412.82,412.82
1988-12-29,414.04,407.4,407.4,407.4
1988-12-30,412.27,409.39,409.39,409.39
1989-01-03,413.93,410.28,410.28,410.28
1989-01-04,411.44,408.07,408.07,408.07
1989-01-05,409.5,407.4,407.4,407.4
1989-01-06,408.56,405.3,405.3,405.3
1989-01-09,406.52,404.53,404.53,404.53
1989-01-10,406.52,403.37,403.37,403.37
1989-01-11,404.37,402.87,402.87,402.87
1989-01-12,405.14,404.14,404.14,404.14
1989-01-13,406.52,401.77,401.77,401.77
1989-01-16,402.04,401.27,401.27,401.27
1989-01-17,402.93,402.04,402.04,402.04
1989-01-18,403.87,401.55,401.55,401.55
1989-01-19,404.37,403.13,403.13,403.13
1989-01-20,407.9,407.66,407.66,407.66
1989-01-23,408.49,406.9,406.9,406.9
1989-01-24,409.6,404.9,404.9,404.9
1989-01-25,405.49,405.13,405.13,405.13
1989-01-26,406.84,402.01,402.01,402.01
1989-01-27,403.01,394.78,394.78,394.78
1989-01-30,396.01,394.19,394.19,394.19
1989-01-31,395.84,390.31,390.31,390.31
1989-02-01,394.25,391.84,391.84,391.84
1989-02-02,393.25,390.78,390.78,390.78
1989-02-03,392.13,391.13,391.13,391.13
1989-02-06,392.25,391.37,391.37,391.37
1989-02-07,392.6,389.84,389.84,389.84
1989-02-08,394.37,393.6,393.6,393.6
1989-02-09,396.01,392.9,392.9,392.9
1989-02-10,394.49,386.72,386.72,386.72
1989-02-13,387.25,384.78,384.78,384.78
1989-02-14,386.84,384.37,384.37,384.37
1989-02-15,384.66,383.37,383.37,383.37
1989-02-16,384.49,382.84,382.84,382.84
1989-02-17,383.78,379.9,379.9,379.9
1989-02-20,382.43,382.13,382.13,382.13
1989-02-21,388.43,385.43,385.43,385.43
1989-02-22,387.43,386.07,386.07,386.07
1989-02-23,391.9,390.37,390.37,390.37
1989-02-24,390.72,388.96,388.96,388.96
1989-02-27,391.84,385.9,385.9,385.9
1989-02-28,387.25,386.9,386.9,386.9
1989-03-01,386.72,383.55,383.55,383.55
1989-03-02,384.55,383.31,383.31,383.31
1989-03-03,387.13,386.13,386.13,386.13
1989-03-06,389.55,387.13,387.13,387.13
1989-03-07,392.9,392.66,392.66,392.66
1989-03-08,395.6,392.19,392.19,392.19
1989-03-09,394.72,394.07,394.07,394.07
1989-03-10,397.37,393.43,393.43,393.43
1989-03-13,394.01,393.25,393.25,393.25
1989-03-14,397.01,395.01,395.01,395.01
1989-03-15,395.43,390.72,390.72,390.72
1989-03-16,391.13,388.6,388.6,388.6
1989-03-17,394.19,392.37,392.37,392.37
1989-03-20,396.43,394.9,394.9,394.9
1989-03-21,395.78,393.13,393.13,393.13
1989-03-22,394.43,393.43,393.43,393.43
1989-03-23,396.01,391.49,391.49,391.49
1989-03-27,391.9,389.96,389.96,389.96
1989-03-28,391.66,381.96,381.96,381.96
1989-03-29,383.9,381.37,381.37,381.37
1989-03-30,384.72,380.25,380.25,380.25
1989-03-31,384.78,384.66,384.66,384.66
1989-04-03,386.07,385.49,385.49,385.49
1989-04-04,387.49,385.72,385.72,385.72
1989-04-05,385.31,383.43,383.43,383.43
1989-04-06,384.6,383.6,383.6,383.6
1989-04-07,384.72,382.66,382.66,382.66
1989-04-10,386.31,385.31,385.31,385.31
1989-04-11,385.72,384.6,384.6,384.6
1989-04-12,388.43,386.72,386.72,386.72
1989-04-13,391.49,389.31,389.31,389.31
1989-04-14,389.96,384.72,384.72,384.72
1989-04-17,385.66,384.96,384.96,384.96
1989-04-18,385.72,382.9,382.9,382.9
1989-04-19,384.55,382.43,382.43,382.43
1989-04-20,385.25,385.13,385.13,385.13
1989-04-21,385.72,383.96,383.96,383.96
1989-04-24,387.43,386.43,386.43,386.43
1989-04-25,386.6,384.6,384.6,384.6
1989-04-26,384.96,383.9,383.9,383.9
1989-04-27,385.13,381.96,381.96,381.96
1989-04-28,382.37,377.72,377.72,377.72
1989-05-01,378.37,377.72,377.72,377.72
1989-05-02,377.9,377.07,377.07,377.07
1989-05-03,379.66,377.72,377.72,377.72
1989-05-04,378.9,376.72,376.72,376.72
1989-05-05,377.9,376.96,376.96,376.96
1989-05-08,378.96,375.37,375.37,375.37
1989-05-09,378.25,377.9,377.9,377.9
1989-05-10,379.07,376.19,376.19,376.19
1989-05-11,379.9,379.31,379.31,379.31
1989-05-12,380.07,375.96,375.96,375.96
1989-05-15,376.19,374.07,374.07,374.07
1989-05-16,375.25,373.6,373.6,373.6
1989-05-17,374.19,371.66,371.66,371.66
1989-05-18,371.72,368.19,368.19,368.19
1989-05-19,368.96,364.37,364.37,364.37
1989-05-22,363.37,361.49,361.49,361.49
1989-05-23,365.25,361.78,361.78,361.78
1989-05-24,363.92,361.94,361.94,361.94
1989-05-25,365.75,365.75,365.75,365.75
1989-05-26,367.69,363.96,363.96,363.96
1989-05-29,363.25,362.69,362.69,362.69
1989-05-30,364.88,363.17,363.17,363.17
1989-05-31,364.56,361.23,361.23,361.23
1989-06-01,362.46,362.1,362.1,362.1
1989-06-02,367.45,367.18,367.18,367.18
1989-06-05,368.96,365.35,365.35,365.35
1989-06-06,378.16,377.17,377.17,377.17
1989-06-07,377.96,374.36,374.36,374.36
1989-06-08,375.47,372.73,372.73,372.73
1989-06-09,373.44,356.98,356.98,356.98
1989-06-12,361.86,360.75,360.75,360.75
1989-06-13,363.25,362.06,362.06,362.06
1989-06-14,363.17,361.66,361.66,361.66
1989-06-15,367.65,366.26,366.26,366.26
1989-06-16,367.45,364.32,364.32,364.32
1989-06-19,366.86,366.03,366.03,366.03
1989-06-20,368.76,364.88,364.88,364.88
1989-06-21,371.26,370.94,370.94,370.94
1989-06-22,371.86,369.71,369.71,369.71
1989-06-23,379.95,376.97,376.97,376.97
1989-06-26,376.65,374.08,374.08,374.08
1989-06-27,377.05,375.66,375.66,375.66
1989-06-28,377.05,374.95,374.95,374.95
1989-06-29,378.68,369.95,369.95,369.95
1989-06-30,375.07,373.44,373.44,373.44
1989-07-03,377.37,376.97,376.97,376.97
1989-07-04,378.56,376.46,376.46,376.46
1989-07-05,386.45,384.27,384.27,384.27
1989-07-06,386.25,384.47,384.47,384.47
1989-07-07,385.54,381.57,381.57,381.57
1989-07-10,383.87,382.72,382.72,382.72
1989-07-11,382.05,379.47,379.47,379.47
1989-07-12,380.15,377.05,377.05,377.05
1989-07-13,378.88,375.07,375.07,375.07
1989-07-14,376.97,370.07,370.07,370.07
1989-07-17,372.17,370.27,370.27,370.27
1989-07-18,372.97,372.05,372.05,372.05
1989-07-19,372.17,367.97,367.97,367.97
1989-07-20,373.36,370.71,370.71,370.71
1989-07-21,373.72,371.7,371.7,371.7
1989-07-24,373.76,372.45,372.45,372.45
1989-07-25,373.72,372.77,372.77,372.77
1989-07-26,375.27,374.16,374.16,374.16
1989-07-27,375.07,372.53,372.53,372.53
1989-07-28,380.23,366.3,366.3,366.3
1989-07-31,370.07,370.07,370.07,370.07
1989-08-01,370.47,369.99,369.99,369.99
1989-08-02,370.71,369.36,369.36,369.36
1989-08-03,374.04,373.09,373.09,373.09
1989-08-04,372.29,367.33,367.33,367.33
1989-08-07,368.21,366.06,366.06,366.06
1989-08-08,366.78,365.83,365.83,365.83
1989-08-09,366.38,365.75,365.75,365.75
1989-08-10,366.78,365.75,365.75,365.75
1989-08-11,365.83,363.29,363.29,363.29
1989-08-14,365.83,364.88,364.88,364.88
1989-08-15,369.44,368.64,368.64,368.64
1989-08-16,369.6,366.3,366.3,366.3
1989-08-17,367.57,365.83,365.83,365.83
1989-08-18,367.1,365.83,365.83,365.83
1989-08-21,366.78,366.38,366.38,366.38
1989-08-22,367.25,366.38,366.38,366.38
1989-08-23,367.25,363.61,363.61,363.61
1989-08-24,364.48,362.26,362.26,362.26
1989-08-25,362.73,359.0,359.0,359.0
1989-08-28,360.19,358.77,358.77,358.77
1989-08-29,364.24,362.1,362.1,362.1
1989-08-30,362.5,360.04,360.04,360.04
1989-08-31,360.35,358.29,358.29,358.29
1989-09-01,359.4,359.0,359.0,359.0
1989-09-04,359.0,358.93,358.93,358.93
1989-09-05,359.4,358.13,358.13,358.13
1989-09-06,360.75,360.51,360.51,360.51
1989-09-07,360.04,359.4,359.4,359.4
1989-09-08,359.88,358.29,358.29,358.29
1989-09-11,359.72,357.97,357.97,357.97
1989-09-12,359.16,358.29,358.29,358.29
1989-09-13,358.93,358.45,358.45,358.45
1989-09-14,362.1,359.16,359.16,359.16
1989-09-15,363.29,362.34,362.34,362.34
1989-09-18,361.38,360.19,360.19,360.19
1989-09-19,361.15,359.72,359.72,359.72
1989-09-20,366.38,363.37,363.37,363.37
1989-09-21,364.16,363.92,363.92,363.92
1989-09-22,366.38,364.16,364.16,364.16
1989-09-25,368.88,368.21,368.21,368.21
1989-09-26,368.76,366.79,366.79,366.79
1989-09-27,370.32,365.73,365.73,365.73
1989-09-28,367.29,366.38,366.38,366.38
1989-09-29,369.17,366.14,366.14,366.14
1989-10-02,366.71,366.3,366.3,366.3
1989-10-03,366.55,365.56,365.56,365.56
1989-10-04,366.47,365.81,365.81,365.81
1989-10-05,367.69,362.7,362.7,362.7
1989-10-06,363.93,363.02,363.02,363.02
1989-10-09,363.93,362.29,362.29,362.29
1989-10-10,362.7,360.65,360.65,360.65
1989-10-11,362.04,361.63,361.63,361.63
1989-10-12,363.52,362.78,362.78,362.78
1989-10-13,364.09,362.78,362.78,362.78
1989-10-16,369.36,366.9,366.9,366.9
1989-10-17,368.06,366.83,366.83,366.83
1989-10-18,369.08,368.18,368.18,368.18
1989-10-19,369.54,366.59,366.59,366.59
1989-10-20,367.1,366.69,366.69,366.69
1989-10-23,367.02,366.21,366.21,366.21
1989-10-24,369.54,369.38,369.38,369.38
1989-10-25,369.35,368.44,368.44,368.44
1989-10-26,372.43,371.15,371.15,371.15
1989-10-27,377.78,377.5,377.5,377.5
1989-10-30,379.2,377.1,377.1,377.1
1989-10-31,376.74,373.9,373.9,373.9
1989-11-01,375.3,373.15,373.15,373.15
1989-11-02,381.1,378.7,378.7,378.7
1989-11-03,382.55,377.85,377.85,377.85
1989-11-06,381.2,380.8,380.8,380.8
1989-11-07,385.75,385.0,385.0,385.0
1989-11-08,389.6,389.0,389.0,389.0
1989-11-09,389.55,386.45,386.45,386.45
1989-11-10,388.25,385.95,385.95,385.95
1989-11-13,395.05,390.5,390.5,390.5
1989-11-14,393.75,392.55,392.55,392.55
1989-11-15,393.85,390.05,390.05,390.05
1989-11-16,394.25,391.95,391.95,391.95
1989-11-17,395.0,394.6,394.6,394.6
1989-11-20,399.05,398.45,398.45,398.45
1989-11-21,405.65,403.5,403.5,403.5
1989-11-22,411.65,410.0,410.0,410.0
1989-11-23,413.25,412.0,412.0,412.0
1989-11-24,419.9,419.05,419.05,419.05
1989-11-27,421.25,414.25,414.25,414.25
1989-11-28,415.95,413.0,413.0,413.0
1989-11-29,413.25,407.75,407.75,407.75
1989-11-30,413.3,411.7,411.7,411.7
1989-12-01,415.95,413.75,413.75,413.75
1989-12-04,414.35,400.5,400.5,400.5
1989-12-05,405.65,403.85,403.85,403.85
1989-12-06,406.05,405.25,405.25,405.25
1989-12-07,411.15,409.65,409.65,409.65
1989-12-08,415.35,412.25,412.25,412.25
1989-12-11,419.05,417.25,417.25,417.25
1989-12-12,419.35,417.55,417.55,417.55
1989-12-13,418.25,405.25,405.25,405.25
1989-12-14,409.95,408.65,408.65,408.65
1989-12-15,415.85,413.35,413.35,413.35
1989-12-18,414.85,412.65,412.65,412.65
1989-12-19,415.25,412.75,412.75,412.75
1989-12-20,414.75,413.55,413.55,413.55
1989-12-21,414.75,412.0,412.0,412.0
1989-12-22,414.15,414.15,414.15,414.15
1989-12-25,414.7,413.5,413.5,413.5
1989-12-26,413.3,407.0,407.0,407.0
1989-12-27,410.16,400.75,400.75,400.75
1989-12-28,403.05,399.75,399.75,399.75
1989-12-29,404.85,403.05,403.05,403.05
1990-01-02,403.85,399.45,399.45,399.45
1990-01-03,399.6,394.75,394.75,394.75
1990-01-04,399.45,399.05,399.05,399.05
1990-01-05,407.45,406.35,406.35,406.35
1990-01-08,405.75,402.1,402.1,402.1
1990-01-09,406.45,405.75,405.75,405.75
1990-01-10,413.45,411.45,411.45,411.45
1990-01-11,413.45,413.45,413.45,413.45
1990-01-12,418.68,415.38,415.38,415.38
1990-01-15,418.4,415.45,415.45,415.45
1990-01-16,415.85,409.25,409.25,409.25
1990-01-17,414.25,413.45,413.45,413.45
1990-01-18,415.5,410.9,410.9,410.9
1990-01-19,412.15,410.15,410.15,410.15
1990-01-22,410.95,408.65,408.65,408.65
1990-01-23,414.65,413.2,413.2,413.2
1990-01-24,424.75,417.65,417.65,417.65
1990-01-25,418.77,418.12,418.12,418.12
1990-01-26,421.25,420.25,420.25,420.25
1990-01-29,422.75,419.0,419.0,419.0
1990-01-30,421.5,418.85,418.85,418.85
1990-01-31,419.25,411.7,411.7,411.7
1990-02-01,418.45,417.9,417.9,417.9
1990-02-02,419.29,418.35,418.35,418.35
1990-02-05,424.75,422.95,422.95,422.95
1990-02-06,424.5,421.5,421.5,421.5
1990-02-07,424.6,417.8,417.8,417.8
1990-02-08,419.8,418.9,418.9,418.9
1990-02-09,419.35,416.0,416.0,416.0
1990-02-12,420.45,419.55,419.55,419.55
1990-02-13,421.5,418.05,418.05,418.05
1990-02-14,418.7,416.8,416.8,416.8
1990-02-15,418.05,413.55,413.55,413.55
1990-02-16,418.25,417.5,417.5,417.5
1990-02-19,418.0,416.6,416.6,416.6
1990-02-20,421.45,419.35,419.35,419.35
1990-02-21,423.15,417.55,417.55,417.55
1990-02-22,419.45,416.75,416.75,416.75
1990-02-23,417.95,415.15,415.15,415.15
1990-02-26,415.1,408.55,408.55,408.55
1990-02-27,409.75,408.65,408.65,408.65
1990-02-28,409.75,406.75,406.75,406.75
1990-03-01,408.85,406.95,406.95,406.95
1990-03-02,407.51,403.5,403.5,403.5
1990-03-05,405.45,404.55,404.55,404.55
1990-03-06,407.25,404.0,404.0,404.0
1990-03-07,404.05,401.55,401.55,401.55
1990-03-08,402.3,400.1,400.1,400.1
1990-03-09,400.9,400.05,400.05,400.05
1990-03-12,402.05,399.15,399.15,399.15
1990-03-13,400.05,398.95,398.95,398.95
1990-03-14,400.15,398.25,398.25,398.25
1990-03-15,400.75,398.5,398.5,398.5
1990-03-16,401.65,399.95,399.95,399.95
1990-03-19,403.15,401.25,401.25,401.25
1990-03-20,402.15,393.25,393.25,393.25
1990-03-21,394.25,391.65,391.65,391.65
1990-03-22,394.45,394.25,394.25,394.25
1990-03-23,394.55,389.15,389.15,389.15
1990-03-26,389.48,368.62,368.62,368.62
1990-03-27,375.15,367.75,367.75,367.75
1990-03-28,376.25,369.35,369.35,369.35
1990-03-29,373.95,371.55,371.55,371.55
1990-03-30,373.15,370.45,370.45,370.45
1990-04-02,370.55,370.55,370.55,370.55
1990-04-03,381.05,375.25,375.25,375.25
1990-04-04,378.15,377.25,377.25,377.25
1990-04-05,379.5,375.55,375.55,375.55
1990-04-06,381.25,380.75,380.75,380.75
1990-04-09,382.2,375.95,375.95,375.95
1990-04-10,376.35,375.75,375.75,375.75
1990-04-11,376.05,375.0,375.0,375.0
1990-04-12,376.15,375.85,375.85,375.85
1990-04-13,375.85,375.85,375.85,375.85
1990-04-16,375.95,374.85,374.85,374.85
1990-04-17,375.95,374.75,374.75,374.75
1990-04-18,377.2,376.4,376.4,376.4
1990-04-19,378.0,377.5,377.5,377.5
1990-04-20,377.75,376.25,376.25,376.25
1990-04-23,379.85,378.7,378.7,378.7
1990-04-24,379.0,375.85,375.85,375.85
1990-04-25,376.0,371.6,371.6,371.6
1990-04-26,373.65,370.85,370.85,370.85
1990-04-27,372.35,371.5,371.5,371.5
1990-04-30,371.75,368.9,368.9,368.9
1990-05-01,371.6,370.25,370.25,370.25
1990-05-02,371.15,369.95,369.95,369.95
1990-05-03,372.85,371.55,371.55,371.55
1990-05-04,372.95,371.35,371.35,371.35
1990-05-07,372.75,372.05,372.05,372.05
1990-05-08,374.15,370.5,370.5,370.5
1990-05-09,372.25,371.35,371.35,371.35
1990-05-10,372.7,370.9,370.9,370.9
1990-05-11,372.45,368.95,368.95,368.95
1990-05-14,370.7,368.2,368.2,368.2
1990-05-15,372.45,370.15,370.15,370.15
1990-05-16,371.35,369.25,369.25,369.25
1990-05-17,370.3,369.3,369.3,369.3
1990-05-18,375.55,373.25,373.25,373.25
1990-05-21,374.45,372.8,372.8,372.8
1990-05-22,376.65,374.75,374.75,374.75
1990-05-23,377.65,364.85,364.85,364.85
1990-05-24,374.85,366.75,366.75,366.75
1990-05-25,368.95,367.85,367.85,367.85
1990-05-28,368.0,367.5,367.5,367.5
1990-05-29,369.25,366.75,366.75,366.75
1990-05-30,367.8,364.7,364.7,364.7
1990-05-31,364.9,363.9,363.9,363.9
1990-06-01,364.55,359.0,359.0,359.0
1990-06-04,359.6,357.8,357.8,357.8
1990-06-05,360.2,359.2,359.2,359.2
1990-06-06,361.0,357.05,357.05,357.05
1990-06-07,357.5,354.0,354.0,354.0
1990-06-08,355.65,355.25,355.25,355.25
1990-06-11,355.75,355.35,355.35,355.35
1990-06-12,357.1,354.75,354.75,354.75
1990-06-13,354.85,353.55,353.55,353.55
1990-06-14,351.95,349.15,349.15,349.15
1990-06-15,348.15,345.55,345.55,345.55
1990-06-18,350.05,348.75,348.75,348.75
1990-06-19,349.6,348.2,348.2,348.2
1990-06-20,351.75,349.75,349.75,349.75
1990-06-21,351.0,350.05,350.05,350.05
1990-06-22,350.85,349.75,349.75,349.75
1990-06-25,354.25,353.35,353.35,353.35
1990-06-26,353.85,350.3,350.3,350.3
1990-06-27,353.75,350.25,350.25,350.25
1990-06-28,353.2,351.1,351.1,351.1
1990-06-29,358.25,357.05,357.05,357.05
1990-07-02,359.25,358.1,358.1,358.1
1990-07-03,362.95,361.5,361.5,361.5
1990-07-04,363.05,362.55,362.55,362.55
1990-07-05,362.75,360.75,360.75,360.75
1990-07-06,362.15,360.4,360.4,360.4
1990-07-09,361.2,357.8,357.8,357.8
1990-07-10,359.55,355.0,355.0,355.0
1990-07-11,355.25,353.35,353.35,353.35
1990-07-12,359.05,357.95,357.95,357.95
1990-07-13,367.55,364.25,364.25,364.25
1990-07-16,363.95,362.75,362.75,362.75
1990-07-17,363.87,361.25,361.25,361.25
1990-07-18,363.35,361.3,361.3,361.3
1990-07-19,363.87,360.65,360.65,360.65
1990-07-20,363.05,361.15,361.15,361.15
1990-07-23,370.5,368.6,368.6,368.6
1990-07-24,370.05,367.3,367.3,367.3
1990-07-25,374.55,371.45,371.45,371.45
1990-07-26,374.25,368.95,368.95,368.95
1990-07-27,372.75,367.5,367.5,367.5
1990-07-30,369.15,367.95,367.95,367.95
1990-07-31,373.55,370.75,370.75,370.75
1990-08-01,375.65,373.25,373.25,373.25
1990-08-02,387.25,377.45,377.45,377.45
1990-08-03,382.15,377.75,377.75,377.75
1990-08-06,385.25,384.75,384.75,384.75
1990-08-07,387.6,386.5,386.5,386.5
1990-08-08,387.25,382.95,382.95,382.95
1990-08-09,387.25,385.75,385.75,385.75
1990-08-10,396.95,396.75,396.75,396.75
1990-08-13,406.25,404.25,404.25,404.25
1990-08-14,416.38,404.68,404.68,404.68
1990-08-15,408.65,402.75,402.75,402.75
1990-08-16,410.38,410.38,410.38,410.38
1990-08-17,415.12,409.48,409.48,409.48
1990-08-20,414.25,409.75,409.75,409.75
1990-08-21,415.95,407.0,407.0,407.0
1990-08-22,414.27,413.62,413.62,413.62
1990-08-23,417.0,411.45,411.45,411.45
1990-08-24,414.75,411.95,411.95,411.95
1990-08-27,414.25,390.25,390.25,390.25
1990-08-28,394.5,383.0,383.0,383.0
1990-08-29,391.25,387.5,387.5,387.5
1990-08-30,390.95,389.25,389.25,389.25
1990-08-31,390.05,383.0,383.0,383.0
1990-09-03,389.05,386.85,386.85,386.85
1990-09-04,389.95,384.5,384.5,384.5
1990-09-05,389.95,388.75,388.75,388.75
1990-09-06,391.0,390.25,390.25,390.25
1990-09-07,391.36,390.05,390.05,390.05
1990-09-10,388.8,379.6,379.6,379.6
1990-09-11,383.45,380.85,380.85,380.85
1990-09-12,384.2,382.65,382.65,382.65
1990-09-13,385.1,383.75,383.75,383.75
1990-09-14,388.75,385.35,385.35,385.35
1990-09-17,391.05,390.75,390.75,390.75
1990-09-18,394.55,388.85,388.85,388.85
1990-09-19,388.8,385.85,385.85,385.85
1990-09-20,389.75,389.75,389.75,389.75
1990-09-21,393.85,389.25,389.25,389.25
1990-09-24,404.07,403.62,403.62,403.62
1990-09-25,408.5,401.4,401.4,401.4
1990-09-26,408.48,407.38,407.38,407.38
1990-09-27,407.75,405.25,405.25,405.25
1990-09-28,409.25,403.15,403.15,403.15
1990-10-01,404.25,388.55,388.55,388.55
1990-10-02,390.25,389.05,389.05,389.05
1990-10-03,395.48,394.62,394.62,394.62
1990-10-04,399.3,393.25,393.25,393.25
1990-10-05,396.75,394.25,394.25,394.25
1990-10-08,396.85,394.0,394.0,394.0
1990-10-09,398.4,390.5,390.5,390.5
1990-10-10,394.38,388.88,388.88,388.88
1990-10-11,392.05,391.15,391.15,391.15
1990-10-12,391.35,388.25,388.25,388.25
1990-10-15,388.25,375.75,375.75,375.75
1990-10-16,376.75,362.35,362.35,362.35
1990-10-17,368.05,366.55,366.55,366.55
1990-10-18,371.38,371.38,371.38,371.38
1990-10-19,376.0,372.95,372.95,372.95
1990-10-22,375.35,369.75,369.75,369.75
1990-10-23,373.75,370.95,370.95,370.95
1990-10-24,374.55,373.75,373.75,373.75
1990-10-25,377.45,376.45,376.45,376.45
1990-10-26,378.5,371.25,371.25,371.25
1990-10-29,374.55,374.3,374.3,374.3
1990-10-30,380.65,378.75,378.75,378.75
1990-10-31,382.55,380.2,380.2,380.2
1990-11-01,383.85,381.55,381.55,381.55
1990-11-02,381.75,376.5,376.5,376.5
1990-11-05,388.05,378.95,378.95,378.95
1990-11-06,386.25,385.35,385.35,385.35
1990-11-07,389.55,386.6,386.6,386.6
1990-11-08,388.0,387.25,387.25,387.25
1990-11-09,388.8,384.65,384.65,384.65
1990-11-12,385.0,381.6,381.6,381.6
1990-11-13,386.15,385.25,385.25,385.25
1990-11-14,385.85,377.45,377.45,377.45
1990-11-15,380.05,379.05,379.05,379.05
1990-11-16,380.7,379.15,379.15,379.15
1990-11-19,383.4,381.75,381.75,381.75
1990-11-20,382.05,377.75,377.75,377.75
1990-11-21,381.25,379.35,379.35,379.35
1990-11-22,381.25,380.25,380.25,380.25
1990-11-23,384.85,384.15,384.15,384.15
1990-11-26,388.45,386.45,386.45,386.45
1990-11-27,386.65,385.15,385.15,385.15
1990-11-28,387.85,384.95,384.95,384.95
1990-11-29,389.75,387.35,387.35,387.35
1990-11-30,389.35,382.25,382.25,382.25
1990-12-03,382.65,375.55,375.55,375.55
1990-12-04,380.95,376.05,376.05,376.05
1990-12-05,378.95,373.2,373.2,373.2
1990-12-06,374.45,371.35,371.35,371.35
1990-12-07,372.6,369.55,369.55,369.55
1990-12-10,375.45,373.25,373.25,373.25
1990-12-11,375.05,372.25,372.25,372.25
1990-12-12,373.5,371.75,371.75,371.75
1990-12-13,374.05,373.3,373.3,373.3
1990-12-14,376.85,376.05,376.05,376.05
1990-12-17,377.95,376.75,376.75,376.75
1990-12-18,378.45,376.1,376.1,376.1
1990-12-19,385.05,384.25,384.25,384.25
1990-12-20,388.05,383.65,383.65,383.65
1990-12-21,384.85,381.45,381.45,381.45
1990-12-24,385.0,383.5,383.5,383.5
1990-12-25,390.75,390.0,390.0,390.0
1990-12-26,386.25,384.25,384.25,384.25
1990-12-27,385.35,384.85,384.85,384.85
1990-12-28,394.05,393.0,393.0,393.0
1990-12-31,394.0,393.0,393.0,393.0
1991-01-02,393.75,388.65,388.65,388.65
1991-01-03,389.05,386.75,386.75,386.75
1991-01-04,388.95,385.3,385.3,385.3
1991-01-07,394.65,393.1,393.1,393.1
1991-01-08,394.35,390.75,390.75,390.75
1991-01-09,392.75,391.75,391.75,391.75
1991-01-10,391.9,389.65,389.65,389.65
1991-01-11,394.08,391.5,391.5,391.5
1991-01-14,400.45,398.75,398.75,398.75
1991-01-15,401.55,399.0,399.0,399.0
1991-01-16,405.18,403.38,403.38,403.38
1991-01-17,403.2,374.0,374.0,374.0
1991-01-18,386.5,374.1,374.1,374.1
1991-01-21,380.25,379.35,379.35,379.35
1991-01-22,381.95,380.75,380.75,380.75
1991-01-23,382.55,378.25,378.25,378.25
1991-01-24,378.4,372.9,372.9,372.9
1991-01-25,377.35,375.85,375.85,375.85
1991-01-28,378.35,376.6,376.6,376.6
1991-01-29,378.15,376.35,376.35,376.35
1991-01-30,376.45,367.95,367.95,367.95
1991-01-31,370.65,366.35,366.35,366.35
1991-02-01,369.75,365.55,365.55,365.55
1991-02-04,371.15,368.35,368.35,368.35
1991-02-05,368.95,365.85,365.85,365.85
1991-02-06,365.65,362.35,362.35,362.35
1991-02-07,369.65,367.25,367.25,367.25
1991-02-08,371.05,369.55,369.55,369.55
1991-02-11,369.6,366.25,366.25,366.25
1991-02-12,370.45,367.0,367.0,367.0
1991-02-13,368.25,367.05,367.05,367.05
1991-02-14,369.35,367.95,367.95,367.95
1991-02-15,368.25,363.75,363.75,363.75
1991-02-18,365.0,363.95,363.95,363.95
1991-02-19,365.15,363.65,363.65,363.65
1991-02-20,365.55,363.9,363.9,363.9
1991-02-21,364.75,361.55,361.55,361.55
1991-02-22,361.55,357.0,357.0,357.0
1991-02-25,359.55,359.25,359.25,359.25
1991-02-26,361.05,358.25,358.25,358.25
1991-02-27,362.15,361.1,361.1,361.1
1991-02-28,368.35,366.15,366.15,366.15
1991-03-01,368.45,366.85,366.85,366.85
1991-03-04,368.25,367.05,367.05,367.05
1991-03-05,367.85,364.0,364.0,364.0
1991-03-06,369.85,366.5,366.5,366.5
1991-03-07,367.95,366.95,366.95,366.95
1991-03-08,371.15,369.0,369.0,369.0
1991-03-11,370.4,365.1,365.1,365.1
1991-03-12,365.95,364.9,364.9,364.9
1991-03-13,367.95,366.85,366.85,366.85
1991-03-14,367.25,364.95,364.95,364.95
1991-03-15,367.0,364.45,364.45,364.45
1991-03-18,366.55,362.35,362.35,362.35
1991-03-19,366.35,363.35,363.35,363.35
1991-03-20,365.55,362.45,362.45,362.45
1991-03-21,364.25,362.05,362.05,362.05
1991-03-22,364.25,362.55,362.55,362.55
1991-03-25,363.05,358.65,358.65,358.65
1991-03-26,359.15,356.95,356.95,356.95
1991-03-27,358.05,355.25,355.25,355.25
1991-03-28,357.05,356.55,356.55,356.55
1991-03-29,356.25,355.6,355.6,355.6
1991-04-01,359.25,359.0,359.0,359.0
1991-04-02,359.25,357.45,357.45,357.45
1991-04-03,360.05,359.4,359.4,359.4
1991-04-04,359.9,358.5,358.5,358.5
1991-04-05,360.05,359.05,359.05,359.05
1991-04-08,361.75,360.85,360.85,360.85
1991-04-09,365.45,364.15,364.15,364.15
1991-04-10,364.75,363.45,363.45,363.45
1991-04-11,363.0,362.05,362.05,362.05
1991-04-12,362.85,359.95,359.95,359.95
1991-04-15,362.25,360.55,360.55,360.55
1991-04-16,361.85,360.1,360.1,360.1
1991-04-17,362.25,360.95,360.95,360.95
1991-04-18,362.0,357.6,357.6,357.6
1991-04-19,357.65,356.65,356.65,356.65
1991-04-22,357.95,357.25,357.25,357.25
1991-04-23,357.95,356.6,356.6,356.6
1991-04-24,357.25,355.95,355.95,355.95
1991-04-25,357.0,353.95,353.95,353.95
1991-04-26,355.0,353.85,353.85,353.85
1991-04-29,354.35,352.25,352.25,352.25
1991-04-30,359.45,356.6,356.6,356.6
1991-05-01,358.55,356.0,356.0,356.0
1991-05-02,356.45,355.1,355.1,355.1
1991-05-03,357.25,353.85,353.85,353.85
1991-05-06,355.6,355.25,355.25,355.25
1991-05-07,357.85,356.65,356.65,356.65
1991-05-08,357.9,357.3,357.3,357.3
1991-05-09,358.25,358.25,358.25,358.25
1991-05-10,358.05,356.85,356.85,356.85
1991-05-13,360.08,358.25,358.25,358.25
1991-05-14,360.45,359.4,359.4,359.4
1991-05-15,361.55,359.45,359.45,359.45
1991-05-16,360.35,356.15,356.15,356.15
1991-05-17,356.4,354.75,354.75,354.75
1991-05-20,357.55,356.65,356.65,356.65
1991-05-21,357.25,356.75,356.75,356.75
1991-05-22,358.45,355.65,355.65,355.65
1991-05-23,356.25,354.95,354.95,354.95
1991-05-24,356.79,356.25,356.25,356.25
1991-05-27,357.5,356.6,356.6,356.6
1991-05-28,364.55,363.25,363.25,363.25
1991-05-29,363.15,360.45,360.45,360.45
1991-05-30,364.45,362.7,362.7,362.7
1991-05-31,363.25,361.5,361.5,361.5
1991-06-03,364.25,362.5,362.5,362.5
1991-06-04,363.35,362.05,362.05,362.05
1991-06-05,363.25,362.45,362.45,362.45
1991-06-06,365.65,365.45,365.45,365.45
1991-06-07,368.15,366.25,366.25,366.25
1991-06-10,373.97,372.95,372.95,372.95
1991-06-11,373.35,370.5,370.5,370.5
1991-06-12,372.95,369.9,369.9,369.9
1991-06-13,370.85,369.35,369.35,369.35
1991-06-14,369.95,366.5,366.5,366.5
1991-06-17,368.2,367.75,367.75,367.75
1991-06-18,372.25,367.75,367.75,367.75
1991-06-19,368.85,368.15,368.15,368.15
1991-06-20,370.2,368.2,368.2,368.2
1991-06-21,368.35,366.95,366.95,366.95
1991-06-24,366.25,363.55,363.55,363.55
1991-06-25,365.45,364.5,364.5,364.5
1991-06-26,367.75,366.1,366.1,366.1
1991-06-27,366.75,366.0,366.0,366.0
1991-06-28,371.15,368.25,368.25,368.25
1991-07-01,370.45,368.25,368.25,368.25
1991-07-02,368.35,367.8,367.8,367.8
1991-07-03,370.75,369.75,369.75,369.75
1991-07-04,370.6,369.75,369.75,369.75
1991-07-05,371.45,370.25,370.25,370.25
1991-07-08,371.95,370.25,370.25,370.25
1991-07-09,370.55,369.25,369.25,369.25
1991-07-10,371.85,369.65,369.65,369.65
1991-07-11,370.0,367.5,367.5,367.5
1991-07-12,369.65,368.5,368.5,368.5
1991-07-15,369.85,369.55,369.55,369.55
1991-07-16,369.3,368.9,368.9,368.9
1991-07-17,369.9,369.55,369.55,369.55
1991-07-18,372.15,369.15,369.15,369.15
1991-07-19,371.0,370.6,370.6,370.6
1991-07-22,371.29,367.4,367.4,367.4
1991-07-23,368.8,367.5,367.5,367.5
1991-07-24,368.35,364.55,364.55,364.55
1991-07-25,366.9,364.55,364.55,364.55
1991-07-26,366.55,366.25,366.25,366.25
1991-07-29,366.85,364.15,364.15,364.15
1991-07-30,364.75,363.75,363.75,363.75
1991-07-31,364.75,363.95,363.95,363.95
1991-08-01,365.55,363.55,363.55,363.55
1991-08-02,363.75,356.35,356.35,356.35
1991-08-05,357.35,356.3,356.3,356.3
1991-08-06,357.95,357.25,357.25,357.25
1991-08-07,358.15,356.95,356.95,356.95
1991-08-08,358.6,356.7,356.7,356.7
1991-08-09,359.35,358.75,358.75,358.75
1991-08-12,358.95,357.5,357.5,357.5
1991-08-13,358.3,356.8,356.8,356.8
1991-08-14,359.05,357.85,357.85,357.85
1991-08-15,360.6,357.3,357.3,357.3
1991-08-16,358.75,358.0,358.0,358.0
1991-08-19,362.3,358.9,358.9,358.9
1991-08-20,359.25,356.2,356.2,356.2
1991-08-21,357.55,355.95,355.95,355.95
1991-08-22,357.75,354.55,354.55,354.55
1991-08-23,355.25,353.85,353.85,353.85
1991-08-26,355.75,355.25,355.25,355.25
1991-08-27,355.75,354.5,354.5,354.5
1991-08-28,356.9,354.5,354.5,354.5
1991-08-29,355.15,351.45,351.45,351.45
1991-08-30,351.65,348.55,348.55,348.55
1991-09-02,348.9,348.0,348.0,348.0
1991-09-03,350.35,348.25,348.25,348.25
1991-09-04,349.6,349.05,349.05,349.05
1991-09-05,349.11,346.85,346.85,346.85
1991-09-06,349.55,349.15,349.15,349.15
1991-09-09,352.45,350.9,350.9,350.9
1991-09-10,352.25,349.75,349.75,349.75
1991-09-11,350.25,345.45,345.45,345.45
1991-09-12,346.25,344.25,344.25,344.25
1991-09-13,345.35,344.45,344.45,344.45
1991-09-16,346.35,344.55,344.55,344.55
1991-09-17,347.45,346.7,346.7,346.7
1991-09-18,349.05,348.25,348.25,348.25
1991-09-19,350.85,348.45,348.45,348.45
1991-09-20,349.05,348.55,348.55,348.55
1991-09-23,351.0,351.0,351.0,351.0
1991-09-24,354.55,353.75,353.75,353.75
1991-09-25,354.4,352.6,352.6,352.6
1991-09-26,353.25,350.8,350.8,350.8
1991-09-27,351.3,349.25,349.25,349.25
1991-09-30,356.25,354.05,354.05,354.05
1991-10-01,354.55,354.1,354.1,354.1
1991-10-02,357.95,355.15,355.15,355.15
1991-10-03,358.45,357.8,357.8,357.8
1991-10-04,359.25,358.85,358.85,358.85
1991-10-07,360.45,358.9,358.9,358.9
1991-10-08,359.25,356.95,356.95,356.95
1991-10-09,359.35,359.15,359.15,359.15
1991-10-10,360.75,358.2,358.2,358.2
1991-10-11,360.6,359.5,359.5,359.5
1991-10-14,361.25,358.3,358.3,358.3
1991-10-15,359.95,357.45,357.45,357.45
1991-10-16,358.15,357.6,357.6,357.6
1991-10-17,360.25,360.1,360.1,360.1
1991-10-18,362.65,362.05,362.05,362.05
1991-10-21,364.8,363.3,363.3,363.3
1991-10-22,364.45,363.25,363.25,363.25
1991-10-23,364.75,362.15,362.15,362.15
1991-10-24,362.05,361.85,361.85,361.85
1991-10-25,363.4,360.5,360.5,360.5
1991-10-28,360.45,358.6,358.6,358.6
1991-10-29,359.35,359.1,359.1,359.1
1991-10-30,361.26,357.9,357.9,357.9
1991-10-31,359.75,357.95,357.95,357.95
1991-11-01,358.25,355.35,355.35,355.35
1991-11-04,356.95,356.75,356.75,356.75
1991-11-05,357.3,354.35,354.35,354.35
1991-11-06,355.05,354.6,354.6,354.6
1991-11-07,356.05,353.65,353.65,353.65
1991-11-08,355.25,354.0,354.0,354.0
1991-11-11,355.45,355.35,355.35,355.35
1991-11-12,356.55,355.9,355.9,355.9
1991-11-13,357.45,356.35,356.35,356.35
1991-11-14,357.2,355.1,355.1,355.1
1991-11-15,360.25,359.25,359.25,359.25
1991-11-18,361.95,360.35,360.35,360.35
1991-11-19,364.75,363.0,363.0,363.0
1991-11-20,364.95,363.95,363.95,363.95
1991-11-21,370.05,367.65,367.65,367.65
1991-11-22,369.45,368.95,368.95,368.95
1991-11-25,369.85,367.8,367.8,367.8
1991-11-26,368.1,365.65,365.65,365.65
1991-11-27,368.75,367.75,367.75,367.75
1991-11-28,368.1,366.05,366.05,366.05
1991-11-29,368.0,367.9,367.9,367.9
1991-12-02,369.15,366.55,366.55,366.55
1991-12-03,367.27,363.65,363.65,363.65
1991-12-04,366.5,365.1,365.1,365.1
1991-12-05,367.25,366.75,366.75,366.75
1991-12-06,370.25,368.95,368.95,368.95
1991-12-09,372.05,368.95,368.95,368.95
1991-12-10,371.26,368.25,368.25,368.25
1991-12-11,368.8,366.2,366.2,366.2
1991-12-12,367.15,358.0,358.0,358.0
1991-12-13,360.2,359.2,359.2,359.2
1991-12-16,360.65,359.1,359.1,359.1
1991-12-17,359.25,356.75,356.75,356.75
1991-12-18,359.55,359.05,359.05,359.05
1991-12-19,359.55,357.75,357.75,357.75
1991-12-20,359.6,358.7,358.7,358.7
1991-12-23,361.25,359.6,359.6,359.6
1991-12-24,360.1,359.55,359.55,359.55
1991-12-25,360.5,358.75,358.75,358.75
1991-12-26,359.25,355.2,355.2,355.2
1991-12-27,356.55,354.0,354.0,354.0
1991-12-30,354.9,352.95,352.95,352.95
1991-12-31,354.7,354.3,354.3,354.3
1992-01-01,354.3,354.3,354.3,354.3
1992-01-02,354.65,352.45,352.45,352.45
1992-01-03,354.0,350.75,350.75,350.75
1992-01-06,351.5,349.75,349.75,349.75
1992-01-07,350.45,349.55,349.55,349.55
1992-01-08,351.65,350.75,350.75,350.75
1992-01-09,358.55,357.25,357.25,357.25
1992-01-10,359.4,356.35,356.35,356.35
1992-01-13,356.85,353.95,353.95,353.95
1992-01-14,355.95,354.85,354.85,354.85
1992-01-15,356.55,354.15,354.15,354.15
1992-01-16,358.55,356.55,356.55,356.55
1992-01-17,358.1,354.1,354.1,354.1
1992-01-20,361.05,357.85,357.85,357.85
1992-01-21,358.63,357.75,357.75,357.75
1992-01-22,358.35,357.6,357.6,357.6
1992-01-23,359.75,354.85,354.85,354.85
1992-01-24,356.75,354.75,354.75,354.75
1992-01-27,357.25,355.05,355.05,355.05
1992-01-28,357.15,355.9,355.9,355.9
1992-01-29,358.85,356.45,356.45,356.45
1992-01-30,357.75,354.4,354.4,354.4
1992-01-31,359.35,357.0,357.0,357.0
1992-02-03,357.85,356.0,356.0,356.0
1992-02-04,356.85,355.95,355.95,355.95
1992-02-05,356.65,355.7,355.7,355.7
1992-02-06,357.05,355.55,355.55,355.55
1992-02-07,357.25,354.75,354.75,354.75
1992-02-10,356.35,355.65,355.65,355.65
1992-02-11,357.05,356.05,356.05,356.05
1992-02-12,358.6,357.8,357.8,357.8
1992-02-13,358.4,355.6,355.6,355.6
1992-02-14,356.15,353.35,353.35,353.35
1992-02-17,354.75,354.25,354.25,354.25
1992-02-18,354.95,353.05,353.05,353.05
1992-02-19,354.05,352.95,352.95,352.95
1992-02-20,353.95,353.35,353.35,353.35
1992-02-21,354.0,351.25,351.25,351.25
1992-02-24,351.85,349.95,349.95,349.95
1992-02-25,351.5,349.6,349.6,349.6
1992-02-26,350.1,349.65,349.65,349.65
1992-02-27,355.45,353.75,353.75,353.75
1992-02-28,354.2,353.1,353.1,353.1
1992-03-02,353.6,351.55,351.55,351.55
1992-03-03,353.35,350.6,350.6,350.6
1992-03-04,350.95,350.65,350.65,350.65
1992-03-05,351.85,351.7,351.7,351.7
1992-03-06,352.7,349.5,349.5,349.5
1992-03-09,349.75,349.05,349.05,349.05
1992-03-10,349.55,349.05,349.05,349.05
1992-03-11,350.85,350.3,350.3,350.3
1992-03-12,351.6,347.4,347.4,347.4
1992-03-13,349.05,346.95,346.95,346.95
1992-03-16,348.1,343.55,343.55,343.55
1992-03-17,344.25,340.55,340.55,340.55
1992-03-18,342.0,338.65,338.65,338.65
1992-03-19,339.85,338.95,338.95,338.95
1992-03-20,340.1,338.45,338.45,338.45
1992-03-23,339.25,338.25,338.25,338.25
1992-03-24,339.9,339.6,339.6,339.6
1992-03-25,343.25,341.25,341.25,341.25
1992-03-26,341.55,340.75,340.75,340.75
1992-03-27,343.35,342.45,342.45,342.45
1992-03-30,344.0,341.85,341.85,341.85
1992-03-31,344.95,343.4,343.4,343.4
1992-04-01,345.0,342.55,342.55,342.55
1992-04-02,343.15,340.55,340.55,340.55
1992-04-03,342.0,340.9,340.9,340.9
1992-04-06,341.1,340.05,340.05,340.05
1992-04-07,340.35,338.55,338.55,338.55
1992-04-08,339.15,337.85,337.85,337.85
1992-04-09,339.6,339.6,339.6,339.6
1992-04-10,342.75,341.05,341.05,341.05
1992-04-13,342.75,339.35,339.35,339.35
1992-04-14,339.75,339.5,339.5,339.5
1992-04-15,341.31,335.9,335.9,335.9
1992-04-16,337.55,337.35,337.35,337.35
1992-04-17,338.25,338.0,338.0,338.0
1992-04-20,338.15,337.0,337.0,337.0
1992-04-21,342.05,340.35,340.35,340.35
1992-04-22,340.85,338.65,338.65,338.65
1992-04-23,340.05,338.35,338.35,338.35
1992-04-24,338.25,336.5,336.5,336.5
1992-04-27,337.1,336.15,336.15,336.15
1992-04-28,337.75,336.3,336.3,336.3
1992-04-29,336.95,335.75,335.75,335.75
1992-04-30,337.75,337.15,337.15,337.15
1992-05-01,338.65,338.55,338.55,338.55
1992-05-04,338.5,336.75,336.75,336.75
1992-05-05,337.45,337.05,337.05,337.05
1992-05-06,337.45,336.75,336.75,336.75
1992-05-07,336.95,335.45,335.45,335.45
1992-05-08,337.75,335.65,335.65,335.65
1992-05-11,337.15,336.5,336.5,336.5
1992-05-12,336.75,335.0,335.0,335.0
1992-05-13,336.45,335.85,335.85,335.85
1992-05-14,338.35,337.65,337.65,337.65
1992-05-15,340.35,338.65,338.65,338.65
1992-05-18,338.55,338.65,338.65,338.65
1992-05-19,338.7,337.8,337.8,337.8
1992-05-20,337.9,337.9,337.9,337.9
1992-05-21,337.9,337.15,337.15,337.15
1992-05-22,337.2,337.85,337.85,337.85
1992-05-25,337.95,338.35,338.35,338.35
1992-05-26,338.45,338.15,338.15,338.15
1992-05-27,338.2,337.8,337.8,337.8
1992-05-28,337.85,337.3,337.3,337.3
1992-05-29,337.2,336.55,336.55,336.55
1992-06-01,336.75,337.85,337.85,337.85
1992-06-02,337.75,338.95,338.95,338.95
1992-06-03,338.75,338.5,338.5,338.5
1992-06-04,338.55,338.75,338.75,338.75
1992-06-05,338.75,338.75,338.75,338.75
1992-06-08,338.8,338.15,338.15,338.15
1992-06-09,338.3,338.05,338.05,338.05
1992-06-10,338.05,337.9,337.9,337.9
1992-06-11,337.85,340.25,340.25,340.25
1992-06-12,340.25,342.75,342.75,342.75
1992-06-15,342.55,342.75,342.75,342.75
1992-06-16,342.85,342.15,342.15,342.15
1992-06-17,342.05,341.6,341.6,341.6
1992-06-18,341.55,342.5,342.5,342.5
1992-06-19,342.45,340.95,340.95,340.95
1992-06-22,341.4,343.45,343.45,343.45
1992-06-23,343.45,344.35,344.35,344.35
1992-06-24,344.2,342.9,342.9,342.9
1992-06-25,342.95,343.05,343.05,343.05
1992-06-26,343.05,342.55,342.55,342.55
1992-06-29,342.5,343.7,343.7,343.7
1992-06-30,343.75,343.25,343.25,343.25
1992-07-01,343.3,344.15,344.15,344.15
1992-07-02,344.15,346.25,346.25,346.25
1992-07-03,346.25,346.25,346.25,346.25
1992-07-06,346.15,346.65,346.65,346.65
1992-07-07,346.55,346.4,346.4,346.4
1992-07-08,346.3,347.35,347.35,347.35
1992-07-09,347.35,348.7,348.7,348.7
1992-07-10,348.45,348.25,348.25,348.25
1992-07-13,348.55,348.95,348.95,348.95
1992-07-14,349.25,350.85,350.85,350.85
1992-07-15,350.85,353.7,353.7,353.7
1992-07-16,353.7,352.5,352.5,352.5
1992-07-17,352.5,357.2,357.2,357.2
1992-07-20,358.0,358.9,358.9,358.9
1992-07-21,358.85,357.65,357.65,357.65
1992-07-22,357.55,359.25,359.25,359.25
1992-07-23,359.35,358.0,358.0,358.0
1992-07-24,357.95,359.5,359.5,359.5
1992-07-27,358.75,358.05,358.05,358.05
1992-07-28,359.25,359.25,359.25,359.25
1992-07-29,359.2,356.65,356.65,356.65
1992-07-30,356.85,356.75,356.75,356.75
1992-07-31,356.95,357.85,357.85,357.85
1992-08-03,358.25,353.25,353.25,353.25
1992-08-04,353.35,353.15,353.15,353.15
1992-08-05,353.05,349.65,349.65,349.65
1992-08-06,349.75,349.55,349.55,349.55
1992-08-07,349.55,350.6,350.6,350.6
1992-08-10,350.85,350.15,350.15,350.15
1992-08-11,350.05,347.9,347.9,347.9
1992-08-12,347.95,340.25,340.25,340.25
1992-08-13,340.6,335.1,335.1,335.1
1992-08-14,335.25,335.55,335.55,335.55
1992-08-17,336.1,337.25,337.25,337.25
1992-08-18,337.35,336.2,336.2,336.2
1992-08-19,336.25,337.85,337.85,337.85
1992-08-20,337.75,337.75,337.75,337.75
1992-08-21,337.75,337.65,337.65,337.65
1992-08-24,338.25,341.8,341.8,341.8
1992-08-25,341.55,340.5,340.5,340.5
1992-08-26,340.35,338.4,338.4,338.4
1992-08-27,338.25,339.15,339.15,339.15
1992-08-28,339.05,339.7,339.7,339.7
1992-08-31,340.1,342.45,342.45,342.45
1992-09-01,342.35,340.75,340.75,340.75
1992-09-02,340.75,338.9,338.9,338.9
1992-09-03,339.1,341.15,341.15,341.15
1992-09-04,341.4,341.5,341.5,341.5
1992-09-07,342.05,343.15,343.15,343.15
1992-09-08,342.45,342.45,342.45,342.45
1992-09-09,342.05,342.05,342.05,342.05
1992-09-10,342.05,342.15,342.15,342.15
1992-09-11,342.25,341.0,341.0,341.0
1992-09-14,339.25,346.7,346.7,346.7
1992-09-15,346.65,346.25,346.25,346.25
1992-09-16,346.45,349.2,349.2,349.2
1992-09-17,349.35,348.0,348.0,348.0
1992-09-18,348.15,351.25,351.25,351.25
1992-09-21,350.25,347.7,347.7,347.7
1992-09-22,347.7,349.5,349.5,349.5
1992-09-23,349.9,348.95,348.95,348.95
1992-09-24,348.9,349.35,349.35,349.35
1992-09-25,349.2,349.3,349.3,349.3
1992-09-28,349.65,348.1,348.1,348.1
1992-09-29,348.1,348.75,348.75,348.75
1992-09-30,348.95,348.55,348.55,348.55
1992-10-01,348.55,348.35,348.35,348.35
1992-10-02,348.15,348.55,348.55,348.55
1992-10-05,349.0,350.75,350.75,350.75
1992-10-06,350.5,350.4,350.4,350.4
1992-10-07,350.45,350.85,350.85,350.85
1992-10-08,351.05,350.0,350.0,350.0
1992-10-09,350.0,350.55,350.55,350.55
1992-10-12,350.95,345.9,345.9,345.9
1992-10-13,346.05,344.45,344.45,344.45
1992-10-14,344.45,341.75,341.75,341.75
1992-10-15,342.0,341.35,341.35,341.35
1992-10-16,341.35,342.25,342.25,342.25
1992-10-19,342.8,342.7,342.7,342.7
1992-10-20,342.75,343.75,343.75,343.75
1992-10-21,343.6,343.75,343.75,343.75
1992-10-22,343.75,342.55,342.55,342.55
1992-10-23,342.4,343.35,343.35,343.35
1992-10-26,343.6,340.75,340.75,340.75
1992-10-27,340.7,337.55,337.55,337.55
1992-10-28,337.65,339.15,339.15,339.15
1992-10-29,339.25,339.65,339.65,339.65
1992-10-30,339.5,339.7,339.7,339.7
1992-11-02,339.65,339.95,339.95,339.95
1992-11-03,340.05,337.95,337.95,337.95
1992-11-04,338.05,337.55,337.55,337.55
1992-11-05,337.35,336.75,336.75,336.75
1992-11-06,336.6,335.8,335.8,335.8
1992-11-09,336.0,333.35,333.35,333.35
1992-11-10,333.4,330.25,330.25,330.25
1992-11-11,330.75,332.25,332.25,332.25
1992-11-12,332.8,332.95,332.95,332.95
1992-11-13,333.75,335.95,335.95,335.95
1992-11-16,336.05,334.65,334.65,334.65
1992-11-17,334.45,335.45,335.45,335.45
1992-11-18,335.55,335.0,335.0,335.0
1992-11-19,334.95,335.25,335.25,335.25
1992-11-20,335.35,335.45,335.45,335.45
1992-11-23,335.9,334.55,334.55,334.55
1992-11-24,334.5,334.85,334.85,334.85
1992-11-25,334.85,333.65,333.65,333.65
1992-11-26,333.7,334.85,334.85,334.85
1992-11-27,334.85,334.75,334.75,334.75
1992-11-30,334.55,334.55,334.55,334.55
1992-12-01,334.4,335.15,335.15,335.15
1992-12-02,334.75,335.9,335.9,335.9
1992-12-03,335.85,335.55,335.55,335.55
1992-12-04,335.66,335.96,335.96,335.96
1992-12-07,335.65,336.15,336.15,336.15
1992-12-08,336.15,335.6,335.6,335.6
1992-12-09,335.45,333.85,333.85,333.85
1992-12-10,333.95,334.15,334.15,334.15
1992-12-11,334.0,335.25,335.25,335.25
1992-12-14,335.25,334.8,334.8,334.8
1992-12-15,334.7,334.75,334.75,334.75
1992-12-16,334.6,337.75,337.75,337.75
1992-12-17,337.5,338.25,338.25,338.25
1992-12-18,338.2,337.2,337.2,337.2
1992-12-21,337.2,334.2,334.2,334.2
1992-12-22,334.15,332.45,332.45,332.45
1992-12-23,332.85,333.25,333.25,333.25
1992-12-24,333.3,333.1,333.1,333.1
1992-12-25,333.0,334.0,334.0,334.0
1992-12-28,333.5,333.25,333.25,333.25
1992-12-29,333.25,333.0,333.0,333.0
1992-12-30,333.05,333.4,333.4,333.4
1992-12-31,333.35,333.15,333.15,333.15
1993-01-04,333.05,328.55,328.55,328.55
1993-01-05,328.65,329.25,329.25,329.25
1993-01-06,329.15,329.9,329.9,329.9
1993-01-07,330.35,329.55,329.55,329.55
1993-01-08,329.4,329.45,329.45,329.45
1993-01-11,329.1,328.15,328.15,328.15
1993-01-12,328.1,328.9,328.9,328.9
1993-01-13,328.85,328.15,328.15,328.15
1993-01-14,327.9,327.7,327.7,327.7
1993-01-15,327.8,327.7,327.7,327.7
1993-01-18,328.05,328.5,328.5,328.5
1993-01-19,329.0,328.85,328.85,328.85
1993-01-20,328.65,329.9,329.9,329.9
1993-01-21,329.75,329.6,329.6,329.6
1993-01-22,329.55,328.75,328.75,328.75
1993-01-25,328.75,328.95,328.95,328.95
1993-01-26,329.05,331.25,331.25,331.25
1993-01-27,331.0,329.85,329.85,329.85
1993-01-28,329.75,330.2,330.2,330.2
1993-01-29,330.15,329.85,329.85,329.85
1993-02-01,329.95,329.85,329.85,329.85
1993-02-02,330.0,329.65,329.65,329.65
1993-02-03,329.75,328.75,328.75,328.75
1993-02-04,328.6,328.4,328.4,328.4
1993-02-05,328.35,327.95,327.95,327.95
1993-02-08,328.05,327.8,327.8,327.8
1993-02-09,328.0,328.5,328.5,328.5
1993-02-10,328.45,332.1,332.1,332.1
1993-02-11,331.9,331.5,331.5,331.5
1993-02-12,331.4,328.95,328.95,328.95
1993-02-15,329.1,328.75,328.75,328.75
1993-02-16,328.75,332.2,332.2,332.2
1993-02-17,332.35,330.65,330.65,330.65
1993-02-18,330.45,330.25,330.25,330.25
1993-02-19,330.35,330.05,330.05,330.05
1993-02-22,330.0,328.1,328.1,328.1
1993-02-23,327.8,330.6,330.6,330.6
1993-02-24,330.45,329.45,329.45,329.45
1993-02-25,329.35,329.5,329.5,329.5
1993-02-26,329.45,328.45,328.45,328.45
1993-03-01,328.55,328.65,328.65,328.65
1993-03-02,328.75,329.65,329.65,329.65
1993-03-03,329.55,329.0,329.0,329.0
1993-03-04,328.8,329.05,329.05,329.05
1993-03-05,328.65,329.75,329.75,329.75
1993-03-08,329.75,327.25,327.25,327.25
1993-03-09,327.3,327.0,327.0,327.0
1993-03-10,326.95,326.4,326.4,326.4
1993-03-11,326.55,327.05,327.05,327.05
1993-03-12,327.15,328.0,328.0,328.0
1993-03-15,327.85,329.15,329.15,329.15
1993-03-16,329.1,329.1,329.1,329.1
1993-03-17,329.15,329.05,329.05,329.05
1993-03-18,329.25,330.5,330.5,330.5
1993-03-19,330.55,331.8,331.8,331.8
1993-03-22,331.85,332.75,332.75,332.75
1993-03-23,332.55,331.75,331.75,331.75
1993-03-24,331.65,332.35,332.35,332.35
1993-03-25,332.45,332.45,332.45,332.45
1993-03-26,332.45,332.35,332.35,332.35
1993-03-29,332.75,332.25,332.25,332.25
1993-03-30,332.25,336.6,336.6,336.6
1993-03-31,336.55,337.0,337.0,337.0
1993-04-01,336.65,338.35,338.35,338.35
1993-04-02,338.25,340.35,340.35,340.35
1993-04-05,340.95,339.0,339.0,339.0
1993-04-06,339.05,337.65,337.65,337.65
1993-04-07,337.35,337.65,337.65,337.65
1993-04-08,337.65,337.35,337.35,337.35
1993-04-09,337.0,337.65,337.65,337.65
1993-04-12,337.75,336.75,336.75,336.75
1993-04-13,336.75,337.2,337.2,337.2
1993-04-14,337.15,338.85,338.85,338.85
1993-04-15,339.0,337.1,337.1,337.1
1993-04-16,337.15,338.65,338.65,338.65
1993-04-19,338.55,340.1,340.1,340.1
1993-04-20,340.1,339.6,339.6,339.6
1993-04-21,339.55,339.1,339.1,339.1
1993-04-22,339.15,340.65,340.65,340.65
1993-04-23,341.38,346.12,346.12,346.12
1993-04-26,345.5,352.25,352.25,352.25
1993-04-27,351.9,349.95,349.95,349.95
1993-04-28,350.05,353.05,353.05,353.05
1993-04-29,353.45,356.25,356.25,356.25
1993-04-30,355.6,355.6,355.6,355.6
1993-05-03,356.0,353.55,353.55,353.55
1993-05-04,353.75,354.35,354.35,354.35
1993-05-05,354.25,354.1,354.1,354.1
1993-05-06,354.45,357.15,357.15,357.15
1993-05-07,357.43,356.12,356.12,356.12
1993-05-10,355.9,356.1,356.1,356.1
1993-05-11,355.9,356.15,356.15,356.15
1993-05-12,356.4,361.25,361.25,361.25
1993-05-13,361.35,368.35,368.35,368.35
1993-05-14,368.35,367.75,367.75,367.75
1993-05-17,367.45,366.9,366.9,366.9
1993-05-18,367.27,377.62,377.62,377.62
1993-05-19,378.38,373.12,373.12,373.12
1993-05-20,372.75,374.25,374.25,374.25
1993-05-21,374.45,377.6,377.6,377.6
1993-05-24,379.88,374.12,374.12,374.12
1993-05-25,373.88,378.88,378.88,378.88
1993-05-26,379.5,374.9,374.9,374.9
1993-05-27,379.75,381.25,381.25,381.25
1993-05-28,382.38,377.38,377.38,377.38
1993-05-31,379.0,379.0,379.0,379.0
1993-06-01,379.0,369.5,369.5,369.5
1993-06-02,368.88,369.88,369.88,369.88
1993-06-03,370.0,374.5,374.5,374.5
1993-06-04,374.25,376.55,376.55,376.55
1993-06-07,375.55,373.9,373.9,373.9
1993-06-08,373.98,372.88,372.88,372.88
1993-06-09,373.5,370.25,370.25,370.25
1993-06-10,369.88,369.12,369.12,369.12
1993-06-11,369.48,366.27,366.27,366.27
1993-06-14,367.12,365.38,365.38,365.38
1993-06-15,365.68,370.12,370.12,370.12
1993-06-16,370.12,369.98,369.98,369.98
1993-06-17,369.9,371.3,371.3,371.3
1993-06-18,371.0,371.25,371.25,371.25
1993-06-21,370.5,369.85,369.85,369.85
1993-06-22,369.88,368.88,368.88,368.88
1993-06-23,368.75,374.0,374.0,374.0
1993-06-24,374.0,374.75,374.75,374.75
1993-06-25,374.5,377.0,377.0,377.0
1993-06-28,378.25,375.35,375.35,375.35
1993-06-29,374.9,378.5,378.5,378.5
1993-06-30,374.9,377.25,377.25,377.25
1993-07-01,377.27,387.38,387.38,387.38
1993-07-02,386.7,385.7,385.7,385.7
1993-07-05,386.75,387.85,387.85,387.85
1993-07-06,387.65,392.9,392.9,392.9
1993-07-07,392.65,397.45,397.45,397.45
1993-07-08,397.35,393.75,393.75,393.75
1993-07-09,393.25,391.5,391.5,391.5
1993-07-12,390.85,394.45,394.45,394.45
1993-07-13,394.62,394.88,394.88,394.88
1993-07-14,395.88,391.38,391.38,391.38
1993-07-15,390.57,393.38,393.38,393.38
1993-07-16,393.75,392.45,392.45,392.45
1993-07-19,392.55,391.95,391.95,391.95
1993-07-20,392.05,392.05,392.05,392.05
1993-07-21,392.05,388.95,388.95,388.95
1993-07-22,389.0,391.9,391.9,391.9
1993-07-23,391.8,390.25,390.25,390.25
1993-07-26,390.1,392.95,392.95,392.95
1993-07-27,393.0,391.35,391.35,391.35
1993-07-28,391.25,393.25,393.25,393.25
1993-07-29,393.4,400.0,400.0,400.0
1993-07-30,400.75,407.05,407.05,407.05
1993-08-02,405.62,405.88,405.88,405.88
1993-08-03,406.0,403.05,403.05,403.05
1993-08-04,403.05,400.1,400.1,400.1
1993-08-05,399.25,377.75,377.75,377.75
1993-08-06,377.5,377.0,377.0,377.0
1993-08-09,376.38,383.62,383.62,383.62
1993-08-10,384.0,381.35,381.35,381.35
1993-08-11,381.18,375.62,375.62,375.62
1993-08-12,375.25,367.5,367.5,367.5
1993-08-13,368.0,369.75,369.75,369.75
1993-08-16,368.25,373.5,373.5,373.5
1993-08-17,373.25,372.0,372.0,372.0
1993-08-18,371.95,374.65,374.65,374.65
1993-08-19,374.88,371.38,371.38,371.38
1993-08-20,371.75,373.75,373.75,373.75
1993-08-23,373.0,373.05,373.05,373.05
1993-08-24,372.98,371.88,371.88,371.88
1993-08-25,372.0,372.4,372.4,372.4
1993-08-26,372.15,368.25,368.25,368.25
1993-08-27,367.9,369.5,369.5,369.5
1993-08-30,369.25,370.5,370.5,370.5
1993-08-31,370.5,372.5,372.5,372.5
1993-09-01,372.25,369.5,369.5,369.5
1993-09-02,369.15,363.75,363.75,363.75
1993-09-03,363.1,364.65,364.65,364.65
1993-09-06,364.5,364.35,364.35,364.35
1993-09-07,364.48,350.38,350.38,350.38
1993-09-08,350.5,351.85,351.85,351.85
1993-09-09,352.0,354.45,354.45,354.45
1993-09-10,354.35,350.15,350.15,350.15
1993-09-13,350.38,343.88,343.88,343.88
1993-09-14,343.5,345.35,345.35,345.35
1993-09-15,345.25,347.75,347.75,347.75
1993-09-16,347.75,352.95,352.95,352.95
1993-09-17,352.95,350.8,350.8,350.8
1993-09-20,350.75,353.7,353.7,353.7
1993-09-21,354.25,363.7,363.7,363.7
1993-09-22,363.0,354.25,354.25,354.25
1993-09-23,354.25,357.35,357.35,357.35
1993-09-24,356.95,357.6,357.6,357.6
1993-09-27,356.75,354.15,354.15,354.15
1993-09-28,354.25,355.55,355.55,355.55
1993-09-29,355.85,353.35,353.35,353.35
1993-09-30,353.25,355.45,355.45,355.45
1993-10-01,355.25,355.25,355.25,355.25
1993-10-04,356.0,353.2,353.2,353.2
1993-10-05,353.25,353.25,353.25,353.25
1993-10-06,352.95,356.95,356.95,356.95
1993-10-07,357.35,356.5,356.5,356.5
1993-10-08,356.6,359.75,359.75,359.75
1993-10-11,359.7,360.25,360.25,360.25
1993-10-12,360.05,366.35,366.35,366.35
1993-10-13,366.3,365.55,365.55,365.55
1993-10-14,365.25,364.95,364.95,364.95
1993-10-15,364.45,364.65,364.65,364.65
1993-10-18,364.65,368.25,368.25,368.25
1993-10-19,368.15,368.9,368.9,368.9
1993-10-20,368.85,372.45,372.45,372.45
1993-10-21,372.45,370.3,370.3,370.3
1993-10-22,370.45,370.45,370.45,370.45
1993-10-25,370.45,369.5,369.5,369.5
1993-10-26,368.95,369.6,369.6,369.6
1993-10-27,368.55,369.0,369.0,369.0
1993-10-28,369.05,369.25,369.25,369.25
1993-10-29,369.25,368.85,368.85,368.85
1993-11-01,369.0,361.95,361.95,361.95
1993-11-02,361.95,362.95,362.95,362.95
1993-11-03,363.2,368.0,368.0,368.0
1993-11-04,367.9,372.25,372.25,372.25
1993-11-05,371.75,377.0,377.0,377.0
1993-11-08,376.55,375.1,375.1,375.1
1993-11-09,375.65,376.5,376.5,376.5
1993-11-10,376.25,376.9,376.9,376.9
1993-11-11,377.25,376.25,376.25,376.25
1993-11-12,376.15,373.25,373.25,373.25
1993-11-15,373.5,375.25,375.25,375.25
1993-11-16,375.15,374.05,374.05,374.05
1993-11-17,373.9,376.35,376.35,376.35
1993-11-18,375.95,376.05,376.05,376.05
1993-11-19,376.05,378.35,378.35,378.35
1993-11-22,377.9,378.25,378.25,378.25
1993-11-23,378.15,377.2,377.2,377.2
1993-11-24,377.25,377.15,377.15,377.15
1993-11-25,376.75,377.5,377.5,377.5
1993-11-26,377.3,377.0,377.0,377.0
1993-11-29,377.05,370.25,370.25,370.25
1993-11-30,370.25,370.45,370.45,370.45
1993-12-01,370.4,375.25,375.25,375.25
1993-12-02,375.35,373.95,373.95,373.95
1993-12-03,374.05,376.75,376.75,376.75
1993-12-06,376.55,376.05,376.05,376.05
1993-12-07,375.9,377.45,377.45,377.45
1993-12-08,377.35,383.75,383.75,383.75
1993-12-09,383.5,382.0,382.0,382.0
1993-12-10,381.7,383.15,383.15,383.15
1993-12-13,383.45,386.6,386.6,386.6
1993-12-14,387.05,386.95,386.95,386.95
1993-12-15,387.05,387.1,387.1,387.1
1993-12-16,387.15,385.75,385.75,385.75
1993-12-17,385.6,387.25,387.25,387.25
1993-12-20,387.4,389.25,389.25,389.25
1993-12-21,388.9,387.45,387.45,387.45
1993-12-22,387.2,386.45,386.45,386.45
1993-12-23,386.25,386.05,386.05,386.05
1993-12-24,385.95,386.75,386.75,386.75
1993-12-27,386.4,387.95,387.95,387.95
1993-12-28,388.1,387.55,387.55,387.55
1993-12-29,387.15,390.25,390.25,390.25
1993-12-30,390.4,390.75,390.75,390.75
1993-12-31,390.5,390.75,390.75,390.75
1994-01-03,390.8,393.75,393.75,393.75
1994-01-04,394.05,393.6,393.6,393.6
1994-01-05,393.4,390.95,390.95,390.95
1994-01-06,390.9,389.0,389.0,389.0
1994-01-07,388.8,386.5,386.5,386.5
1994-01-10,386.0,384.85,384.85,384.85
1994-01-11,384.75,387.95,387.95,387.95
1994-01-12,388.15,386.25,386.25,386.25
1994-01-13,386.0,389.95,389.95,389.95
1994-01-14,390.0,389.55,389.55,389.55
1994-01-17,389.75,391.45,391.45,391.45
1994-01-18,391.35,392.75,392.75,392.75
1994-01-19,392.55,392.6,392.6,392.6
1994-01-20,392.55,387.55,387.55,387.55
1994-01-21,387.6,381.35,381.35,381.35
1994-01-24,380.0,381.35,381.35,381.35
1994-01-25,381.6,381.5,381.5,381.5
1994-01-26,382.05,384.6,384.6,384.6
1994-01-27,384.5,376.0,376.0,376.0
1994-01-28,375.75,377.05,377.05,377.05
1994-01-31,378.0,382.25,382.25,382.25
1994-02-01,381.75,384.4,384.4,384.4
1994-02-02,384.95,385.15,385.15,385.15
1994-02-03,384.7,387.45,387.45,387.45
1994-02-04,387.1,386.85,386.85,386.85
1994-02-07,387.57,379.12,379.12,379.12
1994-02-08,378.98,382.38,382.38,382.38
1994-02-09,382.35,383.5,383.5,383.5
1994-02-10,383.25,381.75,381.75,381.75
1994-02-11,381.7,380.3,380.3,380.3
1994-02-14,379.62,383.88,383.88,383.88
1994-02-15,383.38,383.38,383.38,383.38
1994-02-16,383.0,383.55,383.55,383.55
1994-02-17,384.07,382.88,382.88,382.88
1994-02-18,383.0,380.0,380.0,380.0
1994-02-21,380.25,380.2,380.2,380.2
1994-02-22,380.0,377.85,377.85,377.85
1994-02-23,377.95,377.75,377.75,377.75
1994-02-24,377.75,376.5,376.5,376.5
1994-02-25,376.55,378.55,378.55,378.55
1994-02-28,378.5,381.5,381.5,381.5
1994-03-01,381.55,378.5,378.5,378.5
1994-03-02,378.55,377.85,377.85,377.85
1994-03-03,377.85,377.6,377.6,377.6
1994-03-04,377.25,376.95,376.95,376.95
1994-03-07,377.25,376.15,376.15,376.15
1994-03-08,376.0,376.75,376.75,376.75
1994-03-09,376.75,379.15,379.15,379.15
1994-03-10,378.95,386.6,386.6,386.6
1994-03-11,386.4,385.1,385.1,385.1
1994-03-14,385.5,386.55,386.55,386.55
1994-03-15,386.5,386.85,386.85,386.85
1994-03-16,387.0,385.05,385.05,385.05
1994-03-17,384.75,382.65,382.65,382.65
1994-03-18,383.05,387.05,387.05,387.05
1994-03-21,386.75,386.75,386.75,386.75
1994-03-22,385.65,389.25,389.25,389.25
1994-03-23,389.1,386.85,386.85,386.85
1994-03-24,387.1,391.25,391.25,391.25
1994-03-25,391.1,390.85,390.85,390.85
1994-03-28,391.15,388.25,388.25,388.25
1994-03-29,388.25,386.05,386.05,386.05
1994-03-30,385.75,386.15,386.15,386.15
1994-03-31,386.3,391.85,391.85,391.85
1994-04-01,392.0,389.4,389.4,389.4
1994-04-04,391.0,387.35,387.35,387.35
1994-04-05,387.25,384.6,384.6,384.6
1994-04-06,384.75,385.05,385.05,385.05
1994-04-07,385.05,384.75,384.75,384.75
1994-04-08,384.75,384.25,384.25,384.25
1994-04-11,384.5,378.75,378.75,378.75
1994-04-12,378.8,378.95,378.95,378.95
1994-04-13,379.05,378.5,378.5,378.5
1994-04-14,378.55,378.55,378.55,378.55
1994-04-15,378.5,378.0,378.0,378.0
1994-04-18,377.8,377.15,377.15,377.15
1994-04-19,377.25,372.05,372.05,372.05
1994-04-20,372.35,372.75,372.75,372.75
1994-04-21,372.6,373.45,373.45,373.45
1994-04-22,373.45,371.05,371.05,371.05
1994-04-25,371.25,373.4,373.4,373.4
1994-04-26,373.45,374.25,374.25,374.25
1994-04-27,374.25,374.25,374.25,374.25
1994-04-28,374.65,376.0,376.0,376.0
1994-04-29,375.75,376.95,376.95,376.95
1994-05-02,376.85,376.35,376.35,376.35
1994-05-03,376.35,375.75,375.75,375.75
1994-05-04,375.65,376.45,376.45,376.45
1994-05-05,376.55,373.65,373.65,373.65
1994-05-06,373.95,383.55,383.55,383.55
1994-05-09,382.5,381.35,381.35,381.35
1994-05-10,381.45,378.95,378.95,378.95
1994-05-11,379.0,382.05,382.05,382.05
1994-05-12,382.05,380.25,380.25,380.25
1994-05-13,380.2,380.75,380.75,380.75
1994-05-16,380.95,382.65,382.65,382.65
1994-05-17,382.9,381.25,381.25,381.25
1994-05-18,381.05,381.75,381.75,381.75
1994-05-19,381.9,381.45,381.45,381.45
1994-05-20,381.6,385.7,385.7,385.7
1994-05-23,385.25,389.05,389.05,389.05
1994-05-24,388.85,387.1,387.1,387.1
1994-05-25,386.75,386.7,386.7,386.7
1994-05-26,386.65,384.45,384.45,384.45
1994-05-27,384.35,384.75,384.75,384.75
1994-05-30,384.7,385.25,385.25,385.25
1994-05-31,385.45,386.85,386.85,386.85
1994-06-01,387.0,383.65,383.65,383.65
1994-06-02,383.6,384.05,384.05,384.05
1994-06-03,384.0,380.75,380.75,380.75
1994-06-06,380.7,380.5,380.5,380.5
1994-06-07,380.35,381.35,381.35,381.35
1994-06-08,381.5,382.25,382.25,382.25
1994-06-09,382.2,383.0,383.0,383.0
1994-06-10,383.25,383.55,383.55,383.55
1994-06-13,383.65,383.4,383.4,383.4
1994-06-14,383.7,384.4,384.4,384.4
1994-06-15,384.6,386.85,386.85,386.85
1994-06-16,386.9,385.65,385.65,385.65
1994-06-17,385.75,391.75,391.75,391.75
1994-06-20,391.25,389.45,389.45,389.45
1994-06-21,389.25,393.65,393.65,393.65
1994-06-22,393.75,389.95,389.95,389.95
1994-06-23,389.7,389.8,389.8,389.8
1994-06-24,389.75,390.95,390.95,390.95
1994-06-27,391.25,385.2,385.2,385.2
1994-06-28,385.2,386.4,386.4,386.4
1994-06-29,386.45,385.15,385.15,385.15
1994-06-30,385.05,385.75,385.75,385.75
1994-07-01,386.2,386.95,386.95,386.95
1994-07-04,387.05,386.95,386.95,386.95
1994-07-05,387.05,386.05,386.05,386.05
1994-07-06,386.0,383.95,383.95,383.95
1994-07-07,384.05,384.65,384.65,384.65
1994-07-08,384.75,384.5,384.5,384.5
1994-07-11,384.95,387.25,387.25,387.25
1994-07-12,387.3,385.6,385.6,385.6
1994-07-13,385.6,383.6,383.6,383.6
1994-07-14,383.55,384.25,384.25,384.25
1994-07-15,384.3,386.05,386.05,386.05
1994-07-18,386.05,386.0,386.0,386.0
1994-07-19,386.05,386.7,386.7,386.7
1994-07-20,386.55,385.6,385.6,385.6
1994-07-21,385.65,384.5,384.5,384.5
1994-07-22,384.6,385.05,385.05,385.05
1994-07-25,385.2,385.1,385.1,385.1
1994-07-26,385.25,387.1,387.1,387.1
1994-07-27,387.0,387.65,387.65,387.65
1994-07-28,387.65,385.35,385.35,385.35
1994-07-29,385.25,383.45,383.45,383.45
1994-08-01,384.45,383.7,383.7,383.7
1994-08-02,383.8,379.6,379.6,379.6
1994-08-03,379.5,378.25,378.25,378.25
1994-08-04,378.2,377.85,377.85,377.85
1994-08-05,378.0,377.95,377.95,377.95
1994-08-08,378.25,377.05,377.05,377.05
1994-08-09,377.15,378.0,378.0,378.0
1994-08-10,377.8,377.6,377.6,377.6
1994-08-11,377.65,378.9,378.9,378.9
1994-08-12,379.05,376.8,376.8,376.8
1994-08-15,377.0,377.65,377.65,377.65
1994-08-16,377.45,377.45,377.45,377.45
1994-08-17,377.6,377.45,377.45,377.45
1994-08-18,377.25,381.35,381.35,381.35
1994-08-19,381.45,382.15,382.15,382.15
1994-08-22,381.75,381.75,381.75,381.75
1994-08-23,381.6,381.8,381.8,381.8
1994-08-24,381.8,384.0,384.0,384.0
1994-08-25,383.9,383.45,383.45,383.45
1994-08-26,383.55,383.55,383.55,383.55
1994-08-29,383.25,386.8,386.8,386.8
1994-08-30,386.65,386.35,386.35,386.35
1994-08-31,386.25,386.25,386.25,386.25
1994-09-01,386.25,387.05,387.05,387.05
1994-09-02,386.95,387.15,387.15,387.15
1994-09-05,387.25,387.2,387.2,387.2
1994-09-06,387.2,388.0,388.0,388.0
1994-09-07,387.9,389.75,389.75,389.75
1994-09-08,389.7,390.45,390.45,390.45
1994-09-09,390.35,392.0,392.0,392.0
1994-09-12,392.0,390.9,390.9,390.9
1994-09-13,390.8,390.7,390.7,390.7
1994-09-14,390.9,388.65,388.65,388.65
1994-09-15,388.55,388.15,388.15,388.15
1994-09-16,388.15,389.85,389.85,389.85
1994-09-19,389.65,390.5,390.5,390.5
1994-09-20,390.65,393.75,393.75,393.75
1994-09-21,394.0,393.9,393.9,393.9
1994-09-22,393.85,396.45,396.45,396.45
1994-09-23,396.65,395.95,395.95,395.95
1994-09-26,396.25,394.25,394.25,394.25
1994-09-27,394.15,397.6,397.6,397.6
1994-09-28,397.4,394.4,394.4,394.4
1994-09-29,394.0,395.5,395.5,395.5
1994-09-30,395.55,394.85,394.85,394.85
1994-10-03,395.0,394.8,394.8,394.8
1994-10-04,394.7,392.65,392.65,392.65
1994-10-05,392.85,391.9,391.9,391.9
1994-10-06,391.75,392.35,392.35,392.35
1994-10-07,392.35,391.25,391.25,391.25
1994-10-10,391.45,390.65,390.65,390.65
1994-10-11,390.65,387.95,387.95,387.95
1994-10-12,388.05,388.05,388.05,388.05
1994-10-13,388.25,386.85,386.85,386.85
1994-10-14,387.1,387.65,387.65,387.65
1994-10-17,388.15,389.95,389.95,389.95
1994-10-18,389.95,389.0,389.0,389.0
1994-10-19,388.95,390.3,390.3,390.3
1994-10-20,390.3,391.05,391.05,391.05
1994-10-21,391.0,390.85,390.85,390.85
1994-10-24,390.75,389.65,389.65,389.65
1994-10-25,389.7,389.35,389.35,389.35
1994-10-26,389.25,389.1,389.1,389.1
1994-10-27,389.15,388.1,388.1,388.1
1994-10-28,388.25,387.15,387.15,387.15
1994-10-31,386.8,384.0,384.0,384.0
1994-11-01,383.95,384.45,384.45,384.45
1994-11-02,384.7,384.45,384.45,384.45
1994-11-03,384.7,383.55,383.55,383.55
1994-11-04,383.45,383.55,383.55,383.55
1994-11-07,383.75,382.5,382.5,382.5
1994-11-08,382.45,384.15,384.15,384.15
1994-11-09,384.2,383.95,383.95,383.95
1994-11-10,383.8,385.1,385.1,385.1
1994-11-11,385.15,385.25,385.25,385.25
1994-11-14,385.1,384.9,384.9,384.9
1994-11-15,384.95,386.55,386.55,386.55
1994-11-16,386.5,386.35,386.35,386.35
1994-11-17,386.3,385.45,385.45,385.45
1994-11-18,385.7,384.35,384.35,384.35
1994-11-21,384.25,383.4,383.4,383.4
1994-11-22,383.55,383.65,383.65,383.65
1994-11-23,383.6,384.7,384.7,384.7
1994-11-24,384.45,384.5,384.5,384.5
1994-11-25,384.5,385.05,385.05,385.05
1994-11-28,385.2,383.3,383.3,383.3
1994-11-29,383.3,383.15,383.15,383.15
1994-11-30,383.0,381.25,381.25,381.25
1994-12-01,380.85,379.6,379.6,379.6
1994-12-02,379.55,376.8,376.8,376.8
1994-12-05,376.9,376.05,376.05,376.05
1994-12-06,375.85,376.55,376.55,376.55
1994-12-07,376.6,376.75,376.75,376.75
1994-12-08,376.7,377.3,377.3,377.3
1994-12-09,377.25,377.35,377.35,377.35
1994-12-12,377.4,377.95,377.95,377.95
1994-12-13,377.7,378.0,378.0,378.0
1994-12-14,378.0,379.05,379.05,379.05
1994-12-15,378.95,380.5,380.5,380.5
1994-12-16,380.0,379.25,379.25,379.25
1994-12-19,378.7,380.0,380.0,380.0
1994-12-20,379.95,381.85,381.85,381.85
1994-12-21,382.0,381.85,381.85,381.85
1994-12-22,381.7,380.95,380.95,380.95
1994-12-23,380.95,380.35,380.35,380.35
1994-12-26,381.0,381.0,381.0,381.0
1994-12-27,381.1,381.6,381.6,381.6
1994-12-28,381.55,383.85,383.85,383.85
1994-12-29,383.45,382.55,382.55,382.55
1994-12-30,382.55,382.85,382.85,382.85
1995-01-02,383.15,383.15,383.15,383.15
1995-01-03,383.25,379.7,379.7,379.7
1995-01-04,379.75,374.55,374.55,374.55
1995-01-05,375.0,375.55,375.55,375.55
1995-01-06,375.8,371.95,371.95,371.95
1995-01-09,371.6,373.3,373.3,373.3
1995-01-10,373.5,374.7,374.7,374.7
1995-01-11,374.7,376.55,376.55,376.55
1995-01-12,376.5,380.2,380.2,380.2
1995-01-13,380.2,378.6,378.6,378.6
1995-01-16,379.1,377.75,377.75,377.75
1995-01-17,377.75,380.35,380.35,380.35
1995-01-18,380.25,382.3,382.3,382.3
1995-01-19,382.25,383.25,383.25,383.25
1995-01-20,383.05,384.95,384.95,384.95
1995-01-23,385.45,381.15,381.15,381.15
1995-01-24,381.4,381.6,381.6,381.6
1995-01-25,381.55,380.85,380.85,380.85
1995-01-26,380.9,381.6,381.6,381.6
1995-01-27,381.55,377.0,377.0,377.0
1995-01-30,376.95,376.85,376.85,376.85
1995-01-31,376.9,375.05,375.05,375.05
1995-02-01,375.0,376.15,376.15,376.15
1995-02-02,376.1,376.45,376.45,376.45
1995-02-03,376.3,375.95,375.95,375.95
1995-02-06,375.65,375.65,375.65,375.65
1995-02-07,375.7,374.5,374.5,374.5
1995-02-08,374.55,375.65,375.65,375.65
1995-02-09,375.6,376.05,376.05,376.05
1995-02-10,376.0,376.0,376.0,376.0
1995-02-13,376.25,375.45,375.45,375.45
1995-02-14,375.25,376.1,376.1,376.1
1995-02-15,376.35,376.35,376.35,376.35
1995-02-16,376.35,376.4,376.4,376.4
1995-02-17,376.6,378.45,378.45,378.45
1995-02-20,378.9,379.4,379.4,379.4
1995-02-21,379.4,378.35,378.35,378.35
1995-02-22,378.55,379.5,379.5,379.5
1995-02-23,379.5,379.2,379.2,379.2
1995-02-24,379.2,376.6,376.6,376.6
1995-02-27,377.0,376.35,376.35,376.35
1995-02-28,376.45,376.85,376.85,376.85
1995-03-01,377.2,374.9,374.9,374.9
1995-03-02,374.75,376.65,376.65,376.65
1995-03-03,376.65,376.65,376.65,376.65
1995-03-06,376.85,378.9,378.9,378.9
1995-03-07,379.05,383.95,383.95,383.95
1995-03-08,383.7,379.9,379.9,379.9
1995-03-09,379.7,381.4,381.4,381.4
1995-03-10,381.0,381.85,381.85,381.85
1995-03-13,382.55,385.0,385.0,385.0
1995-03-14,385.05,385.75,385.75,385.75
1995-03-15,386.0,386.4,386.4,386.4
1995-03-16,386.55,384.4,384.4,384.4
1995-03-17,384.45,383.4,383.4,383.4
1995-03-20,383.6,382.75,382.75,382.75
1995-03-21,382.65,381.95,381.95,381.95
1995-03-22,382.2,382.6,382.6,382.6
1995-03-23,382.55,383.85,383.85,383.85
1995-03-24,383.7,381.95,381.95,381.95
1995-03-27,382.4,381.9,381.9,381.9
1995-03-28,381.9,382.6,382.6,382.6
1995-03-29,382.55,382.15,382.15,382.15
1995-03-30,382.15,385.75,385.75,385.75
1995-03-31,385.95,390.75,390.75,390.75
1995-04-03,391.25,392.1,392.1,392.1
1995-04-04,392.15,391.8,391.8,391.8
1995-04-05,392.0,394.7,394.7,394.7
1995-04-06,394.75,393.35,393.35,393.35
1995-04-07,393.55,392.65,392.65,392.65
1995-04-10,392.25,389.55,389.55,389.55
1995-04-11,389.55,390.3,390.3,390.3
1995-04-12,390.55,389.95,389.95,389.95
1995-04-13,389.85,389.9,389.9,389.9
1995-04-14,390.5,391.5,391.5,391.5
1995-04-17,390.9,393.6,393.6,393.6
1995-04-18,393.45,396.25,396.25,396.25
1995-04-19,396.25,394.45,394.45,394.45
1995-04-20,394.3,391.9,391.9,391.9
1995-04-21,392.05,390.05,390.05,390.05
1995-04-24,390.85,390.35,390.35,390.35
1995-04-25,390.7,390.05,390.05,390.05
1995-04-26,390.1,386.25,386.25,386.25
1995-04-27,386.25,389.25,389.25,389.25
1995-04-28,389.5,386.75,386.75,386.75
1995-05-01,386.5,387.9,387.9,387.9
1995-05-02,388.05,389.15,389.15,389.15
1995-05-03,389.35,389.6,389.6,389.6
1995-05-04,389.85,391.25,391.25,391.25
1995-05-05,391.45,391.05,391.05,391.05
1995-05-08,390.25,389.6,389.6,389.6
1995-05-09,389.65,383.55,383.55,383.55
1995-05-10,383.7,383.8,383.8,383.8
1995-05-11,383.95,383.25,383.25,383.25
1995-05-12,383.3,383.5,383.5,383.5
1995-05-15,383.55,384.65,384.65,384.65
1995-05-16,383.5,384.5,384.5,384.5
1995-05-17,384.5,383.25,383.25,383.25
1995-05-18,383.25,383.3,383.3,383.3
1995-05-19,383.35,382.25,382.25,382.25
1995-05-22,382.3,381.95,381.95,381.95
1995-05-23,381.45,383.0,383.0,383.0
1995-05-24,383.2,384.0,384.0,384.0
1995-05-25,384.0,385.4,385.4,385.4
1995-05-26,385.3,385.75,385.75,385.75
1995-05-29,385.75,387.0,387.0,387.0
1995-05-30,386.95,384.25,384.25,384.25
1995-05-31,384.55,384.1,384.1,384.1
1995-06-01,384.05,384.45,384.45,384.45
1995-06-02,384.35,383.55,383.55,383.55
1995-06-05,383.55,384.3,384.3,384.3
1995-06-06,384.2,384.5,384.5,384.5
1995-06-07,384.6,386.1,386.1,386.1
1995-06-08,385.75,386.5,386.5,386.5
1995-06-09,386.35,387.95,387.95,387.95
1995-06-12,387.95,387.2,387.2,387.2
1995-06-13,387.2,386.4,386.4,386.4
1995-06-14,386.45,387.9,387.9,387.9
1995-06-15,387.75,390.95,390.95,390.95
1995-06-16,391.25,389.85,389.85,389.85
1995-06-19,390.05,391.25,391.25,391.25
1995-06-20,391.25,390.65,390.65,390.65
1995-06-21,390.5,390.35,390.35,390.35
1995-06-22,390.45,389.85,389.85,389.85
1995-06-23,389.7,389.9,389.9,389.9
1995-06-26,390.0,389.45,389.45,389.45
1995-06-27,389.15,389.2,389.2,389.2
1995-06-28,389.15,387.05,387.05,387.05
1995-06-29,387.2,388.0,388.0,388.0
1995-06-30,388.05,384.4,384.4,384.4
1995-07-03,384.65,384.75,384.75,384.75
1995-07-04,384.65,384.65,384.65,384.65
1995-07-05,384.8,384.0,384.0,384.0
1995-07-06,384.1,384.5,384.5,384.5
1995-07-07,384.75,385.7,385.7,385.7
1995-07-10,385.8,385.7,385.7,385.7
1995-07-11,385.7,385.8,385.8,385.8
1995-07-12,385.85,388.75,388.75,388.75
1995-07-13,389.05,388.45,388.45,388.45
1995-07-14,388.45,388.8,388.8,388.8
1995-07-17,388.6,389.2,389.2,389.2
1995-07-18,389.2,389.3,389.3,389.3
1995-07-19,389.25,388.25,388.25,388.25
1995-07-20,388.15,385.85,385.85,385.85
1995-07-21,385.95,386.35,386.35,386.35
1995-07-24,386.35,387.05,387.05,387.05
1995-07-25,386.95,385.95,385.95,385.95
1995-07-26,386.05,386.5,386.5,386.5
1995-07-27,386.5,383.45,383.45,383.45
1995-07-28,383.5,383.25,383.25,383.25
1995-07-31,383.15,382.6,382.6,382.6
1995-08-01,382.55,383.1,383.1,383.1
1995-08-02,383.2,383.0,383.0,383.0
1995-08-03,383.05,384.35,384.35,384.35
1995-08-04,384.25,383.75,383.75,383.75
1995-08-07,383.45,383.9,383.9,383.9
1995-08-08,384.0,384.6,384.6,384.6
1995-08-09,384.65,384.7,384.7,384.7
1995-08-10,384.7,384.45,384.45,384.45
1995-08-11,384.3,383.6,383.6,383.6
1995-08-14,383.65,384.4,384.4,384.4
1995-08-15,384.4,385.15,385.15,385.15
1995-08-16,385.0,382.7,382.7,382.7
1995-08-17,382.6,384.45,384.45,384.45
1995-08-18,384.65,384.9,384.9,384.9
1995-08-21,384.95,384.65,384.65,384.65
1995-08-22,384.7,383.25,383.25,383.25
1995-08-23,383.2,383.35,383.35,383.35
1995-08-24,383.45,383.3,383.3,383.3
1995-08-25,383.45,383.05,383.05,383.05
1995-08-28,383.15,383.25,383.25,383.25
1995-08-29,383.25,382.1,382.1,382.1
1995-08-30,382.05,381.55,381.55,381.55
1995-08-31,381.5,382.45,382.45,382.45
1995-09-01,382.4,380.85,380.85,380.85
1995-09-04,380.65,379.8,379.8,379.8
1995-09-05,379.75,380.05,380.05,380.05
1995-09-06,379.7,380.1,380.1,380.1
1995-09-07,380.05,382.4,382.4,382.4
1995-09-08,382.6,381.65,381.65,381.65
1995-09-11,381.75,382.6,382.6,382.6
1995-09-12,382.6,384.95,384.95,384.95
1995-09-13,384.8,384.3,384.3,384.3
1995-09-14,384.4,385.35,385.35,385.35
1995-09-15,384.4,385.15,385.15,385.15
1995-09-18,385.15,385.75,385.75,385.75
1995-09-19,385.85,385.25,385.25,385.25
1995-09-20,385.4,384.1,384.1,384.1
1995-09-21,384.0,384.15,384.15,384.15
1995-09-22,384.0,382.75,382.75,382.75
1995-09-25,382.8,382.95,382.95,382.95
1995-09-26,383.05,383.75,383.75,383.75
1995-09-27,383.65,383.25,383.25,383.25
1995-09-28,383.4,383.35,383.35,383.35
1995-09-29,383.45,383.6,383.6,383.6
1995-10-02,383.3,381.95,381.95,381.95
1995-10-03,382.2,382.4,382.4,382.4
1995-10-04,382.4,382.85,382.85,382.85
1995-10-05,382.9,382.6,382.6,382.6
1995-10-06,382.55,383.45,383.45,383.45
1995-10-09,383.45,385.2,385.2,385.2
1995-10-10,385.2,385.0,385.0,385.0
1995-10-11,384.95,384.65,384.65,384.65
1995-10-12,384.75,384.55,384.55,384.55
1995-10-13,384.55,384.1,384.1,384.1
1995-10-16,384.25,383.75,383.75,383.75
1995-10-17,383.85,383.75,383.75,383.75
1995-10-18,383.7,383.75,383.75,383.75
1995-10-19,383.6,381.95,381.95,381.95
1995-10-20,382.05,382.35,382.35,382.35
1995-10-23,382.2,382.4,382.4,382.4
1995-10-24,382.5,382.35,382.35,382.35
1995-10-25,382.4,382.75,382.75,382.75
1995-10-26,382.9,382.65,382.65,382.65
1995-10-27,382.65,382.3,382.3,382.3
1995-10-30,382.1,382.15,382.15,382.15
1995-10-31,382.15,382.55,382.55,382.55
1995-11-01,382.55,382.35,382.35,382.35
1995-11-02,382.4,382.75,382.75,382.75
1995-11-03,382.9,382.35,382.35,382.35
1995-11-06,382.65,382.55,382.55,382.55
1995-11-07,382.35,384.85,384.85,384.85
1995-11-08,384.75,385.1,385.1,385.1
1995-11-09,385.05,385.75,385.75,385.75
1995-11-10,385.85,389.24,389.24,389.24
1995-11-13,388.9,387.25,387.25,387.25
1995-11-14,387.4,385.55,385.55,385.55
1995-11-15,385.45,385.0,385.0,385.0
1995-11-16,385.25,385.75,385.75,385.75
1995-11-17,385.5,386.95,386.95,386.95
1995-11-20,386.85,386.55,386.55,386.55
1995-11-21,386.45,385.1,385.1,385.1
1995-11-22,385.3,382.8,382.8,382.8
1995-11-23,382.8,382.85,382.85,382.85
1995-11-24,382.75,383.65,383.65,383.65
1995-11-27,383.45,385.25,385.25,385.25
1995-11-28,385.35,388.75,388.75,388.75
1995-11-29,389.2,388.8,388.8,388.8
1995-11-30,388.8,387.3,387.3,387.3
1995-12-01,387.25,386.2,386.2,386.2
1995-12-04,386.6,386.1,386.1,386.1
1995-12-05,386.0,387.1,387.1,387.1
1995-12-06,387.2,388.7,388.7,388.7
1995-12-07,388.8,389.0,389.0,389.0
1995-12-08,389.0,389.7,389.7,389.7
1995-12-11,389.8,388.35,388.35,388.35
1995-12-12,388.4,388.2,388.2,388.2
1995-12-13,388.35,386.45,386.45,386.45
1995-12-14,386.45,386.2,386.2,386.2
1995-12-15,386.25,386.25,386.25,386.25
1995-12-18,386.5,387.65,387.65,387.65
1995-12-19,387.9,387.4,387.4,387.4
1995-12-20,387.45,388.75,388.75,388.75
1995-12-21,388.9,387.8,387.8,387.8
1995-12-22,388.1,387.25,387.25,387.25
1995-12-25,387.5,387.5,387.5,387.5
1995-12-26,387.35,387.65,387.65,387.65
1995-12-27,387.6,386.8,386.8,386.8
1995-12-28,386.8,386.8,386.8,386.8
1995-12-29,386.9,387.1,387.1,387.1
1996-01-02,387.1,390.6,390.6,390.6
1996-01-03,390.55,394.35,394.35,394.35
1996-01-04,394.3,394.45,394.45,394.45
1996-01-05,394.4,395.5,395.5,395.5
1996-01-08,395.7,396.6,396.6,396.6
1996-01-09,396.4,396.35,396.35,396.35
1996-01-10,396.45,399.9,399.9,399.9
1996-01-11,399.75,398.45,398.45,398.45
1996-01-12,397.95,396.2,396.2,396.2
1996-01-15,396.65,395.85,395.85,395.85
1996-01-16,396.05,398.35,398.35,398.35
1996-01-17,399.15,399.5,399.5,399.5
1996-01-18,399.65,396.75,396.75,396.75
1996-01-19,396.25,399.4,399.4,399.4
1996-01-22,399.25,403.3,403.3,403.3
1996-01-23,403.4,403.5,403.5,403.5
1996-01-24,403.45,403.1,403.1,403.1
1996-01-25,402.75,406.75,406.75,406.75
1996-01-26,406.65,405.85,405.85,405.85
1996-01-29,405.9,406.05,406.05,406.05
1996-01-30,406.1,404.4,404.4,404.4
1996-01-31,404.4,406.45,406.45,406.45
1996-02-01,406.4,413.0,413.0,413.0
1996-02-02,413.55,415.35,415.35,415.35
1996-02-05,415.6,413.7,413.7,413.7
1996-02-06,413.65,412.4,412.4,412.4
1996-02-07,412.35,408.65,408.65,408.65
1996-02-08,408.95,409.5,409.5,409.5
1996-02-09,409.65,405.45,405.45,405.45
1996-02-12,405.3,401.1,401.1,401.1
1996-02-13,401.35,403.9,403.9,403.9
1996-02-14,404.05,404.25,404.25,404.25
1996-02-15,404.6,403.35,403.35,403.35
1996-02-16,403.45,405.45,405.45,405.45
1996-02-19,405.65,405.65,405.65,405.65
1996-02-20,405.85,399.25,399.25,399.25
1996-02-21,399.25,402.25,402.25,402.25
1996-02-22,402.3,399.75,399.75,399.75
1996-02-23,399.55,398.25,398.25,398.25
1996-02-26,398.05,399.05,399.05,399.05
1996-02-27,399.25,398.25,398.25,398.25
1996-02-28,398.25,400.35,400.35,400.35
1996-02-29,400.15,399.75,399.75,399.75
1996-03-01,399.45,398.75,398.75,398.75
1996-03-04,398.9,393.95,393.95,393.95
1996-03-05,394.1,393.6,393.6,393.6
1996-03-06,393.85,393.25,393.25,393.25
1996-03-07,393.4,395.45,395.45,395.45
1996-03-08,395.55,397.1,397.1,397.1
1996-03-11,397.45,395.55,395.55,395.55
1996-03-12,395.7,396.55,396.55,396.55
1996-03-13,396.6,396.95,396.95,396.95
1996-03-14,396.8,395.7,395.7,395.7
1996-03-15,395.7,396.2,396.2,396.2
1996-03-18,396.25,395.6,395.6,395.6
1996-03-19,395.55,395.35,395.35,395.35
1996-03-20,395.3,395.95,395.95,395.95
1996-03-21,395.95,398.0,398.0,398.0
1996-03-22,397.95,398.35,398.35,398.35
1996-03-25,398.15,398.85,398.85,398.85
1996-03-26,398.05,400.2,400.2,400.2
1996-03-27,400.3,400.15,400.15,400.15
1996-03-28,400.25,396.5,396.5,396.5
1996-03-29,396.75,395.45,395.45,395.45
1996-04-01,395.3,394.95,394.95,394.95
1996-04-02,394.9,393.95,393.95,393.95
1996-04-03,393.95,394.15,394.15,394.15
1996-04-04,394.25,394.75,394.75,394.75
1996-04-05,394.9,394.75,394.75,394.75
1996-04-08,394.9,397.85,397.85,397.85
1996-04-09,397.7,394.5,394.5,394.5
1996-04-10,394.75,395.25,395.25,395.25
1996-04-11,395.35,395.45,395.45,395.45
1996-04-12,395.55,394.55,394.55,394.55
1996-04-15,394.55,393.35,393.35,393.35
1996-04-16,393.35,391.45,391.45,391.45
1996-04-17,391.35,391.15,391.15,391.15
1996-04-18,391.25,390.45,390.45,390.45
1996-04-19,390.45,390.6,390.6,390.6
1996-04-22,390.25,391.65,391.65,391.65
1996-04-23,391.65,391.3,391.3,391.3
1996-04-24,391.55,390.75,390.75,390.75
1996-04-25,390.75,393.35,393.35,393.35
1996-04-26,393.45,390.4,390.4,390.4
1996-04-29,390.45,390.55,390.55,390.55
1996-04-30,390.55,391.65,391.65,391.65
1996-05-01,391.7,393.05,393.05,393.05
1996-05-02,392.95,394.05,394.05,394.05
1996-05-03,394.1,392.45,392.45,392.45
1996-05-06,392.65,394.05,394.05,394.05
1996-05-07,393.95,394.05,394.05,394.05
1996-05-08,394.15,393.05,393.05,393.05
1996-05-09,393.15,392.85,392.85,392.85
1996-05-10,393.05,390.65,390.65,390.65
1996-05-13,390.25,391.45,391.45,391.45
1996-05-14,391.3,391.85,391.85,391.85
1996-05-15,392.0,392.7,392.7,392.7
1996-05-16,392.5,392.7,392.7,392.7
1996-05-17,392.6,392.55,392.55,392.55
1996-05-20,392.05,390.85,390.85,390.85
1996-05-21,390.95,391.45,391.45,391.45
1996-05-22,391.35,391.75,391.75,391.75
1996-05-23,391.75,391.55,391.55,391.55
1996-05-24,391.65,390.9,390.9,390.9
1996-05-27,390.85,391.15,391.15,391.15
1996-05-28,391.2,391.5,391.5,391.5
1996-05-29,391.95,391.25,391.25,391.25
1996-05-30,391.25,391.05,391.05,391.05
1996-05-31,391.1,391.0,391.0,391.0
1996-06-03,391.25,390.55,390.55,390.55
1996-06-04,390.45,388.25,388.25,388.25
1996-06-05,388.25,386.45,386.45,386.45
1996-06-06,386.4,386.15,386.15,386.15
1996-06-07,386.4,385.3,385.3,385.3
1996-06-10,386.6,386.05,386.05,386.05
1996-06-11,386.15,384.55,384.55,384.55
1996-06-12,384.65,384.6,384.6,384.6
1996-06-13,384.55,384.6,384.6,384.6
1996-06-14,384.35,384.9,384.9,384.9
1996-06-17,384.75,384.95,384.95,384.95
1996-06-18,385.1,385.6,385.6,385.6
1996-06-19,385.75,384.5,384.5,384.5
1996-06-20,384.6,384.5,384.5,384.5
1996-06-21,384.45,385.05,385.05,385.05
1996-06-24,384.9,385.05,385.05,385.05
1996-06-25,385.1,384.15,384.15,384.15
1996-06-26,384.25,383.25,383.25,383.25
1996-06-27,383.3,382.15,382.15,382.15
1996-06-28,382.25,380.45,380.45,380.45
1996-07-01,380.25,381.45,381.45,381.45
1996-07-02,381.65,382.25,382.25,382.25
1996-07-03,382.05,381.7,381.7,381.7
1996-07-04,381.8,381.15,381.15,381.15
1996-07-05,381.0,381.75,381.75,381.75
1996-07-08,382.0,381.3,381.3,381.3
1996-07-09,381.2,382.6,382.6,382.6
1996-07-10,382.75,382.6,382.6,382.6
1996-07-11,382.6,383.8,383.8,383.8
1996-07-12,383.5,383.45,383.45,383.45
1996-07-15,383.5,384.55,384.55,384.55
1996-07-16,383.45,383.5,383.5,383.5
1996-07-17,383.5,383.55,383.55,383.55
1996-07-18,383.55,383.85,383.85,383.85
1996-07-19,383.85,384.5,384.5,384.5
1996-07-22,384.6,384.85,384.85,384.85
1996-07-23,384.8,384.6,384.6,384.6
1996-07-24,384.65,385.45,385.45,385.45
1996-07-25,385.2,385.2,385.2,385.2
1996-07-26,385.2,385.25,385.25,385.25
1996-07-29,385.4,384.6,384.6,384.6
1996-07-30,384.5,384.6,384.6,384.6
1996-07-31,384.55,387.05,387.05,387.05
1996-08-01,386.45,386.3,386.3,386.3
1996-08-02,386.35,387.35,387.35,387.35
1996-08-05,387.1,389.0,389.0,389.0
1996-08-06,389.1,388.55,388.55,388.55
1996-08-07,388.6,388.15,388.15,388.15
1996-08-08,388.15,388.55,388.55,388.55
1996-08-09,388.45,387.65,387.65,387.65
1996-08-12,387.85,387.65,387.65,387.65
1996-08-13,387.6,387.85,387.85,387.85
1996-08-14,387.85,386.65,386.65,386.65
1996-08-15,386.55,386.6,386.6,386.6
1996-08-16,386.65,386.45,386.45,386.45
1996-08-19,386.35,387.2,387.2,387.2
1996-08-20,387.25,387.7,387.7,387.7
1996-08-21,387.7,386.85,386.85,386.85
1996-08-22,386.8,387.5,387.5,387.5
1996-08-23,387.65,388.45,388.45,388.45
1996-08-26,388.55,389.45,389.45,389.45
1996-08-27,389.45,388.95,388.95,388.95
1996-08-28,389.0,388.15,388.15,388.15
1996-08-29,388.2,387.8,387.8,387.8
1996-08-30,387.75,386.75,386.75,386.75
1996-09-02,386.6,386.9,386.9,386.9
1996-09-03,386.75,386.5,386.5,386.5
1996-09-04,386.35,385.75,385.75,385.75
1996-09-05,385.85,385.75,385.75,385.75
1996-09-06,385.75,385.25,385.25,385.25
1996-09-09,385.1,383.6,383.6,383.6
1996-09-10,383.5,383.2,383.2,383.2
1996-09-11,383.35,382.85,382.85,382.85
1996-09-12,382.75,382.65,382.65,382.65
1996-09-13,382.65,382.6,382.6,382.6
1996-09-16,382.55,383.35,383.35,383.35
1996-09-17,383.35,382.95,382.95,382.95
1996-09-18,383.0,383.35,383.35,383.35
1996-09-19,383.35,382.75,382.75,382.75
1996-09-20,383.0,381.25,381.25,381.25
1996-09-23,380.95,381.55,381.55,381.55
1996-09-24,381.75,382.85,382.85,382.85
1996-09-25,383.0,382.6,382.6,382.6
1996-09-26,382.55,381.35,381.35,381.35
1996-09-27,381.25,380.55,380.55,380.55
1996-09-30,380.4,378.55,378.55,378.55
1996-10-01,378.45,378.75,378.75,378.75
1996-10-02,378.5,379.8,379.8,379.8
1996-10-03,379.9,380.15,380.15,380.15
1996-10-04,380.5,380.5,380.5,380.5
1996-10-07,380.35,380.65,380.65,380.65
1996-10-08,380.65,381.4,381.4,381.4
1996-10-09,381.15,381.35,381.35,381.35
1996-10-10,381.45,382.05,382.05,382.05
1996-10-11,382.25,381.25,381.25,381.25
1996-10-14,381.25,381.75,381.75,381.75
1996-10-15,381.75,381.25,381.25,381.25
1996-10-16,381.3,381.15,381.15,381.15
1996-10-17,381.0,380.6,380.6,380.6
1996-10-18,380.5,380.35,380.35,380.35
1996-10-21,380.25,381.9,381.9,381.9
1996-10-22,381.7,384.0,384.0,384.0
1996-10-23,383.85,383.85,383.85,383.85
1996-10-24,383.8,383.15,383.15,383.15
1996-10-25,383.15,382.85,382.85,382.85
1996-10-28,382.75,383.25,383.25,383.25
1996-10-29,382.85,380.6,380.6,380.6
1996-10-30,380.45,380.5,380.5,380.5
1996-10-31,380.25,377.95,377.95,377.95
1996-11-01,377.95,378.25,378.25,378.25
1996-11-04,378.05,378.7,378.7,378.7
1996-11-05,378.75,378.75,378.75,378.75
1996-11-06,378.75,377.95,377.95,377.95
1996-11-07,377.95,379.1,379.1,379.1
1996-11-08,379.05,379.45,379.45,379.45
1996-11-11,379.55,381.5,381.5,381.5
1996-11-12,381.65,382.8,382.8,382.8
1996-11-13,382.7,383.15,383.15,383.15
1996-11-14,383.05,381.4,381.4,381.4
1996-11-15,381.3,380.3,380.3,380.3
1996-11-18,380.35,379.05,379.05,379.05
1996-11-19,379.15,378.15,378.15,378.15
1996-11-20,378.15,378.35,378.35,378.35
1996-11-21,378.0,376.7,376.7,376.7
1996-11-22,376.85,376.35,376.35,376.35
1996-11-25,376.45,374.5,374.5,374.5
1996-11-26,374.55,375.05,375.05,375.05
1996-11-27,375.25,373.45,373.45,373.45
1996-11-28,373.4,372.5,372.5,372.5
1996-11-29,372.45,371.4,371.4,371.4
1996-12-02,371.25,368.45,368.45,368.45
1996-12-03,368.25,368.65,368.65,368.65
1996-12-04,369.05,370.95,370.95,370.95
1996-12-05,370.95,370.9,370.9,370.9
1996-12-06,370.95,368.95,368.95,368.95
1996-12-09,369.2,368.1,368.1,368.1
1996-12-10,368.2,368.6,368.6,368.6
1996-12-11,368.75,369.05,369.05,369.05
1996-12-12,368.95,369.15,369.15,369.15
1996-12-13,369.6,368.7,368.7,368.7
1996-12-16,368.75,368.1,368.1,368.1
1996-12-17,368.25,368.55,368.55,368.55
1996-12-18,368.7,369.35,369.35,369.35
1996-12-19,369.05,369.05,369.05,369.05
1996-12-20,368.9,368.75,368.75,368.75
1996-12-23,368.75,368.85,368.85,368.85
1996-12-24,369.0,368.85,368.85,368.85
1996-12-25,368.9,368.9,368.9,368.9
1996-12-26,368.7,369.25,369.25,369.25
1996-12-27,369.25,369.45,369.45,369.45
1996-12-30,369.45,369.45,369.45,369.45
1996-12-31,369.45,368.05,368.05,368.05
1997-01-02,367.9,365.4,365.4,365.4
1997-01-03,365.55,361.05,361.05,361.05
1997-01-06,361.75,357.85,357.85,357.85
1997-01-07,358.05,358.85,358.85,358.85
1997-01-08,358.85,355.9,355.9,355.9
1997-01-09,355.8,357.75,357.75,357.75
1997-01-10,357.65,359.05,359.05,359.05
1997-01-13,358.85,358.5,358.5,358.5
1997-01-14,358.65,354.0,354.0,354.0
1997-01-15,354.05,352.5,352.5,352.5
1997-01-16,352.5,354.55,354.55,354.55
1997-01-17,354.55,355.55,355.55,355.55
1997-01-20,355.45,353.55,353.55,353.55
1997-01-21,353.35,352.95,352.95,352.95
1997-01-22,352.95,350.75,350.75,350.75
1997-01-23,350.85,351.95,351.95,351.95
1997-01-24,352.05,352.35,352.35,352.35
1997-01-27,352.75,356.25,356.25,356.25
1997-01-28,356.25,353.25,353.25,353.25
1997-01-29,353.25,351.25,351.25,351.25
1997-01-30,351.1,345.65,345.65,345.65
1997-01-31,345.55,344.35,344.35,344.35
1997-02-03,344.65,346.65,346.65,346.65
1997-02-04,346.65,344.35,344.35,344.35
1997-02-05,344.35,344.35,344.35,344.35
1997-02-06,344.25,343.05,343.05,343.05
1997-02-07,342.65,341.75,341.75,341.75
1997-02-10,342.4,341.4,341.4,341.4
1997-02-11,341.5,339.85,339.85,339.85
1997-02-12,339.65,342.9,342.9,342.9
1997-02-13,342.55,341.0,341.0,341.0
1997-02-14,341.25,344.75,344.75,344.75
1997-02-17,345.1,344.25,344.25,344.25
1997-02-18,343.95,345.85,345.85,345.85
1997-02-19,345.65,345.25,345.25,345.25
1997-02-20,345.05,350.5,350.5,350.5
1997-02-21,350.75,352.25,352.25,352.25
1997-02-24,351.8,353.25,353.25,353.25
1997-02-25,353.45,354.25,354.25,354.25
1997-02-26,354.25,354.25,354.25,354.25
1997-02-27,354.15,359.15,359.15,359.15
1997-02-28,359.25,363.25,363.25,363.25
1997-03-03,363.7,361.9,361.9,361.9
1997-03-04,361.85,358.95,358.95,358.95
1997-03-05,359.05,352.95,352.95,352.95
1997-03-06,352.95,352.15,352.15,352.15
1997-03-07,352.25,348.75,348.75,348.75
1997-03-10,348.85,351.85,351.85,351.85
1997-03-11,351.5,353.55,353.55,353.55
1997-03-12,353.55,352.1,352.1,352.1
1997-03-13,352.2,353.55,353.55,353.55
1997-03-14,354.1,352.25,352.25,352.25
1997-03-17,352.25,347.75,347.75,347.75
1997-03-18,347.5,349.45,349.45,349.45
1997-03-19,349.8,352.0,352.0,352.0
1997-03-20,352.05,351.5,351.5,351.5
1997-03-21,351.5,352.85,352.85,352.85
1997-03-24,352.75,350.0,350.0,350.0
1997-03-25,349.85,347.85,347.85,347.85
1997-03-26,347.7,350.35,350.35,350.35
1997-03-27,350.35,349.45,349.45,349.45
1997-03-28,349.5,349.75,349.75,349.75
1997-03-31,349.75,351.15,351.15,351.15
1997-04-01,351.15,351.95,351.95,351.95
1997-04-02,352.0,349.05,349.05,349.05
1997-04-03,349.25,348.85,348.85,348.85
1997-04-04,348.85,348.75,348.75,348.75
1997-04-07,348.75,348.05,348.05,348.05
1997-04-08,348.15,348.55,348.55,348.55
1997-04-09,348.35,348.05,348.05,348.05
1997-04-10,347.85,348.65,348.65,348.65
1997-04-11,348.65,346.95,346.95,346.95
1997-04-14,346.75,346.25,346.25,346.25
1997-04-15,346.3,342.05,342.05,342.05
1997-04-16,341.9,341.55,341.55,341.55
1997-04-17,341.45,342.55,342.55,342.55
1997-04-18,342.45,341.45,341.45,341.45
1997-04-21,341.45,342.9,342.9,342.9
1997-04-22,342.7,341.3,341.3,341.3
1997-04-23,341.35,341.35,341.35,341.35
1997-04-24,341.35,340.75,340.75,340.75
1997-04-25,340.55,342.15,342.15,342.15
1997-04-28,342.05,339.65,339.65,339.65
1997-04-29,339.75,339.95,339.95,339.95
1997-04-30,339.95,339.35,339.35,339.35
1997-05-01,339.55,340.45,340.45,340.45
1997-05-02,340.35,340.25,340.25,340.25
1997-05-05,340.25,342.85,342.85,342.85
1997-05-06,342.75,340.45,340.45,340.45
1997-05-07,340.35,341.45,341.45,341.45
1997-05-08,341.65,343.75,343.75,343.75
1997-05-09,343.65,348.05,348.05,348.05
1997-05-12,348.35,347.65,347.65,347.65
1997-05-13,347.55,349.5,349.5,349.5
1997-05-14,349.25,347.8,347.8,347.8
1997-05-15,347.35,347.45,347.45,347.45
1997-05-16,347.25,344.05,344.05,344.05
1997-05-19,344.45,341.55,341.55,341.55
1997-05-20,341.0,343.1,343.1,343.1
1997-05-21,343.15,342.95,342.95,342.95
1997-05-22,343.1,342.65,342.65,342.65
1997-05-23,342.75,342.6,342.6,342.6
1997-05-26,342.65,343.0,343.0,343.0
1997-05-27,343.0,344.05,344.05,344.05
1997-05-28,343.95,344.85,344.85,344.85
1997-05-29,344.5,345.75,345.75,345.75
1997-05-30,345.85,344.65,344.65,344.65
1997-06-02,344.7,343.5,343.5,343.5
1997-06-03,343.65,343.25,343.25,343.25
1997-06-04,343.35,341.25,341.25,341.25
1997-06-05,341.45,343.35,343.35,343.35
1997-06-06,343.5,343.45,343.45,343.45
1997-06-09,343.75,344.2,344.2,344.2
1997-06-10,344.15,344.05,344.05,344.05
1997-06-11,344.2,343.55,343.55,343.55
1997-06-12,343.65,341.55,341.55,341.55
1997-06-13,341.65,341.05,341.05,341.05
1997-06-16,341.25,342.65,342.65,342.65
1997-06-17,342.25,341.75,341.75,341.75
1997-06-18,341.75,339.25,339.25,339.25
1997-06-19,339.25,340.35,340.35,340.35
1997-06-20,340.25,337.65,337.65,337.65
1997-06-23,337.35,339.75,339.75,339.75
1997-06-24,340.25,337.75,337.75,337.75
1997-06-25,337.35,337.35,337.35,337.35
1997-06-26,337.35,338.25,338.25,338.25
1997-06-27,338.35,334.65,334.65,334.65
1997-06-30,335.0,333.95,333.95,333.95
1997-07-01,333.95,334.25,334.25,334.25
1997-07-02,334.25,331.35,331.35,331.35
1997-07-03,331.75,325.75,325.75,325.75
1997-07-04,324.75,324.5,324.5,324.5
1997-07-07,323.4,318.0,318.0,318.0
1997-07-08,317.65,319.85,319.85,319.85
1997-07-09,318.75,318.15,318.15,318.15
1997-07-10,318.45,319.85,319.85,319.85
1997-07-11,319.75,321.35,321.35,321.35
1997-07-14,321.45,319.7,319.7,319.7
1997-07-15,319.7,318.05,318.05,318.05
1997-07-16,317.35,318.05,318.05,318.05
1997-07-17,317.85,323.75,323.75,323.75
1997-07-18,323.65,328.95,328.95,328.95
1997-07-21,328.25,325.55,325.55,325.55
1997-07-22,325.55,325.25,325.25,325.25
1997-07-23,324.25,323.1,323.1,323.1
1997-07-24,323.18,323.38,323.38,323.38
1997-07-25,323.25,326.0,326.0,326.0
1997-07-28,325.82,328.62,328.62,328.62
1997-07-29,328.0,325.95,325.95,325.95
1997-07-30,326.1,326.05,326.05,326.05
1997-07-31,326.15,324.55,324.55,324.55
1997-08-01,324.65,324.65,324.65,324.65
1997-08-04,324.8,323.9,323.9,323.9
1997-08-05,323.85,320.75,320.75,320.75
1997-08-06,320.35,318.55,318.55,318.55
1997-08-07,318.6,321.95,321.95,321.95
1997-08-08,321.55,327.15,327.15,327.15
1997-08-11,326.5,328.45,328.45,328.45
1997-08-12,328.35,327.05,327.05,327.05
1997-08-13,327.25,327.15,327.15,327.15
1997-08-14,327.05,324.05,324.05,324.05
1997-08-15,324.1,326.05,326.05,326.05
1997-08-18,326.75,321.35,321.35,321.35
1997-08-19,321.75,323.25,323.25,323.25
1997-08-20,323.0,321.45,321.45,321.45
1997-08-21,321.88,323.88,323.88,323.88
1997-08-22,323.5,326.45,326.45,326.45
1997-08-25,326.25,324.7,324.7,324.7
1997-08-26,324.5,325.9,325.9,325.9
1997-08-27,325.75,325.45,325.45,325.45
1997-08-28,325.65,323.95,323.95,323.95
1997-08-29,324.55,324.15,324.15,324.15
1997-09-01,324.15,324.55,324.55,324.55
1997-09-02,324.45,322.5,322.5,322.5
1997-09-03,322.4,322.0,322.0,322.0
1997-09-04,322.0,321.55,321.55,321.55
1997-09-05,321.45,322.55,322.55,322.55
1997-09-08,322.5,321.95,321.95,321.95
1997-09-09,321.75,321.5,321.5,321.5
1997-09-10,321.25,321.75,321.75,321.75
1997-09-11,321.65,324.25,324.25,324.25
1997-09-12,324.1,324.15,324.15,324.15
1997-09-15,323.6,323.05,323.05,323.05
1997-09-16,322.85,320.75,320.75,320.75
1997-09-17,320.75,320.25,320.25,320.25
1997-09-18,320.45,320.65,320.65,320.65
1997-09-19,320.75,320.85,320.85,320.85
1997-09-22,320.85,321.25,321.25,321.25
1997-09-23,321.15,321.95,321.95,321.95
1997-09-24,321.65,323.1,323.1,323.1
1997-09-25,323.25,327.15,327.15,327.15
1997-09-26,326.65,326.75,326.75,326.75
1997-09-29,326.15,328.25,328.25,328.25
1997-09-30,328.0,334.45,334.45,334.45
1997-10-01,333.65,333.75,333.75,333.75
1997-10-02,333.65,331.45,331.45,331.45
1997-10-03,331.35,334.85,334.85,334.85
1997-10-06,334.55,332.55,332.55,332.55
1997-10-07,332.3,331.45,331.45,331.45
1997-10-08,331.25,333.25,333.25,333.25
1997-10-09,333.55,327.75,327.75,327.75
1997-10-10,327.45,329.65,329.65,329.65
1997-10-13,329.95,328.45,328.45,328.45
1997-10-14,328.75,327.95,327.95,327.95
1997-10-15,327.95,326.95,326.95,326.95
1997-10-16,326.85,325.85,325.85,325.85
1997-10-17,326.1,325.25,325.25,325.25
1997-10-20,325.25,323.65,323.65,323.65
1997-10-21,323.5,322.7,322.7,322.7
1997-10-22,322.75,322.45,322.45,322.45
1997-10-23,322.6,323.65,323.65,323.65
1997-10-24,323.5,309.0,309.0,309.0
1997-10-27,309.25,311.85,311.85,311.85
1997-10-28,311.25,315.75,315.75,315.75
1997-10-29,316.25,313.85,313.85,313.85
1997-10-30,313.35,316.45,316.45,316.45
1997-10-31,316.25,311.45,311.45,311.45
1997-11-03,311.75,313.45,313.45,313.45
1997-11-04,313.7,313.85,313.85,313.85
1997-11-05,313.95,313.55,313.55,313.55
1997-11-06,313.45,312.45,312.45,312.45
1997-11-07,312.5,310.25,310.25,310.25
1997-11-10,309.75,310.15,310.15,310.15
1997-11-11,310.15,309.75,309.75,309.75
1997-11-12,309.75,307.45,307.45,307.45
1997-11-13,307.45,307.85,307.85,307.85
1997-11-14,308.15,303.35,303.35,303.35
1997-11-17,303.25,303.85,303.85,303.85
1997-11-18,303.85,306.75,306.75,306.75
1997-11-19,306.15,304.05,304.05,304.05
1997-11-20,304.25,302.85,302.85,302.85
1997-11-21,303.25,304.95,304.95,304.95
1997-11-24,304.85,302.95,302.95,302.95
1997-11-25,302.85,300.35,300.35,300.35
1997-11-26,299.8,296.75,296.75,296.75
1997-11-27,296.8,296.0,296.0,296.0
1997-11-28,295.95,297.0,297.0,297.0
1997-12-01,297.25,293.85,293.85,293.85
1997-12-02,293.65,293.85,293.85,293.85
1997-12-03,293.5,292.35,292.35,292.35
1997-12-04,292.15,286.25,286.25,286.25
1997-12-05,286.25,288.25,288.25,288.25
1997-12-08,288.15,287.85,287.85,287.85
1997-12-09,287.55,282.75,282.75,282.75
1997-12-10,283.15,286.65,286.65,286.65
1997-12-11,286.75,284.05,284.05,284.05
1997-12-12,283.95,282.85,282.85,282.85
1997-12-15,282.55,284.35,284.35,284.35
1997-12-16,284.05,283.55,283.55,283.55
1997-12-17,284.05,289.15,289.15,289.15
1997-12-18,288.15,287.35,287.35,287.35
1997-12-19,287.05,289.05,289.05,289.05
1997-12-22,289.25,291.05,291.05,291.05
1997-12-23,291.55,294.05,294.05,294.05
1997-12-24,294.05,296.45,296.45,296.45
1997-12-25,296.5,296.75,296.75,296.75
1997-12-26,296.25,294.85,294.85,294.85
1997-12-29,295.25,291.05,291.05,291.05
1997-12-30,291.25,290.55,290.55,290.55
1997-12-31,290.45,289.05,289.05,289.05
1998-01-02,288.85,288.25,288.25,288.25
1998-01-05,287.65,281.85,281.85,281.85
1998-01-06,281.85,281.45,281.45,281.45
1998-01-07,280.75,283.85,283.85,283.85
1998-01-08,283.25,280.95,280.95,280.95
1998-01-09,281.05,278.65,278.65,278.65
1998-01-12,278.35,278.15,278.15,278.15
1998-01-13,277.8,282.75,282.75,282.75
1998-01-14,283.15,281.95,281.95,281.95
1998-01-15,281.45,285.55,285.55,285.55
1998-01-16,286.25,290.15,290.15,290.15
1998-01-19,290.55,287.55,287.55,287.55
1998-01-20,287.55,290.45,290.45,290.45
1998-01-21,291.35,292.55,292.55,292.55
1998-01-22,293.0,290.45,290.45,290.45
1998-01-23,290.88,299.62,299.62,299.62
1998-01-26,298.75,297.05,297.05,297.05
1998-01-27,297.5,300.75,300.75,300.75
1998-01-28,300.6,305.0,305.0,305.0
1998-01-29,305.5,302.85,302.85,302.85
1998-01-30,302.25,302.45,302.45,302.45
1998-02-02,302.85,302.95,302.95,302.95
1998-02-03,303.0,295.35,295.35,295.35
1998-02-04,295.45,299.35,299.35,299.35
1998-02-05,299.1,298.65,298.65,298.65
1998-02-06,298.75,298.15,298.15,298.15
1998-02-09,298.05,299.75,299.75,299.75
1998-02-10,299.8,300.45,300.45,300.45
1998-02-11,300.55,300.05,300.05,300.05
1998-02-12,300.45,298.75,298.75,298.75
1998-02-13,298.6,299.85,299.85,299.85
1998-02-16,299.55,298.25,298.25,298.25
1998-02-17,298.45,298.0,298.0,298.0
1998-02-18,297.45,297.55,297.55,297.55
1998-02-19,297.85,298.95,298.95,298.95
1998-02-20,298.85,297.25,297.25,297.25
1998-02-23,296.75,293.45,293.45,293.45
1998-02-24,293.45,291.45,291.45,291.45
1998-02-25,291.85,292.05,292.05,292.05
1998-02-26,291.85,294.65,294.65,294.65
1998-02-27,294.6,299.15,299.15,299.15
1998-03-02,299.4,299.7,299.7,299.7
1998-03-03,299.5,297.85,297.85,297.85
1998-03-04,297.55,296.05,296.05,296.05
1998-03-05,296.0,293.45,293.45,293.45
1998-03-06,293.5,294.45,294.45,294.45
1998-03-09,294.15,294.45,294.45,294.45
1998-03-10,294.3,296.0,296.0,296.0
1998-03-11,295.75,294.6,294.6,294.6
1998-03-12,294.6,294.55,294.55,294.55
1998-03-13,294.45,295.35,295.35,295.35
1998-03-16,295.5,294.55,294.55,294.55
1998-03-17,294.45,291.95,291.95,291.95
1998-03-18,292.05,291.15,291.15,291.15
1998-03-19,291.45,291.55,291.55,291.55
1998-03-20,291.3,291.75,291.75,291.75
1998-03-23,291.75,298.95,298.95,298.95
1998-03-24,298.35,299.65,299.65,299.65
1998-03-25,299.25,299.05,299.05,299.05
1998-03-26,299.35,301.55,301.55,301.55
1998-03-27,301.1,302.85,302.85,302.85
1998-03-30,302.75,301.65,301.65,301.65
1998-03-31,301.4,300.95,300.95,300.95
1998-04-01,300.95,299.75,299.75,299.75
1998-04-02,299.75,302.25,302.25,302.25
1998-04-03,302.1,308.25,308.25,308.25
1998-04-06,308.05,309.05,309.05,309.05
1998-04-07,309.35,309.75,309.75,309.75
1998-04-08,310.05,309.35,309.35,309.35
1998-04-09,309.3,308.45,308.45,308.45
1998-04-10,308.5,310.75,310.75,310.75
1998-04-13,310.5,310.95,310.95,310.95
1998-04-14,310.85,308.25,308.25,308.25
1998-04-15,308.35,307.25,307.25,307.25
1998-04-16,306.95,308.15,308.15,308.15
1998-04-17,308.15,307.75,307.75,307.75
1998-04-20,306.95,307.95,307.95,307.95
1998-04-21,307.85,310.75,310.75,310.75
1998-04-22,310.65,313.25,313.25,313.25
1998-04-23,312.85,314.05,314.05,314.05
1998-04-24,314.1,312.65,312.65,312.65
1998-04-27,312.45,309.65,309.65,309.65
1998-04-28,309.85,307.95,307.95,307.95
1998-04-29,308.05,310.25,310.25,310.25
1998-04-30,310.15,306.65,306.65,306.65
1998-05-01,306.85,302.25,302.25,302.25
1998-05-04,302.75,304.35,304.35,304.35
1998-05-05,303.75,303.35,303.35,303.35
1998-05-06,303.25,300.75,300.75,300.75
1998-05-07,300.6,298.55,298.55,298.55
1998-05-08,298.6,299.85,299.85,299.85
1998-05-11,299.65,300.35,300.35,300.35
1998-05-12,300.2,297.9,297.9,297.9
1998-05-13,298.0,298.45,298.45,298.45
1998-05-14,298.55,299.15,299.15,299.15
1998-05-15,298.9,301.25,301.25,301.25
1998-05-18,301.0,299.55,299.55,299.55
1998-05-19,299.25,298.65,298.65,298.65
1998-05-20,298.55,299.65,299.65,299.65
1998-05-21,299.45,301.15,301.15,301.15
1998-05-22,301.75,299.85,299.85,299.85
1998-05-25,299.6,299.75,299.75,299.75
1998-05-26,299.55,295.55,295.55,295.55
1998-05-27,295.1,293.85,293.85,293.85
1998-05-28,294.0,293.1,293.1,293.1
1998-05-29,293.0,292.95,292.95,292.95
1998-06-01,293.1,288.45,288.45,288.45
1998-06-02,288.2,291.4,291.4,291.4
1998-06-03,291.35,293.15,293.15,293.15
1998-06-04,292.95,293.7,293.7,293.7
1998-06-05,293.5,291.65,291.65,291.65
1998-06-08,291.7,296.25,296.25,296.25
1998-06-09,295.35,293.65,293.65,293.65
1998-06-10,293.5,293.25,293.25,293.25
1998-06-11,292.85,286.85,286.85,286.85
1998-06-12,286.6,286.0,286.0,286.0
1998-06-15,285.55,284.85,284.85,284.85
1998-06-16,284.55,288.65,288.65,288.65
1998-06-17,288.8,293.45,293.45,293.45
1998-06-18,293.65,293.25,293.25,293.25
1998-06-19,293.15,298.75,298.75,298.75
1998-06-22,297.0,295.45,295.45,295.45
1998-06-23,295.65,295.05,295.05,295.05
1998-06-24,294.8,292.85,292.85,292.85
1998-06-25,292.45,293.9,293.9,293.9
1998-06-26,293.65,293.85,293.85,293.85
1998-06-29,293.15,293.65,293.65,293.65
1998-06-30,293.45,296.95,296.95,296.95
1998-07-01,296.95,296.45,296.45,296.45
1998-07-02,296.35,293.85,293.85,293.85
1998-07-03,293.95,294.75,294.75,294.75
1998-07-06,294.1,293.25,293.25,293.25
1998-07-07,293.35,295.05,295.05,295.05
1998-07-08,295.15,293.25,293.25,293.25
1998-07-09,293.35,291.7,291.7,291.7
1998-07-10,291.25,290.85,290.85,290.85
1998-07-13,289.85,291.65,291.65,291.65
1998-07-14,291.85,293.15,293.15,293.15
1998-07-15,293.45,293.75,293.75,293.75
1998-07-16,293.65,293.45,293.45,293.45
1998-07-17,293.4,294.5,294.5,294.5
1998-07-20,294.5,296.15,296.15,296.15
1998-07-21,295.85,294.85,294.85,294.85
1998-07-22,295.05,294.15,294.15,294.15
1998-07-23,294.25,293.4,293.4,293.4
1998-07-24,293.75,291.45,291.45,291.45
1998-07-27,291.5,290.35,290.35,290.35
1998-07-28,289.75,291.75,291.75,291.75
1998-07-29,291.65,290.05,290.05,290.05
1998-07-30,290.3,289.5,289.5,289.5
1998-07-31,288.75,286.45,286.45,286.45
1998-08-03,286.62,283.88,283.88,283.88
1998-08-04,283.5,288.95,288.95,288.95
1998-08-05,288.55,287.95,287.95,287.95
1998-08-06,287.75,287.35,287.35,287.35
1998-08-07,287.55,286.65,286.65,286.65
1998-08-10,286.85,287.45,287.45,287.45
1998-08-11,286.85,283.95,283.95,283.95
1998-08-12,284.05,282.75,282.75,282.75
1998-08-13,283.0,285.35,285.35,285.35
1998-08-14,285.65,284.05,284.05,284.05
1998-08-17,283.8,285.05,285.05,285.05
1998-08-18,285.0,284.95,284.95,284.95
1998-08-19,285.25,283.35,283.35,283.35
1998-08-20,283.55,285.15,285.15,285.15
1998-08-21,284.75,284.8,284.8,284.8
1998-08-24,284.25,284.65,284.65,284.65
1998-08-25,284.65,283.05,283.05,283.05
1998-08-26,283.25,282.25,282.25,282.25
1998-08-27,281.85,276.55,276.55,276.55
1998-08-28,277.05,274.35,274.35,274.35
1998-08-31,274.15,276.65,276.65,276.65
1998-09-01,277.35,278.85,278.85,278.85
1998-09-02,278.8,280.15,280.15,280.15
1998-09-03,280.1,284.95,284.95,284.95
1998-09-04,285.2,286.85,286.85,286.85
1998-09-07,287.05,288.45,288.45,288.45
1998-09-08,288.25,286.05,286.05,286.05
1998-09-09,286.1,284.25,284.25,284.25
1998-09-10,284.25,290.45,290.45,290.45
1998-09-11,290.75,293.75,293.75,293.75
1998-09-14,292.7,290.35,290.35,290.35
1998-09-15,290.05,289.95,289.95,289.95
1998-09-16,289.45,287.85,287.85,287.85
1998-09-17,287.9,291.45,291.45,291.45
1998-09-18,291.5,291.45,291.45,291.45
1998-09-21,290.65,288.95,288.95,288.95
1998-09-22,288.75,287.85,287.85,287.85
1998-09-23,287.75,289.75,289.75,289.75
1998-09-24,289.75,294.15,294.15,294.15
1998-09-25,293.95,294.15,294.15,294.15
1998-09-28,294.25,295.75,295.75,295.75
1998-09-29,296.15,294.75,294.75,294.75
1998-09-30,294.95,296.95,296.95,296.95
1998-10-01,296.55,299.85,299.85,299.85
1998-10-02,300.2,300.55,300.55,300.55
1998-10-05,300.35,296.65,296.65,296.65
1998-10-06,296.25,296.25,296.25,296.25
1998-10-07,296.8,301.55,301.55,301.55
1998-10-08,301.3,299.65,299.65,299.65
1998-10-09,301.55,296.75,296.75,296.75
1998-10-12,296.7,296.25,296.25,296.25
1998-10-13,296.35,296.55,296.55,296.55
1998-10-14,296.7,296.15,296.15,296.15
1998-10-15,296.1,299.5,299.5,299.5
1998-10-16,300.0,299.95,299.95,299.95
1998-10-19,299.95,296.15,296.15,296.15
1998-10-20,295.95,296.25,296.25,296.25
1998-10-21,296.6,295.25,295.25,295.25
1998-10-22,295.35,292.55,292.55,292.55
1998-10-23,292.35,292.95,292.95,292.95
1998-10-26,292.8,292.5,292.5,292.5
1998-10-27,292.15,293.65,293.65,293.65
1998-10-28,293.7,293.05,293.05,293.05
1998-10-29,293.2,293.65,293.65,293.65
1998-10-30,293.65,292.55,292.55,292.55
1998-11-02,292.75,290.25,290.25,290.25
1998-11-03,290.0,289.15,289.15,289.15
1998-11-04,288.95,290.75,290.75,290.75
1998-11-05,290.85,293.95,293.95,293.95
1998-11-06,293.65,293.05,293.05,293.05
1998-11-09,292.85,292.75,292.75,292.75
1998-11-10,292.75,293.25,293.25,293.25
1998-11-11,293.35,292.95,292.95,292.95
1998-11-12,293.4,296.75,296.75,296.75
1998-11-13,296.75,295.85,295.85,295.85
1998-11-16,295.75,294.95,294.95,294.95
1998-11-17,294.8,294.55,294.55,294.55
1998-11-18,294.05,297.25,297.25,297.25
1998-11-19,296.8,295.75,295.75,295.75
1998-11-20,295.85,296.05,296.05,296.05
1998-11-23,296.0,296.7,296.7,296.7
1998-11-24,296.65,296.2,296.2,296.2
1998-11-25,296.3,296.6,296.6,296.6
1998-11-26,296.4,296.55,296.55,296.55
1998-11-27,296.15,295.85,295.85,295.85
1998-11-30,296.1,292.95,292.95,292.95
1998-12-01,293.15,293.75,293.75,293.75
1998-12-02,293.75,293.05,293.05,293.05
1998-12-03,293.25,291.85,291.85,291.85
1998-12-04,292.05,292.5,292.5,292.5
1998-12-07,292.15,295.15,295.15,295.15
1998-12-08,294.85,293.65,293.65,293.65
1998-12-09,293.9,294.05,294.05,294.05
1998-12-10,294.15,294.25,294.25,294.25
1998-12-11,294.7,290.85,290.85,290.85
1998-12-14,291.15,291.35,291.35,291.35
1998-12-15,291.35,292.75,292.75,292.75
1998-12-16,292.85,295.05,295.05,295.05
1998-12-17,295.75,291.75,291.75,291.75
1998-12-18,291.8,289.25,289.25,289.25
1998-12-21,289.65,288.95,288.95,288.95
1998-12-22,288.85,288.1,288.1,288.1
1998-12-23,288.25,286.75,286.75,286.75
1998-12-24,286.95,286.35,286.35,286.35
1998-12-25,286.25,286.75,286.75,286.75
1998-12-28,286.35,286.75,286.75,286.75
1998-12-29,286.65,286.25,286.25,286.25
1998-12-30,286.25,287.15,287.15,287.15
1998-12-31,287.25,288.25,288.25,288.25
1999-01-04,288.55,287.35,287.35,287.35
1999-01-05,287.65,286.95,286.95,286.95
1999-01-06,287.0,287.75,287.75,287.75
1999-01-07,288.25,291.55,291.55,291.55
1999-01-08,291.05,291.25,291.25,291.25
1999-01-11,291.5,292.9,292.9,292.9
1999-01-12,292.9,288.55,288.55,288.55
1999-01-13,288.85,286.95,286.95,286.95
1999-01-14,286.25,286.85,286.85,286.85
1999-01-15,286.55,287.05,287.05,287.05
1999-01-18,286.65,286.95,286.95,286.95
1999-01-19,287.05,286.55,286.55,286.55
1999-01-20,286.65,287.25,287.25,287.25
1999-01-21,287.15,287.75,287.75,287.75
1999-01-22,287.6,286.55,286.55,286.55
1999-01-25,286.45,287.85,287.85,287.85
1999-01-26,287.75,286.15,286.15,286.15
1999-01-27,286.05,283.35,283.35,283.35
1999-01-28,283.3,284.15,284.15,284.15
1999-01-29,284.35,286.35,286.35,286.35
1999-02-01,286.65,288.75,288.75,288.75
1999-02-02,288.65,288.65,288.65,288.65
1999-02-03,288.45,287.55,287.55,287.55
1999-02-04,287.5,289.45,289.45,289.45
1999-02-05,289.55,288.55,288.55,288.55
1999-02-08,288.75,289.5,289.5,289.5
1999-02-09,289.05,287.65,287.65,287.65
1999-02-10,287.5,287.25,287.25,287.25
1999-02-11,287.1,287.75,287.75,287.75
1999-02-12,287.65,289.55,289.55,289.55
1999-02-15,289.4,289.5,289.5,289.5
1999-02-16,288.85,285.45,285.45,285.45
1999-02-17,284.35,284.85,284.85,284.85
1999-02-18,285.05,285.75,285.75,285.75
1999-02-19,286.35,288.25,288.25,288.25
1999-02-22,287.6,287.15,287.15,287.15
1999-02-23,287.05,287.25,287.25,287.25
1999-02-24,287.35,287.75,287.75,287.75
1999-02-25,287.75,287.75,287.75,287.75
1999-02-26,287.8,286.8,286.8,286.8
1999-03-01,286.9,286.5,286.5,286.5
1999-03-02,286.45,286.95,286.95,286.95
1999-03-03,286.85,287.05,287.05,287.05
1999-03-04,286.55,287.95,287.95,287.95
1999-03-05,288.35,288.15,288.15,288.15
1999-03-08,288.1,291.25,291.25,291.25
1999-03-09,291.45,291.95,291.95,291.95
1999-03-10,292.0,293.05,293.05,293.05
1999-03-11,292.75,294.15,294.15,294.15
1999-03-12,294.45,292.35,292.35,292.35
1999-03-15,292.7,286.9,286.9,286.9
1999-03-16,286.95,283.65,283.65,283.65
1999-03-17,284.05,283.95,283.95,283.95
1999-03-18,284.1,283.25,283.25,283.25
1999-03-19,283.1,284.25,284.25,284.25
1999-03-22,284.45,284.45,284.45,284.45
1999-03-23,284.65,284.55,284.55,284.55
1999-03-24,284.55,284.05,284.05,284.05
1999-03-25,283.85,283.45,283.45,283.45
1999-03-26,283.25,279.75,279.75,279.75
1999-03-29,279.9,280.35,280.35,280.35
1999-03-30,280.25,279.25,279.25,279.25
1999-03-31,279.25,280.05,280.05,280.05
1999-04-01,280.1,280.45,280.45,280.45
1999-04-02,279.75,279.25,279.25,279.25
1999-04-05,279.3,278.45,278.45,278.45
1999-04-06,278.35,280.0,280.0,280.0
1999-04-07,280.05,280.35,280.35,280.35
1999-04-08,280.25,280.65,280.65,280.65
1999-04-09,280.55,281.55,281.55,281.55
1999-04-12,281.55,282.85,282.85,282.85
1999-04-13,282.5,283.35,283.35,283.35
1999-04-14,283.55,281.45,281.45,281.45
1999-04-15,282.25,284.0,284.0,284.0
1999-04-16,283.95,283.85,283.85,283.85
1999-04-19,283.25,284.55,284.55,284.55
1999-04-20,284.55,284.35,284.35,284.35
1999-04-21,284.35,283.85,283.85,283.85
1999-04-22,283.75,283.55,283.55,283.55
1999-04-23,283.55,283.55,283.55,283.55
1999-04-26,283.45,281.25,281.25,281.25
1999-04-27,281.15,282.0,282.0,282.0
1999-04-28,281.95,282.75,282.75,282.75
1999-04-29,282.9,286.05,286.05,286.05
1999-04-30,285.75,286.65,286.65,286.65
1999-05-03,286.25,286.35,286.35,286.35
1999-05-04,286.45,285.55,285.55,285.55
1999-05-05,285.75,287.35,287.35,287.35
1999-05-06,287.05,289.35,289.35,289.35
1999-05-07,289.05,282.75,282.75,282.75
1999-05-10,282.35,278.05,278.05,278.05
1999-05-11,278.25,278.25,278.25,278.25
1999-05-12,278.05,277.05,277.05,277.05
1999-05-13,277.15,277.75,277.75,277.75
1999-05-14,277.65,275.95,275.95,275.95
1999-05-17,275.9,274.45,274.45,274.45
1999-05-18,275.65,274.05,274.05,274.05
1999-05-19,273.85,273.15,273.15,273.15
1999-05-20,273.25,274.45,274.45,274.45
1999-05-21,274.45,273.0,273.0,273.0
1999-05-24,273.05,272.45,272.45,272.45
1999-05-25,272.95,270.55,270.55,270.55
1999-05-26,270.6,269.15,269.15,269.15
1999-05-27,269.1,270.5,270.5,270.5
1999-05-28,270.45,270.25,270.25,270.25
1999-05-31,270.2,270.35,270.35,270.35
1999-06-01,270.05,267.65,267.65,267.65
1999-06-02,267.7,265.4,265.4,265.4
1999-06-03,265.25,265.75,265.75,265.75
1999-06-04,266.15,265.35,265.35,265.35
1999-06-07,265.45,265.65,265.65,265.65
1999-06-08,265.45,262.25,262.25,262.25
1999-06-09,262.25,259.35,259.35,259.35
1999-06-10,259.2,258.45,258.45,258.45
1999-06-11,258.05,260.65,260.65,260.65
1999-06-14,260.15,260.5,260.5,260.5
1999-06-15,260.5,259.15,259.15,259.15
1999-06-16,258.9,258.4,258.4,258.4
1999-06-17,258.5,258.45,258.45,258.45
1999-06-18,258.35,259.55,259.55,259.55
1999-06-21,259.1,259.0,259.0,259.0
1999-06-22,258.95,258.35,258.35,258.35
1999-06-23,258.15,260.65,260.65,260.65
1999-06-24,260.75,260.95,260.95,260.95
1999-06-25,260.9,259.65,259.65,259.65
1999-06-28,259.5,260.55,260.55,260.55
1999-06-29,260.55,260.75,260.75,260.75
1999-06-30,260.75,262.5,262.5,262.5
1999-07-01,262.5,263.45,263.45,263.45
1999-07-02,263.35,263.25,263.25,263.25
1999-07-05,263.2,262.1,262.1,262.1
1999-07-06,262.25,257.25,257.25,257.25
1999-07-07,257.15,257.15,257.15,257.15
1999-07-08,257.15,256.5,256.5,256.5
1999-07-09,256.6,257.05,257.05,257.05
1999-07-12,257.15,255.65,255.65,255.65
1999-07-13,255.55,255.85,255.85,255.85
1999-07-14,255.95,254.0,254.0,254.0
1999-07-15,253.7,254.05,254.05,254.05
1999-07-16,254.05,253.75,253.75,253.75
1999-07-19,254.0,253.25,253.25,253.25
1999-07-20,253.3,253.35,253.35,253.35
1999-07-21,253.35,255.15,255.15,255.15
1999-07-22,255.65,255.95,255.95,255.95
1999-07-23,255.35,254.75,254.75,254.75
1999-07-26,254.5,253.75,253.75,253.75
1999-07-27,253.85,254.05,254.05,254.05
1999-07-28,254.05,254.15,254.15,254.15
1999-07-29,254.25,256.75,256.75,256.75
1999-07-30,256.65,255.95,255.95,255.95
1999-08-02,255.95,255.15,255.15,255.15
1999-08-03,255.05,256.05,256.05,256.05
1999-08-04,256.25,256.15,256.15,256.15
1999-08-05,256.25,255.75,255.75,255.75
1999-08-06,255.35,256.25,256.25,256.25
1999-08-09,256.15,257.25,257.25,257.25
1999-08-10,257.35,257.55,257.55,257.55
1999-08-11,257.7,258.95,258.95,258.95
1999-08-12,259.4,260.75,260.75,260.75
1999-08-13,260.75,260.65,260.65,260.65
1999-08-16,260.45,260.05,260.05,260.05
1999-08-17,259.95,261.55,261.55,261.55
1999-08-18,261.4,259.65,259.65,259.65
1999-08-19,259.6,258.5,258.5,258.5
1999-08-20,258.5,257.4,257.4,257.4
1999-08-23,257.85,254.25,254.25,254.25
1999-08-24,254.25,253.25,253.25,253.25
1999-08-25,253.25,252.55,252.55,252.55
1999-08-26,252.35,252.75,252.75,252.75
1999-08-27,252.85,253.75,253.75,253.75
1999-08-30,253.55,253.95,253.95,253.95
1999-08-31,254.25,255.55,255.55,255.55
1999-09-01,255.8,253.85,253.85,253.85
1999-09-02,254.05,255.45,255.45,255.45
1999-09-03,255.3,254.25,254.25,254.25
1999-09-06,254.4,254.7,254.7,254.7
1999-09-07,254.75,255.95,255.95,255.95
1999-09-08,255.85,256.15,256.15,256.15
1999-09-09,256.0,257.25,257.25,257.25
1999-09-10,257.25,256.55,256.55,256.55
1999-09-13,256.4,256.45,256.45,256.45
1999-09-14,256.7,257.4,257.4,257.4
1999-09-15,257.4,256.75,256.75,256.75
1999-09-16,256.85,256.05,256.05,256.05
1999-09-17,256.25,255.2,255.2,255.2
1999-09-20,255.05,255.0,255.0,255.0
1999-09-21,254.95,260.65,260.65,260.65
1999-09-22,260.65,264.25,264.25,264.25
1999-09-23,264.1,266.25,266.25,266.25
1999-09-24,265.95,268.75,268.75,268.75
1999-09-27,272.88,282.62,282.62,282.62
1999-09-28,283.05,309.05,309.05,309.05
1999-09-29,309.0,302.5,302.5,302.5
1999-09-30,302.0,299.5,299.5,299.5
1999-10-01,299.0,305.3,305.3,305.3
1999-10-04,305.5,318.5,318.5,318.5
1999-10-05,320.5,327.5,327.5,327.5
1999-10-06,326.5,326.0,326.0,326.0
1999-10-07,326.0,323.3,323.3,323.3
1999-10-08,324.5,320.5,320.5,320.5
1999-10-11,320.0,319.0,319.0,319.0
1999-10-12,320.0,317.5,317.5,317.5
1999-10-13,318.0,321.75,321.75,321.75
1999-10-14,322.25,313.5,313.5,313.5
1999-10-15,313.75,315.4,315.4,315.4
1999-10-18,315.25,311.5,311.5,311.5
1999-10-19,310.75,308.5,308.5,308.5
1999-10-20,308.0,305.35,305.35,305.35
1999-10-21,306.5,304.5,304.5,304.5
1999-10-22,305.25,302.9,302.9,302.9
1999-10-25,301.8,298.5,298.5,298.5
1999-10-26,298.6,289.0,289.0,289.0
1999-10-27,289.5,293.85,293.85,293.85
1999-10-28,295.0,299.0,299.0,299.0
1999-10-29,300.0,299.3,299.3,299.3
1999-11-01,297.5,290.5,290.5,290.5
1999-11-02,290.05,291.0,291.0,291.0
1999-11-03,291.5,291.5,291.5,291.5
1999-11-04,291.75,292.5,292.5,292.5
1999-11-05,292.75,290.5,290.5,290.5
1999-11-08,290.25,289.75,289.75,289.75
1999-11-09,290.0,292.5,292.5,292.5
1999-11-10,292.25,298.3,298.3,298.3
1999-11-11,298.5,294.2,294.2,294.2
1999-11-12,293.75,291.3,291.3,291.3
1999-11-15,292.0,291.5,291.5,291.5
1999-11-16,291.5,294.5,294.5,294.5
1999-11-17,294.12,294.38,294.38,294.38
1999-11-18,294.6,294.25,294.25,294.25
1999-11-19,294.0,295.0,295.0,295.0
1999-11-22,294.4,294.5,294.5,294.5
1999-11-23,294.88,298.12,298.12,298.12
1999-11-24,298.3,298.9,298.9,298.9
1999-11-25,298.38,298.38,298.38,298.38
1999-11-26,297.5,298.0,298.0,298.0
1999-11-29,297.5,291.2,291.2,291.2
1999-11-30,291.12,290.88,290.88,290.88
1999-12-01,290.7,289.5,289.5,289.5
1999-12-02,289.6,285.0,285.0,285.0
1999-12-03,285.2,280.1,280.1,280.1
1999-12-06,280.2,276.4,276.4,276.4
1999-12-07,277.0,283.3,283.3,283.3
1999-12-08,283.75,282.25,282.25,282.25
1999-12-09,282.55,278.25,278.25,278.25
1999-12-10,278.25,279.05,279.05,279.05
1999-12-13,279.5,280.1,280.1,280.1
1999-12-14,280.25,279.95,279.95,279.95
1999-12-15,280.15,282.75,282.75,282.75
1999-12-16,282.65,281.95,281.95,281.95
1999-12-17,282.2,283.8,283.8,283.8
1999-12-20,283.7,284.25,284.25,284.25
1999-12-21,284.5,287.25,287.25,287.25
1999-12-22,287.5,287.05,287.05,287.05
1999-12-23,287.0,286.95,286.95,286.95
1999-12-24,286.75,287.75,287.75,287.75
1999-12-27,287.75,288.0,288.0,288.0
1999-12-28,288.0,289.8,289.8,289.8
1999-12-29,290.25,290.7,290.7,290.7
1999-12-30,291.1,288.3,288.3,288.3
1999-12-31,288.5,288.25,288.25,288.25
2000-01-03,288.5,289.0,289.0,289.0
2000-01-04,288.75,282.45,282.45,282.45
2000-01-05,281.5,281.0,281.0,281.0
2000-01-06,280.12,281.23,281.23,281.23
2000-01-07,281.15,281.75,281.75,281.75
2000-01-10,281.88,281.48,281.48,281.48
2000-01-11,281.48,283.38,283.38,283.38
2000-01-12,283.27,282.48,282.48,282.48
2000-01-13,282.6,284.25,284.25,284.25
2000-01-14,284.2,284.0,284.0,284.0
2000-01-17,284.1,285.55,285.55,285.55
2000-01-18,285.55,288.65,288.65,288.65
2000-01-19,288.77,289.52,289.52,289.52
2000-01-20,289.62,288.62,288.62,288.62
2000-01-21,288.6,289.1,289.1,289.1
2000-01-24,289.05,287.7,287.7,287.7
2000-01-25,287.6,285.85,285.85,285.85
2000-01-26,285.95,285.95,285.95,285.95
2000-01-27,286.2,286.9,286.9,286.9
2000-01-28,286.7,282.75,282.75,282.75
2000-01-31,283.32,283.23,283.23,283.23
2000-02-01,283.27,282.62,282.62,282.62
2000-02-02,282.88,284.88,284.88,284.88
2000-02-03,285.0,287.4,287.4,287.4
2000-02-04,287.75,315.2,315.2,315.2
2000-02-07,310.0,301.8,301.8,301.8
2000-02-08,302.25,299.0,299.0,299.0
2000-02-09,301.25,306.25,306.25,306.25
2000-02-10,305.5,316.95,316.95,316.95
2000-02-11,316.0,311.2,311.2,311.2
2000-02-14,311.0,308.0,308.0,308.0
2000-02-15,308.4,302.0,302.0,302.0
2000-02-16,301.5,302.5,302.5,302.5
2000-02-17,302.5,301.25,301.25,301.25
2000-02-18,300.75,304.8,304.8,304.8
2000-02-21,304.5,305.5,305.5,305.5
2000-02-22,305.5,305.25,305.25,305.25
2000-02-23,305.1,300.1,300.1,300.1
2000-02-24,300.25,298.6,298.6,298.6
2000-02-25,298.5,292.6,292.6,292.6
2000-02-28,292.75,292.25,292.25,292.25
2000-02-29,291.88,292.12,292.12,292.12
2000-03-01,292.25,291.25,291.25,291.25
2000-03-02,290.0,288.2,288.2,288.2
2000-03-03,288.0,288.8,288.8,288.8
2000-03-06,289.0,287.9,287.9,287.9
2000-03-07,288.0,292.1,292.1,292.1
2000-03-08,292.4,288.6,288.6,288.6
2000-03-09,288.25,291.25,291.25,291.25
2000-03-10,291.5,289.0,289.0,289.0
2000-03-13,288.88,290.38,290.38,290.38
2000-03-14,290.62,288.88,288.88,288.88
2000-03-15,288.88,288.88,288.88,288.88
2000-03-16,289.0,286.5,286.5,286.5
2000-03-17,286.0,284.5,284.5,284.5
2000-03-20,283.68,285.88,285.88,285.88
2000-03-21,286.23,289.88,289.88,289.88
2000-03-22,289.75,288.0,288.0,288.0
2000-03-23,288.1,285.5,285.5,285.5
2000-03-24,285.1,284.9,284.9,284.9
2000-03-27,285.15,280.2,280.2,280.2
2000-03-28,280.35,279.35,279.35,279.35
2000-03-29,279.55,276.25,276.25,276.25
2000-03-30,276.15,276.5,276.5,276.5
2000-03-31,276.75,278.95,278.95,278.95
2000-04-03,278.75,278.15,278.15,278.15
2000-04-04,278.5,284.8,284.8,284.8
2000-04-05,284.5,281.5,281.5,281.5
2000-04-06,281.6,280.5,280.5,280.5
2000-04-07,280.25,280.2,280.2,280.2
2000-04-10,279.95,281.75,281.75,281.75
2000-04-11,281.62,281.62,281.62,281.62
2000-04-12,281.7,282.25,282.25,282.25
2000-04-13,282.05,281.8,281.8,281.8
2000-04-14,281.75,283.0,283.0,283.0
2000-04-17,283.77,281.38,281.38,281.38
2000-04-18,280.62,281.12,281.12,281.12
2000-04-19,281.27,280.77,280.77,280.77
2000-04-20,280.75,279.75,279.75,279.75
2000-04-21,280.0,280.0,280.0,280.0
2000-04-24,280.0,279.8,279.8,279.8
2000-04-25,279.75,278.25,278.25,278.25
2000-04-26,278.15,275.65,275.65,275.65
2000-04-27,275.85,277.05,277.05,277.05
2000-04-28,277.1,273.5,273.5,273.5
2000-05-01,273.88,273.62,273.62,273.62
2000-05-02,273.75,275.75,275.75,275.75
2000-05-03,275.88,278.38,278.38,278.38
2000-05-04,278.88,280.12,280.12,280.12
2000-05-05,280.45,278.95,278.95,278.95
2000-05-08,279.02,276.62,276.62,276.62
2000-05-09,276.45,277.25,277.25,277.25
2000-05-10,277.25,277.75,277.75,277.75
2000-05-11,277.6,275.95,275.95,275.95
2000-05-12,276.0,276.15,276.15,276.15
2000-05-15,276.45,275.65,275.65,275.65
2000-05-16,275.65,275.55,275.55,275.55
2000-05-17,275.5,273.35,273.35,273.35
2000-05-18,273.5,273.35,273.35,273.35
2000-05-19,273.4,274.25,274.25,274.25
2000-05-22,274.1,275.75,275.75,275.75
2000-05-23,275.4,274.35,274.35,274.35
2000-05-24,274.1,273.55,273.55,273.55
2000-05-25,273.45,270.25,270.25,270.25
2000-05-26,270.0,272.05,272.05,272.05
2000-05-29,272.25,272.15,272.15,272.15
2000-05-30,273.25,272.95,272.95,272.95
2000-05-31,272.95,272.15,272.15,272.15
2000-06-01,272.0,272.8,272.8,272.8
2000-06-02,272.98,281.38,281.38,281.38
2000-06-05,280.38,285.48,285.48,285.48
2000-06-06,285.7,289.3,289.3,289.3
2000-06-07,289.25,287.25,287.25,287.25
2000-06-08,286.75,284.45,284.45,284.45
2000-06-09,284.35,283.85,283.85,283.85
2000-06-12,283.85,286.75,286.75,286.75
2000-06-13,286.5,285.75,285.75,285.75
2000-06-14,286.15,291.75,291.75,291.75
2000-06-15,292.45,289.85,289.85,289.85
2000-06-16,289.55,289.25,289.25,289.25
2000-06-19,288.4,286.25,286.25,286.25
2000-06-20,286.15,286.2,286.2,286.2
2000-06-21,286.35,286.2,286.2,286.2
2000-06-22,286.25,285.65,285.65,285.65
2000-06-23,285.6,283.2,283.2,283.2
2000-06-26,282.9,284.0,284.0,284.0
2000-06-27,284.45,286.05,286.05,286.05
2000-06-28,286.05,292.8,292.8,292.8
2000-06-29,291.75,289.15,289.15,289.15
2000-06-30,289.25,290.1,290.1,290.1
2000-07-03,289.65,287.9,287.9,287.9
2000-07-04,287.8,286.75,286.75,286.75
2000-07-05,286.85,284.15,284.15,284.15
2000-07-06,283.85,283.5,283.5,283.5
2000-07-07,283.6,283.65,283.65,283.65
2000-07-10,283.6,283.95,283.95,283.95
2000-07-11,284.05,282.5,282.5,282.5
2000-07-12,282.65,280.75,280.75,280.75
2000-07-13,280.65,280.25,280.25,280.25
2000-07-14,280.55,281.35,281.35,281.35
2000-07-17,281.15,283.55,283.55,283.55
2000-07-18,283.55,282.65,282.65,282.65
2000-07-19,282.6,279.15,279.15,279.15
2000-07-20,279.05,280.25,280.25,280.25
2000-07-21,280.5,280.35,280.35,280.35
2000-07-24,280.05,279.25,279.25,279.25
2000-07-25,279.25,279.15,279.15,279.15
2000-07-26,279.3,279.75,279.75,279.75
2000-07-27,279.95,278.5,278.5,278.5
2000-07-28,278.55,278.4,278.4,278.4
2000-07-31,278.15,277.25,277.25,277.25
2000-08-01,277.55,277.35,277.35,277.35
2000-08-02,277.5,277.55,277.55,277.55
2000-08-03,277.4,274.0,274.0,274.0
2000-08-04,274.05,273.25,273.25,273.25
2000-08-07,272.75,273.75,273.75,273.75
2000-08-08,273.85,273.25,273.25,273.25
2000-08-09,273.75,272.85,272.85,272.85
2000-08-10,272.25,272.75,272.75,272.75
2000-08-11,272.7,275.15,275.15,275.15
2000-08-14,275.1,274.75,274.75,274.75
2000-08-15,274.75,274.65,274.65,274.65
2000-08-16,274.7,277.2,277.2,277.2
2000-08-17,277.75,277.6,277.6,277.6
2000-08-18,277.35,276.65,276.65,276.65
2000-08-21,276.7,275.25,275.25,275.25
2000-08-22,274.25,273.75,273.75,273.75
2000-08-23,273.55,271.25,271.25,271.25
2000-08-24,270.25,272.95,272.95,272.95
2000-08-25,272.95,274.25,274.25,274.25
2000-08-28,274.15,274.1,274.1,274.1
2000-08-29,273.85,273.45,273.45,273.45
2000-08-30,273.25,274.25,274.25,274.25
2000-08-31,274.15,277.75,277.75,277.75
2000-09-01,277.9,276.85,276.85,276.85
2000-09-04,276.95,277.0,277.0,277.0
2000-09-05,276.95,275.55,275.55,275.55
2000-09-06,275.7,274.45,274.45,274.45
2000-09-07,274.55,273.8,273.8,273.8
2000-09-08,273.85,273.05,273.05,273.05
2000-09-11,272.95,273.45,273.45,273.45
2000-09-12,273.2,273.05,273.05,273.05
2000-09-13,274.05,272.8,272.8,272.8
2000-09-14,272.35,272.45,272.45,272.45
2000-09-15,272.75,272.55,272.55,272.55
2000-09-18,272.55,271.8,271.8,271.8
2000-09-19,272.0,272.25,272.25,272.25
2000-09-20,272.15,269.45,269.45,269.45
2000-09-21,269.55,270.75,270.75,270.75
2000-09-22,271.05,272.15,272.15,272.15
2000-09-25,272.05,274.3,274.3,274.3
2000-09-26,274.55,274.35,274.35,274.35
2000-09-27,274.45,278.6,278.6,278.6
2000-09-28,278.5,275.55,275.55,275.55
2000-09-29,275.25,274.25,274.25,274.25
2000-10-02,274.25,273.4,273.4,273.4
2000-10-03,273.35,272.25,272.25,272.25
2000-10-04,272.0,270.75,270.75,270.75
2000-10-05,270.85,270.35,270.35,270.35
2000-10-06,269.75,269.65,269.65,269.65
2000-10-09,269.95,270.6,270.6,270.6
2000-10-10,270.6,272.75,272.75,272.75
2000-10-11,273.1,271.25,271.25,271.25
2000-10-12,270.95,276.65,276.65,276.65
2000-10-13,276.35,272.65,272.65,272.65
2000-10-16,272.45,272.05,272.05,272.05
2000-10-17,272.05,271.25,271.25,271.25
2000-10-18,271.6,270.65,270.65,270.65
2000-10-19,270.75,270.85,270.85,270.85
2000-10-20,271.1,271.5,271.5,271.5
2000-10-23,271.3,270.35,270.35,270.35
2000-10-24,270.4,270.3,270.3,270.3
2000-10-25,270.4,266.75,266.75,266.75
2000-10-26,266.8,265.35,265.35,265.35
2000-10-27,265.35,264.55,264.55,264.55
2000-10-30,264.75,264.85,264.85,264.85
2000-10-31,264.6,265.05,265.05,265.05
2000-11-01,265.1,264.3,264.3,264.3
2000-11-02,264.65,264.65,264.65,264.65
2000-11-03,264.8,265.2,265.2,265.2
2000-11-06,265.2,265.0,265.0,265.0
2000-11-07,265.15,264.4,264.4,264.4
2000-11-08,264.65,265.15,265.15,265.15
2000-11-09,265.05,265.75,265.75,265.75
2000-11-10,265.95,264.65,264.65,264.65
2000-11-13,264.75,264.45,264.45,264.45
2000-11-14,264.55,264.65,264.65,264.65
2000-11-15,264.6,265.25,265.25,265.25
2000-11-16,264.85,265.85,265.85,265.85
2000-11-17,265.85,265.8,265.8,265.8
2000-11-20,266.25,266.35,266.35,266.35
2000-11-21,266.45,265.85,265.85,265.85
2000-11-22,265.85,266.65,266.65,266.65
2000-11-23,267.25,266.0,266.0,266.0
2000-11-24,266.05,265.95,265.95,265.95
2000-11-27,265.75,270.05,270.05,270.05
2000-11-28,270.0,269.5,269.5,269.5
2000-11-29,269.6,266.95,266.95,266.95
2000-11-30,266.9,270.35,270.35,270.35
2000-12-01,270.45,269.4,269.4,269.4
2000-12-04,269.75,271.15,271.15,271.15
2000-12-05,270.9,270.35,270.35,270.35
2000-12-06,270.6,274.95,274.95,274.95
2000-12-07,274.75,273.75,273.75,273.75
2000-12-08,273.75,272.75,272.75,272.75
2000-12-11,272.75,270.55,270.55,270.55
2000-12-12,270.65,271.35,271.35,271.35
2000-12-13,270.95,269.2,269.2,269.2
2000-12-14,269.25,269.75,269.75,269.75
2000-12-15,270.05,270.9,270.9,270.9
2000-12-18,271.0,270.25,270.25,270.25
2000-12-19,270.25,270.25,270.25,270.25
2000-12-20,270.5,273.65,273.65,273.65
2000-12-21,273.45,274.25,274.25,274.25
2000-12-22,274.25,273.95,273.95,273.95
2000-12-25,274.0,274.05,274.05,274.05
2000-12-26,273.4,274.45,274.45,274.45
2000-12-27,274.55,275.55,275.55,275.55
2000-12-28,275.25,272.55,272.55,272.55
2000-12-29,272.45,272.4,272.4,272.4
2001-01-02,272.75,268.85,268.85,268.85
2001-01-03,269.25,268.65,268.65,268.65
2001-01-04,268.05,267.55,267.55,267.55
2001-01-05,267.45,268.1,268.1,268.1
2001-01-08,268.35,268.45,268.45,268.45
2001-01-09,268.55,267.85,267.85,267.85
2001-01-10,267.55,264.8,264.8,264.8
2001-01-11,264.9,264.15,264.15,264.15
2001-01-12,264.3,264.25,264.25,264.25
2001-01-15,264.5,263.65,263.65,263.65
2001-01-16,263.65,263.55,263.55,263.55
2001-01-17,263.75,263.7,263.7,263.7
2001-01-18,263.8,265.05,265.05,265.05
2001-01-19,264.8,264.85,264.85,264.85
2001-01-22,265.55,266.95,266.95,266.95
2001-01-23,267.5,266.55,266.55,266.55
2001-01-24,266.55,264.95,264.95,264.95
2001-01-25,264.95,264.95,264.95,264.95
2001-01-26,265.0,263.05,263.05,263.05
2001-01-29,263.55,263.15,263.15,263.15
2001-01-30,263.15,265.85,265.85,265.85
2001-01-31,266.0,265.85,265.85,265.85
2001-02-01,266.15,268.65,268.65,268.65
2001-02-02,268.35,267.5,267.5,267.5
2001-02-05,267.15,265.55,265.55,265.55
2001-02-06,265.45,263.65,263.65,263.65
2001-02-07,263.75,263.35,263.35,263.35
2001-02-08,263.4,260.9,260.9,260.9
2001-02-09,260.85,260.65,260.65,260.65
2001-02-12,261.35,261.35,261.35,261.35
2001-02-13,261.45,260.95,260.95,260.95
2001-02-14,260.65,259.9,259.9,259.9
2001-02-15,259.75,256.05,256.05,256.05
2001-02-16,255.95,258.95,258.95,258.95
2001-02-19,258.75,259.65,259.65,259.65
2001-02-20,259.65,256.25,256.25,256.25
2001-02-21,256.45,258.55,258.55,258.55
2001-02-22,258.75,259.05,259.05,259.05
2001-02-23,258.7,261.5,261.5,261.5
2001-02-26,261.75,266.85,266.85,266.85
2001-02-27,267.0,268.25,268.25,268.25
2001-02-28,268.05,267.25,267.25,267.25
2001-03-01,267.15,265.65,265.65,265.65
2001-03-02,265.05,262.75,262.75,262.75
2001-03-05,262.65,263.15,263.15,263.15
2001-03-06,263.1,260.75,260.75,260.75
2001-03-07,260.65,262.35,262.35,262.35
2001-03-08,262.45,266.45,266.45,266.45
2001-03-09,267.38,272.38,272.38,272.38
2001-03-12,272.2,272.55,272.55,272.55
2001-03-13,272.65,267.75,267.75,267.75
2001-03-14,268.65,263.05,263.05,263.05
2001-03-15,263.85,260.65,260.65,260.65
2001-03-16,260.85,258.75,258.75,258.75
2001-03-19,258.8,260.65,260.65,260.65
2001-03-20,260.85,261.65,261.65,261.65
2001-03-21,262.05,263.05,263.05,263.05
2001-03-22,263.15,261.95,261.95,261.95
2001-03-23,262.25,262.35,262.35,262.35
2001-03-26,262.15,262.65,262.65,262.65
2001-03-27,262.45,261.45,261.45,261.45
2001-03-28,260.9,260.05,260.05,260.05
2001-03-29,260.2,259.05,259.05,259.05
2001-03-30,259.15,257.95,257.95,257.95
2001-04-02,257.75,255.55,255.55,255.55
2001-04-03,255.7,257.05,257.05,257.05
2001-04-04,257.35,258.75,258.75,258.75
2001-04-05,259.0,258.55,258.55,258.55
2001-04-06,258.5,259.9,259.9,259.9
2001-04-09,260.05,258.5,258.5,258.5
2001-04-10,258.05,257.55,257.55,257.55
2001-04-11,257.75,258.75,258.75,258.75
2001-04-12,258.85,260.15,260.15,260.15
2001-04-13,260.0,260.15,260.15,260.15
2001-04-16,260.0,263.4,263.4,263.4
2001-04-17,262.85,261.0,261.0,261.0
2001-04-18,261.0,261.25,261.25,261.25
2001-04-19,261.15,265.5,265.5,265.5
2001-04-20,265.25,264.65,264.65,264.65
2001-04-23,264.25,263.5,263.5,263.5
2001-04-24,263.4,264.3,264.3,264.3
2001-04-25,264.25,262.35,262.35,262.35
2001-04-26,262.6,264.15,264.15,264.15
2001-04-27,264.25,264.05,264.05,264.05
2001-04-30,263.9,264.05,264.05,264.05
2001-05-01,263.85,264.35,264.35,264.35
2001-05-02,264.4,265.35,265.35,265.35
2001-05-03,265.25,266.15,266.15,266.15
2001-05-04,266.0,266.15,266.15,266.15
2001-05-07,266.05,266.1,266.1,266.1
2001-05-08,266.0,264.95,264.95,264.95
2001-05-09,265.05,269.9,269.9,269.9
2001-05-10,269.75,269.0,269.0,269.0
2001-05-11,269.05,268.05,268.05,268.05
2001-05-14,268.05,268.5,268.5,268.5
2001-05-15,268.45,268.4,268.4,268.4
2001-05-16,268.5,272.2,272.2,272.2
2001-05-17,272.05,273.55,273.55,273.55
2001-05-18,273.6,286.35,286.35,286.35
2001-05-21,286.5,285.65,285.65,285.65
2001-05-22,285.5,285.25,285.25,285.25
2001-05-23,285.5,283.75,283.75,283.75
2001-05-24,283.6,279.25,279.25,279.25
2001-05-25,279.25,277.9,277.9,277.9
2001-05-28,277.75,277.9,277.9,277.9
2001-05-29,277.8,273.9,273.9,273.9
2001-05-30,273.9,266.1,266.1,266.1
2001-05-31,266.5,266.05,266.05,266.05
2001-06-01,265.9,267.0,267.0,267.0
2001-06-04,266.95,265.55,265.55,265.55
2001-06-05,265.85,266.35,266.35,266.35
2001-06-06,266.35,266.25,266.25,266.25
2001-06-07,266.55,266.35,266.35,266.35
2001-06-08,266.6,273.5,273.5,273.5
2001-06-11,273.75,268.0,268.0,268.0
2001-06-12,268.15,271.85,271.85,271.85
2001-06-13,271.85,272.65,272.65,272.65
2001-06-14,272.65,275.75,275.75,275.75
2001-06-15,275.65,271.15,271.15,271.15
2001-06-18,271.6,273.05,273.05,273.05
2001-06-19,272.45,273.65,273.65,273.65
2001-06-20,273.55,272.65,272.65,272.65
2001-06-21,272.55,272.85,272.85,272.85
2001-06-22,272.5,272.6,272.6,272.6
2001-06-25,272.55,274.0,274.0,274.0
2001-06-26,273.85,276.25,276.25,276.25
2001-06-27,276.25,272.25,272.25,272.25
2001-06-28,272.55,269.35,269.35,269.35
2001-06-29,269.4,270.85,270.85,270.85
2001-07-02,270.8,269.35,269.35,269.35
2001-07-03,269.55,267.95,267.95,267.95
2001-07-04,267.85,267.95,267.95,267.95
2001-07-05,267.75,265.35,265.35,265.35
2001-07-06,265.55,266.25,266.25,266.25
2001-07-09,266.45,266.65,266.65,266.65
2001-07-10,266.65,266.35,266.35,266.35
2001-07-11,266.4,268.75,268.75,268.75
2001-07-12,268.25,266.85,266.85,266.85
2001-07-13,266.75,267.35,267.35,267.35
2001-07-16,267.3,267.15,267.15,267.15
2001-07-17,267.25,268.45,268.45,268.45
2001-07-18,268.4,270.75,270.75,270.75
2001-07-19,270.45,269.45,269.45,269.45
2001-07-20,269.25,270.15,270.15,270.15
2001-07-23,270.0,268.85,268.85,268.85
2001-07-24,269.0,269.75,269.75,269.75
2001-07-25,269.75,267.95,267.95,267.95
2001-07-26,267.75,266.65,266.65,266.65
2001-07-27,266.75,267.85,267.85,267.85
2001-07-30,267.85,265.25,265.25,265.25
2001-07-31,265.35,266.85,266.85,266.85
2001-08-01,266.55,267.55,267.55,267.55
2001-08-02,267.75,267.75,267.75,267.75
2001-08-03,267.85,268.45,268.45,268.45
2001-08-06,268.45,267.75,267.75,267.75
2001-08-07,267.65,267.65,267.65,267.65
2001-08-08,267.45,268.35,268.35,268.35
2001-08-09,268.45,273.55,273.55,273.55
2001-08-10,273.25,274.25,274.25,274.25
2001-08-13,274.0,276.05,276.05,276.05
2001-08-14,275.75,276.45,276.45,276.45
2001-08-15,276.35,276.05,276.05,276.05
2001-08-16,275.95,275.35,275.35,275.35
2001-08-17,274.95,279.25,279.25,279.25
2001-08-20,278.75,276.15,276.15,276.15
2001-08-21,276.25,275.05,275.05,275.05
2001-08-22,275.25,274.55,274.55,274.55
2001-08-23,274.55,275.55,275.55,275.55
2001-08-24,275.35,272.85,272.85,272.85
2001-08-27,272.75,272.85,272.85,272.85
2001-08-28,272.75,272.25,272.25,272.25
2001-08-29,272.55,273.75,273.75,273.75
2001-08-30,273.55,275.25,275.25,275.25
2001-08-31,275.25,274.45,274.45,274.45
2001-09-03,274.25,273.5,273.5,273.5
2001-09-04,273.4,272.15,272.15,272.15
2001-09-05,272.05,272.0,272.0,272.0
2001-09-06,271.85,272.9,272.9,272.9
2001-09-07,272.9,273.15,273.15,273.15
2001-09-10,273.15,271.75,271.75,271.75
2001-09-11,273.65,288.5,288.5,288.5
2001-09-12,291.5,279.5,279.5,279.5
2001-09-13,278.0,282.0,282.0,282.0
2001-09-14,281.0,286.3,286.3,286.3
2001-09-17,290.75,289.95,289.95,289.95
2001-09-18,289.5,288.0,288.0,288.0
2001-09-19,288.0,290.65,290.65,290.65
2001-09-20,290.25,288.65,288.65,288.65
2001-09-21,289.0,291.7,291.7,291.7
2001-09-24,291.25,289.5,289.5,289.5
2001-09-25,289.5,289.75,289.75,289.75
2001-09-26,289.0,293.0,293.0,293.0
2001-09-27,292.65,291.8,291.8,291.8
2001-09-28,291.5,292.95,292.95,292.95
2001-10-01,291.95,291.95,291.95,291.95
2001-10-02,292.15,289.7,289.7,289.7
2001-10-03,290.0,289.7,289.7,289.7
2001-10-04,289.25,290.1,290.1,290.1
2001-10-05,290.25,291.25,291.25,291.25
2001-10-08,292.75,292.15,292.15,292.15
2001-10-09,292.0,288.25,288.25,288.25
2001-10-10,289.0,285.1,285.1,285.1
2001-10-11,285.5,281.5,281.5,281.5
2001-10-12,282.55,284.7,284.7,284.7
2001-10-15,284.35,281.55,281.55,281.55
2001-10-16,281.75,281.45,281.45,281.45
2001-10-17,281.65,282.55,282.55,282.55
2001-10-18,283.02,279.57,279.57,279.57
2001-10-19,279.38,279.77,279.77,279.77
2001-10-22,279.4,275.6,275.6,275.6
2001-10-23,275.75,275.95,275.95,275.95
2001-10-24,276.1,275.5,275.5,275.5
2001-10-25,275.85,277.25,277.25,277.25
2001-10-26,276.8,277.4,277.4,277.4
2001-10-29,277.55,278.9,278.9,278.9
2001-10-30,279.15,280.35,280.35,280.35
2001-10-31,280.5,279.65,279.65,279.65
2001-11-01,279.55,279.95,279.95,279.95
2001-11-02,279.95,279.95,279.95,279.95
2001-11-05,280.25,278.85,278.85,278.85
2001-11-06,278.95,279.9,279.9,279.9
2001-11-07,280.75,280.45,280.45,280.45
2001-11-08,280.75,277.65,277.65,277.65
2001-11-09,276.65,277.45,277.45,277.45
2001-11-12,277.65,278.25,278.25,278.25
2001-11-13,278.25,277.75,277.75,277.75
2001-11-14,277.55,277.35,277.35,277.35
2001-11-15,277.35,275.15,275.15,275.15
2001-11-16,275.25,274.85,274.85,274.85
2001-11-19,274.85,273.0,273.0,273.0
2001-11-20,272.85,273.3,273.3,273.3
2001-11-21,273.25,273.35,273.35,273.35
2001-11-22,273.15,272.85,272.85,272.85
2001-11-23,272.85,272.9,272.9,272.9
2001-11-26,273.0,273.15,273.15,273.15
2001-11-27,272.95,273.65,273.65,273.65
2001-11-28,273.65,274.35,274.35,274.35
2001-11-29,274.5,274.05,274.05,274.05
2001-11-30,274.25,274.4,274.4,274.4
2001-12-03,274.8,277.55,277.55,277.55
2001-12-04,277.25,275.75,275.75,275.75
2001-12-05,275.7,274.15,274.15,274.15
2001-12-06,274.35,274.55,274.55,274.55
2001-12-07,274.55,274.55,274.55,274.55
2001-12-10,274.45,272.75,272.75,272.75
2001-12-11,272.95,272.75,272.75,272.75
2001-12-12,273.05,274.25,274.25,274.25
2001-12-13,274.35,274.25,274.25,274.25
2001-12-14,274.5,278.45,278.45,278.45
2001-12-17,278.25,277.85,277.85,277.85
2001-12-18,278.15,280.35,280.35,280.35
2001-12-19,280.45,275.95,275.95,275.95
2001-12-20,276.15,276.15,276.15,276.15
2001-12-21,276.35,278.15,278.15,278.15
2001-12-24,277.7,278.05,278.05,278.05
2001-12-25,278.0,279.5,279.5,279.5
2001-12-26,279.1,279.25,279.25,279.25
2001-12-27,279.25,277.05,277.05,277.05
2001-12-28,277.25,276.55,276.55,276.55
2001-12-31,276.15,278.95,278.95,278.95
2002-01-02,278.85,278.85,278.85,278.85
2002-01-03,278.85,278.45,278.45,278.45
2002-01-04,278.55,278.95,278.95,278.95
2002-01-07,278.9,278.75,278.75,278.75
2002-01-08,278.85,279.05,279.05,279.05
2002-01-09,279.05,283.35,283.35,283.35
2002-01-10,283.35,286.75,286.75,286.75
2002-01-11,286.85,287.55,287.55,287.55
2002-01-14,287.35,285.35,285.35,285.35
2002-01-15,284.95,284.55,284.55,284.55
2002-01-16,284.65,287.55,287.55,287.55
2002-01-17,287.15,284.45,284.45,284.45
2002-01-18,284.0,283.55,283.55,283.55
2002-01-21,283.55,282.55,282.55,282.55
2002-01-22,282.55,281.8,281.8,281.8
2002-01-23,281.7,279.25,279.25,279.25
2002-01-24,279.25,278.8,278.8,278.8
2002-01-25,278.85,279.45,279.45,279.45
2002-01-28,279.35,279.05,279.05,279.05
2002-01-29,278.75,281.85,281.85,281.85
2002-01-30,281.95,282.05,282.05,282.05
2002-01-31,281.9,282.35,282.35,282.35
2002-02-01,282.75,286.25,286.25,286.25
2002-02-04,286.25,289.65,289.65,289.65
2002-02-05,290.05,297.75,297.75,297.75
2002-02-06,297.5,296.9,296.9,296.9
2002-02-07,296.5,300.3,300.3,300.3
2002-02-08,301.0,304.0,304.0,304.0
2002-02-11,303.6,299.7,299.7,299.7
2002-02-12,299.3,300.5,300.5,300.5
2002-02-13,300.9,299.5,299.5,299.5
2002-02-14,299.75,300.3,300.3,300.3
2002-02-15,299.7,298.1,298.1,298.1
2002-02-18,298.5,297.75,297.75,297.75
2002-02-19,298.25,293.25,293.25,293.25
2002-02-20,292.5,291.7,291.7,291.7
2002-02-21,292.0,293.0,293.0,293.0
2002-02-22,294.0,293.0,293.0,293.0
2002-02-25,291.65,292.7,292.7,292.7
2002-02-26,292.55,297.75,297.75,297.75
2002-02-27,298.0,296.4,296.4,296.4
2002-02-28,296.5,296.95,296.95,296.95
2002-03-01,296.65,298.15,298.15,298.15
2002-03-04,298.05,296.85,296.85,296.85
2002-03-05,297.07,294.07,294.07,294.07
2002-03-06,294.05,293.35,293.35,293.35
2002-03-07,293.65,290.25,290.25,290.25
2002-03-08,289.55,289.75,289.75,289.75
2002-03-11,289.6,290.8,290.8,290.8
2002-03-12,290.7,294.05,294.05,294.05
2002-03-13,294.15,293.55,293.55,293.55
2002-03-14,293.35,291.15,291.15,291.15
2002-03-15,291.25,290.05,290.05,290.05
2002-03-18,290.35,292.45,292.45,292.45
2002-03-19,292.65,293.0,293.0,293.0
2002-03-20,293.2,292.45,292.45,292.45
2002-03-21,292.35,293.15,293.15,293.15
2002-03-22,292.35,297.75,297.75,297.75
2002-03-25,297.25,298.25,298.25,298.25
2002-03-26,298.35,296.65,296.65,296.65
2002-03-27,296.75,302.15,302.15,302.15
2002-03-28,302.25,302.65,302.65,302.65
2002-03-29,302.5,302.7,302.7,302.7
2002-04-01,302.25,303.35,303.35,303.35
2002-04-02,304.05,305.85,305.85,305.85
2002-04-03,305.85,302.75,302.75,302.75
2002-04-04,302.65,301.0,301.0,301.0
2002-04-05,300.95,300.05,300.05,300.05
2002-04-08,300.15,300.35,300.35,300.35
2002-04-09,300.25,298.55,298.55,298.55
2002-04-10,298.55,301.75,301.75,301.75
2002-04-11,301.35,302.6,302.6,302.6
2002-04-12,302.4,302.15,302.15,302.15
2002-04-15,301.15,299.85,299.85,299.85
2002-04-16,299.65,298.25,298.25,298.25
2002-04-17,298.15,302.05,302.05,302.05
2002-04-18,302.25,303.65,303.65,303.65
2002-04-19,303.85,302.35,302.35,302.35
2002-04-22,302.15,302.9,302.9,302.9
2002-04-23,303.0,303.65,303.65,303.65
2002-04-24,303.55,304.05,304.05,304.05
2002-04-25,304.15,307.65,307.65,307.65
2002-04-26,307.35,311.35,311.35,311.35
2002-04-29,311.05,311.05,311.05,311.05
2002-04-30,311.55,308.35,308.35,308.35
2002-05-01,309.25,308.75,308.75,308.75
2002-05-02,308.85,307.85,307.85,307.85
2002-05-03,307.7,311.95,311.95,311.95
2002-05-06,311.5,312.7,312.7,312.7
2002-05-07,312.75,311.45,311.45,311.45
2002-05-08,311.35,308.2,308.2,308.2
2002-05-09,308.75,309.6,309.6,309.6
2002-05-10,310.25,311.05,311.05,311.05
2002-05-13,310.75,310.8,310.8,310.8
2002-05-14,310.85,307.65,307.65,307.65
2002-05-15,307.75,309.05,309.05,309.05
2002-05-16,309.05,309.9,309.9,309.9
2002-05-17,309.65,311.0,311.0,311.0
2002-05-20,310.65,315.75,315.75,315.75
2002-05-21,315.75,316.15,316.15,316.15
2002-05-22,316.2,317.9,317.9,317.9
2002-05-23,317.93,322.12,322.12,322.12
2002-05-24,321.5,320.6,320.6,320.6
2002-05-27,320.95,320.25,320.25,320.25
2002-05-28,320.3,324.35,324.35,324.35
2002-05-29,324.35,325.15,325.15,325.15
2002-05-30,325.0,325.0,325.0,325.0
2002-05-31,324.75,326.55,326.55,326.55
2002-06-03,326.55,328.1,328.1,328.1
2002-06-04,328.15,324.25,324.25,324.25
2002-06-05,324.8,321.4,321.4,321.4
2002-06-06,321.55,325.35,325.35,325.35
2002-06-07,325.85,324.0,324.0,324.0
2002-06-10,323.55,319.05,319.05,319.05
2002-06-11,318.95,321.2,321.2,321.2
2002-06-12,321.1,319.25,319.25,319.25
2002-06-13,319.5,318.15,318.15,318.15
2002-06-14,318.25,319.4,319.4,319.4
2002-06-17,319.25,317.25,317.25,317.25
2002-06-18,317.15,320.05,320.05,320.05
2002-06-19,320.15,320.85,320.85,320.85
2002-06-20,320.85,323.95,323.95,323.95
2002-06-21,323.75,324.65,324.65,324.65
2002-06-24,325.12,322.57,322.57,322.57
2002-06-25,322.85,321.35,321.35,321.35
2002-06-26,321.6,319.25,319.25,319.25
2002-06-27,319.55,318.25,318.25,318.25
2002-06-28,318.48,314.62,314.62,314.62
2002-07-01,314.0,315.15,315.15,315.15
2002-07-02,315.0,313.0,313.0,313.0
2002-07-03,313.05,311.2,311.2,311.2
2002-07-04,311.2,310.75,310.75,310.75
2002-07-05,310.9,311.5,311.5,311.5
2002-07-08,310.25,312.85,312.85,312.85
2002-07-09,312.6,316.65,316.65,316.65
2002-07-10,316.45,316.2,316.2,316.2
2002-07-11,315.65,316.6,316.6,316.6
2002-07-12,316.35,316.0,316.0,316.0
2002-07-15,316.25,318.15,318.15,318.15
2002-07-16,318.05,318.25,318.25,318.25
2002-07-17,317.85,317.65,317.65,317.65
2002-07-18,317.75,317.9,317.9,317.9
2002-07-19,317.85,323.95,323.95,323.95
2002-07-22,324.75,323.1,323.1,323.1
2002-07-23,322.95,313.25,313.25,313.25
2002-07-24,313.4,310.75,310.75,310.75
2002-07-25,311.25,310.25,310.25,310.25
2002-07-26,310.45,303.75,303.75,303.75
2002-07-29,303.75,302.55,302.55,302.55
2002-07-30,302.75,304.75,304.75,304.75
2002-07-31,305.0,303.55,303.55,303.55
2002-08-01,303.75,304.65,304.65,304.65
2002-08-02,304.0,307.4,307.4,307.4
2002-08-05,307.0,308.15,308.15,308.15
2002-08-06,307.55,306.35,306.35,306.35
2002-08-07,306.25,314.05,314.05,314.05
2002-08-08,314.35,310.65,310.65,310.65
2002-08-09,310.85,314.6,314.6,314.6
2002-08-12,313.55,314.25,314.25,314.25
2002-08-13,314.25,315.65,315.65,315.65
2002-08-14,315.5,311.65,311.65,311.65
2002-08-15,311.55,314.7,314.7,314.7
2002-08-16,315.2,314.0,314.0,314.0
2002-08-19,313.75,306.75,306.75,306.75
2002-08-20,307.05,309.05,309.05,309.05
2002-08-21,309.15,308.0,308.0,308.0
2002-08-22,307.85,307.05,307.05,307.05
2002-08-23,306.95,307.0,307.0,307.0
2002-08-26,307.35,309.45,309.45,309.45
2002-08-27,309.3,312.75,312.75,312.75
2002-08-28,312.45,310.15,310.15,310.15
2002-08-29,310.25,314.0,314.0,314.0
2002-08-30,314.25,312.75,312.75,312.75
2002-09-02,312.65,312.25,312.25,312.25
2002-09-03,312.05,314.15,314.15,314.15
2002-09-04,313.75,314.65,314.65,314.65
2002-09-05,314.65,319.25,319.25,319.25
2002-09-06,319.0,320.25,320.25,320.25
2002-09-09,320.05,321.25,321.25,321.25
2002-09-10,321.0,317.75,317.75,317.75
2002-09-11,317.55,317.65,317.65,317.65
2002-09-12,317.35,319.5,319.5,319.5
2002-09-13,319.1,316.85,316.85,316.85
2002-09-16,316.1,317.45,317.45,317.45
2002-09-17,315.75,318.35,318.35,318.35
2002-09-18,318.0,320.4,320.4,320.4
2002-09-19,320.55,323.3,323.3,323.3
2002-09-20,323.05,322.15,322.15,322.15
2002-09-23,322.75,322.5,322.5,322.5
2002-09-24,322.45,326.15,326.15,326.15
2002-09-25,326.25,322.25,322.25,322.25
2002-09-26,322.35,319.95,319.95,319.95
2002-09-27,320.15,319.95,319.95,319.95
2002-09-30,320.9,323.75,323.75,323.75
2002-10-01,323.6,320.3,320.3,320.3
2002-10-02,320.0,323.0,323.0,323.0
2002-10-03,322.75,321.65,321.65,321.65
2002-10-04,321.4,322.25,322.25,322.25
2002-10-07,322.75,322.4,322.4,322.4
2002-10-08,322.55,318.25,318.25,318.25
2002-10-09,318.45,320.05,320.05,320.05
2002-10-10,320.25,316.85,316.85,316.85
2002-10-11,317.0,316.75,316.75,316.75
2002-10-14,317.65,317.95,317.95,317.95
2002-10-15,318.15,313.5,313.5,313.5
2002-10-16,313.75,314.55,314.55,314.55
2002-10-17,314.25,311.45,311.45,311.45
2002-10-18,311.55,312.85,312.85,312.85
2002-10-21,312.85,311.05,311.05,311.05
2002-10-22,311.25,313.0,313.0,313.0
2002-10-23,312.75,311.85,311.85,311.85
2002-10-24,312.05,311.65,311.65,311.65
2002-10-25,311.8,313.85,313.85,313.85
2002-10-28,313.45,315.6,315.6,315.6
2002-10-29,315.65,316.75,316.75,316.75
2002-10-30,317.0,316.4,316.4,316.4
2002-10-31,316.25,317.8,317.8,317.8
2002-11-01,317.65,320.25,320.25,320.25
2002-11-04,318.75,318.25,318.25,318.25
2002-11-05,318.55,317.75,317.75,317.75
2002-11-06,317.85,318.25,318.25,318.25
2002-11-07,318.05,321.1,321.1,321.1
2002-11-08,321.0,321.55,321.55,321.55
2002-11-11,321.5,321.65,321.65,321.65
2002-11-12,321.5,324.45,324.45,324.45
2002-11-13,324.35,319.0,319.0,319.0
2002-11-14,319.2,318.35,318.35,318.35
2002-11-15,318.15,320.55,320.55,320.55
2002-11-18,320.25,319.35,319.35,319.35
2002-11-19,319.25,319.05,319.05,319.05
2002-11-20,318.9,317.85,317.85,317.85
2002-11-21,317.85,317.65,317.65,317.65
2002-11-22,317.75,321.05,321.05,321.05
2002-11-25,320.25,318.1,318.1,318.1
2002-11-26,318.1,318.15,318.15,318.15
2002-11-27,318.1,317.3,317.3,317.3
2002-11-28,317.25,317.9,317.9,317.9
2002-11-29,317.85,319.05,319.05,319.05
2002-12-02,318.85,317.8,317.8,317.8
2002-12-03,317.75,320.85,320.85,320.85
2002-12-04,320.75,322.25,322.25,322.25
2002-12-05,322.15,324.6,324.6,324.6
2002-12-06,324.65,326.25,326.25,326.25
2002-12-09,326.45,326.0,326.0,326.0
2002-12-10,325.95,323.75,323.75,323.75
2002-12-11,323.5,324.65,324.65,324.65
2002-12-12,325.0,331.45,331.45,331.45
2002-12-13,331.25,333.15,333.15,333.15
2002-12-16,332.88,336.77,336.77,336.77
2002-12-17,336.88,336.88,336.88,336.88
2002-12-18,337.25,343.65,343.65,343.65
2002-12-19,344.88,345.38,345.38,345.38
2002-12-20,345.85,340.7,340.7,340.7
2002-12-23,340.25,345.85,345.85,345.85
2002-12-24,345.45,346.85,346.85,346.85
2002-12-25,347.0,345.5,345.5,345.5
2002-12-26,344.38,349.62,349.62,349.62
2002-12-27,349.55,349.2,349.2,349.2
2002-12-30,349.3,343.8,343.8,343.8
2002-12-31,343.3,347.0,347.0,347.0
2003-01-02,346.38,345.62,345.62,345.62
2003-01-03,345.3,351.2,351.2,351.2
2003-01-06,350.88,351.48,351.48,351.48
2003-01-07,350.62,347.38,347.38,347.38
2003-01-08,347.62,353.62,353.62,353.62
2003-01-09,353.12,353.27,353.27,353.27
2003-01-10,352.88,354.68,354.68,354.68
2003-01-13,353.38,354.62,354.62,354.62
2003-01-14,354.0,351.5,351.5,351.5
2003-01-15,351.75,350.65,350.65,350.65
2003-01-16,351.12,358.12,358.12,358.12
2003-01-17,357.12,356.48,356.48,356.48
2003-01-20,356.25,356.25,356.25,356.25
2003-01-21,356.35,358.15,358.15,358.15
2003-01-22,358.0,361.0,361.0,361.0
2003-01-23,362.12,363.57,363.57,363.57
2003-01-24,363.38,368.62,368.62,368.62
2003-01-27,368.88,369.88,369.88,369.88
2003-01-28,369.12,369.48,369.48,369.48
2003-01-29,369.77,366.38,366.38,366.38
2003-01-30,365.12,370.12,370.12,370.12
2003-01-31,370.38,368.48,368.48,368.48
2003-02-03,368.0,371.35,371.35,371.35
2003-02-04,371.5,382.0,382.0,382.0
2003-02-05,382.25,372.25,372.25,372.25
2003-02-06,370.1,370.75,370.75,370.75
2003-02-07,370.0,369.9,369.9,369.9
2003-02-10,369.38,362.98,362.98,362.98
2003-02-11,362.62,363.68,363.68,363.68
2003-02-12,363.88,352.88,352.88,352.88
2003-02-13,352.0,356.75,356.75,356.75
2003-02-14,357.0,351.0,351.0,351.0
2003-02-17,350.5,347.0,347.0,347.0
2003-02-18,346.75,344.0,344.0,344.0
2003-02-19,342.75,349.95,349.95,349.95
2003-02-20,349.62,352.48,352.48,352.48
2003-02-21,352.77,351.43,351.43,351.43
2003-02-24,351.38,356.88,356.88,356.88
2003-02-25,357.12,351.93,351.93,351.93
2003-02-26,352.12,354.38,354.38,354.38
2003-02-27,354.77,345.62,345.62,345.62
2003-02-28,345.1,349.85,349.85,349.85
2003-03-03,348.62,350.12,350.12,350.12
2003-03-04,350.12,353.12,353.12,353.12
2003-03-05,354.12,353.88,353.88,353.88
2003-03-06,353.9,356.5,356.5,356.5
2003-03-07,356.4,350.6,350.6,350.6
2003-03-10,351.88,354.77,354.77,354.77
2003-03-11,354.98,350.98,350.98,350.98
2003-03-12,350.6,346.0,346.0,346.0
2003-03-13,346.5,334.7,334.7,334.7
2003-03-14,334.4,336.5,336.5,336.5
2003-03-17,335.1,336.9,336.9,336.9
2003-03-18,337.15,338.1,338.1,338.1
2003-03-19,338.65,336.55,336.55,336.55
2003-03-20,336.88,332.38,332.38,332.38
2003-03-21,332.12,326.18,326.18,326.18
2003-03-24,327.88,329.93,329.93,329.93
2003-03-25,330.38,328.62,328.62,328.62
2003-03-26,328.88,330.38,330.38,330.38
2003-03-27,330.88,329.38,329.38,329.38
2003-03-28,329.65,331.9,331.9,331.9
2003-03-31,332.62,337.48,337.48,337.48
2003-04-01,337.62,335.12,335.12,335.12
2003-04-02,335.25,330.0,330.0,330.0
2003-04-03,329.62,325.38,325.38,325.38
2003-04-04,325.35,325.7,325.7,325.7
2003-04-07,321.75,323.0,323.0,323.0
2003-04-08,322.85,323.3,323.3,323.3
2003-04-09,323.05,326.85,326.85,326.85
2003-04-10,327.05,326.5,326.5,326.5
2003-04-11,326.27,328.18,328.18,328.18
2003-04-14,326.6,325.0,325.0,325.0
2003-04-15,324.95,324.95,324.95,324.95
2003-04-16,324.75,326.45,326.45,326.45
2003-04-17,326.85,327.2,327.2,327.2
2003-04-18,327.25,327.25,327.25,327.25
2003-04-21,327.25,333.8,333.8,333.8
2003-04-22,333.77,333.12,333.12,333.12
2003-04-23,332.98,331.38,331.38,331.38
2003-04-24,331.35,334.6,334.6,334.6
2003-04-25,334.4,333.4,333.4,333.4
2003-04-28,333.25,334.1,334.1,334.1
2003-04-29,333.85,334.25,334.25,334.25
2003-04-30,334.88,339.62,339.62,339.62
2003-05-01,339.65,341.75,341.75,341.75
2003-05-02,341.85,341.05,341.05,341.05
2003-05-05,341.75,342.2,342.2,342.2
2003-05-06,342.12,344.38,344.38,344.38
2003-05-07,344.35,342.0,342.0,342.0
2003-05-08,341.7,348.25,348.25,348.25
2003-05-09,348.4,348.7,348.7,348.7
2003-05-12,348.65,351.25,351.25,351.25
2003-05-13,350.88,349.73,349.73,349.73
2003-05-14,350.25,352.5,352.5,352.5
2003-05-15,352.35,352.0,352.0,352.0
2003-05-16,351.85,354.85,354.85,354.85
2003-05-19,356.75,366.25,366.25,366.25
2003-05-20,367.12,368.12,368.12,368.12
2003-05-21,368.48,371.62,371.62,371.62
2003-05-22,372.12,368.38,368.38,368.38
2003-05-23,369.05,368.75,368.75,368.75
2003-05-26,367.85,371.15,371.15,371.15
2003-05-27,370.62,365.12,365.12,365.12
2003-05-28,365.25,364.55,364.55,364.55
2003-05-29,366.12,369.07,369.07,369.07
2003-05-30,368.62,364.98,364.98,364.98
2003-06-02,362.35,366.25,366.25,366.25
2003-06-03,366.05,365.25,365.25,365.25
2003-06-04,365.68,361.27,361.27,361.27
2003-06-05,361.95,368.3,368.3,368.3
2003-06-06,367.85,363.75,363.75,363.75
2003-06-09,362.75,361.35,361.35,361.35
2003-06-10,361.48,352.38,352.38,352.38
2003-06-11,353.0,354.75,354.75,354.75
2003-06-12,355.1,353.4,353.4,353.4
2003-06-13,353.73,356.88,356.88,356.88
2003-06-16,356.75,359.4,359.4,359.4
2003-06-17,359.45,362.8,362.8,362.8
2003-06-18,363.05,357.7,357.7,357.7
2003-06-19,357.75,362.0,362.0,362.0
2003-06-20,361.43,357.38,357.38,357.38
2003-06-23,357.25,352.45,352.45,352.45
2003-06-24,352.88,347.38,347.38,347.38
2003-06-25,347.5,347.4,347.4,347.4
2003-06-26,347.6,344.15,344.15,344.15
2003-06-27,347.45,345.25,345.25,345.25
2003-06-30,345.0,346.4,346.4,346.4
2003-07-01,346.75,350.75,350.75,350.75
2003-07-02,351.25,351.5,351.5,351.5
2003-07-03,351.25,351.15,351.15,351.15
2003-07-04,351.05,350.85,350.85,350.85
2003-07-07,351.0,348.4,348.4,348.4
2003-07-08,348.25,344.6,344.6,344.6
2003-07-09,344.4,344.55,344.55,344.55
2003-07-10,344.45,345.45,345.45,345.45
2003-07-11,344.45,345.15,345.15,345.15
2003-07-14,345.05,347.3,347.3,347.3
2003-07-15,347.05,342.15,342.15,342.15
2003-07-16,342.35,343.55,343.55,343.55
2003-07-17,343.4,344.85,344.85,344.85
2003-07-18,344.45,347.3,347.3,347.3
2003-07-21,347.5,351.75,351.75,351.75
2003-07-22,352.0,350.75,350.75,350.75
2003-07-23,351.15,359.65,359.65,359.65
2003-07-24,360.4,361.75,361.75,361.75
2003-07-25,362.1,362.8,362.8,362.8
2003-07-28,362.0,364.75,364.75,364.75
2003-07-29,363.85,361.75,361.75,361.75
2003-07-30,361.5,356.45,356.45,356.45
2003-07-31,356.35,355.0,355.0,355.0
2003-08-01,355.48,347.98,347.98,347.98
2003-08-04,347.5,349.55,349.55,349.55
2003-08-05,349.55,351.9,351.9,351.9
2003-08-06,351.75,351.75,351.75,351.75
2003-08-07,351.38,352.88,352.88,352.88
2003-08-08,352.6,356.65,356.65,356.65
2003-08-11,356.25,361.85,361.85,361.85
2003-08-12,361.75,358.4,358.4,358.4
2003-08-13,358.4,362.65,362.65,362.65
2003-08-14,362.35,365.85,365.85,365.85
2003-08-15,366.35,363.55,363.55,363.55
2003-08-18,363.62,358.62,358.62,358.62
2003-08-19,358.88,361.88,361.88,361.88
2003-08-20,361.98,366.27,366.27,366.27
2003-08-21,366.38,361.38,361.38,361.38
2003-08-22,361.85,363.15,363.15,363.15
2003-08-25,362.45,361.4,361.4,361.4
2003-08-26,361.25,364.65,364.65,364.65
2003-08-27,364.75,372.5,372.5,372.5
2003-08-28,372.15,369.65,369.65,369.65
2003-08-29,369.88,375.57,375.57,375.57
2003-09-01,374.9,375.9,375.9,375.9
2003-09-02,376.12,371.62,371.62,371.62
2003-09-03,371.75,373.85,373.85,373.85
2003-09-04,375.05,373.45,373.45,373.45
2003-09-05,373.2,377.2,377.2,377.2
2003-09-08,376.65,375.25,375.25,375.25
2003-09-09,375.25,382.65,382.65,382.65
2003-09-10,382.0,380.4,380.4,380.4
2003-09-11,380.25,380.25,380.25,380.25
2003-09-12,379.77,375.12,375.12,375.12
2003-09-15,375.8,374.1,374.1,374.1
2003-09-16,374.35,373.15,373.15,373.15
2003-09-17,373.0,376.75,376.75,376.75
2003-09-18,376.0,376.65,376.65,376.65
2003-09-19,376.85,381.95,381.95,381.95
2003-09-22,382.25,387.1,387.1,387.1
2003-09-23,386.5,384.7,384.7,384.7
2003-09-24,385.25,389.35,389.35,389.35
2003-09-25,389.12,385.38,385.38,385.38
2003-09-26,384.75,380.85,380.85,380.85
2003-09-29,381.25,382.25,382.25,382.25
2003-09-30,383.0,385.25,385.25,385.25
2003-10-01,385.07,384.57,384.57,384.57
2003-10-02,385.2,382.8,382.8,382.8
2003-10-03,383.35,369.7,369.7,369.7
2003-10-06,371.5,372.95,372.95,372.95
2003-10-07,373.0,376.5,376.5,376.5
2003-10-08,376.85,375.2,375.2,375.2
2003-10-09,375.7,370.0,370.0,370.0
2003-10-10,370.38,373.62,373.62,373.62
2003-10-13,373.6,374.65,374.65,374.65
2003-10-14,374.3,375.4,375.4,375.4
2003-10-15,375.75,373.15,373.15,373.15
2003-10-16,372.85,371.7,371.7,371.7
2003-10-17,372.18,371.68,371.68,371.68
2003-10-20,372.55,373.35,373.35,373.35
2003-10-21,373.25,381.25,381.25,381.25
2003-10-22,380.65,385.85,385.85,385.85
2003-10-23,384.55,384.75,384.75,384.75
2003-10-24,384.65,388.7,388.7,388.7
2003-10-27,388.25,387.9,387.9,387.9
2003-10-28,388.25,382.85,382.85,382.85
2003-10-29,383.0,386.55,386.55,386.55
2003-10-30,385.75,383.5,383.5,383.5
2003-10-31,383.4,384.4,384.4,384.4
2003-11-03,384.6,377.1,377.1,377.1
2003-11-04,377.45,379.6,379.6,379.6
2003-11-05,380.02,381.52,381.52,381.52
2003-11-06,382.0,379.95,379.95,379.95
2003-11-07,380.38,383.12,383.12,383.12
2003-11-10,383.25,386.45,386.45,386.45
2003-11-11,385.75,387.7,387.7,387.7
2003-11-12,388.1,394.05,394.05,394.05
2003-11-13,394.25,394.65,394.65,394.65
2003-11-14,394.88,397.62,397.62,397.62
2003-11-17,399.0,390.25,390.25,390.25
2003-11-18,390.75,398.5,398.5,398.5
2003-11-19,398.75,394.75,394.75,394.75
2003-11-20,394.95,394.55,394.55,394.55
2003-11-21,394.65,396.2,396.2,396.2
2003-11-24,396.25,391.5,391.5,391.5
2003-11-25,391.9,391.25,391.25,391.25
2003-11-26,391.38,396.62,396.62,396.62
2003-11-27,396.0,395.2,395.2,395.2
2003-11-28,395.38,397.88,397.88,397.88
2003-12-01,398.62,403.38,403.38,403.38
2003-12-02,402.25,403.25,403.25,403.25
2003-12-03,403.75,404.65,404.65,404.65
2003-12-04,404.38,402.88,402.88,402.88
2003-12-05,402.25,406.35,406.35,406.35
2003-12-08,406.18,407.12,407.12,407.12
2003-12-09,406.38,408.38,408.38,408.38
2003-12-10,408.48,405.52,405.52,405.52
2003-12-11,404.88,405.12,405.12,405.12
2003-12-12,405.15,409.15,409.15,409.15
2003-12-15,408.38,409.38,409.38,409.38
2003-12-16,410.38,407.38,407.38,407.38
2003-12-17,407.88,412.62,412.62,412.62
2003-12-18,412.5,410.75,410.75,410.75
2003-12-19,410.65,409.35,409.35,409.35
2003-12-22,408.62,410.12,410.12,410.12
2003-12-23,409.98,410.88,410.88,410.88
2003-12-24,411.6,412.0,412.0,412.0
2003-12-25,412.05,412.0,412.0,412.0
2003-12-26,413.15,412.4,412.4,412.4
2003-12-29,411.88,414.77,414.77,414.77
2003-12-30,414.57,416.38,416.38,416.38
2003-12-31,416.35,415.05,415.05,415.05
2004-01-02,415.38,415.12,415.12,415.12
2004-01-05,416.12,423.62,423.62,423.62
2004-01-06,423.68,422.38,422.38,422.38
2004-01-07,422.12,420.38,420.38,420.38
2004-01-08,420.62,423.88,423.88,423.88
2004-01-09,423.6,426.6,426.6,426.6
2004-01-12,426.62,424.88,424.88,424.88
2004-01-13,424.62,424.12,424.12,424.12
2004-01-14,424.38,419.38,419.38,419.38
2004-01-15,419.88,408.62,408.62,408.62
2004-01-16,409.38,406.57,406.57,406.57
2004-01-19,407.5,407.25,407.25,407.25
2004-01-20,406.88,412.88,412.88,412.88
2004-01-21,412.55,410.7,410.7,410.7
2004-01-22,410.98,409.62,409.62,409.62
2004-01-23,410.12,408.18,408.18,408.18
2004-01-26,407.62,403.88,403.88,403.88
2004-01-27,404.12,410.38,410.38,410.38
2004-01-28,410.12,410.38,410.38,410.38
2004-01-29,409.38,399.88,399.88,399.88
2004-01-30,399.88,402.57,402.57,402.57
2004-02-02,402.38,398.38,398.38,398.38
2004-02-03,398.62,399.62,399.62,399.62
2004-02-04,400.12,400.88,400.88,400.88
2004-02-05,400.8,397.3,397.3,397.3
2004-02-06,397.75,403.3,403.3,403.3
2004-02-09,402.38,406.88,406.88,406.88
2004-02-10,406.9,406.5,406.5,406.5
2004-02-11,406.12,411.62,411.62,411.62
2004-02-12,411.6,412.5,412.5,412.5
2004-02-13,412.35,410.2,410.2,410.2
2004-02-16,410.4,411.8,411.8,411.8
2004-02-17,411.48,415.62,415.62,415.62
2004-02-18,415.62,410.62,410.62,410.62
2004-02-19,410.88,409.88,409.88,409.88
2004-02-20,410.88,397.62,397.62,397.62
2004-02-23,398.1,398.9,398.9,398.9
2004-02-24,398.88,404.12,404.12,404.12
2004-02-25,403.85,395.8,395.8,395.8
2004-02-26,396.12,395.38,395.38,395.38
2004-02-27,395.1,396.45,396.45,396.45
2004-03-01,397.12,399.88,399.88,399.88
2004-03-02,399.55,393.3,393.3,393.3
2004-03-03,392.62,393.38,393.38,393.38
2004-03-04,392.62,393.12,393.12,393.12
2004-03-05,392.75,401.4,401.4,401.4
2004-03-08,400.62,401.62,401.62,401.62
2004-03-09,402.12,402.62,402.62,402.62
2004-03-10,403.35,400.3,400.3,400.3
2004-03-11,400.12,402.38,402.38,402.38
2004-03-12,402.6,395.25,395.25,395.25
2004-03-15,396.12,399.38,399.38,399.38
2004-03-16,400.12,402.62,402.62,402.62
2004-03-17,402.27,407.38,407.38,407.38
2004-03-18,407.12,411.38,411.38,411.38
2004-03-19,410.88,412.12,412.12,412.12
2004-03-22,412.12,417.38,417.38,417.38
2004-03-23,417.62,419.88,419.88,419.88
2004-03-24,419.62,415.88,415.88,415.88
2004-03-25,415.38,416.38,416.38,416.38
2004-03-26,416.5,422.5,422.5,422.5
2004-03-29,421.62,418.12,418.12,418.12
2004-03-30,417.5,421.55,421.55,421.55
2004-03-31,421.38,426.62,426.62,426.62
2004-04-01,426.88,426.38,426.38,426.38
2004-04-02,426.25,419.8,419.8,419.8
2004-04-05,421.12,415.62,415.62,415.62
2004-04-06,415.88,419.88,419.88,419.88
2004-04-07,419.62,423.38,423.38,423.38
2004-04-08,422.75,419.5,419.5,419.5
2004-04-09,419.5,421.25,421.25,421.25
2004-04-12,420.0,419.2,419.2,419.2
2004-04-13,420.18,406.88,406.88,406.88
2004-04-14,407.38,400.88,400.88,400.88
2004-04-15,401.18,399.12,399.12,399.12
2004-04-16,399.6,400.5,400.5,400.5
2004-04-19,402.35,400.3,400.3,400.3
2004-04-20,400.77,395.12,395.12,395.12
2004-04-21,394.62,390.38,390.38,390.38
2004-04-22,391.25,394.25,394.25,394.25
2004-04-23,394.5,395.1,395.1,395.1
2004-04-26,395.5,396.6,396.6,396.6
2004-04-27,396.65,398.75,398.75,398.75
2004-04-28,398.77,385.38,385.38,385.38
2004-04-29,384.88,387.88,387.88,387.88
2004-04-30,388.4,387.6,387.6,387.6
2004-05-03,389.0,387.35,387.35,387.35
2004-05-04,387.85,392.5,392.5,392.5
2004-05-05,393.1,393.7,393.7,393.7
2004-05-06,393.38,387.77,387.77,387.77
2004-05-07,388.0,379.1,379.1,379.1
2004-05-10,378.5,378.5,378.5,378.5
2004-05-11,377.88,377.98,377.98,377.98
2004-05-12,378.62,378.38,378.38,378.38
2004-05-13,378.6,374.9,374.9,374.9
2004-05-14,374.12,377.07,377.07,377.07
2004-05-17,377.88,379.38,379.38,379.38
2004-05-18,378.75,377.15,377.15,377.15
2004-05-19,376.75,382.0,382.0,382.0
2004-05-20,381.5,380.0,380.0,380.0
2004-05-21,380.38,384.88,384.88,384.88
2004-05-24,384.5,386.25,386.25,386.25
2004-05-25,385.75,388.0,388.0,388.0
2004-05-26,388.75,388.5,388.5,388.5
2004-05-27,388.65,395.75,395.75,395.75
2004-05-28,395.62,394.18,394.18,394.18
2004-05-31,394.15,395.5,395.5,395.5
2004-06-01,395.27,394.62,394.62,394.62
2004-06-02,394.48,390.88,390.88,390.88
2004-06-03,391.12,388.38,388.38,388.38
2004-06-04,388.5,391.05,391.05,391.05
2004-06-07,391.62,393.88,393.88,393.88
2004-06-08,394.23,391.38,391.38,391.38
2004-06-09,391.88,384.12,384.12,384.12
2004-06-10,383.38,386.07,386.07,386.07
2004-06-11,385.85,385.05,385.05,385.05
2004-06-14,384.18,383.38,383.38,383.38
2004-06-15,383.75,389.15,389.15,389.15
2004-06-16,388.75,384.75,384.75,384.75
2004-06-17,385.07,387.82,387.82,387.82
2004-06-18,388.38,395.27,395.27,395.27
2004-06-21,394.88,394.38,394.38,394.38
2004-06-22,394.18,395.38,395.38,395.38
2004-06-23,395.38,394.88,394.88,394.88
2004-06-24,394.88,402.12,402.12,402.12
2004-06-25,402.27,402.68,402.68,402.68
2004-06-28,403.12,400.88,400.88,400.88
2004-06-29,401.62,392.27,392.27,392.27
2004-06-30,392.88,394.38,394.38,394.38
2004-07-01,394.5,396.05,396.05,396.05
2004-07-02,395.88,397.93,397.93,397.93
2004-07-05,397.75,397.7,397.7,397.7
2004-07-06,398.12,392.12,392.12,392.12
2004-07-07,392.62,401.77,401.77,401.77
2004-07-08,401.88,407.12,407.12,407.12
2004-07-09,406.27,407.57,407.57,407.57
2004-07-12,407.5,407.15,407.15,407.15
2004-07-13,407.48,402.38,402.38,402.38
2004-07-14,402.38,405.12,405.12,405.12
2004-07-15,404.35,404.3,404.3,404.3
2004-07-16,404.1,406.45,406.45,406.45
2004-07-19,406.5,405.95,405.95,405.95
2004-07-20,406.38,400.12,400.12,400.12
2004-07-21,400.5,398.0,398.0,398.0
2004-07-22,397.88,395.07,395.07,395.07
2004-07-23,395.75,389.95,389.95,389.95
2004-07-26,390.88,390.62,390.62,390.62
2004-07-27,391.12,388.12,388.12,388.12
2004-07-28,387.75,389.15,389.15,389.15
2004-07-29,388.52,388.38,388.38,388.38
2004-07-30,388.05,391.25,391.25,391.25
2004-08-02,394.25,392.05,392.05,392.05
2004-08-03,391.12,393.88,393.88,393.88
2004-08-04,393.88,392.38,392.38,392.38
2004-08-05,392.25,392.85,392.85,392.85
2004-08-06,392.25,399.75,399.75,399.75
2004-08-09,398.62,400.38,400.38,400.38
2004-08-10,399.93,398.18,398.18,398.18
2004-08-11,397.5,396.05,396.05,396.05
2004-08-12,395.75,394.8,394.8,394.8
2004-08-13,394.75,398.9,398.9,398.9
2004-08-16,399.75,402.75,402.75,402.75
2004-08-17,402.5,404.45,404.45,404.45
2004-08-18,404.25,404.45,404.45,404.45
2004-08-19,404.38,406.88,406.88,406.88
2004-08-20,406.38,413.32,413.32,413.32
2004-08-23,412.12,408.62,408.62,408.62
2004-08-24,409.12,403.18,403.18,403.18
2004-08-25,403.38,406.82,406.82,406.82
2004-08-26,407.12,406.88,406.88,406.88
2004-08-27,406.88,403.23,403.23,403.23
2004-08-30,403.62,406.88,406.88,406.88
2004-08-31,407.12,409.82,409.82,409.82
2004-09-01,410.15,408.6,408.6,408.6
2004-09-02,408.5,406.05,406.05,406.05
2004-09-03,405.88,400.52,400.52,400.52
2004-09-06,401.38,401.88,401.88,401.88
2004-09-07,401.62,397.88,397.88,397.88
2004-09-08,397.75,399.55,399.55,399.55
2004-09-09,399.57,399.12,399.12,399.12
2004-09-10,399.38,401.93,401.93,401.93
2004-09-13,402.12,403.82,403.82,403.82
2004-09-14,403.82,405.62,405.62,405.62
2004-09-15,403.62,404.62,404.62,404.62
2004-09-16,404.88,404.62,404.62,404.62
2004-09-17,404.68,405.88,405.88,405.88
2004-09-20,404.85,405.35,405.35,405.35
2004-09-21,404.88,409.12,409.12,409.12
2004-09-22,409.12,407.38,407.38,407.38
2004-09-23,404.88,410.12,410.12,410.12
2004-09-24,409.38,407.93,407.93,407.93
2004-09-27,409.77,408.62,408.62,408.62
2004-09-28,408.75,412.25,412.25,412.25
2004-09-29,412.88,413.02,413.02,413.02
2004-09-30,412.5,418.25,418.25,418.25
2004-10-01,418.12,419.23,419.23,419.23
2004-10-04,418.75,413.95,413.95,413.95
2004-10-05,414.38,418.38,418.38,418.38
2004-10-06,419.12,417.88,417.88,417.88
2004-10-07,418.12,418.18,418.18,418.18
2004-10-08,418.12,422.82,422.82,422.82
2004-10-11,419.38,421.82,421.82,421.82
2004-10-12,421.82,415.12,415.12,415.12
2004-10-13,413.57,416.38,416.38,416.38
2004-10-14,415.65,418.15,418.15,418.15
2004-10-15,417.98,418.82,418.82,418.82
2004-10-18,418.62,416.62,416.62,416.62
2004-10-19,415.62,419.88,419.88,419.88
2004-10-20,420.23,424.12,424.12,424.12
2004-10-21,423.88,423.82,423.82,423.82
2004-10-22,424.62,424.32,424.32,424.32
2004-10-25,425.12,428.62,428.62,428.62
2004-10-26,428.98,427.12,427.12,427.12
2004-10-27,426.77,424.12,424.12,424.12
2004-10-28,423.95,424.15,424.15,424.15
2004-10-29,424.18,428.52,428.52,428.52
2004-11-01,429.5,427.0,427.0,427.0
2004-11-02,425.88,421.88,421.88,421.88
2004-11-03,421.38,427.52,427.52,427.52
2004-11-04,426.88,429.62,429.62,429.62
2004-11-05,429.62,433.62,433.62,433.62
2004-11-08,431.12,431.88,431.88,431.88
2004-11-09,432.12,435.32,435.32,435.32
2004-11-10,434.88,433.88,433.88,433.88
2004-11-11,434.12,434.88,434.88,434.88
2004-11-12,434.5,437.95,437.95,437.95
2004-11-15,437.62,436.82,436.82,436.82
2004-11-16,436.88,439.62,439.62,439.62
2004-11-17,439.38,444.62,444.62,444.62
2004-11-18,444.77,443.12,443.12,443.12
2004-11-19,442.38,447.02,447.02,447.02
2004-11-22,446.62,448.62,448.62,448.62
2004-11-23,448.5,447.0,447.0,447.0
2004-11-24,447.38,449.12,449.12,449.12
2004-11-25,449.2,451.7,451.7,451.7
2004-11-26,451.38,452.62,452.62,452.62
2004-11-29,454.12,453.68,453.68,453.68
2004-11-30,453.12,450.88,450.88,450.88
2004-12-01,451.12,453.68,453.68,453.68
2004-12-02,454.6,449.35,449.35,449.35
2004-12-03,449.48,455.82,455.82,455.82
2004-12-06,455.25,452.45,452.45,452.45
2004-12-07,451.9,450.9,450.9,450.9
2004-12-08,451.0,440.2,440.2,440.2
2004-12-09,440.4,437.8,437.8,437.8
2004-12-10,437.3,434.5,434.5,434.5
2004-12-13,434.15,439.1,439.1,439.1
2004-12-14,438.88,435.52,435.52,435.52
2004-12-15,436.12,440.12,440.12,440.12
2004-12-16,440.88,437.12,437.12,437.12
2004-12-17,437.38,441.18,441.18,441.18
2004-12-20,441.62,443.02,443.02,443.02
2004-12-21,442.93,441.88,441.88,441.88
2004-12-22,441.88,439.68,439.68,439.68
2004-12-23,439.88,441.88,441.88,441.88
2004-12-24,442.15,442.7,442.7,442.7
2004-12-27,442.38,444.73,444.73,444.73
2004-12-28,444.75,443.5,443.5,443.5
2004-12-29,443.88,436.38,436.38,436.38
2004-12-30,436.25,437.45,437.45,437.45
2004-12-31,437.6,438.45,438.45,438.45
2005-01-03,437.85,428.95,428.95,428.95
2005-01-04,429.6,427.65,427.65,427.65
2005-01-05,427.55,426.55,426.55,426.55
2005-01-06,426.77,421.32,421.32,421.32
2005-01-07,421.75,418.95,418.95,418.95
2005-01-10,419.38,419.12,419.12,419.12
2005-01-11,419.98,422.38,422.38,422.38
2005-01-12,422.62,426.12,426.12,426.12
2005-01-13,426.02,425.12,425.12,425.12
2005-01-14,425.25,423.15,423.15,423.15
2005-01-17,422.62,422.38,422.38,422.38
2005-01-18,421.75,423.05,423.05,423.05
2005-01-19,423.05,422.85,422.85,422.85
2005-01-20,423.15,422.55,422.55,422.55
2005-01-21,422.35,426.75,426.75,426.75
2005-01-24,427.38,427.27,427.27,427.27
2005-01-25,427.68,422.43,422.43,422.43
2005-01-26,422.15,426.5,426.5,426.5
2005-01-27,426.65,426.2,426.2,426.2
2005-01-28,426.2,426.8,426.8,426.8
2005-01-31,426.38,422.62,422.62,422.62
2005-02-01,422.4,421.1,421.1,421.1
2005-02-02,420.98,421.98,421.98,421.98
2005-02-03,421.8,417.1,417.1,417.1
2005-02-04,417.1,414.6,414.6,414.6
2005-02-07,414.65,414.2,414.2,414.2
2005-02-08,413.65,412.8,412.8,412.8
2005-02-09,412.57,413.12,413.12,413.12
2005-02-10,413.38,417.62,417.62,417.62
2005-02-11,417.38,420.88,420.88,420.88
2005-02-14,420.62,425.88,425.88,425.88
2005-02-15,425.62,425.62,425.62,425.62
2005-02-16,425.38,425.38,425.38,425.38
2005-02-17,425.2,427.45,427.45,427.45
2005-02-18,427.27,427.43,427.43,427.43
2005-02-21,428.75,427.35,427.35,427.35
2005-02-22,427.1,434.55,434.55,434.55
2005-02-23,435.5,434.5,434.5,434.5
2005-02-24,434.27,434.12,434.12,434.12
2005-02-25,433.62,434.93,434.93,434.93
2005-02-28,434.88,435.62,435.62,435.62
2005-03-01,435.65,432.75,432.75,432.75
2005-03-02,432.35,432.65,432.65,432.65
2005-03-03,431.88,430.27,430.27,430.27
2005-03-04,430.1,434.0,434.0,434.0
2005-03-07,433.98,434.62,434.62,434.62
2005-03-08,434.62,440.62,440.62,440.62
2005-03-09,441.12,440.62,440.62,440.62
2005-03-10,440.43,442.38,442.38,442.38
2005-03-11,441.85,445.85,445.85,445.85
2005-03-14,445.62,441.18,441.18,441.18
2005-03-15,440.88,440.88,440.88,440.88
2005-03-16,440.6,443.65,443.65,443.65
2005-03-17,443.12,438.43,438.43,438.43
2005-03-18,438.85,439.35,439.35,439.35
2005-03-21,439.0,431.35,431.35,431.35
2005-03-22,431.55,427.25,427.25,427.25
2005-03-23,426.85,424.85,424.85,424.85
2005-03-24,425.45,425.05,425.05,425.05
2005-03-25,425.25,426.25,426.25,426.25
2005-03-28,425.38,425.88,425.88,425.88
2005-03-29,426.12,426.38,426.38,426.38
2005-03-30,426.12,426.38,426.38,426.38
2005-03-31,426.6,428.45,428.45,428.45
2005-04-01,428.35,426.15,426.15,426.15
2005-04-04,425.88,424.32,424.32,424.32
2005-04-05,424.35,425.05,425.05,425.05
2005-04-06,424.88,426.77,426.77,426.77
2005-04-07,426.77,426.02,426.02,426.02
2005-04-08,425.62,425.12,425.12,425.12
2005-04-11,426.88,428.12,428.12,428.12
2005-04-12,428.65,428.25,428.25,428.25
2005-04-13,428.57,429.12,429.12,429.12
2005-04-14,429.18,424.02,424.02,424.02
2005-04-15,423.7,425.0,425.0,425.0
2005-04-18,424.5,427.25,427.25,427.25
2005-04-19,426.98,433.57,433.57,433.57
2005-04-20,433.77,434.77,434.77,434.77
2005-04-21,434.68,432.57,432.57,432.57
2005-04-22,432.8,434.6,434.6,434.6
2005-04-25,433.95,434.65,434.65,434.65
2005-04-26,436.12,437.12,437.12,437.12
2005-04-27,436.12,432.27,432.27,432.27
2005-04-28,432.88,431.18,431.18,431.18
2005-04-29,431.57,434.88,434.88,434.88
2005-05-02,434.38,429.98,429.98,429.98
2005-05-03,428.85,427.65,427.65,427.65
2005-05-04,427.68,429.23,429.23,429.23
2005-05-05,430.07,430.02,430.02,430.02
2005-05-06,430.02,425.73,425.73,425.73
2005-05-09,426.38,426.12,426.12,426.12
2005-05-10,426.38,426.62,426.62,426.62
2005-05-11,426.98,427.38,427.38,427.38
2005-05-12,427.68,422.38,422.38,422.38
2005-05-13,422.6,420.4,420.4,420.4
2005-05-16,420.25,419.5,419.5,419.5
2005-05-17,419.85,418.75,418.75,418.75
2005-05-18,418.75,421.5,421.5,421.5
2005-05-19,421.85,420.65,420.65,420.65
2005-05-20,420.68,417.77,417.77,417.77
2005-05-23,417.65,417.25,417.25,417.25
2005-05-24,417.45,418.0,418.0,418.0
2005-05-25,418.2,419.55,419.55,419.55
2005-05-26,418.95,417.75,417.75,417.75
2005-05-27,417.85,420.05,420.05,420.05
2005-05-30,419.6,418.75,418.75,418.75
2005-05-31,418.85,417.35,417.35,417.35
2005-06-01,417.0,415.45,415.45,415.45
2005-06-02,414.25,421.65,421.65,421.65
2005-06-03,422.15,422.45,422.45,422.45
2005-06-06,422.55,426.0,426.0,426.0
2005-06-07,426.35,424.45,424.45,424.45
2005-06-08,424.45,423.55,423.55,423.55
2005-06-09,423.82,423.77,423.77,423.77
2005-06-10,423.85,427.35,427.35,427.35
2005-06-13,425.8,428.9,428.9,428.9
2005-06-14,426.88,426.82,426.82,426.82
2005-06-15,426.95,428.65,428.65,428.65
2005-06-16,428.85,436.15,436.15,436.15
2005-06-17,435.6,438.35,438.35,438.35
2005-06-20,438.1,438.15,438.15,438.15
2005-06-21,437.38,438.88,438.88,438.88
2005-06-22,438.5,438.05,438.05,438.05
2005-06-23,437.95,441.25,441.25,441.25
2005-06-24,440.85,440.55,440.55,440.55
2005-06-27,439.62,439.62,439.62,439.62
2005-06-28,439.55,436.0,436.0,436.0
2005-06-29,436.15,437.35,437.35,437.35
2005-06-30,436.85,435.25,435.25,435.25
2005-07-01,434.85,427.65,427.65,427.65
2005-07-04,428.35,427.65,427.65,427.65
2005-07-05,427.25,423.75,423.75,423.75
2005-07-06,423.85,423.5,423.5,423.5
2005-07-07,423.88,424.62,424.62,424.62
2005-07-08,424.65,423.05,423.05,423.05
2005-07-11,423.75,425.75,425.75,425.75
2005-07-12,425.75,426.75,426.75,426.75
2005-07-13,426.65,424.35,424.35,424.35
2005-07-14,424.1,420.05,420.05,420.05
2005-07-15,419.85,421.55,421.55,421.55
2005-07-18,421.25,420.85,420.85,420.85
2005-07-19,421.15,419.85,419.85,419.85
2005-07-20,420.35,422.95,422.95,422.95
2005-07-21,423.05,425.7,425.7,425.7
2005-07-22,426.4,424.9,424.9,424.9
2005-07-25,425.2,426.0,426.0,426.0
2005-07-26,425.75,423.25,423.25,423.25
2005-07-27,423.45,425.25,425.25,425.25
2005-07-28,425.05,428.0,428.0,428.0
2005-07-29,427.9,430.2,430.2,430.2
2005-08-01,429.7,432.0,432.0,432.0
2005-08-02,431.75,432.15,432.15,432.15
2005-08-03,432.0,436.65,436.65,436.65
2005-08-04,436.75,437.75,437.75,437.75
2005-08-05,437.6,437.95,437.95,437.95
2005-08-08,437.4,435.0,435.0,435.0
2005-08-09,434.9,435.2,435.2,435.2
2005-08-10,435.0,437.5,437.5,437.5
2005-08-11,437.5,446.0,446.0,446.0
2005-08-12,445.8,446.2,446.2,446.2
2005-08-15,446.25,442.6,442.6,442.6
2005-08-16,442.55,446.15,446.15,446.15
2005-08-17,446.15,440.15,440.15,440.15
2005-08-18,440.6,439.7,439.7,439.7
2005-08-19,439.9,436.3,436.3,436.3
2005-08-22,437.25,438.15,438.15,438.15
2005-08-23,438.0,439.0,439.0,439.0
2005-08-24,439.4,437.5,437.5,437.5
2005-08-25,437.55,438.3,438.3,438.3
2005-08-26,438.25,437.6,437.6,437.6
2005-08-29,438.65,436.95,436.95,436.95
2005-08-30,436.5,431.25,431.25,431.25
2005-08-31,431.55,435.25,435.25,435.25
2005-09-01,435.0,443.25,443.25,443.25
2005-09-02,443.05,444.65,444.65,444.65
2005-09-05,444.35,445.25,445.25,445.25
2005-09-06,445.75,444.0,444.0,444.0
2005-09-07,443.9,444.65,444.65,444.65
2005-09-08,444.75,447.15,447.15,447.15
2005-09-09,446.6,449.25,449.25,449.25
2005-09-12,449.85,449.35,449.35,449.35
2005-09-13,449.55,446.2,446.2,446.2
2005-09-14,446.45,450.75,450.75,450.75
2005-09-15,450.85,455.25,455.25,455.25
2005-09-16,455.85,459.75,459.75,459.75
2005-09-19,459.35,464.95,464.95,464.95
2005-09-20,464.0,464.05,464.05,464.05
2005-09-21,464.35,472.15,472.15,472.15
2005-09-22,472.15,465.75,465.75,465.75
2005-09-23,465.35,463.25,463.25,463.25
2005-09-26,463.88,466.62,466.62,466.62
2005-09-27,466.25,462.25,462.25,462.25
2005-09-28,462.88,469.38,469.38,469.38
2005-09-29,469.25,472.25,472.25,472.25
2005-09-30,471.6,469.15,469.15,469.15
2005-10-03,467.6,466.15,466.15,466.15
2005-10-04,465.65,466.35,466.35,466.35
2005-10-05,466.85,464.95,464.95,464.95
2005-10-06,465.1,472.75,472.75,472.75
2005-10-07,473.6,474.15,474.15,474.15
2005-10-10,474.6,475.15,475.15,475.15
2005-10-11,475.35,475.55,475.55,475.55
2005-10-12,476.12,470.88,470.88,470.88
2005-10-13,471.25,471.75,471.75,471.75
2005-10-14,471.9,469.6,469.6,469.6
2005-10-17,469.65,473.9,473.9,473.9
2005-10-18,474.2,471.9,471.9,471.9
2005-10-19,471.55,464.9,464.9,464.9
2005-10-20,464.65,461.25,461.25,461.25
2005-10-21,462.38,466.88,466.88,466.88
2005-10-24,466.2,465.25,465.25,465.25
2005-10-25,465.35,472.6,472.6,472.6
2005-10-26,472.55,470.65,470.65,470.65
2005-10-27,470.9,473.9,473.9,473.9
2005-10-28,474.35,473.45,473.45,473.45
2005-10-31,472.9,465.2,465.2,465.2
2005-11-01,465.3,459.3,459.3,459.3
2005-11-02,459.15,462.85,462.85,462.85
2005-11-03,463.4,460.7,460.7,460.7
2005-11-04,461.4,456.6,456.6,456.6
2005-11-07,457.0,459.5,459.5,459.5
2005-11-08,459.45,461.6,461.6,461.6
2005-11-09,460.6,466.3,466.3,466.3
2005-11-10,466.9,467.1,467.1,467.1
2005-11-11,466.9,468.7,468.7,468.7
2005-11-14,469.4,468.0,468.0,468.0
2005-11-15,469.35,468.25,468.25,468.25
2005-11-16,468.68,479.38,479.38,479.38
2005-11-17,479.1,484.95,484.95,484.95
2005-11-18,485.65,485.8,485.8,485.8
2005-11-21,485.1,491.15,491.15,491.15
2005-11-22,491.62,494.38,494.38,494.38
2005-11-23,493.9,492.1,492.1,492.1
2005-11-24,493.62,493.38,493.38,493.38
2005-11-25,493.62,496.07,496.07,496.07
2005-11-28,497.15,498.6,498.6,498.6
2005-11-29,498.65,500.1,500.1,500.1
2005-11-30,499.35,493.85,493.85,493.85
2005-12-01,493.88,503.38,503.38,503.38
2005-12-02,504.15,503.4,503.4,503.4
2005-12-05,504.38,509.38,509.38,509.38
2005-12-06,509.9,511.4,511.4,511.4
2005-12-07,511.2,515.2,515.2,515.2
2005-12-08,515.2,521.0,521.0,521.0
2005-12-09,520.85,526.05,526.05,526.05
2005-12-12,527.4,528.3,528.3,528.3
2005-12-13,525.88,518.88,518.88,518.88
2005-12-14,518.85,505.75,505.75,505.75
2005-12-15,504.9,503.1,503.1,503.1
2005-12-16,502.9,503.3,503.3,503.3
2005-12-19,504.9,503.9,503.9,503.9
2005-12-20,504.0,492.7,492.7,492.7
2005-12-21,492.7,495.0,495.0,495.0
2005-12-22,495.4,503.8,503.8,503.8
2005-12-23,504.2,503.0,503.0,503.0
2005-12-26,504.5,505.0,505.0,505.0
2005-12-27,504.85,507.95,507.95,507.95
2005-12-28,507.85,515.85,515.85,515.85
2005-12-29,516.75,516.05,516.05,516.05
2005-12-30,515.4,517.6,517.6,517.6
2006-01-03,517.15,533.6,533.6,533.6
2006-01-04,534.6,534.55,534.55,534.55
2006-01-05,534.6,525.05,525.05,525.05
2006-01-06,525.35,539.65,539.65,539.65
2006-01-09,539.38,549.12,549.12,549.12
2006-01-10,549.1,542.55,542.55,542.55
2006-01-11,541.9,549.0,549.0,549.0
2006-01-12,549.4,548.2,548.2,548.2
2006-01-13,546.38,556.88,556.88,556.88
2006-01-16,556.9,562.2,562.2,562.2
2006-01-17,561.4,554.5,554.5,554.5
2006-01-18,554.6,544.0,544.0,544.0
2006-01-19,543.15,558.0,558.0,558.0
2006-01-20,557.9,568.0,553.4,553.8
2006-01-23,553.4,560.5,549.4,559.2
2006-01-24,559.5,560.15,552.65,558.7
2006-01-25,558.45,566.65,556.85,563.45
2006-01-26,563.55,563.85,554.85,560.15
2006-01-27,559.7,564.35,555.95,559.55
2006-01-30,558.45,569.35,558.35,569.15
2006-01-31,568.25,572.65,566.05,568.95
2006-02-01,568.95,571.85,563.75,569.15
2006-02-02,569.45,575.05,567.65,572.45
2006-02-03,572.25,574.15,565.05,567.65
2006-02-06,569.2,573.95,568.7,569.85
2006-02-07,569.95,571.25,548.15,548.85
2006-02-08,549.05,553.25,545.35,550.85
2006-02-09,551.35,566.95,549.65,563.95
2006-02-10,564.25,568.95,547.05,550.95
2006-02-13,550.35,551.95,539.05,539.05
2006-02-14,538.38,547.62,534.88,547.62
2006-02-15,547.95,548.2,535.95,539.95
2006-02-16,538.45,546.45,535.45,546.25
2006-02-17,546.45,554.45,544.45,552.15
2006-02-20,552.2,557.05,551.95,556.05
2006-02-21,555.6,556.35,551.35,553.85
2006-02-22,554.65,555.45,547.45,554.35
2006-02-23,554.62,554.73,548.27,549.38
2006-02-24,547.45,559.95,547.45,558.95
2006-02-27,558.35,559.1,552.55,555.15
2006-02-28,553.7,561.95,553.2,561.75
2006-03-01,561.15,566.95,560.6,563.85
2006-03-02,562.45,568.75,562.2,568.75
2006-03-03,569.45,570.95,564.65,565.05
2006-03-06,565.95,568.6,552.55,555.55
2006-03-07,555.15,559.2,548.75,552.95
2006-03-08,552.45,554.2,538.45,543.85
2006-03-09,543.7,550.55,540.3,546.05
2006-03-10,545.45,547.3,534.05,540.35
2006-03-13,541.2,546.95,540.95,546.15
2006-03-14,546.05,552.45,542.75,551.95
2006-03-15,551.2,557.35,550.45,553.95
2006-03-16,553.05,557.05,547.55,555.25
2006-03-17,555.45,557.95,552.15,553.85
2006-03-20,554.55,556.65,550.15,554.45
2006-03-21,554.75,555.45,547.35,551.85
2006-03-22,552.05,553.7,547.15,550.55
2006-03-23,550.85,551.45,545.05,550.15
2006-03-24,550.15,561.15,548.95,560.45
2006-03-27,559.95,568.75,558.65,566.95
2006-03-28,567.0,569.3,563.2,564.5
2006-03-29,564.75,574.05,560.45,573.45
2006-03-30,573.45,589.15,571.45,588.65
2006-03-31,588.75,589.15,579.05,583.65
2006-04-03,582.95,591.95,582.25,588.75
2006-04-04,588.25,590.45,584.85,586.45
2006-04-05,585.95,589.85,582.35,588.85
2006-04-06,589.15,596.95,587.2,595.25
2006-04-07,596.15,598.45,585.25,588.45
2006-04-10,589.15,600.3,588.3,600.0
2006-04-11,600.1,604.4,593.1,593.5
2006-04-12,593.17,600.38,593.17,598.38
2006-04-13,598.5,598.8,590.9,596.5
2006-04-14,596.75,599.8,595.75,599.8
2006-04-17,600.4,615.8,600.4,614.0
2006-04-18,614.2,622.1,612.5,621.6
2006-04-19,621.8,640.3,621.4,639.9
2006-04-20,639.7,646.15,608.2,615.3
2006-04-21,610.65,634.4,610.6,634.0
2006-04-24,639.5,639.5,619.2,621.3
2006-04-25,621.2,635.1,619.0,630.3
2006-04-26,630.7,640.9,628.6,639.0
2006-04-27,639.4,643.5,627.7,634.0
2006-04-28,634.0,655.8,633.9,654.5
2006-05-01,654.6,661.6,652.4,658.1
2006-05-02,654.5,667.7,653.5,667.6
2006-05-03,668.0,676.8,660.5,667.5
2006-05-04,667.9,677.9,660.9,677.4
2006-05-05,678.5,684.6,675.3,682.7
2006-05-08,685.2,685.2,670.5,678.8
2006-05-09,679.0,701.0,677.75,700.8
2006-05-10,700.7,707.5,693.8,707.5
2006-05-11,709.1,726.5,704.75,719.3
2006-05-12,714.2,730.5,708.3,714.8
2006-05-15,714.2,721.0,678.1,681.1
2006-05-16,679.0,692.5,674.5,689.6
2006-05-17,688.9,716.4,685.7,689.9
2006-05-18,686.9,694.5,678.8,682.3
2006-05-19,683.9,688.9,651.4,657.6
2006-05-22,656.6,661.65,636.6,656.2
2006-05-23,656.5,674.0,650.9,671.5
2006-05-24,669.4,670.9,637.8,641.9
2006-05-25,642.6,651.3,639.0,650.8
2006-05-26,650.1,655.5,640.4,652.0
2006-05-29,653.15,654.1,646.4,650.5
2006-05-30,651.8,665.0,648.6,652.8
2006-05-31,653.1,659.7,638.9,643.7
2006-06-01,643.3,645.4,621.3,629.6
2006-06-02,629.3,639.0,618.9,638.2
2006-06-05,638.65,645.35,637.05,637.35
2006-06-06,635.35,639.15,625.35,630.15
2006-06-07,630.35,630.55,616.6,626.95
2006-06-08,626.95,627.45,607.85,612.15
2006-06-09,613.35,617.45,601.0,607.45
2006-06-12,603.85,611.75,602.85,605.85
2006-06-13,604.75,605.05,562.45,563.25
2006-06-14,564.35,571.45,543.35,559.35
2006-06-15,560.55,576.8,554.25,570.0
2006-06-16,570.35,585.35,567.35,580.85
2006-06-19,580.35,580.45,566.05,569.15
2006-06-20,565.5,576.7,561.0,576.5
2006-06-21,575.1,590.55,570.55,586.85
2006-06-22,587.35,595.15,580.35,580.65
2006-06-23,580.85,586.45,571.85,583.35
2006-06-26,584.9,587.5,577.5,585.45
2006-06-27,585.3,596.1,581.9,581.9
2006-06-28,579.5,586.8,576.9,580.2
2006-06-29,580.4,598.0,579.4,598.0
2006-06-30,597.4,615.9,597.35,613.1
2006-07-03,618.0,625.55,617.0,624.5
2006-07-04,624.0,624.0,617.0,622.0
2006-07-05,622.35,630.85,617.85,628.45
2006-07-06,628.85,635.5,622.75,633.95
2006-07-07,633.65,637.75,627.75,630.55
2006-07-10,630.25,632.75,620.75,624.05
2006-07-11,624.15,643.75,621.75,641.35
2006-07-12,641.05,656.05,639.75,651.25
2006-07-13,650.85,661.0,644.75,660.05
2006-07-14,663.45,668.5,659.55,665.15
2006-07-17,668.75,676.75,642.85,643.15
2006-07-18,642.9,654.5,628.1,631.2
2006-07-19,630.85,646.75,618.3,642.05
2006-07-20,643.6,645.1,629.05,629.15
2006-07-21,629.65,637.15,616.25,620.75
2006-07-24,620.88,621.12,601.98,612.48
2006-07-25,615.25,624.0,610.15,619.45
2006-07-26,618.88,623.27,613.27,622.17
2006-07-27,624.12,640.88,624.12,633.88
2006-07-28,634.5,637.75,626.1,635.9
2006-07-31,636.38,638.98,629.27,634.58
2006-08-01,636.0,647.6,630.5,647.2
2006-08-02,647.25,656.2,645.75,650.95
2006-08-03,651.85,653.5,639.35,645.05
2006-08-04,645.35,654.85,643.75,646.45
2006-08-07,644.17,652.17,644.17,647.98
2006-08-08,647.75,650.0,641.25,643.75
2006-08-09,644.25,655.3,636.5,650.65
2006-08-10,650.48,654.12,634.27,635.17
2006-08-11,637.5,645.55,626.5,632.7
2006-08-14,633.4,633.4,623.9,629.2
2006-08-15,626.4,628.7,621.0,625.0
2006-08-16,624.8,632.8,624.0,628.8
2006-08-17,628.7,632.1,613.7,614.5
2006-08-18,613.8,619.15,607.4,615.0
2006-08-21,614.0,628.5,613.8,627.8
2006-08-22,628.15,629.25,620.85,624.05
2006-08-23,624.05,631.55,621.75,622.35
2006-08-24,621.75,626.7,619.25,621.85
2006-08-25,620.25,624.65,618.55,623.25
2006-08-28,622.35,624.25,613.25,614.05
2006-08-29,614.35,618.25,607.55,612.75
2006-08-30,614.75,621.55,612.85,619.75
2006-08-31,619.1,627.6,618.1,626.9
2006-09-01,625.3,628.1,620.05,625.5
2006-09-04,625.05,628.0,625.05,626.5
2006-09-05,627.3,640.5,626.5,638.6
2006-09-06,638.5,640.75,633.1,633.5
2006-09-07,633.5,636.5,615.3,616.7
2006-09-08,617.2,619.75,606.7,610.8
2006-09-11,610.15,611.15,583.35,591.75
2006-09-12,590.75,599.75,584.65,587.75
2006-09-13,587.95,593.35,579.35,589.95
2006-09-14,589.85,595.75,576.75,576.75
2006-09-15,576.85,581.85,571.95,579.85
2006-09-18,581.35,589.25,578.55,588.85
2006-09-19,588.05,589.25,575.65,575.65
2006-09-20,573.0,586.8,572.8,576.6
2006-09-21,576.7,584.3,574.75,584.3
2006-09-22,585.5,593.0,584.5,588.3
2006-09-25,589.25,591.1,582.5,586.7
2006-09-26,587.0,594.25,586.3,591.7
2006-09-27,592.1,600.4,590.0,600.4
2006-09-28,602.6,607.0,600.9,602.9
2006-09-29,601.25,604.0,595.0,598.3
2006-10-02,598.5,604.2,595.2,595.2
2006-10-03,596.0,598.25,574.2,574.7
2006-10-04,574.5,581.0,559.9,566.6
2006-10-05,567.5,574.75,562.5,574.0
2006-10-06,573.4,573.8,560.4,573.8
2006-10-09,575.5,581.25,572.0,576.7
2006-10-10,577.3,581.6,569.3,573.0
2006-10-11,573.2,579.3,570.5,573.3
2006-10-12,573.0,579.0,571.2,578.6
2006-10-13,578.5,590.8,577.4,590.0
2006-10-16,591.0,596.3,590.25,596.0
2006-10-17,597.25,598.0,585.9,590.4
2006-10-18,590.1,595.5,587.4,589.9
2006-10-19,589.7,600.8,586.7,599.3
2006-10-20,600.3,602.7,591.8,591.9
2006-10-23,590.75,593.25,579.85,582.05
2006-10-24,581.75,584.45,573.85,584.35
2006-10-25,585.25,591.65,580.35,591.65
2006-10-26,591.75,599.25,590.45,596.55
2006-10-27,596.95,600.05,592.15,600.05
2006-10-30,599.0,611.0,598.7,604.5
2006-10-31,604.5,607.8,598.5,606.6
2006-11-01,606.4,619.2,605.7,618.1
2006-11-02,617.5,625.9,614.5,623.6
2006-11-03,624.0,629.0,617.5,628.0
2006-11-06,626.5,629.9,622.9,623.1
2006-11-07,623.1,629.4,622.2,624.9
2006-11-08,625.27,626.98,613.27,615.77
2006-11-09,615.9,636.0,615.4,633.7
2006-11-10,633.4,637.0,626.5,628.7
2006-11-13,629.1,632.9,620.8,626.1
2006-11-14,625.6,629.4,619.5,620.9
2006-11-15,621.0,625.5,615.8,622.6
2006-11-16,623.0,628.6,618.2,618.7
2006-11-17,618.9,622.7,614.8,622.0
2006-11-20,621.5,627.0,620.9,622.7
2006-11-21,623.0,629.6,622.25,627.0
2006-11-22,627.6,634.9,626.4,630.2
2006-11-23,630.3,631.8,629.0,631.25
2006-11-24,631.0,640.3,631.0,638.2
2006-11-27,639.0,642.25,637.2,641.3
2006-11-28,640.8,642.2,632.7,640.0
2006-11-29,639.7,640.9,635.0,636.6
2006-11-30,636.5,649.0,636.5,648.3
2006-12-01,648.0,650.0,643.9,645.8
2006-12-04,645.25,648.2,640.9,645.9
2006-12-05,646.45,649.25,638.95,643.95
2006-12-06,643.65,643.65,629.95,631.55
2006-12-07,631.25,632.85,625.65,632.55
2006-12-08,634.15,638.55,625.15,625.15
2006-12-11,625.15,631.05,623.35,630.45
2006-12-12,630.35,631.5,627.05,630.05
2006-12-13,630.15,630.85,623.75,629.15
2006-12-14,628.75,629.55,625.55,626.05
2006-12-15,625.65,629.65,614.95,615.25
2006-12-18,615.65,618.75,612.05,615.95
2006-12-19,616.35,622.95,615.35,622.75
2006-12-20,622.95,624.75,619.35,620.65
2006-12-21,620.5,622.75,618.2,618.5
2006-12-22,618.6,621.7,618.25,621.0
2006-12-25,620.75,621.25,620.25,620.75
2006-12-26,622.6,630.0,622.5,624.9
2006-12-27,624.8,629.6,624.2,627.3
2006-12-28,627.3,635.7,626.75,635.0
2006-12-29,634.8,636.8,632.3,636.8
2007-01-02,637.3,641.3,636.3,640.5
2007-01-03,640.5,645.4,625.3,627.7
2007-01-04,627.5,630.7,622.0,622.0
2007-01-05,622.0,626.5,602.2,607.4
2007-01-08,608.75,610.1,604.4,609.9
2007-01-09,609.8,616.2,606.5,613.5
2007-01-10,613.6,614.5,606.2,611.7
2007-01-11,611.6,616.25,609.2,611.9
2007-01-12,611.75,627.7,610.1,626.9
2007-01-15,626.2,628.3,624.5,626.7
2007-01-16,626.5,628.2,622.9,625.4
2007-01-17,625.0,634.3,620.7,631.9
2007-01-18,631.8,636.9,627.0,628.0
2007-01-19,627.0,636.5,626.9,635.5
2007-01-22,635.75,640.1,632.7,632.9
2007-01-23,633.25,648.0,633.1,646.6
2007-01-24,646.7,649.1,639.0,648.5
2007-01-25,648.6,654.5,645.7,646.1
2007-01-26,646.2,648.4,641.1,646.6
2007-01-29,646.3,648.2,641.2,643.1
2007-01-30,643.8,647.5,641.3,647.4
2007-01-31,647.2,655.2,642.6,653.2
2007-02-01,653.0,662.0,652.2,657.7
2007-02-02,657.15,659.85,643.15,648.25
2007-02-05,648.35,652.25,646.45,648.55
2007-02-06,648.35,658.75,648.25,653.75
2007-02-07,653.55,656.85,651.55,651.65
2007-02-08,651.65,660.95,648.05,660.75
2007-02-09,660.55,668.15,657.15,666.65
2007-02-12,667.95,668.55,660.0,662.05
2007-02-13,660.8,668.6,660.8,664.35
2007-02-14,664.35,672.2,663.75,669.15
2007-02-15,668.75,670.85,662.55,669.35
2007-02-16,670.05,670.05,662.9,669.05
2007-02-19,669.35,673.55,667.85,671.55
2007-02-20,670.85,672.15,655.75,658.75
2007-02-21,657.45,682.45,657.25,679.25
2007-02-22,678.1,681.25,676.05,677.75
2007-02-23,677.55,688.55,673.05,682.85
2007-02-26,681.65,689.35,681.65,687.35
2007-02-27,687.1,689.7,675.3,680.0
2007-02-28,679.35,679.35,660.35,669.95
2007-03-01,669.55,677.55,661.55,664.55
2007-03-02,664.85,665.85,640.15,642.95
2007-03-05,643.8,645.2,633.5,635.8
2007-03-06,636.3,648.0,632.8,647.3
2007-03-07,646.25,650.85,642.85,645.95
2007-03-08,649.5,656.2,647.6,651.3
2007-03-09,651.58,658.38,649.48,650.27
2007-03-12,649.25,654.25,646.1,651.2
2007-03-13,650.5,652.2,643.4,643.5
2007-03-14,643.3,646.2,637.0,644.1
2007-03-15,644.0,650.25,643.5,646.9
2007-03-16,646.9,655.6,646.2,652.9
2007-03-19,653.2,656.75,652.1,653.7
2007-03-20,654.5,661.1,652.9,658.3
2007-03-21,658.5,664.3,657.2,664.2
2007-03-22,664.1,667.1,662.3,663.8
2007-03-23,663.9,664.7,655.5,657.1
2007-03-26,657.75,665.6,657.3,663.8
2007-03-27,664.1,666.1,661.8,664.1
2007-03-28,664.9,670.0,663.8,665.6
2007-03-29,666.7,666.7,655.3,661.3
2007-03-30,661.8,668.4,660.9,663.6
2007-04-02,665.7,666.3,656.7,663.9
2007-04-03,664.8,668.0,662.3,664.0
2007-04-04,665.1,676.3,663.6,674.5
2007-04-05,674.45,675.65,671.65,674.45
2007-04-06,674.0,674.7,673.25,674.5
2007-04-09,674.0,678.05,669.5,670.75
2007-04-10,671.5,681.8,671.1,677.3
2007-04-11,677.8,681.1,674.5,677.3
2007-04-12,677.5,680.3,671.6,676.0
2007-04-13,676.5,686.3,675.9,685.6
2007-04-16,686.25,691.25,683.45,690.55
2007-04-17,690.25,691.05,686.05,687.85
2007-04-18,686.65,690.95,685.95,689.55
2007-04-19,689.65,691.75,678.95,682.65
2007-04-20,683.85,693.85,682.85,691.35
2007-04-23,693.25,693.85,686.85,689.05
2007-04-24,689.55,691.95,681.15,683.35
2007-04-25,683.65,686.95,682.05,685.65
2007-04-26,685.55,687.15,671.4,674.95
2007-04-27,674.65,682.15,670.95,680.95
2007-04-30,681.45,682.15,676.05,678.25
2007-05-01,678.45,680.5,671.75,673.35
2007-05-02,673.95,675.25,667.55,672.85
2007-05-03,672.75,682.95,671.95,682.35
2007-05-04,682.55,691.4,680.9,688.75
2007-05-07,688.55,691.55,686.95,688.45
2007-05-08,689.25,689.45,682.35,685.35
2007-05-09,685.25,687.35,676.25,680.65
2007-05-10,680.65,681.65,664.75,666.45
2007-05-11,666.35,673.25,664.85,671.05
2007-05-14,671.55,675.0,666.25,669.95
2007-05-15,669.75,674.25,665.25,672.15
2007-05-16,672.55,673.95,660.15,662.15
2007-05-17,662.65,665.25,654.15,657.75
2007-05-18,657.95,663.15,656.25,661.65
2007-05-21,662.75,664.55,657.35,663.35
2007-05-22,662.95,665.25,658.05,659.05
2007-05-23,659.85,665.45,657.75,661.35
2007-05-24,661.85,663.25,652.05,654.75
2007-05-25,654.45,657.55,653.75,656.15
2007-05-28,655.5,658.85,653.85,655.65
2007-05-29,656.2,662.6,654.25,656.75
2007-05-30,656.4,659.55,652.35,653.65
2007-05-31,653.2,662.7,653.2,660.95
2007-06-01,662.2,672.7,660.85,671.45
2007-06-04,671.55,674.65,668.75,671.25
2007-06-05,671.75,674.7,669.45,670.15
2007-06-06,670.35,672.75,665.35,670.85
2007-06-07,670.65,673.15,658.55,659.45
2007-06-08,659.25,661.85,645.15,648.55
2007-06-11,649.35,655.55,648.95,653.75
2007-06-12,653.55,655.15,646.15,647.25
2007-06-13,647.95,653.1,643.65,650.85
2007-06-14,651.35,654.75,646.6,651.95
2007-06-15,652.35,656.2,650.25,655.75
2007-06-18,655.65,659.8,655.05,656.35
2007-06-19,655.95,662.15,653.95,661.35
2007-06-20,661.45,662.1,655.15,655.25
2007-06-21,654.75,657.2,648.25,651.95
2007-06-22,651.85,656.95,650.95,654.35
2007-06-25,654.2,654.9,649.0,651.4
2007-06-26,652.0,652.0,640.2,640.3
2007-06-27,643.05,645.35,639.65,643.75
2007-06-28,642.75,650.4,641.75,648.75
2007-06-29,648.85,652.95,646.85,649.65
2007-07-02,651.5,659.55,648.85,657.35
2007-07-03,656.9,658.3,652.2,653.5
2007-07-04,653.1,655.15,653.1,654.2
2007-07-05,654.1,656.85,646.1,649.8
2007-07-06,649.5,656.2,645.4,655.9
2007-07-09,656.4,663.2,653.8,660.2
2007-07-10,660.4,665.2,659.0,663.5
2007-07-11,663.7,666.3,660.1,661.1
2007-07-12,660.4,669.45,660.4,667.4
2007-07-13,666.8,668.85,663.7,667.3
2007-07-16,666.4,668.9,664.0,665.0
2007-07-17,665.2,667.45,662.4,664.8
2007-07-18,664.6,674.3,664.6,672.9
2007-07-19,673.1,677.9,671.4,677.9
2007-07-20,677.6,686.4,675.4,683.7
2007-07-23,684.1,685.1,680.55,681.4
2007-07-24,681.9,687.5,681.3,682.2
2007-07-25,682.2,682.2,670.9,675.3
2007-07-26,675.6,677.0,660.75,661.7
2007-07-27,663.1,667.4,657.3,661.4
2007-07-30,661.1,665.9,660.2,665.2
2007-07-31,665.2,669.2,663.5,663.5
2007-08-01,663.4,667.5,659.4,667.3
2007-08-02,667.5,667.65,662.8,665.0
2007-08-03,665.7,674.6,665.2,673.3
2007-08-06,672.9,676.8,669.1,671.8
2007-08-07,672.1,673.15,666.6,672.4
2007-08-08,672.2,677.0,669.9,674.6
2007-08-09,674.8,674.8,659.9,661.6
2007-08-10,666.4,676.9,658.5,672.8
2007-08-13,672.4,673.1,668.5,669.4
2007-08-14,669.2,671.7,666.15,669.2
2007-08-15,669.5,671.1,662.4,667.6
2007-08-16,667.4,668.2,641.5,652.8
2007-08-17,650.3,663.8,645.8,657.2
2007-08-20,656.6,660.6,653.6,658.2
2007-08-21,658.6,660.1,654.5,657.5
2007-08-22,657.6,662.2,654.9,661.1
2007-08-23,660.8,665.45,658.65,659.9
2007-08-24,660.35,669.5,657.65,668.4
2007-08-27,668.9,668.9,665.8,667.6
2007-08-28,667.1,668.5,662.2,662.6
2007-08-29,662.2,669.05,661.8,667.5
2007-08-30,667.7,668.1,663.5,665.1
2007-08-31,665.0,674.7,664.7,673.0
2007-09-03,673.25,673.75,671.25,672.35
2007-09-04,672.9,683.8,671.6,682.1
2007-09-05,682.4,683.5,678.5,681.7
2007-09-06,681.6,698.0,681.05,695.5
2007-09-07,696.3,707.4,692.2,700.8
2007-09-10,700.4,707.0,699.3,702.9
2007-09-11,702.6,714.5,702.3,712.7
2007-09-12,712.2,714.4,705.7,711.9
2007-09-13,711.3,712.5,703.8,708.6
2007-09-14,708.0,717.4,704.2,707.1
2007-09-17,706.7,720.05,706.4,717.8
2007-09-18,717.4,724.5,712.0,723.8
2007-09-19,724.1,726.4,720.75,721.7
2007-09-20,721.6,738.7,721.2,733.4
2007-09-21,734.0,739.4,727.3,731.2
2007-09-24,729.6,736.45,726.7,730.4
2007-09-25,730.5,733.85,722.7,731.4
2007-09-26,731.5,737.1,726.8,728.1
2007-09-27,728.0,736.3,727.2,734.5
2007-09-28,734.2,745.9,733.6,744.1
2007-10-01,744.2,748.05,741.3,747.2
2007-10-02,747.4,747.5,724.75,731.5
2007-10-03,732.1,736.4,726.5,727.6
2007-10-04,728.6,738.6,721.1,737.7
2007-10-05,737.8,744.3,728.1,742.7
2007-10-08,741.65,742.7,731.55,733.3
2007-10-09,733.2,740.6,727.15,738.0
2007-10-10,738.2,746.2,737.5,741.0
2007-10-11,740.9,754.0,740.6,747.8
2007-10-12,748.3,752.5,745.2,749.6
2007-10-15,749.3,760.3,747.8,759.3
2007-10-16,759.0,767.0,754.4,760.2
2007-10-17,760.65,765.0,754.5,755.0
2007-10-18,755.3,766.6,755.1,766.6
2007-10-19,768.15,770.4,758.5,765.2
2007-10-22,766.7,768.6,745.9,754.4
2007-10-23,754.8,761.3,753.0,759.7
2007-10-24,759.6,764.35,754.3,763.9
2007-10-25,764.1,769.6,762.0,769.3
2007-10-26,769.2,786.1,768.6,785.4
2007-10-29,784.8,794.8,784.5,791.4
2007-10-30,791.2,792.4,779.5,781.6
2007-10-31,781.9,796.9,777.1,796.2
2007-11-01,796.12,799.92,784.73,787.62
2007-11-02,787.9,808.1,787.4,807.5
2007-11-05,807.4,811.3,801.3,806.5
2007-11-06,806.5,824.7,806.3,824.2
2007-11-07,825.1,845.8,822.7,832.2
2007-11-08,830.5,845.7,824.0,831.6
2007-11-09,832.7,839.3,827.6,831.7
2007-11-12,830.9,831.0,797.9,803.6
2007-11-13,803.5,809.1,791.2,800.6
2007-11-14,801.0,816.0,800.1,811.8
2007-11-15,811.6,818.3,782.75,788.6
2007-11-16,789.0,797.65,784.0,787.3
2007-11-19,786.5,794.3,775.3,781.7
2007-11-20,781.9,803.7,773.0,803.7
2007-11-21,804.5,807.4,794.8,802.2
2007-11-22,800.45,805.8,798.3,804.4
2007-11-23,804.6,826.1,803.0,823.4
2007-11-26,821.4,837.1,821.4,822.6
2007-11-27,824.4,829.5,808.3,811.5
2007-11-28,812.5,815.7,791.7,805.3
2007-11-29,803.9,808.3,793.0,793.2
2007-11-30,793.1,799.4,779.1,782.9
2007-12-03,783.1,791.8,777.4,791.5
2007-12-04,791.8,805.9,787.0,803.2
2007-12-05,802.1,807.1,791.6,795.4
2007-12-06,794.6,805.75,785.4,802.7
2007-12-07,802.6,805.2,791.4,795.6
2007-12-10,794.8,812.5,794.3,809.5
2007-12-11,808.6,813.4,797.2,797.5
2007-12-12,797.8,817.4,797.1,813.8
2007-12-13,813.9,813.9,792.0,797.4
2007-12-14,797.6,803.9,788.0,794.9
2007-12-17,793.8,798.9,785.4,791.7
2007-12-18,792.9,806.6,790.4,802.2
2007-12-19,802.9,805.0,797.9,802.2
2007-12-20,802.4,803.4,793.6,796.7
2007-12-21,796.7,812.6,795.7,810.8
2007-12-24,811.7,815.2,808.4,811.9
2007-12-25,811.7,812.2,804.15,807.0
2007-12-26,808.65,826.5,808.2,825.0
2007-12-27,824.4,831.6,821.7,824.8
2007-12-28,825.9,840.2,824.8,839.0
2007-12-31,839.5,843.6,832.1,833.6
2008-01-01,833.7,833.8,833.6,833.7
2008-01-02,837.0,861.5,834.7,857.2
2008-01-03,857.0,869.45,853.4,863.4
2008-01-04,863.7,868.9,854.6,861.5
2008-01-07,860.8,865.2,855.6,857.9
2008-01-08,857.9,881.5,856.9,877.7
2008-01-09,877.7,891.8,872.0,877.8
2008-01-10,878.5,895.3,866.4,893.1
2008-01-11,892.65,898.35,887.5,895.75
2008-01-14,898.0,914.4,892.6,905.2
2008-01-15,903.75,914.15,893.65,894.85
2008-01-16,889.85,899.6,874.55,877.55
2008-01-17,878.55,890.45,875.85,877.75
2008-01-18,877.25,888.55,870.45,884.55
2008-01-21,881.6,882.85,858.75,866.35
2008-01-22,861.6,894.65,849.85,890.65
2008-01-23,890.65,895.95,876.75,889.45
2008-01-24,891.1,910.85,889.1,907.35
2008-01-25,913.0,923.9,908.5,913.5
2008-01-28,915.6,929.55,914.85,927.85
2008-01-29,927.35,933.45,917.1,923.85
2008-01-30,923.75,933.0,917.2,929.0
2008-01-31,927.62,929.23,919.23,925.62
2008-02-01,924.38,936.88,905.08,910.38
2008-02-04,906.1,912.6,892.0,904.75
2008-02-05,903.85,906.6,885.65,887.2
2008-02-06,887.1,907.55,886.15,900.75
2008-02-07,900.1,911.35,896.65,909.15
2008-02-08,905.35,920.45,905.35,918.35
2008-02-11,921.35,927.25,916.0,924.75
2008-02-12,924.2,925.0,903.1,906.1
2008-02-13,906.5,910.4,896.5,905.1
2008-02-14,906.7,914.2,901.9,908.2
2008-02-15,908.7,915.6,898.3,902.7
2008-02-18,903.2,909.65,900.5,906.4
2008-02-19,905.6,930.8,905.15,927.6
2008-02-20,927.9,945.6,913.7,944.9
2008-02-21,943.9,954.0,937.9,944.9
2008-02-22,944.9,949.8,935.7,945.5
2008-02-25,946.0,952.3,933.1,939.8
2008-02-26,940.2,948.9,926.8,948.9
2008-02-27,948.2,965.1,948.1,958.2
2008-02-28,957.65,969.35,953.35,969.35
2008-02-29,956.58,976.27,956.58,972.48
2008-03-03,973.4,989.7,973.4,983.8
2008-03-04,983.9,988.3,960.8,963.4
2008-03-05,964.2,992.2,959.85,988.3
2008-03-06,988.6,992.3,965.3,978.1
2008-03-07,978.8,988.4,969.8,973.4
2008-03-10,973.4,980.8,961.4,973.4
2008-03-11,973.6,985.7,964.75,973.4
2008-03-12,973.1,983.5,968.5,983.5
2008-03-13,983.7,1000.3,981.8,995.3
2008-03-14,996.0,1007.5,990.9,993.2
2008-03-17,1002.9,1031.2,998.8,1002.7
2008-03-18,1003.9,1012.7,978.2,981.9
2008-03-19,981.2,997.6,939.5,943.9
2008-03-20,938.7,943.4,905.05,910.0
2008-03-21,913.4,920.3,911.4,919.5
2008-03-24,915.6,926.7,906.4,915.1
2008-03-25,914.3,939.2,911.9,938.7
2008-03-26,939.0,954.8,934.9,954.1
2008-03-27,954.3,954.9,940.35,947.8
2008-03-28,947.5,950.9,923.5,930.4
2008-03-31,931.6,941.2,915.3,915.7
2008-04-01,915.65,921.0,873.3,883.5
2008-04-02,884.3,905.7,882.0,903.9
2008-04-03,902.2,909.1,889.7,903.3
2008-04-04,904.1,914.8,899.6,913.3
2008-04-07,912.7,929.5,911.0,920.4
2008-04-08,920.9,925.9,908.3,915.4
2008-04-09,915.6,935.1,903.2,934.2
2008-04-10,934.0,939.8,922.5,928.8
2008-04-11,929.2,932.3,918.3,925.3
2008-04-14,919.6,931.5,914.5,924.5
2008-04-15,924.7,936.9,921.65,928.4
2008-04-16,928.3,949.3,924.4,945.1
2008-04-17,945.2,953.0,937.7,939.3
2008-04-18,939.3,946.8,904.75,916.4
2008-04-21,918.9,928.9,911.8,914.2
2008-04-22,914.5,926.0,912.5,918.0
2008-04-23,917.5,923.6,898.1,904.2
2008-04-24,903.65,907.3,884.05,886.8
2008-04-25,887.3,897.5,878.6,886.15
2008-04-28,888.5,896.8,886.75,893.5
2008-04-29,893.3,893.85,869.2,871.05
2008-04-30,870.2,877.1,863.3,870.95
2008-05-01,877.15,882.3,848.1,852.65
2008-05-02,852.25,859.9,846.0,856.45
2008-05-05,858.8,875.05,858.55,874.05
2008-05-06,873.65,883.7,871.7,876.05
2008-05-07,876.1,882.05,864.75,868.15
2008-05-08,868.9,886.25,864.25,883.3
2008-05-09,884.3,890.8,871.0,884.9
2008-05-12,884.2,890.1,878.45,882.9
2008-05-13,882.7,885.65,861.6,866.5
2008-05-14,866.25,871.8,860.3,864.65
2008-05-15,864.95,888.5,862.75,881.45
2008-05-16,882.2,905.7,880.5,902.3
2008-05-19,904.0,914.35,901.55,904.95
2008-05-20,905.1,924.4,903.4,919.35
2008-05-21,920.95,932.9,917.4,932.35
2008-05-22,932.45,936.3,918.05,921.85
2008-05-23,920.65,929.6,915.55,925.2
2008-05-26,925.4,929.6,923.95,929.1
2008-05-27,929.05,931.5,904.5,905.8
2008-05-28,905.7,910.4,889.9,901.1
2008-05-29,902.75,903.7,874.05,877.4
2008-05-30,878.15,890.6,871.0,886.9
2008-06-02,887.45,897.8,881.8,890.5
2008-06-03,891.1,898.1,876.1,881.4
2008-06-04,881.1,887.5,876.85,878.65
2008-06-05,878.85,880.8,865.45,878.35
2008-06-06,877.5,902.45,877.4,902.35
2008-06-09,902.85,909.7,891.4,892.9
2008-06-10,892.3,895.65,865.15,867.35
2008-06-11,868.3,883.7,867.8,880.55
2008-06-12,880.6,883.0,857.8,868.9
2008-06-13,869.2,874.95,860.1,871.2
2008-06-16,869.85,895.7,867.5,882.3
2008-06-17,882.5,889.35,874.8,882.9
2008-06-18,882.55,894.9,881.25,893.95
2008-06-19,894.7,908.9,884.05,898.85
2008-06-20,898.6,908.4,896.75,901.85
2008-06-23,901.95,907.85,877.7,884.05
2008-06-24,883.8,894.2,882.65,889.9
2008-06-25,890.0,890.75,874.5,886.3
2008-06-26,886.7,918.0,885.2,917.05
2008-06-27,916.8,931.1,910.8,927.85
2008-06-30,929.2,936.0,919.0,925.1
2008-07-01,926.5,946.8,923.15,939.85
2008-07-02,939.95,947.5,932.5,945.35
2008-07-03,944.6,947.35,927.7,933.85
2008-07-04,933.45,937.0,929.8,933.3
2008-07-07,933.15,933.15,915.3,926.25
2008-07-08,925.75,934.5,913.0,920.0
2008-07-09,920.35,929.55,916.4,928.55
2008-07-10,928.85,948.4,926.1,947.15
2008-07-11,945.55,968.6,942.4,964.7
2008-07-14,966.05,975.65,954.4,972.7
2008-07-15,973.4,988.75,966.0,977.6
2008-07-16,977.85,981.75,958.3,960.1
2008-07-17,959.85,979.25,954.2,957.6
2008-07-18,957.3,965.1,950.5,955.3
2008-07-21,956.25,969.25,955.55,966.3
2008-07-22,965.55,976.35,943.2,945.4
2008-07-23,945.7,949.75,918.15,920.75
2008-07-24,921.1,931.9,916.8,927.5
2008-07-25,928.25,935.9,919.4,929.7
2008-07-28,928.9,933.4,922.95,930.9
2008-07-29,931.05,934.0,914.8,917.85
2008-07-30,918.5,919.65,894.5,906.45
2008-07-31,908.0,926.2,906.9,913.85
2008-08-01,914.55,917.9,902.8,910.55
2008-08-04,910.45,916.2,894.4,894.65
2008-08-05,895.25,895.9,873.8,874.25
2008-08-06,874.4,887.0,873.35,879.6
2008-08-07,879.65,885.8,868.4,873.45
2008-08-08,872.45,874.5,851.5,856.35
2008-08-11,856.85,866.5,818.7,823.3
2008-08-12,823.15,827.3,802.9,811.65
2008-08-13,812.3,830.6,806.3,826.6
2008-08-14,826.4,837.5,805.4,806.6
2008-08-15,806.4,806.5,774.9,786.5
2008-08-18,793.75,804.65,790.25,799.35
2008-08-19,799.9,816.25,783.05,814.25
2008-08-20,813.95,818.8,801.2,813.65
2008-08-21,813.45,840.0,811.6,836.45
2008-08-22,835.7,838.5,821.7,823.1
2008-08-25,825.85,826.7,817.45,822.1
2008-08-26,822.05,830.5,807.5,824.6
2008-08-27,824.25,835.4,822.05,826.9
2008-08-28,826.5,845.0,826.0,834.25
2008-08-29,833.8,839.3,829.9,830.8
2008-09-01,835.5,836.3,816.2,818.1
2008-09-02,816.95,819.75,791.4,805.5
2008-09-03,806.25,809.1,790.05,801.25
2008-09-04,801.75,815.7,794.65,795.55
2008-09-05,796.2,820.3,791.35,803.8
2008-09-08,806.0,819.0,797.5,802.35
2008-09-09,801.55,805.8,776.75,776.9
2008-09-10,776.0,784.1,750.95,752.5
2008-09-11,751.65,758.4,737.0,747.8
2008-09-12,748.95,766.75,747.05,764.45
2008-09-15,766.0,787.25,765.4,787.2
2008-09-16,787.45,790.7,772.55,778.55
2008-09-17,777.0,867.6,775.55,864.2
2008-09-18,865.5,907.6,846.7,852.25
2008-09-19,848.75,877.8,825.8,873.15
2008-09-22,873.25,906.4,863.0,901.8
2008-09-23,900.3,910.3,881.65,892.2
2008-09-24,889.75,902.7,878.5,882.1
2008-09-25,883.1,898.1,864.35,877.2
2008-09-26,878.1,912.65,867.7,879.9
2008-09-29,884.0,923.0,869.25,906.25
2008-09-30,904.15,916.0,857.7,871.95
2008-10-01,872.15,894.8,865.6,870.75
2008-10-02,871.25,876.75,831.2,837.0
2008-10-03,837.25,848.4,820.7,836.8
2008-10-06,833.5,877.0,826.9,858.95
2008-10-07,858.0,892.6,856.95,888.6
2008-10-08,889.1,922.0,879.2,908.5
2008-10-09,907.0,920.0,879.65,913.5
2008-10-10,914.6,935.0,827.5,851.4
2008-10-13,851.4,873.0,823.0,832.8
2008-10-14,833.35,855.0,831.25,836.75
2008-10-15,836.2,857.1,831.1,849.0
2008-10-16,848.85,849.9,785.3,806.0
2008-10-17,807.0,817.0,773.3,783.7
2008-10-20,782.4,809.7,781.8,796.5
2008-10-21,798.0,803.75,765.7,771.6
2008-10-22,776.9,777.3,721.6,729.65
2008-10-23,728.7,736.0,699.45,722.0
2008-10-24,724.95,743.2,682.8,735.3
2008-10-27,734.85,747.0,707.6,731.1
2008-10-28,730.65,756.5,725.2,745.8
2008-10-29,747.45,775.4,738.0,756.3
2008-10-30,757.2,778.3,735.4,737.5
2008-10-31,738.2,742.5,719.4,725.05
2008-11-03,723.85,739.15,722.05,722.9
2008-11-04,724.0,768.7,722.6,765.4
2008-11-05,763.55,769.5,738.7,740.65
2008-11-06,742.15,761.5,730.35,734.0
2008-11-07,734.4,745.4,726.25,737.45
2008-11-10,735.8,768.8,735.8,746.5
2008-11-11,746.8,750.0,727.1,732.0
2008-11-12,732.2,739.7,709.3,711.8
2008-11-13,713.05,738.75,702.25,738.55
2008-11-14,736.3,752.75,726.1,742.55
2008-11-17,742.85,749.35,731.0,736.9
2008-11-18,737.35,746.5,732.0,737.85
2008-11-19,738.35,763.8,727.5,733.9
2008-11-20,734.45,753.1,733.8,746.6
2008-11-21,744.6,802.2,743.9,800.0
2008-11-24,801.95,830.7,786.95,821.05
2008-11-25,820.95,831.6,803.3,822.55
2008-11-26,821.4,824.0,809.4,813.2
2008-11-27,813.35,818.0,810.2,816.05
2008-11-28,816.75,821.6,811.0,817.5
2008-12-01,816.0,819.25,769.0,770.55
2008-12-02,771.55,786.85,762.3,783.0
2008-12-03,782.85,784.45,764.85,774.15
2008-12-04,773.65,788.6,762.9,766.65
2008-12-05,767.15,773.45,741.9,757.4
2008-12-08,754.8,782.7,753.65,772.7
2008-12-09,772.9,781.05,763.3,776.6
2008-12-10,776.35,814.1,774.65,808.75
2008-12-11,811.25,835.3,803.1,822.2
2008-12-12,819.85,830.1,808.5,821.95
2008-12-15,822.05,845.7,822.05,840.05
2008-12-16,839.25,860.7,830.5,858.2
2008-12-17,858.2,882.2,847.5,866.3
2008-12-18,868.0,878.85,848.85,854.4
2008-12-19,853.7,854.6,830.6,838.35
2008-12-22,838.75,852.25,837.55,847.3
2008-12-23,848.45,849.7,830.2,839.45
2008-12-24,840.6,849.45,835.8,847.55
2008-12-25,846.0,846.0,840.5,846.0
2008-12-26,842.0,871.6,842.0,869.65
2008-12-29,868.8,891.05,868.8,876.65
2008-12-30,879.05,884.55,864.5,874.05
2008-12-31,874.3,884.0,857.25,880.2
2009-01-01,881.3,882.15,881.3,882.15
2009-01-02,882.8,888.35,868.1,876.55
2009-01-05,878.0,884.55,844.5,859.0
2009-01-06,859.85,870.7,839.55,864.15
2009-01-07,864.6,867.35,835.8,841.95
2009-01-08,843.75,865.65,834.5,858.1
2009-01-09,857.05,868.65,844.9,853.45
2009-01-12,854.25,857.1,815.65,821.25
2009-01-13,820.4,830.8,814.1,822.1
2009-01-14,821.95,829.65,807.4,811.35
2009-01-15,811.45,821.6,802.65,816.35
2009-01-16,819.0,843.6,816.85,843.35
2009-01-19,844.0,847.05,832.7,836.9
2009-01-20,835.6,866.8,823.9,856.8
2009-01-21,855.85,864.75,843.5,855.55
2009-01-22,855.0,863.2,843.95,857.55
2009-01-23,856.6,903.5,852.8,899.4
2009-01-26,898.9,916.3,889.55,904.1
2009-01-27,903.6,907.9,892.5,898.0
2009-01-28,898.65,904.4,880.6,886.65
2009-01-29,886.4,909.5,868.85,908.15
2009-01-30,907.9,931.4,901.8,927.75
2009-02-02,927.95,929.2,901.7,902.25
2009-02-03,904.3,913.1,888.0,902.6
2009-02-04,901.3,909.7,895.5,906.4
2009-02-05,905.7,925.0,902.6,915.75
2009-02-06,914.7,922.5,904.25,911.55
2009-02-09,910.65,912.7,891.2,895.5
2009-02-10,895.95,919.0,891.2,917.25
2009-02-11,915.45,947.25,911.0,939.15
2009-02-12,939.2,952.8,935.3,947.9
2009-02-13,946.0,947.65,932.4,942.1
2009-02-16,941.7,944.55,936.45,942.05
2009-02-17,942.0,974.2,940.35,970.15
2009-02-18,969.4,985.65,960.8,985.0
2009-02-19,985.4,986.95,968.9,974.85
2009-02-20,974.65,1006.4,970.6,993.3
2009-02-23,993.5,998.35,976.0,993.25
2009-02-24,992.0,995.8,959.75,964.15
2009-02-25,963.55,978.6,944.55,950.25
2009-02-26,953.15,957.0,931.8,945.5
2009-02-27,945.75,963.1,927.75,945.15
2009-03-02,940.0,959.0,926.55,926.65
2009-03-03,925.9,932.9,904.9,915.85
2009-03-04,916.55,923.8,901.75,907.65
2009-03-05,907.6,937.15,905.8,932.85
2009-03-06,932.85,945.4,930.05,937.35
2009-03-09,939.5,942.75,911.4,921.95
2009-03-10,922.2,922.95,891.3,896.8
2009-03-11,896.65,913.75,892.55,907.65
2009-03-12,906.95,931.45,905.95,927.65
2009-03-13,927.05,939.5,919.8,928.2
2009-03-16,928.35,930.25,915.5,923.35
2009-03-17,924.1,924.7,912.2,915.0
2009-03-18,916.5,947.05,884.9,941.9
2009-03-19,939.8,962.3,925.8,959.4
2009-03-20,960.15,968.7,947.5,952.85
2009-03-23,950.85,958.0,937.75,938.15
2009-03-24,937.95,944.8,917.65,926.65
2009-03-25,927.15,941.0,917.1,934.15
2009-03-26,934.25,945.95,932.4,934.05
2009-03-27,935.7,937.85,920.1,923.05
2009-03-30,924.4,932.75,907.9,917.3
2009-03-31,917.6,925.45,912.35,918.15
2009-04-01,918.55,933.35,916.7,927.4
2009-04-02,927.3,929.8,894.7,904.15
2009-04-03,904.45,910.7,892.0,893.9
2009-04-06,894.85,896.8,865.3,869.8
2009-04-07,868.75,884.95,868.65,880.85
2009-04-08,880.85,890.85,878.3,880.55
2009-04-09,881.05,887.05,875.1,879.4
2009-04-10,879.0,885.9,878.0,881.65
2009-04-13,881.65,900.35,881.65,893.05
2009-04-14,893.9,899.05,886.3,889.85
2009-04-15,889.6,899.8,886.55,891.6
2009-04-16,891.5,894.45,872.5,875.55
2009-04-17,875.95,877.15,865.0,868.9
2009-04-20,869.05,889.2,865.5,885.15
2009-04-21,885.0,895.75,879.7,883.25
2009-04-22,883.5,894.15,882.3,890.15
2009-04-23,890.55,909.7,889.75,903.0
2009-04-24,904.4,914.5,903.25,913.1
2009-04-27,912.7,918.85,905.0,906.25
2009-04-28,907.05,908.25,885.2,892.6
2009-04-29,892.6,903.6,888.5,898.6
2009-04-30,897.65,900.7,880.8,886.5
2009-05-01,887.8,890.55,881.05,887.3
2009-05-04,887.3,907.6,885.05,903.35
2009-05-05,902.3,916.05,895.7,896.3
2009-05-06,895.8,913.25,895.3,910.9
2009-05-07,910.1,926.15,909.2,910.05
2009-05-08,910.8,920.65,905.4,917.05
2009-05-11,916.65,918.55,909.0,913.6
2009-05-12,913.25,924.75,912.4,922.85
2009-05-13,923.2,931.4,917.7,926.45
2009-05-14,926.4,929.45,920.6,926.35
2009-05-15,926.6,934.65,923.9,931.7
2009-05-18,930.6,934.5,916.05,918.2
2009-05-19,918.25,930.15,917.1,925.65
2009-05-20,925.5,941.25,925.4,938.1
2009-05-21,938.5,956.95,936.0,954.4
2009-05-22,955.05,962.3,950.4,957.35
2009-05-25,957.0,960.05,953.1,958.8
2009-05-26,958.0,958.95,941.1,952.15
2009-05-27,953.25,960.2,942.25,949.0
2009-05-28,948.65,965.95,944.55,959.8
2009-05-29,959.65,981.0,956.5,980.0
2009-06-01,979.6,989.5,974.1,975.2
2009-06-02,975.25,987.4,969.6,981.85
2009-06-03,982.05,990.8,961.35,963.15
2009-06-04,963.25,982.5,961.7,980.1
2009-06-05,981.25,983.45,953.5,956.3
2009-06-08,955.65,960.45,944.3,951.05
2009-06-09,951.2,962.6,948.0,954.75
2009-06-10,955.35,966.25,947.6,954.65
2009-06-11,954.6,962.7,944.1,955.0
2009-06-12,955.3,958.95,937.0,938.9
2009-06-15,939.0,939.3,926.0,928.35
2009-06-16,928.75,940.25,927.4,935.1
2009-06-17,934.85,940.95,928.5,939.4
2009-06-18,940.55,943.7,930.6,933.35
2009-06-19,934.45,939.8,931.45,934.3
2009-06-22,933.95,935.4,918.9,922.9
2009-06-23,922.7,927.75,913.9,926.15
2009-06-24,926.1,943.2,923.0,932.1
2009-06-25,930.9,940.1,929.9,939.15
2009-06-26,938.65,948.7,936.3,939.05
2009-06-29,940.6,943.5,934.4,938.05
2009-06-30,937.6,945.7,923.6,926.85
2009-07-01,925.8,946.75,925.75,940.75
2009-07-02,940.8,942.05,927.1,929.65
2009-07-03,928.85,934.9,927.9,932.5
2009-07-06,932.55,933.1,921.1,925.0
2009-07-07,924.6,932.55,922.05,924.3
2009-07-08,923.95,925.9,906.0,909.45
2009-07-09,909.35,919.3,907.1,912.45
2009-07-10,912.3,916.1,907.8,913.15
2009-07-13,912.1,924.1,908.4,921.0
2009-07-14,921.3,928.25,918.6,925.6
2009-07-15,925.95,942.95,925.3,939.45
2009-07-16,940.0,941.05,933.4,937.35
2009-07-17,937.7,940.7,932.6,937.7
2009-07-20,938.3,955.9,937.65,949.35
2009-07-21,950.0,954.4,945.1,949.15
2009-07-22,949.0,955.4,945.5,951.4
2009-07-23,952.75,958.1,948.1,948.15
2009-07-24,947.7,954.9,946.95,951.35
2009-07-27,951.8,959.7,948.2,953.65
2009-07-28,953.4,957.4,934.7,937.65
2009-07-29,937.9,941.7,926.1,930.0
2009-07-30,929.95,937.8,929.0,934.3
2009-07-31,934.6,957.2,932.6,954.75
2009-08-03,953.3,963.1,952.2,956.5
2009-08-04,957.5,971.05,951.85,967.75
2009-08-05,967.8,968.75,959.55,962.95
2009-08-06,963.3,972.25,956.85,963.15
2009-08-07,963.65,965.7,954.2,954.9
2009-08-10,954.75,958.1,943.5,946.15
2009-08-11,946.4,950.95,943.0,946.05
2009-08-12,946.5,953.4,940.9,947.75
2009-08-13,948.05,962.05,948.05,955.0
2009-08-14,955.05,960.5,944.4,947.35
2009-08-17,947.5,949.35,931.2,934.3
2009-08-18,934.15,941.5,934.15,938.8
2009-08-19,937.75,945.3,932.4,942.05
2009-08-20,943.3,947.1,938.6,940.85
2009-08-21,940.0,958.65,938.6,954.15
2009-08-24,952.4,957.2,939.8,942.9
2009-08-25,943.25,955.7,941.65,945.05
2009-08-26,943.8,950.35,939.8,945.6
2009-08-27,945.0,951.45,942.1,948.25
2009-08-28,948.7,962.0,948.7,955.95
2009-08-31,956.15,961.85,945.3,951.15
2009-09-01,950.55,958.0,947.0,957.35
2009-09-02,956.65,981.1,952.45,977.9
2009-09-03,977.55,998.2,975.2,991.6
2009-09-04,992.3,997.3,986.1,994.4
2009-09-07,994.4,997.85,992.15,995.35
2009-09-08,995.5,1008.95,994.05,996.7
2009-09-09,996.8,1003.95,987.95,992.65
2009-09-10,992.05,998.9,983.1,996.5
2009-09-11,996.0,1012.55,995.4,1005.85
2009-09-14,1005.35,1009.7,993.9,1000.15
2009-09-15,999.35,1010.5,992.9,1006.9
2009-09-16,1007.1,1021.5,1006.9,1017.7
2009-09-17,1017.25,1024.85,1010.6,1012.45
2009-09-18,1013.5,1018.55,1006.9,1007.15
2009-09-21,1005.45,1007.6,996.5,1003.55
2009-09-22,1003.6,1020.5,1002.9,1014.8
2009-09-23,1013.85,1018.35,1005.9,1008.45
2009-09-24,1007.35,1019.5,991.2,994.75
2009-09-25,993.65,999.3,985.1,991.75
2009-09-28,993.0,997.5,986.6,990.95
2009-09-29,991.35,996.7,985.9,992.2
2009-09-30,992.2,1009.95,992.2,1007.7
2009-10-01,1007.2,1010.4,998.4,999.5
2009-10-02,998.6,1008.2,987.2,1002.35
2009-10-05,1001.8,1018.45,1001.55,1017.75
2009-10-06,1017.0,1044.45,1015.74,1041.85
2009-10-07,1041.35,1049.2,1037.3,1044.7
2009-10-08,1044.85,1062.2,1043.5,1055.0
2009-10-09,1056.0,1056.0,1044.3,1049.25
2009-10-12,1049.0,1059.75,1047.9,1056.25
2009-10-13,1054.4,1069.3,1051.9,1064.35
2009-10-14,1064.9,1071.4,1056.5,1062.95
2009-10-15,1062.8,1066.5,1047.2,1050.85
2009-10-16,1050.55,1057.7,1043.9,1053.25
2009-10-19,1052.65,1065.5,1048.5,1063.7
2009-10-20,1064.5,1068.1,1052.0,1055.0
2009-10-21,1054.9,1065.1,1047.8,1059.35
2009-10-22,1057.9,1061.75,1051.8,1060.4
2009-10-23,1059.9,1067.8,1050.55,1054.95
2009-10-26,1054.3,1060.1,1037.95,1038.1
2009-10-27,1037.9,1044.5,1033.25,1039.8
2009-10-28,1039.5,1042.6,1027.35,1027.85
2009-10-29,1028.25,1048.5,1026.75,1045.55
2009-10-30,1045.8,1049.15,1035.35,1044.9
2009-11-02,1044.3,1063.1,1040.65,1059.25
2009-11-03,1059.85,1087.85,1055.4,1084.25
2009-11-04,1084.85,1097.65,1079.9,1092.6
2009-11-05,1092.85,1094.35,1083.9,1090.95
2009-11-06,1089.85,1101.3,1086.7,1095.05
2009-11-09,1097.41,1111.25,1095.8,1104.05
2009-11-10,1104.3,1109.7,1097.1,1105.6
2009-11-11,1105.65,1118.75,1105.15,1118.15
2009-11-12,1117.7,1123.25,1102.7,1103.8
2009-11-13,1103.75,1119.35,1101.2,1119.2
2009-11-16,1118.3,1143.65,1118.3,1140.35
2009-11-17,1139.6,1141.95,1127.95,1141.05
2009-11-18,1141.45,1153.15,1135.9,1144.65
2009-11-19,1145.15,1146.15,1129.9,1144.1
2009-11-20,1143.95,1151.3,1132.8,1149.95
2009-11-23,1151.2,1173.9,1150.85,1165.25
2009-11-24,1165.85,1171.5,1157.75,1169.7
2009-11-25,1169.25,1192.0,1167.05,1190.05
2009-11-26,1190.85,1195.4,1180.4,1193.1
2009-11-27,1191.9,1192.2,1137.8,1177.7
2009-11-30,1176.6,1182.0,1163.4,1178.85
2009-12-01,1179.65,1201.8,1175.45,1197.7
2009-12-02,1196.25,1217.15,1195.0,1214.95
2009-12-03,1216.15,1226.5,1204.3,1211.0
2009-12-04,1207.7,1212.6,1147.75,1161.7
2009-12-07,1160.45,1164.95,1136.2,1158.3
2009-12-08,1157.25,1168.9,1125.55,1130.05
2009-12-09,1129.75,1146.8,1117.2,1128.7
2009-12-10,1129.1,1137.0,1121.7,1132.05
2009-12-11,1130.6,1142.3,1109.5,1114.9
2009-12-14,1113.8,1127.9,1110.25,1124.55
2009-12-15,1126.75,1129.3,1111.7,1124.5
2009-12-16,1124.85,1141.1,1121.4,1137.95
2009-12-17,1138.3,1141.9,1094.9,1098.25
2009-12-18,1098.0,1117.0,1096.05,1112.5
2009-12-21,1111.45,1119.1,1090.25,1092.1
2009-12-22,1093.25,1097.6,1074.6,1083.75
2009-12-23,1084.1,1096.05,1079.6,1087.2
2009-12-24,1087.9,1106.65,1087.25,1105.45
2009-12-25,1104.0,1104.5,1104.0,1104.5
2009-12-28,1106.95,1114.0,1101.75,1106.85
2009-12-29,1106.2,1108.7,1096.75,1097.85
2009-12-30,1097.25,1098.05,1086.3,1091.95
2009-12-31,1093.15,1107.1,1092.1,1096.2
2010-01-01,1097.25,1097.9,1097.05,1097.35
2010-01-04,1096.25,1123.8,1093.45,1120.4
2010-01-05,1121.3,1128.1,1115.25,1119.05
2010-01-06,1118.4,1140.6,1116.0,1138.9
2010-01-07,1138.2,1139.15,1128.6,1132.3
2010-01-08,1131.85,1139.8,1119.95,1136.6
2010-01-11,1137.2,1161.9,1137.2,1153.0
2010-01-12,1151.55,1158.4,1125.35,1127.7
2010-01-13,1128.5,1138.85,1119.75,1138.8
2010-01-14,1137.95,1146.65,1131.15,1143.25
2010-01-15,1143.1,1146.6,1127.5,1130.9
2010-01-18,1129.4,1137.55,1126.75,1133.0
2010-01-19,1132.05,1140.8,1129.0,1138.1
2010-01-20,1138.5,1141.6,1107.4,1111.7
2010-01-21,1111.65,1117.85,1088.7,1095.15
2010-01-22,1094.65,1099.15,1082.3,1093.0
2010-01-25,1091.05,1104.2,1091.05,1098.25
2010-01-26,1098.4,1103.55,1085.8,1098.05
2010-01-27,1097.7,1102.7,1083.65,1086.85
2010-01-28,1087.8,1096.35,1074.15,1086.3
2010-01-29,1087.2,1090.6,1074.85,1081.55
2010-02-01,1080.1,1107.9,1076.8,1107.35
2010-02-02,1105.8,1118.35,1099.0,1115.2
2010-02-03,1114.4,1124.85,1107.2,1109.65
2010-02-04,1109.3,1111.1,1059.5,1063.45
2010-02-05,1063.15,1069.15,1044.25,1065.45
2010-02-08,1067.4,1073.9,1061.9,1063.75
2010-02-09,1062.95,1083.45,1061.8,1077.3
2010-02-10,1077.45,1082.5,1063.5,1072.85
2010-02-11,1072.0,1098.15,1071.35,1095.35
2010-02-12,1096.7,1097.35,1078.55,1093.4
2010-02-15,1092.85,1102.65,1092.0,1101.0
2010-02-16,1099.6,1121.2,1097.85,1119.95
2010-02-17,1119.25,1127.25,1111.7,1115.2
2010-02-18,1106.35,1124.05,1098.2,1123.9
2010-02-19,1111.3,1126.95,1098.95,1118.85
2010-02-22,1124.9,1131.05,1109.7,1113.7
2010-02-23,1113.8,1121.2,1099.35,1102.05
2010-02-24,1103.4,1108.35,1089.85,1096.4
2010-02-25,1097.6,1109.15,1088.6,1106.1
2010-02-26,1105.0,1119.2,1104.4,1116.5
2010-03-01,1116.55,1123.7,1112.05,1117.35
2010-03-02,1118.75,1137.75,1115.1,1134.65
2010-03-03,1134.85,1145.0,1132.4,1139.5
2010-03-04,1139.8,1141.6,1126.1,1132.0
2010-03-05,1131.8,1140.7,1127.0,1132.05
2010-03-08,1135.7,1137.8,1118.55,1122.4
2010-03-09,1123.3,1124.7,1108.95,1120.1
2010-03-10,1121.65,1128.15,1103.25,1108.2
2010-03-11,1108.35,1111.65,1100.44,1109.45
2010-03-12,1109.65,1119.45,1098.65,1102.45
2010-03-15,1100.5,1109.8,1100.35,1109.1
2010-03-16,1109.45,1129.45,1109.05,1125.7
2010-03-17,1126.1,1133.8,1118.85,1125.05
2010-03-18,1124.0,1129.55,1118.4,1125.95
2010-03-19,1125.95,1127.5,1101.95,1107.55
2010-03-22,1107.4,1108.85,1092.75,1102.3
2010-03-23,1102.45,1108.05,1094.8,1102.65
2010-03-24,1101.75,1105.4,1085.35,1087.5
2010-03-25,1086.5,1095.95,1085.45,1091.35
2010-03-26,1089.55,1110.65,1088.85,1106.6
2010-03-29,1110.55,1115.45,1104.35,1109.2
2010-03-30,1110.25,1114.15,1102.45,1103.6
2010-03-31,1103.7,1118.9,1102.45,1113.8
2010-04-01,1113.4,1128.75,1112.35,1126.5
2010-04-02,1125.0,1125.0,1120.0,1120.5
2010-04-05,1125.1,1134.2,1119.2,1130.7
2010-04-06,1130.65,1138.9,1123.0,1134.2
2010-04-07,1134.15,1153.25,1132.8,1148.0
2010-04-08,1149.45,1154.65,1144.4,1151.15
2010-04-09,1150.95,1165.35,1149.7,1160.9
2010-04-12,1165.69,1169.19,1152.0,1152.0
2010-04-13,1155.55,1157.9,1145.75,1151.15
2010-04-14,1151.3,1162.6,1150.8,1154.9
2010-04-15,1155.3,1162.3,1150.85,1158.95
2010-04-16,1158.8,1160.45,1130.65,1137.45
2010-04-19,1134.65,1138.45,1124.15,1135.6
2010-04-20,1135.7,1146.3,1133.45,1140.5
2010-04-21,1140.2,1150.9,1138.25,1146.3
2010-04-22,1145.75,1149.5,1132.15,1141.45
2010-04-23,1141.5,1158.0,1135.45,1157.4
2010-04-26,1156.5,1160.23,1151.05,1154.88
2010-04-27,1153.78,1172.93,1146.55,1172.93
2010-04-28,1168.03,1174.68,1160.65,1165.45
2010-04-29,1164.95,1171.75,1162.55,1167.1
2010-04-30,1168.7,1182.05,1161.88,1179.25
2010-05-03,1179.0,1187.91,1176.3,1182.4
2010-05-04,1181.75,1192.4,1167.16,1171.65
2010-05-05,1171.75,1177.31,1158.2,1175.2
2010-05-06,1176.1,1211.35,1173.35,1208.75
2010-05-07,1207.25,1213.85,1193.15,1208.3
2010-05-10,1202.35,1206.0,1184.35,1202.4
2010-05-11,1200.7,1234.15,1200.7,1232.55
2010-05-12,1231.0,1249.15,1227.4,1237.35
2010-05-13,1235.2,1243.35,1227.95,1232.33
2010-05-14,1232.45,1249.45,1219.55,1233.05
2010-05-17,1231.5,1243.1,1219.45,1223.75
2010-05-18,1222.3,1229.85,1207.35,1221.7
2010-05-19,1223.9,1228.1,1187.62,1191.75
2010-05-20,1192.65,1198.8,1175.35,1183.1
2010-05-21,1182.3,1189.35,1168.5,1177.15
2010-05-24,1176.93,1197.0,1176.48,1192.05
2010-05-25,1191.4,1204.95,1185.9,1201.1
2010-05-26,1202.55,1217.21,1201.1,1210.9
2010-05-27,1212.15,1219.35,1206.6,1212.1
2010-05-28,1211.45,1216.15,1203.01,1214.81
2010-05-31,1212.05,1218.3,1210.2,1216.21
2010-06-01,1216.1,1231.2,1215.05,1225.3
2010-06-02,1225.6,1227.95,1214.65,1223.85
2010-06-03,1223.2,1224.95,1201.15,1208.05
2010-06-04,1206.58,1220.7,1197.65,1220.0
2010-06-07,1219.15,1245.35,1211.15,1240.05
2010-06-08,1240.65,1252.2,1233.85,1235.63
2010-06-09,1235.1,1242.5,1223.75,1232.35
2010-06-10,1231.25,1234.25,1215.15,1217.8
2010-06-11,1216.75,1231.7,1216.75,1227.4
2010-06-14,1226.45,1235.0,1217.05,1222.15
2010-06-15,1221.3,1237.35,1220.3,1234.45
2010-06-16,1233.95,1238.65,1227.8,1231.6
2010-06-17,1230.5,1251.65,1229.9,1245.35
2010-06-18,1245.3,1262.9,1242.0,1257.35
2010-06-21,1259.1,1265.4,1230.95,1232.15
2010-06-22,1231.65,1243.1,1231.65,1239.5
2010-06-23,1238.75,1247.1,1225.3,1237.2
2010-06-24,1235.0,1248.35,1228.25,1244.55
2010-06-25,1243.45,1258.65,1241.35,1255.5
2010-06-28,1253.75,1263.45,1236.42,1238.05
2010-06-29,1237.1,1245.3,1227.35,1240.95
2010-06-30,1239.4,1248.55,1235.45,1242.35
2010-07-01,1242.65,1244.5,1197.3,1199.65
2010-07-02,1197.0,1223.35,1197.0,1211.6
2010-07-05,1211.1,1215.35,1206.55,1208.95
2010-07-06,1209.4,1215.25,1191.3,1194.25
2010-07-07,1191.95,1204.25,1185.55,1202.35
2010-07-08,1203.0,1209.7,1189.35,1198.45
2010-07-09,1197.35,1213.85,1194.7,1212.0
2010-07-12,1212.15,1214.0,1196.85,1196.85
2010-07-13,1195.3,1218.6,1195.3,1211.65
2010-07-14,1211.75,1218.85,1203.16,1208.5
2010-07-15,1209.05,1217.95,1204.55,1208.55
2010-07-16,1208.9,1211.0,1186.35,1193.65
2010-07-19,1193.2,1195.1,1177.65,1183.7
2010-07-20,1184.65,1194.3,1175.85,1192.3
2010-07-21,1191.4,1198.05,1183.35,1186.0
2010-07-22,1184.9,1200.6,1181.05,1194.95
2010-07-23,1195.05,1203.95,1183.81,1189.1
2010-07-26,1189.25,1195.3,1179.65,1182.5
2010-07-27,1181.9,1187.75,1158.15,1162.3
2010-07-28,1162.5,1166.35,1157.4,1163.55
2010-07-29,1163.5,1169.8,1159.65,1166.93
2010-07-30,1167.35,1183.95,1166.0,1180.9
2010-08-02,1181.45,1191.4,1175.5,1181.85
2010-08-03,1181.65,1191.35,1179.75,1185.7
2010-08-04,1185.7,1203.35,1184.4,1195.75
2010-08-05,1195.35,1200.55,1190.65,1195.1
2010-08-06,1194.7,1213.61,1193.1,1205.3
2010-08-09,1204.85,1210.55,1199.9,1201.4
2010-08-10,1201.1,1208.05,1191.5,1203.85
2010-08-11,1204.25,1209.75,1194.15,1197.75
2010-08-12,1198.4,1217.25,1197.85,1213.2
2010-08-13,1214.05,1219.35,1212.55,1215.55
2010-08-16,1214.55,1229.15,1214.55,1224.85
2010-08-17,1224.9,1230.45,1224.1,1224.9
2010-08-18,1225.3,1233.35,1218.4,1229.55
2010-08-19,1230.6,1239.15,1229.3,1232.1
2010-08-20,1230.7,1233.05,1222.25,1228.05
2010-08-23,1229.1,1233.85,1223.65,1225.4
2010-08-24,1225.7,1236.0,1210.6,1229.75
2010-08-25,1229.65,1242.35,1229.65,1240.1
2010-08-26,1240.55,1246.0,1235.85,1236.05
2010-08-27,1236.94,1244.25,1233.75,1238.2
2010-08-30,1237.0,1238.8,1233.8,1236.8
2010-08-31,1236.95,1251.9,1233.75,1247.65
2010-09-01,1248.0,1255.15,1242.75,1244.35
2010-09-02,1244.3,1253.8,1243.5,1251.25
2010-09-03,1252.4,1255.1,1237.0,1247.1
2010-09-06,1248.6,1251.45,1247.05,1250.05
2010-09-07,1248.55,1260.3,1244.5,1255.4
2010-09-08,1254.55,1262.75,1253.5,1255.2
2010-09-09,1253.45,1259.3,1242.7,1244.1
2010-09-10,1244.3,1251.65,1237.05,1246.45
2010-09-13,1245.9,1249.7,1241.45,1245.45
2010-09-14,1245.0,1275.25,1244.5,1268.85
2010-09-15,1268.1,1272.35,1263.45,1268.05
2010-09-16,1268.1,1278.7,1265.65,1275.55
2010-09-17,1276.0,1284.25,1273.1,1274.9
2010-09-20,1277.4,1285.2,1275.5,1278.35
2010-09-21,1279.15,1292.7,1271.85,1286.95
2010-09-22,1286.6,1296.6,1285.8,1291.35
2010-09-23,1292.4,1297.35,1288.25,1292.55
2010-09-24,1292.9,1300.95,1292.3,1296.95
2010-09-27,1298.5,1301.0,1293.5,1295.0
2010-09-28,1295.3,1311.1,1283.6,1309.1
2010-09-29,1309.0,1314.2,1306.15,1309.9
2010-09-30,1310.35,1316.8,1296.9,1309.5
2010-10-01,1310.55,1322.3,1307.1,1318.8
2010-10-04,1318.4,1321.0,1313.25,1315.25
2010-10-05,1314.0,1342.2,1312.25,1340.75
2010-10-06,1341.0,1350.8,1339.65,1349.4
2010-10-07,1349.65,1365.6,1326.55,1333.7
2010-10-08,1332.9,1350.2,1325.35,1346.8
2010-10-11,1346.4,1356.15,1340.85,1353.95
2010-10-12,1354.5,1356.3,1341.45,1350.6
2010-10-13,1350.65,1375.15,1349.4,1372.1
2010-10-14,1372.7,1388.1,1371.25,1381.3
2010-10-15,1380.85,1386.25,1363.2,1369.15
2010-10-18,1371.0,1375.3,1353.05,1369.8
2010-10-19,1369.4,1372.05,1329.3,1335.45
2010-10-20,1334.8,1348.2,1330.8,1346.35
2010-10-21,1346.1,1350.05,1318.74,1325.5
2010-10-22,1326.05,1329.35,1316.09,1328.2
2010-10-25,1331.89,1350.2,1331.8,1340.45
2010-10-26,1339.45,1343.9,1328.41,1339.9
2010-10-27,1339.65,1344.0,1319.24,1325.3
2010-10-28,1325.59,1346.5,1323.55,1344.35
2010-10-29,1344.09,1359.95,1335.56,1359.55
2010-11-01,1361.19,1366.49,1349.8,1351.75
2010-11-02,1351.25,1359.95,1350.7,1357.5
2010-11-03,1357.96,1365.25,1324.64,1348.65
2010-11-04,1348.09,1393.66,1346.75,1392.75
2010-11-05,1392.69,1398.35,1374.15,1393.9
2010-11-08,1394.9,1410.7,1387.14,1409.45
2010-11-09,1410.41,1425.36,1383.74,1390.95
2010-11-10,1392.7,1410.8,1384.25,1403.75
2010-11-11,1403.3,1418.25,1396.95,1409.35
2010-11-12,1409.9,1410.61,1360.26,1368.95
2010-11-15,1366.95,1377.16,1355.59,1359.49
2010-11-16,1360.4,1364.85,1329.85,1340.85
2010-11-17,1340.0,1345.2,1331.3,1337.25
2010-11-18,1336.0,1359.55,1335.59,1353.85
2010-11-19,1350.49,1363.29,1341.9,1353.5
2010-11-22,1354.7,1368.11,1348.55,1366.35
2010-11-23,1366.4,1382.4,1356.35,1377.2
2010-11-24,1377.0,1381.7,1369.6,1374.9
2010-11-25,1373.55,1375.4,1368.25,1374.62
2010-11-26,1374.49,1375.16,1350.64,1364.42
2010-11-29,1364.3,1371.13,1354.97,1368.37
2010-11-30,1368.4,1390.15,1363.04,1384.85
2010-12-01,1385.7,1397.11,1382.15,1387.1
2010-12-02,1387.69,1398.6,1382.95,1384.65
2010-12-03,1385.36,1415.91,1383.55,1415.05
2010-12-06,1415.56,1427.51,1409.15,1423.55
2010-12-07,1423.45,1431.45,1396.49,1401.89
2010-12-08,1401.19,1404.42,1371.85,1382.1
2010-12-09,1382.05,1394.54,1379.68,1387.64
2010-12-10,1387.8,1392.55,1372.3,1386.05
2010-12-13,1383.76,1399.44,1380.55,1393.76
2010-12-14,1393.4,1408.1,1392.05,1396.25
2010-12-15,1396.05,1397.4,1377.39,1379.8
2010-12-16,1380.8,1386.75,1361.75,1369.7
2010-12-17,1371.51,1379.36,1365.05,1375.41
2010-12-20,1376.8,1388.45,1376.24,1384.65
2010-12-21,1385.26,1392.39,1381.16,1385.74
2010-12-22,1385.75,1391.2,1382.04,1385.0
2010-12-23,1385.05,1388.96,1372.61,1380.35
2010-12-24,1380.55,1386.14,1378.82,1384.75
2010-12-27,1384.75,1386.7,1372.75,1384.1
2010-12-28,1383.95,1407.15,1382.45,1406.39
2010-12-29,1405.96,1414.35,1400.75,1410.95
2010-12-30,1411.35,1414.95,1402.55,1404.45
2010-12-31,1406.15,1423.15,1405.25,1421.45
2011-01-03,1421.3,1424.07,1412.24,1414.3
2011-01-04,1414.38,1417.59,1372.38,1380.6
2011-01-05,1380.94,1385.73,1364.48,1377.48
2011-01-06,1377.95,1380.2,1364.95,1371.4
2011-01-07,1372.1,1379.74,1353.3,1369.6
2011-01-10,1369.3,1376.5,1365.64,1375.05
2011-01-11,1374.9,1386.96,1372.9,1382.45
2011-01-12,1381.0,1389.4,1376.65,1386.5
2011-01-13,1388.16,1393.61,1370.17,1374.36
2011-01-14,1373.35,1378.35,1355.49,1361.85
2011-01-17,1359.53,1366.22,1357.47,1362.78
2011-01-18,1361.45,1376.61,1360.01,1367.76
2011-01-19,1368.1,1379.16,1365.7,1370.2
2011-01-20,1370.35,1371.55,1343.0,1345.85
2011-01-21,1345.91,1350.7,1337.95,1342.51
2011-01-24,1343.25,1353.4,1333.85,1334.7
2011-01-25,1334.49,1338.75,1323.05,1333.75
2011-01-26,1333.11,1346.76,1325.06,1345.89
2011-01-27,1346.74,1341.64,1309.09,1311.49
2011-01-28,1312.95,1347.21,1308.56,1335.35
2011-01-31,1336.93,1346.18,1323.29,1332.19
2011-02-01,1332.15,1343.6,1325.65,1340.6
2011-02-02,1340.89,1343.79,1326.8,1336.8
2011-02-03,1336.35,1356.15,1325.14,1353.2
2011-02-04,1353.8,1358.43,1345.3,1349.25
2011-02-07,1348.15,1353.4,1343.13,1349.1
2011-02-08,1350.65,1368.18,1348.45,1364.0
2011-02-09,1364.14,1367.4,1358.36,1362.95
2011-02-10,1363.41,1366.57,1350.78,1362.01
2011-02-11,1363.51,1368.51,1353.99,1356.1
2011-02-14,1359.36,1367.15,1354.45,1362.31
2011-02-15,1362.02,1376.85,1360.85,1373.4
2011-02-16,1373.45,1382.29,1368.45,1375.11
2011-02-17,1374.53,1385.28,1374.43,1383.67
2011-02-18,1383.74,1392.15,1382.0,1387.3
2011-02-21,1388.45,1408.7,1388.45,1406.45
2011-02-22,1406.56,1411.26,1393.14,1398.15
2011-02-23,1399.66,1416.8,1395.7,1410.45
2011-02-24,1411.97,1418.42,1392.0,1400.25
2011-02-25,1402.06,1412.14,1399.54,1409.25
2011-02-28,1408.9,1416.6,1404.6,1411.65
2011-03-01,1410.94,1435.0,1409.35,1433.85
2011-03-02,1434.15,1440.5,1427.9,1434.95
2011-03-03,1435.15,1436.55,1410.36,1416.4
2011-03-04,1416.09,1432.36,1413.41,1429.3
2011-03-07,1428.28,1445.03,1428.28,1433.17
2011-03-08,1431.2,1437.16,1423.7,1428.89
2011-03-09,1428.59,1436.55,1423.31,1429.5
2011-03-10,1429.45,1431.75,1403.12,1413.45
2011-03-11,1412.9,1424.55,1404.7,1417.4
2011-03-14,1422.09,1433.89,1419.79,1428.65
2011-03-15,1429.49,1429.49,1382.9,1395.95
2011-03-16,1396.8,1408.35,1393.85,1401.3
2011-03-17,1401.99,1406.95,1388.25,1404.4
2011-03-18,1405.39,1425.7,1403.4,1419.55
2011-03-21,1426.46,1436.7,1425.19,1427.05
2011-03-22,1427.95,1428.74,1424.86,1428.55
2011-03-23,1429.49,1442.9,1427.61,1438.2
2011-03-24,1439.29,1449.4,1425.2,1431.1
2011-03-25,1432.8,1438.7,1422.79,1429.65
2011-03-28,1427.85,1430.04,1411.95,1420.65
2011-03-29,1422.2,1425.1,1412.85,1418.8
2011-03-30,1418.52,1430.5,1412.25,1423.88
2011-03-31,1424.85,1441.3,1422.25,1432.0
2011-04-01,1432.59,1436.55,1413.05,1428.38
2011-04-04,1428.74,1438.94,1427.79,1436.94
2011-04-05,1437.05,1457.35,1430.1,1451.1
2011-04-06,1456.7,1462.41,1451.6,1457.5
2011-04-07,1460.7,1466.8,1454.09,1458.5
2011-04-08,1460.39,1476.85,1458.25,1475.1
2011-04-11,1473.55,1476.61,1459.2,1463.4
2011-04-12,1462.15,1467.5,1443.89,1453.6
2011-04-13,1452.49,1462.3,1450.96,1457.75
2011-04-14,1459.15,1477.3,1454.8,1474.9
2011-04-15,1476.79,1489.9,1473.2,1486.5
2011-04-18,1486.43,1497.64,1477.59,1495.51
2011-04-19,1497.29,1501.31,1489.3,1495.1
2011-04-20,1497.3,1507.7,1495.16,1502.35
2011-04-21,1503.49,1510.75,1502.35,1504.35
2011-04-22,1507.35,1512.95,1502.15,1508.13
2011-04-25,1511.45,1520.1,1503.7,1507.25
2011-04-26,1505.94,1507.91,1493.0,1507.05
2011-04-27,1506.59,1530.4,1503.3,1526.9
2011-04-28,1527.51,1538.85,1524.25,1535.45
2011-04-29,1536.95,1571.3,1533.0,1565.6
2011-05-02,1567.79,1576.29,1540.89,1545.0
2011-05-03,1545.34,1551.8,1527.96,1536.83
2011-05-04,1537.1,1543.46,1506.5,1515.95
2011-05-05,1516.79,1523.69,1464.4,1473.65
2011-05-06,1474.65,1498.59,1471.05,1495.25
2011-05-09,1493.26,1514.31,1489.99,1513.05
2011-05-10,1513.03,1519.65,1506.17,1515.72
2011-05-11,1513.25,1526.8,1496.15,1500.25
2011-05-12,1500.25,1508.3,1479.3,1502.85
2011-05-13,1506.41,1516.93,1483.03,1494.55
2011-05-16,1493.75,1504.9,1487.89,1489.7
2011-05-17,1491.2,1499.6,1473.5,1486.85
2011-05-18,1486.3,1501.6,1486.3,1497.0
2011-05-19,1498.3,1501.51,1488.4,1493.6
2011-05-20,1495.5,1517.55,1488.95,1513.55
2011-05-23,1512.6,1518.01,1504.05,1517.2
2011-05-24,1518.7,1529.45,1515.0,1526.4
2011-05-25,1527.69,1534.1,1523.06,1525.95
2011-05-26,1524.26,1531.7,1515.39,1519.05
2011-05-27,1523.59,1540.1,1520.0,1536.65
2011-05-30,1537.24,1540.0,1534.39,1538.45
2011-05-31,1539.95,1542.5,1534.26,1535.35
2011-06-01,1535.15,1550.64,1529.55,1540.7
2011-06-02,1542.49,1546.16,1521.6,1533.9
2011-06-03,1535.74,1547.46,1525.89,1542.5
2011-06-06,1544.59,1555.3,1542.2,1544.0
2011-06-07,1543.55,1550.5,1536.7,1544.25
2011-06-08,1545.75,1548.09,1532.76,1537.55
2011-06-09,1538.8,1551.3,1534.9,1544.35
2011-06-10,1545.6,1546.99,1527.74,1531.9
2011-06-13,1530.5,1533.06,1511.61,1515.23
2011-06-14,1516.73,1527.8,1513.95,1524.1
2011-06-15,1523.75,1534.25,1514.36,1530.7
2011-06-16,1530.09,1532.8,1522.4,1528.85
2011-06-17,1528.85,1542.15,1522.5,1539.5
2011-06-20,1538.9,1546.4,1533.24,1540.45
2011-06-21,1540.45,1548.4,1538.55,1546.2
2011-06-22,1548.45,1559.75,1543.1,1547.8
2011-06-23,1549.29,1550.85,1514.7,1520.85
2011-06-24,1522.7,1527.41,1500.41,1502.15
2011-06-27,1500.5,1507.29,1492.3,1497.0
2011-06-28,1496.7,1506.56,1496.0,1501.0
2011-06-29,1501.8,1513.19,1500.5,1512.05
2011-06-30,1512.05,1514.21,1498.7,1500.1
2011-07-01,1502.84,1504.19,1480.01,1486.5
2011-07-04,1486.5,1497.06,1485.91,1495.95
2011-07-05,1496.05,1517.09,1493.0,1516.3
2011-07-06,1517.64,1535.45,1511.89,1529.5
2011-07-07,1530.1,1536.2,1524.81,1532.55
2011-07-08,1533.85,1547.3,1526.2,1544.25
2011-07-11,1544.05,1557.09,1541.9,1554.1
2011-07-12,1555.6,1574.96,1542.3,1567.2
2011-07-13,1566.95,1587.96,1564.35,1582.25
2011-07-14,1582.25,1594.66,1579.3,1587.25
2011-07-15,1588.75,1595.65,1577.81,1594.1
2011-07-18,1595.45,1609.01,1593.59,1605.4
2011-07-19,1605.3,1610.01,1582.59,1588.35
2011-07-20,1589.85,1603.69,1583.0,1602.1
2011-07-21,1598.58,1606.16,1586.59,1589.9
2011-07-22,1592.98,1609.01,1585.36,1599.25
2011-07-25,1599.28,1622.99,1599.28,1614.55
2011-07-26,1614.55,1620.49,1608.29,1619.3
2011-07-27,1618.49,1628.5,1608.96,1613.5
2011-07-28,1613.5,1620.1,1603.4,1616.85
2011-07-29,1616.05,1632.8,1610.64,1626.64
2011-08-01,1628.14,1633.66,1609.69,1620.1
2011-08-02,1620.32,1661.05,1616.29,1659.75
2011-08-03,1659.75,1673.15,1652.0,1661.2
2011-08-04,1661.2,1682.17,1640.09,1648.4
2011-08-05,1648.4,1670.1,1642.4,1665.0
2011-08-08,1662.75,1720.49,1662.67,1717.35
2011-08-09,1717.35,1778.79,1714.75,1743.9
2011-08-10,1743.9,1797.36,1740.0,1795.0
2011-08-11,1796.5,1815.79,1734.1,1767.9
2011-08-12,1763.96,1768.3,1723.55,1746.6
2011-08-15,1746.25,1766.44,1728.01,1765.5
2011-08-16,1766.3,1788.2,1761.99,1786.3
2011-08-17,1786.75,1794.9,1779.39,1788.65
2011-08-18,1789.64,1829.0,1784.34,1824.35
2011-08-19,1824.35,1877.5,1821.35,1852.45
2011-08-22,1859.89,1901.19,1858.2,1898.1
2011-08-23,1897.84,1911.96,1823.5,1830.15
2011-08-24,1830.05,1854.11,1749.89,1751.05
2011-08-25,1750.35,1774.9,1703.45,1771.6
2011-08-26,1772.64,1829.15,1757.24,1828.55
2011-08-29,1837.84,1839.24,1776.64,1788.45
2011-08-30,1787.96,1840.26,1784.05,1835.3
2011-08-31,1835.39,1839.7,1812.89,1823.8
2011-09-01,1823.09,1830.6,1814.65,1825.05
2011-09-02,1824.84,1884.9,1824.0,1884.2
2011-09-05,1877.99,1904.2,1875.3,1900.49
2011-09-06,1903.4,1921.11,1860.91,1873.72
2011-09-07,1872.39,1880.61,1793.69,1816.96
2011-09-08,1816.96,1870.3,1812.99,1868.76
2011-09-09,1868.76,1885.89,1824.94,1857.81
2011-09-12,1857.66,1861.6,1801.09,1813.75
2011-09-13,1813.75,1843.7,1799.25,1833.8
2011-09-14,1833.64,1844.89,1808.29,1819.7
2011-09-15,1820.6,1826.49,1772.54,1789.14
2011-09-16,1788.45,1822.2,1763.05,1811.95
2011-09-19,1818.5,1828.47,1770.7,1778.75
2011-09-20,1778.34,1811.4,1770.24,1803.75
2011-09-21,1803.54,1816.76,1778.8,1781.79
2011-09-22,1779.34,1786.19,1721.84,1735.83
2011-09-23,1737.63,1756.01,1629.99,1656.59
2011-09-26,1657.29,1662.99,1534.99,1627.35
2011-09-27,1624.79,1677.19,1614.91,1649.95
2011-09-28,1650.25,1668.85,1598.7,1608.8
2011-09-29,1606.94,1634.09,1583.3,1614.55
2011-09-30,1615.99,1640.49,1607.19,1623.75
2011-10-03,1618.35,1664.46,1618.35,1660.95
2011-10-04,1660.65,1678.86,1596.0,1624.3
2011-10-05,1624.69,1646.7,1597.25,1640.9
2011-10-06,1641.49,1655.65,1632.24,1650.63
2011-10-07,1644.2,1666.55,1625.95,1639.45
2011-10-10,1654.14,1678.1,1638.09,1675.44
2011-10-11,1676.45,1685.22,1654.46,1663.1
2011-10-12,1662.29,1692.1,1660.39,1677.2
2011-10-13,1674.89,1684.39,1653.19,1666.7
2011-10-14,1667.3,1684.26,1661.5,1679.95
2011-10-17,1683.29,1696.1,1666.44,1670.65
2011-10-18,1671.2,1677.22,1627.2,1655.15
2011-10-19,1654.75,1665.39,1639.4,1641.8
2011-10-20,1643.44,1645.0,1603.99,1619.1
2011-10-21,1618.99,1648.59,1611.44,1641.02
2011-10-24,1641.99,1662.09,1635.6,1652.68
2011-10-25,1654.4,1710.8,1645.24,1705.35
2011-10-26,1707.19,1728.5,1696.7,1725.75
2011-10-27,1725.24,1750.11,1705.74,1744.45
2011-10-28,1744.7,1752.85,1733.0,1742.95
2011-10-31,1744.15,1746.5,1706.59,1715.25
2011-11-01,1716.05,1725.29,1683.74,1720.3
2011-11-02,1720.9,1745.89,1715.74,1737.0
2011-11-03,1736.5,1767.9,1722.84,1763.15
2011-11-04,1763.26,1764.9,1750.0,1754.15
2011-11-07,1753.95,1798.69,1752.89,1795.86
2011-11-08,1794.89,1803.1,1777.1,1785.0
2011-11-09,1785.2,1799.64,1764.14,1772.24
2011-11-10,1770.71,1775.85,1736.55,1759.2
2011-11-11,1759.64,1789.41,1746.05,1788.99
2011-11-14,1788.14,1796.16,1773.59,1781.0
2011-11-15,1780.39,1785.85,1760.54,1781.4
2011-11-16,1781.94,1784.14,1754.25,1762.35
2011-11-17,1762.19,1767.16,1710.05,1719.1
2011-11-18,1722.29,1737.79,1711.34,1723.05
2011-11-21,1723.3,1726.64,1666.54,1680.85
2011-11-22,1679.3,1705.8,1671.55,1699.2
2011-11-23,1700.66,1710.77,1677.94,1693.3
2011-11-24,1692.39,1702.23,1687.69,1694.75
2011-11-25,1694.85,1697.9,1672.09,1680.13
2011-11-28,1680.8,1720.49,1680.8,1712.3
2011-11-29,1712.05,1720.76,1704.11,1716.75
2011-11-30,1714.99,1750.23,1701.0,1745.7
2011-12-01,1746.85,1754.86,1734.1,1745.25
2011-12-02,1745.16,1762.61,1738.15,1745.25
2011-12-05,1746.15,1755.3,1718.44,1721.64
2011-12-06,1722.5,1733.46,1702.85,1728.2
2011-12-07,1728.46,1743.26,1720.65,1742.1
2011-12-08,1742.0,1754.7,1704.51,1708.8
2011-12-09,1708.29,1724.3,1703.54,1711.1
2011-12-12,1711.64,1715.05,1657.9,1666.3
2011-12-13,1666.25,1678.3,1622.75,1632.1
2011-12-14,1632.11,1641.89,1564.85,1575.1
2011-12-15,1574.49,1594.26,1561.07,1570.7
2011-12-16,1570.24,1600.95,1568.86,1597.95
2011-12-19,1599.35,1608.5,1583.44,1594.1
2011-12-20,1594.26,1619.12,1592.35,1615.65
2011-12-21,1615.26,1642.36,1606.4,1615.15
2011-12-22,1615.35,1617.36,1599.15,1604.7
2011-12-23,1606.75,1614.31,1603.15,1606.6
2011-12-26,1607.51,1612.15,1597.86,1605.82
2011-12-27,1607.51,1607.79,1589.75,1592.9
2011-12-28,1593.75,1593.81,1550.1,1553.0
2011-12-29,1556.39,1561.51,1522.64,1546.7
2011-12-30,1545.89,1581.26,1544.75,1564.3
2012-01-02,1566.61,1569.61,1565.37,1566.27
2012-01-03,1566.2,1607.45,1565.85,1604.14
2012-01-04,1602.75,1618.92,1593.1,1612.4
2012-01-05,1611.39,1625.86,1596.74,1623.0
2012-01-06,1621.44,1630.56,1608.89,1616.85
2012-01-09,1616.78,1623.69,1604.94,1611.5
2012-01-10,1611.57,1640.27,1608.62,1631.56
2012-01-11,1632.39,1647.4,1630.29,1641.8
2012-01-12,1640.64,1662.12,1640.39,1650.1
2012-01-13,1650.66,1650.75,1626.06,1639.35
2012-01-16,1639.68,1647.35,1631.44,1643.4
2012-01-17,1643.84,1667.87,1641.45,1651.74
2012-01-18,1652.2,1662.5,1642.74,1661.25
2012-01-19,1659.7,1670.15,1648.94,1657.6
2012-01-20,1657.79,1667.11,1644.69,1666.9
2012-01-23,1666.68,1681.66,1662.59,1677.0
2012-01-24,1676.99,1679.89,1661.29,1665.2
2012-01-25,1665.69,1713.3,1649.19,1711.9
2012-01-26,1710.72,1730.62,1703.65,1721.5
2012-01-27,1720.49,1738.91,1714.8,1738.89
2012-01-30,1738.05,1739.35,1716.69,1730.05
2012-01-31,1729.19,1747.79,1726.8,1739.43
2012-02-01,1738.75,1751.56,1732.95,1743.6
2012-02-02,1744.2,1761.57,1741.49,1759.99
2012-02-03,1760.06,1763.76,1724.35,1725.3
2012-02-06,1726.3,1738.09,1711.79,1720.3
2012-02-07,1719.8,1750.2,1709.79,1746.5
2012-02-08,1745.76,1751.86,1724.95,1733.55
2012-02-09,1733.7,1751.9,1725.69,1729.6
2012-02-10,1731.54,1734.8,1704.14,1719.85
2012-02-13,1725.3,1733.61,1716.47,1722.5
2012-02-14,1722.96,1727.81,1712.2,1720.1
2012-02-15,1719.62,1737.47,1718.52,1729.01
2012-02-16,1727.79,1730.01,1705.49,1728.7
2012-02-17,1728.84,1735.95,1717.45,1722.45
2012-02-20,1723.78,1737.3,1723.67,1734.0
2012-02-21,1734.03,1760.21,1731.09,1759.15
2012-02-22,1759.59,1781.8,1749.54,1777.55
2012-02-23,1776.24,1787.61,1772.29,1780.1
2012-02-24,1780.3,1783.11,1770.74,1773.49
2012-02-27,1773.28,1779.59,1762.24,1766.3
2012-02-28,1767.05,1789.96,1766.0,1785.85
2012-02-29,1784.59,1790.8,1688.49,1695.2
2012-03-01,1696.2,1726.21,1694.7,1716.55
2012-03-02,1717.7,1724.19,1705.19,1712.3
2012-03-05,1711.05,1716.76,1694.64,1706.7
2012-03-06,1705.97,1709.0,1664.35,1674.0
2012-03-07,1674.6,1688.42,1671.35,1684.95
2012-03-08,1685.09,1703.86,1682.85,1700.65
2012-03-09,1700.2,1714.59,1677.84,1713.09
2012-03-12,1709.08,1714.3,1692.84,1700.53
2012-03-13,1699.66,1705.97,1662.6,1675.5
2012-03-14,1675.74,1683.45,1635.59,1643.6
2012-03-15,1642.89,1666.79,1636.59,1658.23
2012-03-16,1659.71,1665.01,1639.8,1660.65
2012-03-19,1654.98,1671.4,1654.14,1664.55
2012-03-20,1666.04,1666.29,1643.29,1650.35
2012-03-21,1651.11,1661.65,1646.91,1650.5
2012-03-22,1652.05,1658.01,1629.68,1644.85
2012-03-23,1645.41,1666.74,1642.38,1662.26
2012-03-26,1661.81,1694.0,1655.6,1689.98
2012-03-27,1690.3,1696.81,1679.11,1680.05
2012-03-28,1680.21,1684.41,1655.11,1662.18
2012-03-29,1661.94,1665.29,1645.39,1661.38
2012-03-30,1661.55,1671.11,1659.91,1668.9
2012-04-02,1668.55,1680.09,1676.2,1677.75
2012-04-03,1676.59,1681.16,1639.24,1645.33
2012-04-04,1644.64,1648.15,1612.3,1620.23
2012-04-05,1620.36,1633.67,1620.15,1631.25
2012-04-06,1628.95,1639.49,1628.49,1639.49
2012-04-09,1641.44,1649.0,1627.7,1641.28
2012-04-10,1641.13,1663.1,1632.2,1660.35
2012-04-11,1659.49,1662.9,1653.44,1657.95
2012-04-12,1659.14,1680.2,1651.29,1675.48
2012-04-13,1675.55,1678.31,1649.51,1659.0
2012-04-16,1654.09,1657.8,1641.14,1652.1
2012-04-17,1652.9,1657.71,1635.05,1649.9
2012-04-18,1651.24,1656.05,1639.29,1642.07
2012-04-19,1643.49,1655.0,1632.8,1643.6
2012-04-20,1643.55,1647.31,1638.95,1642.7
2012-04-23,1643.44,1644.9,1621.99,1638.7
2012-04-24,1638.75,1649.52,1633.95,1641.0
2012-04-25,1641.41,1646.53,1624.47,1644.7
2012-04-26,1645.98,1662.6,1643.15,1656.9
2012-04-27,1657.15,1667.72,1650.55,1662.05
2012-04-30,1662.42,1666.58,1644.98,1664.36
2012-05-01,1666.75,1673.2,1658.59,1662.1
2012-05-02,1662.4,1663.4,1646.71,1653.5
2012-05-03,1653.26,1653.72,1631.17,1635.76
2012-05-04,1636.0,1647.27,1626.91,1642.83
2012-05-07,1641.79,1644.4,1634.21,1639.15
2012-05-08,1638.57,1639.52,1595.55,1605.0
2012-05-09,1605.67,1606.64,1579.78,1589.34
2012-05-10,1589.69,1602.2,1586.07,1593.66
2012-05-11,1593.87,1595.37,1573.9,1580.05
2012-05-14,1580.6,1585.89,1556.0,1556.85
2012-05-15,1557.15,1564.06,1541.6,1544.45
2012-05-16,1546.1,1553.8,1529.0,1540.05
2012-05-17,1540.39,1581.7,1538.8,1574.0
2012-05-18,1574.78,1598.68,1569.05,1593.09
2012-05-21,1593.65,1600.79,1586.8,1592.65
2012-05-22,1593.53,1596.03,1563.29,1568.95
2012-05-23,1569.19,1570.35,1535.41,1562.0
2012-05-24,1563.36,1579.5,1553.15,1559.0
2012-05-25,1558.5,1574.57,1551.9,1573.45
2012-05-28,1574.09,1584.0,1571.13,1573.33
2012-05-29,1574.1,1582.9,1548.64,1555.75
2012-05-30,1554.8,1569.77,1532.1,1562.45
2012-05-31,1563.9,1574.3,1554.09,1560.7
2012-06-01,1560.45,1630.02,1545.3,1626.25
2012-06-04,1627.29,1629.69,1610.71,1618.4
2012-06-05,1619.25,1623.91,1612.71,1617.1
2012-06-06,1617.2,1641.11,1614.34,1620.4
2012-06-07,1620.2,1629.41,1579.75,1589.0
2012-06-08,1589.15,1595.47,1562.05,1594.45
2012-06-11,1593.1,1608.35,1582.89,1596.45
2012-06-12,1596.45,1618.01,1586.9,1610.05
2012-06-13,1609.26,1624.97,1606.2,1618.35
2012-06-14,1617.9,1627.79,1610.0,1623.32
2012-06-15,1622.94,1633.7,1619.59,1626.76
2012-06-18,1627.31,1630.31,1607.1,1628.4
2012-06-19,1628.51,1633.51,1617.51,1618.07
2012-06-20,1618.81,1623.01,1590.9,1605.9
2012-06-21,1605.06,1607.29,1564.49,1565.3
2012-06-22,1564.31,1573.81,1558.8,1572.15
2012-06-25,1572.0,1588.51,1566.35,1584.6
2012-06-26,1583.76,1587.31,1567.95,1572.15
2012-06-27,1572.5,1581.91,1563.15,1574.3
2012-06-28,1573.61,1579.31,1547.85,1551.9
2012-06-29,1551.39,1607.19,1550.94,1598.6
2012-07-02,1599.3,1602.51,1587.45,1596.35
2012-07-03,1598.69,1626.7,1596.59,1616.65
2012-07-04,1617.24,1620.59,1611.94,1615.63
2012-07-05,1617.34,1625.8,1598.89,1604.75
2012-07-06,1604.95,1610.0,1576.7,1582.9
2012-07-09,1580.84,1593.3,1576.39,1587.15
2012-07-10,1591.16,1602.9,1565.89,1566.5
2012-07-11,1565.41,1583.41,1565.41,1576.9
2012-07-12,1576.85,1578.36,1554.95,1572.4
2012-07-13,1571.2,1597.11,1566.25,1589.05
2012-07-16,1591.39,1595.3,1578.79,1589.35
2012-07-17,1591.19,1600.5,1572.66,1582.75
2012-07-18,1584.29,1587.16,1568.84,1573.8
2012-07-19,1573.89,1593.0,1573.64,1582.05
2012-07-20,1582.01,1587.91,1574.04,1583.63
2012-07-23,1582.64,1584.26,1564.49,1576.9
2012-07-24,1580.4,1584.66,1568.35,1580.5
2012-07-25,1581.44,1611.41,1579.94,1605.38
2012-07-26,1605.0,1622.02,1601.5,1616.2
2012-07-27,1616.14,1629.6,1611.99,1623.28
2012-07-30,1625.1,1626.7,1614.85,1621.1
2012-07-31,1621.3,1628.31,1610.95,1613.9
2012-08-01,1599.25,1618.9,1592.35,1599.2
2012-08-02,1599.25,1614.9,1585.1,1590.35
2012-08-03,1590.28,1606.91,1586.74,1604.3
2012-08-06,1605.0,1615.61,1602.85,1611.0
2012-08-07,1610.99,1618.41,1609.09,1611.18
2012-08-08,1611.29,1617.01,1603.55,1611.9
2012-08-09,1612.1,1618.72,1609.85,1617.7
2012-08-10,1617.64,1626.56,1605.7,1620.05
2012-08-13,1620.35,1625.82,1607.71,1610.15
2012-08-14,1610.16,1616.81,1594.71,1598.65
2012-08-15,1598.64,1606.4,1590.19,1603.38
2012-08-16,1604.14,1618.99,1600.79,1614.8
2012-08-17,1614.44,1620.1,1611.9,1615.8
2012-08-20,1616.26,1623.01,1610.2,1620.7
2012-08-21,1620.55,1641.81,1618.66,1638.5
2012-08-22,1638.2,1656.41,1634.87,1654.0
2012-08-23,1654.0,1675.41,1652.41,1670.65
2012-08-24,1670.14,1673.81,1662.79,1670.35
2012-08-27,1671.44,1676.95,1663.09,1664.1
2012-08-28,1663.44,1672.7,1657.44,1667.03
2012-08-29,1667.25,1670.15,1652.97,1656.55
2012-08-30,1656.55,1664.51,1651.8,1656.15
2012-08-31,1656.15,1693.32,1647.34,1691.15
2012-09-03,1692.2,1695.61,1685.7,1692.4
2012-09-04,1692.99,1700.45,1689.96,1696.4
2012-09-05,1695.05,1696.37,1687.65,1693.65
2012-09-06,1693.45,1713.52,1691.65,1701.65
2012-09-07,1701.94,1741.8,1689.2,1736.5
2012-09-10,1735.85,1740.26,1724.91,1725.8
2012-09-11,1726.1,1737.91,1725.45,1731.75
2012-09-12,1732.54,1746.7,1725.79,1731.5
2012-09-13,1730.65,1772.87,1717.25,1766.9
2012-09-14,1766.44,1778.01,1765.04,1772.48
2012-09-17,1774.74,1776.76,1754.59,1761.45
2012-09-18,1761.55,1773.61,1752.95,1770.95
2012-09-19,1769.85,1768.35,1765.65,1769.8
2012-09-20,1769.85,1772.5,1756.1,1766.7
2012-09-21,1767.3,1787.81,1766.4,1773.05
2012-09-24,1773.39,1773.39,1755.8,1764.15
2012-09-25,1764.26,1775.51,1758.41,1760.65
2012-09-26,1760.5,1766.01,1738.11,1752.2
2012-09-27,1754.9,1780.81,1751.36,1777.9
2012-09-28,1777.72,1783.63,1767.53,1771.22
2012-10-01,1771.2,1791.81,1763.55,1774.4
2012-10-02,1776.4,1784.81,1771.57,1778.0
2012-10-03,1774.1,1782.31,1771.0,1779.15
2012-10-04,1779.19,1796.9,1779.19,1790.55
2012-10-05,1790.79,1796.19,1772.84,1780.98
2012-10-08,1780.71,1780.9,1766.75,1774.9
2012-10-09,1775.45,1779.96,1760.55,1764.15
2012-10-10,1764.26,1768.41,1757.47,1762.55
2012-10-11,1761.8,1775.31,1758.7,1768.8
2012-10-12,1768.79,1773.6,1752.34,1754.25
2012-10-15,1753.6,1753.6,1729.36,1736.1
2012-10-16,1736.3,1748.61,1734.9,1747.8
2012-10-17,1748.4,1753.81,1743.2,1750.3
2012-10-18,1749.91,1752.4,1738.41,1741.7
2012-10-19,1740.59,1743.58,1716.29,1720.9
2012-10-22,1721.8,1729.61,1714.0,1729.45
2012-10-23,1728.4,1730.6,1704.11,1708.7
2012-10-24,1708.39,1714.56,1698.89,1702.43
2012-10-25,1701.85,1718.21,1701.4,1711.8
2012-10-26,1712.0,1718.91,1700.95,1711.35
2012-10-29,1711.5,1717.57,1706.0,1709.85
2012-10-30,1710.06,1715.61,1705.2,1709.49
2012-10-31,1709.96,1726.05,1709.54,1720.55
2012-11-01,1720.66,1727.11,1713.55,1714.7
2012-11-02,1714.79,1717.06,1674.44,1677.85
2012-11-05,1677.2,1686.57,1672.85,1684.6
2012-11-06,1684.93,1721.01,1683.8,1715.95
2012-11-07,1715.98,1731.79,1702.97,1716.69
2012-11-08,1717.32,1735.82,1713.61,1730.99
2012-11-09,1731.64,1739.05,1727.05,1731.24
2012-11-12,1732.0,1738.41,1725.9,1728.35
2012-11-13,1728.51,1733.21,1718.3,1725.5
2012-11-14,1725.5,1733.4,1720.81,1726.45
2012-11-15,1726.45,1727.96,1705.3,1715.8
2012-11-16,1716.11,1717.51,1706.1,1713.7
2012-11-19,1713.54,1735.34,1713.43,1731.94
2012-11-20,1732.11,1735.81,1722.4,1728.65
2012-11-21,1728.57,1732.08,1720.91,1729.11
2012-11-22,1729.09,1732.75,1728.35,1729.55
2012-11-23,1729.55,1754.6,1728.39,1753.0
2012-11-26,1753.11,1753.11,1746.1,1749.1
2012-11-27,1748.94,1751.8,1738.89,1742.05
2012-11-28,1741.92,1743.23,1706.03,1719.69
2012-11-29,1719.5,1728.71,1718.4,1725.4
2012-11-30,1725.71,1731.9,1709.09,1714.8
2012-12-03,1713.9,1722.11,1712.99,1715.25
2012-12-04,1715.55,1717.67,1691.25,1697.35
2012-12-05,1697.47,1707.18,1684.98,1693.99
2012-12-06,1693.87,1703.38,1686.11,1699.14
2012-12-07,1699.31,1705.61,1684.4,1703.65
2012-12-10,1704.45,1717.6,1702.64,1710.25
2012-12-11,1712.3,1714.6,1705.04,1710.1
2012-12-12,1709.99,1723.41,1707.84,1711.95
2012-12-13,1711.81,1712.11,1689.55,1697.3
2012-12-14,1697.41,1700.74,1693.45,1695.47
2012-12-17,1695.76,1700.03,1687.05,1697.93
2012-12-18,1698.21,1703.47,1661.62,1670.15
2012-12-19,1670.38,1676.99,1663.42,1666.94
2012-12-20,1667.22,1672.12,1635.7,1647.75
2012-12-21,1647.64,1659.68,1635.62,1656.99
2012-12-24,1657.79,1665.9,1652.13,1657.48
2012-12-25,1657.91,1663.15,1657.81,1658.9
2012-12-26,1658.12,1667.89,1650.38,1660.14
2012-12-27,1660.31,1665.76,1653.05,1663.9
2012-12-28,1663.84,1666.49,1653.44,1655.4
2012-12-31,1656.21,1680.71,1655.71,1674.95
2013-01-01,1675.26,1676.21,1664.55,1675.15
2013-01-02,1675.03,1695.1,1670.39,1686.75
2013-01-03,1686.54,1690.0,1660.89,1663.35
2013-01-04,1663.42,1664.42,1626.4,1656.85
2013-01-07,1656.51,1662.71,1642.75,1647.25
2013-01-08,1647.21,1662.3,1646.64,1659.0
2013-01-09,1658.83,1666.41,1651.45,1657.9
2013-01-10,1657.97,1679.21,1654.1,1675.25
2013-01-11,1675.28,1677.05,1654.05,1663.05
2013-01-14,1661.95,1674.8,1660.04,1667.2
2013-01-15,1666.94,1685.3,1666.44,1678.9
2013-01-16,1678.65,1685.11,1673.55,1679.5
2013-01-17,1679.79,1695.94,1666.94,1687.64
2013-01-18,1687.25,1695.51,1683.6,1683.95
2013-01-21,1684.9,1691.6,1684.9,1690.05
2013-01-22,1690.05,1696.26,1686.64,1692.1
2013-01-23,1692.37,1695.61,1683.45,1685.75
2013-01-24,1686.35,1686.45,1665.08,1667.74
2013-01-25,1667.88,1672.59,1655.78,1658.69
2013-01-28,1658.76,1662.81,1652.54,1654.95
2013-01-29,1655.2,1666.06,1654.3,1663.85
2013-01-30,1663.96,1683.79,1662.79,1677.1
2013-01-31,1677.42,1681.01,1658.15,1663.6
2013-02-01,1664.02,1682.31,1660.35,1667.15
2013-02-04,1667.55,1677.61,1661.79,1674.4
2013-02-05,1674.21,1684.9,1666.76,1673.0
2013-02-06,1672.62,1679.49,1668.22,1677.49
2013-02-07,1677.71,1683.51,1663.41,1671.3
2013-02-08,1671.72,1673.91,1665.45,1667.5
2013-02-11,1666.93,1669.7,1643.62,1649.74
2013-02-12,1647.94,1653.5,1639.22,1650.8
2013-02-13,1650.85,1653.59,1640.33,1642.74
2013-02-14,1642.84,1650.05,1632.72,1634.85
2013-02-15,1634.53,1636.1,1598.42,1609.44
2013-02-18,1609.95,1619.0,1607.33,1610.05
2013-02-19,1609.93,1615.34,1600.72,1604.6
2013-02-20,1604.71,1609.82,1558.85,1562.9
2013-02-21,1563.09,1584.88,1554.88,1576.05
2013-02-22,1576.0,1587.25,1570.16,1580.7
2013-02-25,1581.29,1597.18,1575.18,1594.24
2013-02-26,1593.93,1620.05,1584.6,1613.49
2013-02-27,1613.39,1614.89,1592.33,1597.6
2013-02-28,1597.38,1602.98,1574.72,1580.14
2013-03-01,1580.18,1587.29,1564.83,1575.24
2013-03-04,1579.01,1585.11,1569.65,1573.95
2013-03-05,1573.88,1586.3,1571.72,1575.44
2013-03-06,1575.28,1584.79,1567.53,1583.69
2013-03-07,1583.59,1585.89,1574.94,1578.9
2013-03-08,1579.12,1583.51,1561.41,1578.35
2013-03-11,1578.4,1583.61,1575.65,1581.0
2013-03-12,1582.01,1598.81,1580.25,1592.7
2013-03-13,1592.91,1599.61,1585.55,1587.8
2013-03-14,1587.9,1593.5,1576.99,1590.3
2013-03-15,1590.41,1598.81,1588.9,1592.45
2013-03-18,1597.26,1611.31,1592.56,1605.3
2013-03-19,1605.41,1615.77,1600.15,1613.4
2013-03-20,1613.5,1615.21,1603.55,1606.5
2013-03-21,1606.58,1616.97,1604.65,1614.7
2013-03-22,1614.7,1616.35,1603.79,1608.45
2013-03-25,1609.3,1613.76,1589.99,1605.4
2013-03-26,1605.6,1606.27,1594.85,1599.2
2013-03-27,1599.31,1608.61,1591.5,1605.4
2013-03-28,1605.76,1607.88,1594.06,1596.74
2013-04-01,1597.74,1601.31,1594.94,1598.9
2013-04-02,1599.6,1604.21,1574.0,1575.85
2013-04-03,1576.04,1577.41,1550.19,1557.85
2013-04-04,1557.96,1559.87,1540.35,1553.32
2013-04-05,1553.32,1582.05,1549.34,1582.0
2013-04-08,1581.25,1583.37,1567.55,1573.7
2013-04-09,1572.94,1590.5,1570.44,1585.2
2013-04-10,1584.95,1588.91,1556.0,1558.75
2013-04-11,1559.3,1568.42,1553.71,1561.35
2013-04-12,1560.69,1564.86,1477.5,1478.85
2013-04-15,1478.3,1495.66,1336.54,1353.25
2013-04-16,1353.86,1402.35,1322.46,1368.9
2013-04-17,1369.3,1395.1,1365.1,1377.0
2013-04-18,1376.8,1401.96,1340.36,1391.25
2013-04-19,1391.21,1425.01,1386.46,1404.35
2013-04-22,1405.17,1439.77,1404.61,1426.25
2013-04-23,1426.86,1432.42,1406.55,1413.35
2013-04-24,1412.69,1433.4,1411.79,1431.3
2013-04-25,1431.45,1469.46,1427.25,1467.85
2013-04-26,1467.95,1485.31,1448.69,1463.0
2013-04-29,1464.85,1478.56,1462.45,1476.65
2013-04-30,1475.99,1479.31,1460.99,1477.1
2013-05-01,1476.55,1478.57,1440.6,1457.6
2013-05-02,1457.65,1474.26,1449.3,1467.1
2013-05-03,1467.45,1488.3,1456.4,1470.7
2013-05-06,1470.5,1479.06,1465.1,1469.5
2013-05-07,1470.2,1470.78,1441.72,1452.6
2013-05-08,1452.7,1476.97,1447.9,1472.8
2013-05-09,1473.3,1476.01,1453.7,1458.2
2013-05-10,1458.79,1462.36,1421.11,1448.2
2013-05-13,1448.69,1448.69,1426.34,1430.55
2013-05-14,1431.1,1445.57,1422.26,1426.0
2013-05-15,1426.5,1430.85,1389.65,1392.9
2013-05-16,1392.71,1398.52,1369.9,1386.3
2013-05-17,1387.39,1392.96,1355.6,1359.2
2013-05-20,1363.09,1399.1,1339.45,1394.15
2013-05-21,1394.75,1401.76,1360.3,1376.3
2013-05-22,1376.95,1415.11,1355.47,1369.4
2013-05-23,1369.2,1397.85,1356.74,1391.2
2013-05-24,1391.2,1398.45,1382.7,1386.05
2013-05-27,1388.15,1396.9,1384.24,1394.78
2013-05-28,1394.24,1400.55,1374.14,1380.85
2013-05-29,1380.79,1395.16,1379.99,1392.95
2013-05-30,1392.95,1418.31,1388.69,1413.75
2013-05-31,1413.75,1421.5,1384.64,1386.9
2013-06-03,1389.09,1416.61,1388.94,1411.6
2013-06-04,1412.0,1415.62,1389.86,1399.9
2013-06-05,1398.94,1410.51,1395.69,1403.3
2013-06-06,1403.3,1423.66,1391.84,1413.65
2013-06-07,1413.72,1418.03,1377.86,1384.47
2013-06-10,1378.89,1389.06,1376.49,1386.9
2013-06-11,1387.01,1387.12,1367.26,1379.6
2013-06-12,1379.5,1394.87,1374.35,1388.4
2013-06-13,1388.26,1395.27,1374.7,1386.05
2013-06-14,1385.89,1392.11,1378.54,1390.7
2013-06-17,1391.29,1392.11,1380.94,1384.85
2013-06-18,1384.9,1386.16,1361.15,1368.4
2013-06-19,1367.7,1376.02,1349.35,1351.3
2013-06-20,1351.51,1348.52,1276.8,1278.0
2013-06-21,1278.34,1348.41,1269.39,1297.25
2013-06-24,1297.3,1301.62,1276.35,1281.9
2013-06-25,1282.1,1289.41,1271.92,1277.35
2013-06-26,1278.1,1277.62,1222.91,1226.35
2013-06-27,1226.6,1245.46,1198.06,1200.75
2013-06-28,1200.3,1245.61,1181.82,1234.25
2013-07-01,1233.49,1261.11,1226.31,1253.3
2013-07-02,1253.35,1266.55,1241.8,1242.5
2013-07-03,1242.65,1260.71,1237.05,1252.3
2013-07-04,1251.3,1257.82,1245.4,1250.3
2013-07-05,1249.28,1250.86,1207.99,1223.8
2013-07-08,1223.21,1239.41,1215.95,1237.0
2013-07-09,1237.4,1261.02,1233.9,1249.95
2013-07-10,1250.5,1266.22,1244.47,1264.25
2013-07-11,1264.8,1298.97,1278.81,1285.3
2013-07-12,1286.67,1288.86,1267.9,1284.9
2013-07-15,1285.45,1294.32,1276.26,1282.6
2013-07-16,1282.3,1295.95,1277.56,1292.6
2013-07-17,1293.0,1297.61,1274.21,1276.0
2013-07-18,1276.1,1288.7,1275.05,1285.1
2013-07-19,1285.2,1297.95,1282.55,1296.35
2013-07-22,1297.4,1339.77,1311.76,1335.9
2013-07-23,1335.25,1348.3,1327.15,1348.1
2013-07-24,1347.8,1348.3,1313.55,1321.3
2013-07-25,1321.4,1338.02,1309.35,1333.65
2013-07-26,1333.96,1340.82,1312.82,1333.9
2013-07-29,1333.91,1338.71,1323.32,1327.6
2013-07-30,1328.0,1330.38,1318.5,1327.3
2013-07-31,1326.9,1338.87,1305.91,1323.1
2013-08-01,1322.7,1330.77,1307.2,1308.95
2013-08-02,1307.79,1318.4,1283.19,1312.0
2013-08-05,1313.1,1319.91,1297.86,1303.95
2013-08-06,1303.85,1307.27,1279.85,1281.9
2013-08-07,1281.95,1289.42,1273.25,1287.75
2013-08-08,1287.7,1314.56,1283.85,1312.0
2013-08-09,1312.09,1317.0,1305.56,1314.5
2013-08-12,1314.6,1343.67,1314.6,1336.4
2013-08-13,1336.9,1341.72,1319.27,1321.3
2013-08-14,1321.4,1337.3,1316.55,1335.2
2013-08-15,1335.19,1369.9,1319.31,1366.05
2013-08-16,1367.3,1380.21,1357.95,1376.4
2013-08-19,1376.35,1384.6,1362.49,1365.98
2013-08-20,1366.39,1376.2,1355.26,1371.17
2013-08-21,1371.8,1378.81,1360.1,1366.35
2013-08-22,1366.5,1381.61,1355.8,1375.85
2013-08-23,1375.79,1400.21,1369.14,1396.85
2013-08-26,1398.88,1404.86,1391.44,1404.9
2013-08-27,1405.16,1424.02,1396.75,1416.65
2013-08-28,1417.1,1434.17,1413.9,1418.5
2013-08-29,1418.05,1418.52,1403.17,1408.25
2013-08-30,1408.55,1411.62,1392.77,1396.4
2013-09-02,1396.46,1398.31,1380.05,1394.9
2013-09-03,1391.6,1416.61,1384.7,1412.65
2013-09-04,1412.1,1415.22,1384.85,1391.45
2013-09-05,1392.1,1399.92,1365.77,1367.85
2013-09-06,1365.72,1393.2,1363.28,1391.61
2013-09-09,1391.45,1391.45,1382.83,1387.05
2013-09-10,1387.95,1391.52,1358.2,1364.45
2013-09-11,1364.25,1368.51,1357.46,1366.75
2013-09-12,1367.4,1367.5,1321.05,1321.05
2013-09-13,1321.36,1331.03,1305.03,1326.72
2013-09-16,1329.6,1332.92,1304.46,1314.0
2013-09-17,1313.6,1323.92,1306.5,1309.65
2013-09-18,1309.7,1367.77,1291.95,1365.15
2013-09-19,1365.55,1375.15,1358.8,1365.0
2013-09-20,1366.18,1368.4,1324.86,1325.38
2013-09-23,1326.2,1332.11,1314.26,1322.15
2013-09-24,1321.35,1329.57,1306.51,1323.2
2013-09-25,1322.8,1338.51,1317.11,1333.6
2013-09-26,1333.5,1339.21,1319.15,1323.7
2013-09-27,1323.64,1344.3,1320.43,1336.2
2013-09-30,1335.9,1344.22,1323.56,1327.55
2013-10-01,1327.75,1337.77,1283.2,1286.6
2013-10-02,1286.75,1323.82,1278.85,1315.25
2013-10-03,1316.75,1321.31,1302.42,1317.3
2013-10-04,1317.15,1323.86,1306.56,1311.35
2013-10-07,1311.04,1328.44,1308.81,1321.79
2013-10-08,1321.49,1330.1,1316.3,1318.8
2013-10-09,1319.06,1321.95,1294.65,1307.2
2013-10-10,1307.22,1311.78,1283.03,1286.24
2013-10-11,1286.93,1294.45,1262.63,1273.11
2013-10-14,1272.8,1289.47,1268.8,1273.4
2013-10-15,1273.15,1288.51,1252.27,1280.8
2013-10-16,1280.6,1287.51,1269.57,1281.6
2013-10-17,1282.3,1324.67,1274.8,1319.7
2013-10-18,1319.18,1325.7,1311.95,1316.24
2013-10-21,1316.66,1324.42,1313.56,1315.75
2013-10-22,1315.5,1345.07,1310.45,1340.65
2013-10-23,1340.75,1342.57,1329.8,1332.35
2013-10-24,1332.35,1352.22,1330.6,1347.15
2013-10-25,1346.73,1355.6,1336.54,1352.13
2013-10-28,1353.16,1362.21,1346.5,1352.2
2013-10-29,1352.1,1360.67,1340.87,1344.3
2013-10-30,1344.05,1359.77,1334.81,1342.8
2013-10-31,1343.3,1343.4,1319.4,1323.8
2013-11-01,1323.7,1327.86,1306.3,1315.35
2013-11-04,1315.12,1322.24,1311.74,1314.74
2013-11-05,1314.85,1319.77,1306.75,1311.6
2013-11-06,1311.97,1322.31,1309.45,1318.4
2013-11-07,1318.16,1325.71,1298.71,1307.95
2013-11-08,1307.84,1313.06,1281.4,1288.2
2013-11-11,1288.76,1288.91,1279.39,1283.28
2013-11-12,1283.07,1285.3,1261.28,1267.99
2013-11-13,1267.58,1279.24,1265.89,1278.99
2013-11-14,1278.67,1294.38,1278.53,1287.39
2013-11-15,1287.04,1291.14,1280.42,1290.05
2013-11-18,1290.45,1290.61,1270.35,1274.35
2013-11-19,1274.71,1279.02,1269.3,1275.25
2013-11-20,1275.62,1276.67,1241.3,1243.2
2013-11-21,1243.19,1250.01,1236.69,1242.75
2013-11-22,1243.01,1249.32,1241.55,1243.6
2013-11-25,1242.08,1253.54,1227.72,1252.6
2013-11-26,1252.6,1256.89,1239.89,1243.3
2013-11-27,1243.42,1254.81,1236.65,1237.4
2013-11-28,1237.76,1245.82,1235.32,1244.15
2013-11-29,1246.24,1256.11,1242.26,1253.49
2013-12-02,1251.42,1251.42,1217.78,1220.05
2013-12-03,1220.04,1226.38,1215.98,1223.89
2013-12-04,1223.89,1250.75,1211.89,1243.66
2013-12-05,1243.77,1244.0,1217.3,1224.88
2013-12-06,1225.22,1243.61,1212.41,1228.85
2013-12-09,1229.58,1243.19,1225.38,1240.94
2013-12-10,1240.82,1267.74,1237.97,1260.72
2013-12-11,1260.91,1263.4,1250.5,1251.75
2013-12-12,1251.3,1257.4,1223.5,1223.8
2013-12-13,1223.8,1239.0,1220.6,1238.3
2013-12-16,1238.08,1251.89,1227.59,1240.57
2013-12-17,1240.3,1248.6,1227.8,1230.1
2013-12-18,1231.54,1244.7,1216.15,1218.07
2013-12-19,1217.96,1226.76,1186.8,1190.1
2013-12-20,1190.51,1207.6,1185.71,1203.25
2013-12-23,1203.52,1206.38,1192.77,1198.84
2013-12-24,1199.44,1206.36,1197.01,1204.35
2013-12-25,1204.69,1205.1,1203.29,1204.7
2013-12-26,1204.99,1216.1,1201.24,1210.7
2013-12-27,1210.59,1219.04,1209.03,1213.19
2013-12-30,1212.15,1216.26,1195.39,1196.4
2013-12-31,1196.62,1214.21,1185.11,1205.55
2014-01-01,1210.41,1210.61,1199.4,1205.9
2014-01-02,1204.88,1231.04,1203.72,1224.89
2014-01-03,1224.94,1240.38,1222.14,1236.55
2014-01-06,1236.93,1248.76,1233.1,1238.05
2014-01-07,1238.17,1245.86,1225.2,1232.1
2014-01-08,1231.97,1232.84,1218.83,1226.1
2014-01-09,1226.17,1231.91,1224.02,1228.0
2014-01-10,1228.01,1248.81,1226.94,1247.1
2014-01-13,1248.28,1255.18,1243.72,1253.44
2014-01-14,1253.12,1255.38,1241.83,1245.1
2014-01-15,1245.1,1245.39,1234.49,1241.74
2014-01-16,1241.49,1245.26,1236.55,1242.55
2014-01-17,1242.53,1255.28,1238.05,1253.82
2014-01-20,1254.01,1261.0,1251.32,1254.35
2014-01-21,1254.18,1256.24,1236.07,1241.49
2014-01-22,1241.55,1244.14,1236.14,1236.49
2014-01-23,1236.64,1265.8,1231.76,1264.35
2014-01-24,1264.67,1273.31,1257.2,1269.25
2014-01-27,1268.85,1278.48,1252.16,1257.07
2014-01-28,1257.01,1261.51,1249.36,1256.55
2014-01-29,1256.9,1270.27,1249.65,1268.4
2014-01-30,1268.24,1268.53,1238.39,1243.7
2014-01-31,1244.07,1255.51,1238.75,1243.8
2014-02-03,1245.14,1266.54,1240.68,1257.64
2014-02-04,1257.99,1260.93,1247.62,1255.0
2014-02-05,1254.86,1273.73,1252.51,1258.01
2014-02-06,1258.14,1266.98,1252.88,1257.64
2014-02-07,1257.68,1272.18,1256.22,1267.06
2014-02-10,1266.31,1278.31,1265.4,1274.9
2014-02-11,1274.79,1293.83,1273.8,1291.85
2014-02-12,1292.02,1296.52,1284.4,1291.25
2014-02-13,1291.11,1302.8,1286.14,1302.7
2014-02-14,1302.83,1321.34,1299.97,1318.93
2014-02-17,1319.15,1330.37,1318.65,1329.1
2014-02-18,1329.2,1332.71,1312.95,1321.6
2014-02-19,1321.84,1323.39,1308.93,1311.8
2014-02-20,1311.64,1325.18,1307.85,1322.89
2014-02-21,1322.72,1328.79,1316.12,1323.39
2014-02-24,1324.99,1339.0,1319.11,1337.0
2014-02-25,1337.0,1344.01,1331.72,1340.75
2014-02-26,1340.31,1345.4,1322.14,1330.75
2014-02-27,1330.58,1336.48,1323.97,1331.44
2014-02-28,1331.67,1333.91,1320.22,1326.4
2014-03-03,1326.5,1355.41,1326.5,1350.9
2014-03-04,1350.95,1352.61,1331.54,1334.9
2014-03-05,1334.83,1341.88,1332.58,1337.39
2014-03-06,1337.45,1353.37,1331.35,1351.35
2014-03-07,1351.21,1352.9,1329.75,1340.25
2014-03-10,1339.27,1345.41,1329.47,1339.15
2014-03-11,1339.35,1353.11,1338.0,1349.95
2014-03-12,1349.39,1371.1,1345.44,1367.08
2014-03-13,1367.5,1375.46,1364.65,1370.6
2014-03-14,1370.59,1388.4,1368.06,1382.24
2014-03-17,1382.07,1392.37,1362.53,1366.95
2014-03-18,1366.8,1367.77,1350.8,1356.25
2014-03-19,1355.95,1360.26,1328.0,1331.45
2014-03-20,1331.05,1335.21,1320.85,1328.5
2014-03-21,1328.55,1343.04,1328.45,1334.55
2014-03-24,1334.74,1334.86,1308.04,1309.62
2014-03-25,1309.6,1317.86,1306.2,1311.05
2014-03-26,1311.25,1317.01,1298.9,1304.1
2014-03-27,1304.14,1307.15,1289.3,1291.14
2014-03-28,1293.64,1299.2,1285.84,1294.0
2014-03-31,1294.3,1298.81,1282.65,1284.25
2014-04-01,1283.79,1288.25,1277.44,1279.15
2014-04-02,1279.85,1295.21,1278.65,1289.8
2014-04-03,1289.89,1294.2,1281.59,1287.3
2014-04-04,1286.62,1307.09,1284.33,1302.7
2014-04-07,1302.9,1304.8,1295.8,1296.65
2014-04-08,1296.29,1314.93,1296.29,1308.72
2014-04-09,1308.25,1315.3,1300.94,1311.9
2014-04-10,1311.64,1324.9,1310.84,1318.92
2014-04-11,1317.94,1324.33,1314.24,1318.47
2014-04-14,1318.94,1331.2,1318.84,1326.4
2014-04-15,1326.81,1328.51,1290.95,1302.65
2014-04-16,1302.84,1307.6,1293.59,1302.8
2014-04-17,1302.4,1304.8,1293.24,1294.85
2014-04-18,1293.78,1293.78,1293.78,1293.78
2014-04-21,1294.67,1301.51,1282.01,1290.15
2014-04-22,1290.24,1293.0,1277.6,1283.5
2014-04-23,1283.51,1289.22,1281.05,1283.9
2014-04-24,1284.01,1298.51,1268.85,1293.85
2014-04-25,1294.01,1305.61,1290.6,1303.45
2014-04-28,1303.2,1306.61,1292.3,1296.1
2014-04-29,1296.04,1301.4,1286.49,1296.48
2014-04-30,1296.01,1298.01,1285.8,1291.9
2014-05-01,1291.65,1293.21,1277.7,1284.1
2014-05-02,1284.19,1304.9,1277.1,1300.32
2014-05-05,1300.74,1315.95,1299.61,1309.85
2014-05-06,1309.9,1314.71,1305.0,1307.65
2014-05-07,1308.01,1315.31,1287.0,1289.55
2014-05-08,1289.74,1295.3,1285.74,1289.6
2014-05-09,1289.5,1294.9,1285.64,1289.33
2014-05-12,1289.2,1304.3,1280.1,1295.8
2014-05-13,1295.91,1299.21,1289.25,1293.35
2014-05-14,1294.46,1309.4,1291.79,1305.6
2014-05-15,1305.45,1307.35,1291.15,1296.35
2014-05-16,1296.61,1298.76,1287.85,1293.7
2014-05-19,1293.42,1305.25,1289.66,1291.95
2014-05-20,1292.15,1297.05,1286.15,1294.25
2014-05-21,1294.15,1296.6,1283.45,1291.85
2014-05-22,1292.04,1303.85,1290.05,1293.85
2014-05-23,1294.04,1295.95,1287.99,1293.11
2014-05-26,1292.71,1294.41,1290.91,1293.05
2014-05-27,1292.95,1293.7,1263.5,1263.7
2014-05-28,1263.7,1267.69,1256.02,1258.5
2014-05-29,1258.79,1260.5,1251.55,1256.05
2014-05-30,1256.0,1260.46,1242.35,1251.05
2014-06-02,1250.89,1250.89,1241.04,1244.35
2014-06-03,1244.39,1248.15,1241.06,1244.65
2014-06-04,1245.24,1250.0,1243.5,1243.8
2014-06-05,1243.8,1256.81,1241.21,1253.6
2014-06-06,1253.69,1258.0,1246.31,1252.73
2014-06-09,1253.79,1257.7,1251.76,1252.08
2014-06-10,1252.15,1263.31,1250.21,1260.8
2014-06-11,1260.49,1265.5,1258.0,1260.74
2014-06-12,1261.49,1275.0,1260.05,1273.36
2014-06-13,1273.69,1278.2,1271.0,1277.0
2014-06-16,1277.06,1285.16,1270.51,1271.6
2014-06-17,1271.65,1273.56,1259.16,1271.5
2014-06-18,1271.3,1280.0,1266.96,1278.4
2014-06-19,1278.44,1322.1,1276.01,1320.1
2014-06-20,1320.2,1322.4,1306.75,1314.82
2014-06-23,1313.7,1318.61,1309.91,1318.1
2014-06-24,1318.54,1326.6,1314.15,1318.3
2014-06-25,1318.74,1325.15,1310.8,1319.5
2014-06-26,1318.65,1320.15,1306.25,1317.95
2014-06-27,1317.91,1322.31,1312.76,1315.35
2014-06-30,1315.8,1329.41,1310.21,1327.5
2014-07-01,1327.15,1332.41,1323.72,1325.75
2014-07-02,1325.58,1332.21,1321.32,1327.45
2014-07-03,1327.7,1327.7,1309.95,1319.8
2014-07-04,1320.29,1323.8,1318.8,1320.55
2014-07-07,1320.16,1320.3,1311.9,1320.2
2014-07-08,1319.75,1325.35,1313.45,1318.95
2014-07-09,1319.69,1332.69,1318.5,1326.7
2014-07-10,1319.34,1345.65,1319.34,1335.55
2014-07-11,1335.81,1339.54,1333.87,1338.15
2014-07-14,1338.45,1339.71,1303.21,1307.15
2014-07-15,1306.85,1314.25,1292.05,1294.45
2014-07-16,1294.4,1304.4,1292.9,1299.37
2014-07-17,1300.24,1324.65,1297.85,1318.25
2014-07-18,1318.7,1324.75,1304.57,1310.9
2014-07-21,1311.05,1318.51,1307.01,1311.9
2014-07-22,1311.89,1315.2,1301.75,1307.35
2014-07-23,1307.7,1311.31,1302.61,1304.15
2014-07-24,1304.14,1305.35,1287.81,1293.35
2014-07-25,1294.0,1308.5,1290.16,1308.05
2014-07-28,1308.25,1309.46,1301.42,1304.25
2014-07-29,1304.59,1312.75,1295.85,1298.75
2014-07-30,1298.94,1302.76,1291.85,1295.05
2014-07-31,1294.86,1297.56,1281.02,1282.35
2014-08-01,1282.24,1297.2,1280.9,1294.1
2014-08-04,1293.98,1295.81,1286.17,1288.35
2014-08-05,1287.91,1293.66,1282.56,1288.0
2014-08-06,1288.05,1309.86,1287.46,1306.25
2014-08-07,1305.89,1314.75,1302.11,1313.55
2014-08-08,1313.5,1322.86,1306.16,1309.6
2014-08-11,1309.35,1311.66,1304.96,1308.1
2014-08-12,1307.9,1317.86,1305.46,1308.6
2014-08-13,1308.69,1315.6,1304.9,1312.86
2014-08-14,1312.86,1319.6,1309.19,1313.24
2014-08-15,1312.95,1315.41,1292.61,1304.6
2014-08-18,1303.91,1304.07,1295.72,1297.46
2014-08-19,1297.65,1302.61,1293.96,1295.5
2014-08-20,1295.6,1297.91,1288.04,1292.15
2014-08-21,1291.8,1291.8,1273.32,1277.25
2014-08-22,1276.64,1283.5,1274.49,1281.23
2014-08-25,1279.67,1281.06,1274.42,1276.6
2014-08-26,1276.55,1291.06,1275.5,1280.9
2014-08-27,1281.09,1288.0,1280.4,1282.95
2014-08-28,1282.75,1296.76,1283.02,1290.0
2014-08-29,1290.29,1291.8,1283.66,1287.57
2014-09-01,1287.05,1290.36,1282.8,1287.3
2014-09-02,1287.59,1288.1,1262.92,1265.9
2014-09-03,1266.14,1271.8,1261.69,1269.07
2014-09-04,1268.8,1276.76,1260.26,1261.1
2014-09-05,1260.96,1273.71,1257.16,1268.85
2014-09-08,1268.75,1271.85,1251.5,1255.7
2014-09-09,1255.43,1258.25,1247.41,1256.2
2014-09-10,1256.19,1258.15,1243.91,1248.75
2014-09-11,1248.68,1250.46,1234.97,1240.75
2014-09-12,1240.59,1242.04,1227.75,1228.63
2014-09-15,1228.4,1238.56,1225.56,1233.0
2014-09-16,1233.1,1242.16,1231.92,1235.2
2014-09-17,1234.95,1239.46,1221.67,1223.25
2014-09-18,1223.2,1228.06,1216.27,1225.45
2014-09-19,1225.5,1228.86,1213.87,1216.45
2014-09-22,1216.54,1220.7,1208.72,1215.05
2014-09-23,1215.3,1235.06,1214.11,1222.95
2014-09-24,1222.81,1226.16,1215.96,1217.05
2014-09-25,1217.02,1224.88,1207.03,1222.62
2014-09-26,1222.59,1230.5,1212.54,1219.51
2014-09-29,1219.2,1223.76,1214.78,1215.95
2014-09-30,1216.24,1219.96,1204.9,1209.24
2014-10-01,1209.0,1219.66,1204.75,1213.65
2014-10-02,1213.34,1221.84,1208.69,1213.5
2014-10-03,1213.84,1215.9,1190.14,1191.2
2014-10-06,1191.79,1209.2,1183.96,1207.15
2014-10-07,1207.15,1213.06,1202.91,1209.0
2014-10-08,1209.39,1223.84,1205.12,1221.7
2014-10-09,1221.84,1233.6,1219.15,1224.15
2014-10-10,1224.49,1225.84,1217.6,1223.48
2014-10-13,1223.54,1237.65,1223.34,1237.15
2014-10-14,1237.08,1238.3,1231.25,1232.75
2014-10-15,1233.65,1249.8,1222.17,1241.07
2014-10-16,1241.67,1245.6,1235.75,1239.1
2014-10-17,1239.69,1242.3,1231.99,1238.19
2014-10-20,1238.54,1248.94,1234.7,1246.6
2014-10-21,1246.99,1255.6,1245.4,1249.3
2014-10-22,1249.57,1250.08,1240.66,1241.03
2014-10-23,1240.85,1244.96,1226.43,1232.15
2014-10-24,1232.59,1234.7,1229.1,1231.46
2014-10-27,1231.5,1232.26,1225.06,1225.4
2014-10-28,1225.76,1235.81,1222.9,1228.4
2014-10-29,1228.21,1230.86,1208.52,1211.8
2014-10-30,1211.5,1216.76,1195.96,1198.9
2014-10-31,1198.91,1203.3,1161.75,1174.42
2014-11-03,1173.76,1174.17,1162.17,1165.35
2014-11-04,1165.55,1174.3,1164.0,1168.3
2014-11-05,1168.19,1169.85,1137.7,1141.4
2014-11-06,1141.45,1149.7,1138.1,1141.2
2014-11-07,1141.2,1178.99,1132.25,1176.65
2014-11-10,1179.41,1179.41,1147.45,1150.6
2014-11-11,1150.65,1173.6,1146.32,1164.8
2014-11-12,1164.67,1170.37,1157.51,1160.92
2014-11-13,1160.84,1168.12,1154.24,1161.96
2014-11-14,1162.09,1193.74,1147.04,1188.25
2014-11-17,1188.75,1194.26,1181.62,1186.55
2014-11-18,1186.42,1205.0,1183.3,1197.55
2014-11-19,1197.57,1202.77,1175.97,1183.3
2014-11-20,1183.36,1197.31,1176.87,1193.75
2014-11-21,1193.78,1208.01,1186.95,1201.4
2014-11-24,1201.53,1204.24,1192.85,1197.4
2014-11-25,1197.55,1203.4,1190.8,1201.19
2014-11-26,1200.96,1202.61,1195.02,1197.9
2014-11-27,1198.2,1200.1,1185.95,1191.75
2014-11-28,1190.7,1191.56,1165.35,1167.35
2014-12-01,1167.06,1221.46,1143.38,1210.9
2014-12-02,1210.74,1213.05,1192.32,1199.01
2014-12-03,1199.01,1214.95,1194.65,1209.64
2014-12-04,1209.7,1213.7,1201.53,1205.78
2014-12-05,1205.7,1208.2,1186.5,1192.05
2014-12-08,1193.09,1208.59,1187.31,1203.2
2014-12-09,1203.64,1238.55,1199.45,1230.85
2014-12-10,1230.43,1238.25,1224.78,1226.75
2014-12-11,1226.75,1233.2,1216.3,1227.95
2014-12-12,1227.99,1228.38,1215.98,1222.6
2014-12-15,1222.25,1224.24,1190.97,1192.6
2014-12-16,1192.59,1221.79,1188.8,1196.6
2014-12-17,1196.69,1203.4,1184.23,1188.7
2014-12-18,1188.7,1213.55,1188.65,1198.4
2014-12-19,1198.55,1202.1,1193.9,1195.95
2014-12-22,1195.33,1202.18,1170.56,1175.05
2014-12-23,1175.03,1185.49,1172.59,1175.68
2014-12-24,1175.7,1181.8,1173.05,1173.8
2014-12-26,1173.45,1199.75,1173.45,1195.4
2014-12-29,1195.71,1197.79,1179.35,1183.1
2014-12-30,1183.37,1210.29,1180.89,1200.24
2014-12-31,1200.26,1204.0,1179.55,1183.95
2015-01-01,1183.78,1184.53,1181.97,1181.97
2015-01-02,1182.7,1194.6,1168.75,1189.18
2015-01-05,1189.34,1208.15,1183.45,1204.45
2015-01-06,1204.85,1223.15,1201.85,1219.2
2015-01-07,1219.55,1219.85,1209.2,1210.8
2015-01-08,1210.51,1216.65,1204.67,1208.98
2015-01-09,1209.65,1224.0,1207.45,1223.4
2015-01-12,1223.0,1236.29,1218.56,1233.64
2015-01-13,1233.62,1244.12,1227.53,1230.88
2015-01-14,1230.76,1244.4,1224.95,1229.95
2015-01-15,1229.95,1266.59,1226.18,1261.64
2015-01-16,1262.05,1281.99,1255.37,1280.3
2015-01-19,1279.67,1281.63,1272.22,1277.08
2015-01-20,1276.54,1297.23,1274.09,1293.94
2015-01-21,1293.64,1305.38,1285.59,1293.44
2015-01-22,1293.2,1306.7,1279.55,1301.73
2015-01-23,1301.38,1302.9,1284.66,1294.55
2015-01-26,1293.68,1299.14,1276.14,1281.24
2015-01-27,1281.08,1297.77,1272.58,1292.35
2015-01-28,1292.35,1294.55,1281.5,1285.1
2015-01-29,1285.35,1286.25,1252.61,1257.25
2015-01-30,1257.61,1285.35,1257.25,1283.55
2015-02-02,1281.81,1283.85,1266.93,1275.44
2015-02-03,1275.4,1285.59,1255.7,1260.2
2015-02-04,1260.25,1272.2,1256.85,1270.05
2015-02-05,1269.9,1274.0,1256.52,1264.7
2015-02-06,1264.82,1269.3,1228.75,1233.72
2015-02-09,1235.18,1244.35,1234.54,1239.68
2015-02-10,1239.55,1246.0,1230.7,1234.0
2015-02-11,1233.75,1239.3,1218.26,1219.16
2015-02-12,1218.73,1232.9,1216.75,1222.5
2015-02-13,1222.38,1235.7,1221.01,1229.7
2015-02-16,1228.58,1236.88,1228.01,1231.47
2015-02-17,1231.05,1234.15,1203.7,1209.4
2015-02-18,1209.41,1212.99,1197.95,1212.99
2015-02-19,1212.7,1223.5,1205.4,1207.45
2015-02-20,1207.41,1215.39,1198.43,1202.39
2015-02-23,1201.89,1210.7,1191.51,1201.92
2015-02-24,1201.71,1204.6,1191.3,1199.89
2015-02-25,1199.55,1212.2,1199.5,1204.8
2015-02-26,1205.16,1220.75,1203.95,1209.05
2015-02-27,1209.45,1219.9,1204.65,1213.15
2015-03-02,1213.8,1223.6,1204.6,1207.1
2015-03-03,1207.19,1215.09,1195.39,1203.8
2015-03-04,1203.75,1209.4,1198.25,1199.85
2015-03-05,1199.75,1209.7,1196.4,1198.6
2015-03-06,1198.65,1201.29,1163.94,1167.21
2015-03-09,1168.65,1176.15,1166.15,1167.3
2015-03-10,1167.1,1171.35,1156.35,1161.93
2015-03-11,1162.15,1165.95,1147.85,1154.8
2015-03-12,1154.6,1166.7,1148.9,1153.7
2015-03-13,1153.9,1162.55,1151.8,1159.48
2015-03-16,1158.5,1164.46,1150.6,1154.59
2015-03-17,1154.55,1159.85,1143.61,1149.3
2015-03-18,1149.25,1174.61,1145.9,1167.25
2015-03-19,1167.25,1177.86,1160.06,1171.3
2015-03-20,1170.7,1188.3,1168.55,1182.68
2015-03-23,1185.96,1192.1,1179.45,1189.3
2015-03-24,1189.35,1195.7,1185.25,1193.13
2015-03-25,1192.9,1199.9,1186.65,1195.45
2015-03-26,1195.55,1219.8,1194.5,1204.38
2015-03-27,1204.25,1206.7,1192.91,1199.3
2015-03-30,1198.85,1199.5,1182.55,1186.2
2015-03-31,1185.4,1191.2,1178.45,1183.5
2015-04-01,1183.35,1209.0,1180.35,1204.1
2015-04-02,1204.95,1208.15,1195.75,1202.59
2015-04-03,1201.74,1212.74,1200.11,1210.9
2015-04-06,1215.63,1224.5,1213.85,1214.7
2015-04-07,1214.69,1215.91,1207.45,1208.6
2015-04-08,1208.85,1212.6,1197.85,1202.8
2015-04-09,1203.07,1203.76,1192.86,1195.01
2015-04-10,1194.3,1211.1,1193.3,1208.05
2015-04-13,1207.38,1209.83,1196.81,1198.85
2015-04-14,1199.2,1202.1,1184.18,1193.58
2015-04-15,1193.21,1205.35,1189.38,1202.05
2015-04-16,1202.45,1209.6,1195.06,1197.65
2015-04-17,1198.6,1208.1,1197.28,1204.65
2015-04-20,1204.9,1209.4,1191.54,1196.5
2015-04-21,1196.81,1204.4,1193.3,1202.68
2015-04-22,1202.75,1205.2,1185.73,1187.3
2015-04-23,1187.56,1198.4,1184.05,1194.0
2015-04-24,1194.16,1196.51,1175.24,1179.38
2015-04-27,1179.76,1207.46,1178.75,1202.0
2015-04-28,1202.75,1215.5,1199.3,1212.1
2015-04-29,1212.1,1213.7,1201.63,1204.8
2015-04-30,1205.18,1207.52,1177.32,1184.37
2015-05-01,1184.56,1185.26,1170.6,1178.5
2015-05-04,1178.95,1193.45,1177.88,1188.25
2015-05-05,1188.56,1200.1,1185.9,1193.33
2015-05-06,1193.19,1197.9,1188.3,1191.8
2015-05-07,1191.8,1193.3,1179.16,1184.8
2015-05-08,1184.66,1193.61,1182.13,1188.15
2015-05-11,1188.95,1192.1,1179.5,1184.2
2015-05-12,1183.8,1197.0,1181.05,1193.5
2015-05-13,1193.45,1219.3,1191.3,1215.73
2015-05-14,1215.71,1227.44,1212.05,1221.52
2015-05-15,1221.76,1226.75,1211.55,1223.85
2015-05-18,1223.3,1232.7,1221.5,1225.74
2015-05-19,1225.27,1225.57,1205.56,1207.51
2015-05-20,1208.01,1213.47,1203.02,1209.28
2015-05-21,1210.11,1212.95,1201.91,1206.45
2015-05-22,1206.75,1215.2,1201.7,1206.38
2015-05-25,1205.12,1208.97,1202.92,1207.17
2015-05-26,1207.3,1208.0,1186.1,1187.3
2015-05-27,1187.44,1191.55,1184.51,1188.15
2015-05-28,1188.21,1192.75,1181.3,1188.45
2015-05-29,1188.65,1193.81,1187.08,1190.5
2015-06-01,1191.0,1204.81,1184.6,1189.15
2015-06-02,1188.95,1196.12,1185.48,1193.38
2015-06-03,1193.86,1195.81,1180.18,1185.5
2015-06-04,1185.51,1186.41,1172.76,1176.26
2015-06-05,1177.24,1179.35,1163.1,1172.0
2015-06-08,1169.45,1178.1,1169.2,1173.95
2015-06-09,1174.36,1183.4,1172.75,1176.7
2015-06-10,1176.75,1192.6,1175.35,1186.48
2015-06-11,1186.61,1188.21,1176.16,1182.3
2015-06-12,1182.01,1184.7,1176.93,1180.8
2015-06-15,1181.5,1190.8,1173.02,1186.4
2015-06-16,1186.06,1188.11,1176.13,1181.86
2015-06-17,1181.9,1189.4,1174.48,1185.45
2015-06-18,1185.26,1206.0,1183.81,1201.42
2015-06-19,1202.36,1204.75,1198.7,1200.51
2015-06-22,1200.61,1201.5,1182.65,1185.45
2015-06-23,1185.86,1188.7,1176.32,1178.44
2015-06-24,1178.25,1180.3,1171.43,1175.2
2015-06-25,1175.29,1178.7,1171.52,1173.33
2015-06-26,1173.35,1179.09,1168.74,1175.07
2015-06-29,1184.96,1187.32,1173.99,1180.36
2015-06-30,1180.06,1180.8,1166.75,1172.6
2015-07-01,1172.7,1175.3,1167.43,1168.8
2015-07-02,1168.8,1169.11,1157.25,1166.15
2015-07-03,1166.29,1170.5,1164.96,1167.94
2015-07-06,1173.3,1175.2,1163.3,1170.15
2015-07-07,1170.5,1170.65,1148.45,1155.55
2015-07-08,1155.18,1165.03,1147.18,1158.28
2015-07-09,1158.62,1167.46,1156.2,1159.65
2015-07-10,1159.75,1165.5,1157.9,1163.96
2015-07-13,1163.3,1164.6,1151.18,1158.0
2015-07-14,1158.06,1159.96,1153.04,1155.53
2015-07-15,1155.9,1156.96,1143.83,1149.65
2015-07-16,1148.86,1149.9,1142.6,1145.15
2015-07-17,1145.61,1146.1,1131.2,1134.1
2015-07-20,1133.35,1133.35,1088.45,1096.95
2015-07-21,1098.55,1109.87,1097.05,1101.41
2015-07-22,1101.06,1103.56,1087.39,1093.45
2015-07-23,1094.5,1106.0,1087.01,1090.8
2015-07-24,1090.85,1102.35,1077.75,1099.1
2015-07-27,1099.55,1105.3,1089.19,1094.42
2015-07-28,1094.31,1099.0,1091.4,1095.35
2015-07-29,1095.48,1101.85,1090.21,1096.69
2015-07-30,1097.76,1099.82,1083.36,1088.99
2015-07-31,1088.66,1103.38,1079.75,1095.65
2015-08-03,1095.61,1098.15,1085.92,1086.5
2015-08-04,1086.18,1095.05,1081.05,1087.45
2015-08-05,1087.59,1092.16,1082.85,1085.05
2015-08-06,1084.9,1094.3,1083.6,1089.41
2015-08-07,1089.4,1099.9,1083.16,1094.2
2015-08-10,1094.39,1109.2,1089.8,1104.51
2015-08-11,1104.41,1119.4,1093.65,1109.01
2015-08-12,1108.91,1125.8,1101.75,1125.3
2015-08-13,1125.46,1126.71,1113.42,1115.05
2015-08-14,1115.16,1121.4,1111.81,1114.11
2015-08-17,1114.35,1123.05,1113.7,1117.66
2015-08-18,1117.91,1121.6,1109.55,1118.01
2015-08-19,1118.01,1134.66,1116.35,1134.46
2015-08-20,1133.95,1154.5,1132.81,1153.16
2015-08-21,1153.91,1168.8,1148.85,1161.05
2015-08-24,1162.35,1167.9,1146.75,1155.05
2015-08-25,1155.45,1157.2,1134.9,1140.65
2015-08-26,1141.15,1147.0,1117.75,1125.55
2015-08-27,1125.65,1129.8,1118.15,1125.71
2015-08-28,1125.8,1141.2,1123.7,1133.96
2015-08-31,1133.25,1136.8,1125.96,1134.5
2015-09-01,1135.01,1147.57,1134.51,1140.11
2015-09-02,1139.49,1143.0,1132.31,1134.05
2015-09-03,1134.01,1134.5,1121.75,1125.25
2015-09-04,1125.25,1130.2,1117.15,1123.0
2015-09-07,1123.22,1124.88,1116.58,1119.47
2015-09-08,1119.3,1126.8,1118.45,1121.8
2015-09-09,1121.96,1125.8,1101.51,1106.1
2015-09-10,1106.81,1115.3,1104.0,1111.55
2015-09-11,1111.56,1113.4,1098.75,1107.9
2015-09-14,1107.8,1110.7,1103.4,1108.8
2015-09-15,1108.19,1109.8,1102.91,1105.4
2015-09-16,1105.5,1124.7,1103.95,1119.55
2015-09-17,1118.89,1133.4,1115.4,1131.4
2015-09-18,1130.85,1141.9,1127.3,1139.4
2015-09-21,1139.4,1140.1,1130.0,1133.3
2015-09-22,1133.16,1136.6,1121.18,1124.8
2015-09-23,1124.1,1134.4,1121.75,1130.4
2015-09-24,1130.61,1156.7,1130.45,1154.01
2015-09-25,1150.97,1151.18,1140.84,1146.24
2015-09-28,1145.8,1148.3,1128.1,1132.05
2015-09-29,1132.25,1134.9,1124.35,1127.46
2015-09-30,1127.46,1128.2,1112.0,1115.0
2015-10-01,1115.14,1119.29,1111.13,1113.55
2015-10-02,1114.08,1141.9,1104.52,1138.14
2015-10-05,1137.71,1141.95,1129.73,1135.75
2015-10-06,1135.65,1151.61,1135.11,1147.11
2015-10-07,1146.96,1153.7,1141.96,1145.4
2015-10-08,1145.49,1151.6,1136.9,1138.96
2015-10-09,1139.1,1160.2,1138.8,1157.53
2015-10-12,1155.71,1169.4,1154.9,1164.0
2015-10-13,1163.55,1169.0,1151.56,1168.8
2015-10-14,1168.59,1190.38,1164.05,1185.19
2015-10-15,1184.1,1191.04,1176.37,1183.11
2015-10-16,1182.21,1184.5,1174.25,1177.2
2015-10-19,1176.0,1177.9,1168.25,1170.45
2015-10-20,1171.0,1180.7,1167.15,1176.11
2015-10-21,1175.81,1179.6,1163.9,1167.1
2015-10-22,1167.06,1172.2,1162.9,1166.05
2015-10-23,1165.61,1179.8,1159.16,1164.26
2015-10-26,1164.45,1169.6,1162.3,1163.2
2015-10-27,1162.96,1168.9,1160.91,1166.95
2015-10-28,1166.75,1182.9,1152.4,1156.1
2015-10-29,1156.09,1162.76,1144.6,1145.91
2015-10-30,1148.04,1150.47,1139.48,1142.38
2015-11-02,1141.49,1143.01,1132.75,1133.75
2015-11-03,1133.6,1138.3,1114.48,1117.6
2015-11-04,1117.63,1122.85,1106.38,1107.44
2015-11-05,1107.56,1111.61,1102.75,1103.95
2015-11-06,1103.89,1110.68,1085.29,1088.64
2015-11-09,1089.94,1095.88,1088.34,1092.1
2015-11-10,1092.01,1094.9,1085.45,1089.91
2015-11-11,1089.85,1093.69,1084.04,1086.14
2015-11-12,1086.26,1089.6,1074.66,1085.05
2015-11-13,1085.05,1088.29,1080.04,1083.64
2015-11-16,1088.14,1098.29,1081.32,1082.85
2015-11-17,1082.86,1084.82,1065.59,1070.37
2015-11-18,1070.3,1073.18,1065.34,1071.14
2015-11-19,1071.15,1086.5,1069.75,1082.4
2015-11-20,1082.3,1087.8,1075.68,1078.1
2015-11-23,1077.01,1077.01,1067.0,1069.34
2015-11-24,1069.24,1080.89,1068.99,1075.49
2015-11-25,1075.55,1080.85,1067.75,1071.39
2015-11-26,1071.91,1075.46,1070.35,1072.25
2015-11-27,1071.59,1073.9,1052.86,1058.81
2015-11-30,1057.8,1068.9,1053.1,1064.42
2015-12-01,1064.55,1074.72,1063.38,1069.49
2015-12-02,1069.49,1071.55,1050.63,1053.69
2015-12-03,1053.71,1065.8,1046.25,1062.57
2015-12-04,1062.39,1089.09,1058.14,1086.99
2015-12-07,1086.01,1087.0,1070.06,1070.39
2015-12-08,1070.49,1078.85,1067.63,1074.69
2015-12-09,1074.74,1085.6,1069.59,1073.21
2015-12-10,1073.21,1076.46,1069.7,1071.54
2015-12-11,1071.6,1079.98,1062.38,1074.89
2015-12-14,1073.69,1077.7,1062.77,1062.9
2015-12-15,1062.89,1068.89,1059.59,1060.74
2015-12-16,1060.73,1078.59,1060.64,1072.94
2015-12-17,1072.85,1073.09,1047.64,1051.74
2015-12-18,1051.72,1070.79,1051.05,1066.19
2015-12-21,1065.94,1081.88,1063.88,1078.44
2015-12-22,1078.41,1081.0,1071.85,1072.36
2015-12-23,1072.21,1075.75,1068.25,1070.35
2015-12-24,1070.9,1077.85,1070.05,1075.88
2015-12-25,1075.88,1075.88,1075.88,1075.88
2015-12-28,1076.0,1077.15,1066.3,1069.05
2015-12-29,1069.2,1075.79,1067.29,1068.99
2015-12-30,1069.38,1072.85,1059.55,1061.45
2015-12-31,1061.38,1063.68,1058.38,1061.3
2016-01-01,1061.21,1061.41,1060.74,1060.74
2016-01-04,1065.36,1083.7,1061.9,1074.7
2016-01-05,1074.66,1082.3,1072.7,1077.66
2016-01-06,1077.55,1095.45,1074.7,1094.45
2016-01-07,1094.45,1110.2,1091.09,1109.25
2016-01-08,1109.45,1112.4,1093.93,1104.24
2016-01-11,1104.19,1108.51,1093.91,1094.26
2016-01-12,1094.3,1099.54,1083.61,1087.05
2016-01-13,1087.29,1095.68,1079.64,1093.49
2016-01-14,1093.52,1095.36,1071.4,1078.0
2016-01-15,1077.94,1097.59,1076.18,1089.1
2016-01-18,1089.51,1093.26,1087.25,1088.9
2016-01-19,1088.84,1094.7,1082.95,1087.12
2016-01-20,1087.1,1109.6,1086.73,1101.02
2016-01-21,1101.04,1104.98,1092.54,1101.6
2016-01-22,1101.6,1102.98,1093.98,1098.3
2016-01-25,1097.85,1109.05,1097.35,1108.05
2016-01-26,1108.02,1123.3,1107.17,1120.57
2016-01-27,1120.36,1128.2,1114.9,1125.59
2016-01-28,1125.57,1126.01,1111.96,1115.14
2016-01-29,1115.16,1118.5,1108.9,1118.04
2016-02-01,1117.88,1130.09,1116.24,1128.85
2016-02-02,1128.82,1130.7,1122.44,1129.12
2016-02-03,1129.16,1146.0,1124.35,1142.93
2016-02-04,1142.95,1157.59,1139.43,1155.74
2016-02-05,1155.74,1174.9,1145.36,1173.69
2016-02-08,1170.89,1200.98,1164.09,1191.14
2016-02-09,1191.14,1199.29,1185.48,1188.85
2016-02-10,1188.95,1197.74,1181.29,1197.49
2016-02-11,1197.44,1260.98,1196.21,1246.89
2016-02-12,1246.94,1249.05,1232.23,1238.05
2016-02-15,1232.81,1234.82,1202.3,1209.95
2016-02-16,1209.32,1217.18,1190.79,1200.35
2016-02-17,1200.19,1213.88,1195.79,1209.14
2016-02-18,1209.16,1239.9,1200.75,1232.35
2016-02-19,1233.12,1234.79,1219.79,1228.19
2016-02-22,1226.14,1226.35,1202.02,1208.74
2016-02-23,1208.76,1227.56,1207.2,1227.46
2016-02-24,1227.39,1253.3,1221.93,1229.35
2016-02-25,1229.44,1243.09,1221.18,1234.64
2016-02-26,1234.44,1240.05,1211.59,1222.6
2016-02-29,1222.73,1241.29,1217.98,1238.14
2016-03-01,1238.19,1249.0,1227.44,1232.26
2016-03-02,1232.35,1244.29,1224.48,1240.3
2016-03-03,1240.3,1267.44,1237.34,1263.69
2016-03-04,1263.89,1279.98,1250.29,1259.44
2016-03-07,1259.48,1273.29,1256.68,1267.39
2016-03-08,1267.49,1278.19,1260.04,1261.1
2016-03-09,1261.3,1264.99,1243.87,1252.94
2016-03-10,1252.89,1273.79,1237.44,1271.44
2016-03-11,1271.44,1282.89,1248.44,1248.44
2016-03-14,1250.98,1261.09,1229.28,1235.28
2016-03-15,1234.68,1237.58,1226.08,1232.38
2016-03-16,1232.84,1264.38,1227.24,1263.08
2016-03-17,1261.7,1271.65,1254.65,1257.9
2016-03-18,1258.16,1267.22,1248.3,1255.3
2016-03-21,1254.7,1256.12,1240.76,1243.74
2016-03-22,1244.22,1259.97,1242.47,1248.38
2016-03-23,1248.18,1249.47,1215.47,1220.17
2016-03-24,1221.2,1224.4,1213.01,1216.99
2016-03-25,1216.47,1216.47,1216.47,1216.47
2016-03-28,1214.51,1222.96,1208.55,1221.05
2016-03-29,1221.4,1243.65,1215.65,1242.55
2016-03-30,1241.3,1243.3,1223.33,1224.85
2016-03-31,1226.06,1240.05,1224.81,1232.7
2016-04-01,1232.68,1235.36,1208.84,1222.49
2016-04-04,1220.35,1223.35,1214.7,1215.4
2016-04-05,1215.31,1237.05,1214.9,1231.14
2016-04-06,1231.86,1232.41,1217.2,1222.35
2016-04-07,1223.16,1243.9,1222.7,1240.69
2016-04-08,1240.18,1243.18,1229.62,1240.39
2016-04-11,1239.79,1259.1,1239.79,1257.95
2016-04-12,1259.05,1262.98,1251.29,1255.94
2016-04-13,1255.88,1257.18,1240.24,1243.14
2016-04-14,1242.05,1244.38,1223.79,1227.39
2016-04-15,1227.55,1236.29,1225.29,1234.05
2016-04-18,1234.1,1242.0,1230.16,1231.55
2016-04-19,1232.46,1257.2,1227.7,1250.5
2016-04-20,1251.0,1258.75,1242.6,1244.05
2016-04-21,1243.49,1270.48,1242.88,1248.85
2016-04-22,1247.44,1252.98,1227.35,1232.3
2016-04-25,1232.1,1242.3,1230.1,1237.9
2016-04-26,1238.57,1245.15,1231.95,1243.44
2016-04-27,1242.6,1251.3,1240.66,1246.1
2016-04-28,1245.66,1270.1,1238.05,1266.48
2016-04-29,1266.27,1296.49,1265.14,1293.74
2016-05-02,1293.69,1303.98,1287.48,1291.6
2016-05-03,1291.76,1302.4,1282.46,1286.0
2016-05-04,1285.99,1289.68,1271.64,1279.49
2016-05-05,1279.85,1286.38,1269.24,1278.05
2016-05-06,1278.5,1296.1,1274.4,1288.7
2016-05-09,1284.93,1287.98,1261.09,1263.85
2016-05-10,1264.11,1269.5,1257.65,1266.4
2016-05-11,1265.73,1279.18,1264.79,1277.69
2016-05-12,1277.8,1280.99,1263.49,1263.49
2016-05-13,1263.61,1276.6,1263.51,1273.6
2016-05-16,1272.51,1288.6,1271.33,1273.86
2016-05-17,1274.06,1282.5,1269.5,1280.0
2016-05-18,1279.71,1281.51,1255.05,1258.3
2016-05-19,1258.6,1261.92,1245.0,1255.1
2016-05-20,1255.24,1259.98,1248.7,1252.3
2016-05-23,1251.41,1256.36,1243.39,1249.24
2016-05-24,1249.21,1251.26,1226.53,1227.0
2016-05-25,1227.0,1230.21,1217.65,1224.18
2016-05-26,1223.4,1234.01,1218.55,1220.15
2016-05-27,1219.86,1223.7,1206.7,1212.4
2016-05-30,1213.38,1213.83,1199.97,1205.58
2016-05-31,1206.45,1218.86,1206.2,1215.24
2016-06-01,1216.4,1221.25,1206.5,1213.35
2016-06-02,1213.62,1218.05,1209.99,1210.95
2016-06-03,1211.16,1244.91,1207.01,1244.49
2016-06-06,1242.79,1248.79,1239.93,1245.24
2016-06-07,1245.56,1246.66,1234.9,1243.85
2016-06-08,1244.64,1264.19,1243.09,1262.14
2016-06-09,1262.55,1272.06,1257.56,1269.15
2016-06-10,1269.41,1278.1,1264.47,1274.2
2016-06-13,1274.05,1287.4,1272.7,1284.05
2016-06-14,1283.39,1290.18,1276.38,1285.85
2016-06-15,1285.14,1297.09,1278.43,1291.49
2016-06-16,1293.51,1316.11,1278.77,1279.14
2016-06-17,1279.35,1299.88,1277.19,1298.6
2016-06-20,1285.8,1292.36,1277.74,1290.15
2016-06-21,1288.68,1294.38,1264.48,1268.44
2016-06-22,1268.45,1271.0,1261.41,1266.31
2016-06-23,1264.31,1271.65,1255.46,1255.65
2016-06-24,1253.86,1358.7,1251.66,1315.98
2016-06-27,1326.26,1335.7,1317.85,1324.8
2016-06-28,1324.45,1326.39,1305.62,1312.51
2016-06-29,1312.39,1328.23,1311.29,1318.89
2016-06-30,1317.71,1324.11,1312.95,1322.18
2016-07-01,1323.38,1344.6,1320.88,1342.3
2016-07-04,1342.58,1357.97,1338.34,1350.78
2016-07-05,1351.15,1357.71,1338.43,1356.14
2016-07-06,1356.74,1375.3,1356.23,1363.89
2016-07-07,1363.56,1370.26,1350.8,1360.6
2016-07-08,1359.21,1369.09,1336.08,1366.8
2016-07-11,1368.71,1375.11,1351.2,1355.25
2016-07-12,1355.16,1358.2,1330.15,1331.65
2016-07-13,1332.4,1345.6,1327.7,1342.85
2016-07-14,1344.01,1347.1,1320.22,1335.1
2016-07-15,1336.31,1338.9,1322.55,1337.85
2016-07-18,1332.81,1335.7,1323.84,1328.79
2016-07-19,1328.51,1335.29,1325.61,1332.13
2016-07-20,1331.81,1336.34,1312.49,1315.95
2016-07-21,1316.31,1334.38,1310.95,1331.09
2016-07-22,1330.94,1334.22,1319.58,1322.38
2016-07-25,1322.59,1324.12,1312.43,1315.56
2016-07-26,1315.59,1325.08,1313.83,1320.32
2016-07-27,1320.04,1342.62,1315.74,1339.86
2016-07-28,1339.38,1345.53,1332.23,1335.79
2016-07-29,1335.75,1355.42,1330.0,1350.91
2016-08-01,1349.88,1355.22,1346.24,1353.21
2016-08-02,1353.47,1367.81,1347.06,1363.68
2016-08-03,1363.65,1366.85,1354.16,1357.9
2016-08-04,1358.41,1365.45,1348.9,1361.2
2016-08-05,1360.72,1365.51,1334.87,1335.8
2016-08-08,1335.18,1338.53,1329.84,1335.38
2016-08-09,1334.85,1343.24,1330.47,1340.75
2016-08-10,1340.95,1357.57,1340.3,1346.67
2016-08-11,1347.26,1353.78,1335.93,1338.87
2016-08-12,1338.7,1356.28,1333.98,1336.19
2016-08-15,1338.08,1344.21,1335.95,1339.36
2016-08-16,1339.69,1358.38,1339.47,1346.08
2016-08-17,1345.7,1352.07,1337.7,1348.66
2016-08-18,1349.05,1356.6,1345.84,1352.34
2016-08-19,1352.91,1353.44,1337.93,1341.78
2016-08-22,1340.83,1341.65,1332.1,1339.02
2016-08-23,1339.34,1345.45,1335.65,1338.1
2016-08-24,1337.88,1340.52,1323.7,1323.75
2016-08-25,1323.75,1327.5,1317.96,1321.7
2016-08-26,1321.89,1341.54,1318.89,1321.33
2016-08-29,1320.47,1325.43,1315.1,1323.41
2016-08-30,1323.2,1325.7,1309.15,1311.15
2016-08-31,1311.25,1316.54,1305.41,1308.95
2016-09-01,1309.12,1315.38,1302.23,1313.79
2016-09-02,1314.13,1329.09,1309.51,1325.01
2016-09-05,1324.42,1329.32,1322.31,1327.08
2016-09-06,1325.37,1352.16,1324.77,1349.88
2016-09-07,1348.67,1353.01,1342.74,1345.24
2016-09-08,1345.11,1349.78,1335.54,1338.35
2016-09-09,1338.41,1340.03,1327.7,1328.15
2016-09-12,1328.29,1330.68,1320.79,1327.63
2016-09-13,1327.99,1332.64,1315.72,1319.05
2016-09-14,1318.88,1326.26,1316.13,1322.97
2016-09-15,1322.72,1327.53,1309.7,1314.25
2016-09-16,1313.91,1318.43,1306.62,1310.43
2016-09-19,1310.77,1318.32,1309.27,1313.39
2016-09-20,1312.8,1318.5,1312.31,1315.1
2016-09-21,1315.1,1337.22,1308.6,1336.85
2016-09-22,1335.12,1344.27,1331.56,1337.3
2016-09-23,1337.69,1341.06,1333.59,1337.61
2016-09-26,1337.07,1342.46,1332.56,1337.97
2016-09-27,1337.77,1339.78,1324.81,1327.36
2016-09-28,1326.9,1327.74,1317.89,1321.41
2016-09-29,1322.08,1326.02,1315.89,1320.27
2016-09-30,1320.56,1328.23,1312.83,1315.96
2016-10-03,1318.24,1320.11,1309.58,1311.96
2016-10-04,1312.18,1313.52,1266.81,1268.3
2016-10-05,1269.41,1277.51,1262.12,1266.7
2016-10-06,1267.73,1269.94,1250.2,1254.74
2016-10-07,1255.34,1265.74,1241.68,1256.97
2016-10-10,1257.47,1265.35,1256.59,1259.74
2016-10-11,1259.06,1262.66,1252.6,1253.25
2016-10-12,1253.45,1259.26,1250.31,1255.33
2016-10-13,1256.14,1262.41,1253.53,1258.12
2016-10-14,1258.79,1259.65,1247.51,1250.55
2016-10-17,1250.25,1257.67,1250.25,1255.7
2016-10-18,1256.6,1265.38,1254.9,1262.84
2016-10-19,1262.63,1273.84,1260.24,1269.4
2016-10-20,1269.55,1274.02,1264.55,1266.0
2016-10-21,1266.1,1268.43,1261.2,1266.75
2016-10-24,1266.21,1272.25,1260.75,1264.44
2016-10-25,1265.67,1277.17,1262.4,1274.35
2016-10-26,1273.3,1276.89,1264.58,1266.99
2016-10-27,1267.15,1273.17,1265.4,1268.3
2016-10-28,1268.39,1284.53,1262.42,1276.3
2016-10-31,1278.01,1279.64,1270.89,1277.38
2016-11-01,1277.17,1292.21,1275.55,1288.15
2016-11-02,1287.9,1308.26,1287.5,1297.39
2016-11-03,1297.16,1306.9,1285.51,1303.75
2016-11-04,1302.61,1307.11,1294.65,1304.25
2016-11-07,1291.61,1295.9,1277.8,1281.41
2016-11-08,1281.66,1290.84,1273.04,1275.64
2016-11-09,1275.45,1337.6,1269.38,1278.0
2016-11-10,1277.68,1292.22,1252.28,1259.76
2016-11-11,1259.82,1265.5,1219.5,1225.68
2016-11-14,1227.91,1231.56,1211.47,1220.26
2016-11-15,1220.24,1231.54,1219.06,1228.08
2016-11-16,1228.38,1233.47,1221.6,1225.3
2016-11-17,1225.68,1231.8,1211.12,1216.39
2016-11-18,1216.39,1218.13,1203.9,1208.69
2016-11-21,1208.1,1218.02,1205.74,1214.05
2016-11-22,1214.29,1221.45,1206.24,1212.24
2016-11-23,1212.24,1215.05,1181.57,1187.77
2016-11-24,1188.11,1191.34,1181.79,1184.0
2016-11-25,1184.96,1193.96,1171.96,1183.63
2016-11-28,1183.1,1197.6,1182.96,1193.44
2016-11-29,1193.3,1195.06,1180.97,1188.46
2016-11-30,1188.72,1195.36,1170.75,1173.11
2016-12-01,1173.29,1177.07,1160.77,1171.3
2016-12-02,1171.05,1178.03,1166.2,1176.92
2016-12-05,1182.8,1187.79,1157.08,1170.26
2016-12-06,1170.18,1175.4,1166.53,1169.74
2016-12-07,1169.64,1180.3,1165.35,1174.0
2016-12-08,1173.65,1178.62,1168.88,1170.55
2016-12-09,1170.48,1172.22,1156.17,1157.87
2016-12-12,1159.01,1165.85,1151.43,1162.21
2016-12-13,1162.45,1165.16,1154.71,1158.35
2016-12-14,1158.39,1165.1,1139.47,1144.25
2016-12-15,1143.81,1144.5,1122.44,1128.43
2016-12-16,1128.44,1141.28,1126.46,1134.09
2016-12-19,1134.35,1142.7,1134.14,1139.05
2016-12-20,1139.34,1140.08,1125.63,1132.2
2016-12-21,1132.14,1137.5,1129.29,1131.8
2016-12-22,1131.8,1134.17,1127.43,1128.69
2016-12-23,1128.89,1136.12,1128.18,1133.49
2016-12-26,1133.94,1133.94,1133.94,1133.94
2016-12-27,1134.06,1149.48,1131.85,1139.35
2016-12-28,1139.64,1144.84,1136.54,1142.45
2016-12-29,1142.39,1159.58,1140.81,1158.32
2016-12-30,1158.68,1163.53,1149.49,1151.85
2017-01-02,1150.55,1152.66,1149.66,1150.52
2017-01-03,1150.8,1163.61,1145.77,1158.91
2017-01-04,1159.28,1168.23,1156.35,1163.8
2017-01-05,1163.67,1184.99,1162.38,1180.48
2017-01-06,1180.38,1181.49,1170.37,1172.81
2017-01-09,1172.64,1185.91,1171.89,1181.27
2017-01-10,1181.32,1190.57,1179.86,1187.74
2017-01-11,1187.74,1198.79,1177.33,1191.85
2017-01-12,1191.75,1207.07,1191.0,1195.66
2017-01-13,1195.96,1201.2,1187.93,1197.66
2017-01-16,1200.55,1208.23,1198.17,1203.17
2017-01-17,1202.8,1218.72,1202.38,1216.54
2017-01-18,1216.56,1217.6,1201.91,1203.64
2017-01-19,1203.92,1206.88,1195.86,1205.14
2017-01-20,1205.16,1215.3,1198.68,1209.96
2017-01-23,1209.43,1219.54,1209.27,1217.48
2017-01-24,1217.4,1219.66,1206.02,1208.81
2017-01-25,1208.79,1209.84,1192.83,1200.31
2017-01-26,1199.93,1202.67,1184.11,1188.57
2017-01-27,1188.78,1192.06,1181.04,1191.6
2017-01-30,1192.85,1199.88,1188.15,1195.35
2017-01-31,1195.38,1215.49,1193.83,1210.63
2017-02-01,1210.89,1213.59,1198.12,1209.49
2017-02-02,1209.53,1225.41,1208.26,1215.93
2017-02-03,1215.89,1221.48,1207.18,1219.88
2017-02-06,1219.67,1235.84,1219.01,1235.59
2017-02-07,1235.23,1235.86,1227.41,1233.72
2017-02-08,1234.04,1245.06,1230.29,1241.99
2017-02-09,1242.48,1244.52,1230.22,1230.89
2017-02-10,1230.62,1237.07,1221.12,1234.12
2017-02-13,1231.84,1232.65,1219.37,1225.44
2017-02-14,1225.74,1234.87,1221.75,1228.61
2017-02-15,1228.89,1233.61,1216.8,1232.94
2017-02-16,1233.34,1242.71,1232.04,1239.14
2017-02-17,1239.25,1243.84,1234.52,1235.29
2017-02-20,1235.2,1239.29,1232.62,1238.38
2017-02-21,1237.03,1238.92,1225.8,1235.97
2017-02-22,1236.22,1240.72,1231.62,1237.69
2017-02-23,1237.79,1251.21,1235.2,1249.41
2017-02-24,1249.52,1260.48,1247.54,1256.94
2017-02-27,1257.41,1263.88,1250.48,1252.76
2017-02-28,1252.48,1258.37,1247.48,1248.59
2017-03-01,1248.57,1250.68,1236.53,1248.94
2017-03-02,1249.44,1250.36,1231.16,1235.3
2017-03-03,1234.8,1236.28,1222.59,1234.3
2017-03-06,1232.81,1237.17,1224.65,1225.96
2017-03-07,1225.62,1227.25,1213.67,1215.67
2017-03-08,1215.65,1218.68,1206.13,1207.58
2017-03-09,1207.63,1209.17,1199.12,1200.83
2017-03-10,1200.8,1206.43,1194.62,1204.55
2017-03-13,1205.43,1211.66,1202.47,1204.05
2017-03-14,1204.25,1208.38,1197.54,1199.08
2017-03-15,1199.11,1222.66,1197.93,1219.4
2017-03-16,1219.03,1233.51,1217.83,1226.78
2017-03-17,1227.31,1232.45,1225.06,1229.15
2017-03-20,1229.79,1236.25,1229.51,1233.9
2017-03-21,1233.78,1248.1,1226.82,1245.0
2017-03-22,1244.15,1251.76,1243.89,1249.35
2017-03-23,1248.86,1253.62,1242.84,1245.3
2017-03-24,1244.88,1252.28,1240.72,1244.17
2017-03-27,1248.01,1261.53,1247.69,1254.3
2017-03-28,1253.82,1258.46,1247.52,1251.63
2017-03-29,1251.64,1255.16,1247.25,1252.45
2017-03-30,1253.1,1254.2,1242.61,1243.3
2017-03-31,1242.83,1251.11,1240.05,1249.13
2017-04-03,1248.4,1254.2,1244.55,1253.35
2017-04-04,1255.46,1261.9,1254.46,1256.22
2017-04-05,1255.73,1257.78,1243.85,1255.3
2017-04-06,1256.4,1259.46,1249.85,1251.8
2017-04-07,1252.11,1270.96,1250.8,1254.05
2017-04-10,1254.26,1257.7,1247.5,1254.73
2017-04-11,1255.23,1275.55,1253.29,1274.44
2017-04-12,1274.51,1287.29,1272.42,1286.6
2017-04-13,1285.54,1289.03,1281.74,1287.74
2017-04-14,1287.35,1288.75,1285.31,1285.69
2017-04-17,1292.96,1295.92,1281.61,1284.8
2017-04-18,1284.94,1292.7,1279.4,1289.64
2017-04-19,1290.21,1291.51,1276.48,1279.66
2017-04-20,1280.06,1283.79,1276.74,1281.85
2017-04-21,1281.96,1288.67,1278.43,1284.5
2017-04-24,1269.88,1277.48,1266.01,1275.3
2017-04-25,1276.96,1278.57,1261.81,1263.76
2017-04-26,1264.41,1271.1,1260.3,1269.05
2017-04-27,1268.8,1270.53,1261.61,1264.6
2017-04-28,1264.26,1269.08,1263.3,1268.15
2017-05-01,1268.6,1271.6,1254.16,1256.8
2017-05-02,1256.51,1257.89,1251.48,1256.9
2017-05-03,1256.71,1257.29,1236.41,1238.38
2017-05-04,1238.66,1241.77,1225.7,1227.75
2017-05-05,1227.93,1235.79,1225.83,1227.74
2017-05-08,1225.67,1237.1,1225.36,1226.3
2017-05-09,1226.12,1229.01,1214.21,1221.3
2017-05-10,1221.42,1226.15,1217.49,1219.15
2017-05-11,1218.74,1228.2,1217.81,1224.85
2017-05-12,1225.41,1232.26,1224.55,1228.83
2017-05-15,1228.4,1237.76,1227.2,1230.71
2017-05-16,1231.46,1239.5,1230.51,1236.8
2017-05-17,1237.31,1261.55,1236.3,1260.74
2017-05-18,1261.56,1265.54,1245.9,1247.05
2017-05-19,1246.67,1256.98,1246.61,1255.55
2017-05-22,1256.1,1263.0,1251.61,1260.46
2017-05-23,1260.13,1264.18,1250.46,1251.16
2017-05-24,1251.26,1259.37,1247.7,1258.55
2017-05-25,1258.49,1260.08,1253.89,1255.76
2017-05-26,1255.6,1269.88,1252.88,1267.05
2017-05-29,1267.47,1269.12,1265.12,1266.97
2017-05-30,1267.24,1270.86,1259.39,1263.1
2017-05-31,1263.05,1274.24,1259.26,1268.59
2017-06-01,1268.89,1270.72,1261.49,1265.64
2017-06-02,1266.11,1279.98,1259.0,1279.98
2017-06-05,1279.34,1283.77,1278.0,1279.95
2017-06-06,1280.26,1296.47,1279.44,1294.0
2017-06-07,1294.39,1295.28,1283.0,1286.91
2017-06-08,1287.45,1289.34,1271.49,1278.9
2017-06-09,1279.29,1281.3,1264.74,1266.4
2017-06-12,1267.42,1271.01,1263.95,1265.74
2017-06-13,1264.75,1269.42,1259.66,1265.85
2017-06-14,1266.28,1279.87,1257.15,1261.18
2017-06-15,1260.7,1267.04,1251.68,1254.0
2017-06-16,1254.36,1257.63,1251.55,1253.63
2017-06-19,1254.0,1256.12,1243.22,1243.25
2017-06-20,1244.04,1248.38,1241.38,1243.19
2017-06-21,1243.16,1248.31,1241.25,1246.55
2017-06-22,1245.55,1255.05,1245.55,1250.62
2017-06-23,1250.0,1259.31,1249.74,1256.9
2017-06-26,1258.13,1258.54,1236.96,1244.45
2017-06-27,1243.65,1253.13,1241.12,1247.1
2017-06-28,1247.37,1255.11,1247.37,1249.32
2017-06-29,1249.18,1253.71,1239.66,1245.74
2017-06-30,1244.82,1248.59,1239.7,1241.6
2017-07-03,1241.46,1242.83,1218.41,1220.46
2017-07-04,1221.94,1226.74,1220.69,1223.97
2017-07-05,1223.55,1229.34,1217.64,1226.95
2017-07-06,1227.06,1229.57,1222.56,1225.15
2017-07-07,1224.39,1227.2,1207.25,1212.9
2017-07-10,1213.7,1215.6,1204.85,1214.35
2017-07-11,1214.59,1217.79,1207.89,1217.69
2017-07-12,1217.95,1226.1,1214.51,1220.0
2017-07-13,1220.21,1224.92,1216.63,1217.45
2017-07-14,1216.63,1233.16,1214.95,1228.98
2017-07-17,1228.6,1236.44,1228.3,1234.4
2017-07-18,1233.84,1245.06,1233.01,1242.46
2017-07-19,1242.58,1244.48,1236.05,1240.87
2017-07-20,1241.03,1247.98,1235.24,1244.74
2017-07-21,1244.16,1256.3,1243.35,1254.9
2017-07-24,1255.66,1259.18,1251.78,1255.24
2017-07-25,1254.77,1258.18,1249.01,1249.05
2017-07-26,1250.0,1263.92,1243.91,1261.1
2017-07-27,1260.5,1265.49,1254.52,1259.0
2017-07-28,1259.36,1271.34,1257.45,1269.25
2017-07-31,1270.16,1271.48,1265.93,1269.55
2017-08-01,1268.8,1274.47,1264.05,1269.05
2017-08-02,1268.8,1273.34,1263.18,1266.7
2017-08-03,1266.46,1271.37,1258.7,1268.65
2017-08-04,1269.01,1270.94,1254.75,1258.6
2017-08-07,1259.03,1260.38,1255.68,1257.69
2017-08-08,1257.61,1265.7,1251.41,1260.64
2017-08-09,1261.41,1279.06,1260.96,1277.55
2017-08-10,1277.56,1288.63,1274.85,1286.9
2017-08-11,1286.45,1292.26,1281.55,1289.21
2017-08-14,1289.09,1289.82,1278.12,1281.95
2017-08-15,1282.36,1282.77,1267.98,1272.13
2017-08-16,1271.87,1284.29,1268.19,1283.1
2017-08-17,1283.61,1290.47,1282.2,1288.01
2017-08-18,1288.2,1301.2,1283.64,1284.5
2017-08-21,1283.6,1293.58,1280.6,1291.22
2017-08-22,1291.18,1292.69,1282.11,1284.72
2017-08-23,1285.56,1292.03,1283.09,1290.62
2017-08-24,1289.98,1291.3,1284.55,1286.33
2017-08-25,1285.91,1294.14,1278.66,1291.15
2017-08-28,1292.76,1312.99,1292.49,1310.49
2017-08-29,1317.75,1326.14,1304.93,1309.5
2017-08-30,1309.26,1313.87,1305.26,1308.76
2017-08-31,1308.8,1324.11,1300.82,1322.07
2017-09-01,1321.8,1329.2,1316.65,1324.97
2017-09-04,1334.38,1339.85,1331.92,1334.67
2017-09-05,1335.07,1345.18,1327.96,1339.33
2017-09-06,1339.55,1342.84,1331.66,1334.14
2017-09-07,1334.27,1350.27,1332.6,1349.2
2017-09-08,1348.83,1357.94,1343.0,1346.71
2017-09-11,1337.45,1340.36,1326.36,1327.32
2017-09-12,1327.86,1332.43,1322.55,1331.94
2017-09-13,1331.95,1335.05,1320.91,1323.25
2017-09-14,1323.56,1330.69,1316.11,1329.83
2017-09-15,1329.83,1334.76,1319.62,1319.62
2017-09-18,1320.5,1320.5,1305.03,1307.57
2017-09-19,1307.3,1311.78,1304.98,1311.28
2017-09-20,1310.94,1316.25,1295.96,1301.15
2017-09-21,1301.02,1302.07,1287.99,1291.39
2017-09-22,1291.3,1299.14,1291.3,1297.38
2017-09-25,1297.67,1311.9,1290.63,1310.55
2017-09-26,1309.9,1313.92,1293.04,1293.89
2017-09-27,1293.61,1296.54,1281.12,1281.12
2017-09-28,1281.11,1289.0,1277.64,1287.3
2017-09-29,1286.91,1290.47,1278.24,1279.45
2017-10-02,1279.5,1279.61,1270.45,1271.12
2017-10-03,1270.71,1274.71,1267.91,1271.75
2017-10-04,1271.64,1282.42,1270.85,1274.69
2017-10-05,1275.16,1279.42,1266.9,1268.05
2017-10-06,1269.09,1277.18,1260.89,1276.03
2017-10-09,1275.45,1285.5,1275.21,1284.1
2017-10-10,1284.35,1294.63,1282.29,1287.85
2017-10-11,1287.91,1293.56,1284.12,1291.8
2017-10-12,1292.01,1297.6,1289.47,1293.6
2017-10-13,1293.73,1304.88,1291.04,1304.88
2017-10-16,1303.88,1306.8,1291.01,1294.74
2017-10-17,1295.32,1296.66,1281.69,1285.19
2017-10-18,1285.18,1289.08,1277.13,1281.17
2017-10-19,1281.25,1290.69,1276.61,1289.79
2017-10-20,1289.57,1291.47,1277.88,1280.72
2017-10-23,1277.45,1283.66,1272.24,1282.07
2017-10-24,1282.01,1284.06,1273.43,1276.72
2017-10-25,1276.85,1280.39,1271.03,1277.41
2017-10-26,1277.56,1282.8,1265.69,1267.11
2017-10-27,1268.07,1274.8,1264.1,1273.35
2017-10-30,1273.59,1279.29,1268.8,1276.24
2017-10-31,1276.29,1278.36,1268.01,1271.58
2017-11-01,1270.88,1281.25,1267.98,1274.39
2017-11-02,1274.91,1284.49,1273.64,1275.99
2017-11-03,1276.8,1279.74,1265.55,1269.85
2017-11-06,1269.49,1283.01,1266.05,1281.55
2017-11-07,1281.82,1281.97,1271.68,1275.53
2017-11-08,1275.85,1287.52,1275.23,1281.3
2017-11-09,1281.62,1288.72,1280.09,1285.3
2017-11-10,1285.21,1287.16,1273.33,1276.14
2017-11-13,1275.16,1280.22,1274.29,1277.99
2017-11-14,1278.17,1283.68,1270.64,1280.71
2017-11-15,1281.0,1289.47,1277.04,1278.8
2017-11-16,1278.47,1281.6,1274.98,1278.47
2017-11-17,1278.44,1297.04,1277.94,1294.37
2017-11-20,1292.68,1294.8,1274.92,1276.7
2017-11-21,1276.7,1284.87,1276.08,1280.48
2017-11-22,1280.38,1294.75,1278.77,1292.12
2017-11-23,1292.4,1293.46,1287.46,1291.25
2017-11-24,1291.51,1293.61,1286.15,1288.22
2017-11-27,1288.57,1299.2,1286.47,1294.5
2017-11-28,1294.85,1297.74,1291.01,1294.01
2017-11-29,1293.9,1296.75,1281.98,1283.57
2017-11-30,1283.88,1285.7,1270.51,1274.76
2017-12-01,1274.29,1289.58,1271.58,1280.26
2017-12-04,1272.93,1277.24,1271.8,1276.23
2017-12-05,1276.54,1277.41,1261.11,1266.55
2017-12-06,1266.62,1269.32,1262.39,1263.94
2017-12-07,1264.26,1264.82,1244.11,1246.7
2017-12-08,1247.34,1252.66,1244.34,1248.14
2017-12-11,1247.28,1251.67,1240.19,1241.96
2017-12-12,1242.25,1246.62,1236.31,1243.85
2017-12-13,1243.88,1256.95,1240.06,1255.45
2017-12-14,1255.54,1259.18,1249.92,1252.85
2017-12-15,1252.83,1261.89,1251.94,1255.26
2017-12-18,1253.79,1264.37,1252.68,1261.69
2017-12-19,1261.7,1265.26,1258.97,1261.72
2017-12-20,1261.69,1267.84,1261.23,1265.62
2017-12-21,1265.62,1268.97,1263.02,1266.76
2017-12-22,1267.12,1276.38,1265.1,1275.01
2017-12-25,1275.24,1275.24,1275.24,1275.24
2017-12-26,1274.91,1283.77,1273.25,1283.29
2017-12-27,1283.64,1289.4,1281.46,1287.41
2017-12-28,1287.31,1295.3,1286.66,1294.84
2017-12-29,1294.85,1307.69,1293.59,1302.55
2018-01-01,1303.43,1307.72,1302.43,1306.86
2018-01-02,1302.55,1318.98,1302.51,1318.14
2018-01-03,1318.16,1321.4,1307.16,1312.84
2018-01-04,1312.53,1325.92,1305.67,1322.97
2018-01-05,1323.5,1323.83,1313.81,1320.21
2018-01-08,1320.04,1322.22,1314.97,1320.58
2018-01-09,1320.63,1320.68,1308.8,1312.66
2018-01-10,1313.28,1326.94,1308.29,1317.19
2018-01-11,1316.89,1323.98,1315.49,1322.42
2018-01-12,1322.82,1339.4,1321.16,1338.4
2018-01-15,1337.05,1344.93,1336.14,1340.16
2018-01-16,1340.06,1342.35,1331.73,1338.61
2018-01-17,1338.29,1343.99,1326.73,1327.73
2018-01-18,1327.75,1333.14,1323.79,1327.19
2018-01-19,1327.49,1338.37,1326.46,1331.8
2018-01-22,1334.88,1336.04,1328.71,1334.11
2018-01-23,1334.45,1342.22,1331.54,1341.39
2018-01-24,1341.45,1361.88,1339.27,1358.15
2018-01-25,1358.48,1366.47,1343.1,1348.05
2018-01-26,1348.36,1357.39,1344.38,1350.14
2018-01-29,1350.07,1352.65,1337.74,1340.35
2018-01-30,1340.67,1349.12,1334.48,1338.55
2018-01-31,1338.87,1347.93,1332.7,1345.1
2018-02-01,1345.4,1351.42,1337.3,1349.19
2018-02-02,1349.16,1350.12,1327.21,1332.98
2018-02-05,1332.32,1341.7,1328.88,1339.6
2018-02-06,1339.68,1346.08,1320.04,1325.02
2018-02-07,1325.16,1332.49,1312.05,1318.49
2018-02-08,1318.61,1322.17,1306.9,1318.97
2018-02-09,1318.87,1322.71,1311.06,1316.69
2018-02-12,1315.04,1326.2,1314.11,1322.88
2018-02-13,1322.29,1330.96,1321.39,1329.55
2018-02-14,1329.53,1355.57,1319.42,1350.76
2018-02-15,1350.78,1357.18,1348.41,1353.3
2018-02-16,1353.29,1361.84,1344.78,1347.86
2018-02-19,1347.5,1351.35,1345.99,1346.69
2018-02-20,1346.74,1348.21,1328.22,1329.49
2018-02-21,1329.82,1336.58,1322.6,1324.26
2018-02-22,1323.93,1332.2,1320.69,1331.51
2018-02-23,1331.8,1332.23,1325.58,1328.94
2018-02-26,1327.56,1340.91,1326.42,1333.16
2018-02-27,1333.13,1336.74,1313.32,1318.2
2018-02-28,1318.53,1322.82,1315.8,1318.05
2018-03-01,1318.53,1321.3,1302.99,1316.55
2018-03-02,1316.51,1325.51,1314.93,1322.2
2018-03-05,1323.75,1327.92,1317.26,1320.01
2018-03-06,1320.36,1338.89,1319.91,1334.46
2018-03-07,1334.5,1340.47,1321.95,1325.54
2018-03-08,1325.84,1329.39,1319.19,1322.35
2018-03-09,1322.32,1325.15,1313.05,1323.7
2018-03-12,1323.69,1324.67,1315.39,1323.05
2018-03-13,1322.81,1328.66,1316.79,1326.39
2018-03-14,1326.42,1330.42,1321.91,1325.0
2018-03-15,1324.39,1328.16,1315.05,1316.26
2018-03-16,1317.11,1322.67,1310.31,1314.0
2018-03-19,1313.94,1320.07,1307.89,1316.94
2018-03-20,1317.0,1318.66,1307.31,1311.21
2018-03-21,1311.28,1336.96,1309.98,1332.17
2018-03-22,1332.15,1335.23,1324.88,1328.95
2018-03-23,1329.17,1350.66,1329.17,1347.22
2018-03-26,1347.91,1356.37,1343.55,1353.46
2018-03-27,1353.51,1357.06,1340.16,1344.71
2018-03-28,1345.74,1347.39,1323.59,1324.99
2018-03-29,1325.41,1329.32,1322.21,1325.0
2018-04-02,1326.2,1345.26,1324.9,1341.35
2018-04-03,1340.69,1342.87,1329.18,1332.83
2018-04-04,1332.82,1348.45,1331.59,1333.35
2018-04-05,1333.02,1335.29,1322.8,1326.55
2018-04-06,1326.38,1335.59,1321.47,1333.2
2018-04-09,1333.14,1338.36,1326.98,1336.24
2018-04-10,1336.87,1343.55,1331.81,1340.05
2018-04-11,1339.94,1365.61,1339.68,1353.29
2018-04-12,1352.7,1353.6,1333.96,1335.48
2018-04-13,1335.2,1347.5,1335.2,1345.46
2018-04-16,1344.58,1350.89,1340.17,1345.91
2018-04-17,1345.65,1349.8,1337.73,1347.29
2018-04-18,1347.5,1356.14,1342.1,1349.32
2018-04-19,1349.33,1355.12,1341.23,1345.6
2018-04-20,1346.06,1346.56,1335.07,1335.12
2018-04-23,1335.81,1336.38,1322.81,1325.0
2018-04-24,1324.71,1333.04,1322.6,1330.68
2018-04-25,1330.12,1332.4,1318.9,1323.33
2018-04-26,1322.39,1326.96,1315.45,1317.28
2018-04-27,1317.57,1326.11,1316.26,1322.8
2018-04-30,1322.81,1325.34,1310.51,1315.36
2018-05-01,1315.58,1316.69,1301.88,1303.97
2018-05-02,1304.38,1313.8,1303.94,1304.85
2018-05-03,1305.18,1318.91,1305.02,1312.09
2018-05-04,1312.3,1315.61,1308.41,1315.05
2018-05-07,1315.03,1319.22,1310.29,1314.3
2018-05-08,1313.57,1318.08,1306.2,1314.47
2018-05-09,1314.46,1317.78,1304.48,1312.78
2018-05-10,1312.12,1323.14,1310.89,1321.39
2018-05-11,1321.57,1326.49,1317.94,1318.22
2018-05-14,1318.56,1322.76,1312.82,1312.82
2018-05-15,1313.09,1315.24,1288.71,1290.64
2018-05-16,1290.32,1297.67,1287.01,1291.03
2018-05-17,1291.13,1295.29,1286.41,1291.0
2018-05-18,1291.35,1295.26,1286.81,1292.5
2018-05-21,1290.9,1293.53,1282.15,1292.68
2018-05-22,1292.85,1296.44,1287.8,1291.32
2018-05-23,1291.5,1298.59,1288.61,1293.75
2018-05-24,1294.06,1306.97,1292.91,1304.88
2018-05-25,1304.44,1308.24,1300.05,1301.61
2018-05-28,1298.74,1300.47,1295.62,1298.11
2018-05-29,1298.68,1307.14,1294.3,1298.86
2018-05-30,1299.02,1304.7,1295.75,1301.48
2018-05-31,1301.51,1306.86,1297.9,1298.32
2018-06-01,1298.98,1300.72,1289.52,1293.14
2018-06-04,1293.16,1298.47,1290.27,1291.98
2018-06-05,1292.34,1300.94,1289.79,1296.13
2018-06-06,1297.15,1302.85,1294.63,1297.0
2018-06-07,1296.41,1303.48,1295.08,1297.12
2018-06-08,1297.32,1301.27,1294.2,1298.75
2018-06-11,1299.17,1302.57,1294.13,1300.14
2018-06-12,1300.09,1300.88,1293.0,1295.97
2018-06-13,1295.47,1301.53,1292.55,1299.71
2018-06-14,1299.85,1309.69,1297.34,1302.22
2018-06-15,1302.15,1303.92,1275.85,1279.84
2018-06-18,1279.16,1282.02,1277.08,1278.31
2018-06-19,1278.41,1284.46,1270.39,1274.76
2018-06-20,1274.75,1276.64,1267.8,1268.1
2018-06-21,1268.58,1270.49,1261.22,1267.2
2018-06-22,1267.7,1271.79,1266.9,1269.28
2018-06-25,1272.66,1273.54,1264.8,1266.0
2018-06-26,1265.72,1268.03,1254.51,1258.99
2018-06-27,1258.21,1260.52,1250.7,1252.02
2018-06-28,1251.91,1254.65,1245.71,1248.28
2018-06-29,1247.74,1256.38,1246.51,1253.0
2018-07-02,1253.5,1254.61,1239.59,1241.97
2018-07-03,1242.21,1257.41,1237.81,1252.93
2018-07-04,1252.42,1261.85,1252.16,1256.95
2018-07-05,1256.9,1260.17,1251.08,1257.76
2018-07-06,1257.97,1259.53,1252.93,1254.99
2018-07-09,1255.12,1266.26,1255.12,1257.76
2018-07-10,1257.69,1260.7,1247.23,1255.65
2018-07-11,1255.81,1257.27,1241.29,1242.16
2018-07-12,1242.06,1248.94,1241.38,1247.14
2018-07-13,1247.51,1248.54,1237.1,1241.52
2018-07-16,1241.76,1246.29,1238.49,1240.82
2018-07-17,1240.83,1245.35,1225.97,1227.51
2018-07-18,1227.73,1229.92,1221.56,1227.18
2018-07-19,1227.42,1229.27,1211.48,1222.8
2018-07-20,1223.49,1232.68,1215.84,1231.76
2018-07-23,1231.28,1235.49,1222.08,1224.54
2018-07-24,1225.06,1229.83,1218.25,1224.55
2018-07-25,1224.31,1234.64,1223.1,1231.61
2018-07-26,1231.31,1235.57,1222.17,1222.67
2018-07-27,1222.88,1227.64,1217.34,1223.38
2018-07-30,1223.05,1225.59,1219.05,1221.8
2018-07-31,1221.73,1228.74,1214.82,1223.83
2018-08-01,1224.0,1225.36,1215.76,1216.05
2018-08-02,1215.25,1221.42,1207.2,1207.96
2018-08-03,1208.01,1220.41,1204.4,1213.43
2018-08-06,1214.1,1218.69,1206.93,1206.94
2018-08-07,1207.67,1216.54,1207.67,1211.02
2018-08-08,1210.7,1216.26,1206.29,1213.61
2018-08-09,1213.89,1217.65,1210.72,1212.35
2018-08-10,1212.56,1217.48,1205.85,1211.3
2018-08-13,1211.26,1214.23,1191.75,1193.64
2018-08-14,1194.17,1199.04,1192.14,1194.03
2018-08-15,1194.5,1195.22,1173.33,1174.88
2018-08-16,1175.73,1182.59,1160.56,1174.16
2018-08-17,1173.72,1185.42,1172.03,1184.77
2018-08-20,1183.71,1191.21,1182.63,1190.53
2018-08-21,1190.59,1197.38,1187.5,1196.12
2018-08-22,1196.68,1201.91,1192.45,1195.51
2018-08-23,1195.83,1197.0,1183.67,1185.31
2018-08-24,1185.32,1208.87,1183.32,1205.97
2018-08-27,1206.92,1212.75,1202.84,1211.35
2018-08-28,1211.45,1214.68,1199.41,1201.26
2018-08-29,1201.28,1207.73,1200.9,1206.66
2018-08-30,1206.32,1208.18,1196.32,1199.88
2018-08-31,1200.34,1209.17,1198.43,1201.09
2018-09-03,1200.59,1204.59,1196.11,1201.15
2018-09-04,1201.29,1202.31,1189.55,1191.35
2018-09-05,1191.18,1198.82,1191.1,1196.75
2018-09-06,1197.19,1207.36,1195.59,1200.14
2018-09-07,1200.03,1204.03,1193.28,1195.86
2018-09-10,1195.12,1198.92,1191.52,1195.88
2018-09-11,1195.73,1200.12,1187.95,1198.29
2018-09-12,1198.93,1209.22,1192.9,1206.19
2018-09-13,1207.3,1213.39,1200.37,1201.44
2018-09-14,1201.76,1208.98,1193.13,1193.71
2018-09-17,1193.18,1205.2,1192.97,1200.93
2018-09-18,1202.14,1204.28,1196.21,1198.35
2018-09-19,1197.84,1206.53,1197.81,1203.99
2018-09-20,1204.16,1209.14,1201.47,1207.58
2018-09-21,1207.52,1211.47,1191.97,1199.55
2018-09-24,1198.56,1204.48,1194.23,1198.86
2018-09-25,1198.84,1203.71,1197.21,1201.31
2018-09-26,1201.23,1202.84,1190.53,1194.46
2018-09-27,1194.8,1198.94,1181.98,1182.8
2018-09-28,1183.21,1194.0,1180.74,1192.09
2018-10-01,1192.55,1192.95,1184.95,1188.47
2018-10-02,1189.2,1208.65,1188.57,1203.1
2018-10-03,1203.39,1208.77,1196.71,1197.37
2018-10-04,1197.35,1207.11,1195.76,1199.66
2018-10-05,1199.41,1206.18,1197.0,1202.86
2018-10-08,1203.14,1204.49,1183.58,1188.01
2018-10-09,1189.01,1192.23,1183.49,1189.62
2018-10-10,1189.59,1195.19,1185.22,1194.78
2018-10-11,1195.01,1226.87,1191.3,1224.33
2018-10-12,1224.17,1224.45,1215.61,1217.93
2018-10-15,1217.45,1233.65,1217.4,1226.93
2018-10-16,1227.12,1232.77,1223.35,1224.43
2018-10-17,1224.08,1229.9,1220.32,1222.68
2018-10-18,1222.35,1230.85,1218.78,1225.75
2018-10-19,1225.66,1231.07,1223.03,1226.32
2018-10-22,1228.61,1230.18,1220.3,1222.17
2018-10-23,1222.32,1240.0,1221.72,1230.49
2018-10-24,1231.06,1234.27,1225.74,1234.22
2018-10-25,1234.59,1239.85,1228.08,1232.23
2018-10-26,1232.24,1243.73,1229.8,1233.59
2018-10-29,1234.16,1235.79,1224.45,1229.74
2018-10-30,1230.17,1231.45,1220.22,1223.44
2018-10-31,1223.0,1223.7,1211.92,1214.54
2018-11-01,1215.2,1237.83,1214.84,1233.24
2018-11-02,1234.04,1236.79,1229.85,1232.89
2018-11-05,1233.36,1235.46,1226.88,1231.3
2018-11-06,1231.66,1236.31,1223.41,1226.8
2018-11-07,1227.24,1236.23,1223.31,1226.11
2018-11-08,1225.99,1227.05,1219.63,1223.54
2018-11-09,1223.88,1223.97,1206.52,1209.6
2018-11-12,1209.46,1211.45,1200.18,1200.65
2018-11-13,1200.96,1205.57,1196.29,1202.35
2018-11-14,1202.26,1216.33,1197.12,1210.91
2018-11-15,1210.87,1216.36,1207.56,1213.0
2018-11-16,1213.02,1225.37,1212.48,1221.47
2018-11-19,1221.76,1225.26,1217.52,1224.05
2018-11-20,1224.37,1229.17,1219.67,1221.55
2018-11-21,1221.55,1230.15,1219.23,1226.02
2018-11-22,1226.69,1229.8,1225.3,1227.45
2018-11-23,1227.33,1229.27,1220.53,1223.19
2018-11-26,1224.0,1228.13,1221.14,1222.37
2018-11-27,1222.65,1225.6,1211.74,1214.69
2018-11-28,1214.64,1226.32,1210.73,1221.11
2018-11-29,1221.43,1229.35,1220.49,1223.99
2018-11-30,1223.97,1225.65,1216.24,1221.97
2018-12-03,1223.12,1234.94,1221.09,1231.08
2018-12-04,1231.35,1242.24,1230.41,1238.55
2018-12-05,1238.54,1239.35,1232.96,1237.56
2018-12-06,1237.87,1244.7,1234.64,1237.99
2018-12-07,1238.32,1250.42,1237.49,1248.1
2018-12-10,1250.43,1250.62,1241.21,1244.59
2018-12-11,1244.53,1249.62,1240.55,1242.94
2018-12-12,1243.25,1247.56,1241.95,1245.8
2018-12-13,1246.02,1247.13,1240.23,1242.46
2018-12-14,1242.41,1243.11,1232.48,1238.21
2018-12-17,1237.25,1248.18,1235.47,1245.91
2018-12-18,1246.01,1250.36,1244.44,1249.38
2018-12-19,1249.67,1258.41,1241.54,1243.39
2018-12-20,1243.7,1266.79,1242.89,1260.14
2018-12-21,1260.1,1262.84,1253.37,1256.01
2018-12-24,1259.09,1270.13,1258.34,1269.13
2018-12-26,1270.33,1279.14,1264.34,1266.98
2018-12-27,1266.89,1279.04,1266.09,1275.22
2018-12-28,1275.22,1282.17,1273.98,1280.75
2018-12-31,1280.08,1284.18,1277.09,1282.82
2019-01-01,1283.13,1283.24,1282.62,1282.62
2019-01-02,1281.62,1288.69,1278.33,1284.77
2019-01-03,1285.12,1295.27,1284.16,1293.99
2019-01-04,1294.06,1298.51,1276.49,1284.92
2019-01-07,1285.78,1295.14,1282.29,1288.67
2019-01-08,1289.13,1290.69,1279.2,1285.35
2019-01-09,1285.36,1293.95,1279.63,1293.13
2019-01-10,1293.11,1297.14,1285.81,1286.38
2019-01-11,1286.72,1295.65,1286.25,1288.0
2019-01-14,1287.16,1295.9,1287.16,1291.73
2019-01-15,1291.76,1294.7,1286.37,1289.31
2019-01-16,1289.13,1295.02,1287.59,1293.52
2019-01-17,1293.99,1295.84,1288.96,1291.9
2019-01-18,1292.18,1292.86,1280.64,1281.49
2019-01-21,1281.75,1284.29,1277.06,1280.28
2019-01-22,1279.73,1285.84,1277.25,1285.04
2019-01-23,1285.34,1286.92,1278.38,1282.39
2019-01-24,1282.74,1285.15,1276.97,1280.94
2019-01-25,1280.94,1303.69,1279.39,1303.22
2019-01-28,1303.49,1304.49,1297.26,1303.53
2019-01-29,1303.53,1312.05,1302.12,1311.93
2019-01-30,1312.27,1323.74,1308.81,1319.91
2019-01-31,1320.18,1326.68,1317.55,1320.94
2019-02-01,1320.95,1323.58,1315.66,1318.0
2019-02-04,1317.55,1318.8,1308.26,1311.75
2019-02-05,1311.75,1316.86,1310.3,1315.01
2019-02-06,1315.03,1315.88,1305.38,1306.22
2019-02-07,1305.87,1311.99,1302.17,1310.09
2019-02-08,1310.14,1315.72,1307.23,1314.07
2019-02-11,1314.22,1314.88,1303.58,1308.33
2019-02-12,1308.55,1315.12,1306.64,1310.89
2019-02-13,1310.88,1318.19,1304.5,1306.19
2019-02-14,1306.16,1314.43,1302.63,1312.55
2019-02-15,1312.98,1322.98,1311.16,1321.41
2019-02-18,1321.95,1328.39,1321.11,1326.9
2019-02-19,1325.9,1341.87,1322.33,1341.16
2019-02-20,1341.25,1346.81,1336.63,1338.49
2019-02-21,1338.89,1341.88,1322.24,1323.49
2019-02-22,1323.52,1333.17,1321.16,1327.8
2019-02-25,1328.57,1332.59,1325.03,1327.12
2019-02-26,1327.44,1330.59,1323.61,1328.96
2019-02-27,1328.91,1329.63,1316.51,1319.88
2019-02-28,1320.18,1327.42,1312.54,1313.05
2019-03-01,1312.81,1315.33,1290.16,1293.56
2019-03-04,1293.62,1297.11,1282.75,1286.66
2019-03-05,1286.67,1289.75,1280.95,1287.43
2019-03-06,1287.62,1291.07,1283.45,1286.76
2019-03-07,1286.71,1289.06,1281.16,1285.74
2019-03-08,1285.91,1300.99,1285.29,1298.39
2019-03-11,1298.7,1299.27,1290.15,1294.25
2019-03-12,1293.71,1302.19,1292.06,1302.01
2019-03-13,1302.01,1311.33,1300.56,1309.28
2019-03-14,1309.61,1310.46,1292.75,1296.28
2019-03-15,1295.74,1306.58,1293.66,1301.38
2019-03-18,1301.64,1306.78,1298.12,1303.7
2019-03-19,1303.45,1311.07,1302.45,1306.55
2019-03-20,1305.61,1316.83,1298.5,1312.48
2019-03-21,1312.64,1320.47,1303.25,1309.45
2019-03-22,1309.14,1315.08,1306.81,1313.38
2019-03-25,1313.05,1324.43,1310.8,1321.9
2019-03-26,1321.51,1323.24,1312.51,1315.51
2019-03-27,1315.81,1319.57,1308.07,1309.87
2019-03-28,1309.85,1312.63,1288.7,1290.55
2019-03-29,1290.14,1299.82,1286.6,1292.15
2019-04-01,1291.33,1297.04,1286.5,1287.66
2019-04-02,1287.55,1293.15,1285.16,1293.15
2019-04-03,1292.21,1294.67,1288.2,1289.9
2019-04-04,1289.95,1294.36,1280.84,1292.38
2019-04-05,1292.46,1293.77,1284.46,1291.7
2019-04-08,1291.65,1303.86,1291.35,1297.41
2019-04-09,1297.24,1306.34,1296.55,1304.13
2019-04-10,1303.96,1310.75,1300.89,1308.05
2019-04-11,1307.95,1309.36,1289.45,1292.6
2019-04-12,1292.3,1296.05,1290.11,1290.4
2019-04-15,1290.45,1292.01,1282.21,1287.88
2019-04-16,1287.91,1289.0,1273.1,1276.57
2019-04-17,1276.86,1280.06,1272.93,1274.14
2019-04-18,1273.38,1277.95,1271.02,1275.39
2019-04-22,1275.83,1279.96,1273.45,1274.92
2019-04-23,1275.26,1276.66,1266.15,1272.4
2019-04-24,1272.31,1278.74,1268.55,1275.36
2019-04-25,1275.6,1282.78,1273.5,1277.35
2019-04-26,1277.42,1288.99,1276.05,1286.25
2019-04-29,1286.4,1286.81,1277.78,1279.8
2019-04-30,1279.98,1286.39,1279.54,1283.6
2019-05-01,1283.46,1287.21,1272.99,1276.61
2019-05-02,1276.81,1278.18,1266.1,1270.54
2019-05-03,1270.61,1282.67,1268.81,1279.19
2019-05-06,1281.06,1285.76,1276.6,1280.33
2019-05-07,1281.55,1286.74,1278.5,1285.15
2019-05-08,1284.16,1291.79,1279.35,1280.93
2019-05-09,1280.49,1288.52,1279.41,1284.14
2019-05-10,1284.36,1289.73,1283.21,1286.0
2019-05-13,1286.56,1301.35,1281.6,1299.9
2019-05-14,1300.11,1303.51,1293.33,1297.03
2019-05-15,1297.17,1301.02,1292.7,1296.66
2019-05-16,1296.75,1298.92,1283.95,1286.65
2019-05-17,1286.5,1289.29,1274.91,1277.55
2019-05-20,1277.8,1279.14,1273.47,1277.74
2019-05-21,1277.95,1278.06,1269.22,1274.97
2019-05-22,1274.61,1277.42,1272.15,1273.62
2019-05-23,1273.8,1287.63,1272.58,1283.45
2019-05-24,1283.4,1285.42,1280.45,1284.89
2019-05-27,1285.8,1287.72,1283.8,1285.2
2019-05-28,1285.59,1286.86,1276.07,1279.49
2019-05-29,1279.71,1285.77,1278.87,1279.6
2019-05-30,1279.71,1289.22,1274.79,1288.85
2019-05-31,1288.35,1307.04,1288.09,1305.65
2019-06-03,1307.55,1328.3,1306.7,1325.17
2019-06-04,1325.05,1329.38,1319.98,1325.28
2019-06-05,1325.5,1344.26,1324.6,1330.18
2019-06-06,1332.36,1340.43,1327.8,1335.55
2019-06-07,1335.6,1348.48,1330.08,1340.7
2019-06-10,1335.96,1337.84,1324.9,1328.13
2019-06-11,1328.26,1330.06,1319.6,1326.91
2019-06-12,1326.78,1338.62,1326.18,1333.55
2019-06-13,1334.0,1343.43,1332.27,1342.35
2019-06-14,1341.55,1358.29,1337.83,1341.58
2019-06-17,1341.91,1343.38,1332.7,1339.54
2019-06-18,1340.09,1354.6,1338.65,1346.48
2019-06-19,1346.56,1362.5,1341.15,1360.27
2019-06-20,1360.36,1393.24,1357.8,1388.18
2019-06-21,1388.22,1411.18,1382.4,1399.05
2019-06-24,1401.35,1421.3,1400.48,1419.55
2019-06-25,1419.17,1439.03,1412.3,1423.25
2019-06-26,1423.91,1424.06,1402.38,1408.75
2019-06-27,1409.56,1412.0,1400.25,1409.68
2019-06-28,1409.56,1424.64,1406.81,1409.5
2019-07-01,1392.83,1397.56,1381.76,1384.31
2019-07-02,1383.4,1419.72,1383.4,1418.44
2019-07-03,1419.95,1436.39,1412.48,1418.94
2019-07-04,1419.8,1422.0,1410.59,1415.64
2019-07-05,1415.81,1424.36,1386.92,1399.95
2019-07-08,1399.95,1407.9,1391.75,1395.5
2019-07-09,1395.3,1399.9,1386.21,1397.9
2019-07-10,1397.8,1419.2,1389.75,1419.0
2019-07-11,1419.4,1426.4,1401.6,1404.0
2019-07-12,1403.85,1416.88,1403.06,1415.74
2019-07-15,1415.9,1419.75,1407.76,1414.08
2019-07-16,1414.69,1418.43,1401.18,1406.33
2019-07-17,1406.41,1427.0,1399.95,1426.8
2019-07-18,1426.9,1448.3,1414.66,1446.3
2019-07-19,1446.38,1452.98,1420.29,1425.3
2019-07-22,1425.15,1429.83,1422.35,1425.12
2019-07-23,1425.15,1429.25,1414.2,1417.39
2019-07-24,1417.26,1429.3,1416.2,1425.9
2019-07-25,1426.6,1433.86,1411.17,1414.53
2019-07-26,1414.59,1424.8,1413.77,1418.69
2019-07-29,1419.04,1428.25,1416.86,1426.94
2019-07-30,1426.71,1433.03,1421.91,1430.85
2019-07-31,1430.91,1432.94,1411.35,1413.8
2019-08-01,1411.21,1445.81,1400.56,1445.31
2019-08-02,1445.66,1448.05,1430.08,1440.7
2019-08-05,1440.6,1469.8,1436.9,1463.8
2019-08-06,1464.2,1475.21,1456.65,1474.27
2019-08-07,1474.25,1510.4,1472.36,1501.2
2019-08-08,1501.95,1510.35,1490.74,1500.95
2019-08-09,1501.4,1508.4,1494.62,1497.24
2019-08-12,1497.51,1517.71,1487.68,1511.4
2019-08-13,1510.61,1534.56,1481.31,1501.39
2019-08-14,1501.38,1524.1,1494.25,1516.34
2019-08-15,1516.74,1526.76,1508.25,1523.2
2019-08-16,1524.0,1527.8,1504.2,1514.15
2019-08-19,1511.0,1512.9,1492.4,1495.3
2019-08-20,1495.55,1508.39,1492.75,1507.1
2019-08-21,1507.7,1508.4,1496.1,1502.3
2019-08-22,1502.1,1504.6,1491.7,1498.8
2019-08-23,1499.55,1530.43,1493.45,1526.85
2019-08-26,1539.25,1554.91,1524.55,1526.35
2019-08-27,1526.25,1544.63,1524.75,1542.64
2019-08-28,1541.69,1547.1,1531.5,1539.1
2019-08-29,1539.2,1550.7,1519.4,1527.7
2019-08-30,1527.6,1533.4,1517.51,1520.25
2019-09-02,1520.05,1533.77,1519.05,1530.59
2019-09-03,1529.6,1549.8,1521.4,1547.0
2019-09-04,1547.05,1557.25,1533.68,1552.6
2019-09-05,1552.45,1553.25,1509.28,1519.35
2019-09-06,1519.25,1527.7,1502.75,1506.95
2019-09-09,1507.1,1515.5,1497.6,1498.95
2019-09-10,1499.6,1501.9,1484.8,1486.4
2019-09-11,1486.45,1498.41,1484.9,1497.6
2019-09-12,1497.45,1523.86,1488.65,1498.95
2019-09-13,1498.45,1509.06,1485.51,1488.7
2019-09-16,1503.59,1512.81,1496.2,1498.8
2019-09-17,1499.45,1507.9,1493.9,1503.1
2019-09-18,1501.4,1511.25,1484.41,1493.9
2019-09-19,1493.6,1504.2,1488.8,1499.2
2019-09-20,1499.6,1517.21,1498.0,1517.15
2019-09-23,1516.65,1527.05,1511.35,1522.12
2019-09-24,1522.5,1536.1,1515.95,1532.3
2019-09-25,1531.6,1535.4,1501.41,1504.15
2019-09-26,1503.89,1512.6,1501.74,1505.8
2019-09-27,1506.18,1507.79,1486.98,1496.94
2019-09-30,1497.08,1500.5,1464.24,1472.25
2019-10-01,1472.3,1487.42,1458.9,1478.98
2019-10-02,1479.19,1504.98,1474.25,1499.51
2019-10-03,1499.55,1518.75,1495.85,1505.0
2019-10-04,1505.19,1510.94,1497.01,1504.6
2019-10-07,1504.76,1509.47,1489.94,1493.6
2019-10-08,1493.4,1508.56,1487.49,1505.51
2019-10-09,1506.06,1511.6,1499.7,1505.7
2019-10-10,1505.6,1517.07,1491.4,1494.3
2019-10-11,1494.46,1503.49,1474.3,1489.85
2019-10-14,1488.6,1497.1,1482.6,1492.9
2019-10-15,1493.25,1497.99,1477.46,1481.17
2019-10-16,1481.28,1491.6,1477.05,1489.77
2019-10-17,1490.4,1497.43,1483.35,1491.89
2019-10-18,1492.32,1494.33,1484.8,1490.1
2019-10-21,1492.02,1495.31,1481.75,1484.5
2019-10-22,1484.66,1489.17,1480.84,1488.05
2019-10-23,1488.2,1496.24,1487.49,1492.1
2019-10-24,1492.3,1504.21,1488.02,1503.65
2019-10-25,1504.75,1518.1,1500.55,1504.73
2019-10-28,1504.21,1508.36,1489.65,1492.69
2019-10-29,1492.64,1495.0,1483.71,1487.6
2019-10-30,1487.6,1496.8,1481.02,1495.4
2019-10-31,1496.39,1514.39,1493.64,1513.36
2019-11-01,1513.53,1515.81,1503.3,1513.95
2019-11-04,1513.8,1514.93,1504.46,1509.63
2019-11-05,1509.64,1509.9,1479.35,1484.1
2019-11-06,1484.1,1494.3,1482.21,1490.46
2019-11-07,1490.29,1492.32,1461.0,1468.07
2019-11-08,1468.01,1473.25,1456.05,1458.66
2019-11-11,1458.96,1466.59,1448.14,1455.9
2019-11-12,1455.79,1460.32,1445.43,1457.19
2019-11-13,1457.19,1467.14,1455.9,1463.19
2019-11-14,1463.18,1474.48,1460.76,1471.2
2019-11-15,1471.2,1471.43,1462.05,1467.37
2019-11-18,1467.51,1474.1,1455.97,1470.85
2019-11-19,1470.85,1475.5,1464.3,1472.38
2019-11-20,1472.39,1478.9,1465.66,1471.25
2019-11-21,1471.4,1475.85,1462.43,1464.4
2019-11-22,1464.4,1473.15,1461.0,1462.29
2019-11-25,1462.14,1462.14,1453.5,1454.97
2019-11-26,1455.28,1463.06,1450.7,1461.6
2019-11-27,1461.35,1461.82,1452.2,1454.35
2019-11-28,1456.85,1458.45,1454.19,1458.34
2019-11-29,1456.7,1467.21,1453.38,1464.8
2019-12-02,1466.73,1466.73,1453.7,1462.44
2019-12-03,1462.5,1481.9,1458.87,1477.34
2019-12-04,1477.21,1484.25,1471.21,1474.35
2019-12-05,1474.06,1480.5,1472.6,1475.7
2019-12-06,1475.85,1477.15,1458.42,1459.76
2019-12-09,1459.19,1465.5,1458.55,1461.99
2019-12-10,1462.08,1469.24,1459.55,1464.21
2019-12-11,1464.04,1478.9,1462.14,1474.85
2019-12-12,1474.85,1486.9,1464.45,1469.43
2019-12-13,1469.62,1478.0,1462.41,1475.81
2019-12-16,1475.45,1479.86,1472.8,1476.25
2019-12-17,1476.25,1480.61,1474.06,1476.45
2019-12-18,1476.45,1479.39,1470.1,1475.44
2019-12-19,1475.29,1481.9,1472.6,1479.15
2019-12-20,1479.29,1481.06,1475.5,1478.2
2019-12-23,1478.2,1486.16,1477.5,1485.52
2019-12-24,1486.07,1501.08,1484.96,1499.56
2019-12-25,1499.55,1499.55,1499.55,1499.55
2019-12-26,1499.41,1512.55,1497.45,1511.55
2019-12-27,1511.55,1515.34,1506.73,1510.67
2019-12-30,1511.49,1516.3,1509.96,1515.22
2019-12-31,1515.51,1525.59,1514.79,1517.39
2020-01-01,1517.26,1517.48,1517.2,1517.3
2020-01-02,1517.13,1531.3,1517.09,1528.94
2020-01-03,1529.11,1553.45,1527.95,1551.65
2020-01-06,1560.59,1582.69,1560.59,1565.96
2020-01-07,1565.93,1577.38,1555.1,1573.99
2020-01-08,1573.99,1611.0,1551.97,1555.81
2020-01-09,1555.76,1561.33,1539.88,1552.37
2020-01-10,1552.26,1563.19,1545.32,1562.28
2020-01-13,1562.29,1562.3,1546.52,1548.3
2020-01-14,1548.31,1548.8,1535.88,1546.37
2020-01-15,1546.26,1558.23,1546.01,1556.19
2020-01-16,1556.17,1558.14,1547.85,1552.79
2020-01-17,1552.9,1561.3,1549.26,1556.61
2020-01-20,1558.56,1562.81,1556.35,1561.58
2020-01-21,1560.85,1568.65,1546.25,1558.02
2020-01-22,1558.03,1559.35,1549.81,1558.91
2020-01-23,1558.93,1567.94,1551.29,1563.33
2020-01-24,1563.29,1575.76,1556.16,1570.65
2020-01-27,1579.99,1586.72,1575.59,1581.95
2020-01-28,1582.05,1583.17,1565.64,1566.24
2020-01-29,1566.21,1577.96,1563.1,1577.12
2020-01-30,1576.98,1585.97,1572.49,1574.22
2020-01-31,1574.27,1590.2,1570.84,1590.2
2020-02-03,1589.85,1591.86,1571.26,1576.45
2020-02-04,1576.3,1579.54,1548.99,1552.55
2020-02-05,1552.57,1562.31,1547.2,1556.7
2020-02-06,1556.88,1568.29,1552.24,1566.85
2020-02-07,1566.96,1574.05,1562.38,1570.29
2020-02-10,1569.94,1577.16,1568.01,1572.3
2020-02-11,1572.01,1573.96,1562.18,1567.72
2020-02-12,1567.73,1570.48,1561.46,1565.63
2020-02-13,1565.62,1578.11,1565.43,1576.39
2020-02-14,1576.29,1585.04,1573.15,1584.7
2020-02-17,1584.75,1584.86,1578.4,1581.1
2020-02-18,1583.31,1605.35,1582.96,1601.91
2020-02-19,1601.8,1612.91,1599.49,1611.64
2020-02-20,1611.71,1623.74,1603.89,1619.7
2020-02-21,1619.79,1649.14,1618.99,1643.7
2020-02-24,1658.96,1688.96,1652.3,1660.72
2020-02-25,1660.72,1660.85,1629.01,1635.38
2020-02-26,1635.46,1655.07,1625.72,1639.96
2020-02-27,1640.56,1660.44,1635.66,1642.35
2020-02-28,1642.14,1649.49,1565.86,1585.12
2020-03-02,1590.99,1610.78,1579.54,1590.73
2020-03-03,1590.78,1649.5,1587.79,1639.77
2020-03-04,1639.85,1651.68,1631.99,1635.83
2020-03-05,1635.83,1674.66,1634.92,1670.61
2020-03-06,1670.66,1692.11,1647.98,1674.23
2020-03-09,1694.6,1703.16,1657.96,1680.2
2020-03-10,1678.9,1680.36,1642.11,1649.36
2020-03-11,1649.69,1670.97,1632.9,1635.03
2020-03-12,1634.69,1650.13,1560.96,1577.09
2020-03-13,1576.83,1597.72,1506.73,1529.7
2020-03-16,1550.59,1573.49,1451.68,1514.61
2020-03-17,1512.05,1553.11,1465.6,1528.58
2020-03-18,1527.3,1546.05,1472.6,1486.3
2020-03-19,1486.1,1501.61,1464.75,1471.0
2020-03-20,1470.39,1516.43,1460.49,1498.24
2020-03-23,1508.25,1561.76,1485.4,1553.81
2020-03-24,1565.36,1644.35,1564.77,1622.03
2020-03-25,1618.79,1636.29,1584.18,1613.79
2020-03-26,1620.16,1645.8,1595.81,1632.38
2020-03-27,1634.99,1640.76,1614.75,1623.5
2020-03-30,1617.38,1635.59,1607.63,1623.3
2020-03-31,1612.25,1623.52,1562.25,1571.31
2020-04-01,1569.45,1604.12,1568.91,1595.05
2020-04-02,1590.75,1621.27,1576.43,1613.79
2020-04-03,1609.99,1627.04,1607.0,1618.45
2020-04-06,1596.8,1669.76,1596.8,1663.0
2020-04-07,1662.38,1671.88,1641.06,1648.95
2020-04-08,1645.94,1657.06,1641.15,1646.52
2020-04-09,1644.28,1690.29,1642.34,1684.07
2020-04-10,1675.0,1696.5,1675.0,1689.9
2020-04-13,1682.25,1722.36,1672.95,1714.32
2020-04-14,1714.09,1748.5,1709.1,1729.7
2020-04-15,1729.43,1731.43,1706.99,1716.6
2020-04-16,1716.29,1738.74,1706.92,1718.4
2020-04-17,1713.49,1718.69,1678.52,1684.69
2020-04-20,1691.44,1703.02,1671.74,1694.12
2020-04-21,1694.22,1698.48,1660.99,1687.02
2020-04-22,1686.47,1719.66,1680.05,1714.82
2020-04-23,1713.0,1738.84,1704.05,1731.59
2020-04-24,1733.32,1737.89,1710.63,1729.43
2020-04-27,1724.86,1727.82,1705.82,1715.57
2020-04-28,1716.19,1716.19,1691.8,1708.63
2020-04-29,1708.72,1717.52,1697.72,1712.38
2020-04-30,1715.22,1726.14,1684.16,1685.05
2020-05-01,1685.24,1706.21,1669.82,1700.41
2020-05-04,1697.26,1712.0,1690.96,1701.69
2020-05-05,1701.78,1712.6,1691.13,1707.17
2020-05-06,1705.77,1707.85,1681.34,1685.88
2020-05-07,1686.08,1722.02,1681.96,1717.94
2020-05-08,1717.46,1724.56,1701.61,1702.65
2020-05-11,1703.76,1713.67,1691.56,1697.35
2020-05-12,1696.25,1711.04,1692.28,1702.72
2020-05-13,1701.21,1718.33,1697.92,1715.99
2020-05-14,1715.01,1737.34,1710.39,1730.65
2020-05-15,1731.13,1753.25,1728.52,1743.0
2020-05-18,1742.93,1764.81,1726.26,1732.32
2020-05-19,1733.37,1748.77,1725.83,1745.11
2020-05-20,1744.44,1754.08,1740.91,1749.5
2020-05-21,1750.18,1750.64,1717.56,1726.34
2020-05-22,1725.26,1741.51,1724.29,1736.07
2020-05-25,1734.73,1735.57,1720.47,1729.57
2020-05-26,1729.65,1736.29,1708.31,1712.45
2020-05-27,1712.03,1715.77,1693.6,1709.25
2020-05-28,1709.68,1727.69,1707.19,1719.4
2020-05-29,1721.7,1738.99,1713.79,1728.3
2020-06-01,1736.42,1744.52,1727.03,1740.34
2020-06-02,1740.93,1745.54,1721.52,1727.97
2020-06-03,1728.97,1732.92,1690.01,1698.63
2020-06-04,1699.11,1722.22,1697.4,1711.84
2020-06-05,1711.2,1716.39,1670.75,1685.83
2020-06-08,1684.16,1701.27,1677.61,1695.47
2020-06-09,1700.25,1720.75,1691.92,1714.57
2020-06-10,1714.33,1740.29,1708.83,1737.1
2020-06-11,1737.11,1744.72,1721.34,1727.51
2020-06-12,1728.32,1743.59,1723.12,1730.8
2020-06-15,1732.35,1734.78,1704.76,1725.53
2020-06-16,1725.79,1733.06,1715.93,1727.46
2020-06-17,1727.34,1730.62,1713.37,1727.04
2020-06-18,1725.57,1736.87,1717.28,1722.99
2020-06-19,1723.16,1745.68,1721.36,1743.62
2020-06-22,1749.0,1763.82,1743.78,1755.44
2020-06-23,1756.03,1771.69,1747.9,1767.54
2020-06-24,1769.09,1780.06,1761.09,1762.43
2020-06-25,1759.76,1768.84,1755.23,1761.82
2020-06-26,1762.35,1772.36,1748.04,1771.47
2020-06-29,1773.27,1775.86,1766.07,1772.28
2020-06-30,1771.77,1786.46,1765.77,1781.66
2020-07-01,1780.91,1789.27,1759.02,1770.32
2020-07-02,1769.6,1780.21,1757.85,1776.13
2020-07-03,1774.03,1777.01,1772.03,1775.05
2020-07-06,1776.24,1786.98,1770.09,1783.9
2020-07-07,1784.57,1797.93,1774.37,1795.26
2020-07-08,1794.93,1818.37,1791.82,1810.78
2020-07-09,1810.68,1815.99,1795.76,1803.19
2020-07-10,1801.71,1810.94,1794.47,1798.89
2020-07-13,1798.69,1813.65,1797.94,1803.39
2020-07-14,1802.77,1810.94,1791.02,1807.78
2020-07-15,1808.14,1815.0,1802.91,1811.9
2020-07-16,1811.72,1813.41,1795.1,1797.05
2020-07-17,1797.3,1812.59,1795.11,1809.9
2020-07-20,1809.28,1820.76,1805.7,1816.09
2020-07-21,1815.53,1843.75,1815.44,1842.22
2020-07-22,1841.89,1872.41,1840.25,1872.07
2020-07-23,1871.97,1898.49,1862.38,1887.44
2020-07-24,1886.83,1906.47,1881.58,1901.46
2020-07-27,1899.29,1945.71,1899.29,1942.42
2020-07-28,1942.22,1981.14,1907.69,1959.5
2020-07-29,1959.71,1980.67,1944.96,1970.73
2020-07-30,1970.89,1972.25,1940.17,1960.5
2020-07-31,1960.96,1981.11,1955.99,1975.89
2020-08-03,1980.43,1985.22,1960.15,1977.25
2020-08-04,1976.45,2019.96,1968.38,2018.52
2020-08-05,2018.98,2056.1,2010.33,2040.4
2020-08-06,2040.03,2069.84,2034.83,2063.81
2020-08-07,2064.52,2072.9,2015.48,2035.03
2020-08-10,2033.71,2050.1,2019.42,2027.77
2020-08-11,2027.11,2031.59,1901.57,1911.64
2020-08-12,1911.26,1949.26,1863.92,1918.07
2020-08-13,1920.87,1966.83,1913.42,1954.0
2020-08-14,1953.98,1962.62,1932.46,1944.29
2020-08-17,1946.22,1990.91,1929.74,1986.2
2020-08-18,1985.47,2015.23,1977.56,2001.2
2020-08-19,2001.22,2006.51,1924.63,1929.82
2020-08-20,1929.28,1955.99,1925.47,1943.6
2020-08-21,1946.96,1956.37,1911.76,1940.16
2020-08-24,1938.63,1962.04,1924.28,1933.09
2020-08-25,1932.66,1937.55,1914.31,1928.19
2020-08-26,1928.66,1955.15,1902.81,1954.03
2020-08-27,1953.35,1976.32,1909.96,1929.2
2020-08-28,1929.44,1973.81,1923.71,1964.89
2020-08-31,1965.39,1976.53,1954.55,1970.15
2020-09-01,1967.58,1992.26,1963.22,1970.49
2020-09-02,1969.71,1974.41,1932.75,1942.98
2020-09-03,1943.0,1951.15,1921.95,1930.85
2020-09-04,1931.51,1942.25,1916.64,1932.85
2020-09-07,1930.35,1941.45,1924.43,1929.18
2020-09-08,1929.14,1940.8,1906.57,1931.26
2020-09-09,1932.26,1950.95,1920.2,1946.66
2020-09-10,1946.06,1966.5,1941.42,1954.07
2020-09-11,1955.2,1957.95,1937.42,1941.5
2020-09-14,1941.05,1962.52,1937.46,1956.37
2020-09-15,1957.31,1972.35,1948.64,1955.52
2020-09-16,1956.19,1973.63,1949.89,1959.32
2020-09-17,1959.99,1963.48,1932.99,1942.6
2020-09-18,1943.87,1960.2,1941.79,1949.69
2020-09-21,1949.55,1955.75,1883.21,1912.57
2020-09-22,1912.8,1919.99,1894.93,1899.28
2020-09-23,1900.2,1905.56,1855.77,1863.55
2020-09-24,1863.42,1877.3,1848.45,1868.04
2020-09-25,1868.61,1875.28,1852.59,1860.05
2020-09-28,1859.0,1883.39,1849.19,1880.85
2020-09-29,1881.4,1899.24,1875.56,1897.69
2020-09-30,1897.81,1902.39,1881.31,1885.44
2020-10-01,1885.8,1912.09,1884.48,1905.05
2020-10-02,1905.65,1917.28,1889.57,1898.7
2020-10-05,1902.24,1918.74,1886.81,1912.9
2020-10-06,1913.28,1921.1,1874.57,1877.13
2020-10-07,1878.84,1898.31,1873.05,1887.22
2020-10-08,1887.4,1900.73,1881.86,1893.09
2020-10-09,1894.19,1930.83,1893.32,1929.43
2020-10-12,1930.5,1933.45,1918.19,1921.95
2020-10-13,1922.42,1925.73,1886.59,1890.82
2020-10-14,1891.9,1913.03,1882.44,1900.89
2020-10-15,1900.31,1909.22,1889.46,1907.82
2020-10-16,1907.95,1914.06,1897.59,1898.97
2020-10-19,1899.94,1918.59,1897.09,1904.27
2020-10-20,1904.24,1914.2,1894.74,1906.39
2020-10-21,1908.65,1931.41,1907.94,1924.49
2020-10-22,1924.34,1926.0,1894.8,1904.04
2020-10-23,1904.24,1914.3,1894.54,1900.79
2020-10-26,1902.34,1908.55,1890.9,1901.69
2020-10-27,1902.19,1911.34,1897.47,1906.83
2020-10-28,1908.05,1911.03,1869.59,1877.06
2020-10-29,1876.94,1885.42,1859.67,1867.13
2020-10-30,1868.24,1889.85,1864.64,1877.95
2020-11-02,1878.59,1896.12,1873.21,1895.1
2020-11-03,1895.8,1910.71,1886.81,1908.36
2020-11-04,1908.59,1916.68,1883.15,1903.21
2020-11-05,1903.65,1952.95,1902.43,1948.56
2020-11-06,1949.24,1960.77,1935.4,1951.51
2020-11-09,1954.65,1965.92,1850.36,1861.86
2020-11-10,1862.15,1890.6,1860.3,1876.5
2020-11-11,1877.34,1884.93,1856.05,1864.71
2020-11-12,1865.3,1883.88,1862.46,1875.76
2020-11-13,1876.44,1897.16,1873.76,1888.04
2020-11-16,1888.74,1899.35,1864.74,1888.52
2020-11-17,1889.15,1893.9,1877.69,1878.6
2020-11-18,1878.6,1884.92,1863.94,1871.41
2020-11-19,1871.44,1874.34,1852.48,1867.37
2020-11-20,1867.59,1879.98,1860.66,1870.49
2020-11-23,1869.84,1876.72,1830.85,1835.85
2020-11-24,1836.65,1839.26,1800.69,1807.51
2020-11-25,1807.69,1817.98,1801.33,1805.3
2020-11-26,1805.74,1818.78,1805.31,1810.57
2020-11-27,1811.09,1813.81,1773.93,1788.13
2020-11-30,1789.05,1789.99,1764.69,1777.02
2020-12-01,1777.4,1817.55,1775.52,1814.87
2020-12-02,1815.19,1832.65,1806.99,1831.01
2020-12-03,1831.34,1844.45,1823.6,1840.36
2020-12-04,1841.05,1848.26,1829.3,1837.61
2020-12-07,1837.99,1868.76,1822.99,1863.69
2020-12-08,1863.55,1875.79,1859.83,1871.36
2020-12-09,1871.19,1871.37,1825.71,1839.11
2020-12-10,1839.59,1850.4,1828.48,1835.31
2020-12-11,1835.55,1847.89,1824.23,1839.03
2020-12-14,1839.3,1839.86,1819.92,1827.17
2020-12-15,1827.8,1855.76,1825.29,1853.46
2020-12-16,1853.94,1866.2,1844.75,1864.15
2020-12-17,1864.26,1896.26,1861.83,1885.87
2020-12-18,1885.8,1889.88,1876.97,1880.66
2020-12-21,1883.2,1906.93,1856.69,1876.21
2020-12-22,1876.65,1884.61,1858.73,1859.56
2020-12-23,1859.99,1878.59,1858.59,1872.08
2020-12-24,1872.74,1882.55,1869.52,1876.56
2020-12-25,1877.07,1877.07,1877.07,1875.82
2020-12-28,1885.93,1900.53,1869.21,1871.19
2020-12-29,1872.24,1886.91,1870.99,1877.99
2020-12-30,1878.34,1894.06,1875.66,1893.37
2020-12-31,1893.55,1901.26,1884.77,1896.49
2021-01-01,1897.69,1899.12,1897.39,1898.1
2021-01-04,1906.05,1944.65,1905.36,1942.28
2021-01-05,1942.65,1953.17,1934.08,1949.35
2021-01-06,1950.3,1959.6,1901.11,1918.81
2021-01-07,1919.4,1927.97,1906.86,1912.5
2021-01-08,1912.9,1917.85,1828.74,1848.26
2021-01-11,1849.34,1857.05,1817.14,1844.66
2021-01-12,1845.34,1864.08,1837.41,1855.63
2021-01-13,1856.19,1863.26,1843.34,1843.41
2021-01-14,1843.94,1857.59,1833.21,1846.37
2021-01-15,1846.8,1856.85,1823.21,1826.59
2021-01-18,1828.94,1840.95,1810.46,1836.89
2021-01-19,1838.09,1845.98,1833.06,1839.34
2021-01-20,1840.05,1872.03,1832.46,1870.91
2021-01-21,1871.07,1875.45,1858.16,1869.91
2021-01-22,1870.09,1871.17,1837.09,1852.55
2021-01-25,1855.75,1868.45,1847.3,1854.99
2021-01-26,1855.55,1861.86,1848.36,1850.31
2021-01-27,1850.65,1853.58,1831.29,1843.99
2021-01-28,1844.34,1864.26,1833.81,1840.36
2021-01-29,1840.9,1876.03,1839.56,1846.09
2021-02-01,1863.05,1871.84,1849.04,1860.16
2021-02-02,1860.84,1864.26,1829.46,1837.35
2021-02-03,1837.49,1845.29,1829.49,1833.76
2021-02-04,1834.34,1835.13,1785.15,1792.26
2021-02-05,1792.49,1815.32,1791.8,1811.62
2021-02-08,1815.44,1839.15,1807.48,1830.16
2021-02-09,1830.59,1849.15,1828.63,1837.06
2021-02-10,1837.55,1855.7,1833.91,1842.22
2021-02-11,1842.65,1847.95,1820.63,1825.36
2021-02-12,1825.9,1830.8,1810.33,1823.46
2021-02-15,1825.34,1827.59,1815.71,1818.51
2021-02-16,1819.34,1826.75,1789.19,1794.31
2021-02-17,1794.65,1795.45,1769.27,1776.26
2021-02-18,1776.69,1789.88,1767.98,1775.49
2021-02-19,1776.19,1791.7,1760.13,1782.31
2021-02-22,1782.24,1812.76,1780.46,1808.66
2021-02-23,1809.09,1816.27,1795.78,1805.06
2021-02-24,1805.34,1813.99,1783.3,1804.36
2021-02-25,1804.8,1806.06,1765.44,1769.88
2021-02-26,1770.49,1776.1,1717.26,1733.49
2021-03-01,1733.4,1760.02,1719.52,1723.84
2021-03-02,1724.1,1738.89,1707.18,1738.09
2021-03-03,1738.59,1740.85,1701.94,1710.95
2021-03-04,1711.84,1723.34,1690.64,1697.19
2021-03-05,1698.59,1707.76,1687.12,1700.86
2021-03-08,1702.8,1714.45,1676.7,1681.24
2021-03-09,1682.55,1720.83,1679.8,1715.36
2021-03-10,1715.94,1726.76,1707.99,1726.05
2021-03-11,1726.55,1739.99,1719.38,1721.41
2021-03-12,1721.59,1728.42,1698.85,1726.41
2021-03-15,1727.74,1734.99,1721.31,1731.84
2021-03-16,1730.57,1741.4,1725.8,1730.94
2021-03-17,1730.61,1751.81,1724.14,1744.44
2021-03-18,1745.09,1755.59,1719.05,1736.41
2021-03-19,1735.9,1746.88,1728.04,1744.74
2021-03-22,1745.74,1747.18,1727.4,1738.69
2021-03-23,1739.05,1742.85,1724.42,1727.11
2021-03-24,1727.8,1738.56,1723.85,1734.19
2021-03-25,1735.65,1745.95,1721.84,1726.82
2021-03-26,1727.3,1737.01,1721.23,1731.97
2021-03-29,1732.15,1733.34,1705.58,1711.99
2021-03-30,1712.55,1714.74,1678.85,1684.8
2021-03-31,1685.59,1715.28,1677.93,1707.01
2021-04-01,1708.09,1730.8,1705.42,1730.18
2021-04-02,1730.47,1732.55,1728.67,1728.84
2021-04-05,1728.74,1733.75,1721.22,1728.44
2021-04-06,1728.49,1745.68,1726.82,1743.57
2021-04-07,1742.96,1744.57,1730.13,1737.28
2021-04-08,1737.84,1759.13,1732.99,1755.94
2021-04-09,1756.54,1757.47,1731.09,1743.1
2021-04-12,1743.8,1745.36,1727.18,1732.51
2021-04-13,1732.59,1749.23,1723.27,1743.83
2021-04-14,1744.3,1749.58,1732.13,1736.0
2021-04-15,1737.1,1769.91,1734.1,1763.21
2021-04-16,1763.84,1784.07,1759.79,1776.31
2021-04-19,1779.5,1790.54,1765.98,1769.31
2021-04-20,1770.3,1780.77,1763.18,1777.25
2021-04-21,1778.64,1797.98,1775.95,1793.46
2021-04-22,1794.15,1798.29,1776.83,1783.94
2021-04-23,1784.33,1796.06,1770.05,1777.18
2021-04-26,1776.34,1783.69,1768.7,1780.19
2021-04-27,1780.42,1785.9,1773.52,1776.69
2021-04-28,1776.8,1782.85,1762.56,1781.32
2021-04-29,1780.9,1790.43,1756.19,1771.24
2021-04-30,1772.9,1773.98,1763.73,1768.59
2021-05-03,1768.49,1798.22,1765.91,1792.36
2021-05-04,1792.29,1799.38,1770.84,1778.48
2021-05-05,1778.91,1788.35,1769.95,1786.44
2021-05-06,1787.09,1818.21,1781.67,1815.18
2021-05-07,1815.48,1843.45,1812.9,1830.48
2021-05-10,1833.24,1845.53,1830.09,1835.44
2021-05-11,1834.58,1842.32,1817.68,1836.94
2021-05-12,1837.4,1843.69,1813.0,1815.44
2021-05-13,1815.9,1828.81,1808.78,1826.57
2021-05-14,1826.49,1845.55,1819.79,1842.19
2021-05-17,1843.84,1868.8,1841.24,1866.13
2021-05-18,1866.59,1875.4,1862.94,1868.22
2021-05-19,1869.59,1890.15,1851.94,1869.57
2021-05-20,1869.74,1884.12,1863.53,1876.69
2021-05-21,1876.84,1889.85,1870.01,1880.3
2021-05-24,1882.34,1887.44,1875.19,1881.07
2021-05-25,1880.69,1900.63,1872.73,1899.26
2021-05-26,1899.49,1913.15,1890.34,1896.44
2021-05-27,1896.49,1903.87,1888.22,1896.08
2021-05-28,1897.05,1905.9,1881.84,1902.64
2021-05-31,1903.69,1911.13,1901.56,1906.36
2021-06-01,1907.53,1916.84,1892.28,1900.19
2021-06-02,1900.05,1909.34,1894.05,1907.94
2021-06-03,1908.09,1909.89,1865.11,1870.57
2021-06-04,1871.32,1896.6,1856.09,1889.97
2021-06-07,1888.49,1900.41,1880.88,1899.0
2021-06-08,1898.99,1903.95,1883.38,1892.82
2021-06-09,1893.49,1899.4,1886.58,1888.3
2021-06-10,1888.57,1900.09,1869.84,1898.14
2021-06-11,1898.42,1903.3,1874.07,1876.64
2021-06-14,1874.59,1878.21,1844.57,1865.99
2021-06-15,1866.26,1869.67,1851.28,1858.69
2021-06-16,1858.96,1862.43,1804.19,1811.95
2021-06-17,1812.18,1825.58,1766.88,1773.31
2021-06-18,1772.73,1797.24,1761.04,1763.34
2021-06-21,1764.44,1786.75,1764.44,1782.95
2021-06-22,1783.23,1790.42,1771.99,1778.51
2021-06-23,1778.8,1795.18,1773.13,1778.73
2021-06-24,1779.01,1788.56,1772.67,1775.18
2021-06-25,1775.46,1790.6,1773.27,1780.34
2021-06-28,1781.24,1785.9,1770.69,1778.18
2021-06-29,1778.44,1779.24,1750.11,1761.09
2021-06-30,1761.35,1774.72,1752.78,1769.8
2021-07-01,1770.06,1783.07,1765.47,1776.6
2021-07-02,1776.83,1795.4,1773.73,1786.79
2021-07-05,1787.69,1795.69,1784.09,1791.61
2021-07-06,1791.88,1815.34,1789.91,1796.69
2021-07-07,1796.96,1810.13,1793.64,1803.41
2021-07-08,1803.67,1818.7,1794.28,1802.56
2021-07-09,1802.89,1812.71,1796.09,1807.98
2021-07-12,1807.94,1811.04,1791.21,1805.88
2021-07-13,1806.17,1817.51,1798.54,1807.44
2021-07-14,1807.72,1830.32,1804.21,1827.06
2021-07-15,1827.35,1833.99,1820.07,1829.19
2021-07-16,1829.45,1832.2,1808.65,1810.89
2021-07-19,1811.65,1817.56,1794.66,1812.34
2021-07-20,1812.61,1825.27,1805.06,1810.03
2021-07-21,1810.32,1814.02,1794.18,1803.31
2021-07-22,1803.58,1808.34,1792.11,1806.69
2021-07-23,1806.95,1810.56,1790.45,1801.34
2021-07-26,1802.65,1811.97,1795.68,1797.27
2021-07-27,1797.53,1805.6,1792.83,1798.73
2021-07-28,1799.0,1809.9,1792.6,1806.88
2021-07-29,1807.15,1833.05,1806.29,1827.95
2021-07-30,1828.21,1831.63,1809.48,1813.58
2021-08-02,1814.34,1819.94,1805.12,1813.39
2021-08-03,1813.64,1815.18,1806.73,1809.94
2021-08-04,1810.6,1832.1,1806.54,1811.41
2021-08-05,1811.69,1815.45,1797.74,1804.01
2021-08-06,1804.28,1804.93,1758.33,1762.69
2021-08-09,1763.34,1764.65,1684.77,1729.46
2021-08-10,1729.74,1738.49,1717.17,1728.71
2021-08-11,1729.01,1754.63,1723.54,1751.56
2021-08-12,1751.66,1758.62,1741.29,1752.44
2021-08-13,1752.72,1780.53,1751.27,1779.15
2021-08-16,1778.44,1789.51,1770.38,1787.24
2021-08-17,1787.51,1795.77,1780.28,1785.96
2021-08-18,1786.21,1794.31,1777.31,1787.59
2021-08-19,1788.05,1792.56,1774.2,1780.18
2021-08-20,1780.44,1788.85,1777.96,1780.87
2021-08-23,1780.55,1806.92,1776.03,1805.2
2021-08-24,1805.61,1810.03,1799.73,1802.61
2021-08-25,1802.86,1803.57,1782.45,1790.68
2021-08-26,1791.09,1798.61,1779.48,1792.16
2021-08-27,1792.6,1819.38,1787.66,1816.67
2021-08-30,1817.55,1823.38,1807.28,1810.17
2021-08-31,1810.26,1819.43,1801.47,1813.43
2021-09-01,1813.57,1820.21,1808.18,1813.66
2021-09-02,1813.92,1817.53,1804.48,1809.4
2021-09-03,1809.98,1834.55,1808.53,1826.19
2021-09-06,1828.66,1830.6,1820.58,1823.1
2021-09-07,1823.27,1827.39,1792.33,1794.13
2021-09-08,1794.41,1802.6,1781.98,1788.93
2021-09-09,1789.19,1801.19,1783.83,1794.69
2021-09-10,1794.61,1804.15,1786.53,1787.34
2021-09-13,1788.55,1798.66,1783.73,1793.49
2021-09-14,1793.77,1808.99,1781.89,1804.27
2021-09-15,1804.53,1807.3,1790.28,1792.59
2021-09-16,1794.34,1796.71,1745.04,1753.39
2021-09-17,1753.67,1768.22,1747.07,1754.16
2021-09-20,1754.3,1767.31,1742.24,1763.88
2021-09-21,1764.19,1782.07,1757.61,1774.25
2021-09-22,1774.51,1787.51,1764.84,1767.91
2021-09-23,1768.4,1776.6,1737.84,1742.57
2021-09-24,1742.82,1758.08,1739.6,1749.86
2021-09-27,1751.24,1761.29,1744.19,1749.85
2021-09-28,1750.45,1754.8,1727.18,1733.68
2021-09-29,1733.97,1746.11,1721.07,1726.11
2021-09-30,1726.4,1764.53,1721.67,1756.66
2021-10-01,1756.91,1764.4,1749.36,1760.36
2021-10-04,1762.15,1771.06,1747.23,1769.51
2021-10-05,1769.75,1771.03,1748.56,1759.96
2021-10-06,1760.45,1765.78,1745.45,1762.48
2021-10-07,1762.74,1767.45,1751.38,1755.29
2021-10-08,1755.89,1781.6,1753.03,1756.67
2021-10-11,1757.34,1761.36,1749.68,1753.86
2021-10-12,1754.12,1769.78,1750.47,1759.93
2021-10-13,1760.05,1796.31,1757.89,1792.65
2021-10-14,1792.75,1800.91,1786.22,1795.56
2021-10-15,1795.81,1796.89,1764.48,1767.26
2021-10-18,1767.74,1772.3,1759.68,1764.6
2021-10-19,1764.99,1785.53,1762.48,1768.87
2021-10-20,1769.28,1788.68,1766.5,1781.83
2021-10-21,1782.1,1789.61,1776.07,1782.76
2021-10-22,1782.89,1814.22,1782.46,1792.48
2021-10-25,1794.0,1810.18,1791.95,1807.47
2021-10-26,1807.9,1808.5,1781.98,1792.63
2021-10-27,1793.04,1799.38,1782.83,1796.69
2021-10-28,1796.78,1810.49,1792.34,1798.62
2021-10-29,1799.03,1801.49,1771.7,1782.81
2021-11-01,1783.24,1796.2,1778.89,1793.05
2021-11-02,1793.61,1796.91,1785.78,1787.28
2021-11-03,1787.71,1788.42,1758.45,1769.52
2021-11-04,1769.98,1799.26,1769.13,1791.7
2021-11-05,1792.14,1818.61,1785.17,1816.73
2021-11-08,1818.44,1826.93,1812.08,1824.26
2021-11-09,1824.74,1833.08,1817.7,1831.48
2021-11-10,1831.9,1868.7,1821.6,1849.57
2021-11-11,1849.69,1866.35,1842.66,1861.52
2021-11-12,1861.99,1868.69,1844.78,1864.04
2021-11-15,1868.15,1870.57,1855.73,1862.46
2021-11-16,1862.94,1877.4,1849.16,1849.91
2021-11-17,1850.34,1868.32,1849.38,1866.96
2021-11-18,1866.97,1871.29,1854.94,1858.46
2021-11-19,1858.9,1865.76,1842.98,1844.6
2021-11-22,1846.74,1849.49,1801.95,1805.04
2021-11-23,1805.65,1812.5,1781.63,1789.73
2021-11-24,1790.34,1797.01,1778.44,1788.5
2021-11-25,1789.49,1795.65,1785.85,1788.45
2021-11-26,1788.7,1815.78,1780.79,1791.81
2021-11-29,1790.05,1799.8,1781.23,1785.01
2021-11-30,1785.34,1809.38,1769.43,1773.78
2021-12-01,1774.15,1794.8,1771.96,1782.66
2021-12-02,1783.05,1783.58,1761.68,1768.64
2021-12-03,1768.84,1786.44,1765.63,1783.74
2021-12-06,1784.79,1787.87,1775.91,1778.11
2021-12-07,1778.08,1788.02,1771.93,1784.04
2021-12-08,1784.4,1793.6,1779.45,1782.06
2021-12-09,1782.49,1788.05,1772.8,1774.46
2021-12-10,1774.94,1789.47,1769.43,1782.51
2021-12-13,1782.94,1791.78,1781.51,1786.94
2021-12-14,1787.19,1789.74,1766.31,1770.18
2021-12-15,1770.49,1781.04,1753.84,1777.06
2021-12-16,1777.4,1799.53,1775.43,1799.03
2021-12-17,1799.55,1814.63,1795.67,1797.68
2021-12-20,1799.4,1804.32,1787.98,1789.32
2021-12-21,1789.74,1800.85,1784.58,1788.36
2021-12-22,1788.94,1805.13,1785.41,1803.4
2021-12-23,1803.69,1811.02,1798.88,1807.91
2021-12-24,1808.19,1812.7,1801.61,1808.11
2021-12-27,1808.19,1813.74,1802.89,1810.9
2021-12-28,1811.84,1820.7,1804.38,1805.37
2021-12-29,1805.59,1808.16,1788.94,1803.66
2021-12-30,1803.99,1817.44,1795.78,1815.01
2021-12-31,1815.44,1830.58,1814.15,1828.39
2022-01-03,1830.14,1832.06,1797.93,1800.85
2022-01-04,1801.34,1816.83,1798.44,1814.56
2022-01-05,1814.9,1829.82,1807.97,1809.53
2022-01-06,1809.94,1811.89,1786.03,1788.68
2022-01-07,1789.55,1799.2,1782.63,1795.63
2022-01-10,1795.41,1802.57,1790.43,1801.41
2022-01-11,1801.69,1823.35,1800.09,1822.01
2022-01-12,1822.49,1828.33,1814.2,1825.32
2022-01-13,1825.94,1828.38,1811.83,1822.09
2022-01-14,1822.55,1829.66,1814.13,1817.22
2022-01-17,1817.9,1823.72,1812.67,1818.99
2022-01-18,1819.77,1823.01,1805.53,1813.54
2022-01-19,1813.69,1843.72,1809.97,1839.96
2022-01-20,1840.3,1848.36,1835.67,1838.36
2022-01-21,1838.65,1843.53,1828.04,1833.24
2022-01-24,1834.49,1844.53,1829.09,1843.06
2022-01-25,1843.34,1853.98,1834.64,1847.56
2022-01-26,1847.99,1850.44,1814.9,1818.12
2022-01-27,1818.44,1822.51,1790.98,1796.51
2022-01-28,1796.94,1799.82,1779.88,1791.03
2022-01-31,1791.19,1800.23,1785.03,1796.47
2022-02-01,1796.72,1809.16,1795.13,1800.65
2022-02-02,1800.94,1811.53,1794.11,1806.5
2022-02-03,1807.19,1809.22,1788.39,1804.4
2022-02-04,1804.8,1815.44,1790.94,1807.49
2022-02-07,1806.99,1824.06,1806.94,1820.31
2022-02-08,1820.59,1829.09,1815.06,1825.48
2022-02-09,1826.05,1836.35,1824.5,1832.43
2022-02-10,1832.94,1842.35,1821.46,1826.57
2022-02-11,1827.25,1865.63,1820.79,1859.96
2022-02-14,1861.55,1874.41,1850.45,1870.29
2022-02-15,1870.94,1879.89,1844.27,1853.06
2022-02-16,1853.4,1873.16,1849.94,1868.37
2022-02-17,1868.84,1901.57,1867.18,1897.27
2022-02-18,1897.94,1902.84,1886.16,1897.87
2022-02-21,1900.4,1908.38,1887.19,1905.63
2022-02-22,1905.89,1914.44,1891.16,1898.13
2022-02-23,1898.44,1911.0,1889.23,1907.55
2022-02-24,1907.99,1974.48,1879.05,1903.14
2022-02-25,1903.55,1921.54,1883.1,1887.56
2022-02-28,1920.86,1929.36,1890.59,1907.9
2022-03-01,1908.19,1950.45,1900.93,1943.22
2022-03-02,1943.69,1948.18,1913.82,1926.11
2022-03-03,1926.49,1941.47,1921.73,1935.21
2022-03-04,1935.65,1970.8,1929.78,1968.45
2022-03-07,1977.09,2002.9,1960.76,1998.11
2022-03-08,1998.3,2070.29,1981.0,2052.41
2022-03-09,2052.75,2059.25,1976.3,1991.49
2022-03-10,1991.94,2009.57,1970.66,1995.86
2022-03-11,1996.15,1999.22,1958.8,1985.29
2022-03-14,1985.49,1990.33,1949.87,1951.11
2022-03-15,1951.02,1954.95,1906.73,1917.84
2022-03-16,1918.1,1929.87,1895.22,1927.93
2022-03-17,1927.56,1950.1,1923.4,1942.64
2022-03-18,1942.9,1945.51,1917.93,1921.09
2022-03-21,1922.24,1940.69,1918.01,1935.95
2022-03-22,1935.86,1938.59,1910.89,1921.44
2022-03-23,1922.35,1948.55,1915.32,1943.38
2022-03-24,1944.88,1966.19,1937.18,1957.48
2022-03-25,1957.49,1964.49,1943.55,1957.4
2022-03-28,1958.75,1959.36,1916.83,1923.2
2022-03-29,1922.95,1929.41,1890.03,1919.19
2022-03-30,1920.07,1938.53,1915.74,1933.06
2022-03-31,1932.8,1949.92,1918.98,1937.23
2022-04-01,1937.51,1939.99,1917.56,1924.3
2022-04-04,1924.94,1937.05,1915.55,1932.44
2022-04-05,1933.38,1944.73,1917.74,1923.76
2022-04-06,1923.69,1933.65,1915.24,1925.48
2022-04-07,1925.32,1938.07,1920.27,1932.17
2022-04-08,1931.92,1948.46,1927.38,1945.85
2022-04-11,1947.15,1969.41,1940.05,1953.43
2022-04-12,1953.99,1978.63,1949.48,1966.59
2022-04-13,1967.21,1981.82,1962.59,1977.72
2022-04-14,1977.78,1980.81,1960.9,1973.52
2022-04-15,1974.28,1975.69,1973.05,1974.54
2022-04-18,1972.84,1998.6,1971.05,1978.5
2022-04-19,1979.19,1982.31,1943.8,1949.84
2022-04-20,1950.34,1958.57,1939.16,1957.41
2022-04-21,1957.84,1958.0,1936.79,1951.49
2022-04-22,1951.49,1955.93,1926.52,1929.73
2022-04-25,1931.09,1934.71,1891.05,1897.69
2022-04-26,1897.95,1911.5,1895.38,1905.56
2022-04-27,1905.45,1907.25,1881.39,1886.12
2022-04-28,1886.14,1897.32,1872.19,1894.34
2022-04-29,1894.43,1919.97,1892.25,1896.4
2022-05-02,1896.09,1900.1,1854.74,1862.77
2022-05-03,1863.05,1878.19,1850.33,1867.79
2022-05-04,1868.04,1889.74,1861.17,1880.92
2022-05-05,1881.47,1910.03,1872.48,1876.84
2022-05-06,1877.3,1892.93,1865.84,1882.96
2022-05-09,1883.8,1885.95,1851.36,1853.92
2022-05-10,1853.74,1865.76,1835.46,1838.14
2022-05-11,1838.41,1857.99,1831.83,1852.12
2022-05-12,1852.58,1859.3,1820.93,1821.72
2022-05-13,1822.48,1829.06,1799.24,1811.15
2022-05-16,1811.05,1827.23,1786.95,1823.79
2022-05-17,1824.18,1836.55,1812.68,1814.67
2022-05-18,1815.2,1825.02,1807.3,1815.61
2022-05-19,1816.6,1849.46,1810.55,1841.72
2022-05-20,1842.12,1849.59,1832.35,1845.68
2022-05-23,1846.53,1865.65,1844.08,1853.22
2022-05-24,1853.59,1869.99,1849.06,1865.9
2022-05-25,1865.09,1868.4,1842.94,1852.83
2022-05-26,1853.48,1854.71,1841.14,1850.02
2022-05-27,1850.48,1862.3,1847.76,1852.73
2022-05-30,1852.19,1864.34,1847.92,1856.21
2022-05-31,1856.4,1857.69,1834.9,1837.09
2022-06-01,1837.37,1850.4,1828.28,1845.55
2022-06-02,1846.44,1870.69,1843.76,1868.13
2022-06-03,1868.53,1874.3,1847.02,1850.77
2022-06-06,1850.29,1858.15,1840.5,1841.0
2022-06-07,1841.6,1855.86,1836.73,1851.97
2022-06-08,1852.51,1859.9,1844.35,1853.26
2022-06-09,1853.53,1855.52,1839.6,1847.61
2022-06-10,1848.09,1876.47,1825.02,1870.96
2022-06-13,1875.8,1877.38,1818.9,1818.77
2022-06-14,1819.1,1832.19,1804.65,1808.1
2022-06-15,1808.35,1841.74,1807.24,1833.38
2022-06-16,1833.99,1857.91,1815.95,1856.71
2022-06-17,1857.34,1858.29,1833.72,1839.35
2022-06-20,1840.4,1846.42,1834.49,1838.29
2022-06-21,1838.37,1844.15,1828.29,1832.56
2022-06-22,1832.96,1848.44,1823.23,1837.39
2022-06-23,1837.87,1846.19,1821.88,1822.43
2022-06-24,1822.88,1832.15,1816.7,1826.18
2022-06-27,1838.15,1841.34,1820.4,1822.73
2022-06-28,1822.85,1830.09,1818.2,1819.69
2022-06-29,1819.95,1833.24,1812.1,1817.11
2022-06-30,1817.8,1825.9,1802.2,1806.89
2022-07-01,1807.31,1812.09,1784.1,1810.18
2022-07-04,1812.27,1814.36,1803.45,1809.12
2022-07-05,1808.74,1812.42,1763.48,1764.35
2022-07-06,1764.87,1773.06,1731.75,1738.3
2022-07-07,1738.93,1749.14,1735.95,1739.61
2022-07-08,1740.05,1752.5,1733.24,1741.82
2022-07-11,1742.86,1744.92,1731.01,1733.67
2022-07-12,1733.99,1743.49,1722.93,1725.81
2022-07-13,1726.17,1745.54,1707.38,1735.23
2022-07-14,1735.7,1736.94,1697.48,1709.45
2022-07-15,1709.81,1716.92,1698.82,1706.78
2022-07-18,1707.94,1724.05,1705.89,1709.01
2022-07-19,1709.27,1718.64,1704.96,1711.07
2022-07-20,1711.3,1714.94,1692.53,1696.43
2022-07-21,1696.73,1720.69,1680.78,1718.49
2022-07-22,1718.61,1739.28,1712.93,1726.46
2022-07-25,1728.15,1736.43,1714.57,1718.78
2022-07-26,1719.69,1728.36,1713.2,1717.0
2022-07-27,1717.41,1740.6,1711.46,1733.89
2022-07-28,1734.61,1757.43,1733.59,1755.11
2022-07-29,1755.81,1768.17,1752.19,1765.22
2022-08-01,1765.05,1775.22,1758.05,1771.73
2022-08-02,1772.23,1788.24,1759.86,1759.75
2022-08-03,1760.53,1772.9,1754.33,1764.9
2022-08-04,1765.34,1795.29,1763.0,1790.97
2022-08-05,1791.16,1795.29,1764.88,1774.15
2022-08-08,1773.57,1790.26,1770.94,1788.52
2022-08-09,1789.21,1800.45,1782.85,1794.08
2022-08-10,1794.21,1807.9,1787.32,1792.13
2022-08-11,1792.39,1799.4,1783.24,1789.45
2022-08-12,1790.06,1802.86,1784.52,1801.76
2022-08-15,1802.05,1802.53,1772.75,1778.91
2022-08-16,1779.74,1783.37,1771.33,1775.54
2022-08-17,1775.98,1782.63,1759.58,1761.05
2022-08-18,1761.63,1772.59,1755.37,1758.2
2022-08-19,1759.3,1759.88,1745.19,1747.83
2022-08-22,1747.05,1749.31,1727.51,1735.7
2022-08-23,1736.4,1754.28,1730.52,1747.67
2022-08-24,1748.55,1755.88,1742.29,1750.89
2022-08-25,1751.55,1765.93,1749.71,1758.44
2022-08-26,1758.55,1759.31,1733.83,1736.86
2022-08-29,1736.19,1745.63,1720.08,1737.82
2022-08-30,1738.36,1740.93,1720.85,1723.55
2022-08-31,1723.83,1726.86,1709.1,1710.7
2022-09-01,1711.09,1711.81,1688.35,1696.09
2022-09-02,1696.35,1718.31,1694.64,1711.44
2022-09-05,1712.99,1716.34,1707.47,1710.21
2022-09-06,1710.56,1727.24,1699.3,1701.15
2022-09-07,1701.61,1719.82,1690.9,1717.69
2022-09-08,1718.4,1728.8,1703.5,1707.28
2022-09-09,1708.84,1729.94,1708.22,1716.05
2022-09-12,1717.05,1735.37,1711.97,1724.07
2022-09-13,1724.75,1732.34,1696.7,1701.55
2022-09-14,1701.86,1707.49,1693.26,1695.8
2022-09-15,1696.06,1698.62,1660.04,1663.74
2022-09-16,1664.27,1680.69,1653.85,1674.94
2022-09-19,1675.44,1680.16,1659.67,1675.78
2022-09-20,1675.47,1679.34,1659.6,1663.11
2022-09-21,1663.67,1688.15,1654.15,1673.74
2022-09-22,1675.06,1685.49,1655.53,1670.53
2022-09-23,1671.55,1676.59,1639.59,1643.09
2022-09-26,1645.4,1650.02,1620.8,1621.57
2022-09-27,1621.99,1642.94,1621.77,1628.8
2022-09-28,1629.26,1663.17,1614.35,1659.44
2022-09-29,1659.88,1665.12,1641.05,1660.29
2022-09-30,1661.13,1675.57,1658.93,1659.67
2022-10-03,1661.3,1701.8,1659.1,1699.22
2022-10-04,1699.4,1729.73,1694.73,1726.24
2022-10-05,1726.42,1728.1,1700.15,1715.81
2022-10-06,1716.06,1726.09,1706.53,1710.85
2022-10-07,1711.1,1715.4,1690.35,1694.52
2022-10-10,1696.8,1700.33,1665.3,1667.96
2022-10-11,1668.4,1684.44,1660.45,1665.31
2022-10-12,1666.49,1678.9,1660.95,1672.51
2022-10-13,1673.3,1682.84,1642.25,1665.8
2022-10-14,1665.9,1672.02,1639.9,1641.76
2022-10-17,1644.09,1668.69,1643.69,1649.94
2022-10-18,1650.49,1661.27,1645.61,1651.83
2022-10-19,1651.99,1654.9,1627.25,1628.49
2022-10-20,1629.93,1645.83,1621.93,1627.66
2022-10-21,1628.1,1659.08,1617.21,1656.66
2022-10-24,1658.19,1670.55,1643.64,1648.6
2022-10-25,1649.7,1662.89,1637.82,1652.52
2022-10-26,1653.21,1675.12,1649.15,1664.49
2022-10-27,1664.5,1671.09,1654.81,1662.94
2022-10-28,1663.3,1667.44,1637.39,1641.76
2022-10-31,1643.69,1645.8,1631.77,1633.12
2022-11-01,1633.4,1657.13,1630.93,1647.5
2022-11-02,1647.77,1669.6,1634.4,1634.89
2022-11-03,1635.8,1641.32,1616.18,1629.15
2022-11-04,1629.4,1682.17,1628.23,1680.27
2022-11-07,1681.3,1682.08,1666.44,1674.68
2022-11-08,1674.75,1717.31,1664.32,1712.52
2022-11-09,1712.6,1722.94,1701.79,1706.32
2022-11-10,1706.4,1757.59,1703.32,1754.75
2022-11-11,1754.92,1773.17,1746.85,1770.69
2022-11-14,1771.42,1775.36,1752.9,1771.8
2022-11-15,1771.88,1786.68,1766.56,1778.25
2022-11-16,1778.34,1785.49,1769.82,1773.77
2022-11-17,1773.82,1775.2,1754.13,1760.87
2022-11-18,1760.74,1767.98,1747.04,1749.74
2022-11-21,1750.82,1753.52,1732.03,1737.81
2022-11-22,1738.48,1749.98,1736.61,1740.24
2022-11-23,1740.3,1753.54,1728.25,1749.28
2022-11-24,1749.53,1759.08,1749.03,1754.96
2022-11-25,1756.48,1761.58,1745.46,1756.14
2022-11-28,1755.0,1764.08,1739.14,1740.75
2022-11-29,1740.82,1759.33,1738.98,1749.73
2022-11-30,1749.82,1770.39,1744.41,1768.45
2022-12-01,1768.54,1804.32,1767.36,1802.89
2022-12-02,1803.15,1804.93,1778.26,1797.82
2022-12-05,1797.92,1810.33,1765.32,1768.39
2022-12-06,1768.67,1781.46,1765.72,1770.91
2022-12-07,1771.14,1790.92,1768.32,1786.22
2022-12-08,1786.29,1795.18,1780.96,1789.23
2022-12-09,1789.3,1806.45,1787.96,1796.63
2022-12-12,1797.35,1798.0,1777.22,1781.15
2022-12-13,1781.21,1824.87,1779.81,1810.29
2022-12-14,1810.49,1814.19,1796.07,1807.27
2022-12-15,1807.4,1809.09,1772.0,1776.66
2022-12-16,1776.72,1794.69,1773.89,1792.34
2022-12-19,1793.13,1799.1,1783.48,1787.44
2022-12-20,1787.49,1821.6,1784.21,1817.41
2022-12-21,1818.06,1824.39,1811.24,1814.13
2022-12-22,1814.2,1821.1,1784.11,1792.57
2022-12-23,1792.65,1803.6,1789.62,1797.91
2022-12-26,1798.57,1798.78,1798.04,1797.61
2022-12-27,1796.67,1833.39,1796.2,1813.93
2022-12-28,1814.0,1815.18,1796.56,1804.09
2022-12-29,1804.16,1820.52,1802.02,1814.89
2022-12-30,1815.14,1826.73,1809.84,1824.4
2023-01-02,1823.85,1823.94,1823.85,1823.69
2023-01-03,1826.14,1850.69,1824.42,1839.49
2023-01-04,1839.51,1865.49,1835.92,1854.09
2023-01-05,1854.19,1859.36,1824.68,1833.19
2023-01-06,1833.27,1870.37,1830.53,1865.71
2023-01-09,1865.45,1881.8,1864.59,1871.59
2023-01-10,1871.66,1881.04,1867.37,1877.27
2023-01-11,1877.3,1887.09,1866.75,1876.38
2023-01-12,1876.43,1901.88,1873.64,1896.86
2023-01-13,1897.03,1922.24,1891.8,1920.21
2023-01-16,1920.39,1929.24,1910.74,1918.0
2023-01-17,1917.81,1919.83,1903.51,1908.39
2023-01-18,1908.46,1926.3,1896.56,1903.76
2023-01-19,1903.83,1935.4,1900.48,1931.39
2023-01-20,1931.48,1937.72,1920.58,1926.57
2023-01-23,1926.2,1935.69,1911.44,1931.3
2023-01-24,1931.35,1942.93,1916.82,1937.45
2023-01-25,1937.54,1948.12,1919.88,1945.93
2023-01-26,1946.09,1949.27,1918.74,1928.99
2023-01-27,1929.4,1935.15,1916.65,1927.34
2023-01-30,1928.4,1934.61,1920.58,1922.52
2023-01-31,1922.82,1931.15,1900.74,1927.88
2023-02-01,1927.92,1954.63,1920.56,1950.42
2023-02-02,1950.54,1959.77,1911.33,1912.37
2023-02-03,1912.57,1918.72,1861.41,1865.53
2023-02-06,1865.17,1881.54,1860.39,1867.36
2023-02-07,1867.39,1884.45,1864.94,1873.81
2023-02-08,1874.05,1886.28,1867.4,1875.59
2023-02-09,1875.64,1890.69,1858.89,1861.39
2023-02-10,1861.68,1872.31,1852.69,1864.67
2023-02-13,1865.69,1866.83,1850.42,1853.39
2023-02-14,1853.67,1871.03,1843.2,1854.29
2023-02-15,1854.35,1860.18,1830.2,1836.19
2023-02-16,1836.56,1845.45,1827.18,1837.44
2023-02-17,1837.52,1843.77,1818.34,1841.59
2023-02-20,1842.73,1847.86,1837.09,1841.14
2023-02-21,1841.71,1844.44,1829.7,1834.32
2023-02-22,1834.71,1846.26,1823.05,1825.04
2023-02-23,1825.12,1834.43,1817.55,1822.64
2023-02-24,1822.74,1827.98,1808.91,1810.81
2023-02-27,1812.01,1820.22,1806.68,1817.31
2023-02-28,1817.38,1831.27,1804.65,1827.15
2023-03-01,1827.24,1845.05,1823.05,1836.81
2023-03-02,1837.2,1838.94,1829.44,1836.0
2023-03-03,1836.1,1856.47,1834.51,1854.97
2023-03-06,1855.35,1858.84,1845.08,1846.85
2023-03-07,1846.92,1852.26,1812.72,1813.52
2023-03-08,1813.61,1824.38,1809.4,1813.59
2023-03-09,1813.65,1835.56,1811.84,1830.89
2023-03-10,1830.96,1870.28,1827.71,1867.83
2023-03-13,1869.01,1914.79,1869.01,1913.23
2023-03-14,1913.19,1914.52,1895.17,1902.12
2023-03-15,1903.91,1937.46,1885.78,1918.1
2023-03-16,1920.54,1934.12,1907.55,1919.12
2023-03-17,1920.0,1989.8,1918.33,1987.93
2023-03-20,1987.59,2010.19,1965.77,1978.71
2023-03-21,1979.17,1985.3,1935.41,1940.15
2023-03-22,1940.44,1978.93,1934.33,1969.58
2023-03-23,1967.91,2003.43,1964.39,1993.5
2023-03-24,1993.99,2003.19,1975.18,1977.22
2023-03-27,1977.66,1979.89,1943.68,1956.56
2023-03-28,1957.23,1975.45,1948.66,1973.69
2023-03-29,1972.82,1974.64,1958.62,1964.04
2023-03-30,1962.58,1984.4,1955.44,1980.25
2023-03-31,1978.62,1987.84,1966.89,1967.9
2023-04-03,1970.84,1990.64,1949.82,1984.11
2023-04-04,1984.59,2025.19,1977.01,2019.97
2023-04-05,2020.44,2032.2,2009.99,2020.35
2023-04-06,2020.13,2021.63,2000.88,2008.02
2023-04-10,2008.3,2011.17,1981.59,1989.95
2023-04-11,1990.36,2007.58,1988.72,2003.14
2023-04-12,2003.67,2028.4,2001.18,2014.67
2023-04-13,2014.0,2048.84,2012.45,2039.73
2023-04-14,2040.4,2047.6,1992.41,2003.04
2023-04-17,2001.85,2015.13,1981.34,1994.77
2023-04-18,1995.19,2011.98,1991.33,2004.93
2023-04-19,2007.49,2008.33,1969.28,1993.26
2023-04-20,1993.58,2012.74,1990.49,2004.34
2023-04-21,2004.29,2005.75,1971.65,1982.89
2023-04-24,1981.34,1990.97,1974.19,1988.88
2023-04-25,1991.45,2003.9,1976.14,1997.87
2023-04-26,2000.63,2009.51,1983.43,1989.48
2023-04-27,1987.58,2003.45,1973.8,1987.87
2023-04-28,1986.75,1995.13,1976.08,1989.65
2023-05-01,1991.34,2006.05,1977.05,1982.05
2023-05-02,1982.81,2019.54,1978.38,2016.28
2023-05-03,2014.8,2040.69,2007.96,2039.02
2023-05-04,2036.86,2073.29,2030.34,2051.11
2023-05-05,2051.73,2053.13,1999.3,2016.54
2023-05-08,2015.95,2029.63,2014.1,2021.39
2023-05-09,2022.24,2037.7,2019.5,2034.17
2023-05-10,2034.19,2048.22,2021.57,2029.51
2023-05-11,2030.56,2041.44,2011.19,2015.55
2023-05-12,2015.19,2022.56,2001.05,2011.15
2023-05-15,2011.72,2022.2,2007.28,2020.6
2023-05-16,2015.9,2018.94,1985.47,1988.6
2023-05-17,1988.94,1993.13,1974.8,1981.72
2023-05-18,1981.52,1986.12,1951.97,1958.05
2023-05-19,1957.4,1984.09,1954.05,1976.56
2023-05-22,1977.8,1982.66,1968.4,1969.43
2023-05-23,1971.99,1977.8,1954.29,1974.73
2023-05-24,1975.19,1985.3,1956.51,1957.01
2023-05-25,1958.13,1964.95,1938.86,1940.34
2023-05-26,1940.69,1957.4,1936.84,1946.33
2023-05-29,1944.09,1949.75,1940.3,1942.84
2023-05-30,1944.19,1963.63,1932.08,1959.14
2023-05-31,1959.3,1975.34,1953.67,1962.3
2023-06-01,1962.8,1983.27,1953.43,1977.88
2023-06-02,1978.14,1983.52,1947.67,1947.63
2023-06-05,1947.59,1964.13,1938.14,1961.76
2023-06-06,1962.11,1966.85,1954.0,1962.85
2023-06-07,1963.59,1970.26,1939.8,1939.63
2023-06-08,1940.59,1970.5,1939.81,1967.76
2023-06-09,1968.1,1973.09,1956.73,1960.6
2023-06-12,1960.25,1967.55,1948.8,1956.92
2023-06-13,1957.69,1970.74,1939.99,1943.33
2023-06-14,1943.49,1960.41,1939.73,1942.99
2023-06-15,1943.44,1960.34,1925.3,1957.65
2023-06-16,1957.68,1968.0,1953.42,1957.36
2023-06-19,1957.99,1958.93,1947.8,1950.12
2023-06-20,1950.9,1956.87,1929.77,1935.91
2023-06-21,1935.42,1939.55,1919.34,1932.26
2023-06-22,1932.09,1935.0,1912.34,1913.52
2023-06-23,1913.8,1937.1,1910.24,1921.36
2023-06-26,1924.3,1933.48,1921.59,1922.85
2023-06-27,1923.21,1930.85,1911.19,1913.35
2023-06-28,1913.59,1917.24,1902.84,1907.42
2023-06-29,1908.8,1913.15,1893.01,1908.15
2023-06-30,1908.53,1922.9,1900.56,1919.57
2023-07-03,1919.4,1931.09,1910.1,1921.43
2023-07-04,1921.78,1930.84,1919.9,1925.09
2023-07-05,1925.9,1935.17,1914.48,1917.32
2023-07-06,1916.05,1927.69,1902.68,1910.8
2023-07-07,1911.07,1934.92,1909.56,1924.28
2023-07-10,1925.19,1928.31,1912.68,1924.99
2023-07-11,1925.4,1938.69,1924.4,1931.99
2023-07-12,1932.59,1959.82,1932.18,1957.09
2023-07-13,1957.44,1963.69,1952.71,1960.19
2023-07-14,1961.58,1963.81,1951.0,1954.93
2023-07-17,1954.9,1959.91,1945.82,1954.74
2023-07-18,1954.59,1984.39,1954.44,1978.71
2023-07-19,1978.97,1981.05,1969.75,1977.25
2023-07-20,1976.8,1987.59,1965.4,1969.62
2023-07-21,1969.99,1973.89,1956.82,1960.23
2023-07-24,1962.09,1967.97,1953.42,1954.51
2023-07-25,1955.2,1966.03,1953.21,1964.58
2023-07-26,1964.99,1978.31,1961.99,1972.1
2023-07-27,1972.08,1982.24,1942.61,1944.99
2023-07-28,1944.27,1963.71,1944.27,1959.2
2023-07-31,1959.49,1972.44,1951.0,1964.19
2023-08-01,1965.1,1966.24,1941.2,1944.08
2023-08-02,1945.74,1955.4,1933.0,1933.56
2023-08-03,1934.66,1939.03,1929.55,1933.74
2023-08-04,1934.12,1947.19,1929.75,1941.62
2023-08-07,1942.59,1946.81,1931.53,1936.39
2023-08-08,1936.76,1938.15,1922.5,1924.82
2023-08-09,1925.16,1932.48,1914.05,1914.59
2023-08-10,1914.94,1930.11,1911.73,1912.06
2023-08-11,1912.65,1921.15,1910.94,1913.32
2023-08-14,1913.67,1916.55,1902.2,1907.9
2023-08-15,1907.4,1912.19,1896.15,1901.56
2023-08-16,1901.59,1907.9,1891.3,1891.76
2023-08-17,1892.2,1903.9,1884.5,1888.89
2023-08-18,1889.49,1897.44,1886.2,1888.19
2023-08-21,1889.4,1899.05,1884.5,1893.94
2023-08-22,1895.09,1905.05,1888.6,1897.47
2023-08-23,1897.8,1920.94,1897.23,1914.31
2023-08-24,1914.15,1923.94,1911.35,1917.43
2023-08-25,1917.8,1923.09,1903.4,1914.53
2023-08-28,1916.09,1926.19,1912.83,1919.66
2023-08-29,1920.23,1938.41,1914.0,1937.12
2023-08-30,1937.48,1949.04,1934.94,1942.24
2023-08-31,1942.61,1948.19,1938.86,1939.74
2023-09-01,1940.19,1953.44,1934.59,1938.8
2023-09-04,1940.49,1946.42,1936.15,1938.19
2023-09-05,1938.59,1939.13,1925.22,1925.81
2023-09-06,1926.16,1929.8,1914.8,1916.28
2023-09-07,1916.86,1923.67,1916.1,1919.19
2023-09-08,1919.57,1930.19,1917.36,1917.81
2023-09-11,1919.16,1930.9,1916.9,1921.66
2023-09-12,1922.9,1925.05,1907.15,1913.26
2023-09-13,1913.55,1916.3,1905.5,1906.3
2023-09-14,1906.68,1912.99,1900.95,1910.32
2023-09-15,1910.9,1930.84,1909.74,1923.57
2023-09-18,1924.19,1934.61,1922.15,1933.14
2023-09-19,1933.68,1937.94,1929.71,1930.94
2023-09-20,1931.69,1947.8,1927.9,1929.68
2023-09-21,1930.99,1931.74,1913.4,1919.57
2023-09-22,1920.08,1929.65,1919.58,1924.99
2023-09-25,1925.24,1927.26,1915.0,1915.66
2023-09-26,1916.03,1916.89,1899.17,1900.49
2023-09-27,1900.69,1903.95,1872.47,1874.7
2023-09-28,1875.73,1880.15,1857.76,1864.56
2023-09-29,1865.43,1880.24,1846.34,1848.31
2023-10-02,1848.13,1849.06,1826.6,1827.4
2023-10-03,1827.96,1833.36,1814.7,1822.81
2023-10-04,1824.3,1831.05,1816.15,1821.08
2023-10-05,1820.49,1829.3,1812.7,1820.01
2023-10-06,1820.4,1834.97,1810.1,1832.26
2023-10-09,1832.74,1864.15,1832.63,1860.88
2023-10-10,1861.27,1865.65,1852.65,1860.09
2023-10-11,1859.99,1877.22,1858.6,1873.61
2023-10-12,1874.1,1885.3,1866.92,1868.65
2023-10-13,1869.02,1933.76,1868.94,1931.7
2023-10-16,1929.3,1931.8,1907.65,1919.44
2023-10-17,1920.14,1931.56,1911.85,1923.07
2023-10-18,1923.7,1962.74,1923.05,1947.69
2023-10-19,1947.99,1977.86,1945.18,1973.7
2023-10-20,1974.31,1997.27,1971.93,1981.04
2023-10-23,1972.9,1983.4,1964.36,1972.59
2023-10-24,1972.97,1980.99,1953.5,1970.11
2023-10-25,1971.36,1987.19,1963.34,1979.62
2023-10-26,1979.97,1994.05,1971.6,1984.82
2023-10-27,1985.17,2009.48,1976.35,2005.78
2023-10-30,2004.8,2007.37,1990.5,1995.88
2023-10-31,1996.0,2007.8,1978.9,1982.7
2023-11-01,1983.01,1992.09,1969.9,1982.15
2023-11-02,1983.53,1991.49,1978.9,1985.51
2023-11-03,1985.69,2004.06,1983.26,1992.27
2023-11-06,1992.3,1993.3,1977.52,1977.68
2023-11-07,1978.19,1978.75,1956.2,1968.4
2023-11-08,1968.84,1971.12,1947.48,1949.79
2023-11-09,1950.09,1965.69,1944.3,1958.19
2023-11-10,1958.4,1960.93,1933.18,1936.79
2023-11-13,1937.05,1949.27,1931.73,1945.89
2023-11-14,1946.19,1970.84,1943.4,1962.67
2023-11-15,1963.05,1975.59,1955.41,1959.09
2023-11-16,1959.44,1988.03,1956.49,1980.85
2023-11-17,1981.21,1993.94,1978.59,1980.01
2023-11-20,1980.39,1985.26,1965.2,1977.19
2023-11-21,1977.49,2007.52,1977.34,1998.37
2023-11-22,1998.69,2006.9,1986.89,1989.72
2023-11-23,1990.15,1999.19,1989.01,1991.79
2023-11-24,1994.06,2003.68,1991.4,2001.97
2023-11-27,2002.78,2018.14,2000.67,2013.64
2023-11-28,2013.94,2043.0,2011.6,2040.89
2023-11-29,2041.24,2052.09,2035.05,2044.59
2023-11-30,2044.8,2047.59,2031.84,2035.75
2023-12-01,2034.49,2075.34,2033.75,2070.9
2023-12-04,2071.25,2135.9,2020.34,2029.74
2023-12-05,2030.15,2041.33,2010.02,2019.42
2023-12-06,2019.74,2036.3,2017.27,2024.9
2023-12-07,2025.3,2039.93,2020.26,2028.34
2023-12-08,2028.69,2034.19,1994.74,2003.39
2023-12-11,2003.6,2008.72,1975.95,1981.3
2023-12-12,1981.59,1996.8,1977.19,1979.44
2023-12-13,1979.74,2027.55,1973.09,2026.39
2023-12-14,2026.59,2047.98,2024.33,2035.53
2023-12-15,2035.8,2045.55,2015.68,2018.19
2023-12-18,2020.09,2033.71,2015.99,2027.0
2023-12-19,2027.3,2047.07,2021.74,2040.12
2023-12-20,2040.34,2043.94,2029.37,2029.19
2023-12-21,2029.44,2046.07,2029.44,2045.49
2023-12-22,2045.84,2070.65,2045.65,2052.98
2023-12-25,2054.32,2058.36,2053.96,2054.93
2023-12-26,2055.73,2068.65,2053.59,2066.6
2023-12-27,2066.7,2084.59,2061.0,2077.16
2023-12-28,2077.34,2088.54,2065.89,2064.86
2023-12-29,2065.15,2075.15,2057.75,2062.59
2024-01-01,2064.24,2074.9,2063.3,2063.8
2024-01-02,2062.9,2079.02,2056.04,2058.88
2024-01-03,2059.15,2066.12,2030.68,2040.78
2024-01-04,2041.34,2051.4,2036.24,2043.26
2024-01-05,2043.69,2064.03,2024.49,2045.5
2024-01-08,2044.08,2046.71,2016.84,2027.84
2024-01-09,2028.4,2042.09,2026.11,2029.59
2024-01-10,2029.94,2040.44,2020.45,2023.4
2024-01-11,2023.74,2039.69,2013.32,2028.09
2024-01-12,2028.3,2062.35,2027.99,2048.72
2024-01-15,2048.09,2059.25,2045.8,2054.49
2024-01-16,2054.91,2055.65,2024.29,2027.59
2024-01-17,2027.9,2033.05,2001.91,2005.72
2024-01-18,2006.09,2023.45,2005.43,2022.67
2024-01-19,2023.05,2039.49,2020.37,2029.09
2024-01-22,2029.9,2032.28,2016.74,2020.99
2024-01-23,2021.24,2037.92,2019.59,2028.69
2024-01-24,2028.94,2036.74,2011.28,2012.59
2024-01-25,2012.84,2025.27,2010.15,2019.75
2024-01-26,2019.94,2026.8,2015.97,2018.34
2024-01-29,2019.4,2037.75,2017.38,2031.75
2024-01-30,2031.97,2048.48,2029.19,2036.12
2024-01-31,2036.58,2056.08,2031.0,2037.19
2024-02-01,2037.59,2065.42,2029.55,2054.89
2024-02-02,2055.09,2058.2,2027.45,2038.59
2024-02-05,2039.91,2042.32,2014.4,2024.67
2024-02-06,2024.99,2039.02,2022.55,2035.46
2024-02-07,2035.9,2044.65,2030.65,2034.22
2024-02-08,2034.55,2038.94,2019.75,2033.18
2024-02-09,2033.65,2037.44,2020.3,2024.16
2024-02-12,2024.53,2028.09,2011.91,2019.79
2024-02-13,2019.9,2030.05,1990.19,1992.13
2024-02-14,1992.55,1996.14,1984.3,1992.39
2024-02-15,1992.69,2008.49,1990.25,2004.09
2024-02-16,2004.4,2015.25,1995.26,2013.1
2024-02-19,2013.16,2023.34,2011.57,2017.63
2024-02-20,2017.99,2030.96,2015.02,2023.53
2024-02-21,2023.8,2032.22,2020.19,2024.99
2024-02-22,2025.24,2034.84,2019.7,2024.11
2024-02-23,2024.49,2041.43,2015.55,2035.72
2024-02-26,2034.49,2037.59,2025.1,2030.66
2024-02-27,2030.99,2039.99,2028.78,2029.64
2024-02-28,2030.05,2038.3,2024.56,2034.62
2024-02-29,2034.92,2050.79,2027.75,2043.24
2024-03-01,2043.44,2088.4,2038.55,2083.39
2024-03-04,2082.09,2119.95,2079.45,2114.99
2024-03-05,2115.15,2142.15,2110.52,2127.55
2024-03-06,2127.95,2152.29,2123.65,2148.29
2024-03-07,2148.54,2164.54,2144.29,2159.16
2024-03-08,2159.4,2195.2,2154.08,2177.51
2024-03-11,2177.71,2189.04,2174.8,2182.47
2024-03-12,2183.0,2184.86,2150.59,2157.99
2024-03-13,2158.25,2179.91,2155.54,2174.4
2024-03-14,2174.29,2177.1,2152.86,2161.01
2024-03-15,2162.4,2173.25,2155.19,2155.54
2024-03-18,2156.0,2163.64,2146.05,2159.99
2024-03-19,2160.7,2162.93,2146.9,2157.23
2024-03-20,2158.29,2188.9,2149.6,2185.96
2024-03-21,2186.0,2222.9,2166.5,2180.81
2024-03-22,2181.5,2186.25,2157.15,2164.15
2024-03-25,2165.79,2181.3,2163.5,2171.45
2024-03-26,2171.82,2200.15,2167.75,2178.58
2024-03-27,2179.03,2197.71,2173.59,2194.02
2024-03-28,2194.19,2235.9,2187.33,2232.38
2024-04-01,2239.59,2265.86,2228.54,2250.36
2024-04-02,2250.88,2281.17,2246.79,2280.1
2024-04-03,2279.57,2301.22,2265.5,2299.17
2024-04-04,2299.62,2305.31,2280.15,2289.43
2024-04-05,2289.88,2330.34,2267.85,2329.5
2024-04-08,2322.0,2354.09,2302.86,2338.89
2024-04-09,2339.24,2365.34,2336.94,2352.58
2024-04-10,2352.91,2360.15,2319.54,2332.79
2024-04-11,2333.17,2377.8,2325.84,2373.24
2024-04-12,2373.59,2431.53,2333.9,2343.43
2024-04-15,2343.86,2387.59,2324.59,2382.51
2024-04-16,2382.86,2398.34,2362.95,2382.83
2024-04-17,2383.2,2395.63,2354.84,2360.81
2024-04-18,2360.74,2392.84,2360.7,2378.25
2024-04-19,2378.6,2417.79,2372.96,2390.45
2024-04-22,2388.2,2388.72,2325.29,2326.29
2024-04-23,2326.62,2334.48,2291.4,2321.81
2024-04-24,2322.19,2337.16,2311.9,2315.82
2024-04-25,2316.2,2344.86,2305.28,2331.78
2024-04-26,2332.16,2352.62,2326.3,2337.72
2024-04-29,2337.5,2346.85,2320.08,2334.44
2024-04-30,2335.1,2336.54,2284.94,2285.57
2024-05-01,2285.91,2328.4,2281.66,2317.9
2024-05-02,2319.89,2326.57,2285.58,2303.29
2024-05-03,2303.2,2321.64,2277.47,2301.56
2024-05-06,2302.5,2331.99,2291.79,2323.57
2024-05-07,2322.5,2330.06,2310.06,2313.79
2024-05-08,2314.7,2321.56,2303.85,2308.65
2024-05-09,2309.04,2347.59,2306.67,2345.88
2024-05-10,2346.26,2378.45,2345.25,2360.14
2024-05-13,2362.7,2364.94,2332.34,2336.05
2024-05-14,2338.2,2359.83,2334.55,2357.97
2024-05-15,2358.2,2390.36,2351.82,2386.04
2024-05-16,2386.42,2397.44,2371.01,2376.44
2024-05-17,2376.81,2422.87,2373.96,2414.89
2024-05-20,2415.02,2450.13,2407.34,2425.12
2024-05-21,2426.84,2434.0,2406.32,2421.64
2024-05-22,2423.75,2426.64,2374.98,2378.25
2024-05-23,2378.6,2383.86,2327.0,2328.37
2024-05-24,2328.4,2347.54,2325.4,2333.76
2024-05-27,2334.5,2358.56,2332.36,2350.74
2024-05-28,2352.29,2364.12,2340.17,2360.95
2024-05-29,2361.0,2362.86,2334.75,2338.77
2024-05-30,2339.67,2351.83,2322.72,2343.0
2024-05-31,2345.07,2353.24,2323.96,2326.97
2024-06-03,2329.61,2354.82,2314.76,2350.35
2024-06-04,2349.0,2351.76,2315.53,2327.68
2024-06-05,2328.0,2358.07,2325.88,2354.78
2024-06-06,2355.16,2378.57,2353.6,2375.61
2024-06-07,2376.5,2387.85,2286.77,2292.71
2024-06-10,2296.0,2313.87,2287.31,2310.6
2024-06-11,2311.0,2320.17,2297.69,2316.27
2024-06-12,2315.53,2341.7,2310.8,2322.55
2024-06-13,2325.7,2326.7,2295.68,2303.19
2024-06-14,2302.52,2336.87,2301.35,2332.52
2024-06-17,2332.2,2333.48,2310.02,2318.87
2024-06-18,2319.38,2333.25,2306.63,2328.33
2024-06-19,2329.79,2335.1,2323.84,2327.48
2024-06-20,2329.15,2365.52,2327.3,2359.63
2024-06-21,2360.3,2368.85,2316.76,2320.34
2024-06-24,2321.6,2335.02,2317.37,2332.93
2024-06-25,2333.25,2337.26,2315.56,2319.01
2024-06-26,2320.0,2323.95,2293.7,2297.91
2024-06-27,2299.8,2331.0,2296.5,2327.45
2024-06-28,2327.75,2339.79,2319.15,2325.71
2024-07-01,2326.46,2338.72,2318.55,2331.7
2024-07-02,2332.05,2336.9,2319.24,2329.28
2024-07-03,2328.0,2365.06,2326.93,2356.06
2024-07-04,2353.7,2362.64,2350.76,2356.12
2024-07-05,2358.01,2393.04,2354.03,2391.46
2024-07-08,2391.77,2391.85,2351.16,2358.8
2024-07-09,2358.6,2371.52,2349.59,2363.58
2024-07-10,2363.8,2386.75,2362.73,2371.07
2024-07-11,2371.58,2424.62,2370.83,2414.78
2024-07-12,2416.47,2418.37,2391.52,2411.27
2024-07-15,2409.5,2439.74,2401.35,2422.07
2024-07-16,2424.8,2469.91,2423.54,2468.57
2024-07-17,2476.22,2483.78,2451.6,2458.38
2024-07-18,2460.13,2475.02,2440.41,2444.97
2024-07-19,2445.34,2446.29,2393.92,2400.79
2024-07-22,2400.41,2412.32,2384.0,2397.65
2024-07-23,2396.8,2412.15,2388.26,2409.21
2024-07-24,2408.94,2432.05,2396.5,2397.59
2024-07-25,2398.49,2401.32,2353.19,2364.5
2024-07-26,2364.3,2390.82,2355.89,2385.57
2024-07-29,2387.2,2403.23,2369.77,2383.54
2024-07-30,2383.66,2413.0,2376.51,2408.43
2024-07-31,2410.09,2451.0,2410.17,2448.1
2024-08-01,2448.1,2462.4,2430.25,2445.42
2024-08-02,2445.16,2477.72,2410.83,2443.29
2024-08-05,2443.27,2458.8,2364.4,2407.65
2024-08-06,2410.01,2418.35,2381.79,2389.37
2024-08-07,2389.67,2407.05,2379.05,2381.53
2024-08-08,2382.43,2427.8,2380.7,2426.75
2024-08-09,2427.29,2437.15,2416.93,2430.93
2024-08-12,2431.21,2473.48,2423.84,2472.25
2024-08-13,2472.64,2477.02,2458.5,2465.03
2024-08-14,2467.4,2478.49,2438.12,2447.64
2024-08-15,2448.15,2470.25,2432.19,2456.1
2024-08-16,2456.57,2509.89,2450.76,2507.28
2024-08-19,2508.4,2510.45,2485.83,2503.92
2024-08-20,2501.55,2532.05,2497.33,2513.74
2024-08-21,2512.82,2520.09,2494.15,2511.95
2024-08-22,2512.5,2514.82,2470.86,2483.29
2024-08-23,2482.2,2518.45,2481.2,2512.07
2024-08-26,2511.43,2527.76,2508.71,2516.89
2024-08-27,2518.3,2526.27,2503.41,2524.57
2024-08-28,2522.74,2529.15,2493.66,2502.25
2024-08-29,2504.65,2528.77,2503.65,2521.18
2024-08-30,2520.89,2527.07,2494.36,2503.03
2024-09-02,2502.74,2507.5,2490.14,2499.29
2024-09-03,2500.5,2506.44,2473.25,2492.76
2024-09-04,2492.94,2500.2,2471.95,2494.19
2024-09-05,2495.5,2523.54,2493.76,2516.32
2024-09-06,2516.9,2529.3,2485.15,2497.03
2024-09-09,2497.32,2507.42,2485.6,2505.25
2024-09-10,2506.84,2518.57,2500.16,2516.12
2024-09-11,2515.7,2529.4,2501.01,2511.44
2024-09-12,2512.02,2560.21,2511.02,2558.75
2024-09-13,2556.52,2586.18,2556.52,2576.5
2024-09-16,2578.06,2589.78,2575.4,2582.58
2024-09-17,2582.46,2587.01,2560.84,2569.52
2024-09-18,2571.73,2600.21,2546.98,2558.8
2024-09-19,2559.07,2594.89,2551.26,2586.48
2024-09-20,2587.5,2625.79,2584.81,2621.96
2024-09-23,2621.81,2635.54,2613.6,2628.4
2024-09-24,2628.92,2664.47,2622.58,2656.7
2024-09-25,2655.9,2670.6,2649.84,2656.82
2024-09-26,2657.32,2685.96,2654.56,2670.2
2024-09-27,2669.5,2674.4,2643.15,2657.97
2024-09-30,2658.3,2666.11,2624.78,2634.49
2024-10-01,2635.41,2673.2,2631.98,2662.82
2024-10-02,2661.15,2663.85,2641.18,2657.75
2024-10-03,2658.66,2663.4,2639.73,2655.9
2024-10-04,2654.39,2670.15,2632.0,2652.25
2024-10-07,2651.2,2659.91,2637.7,2643.58
2024-10-08,2643.5,2653.09,2604.79,2621.94
2024-10-09,2620.19,2624.65,2605.18,2607.77
2024-10-10,2608.14,2631.63,2604.15,2629.48
2024-10-11,2630.8,2661.55,2627.65,2656.0
2024-10-14,2657.21,2666.94,2643.16,2651.05
2024-10-15,2651.75,2669.07,2638.31,2660.99
2024-10-16,2663.0,2685.73,2658.71,2673.24
2024-10-17,2674.05,2696.8,2673.0,2692.55
2024-10-18,2692.41,2722.87,2691.48,2720.25
2024-10-21,2721.71,2740.61,2714.23,2719.65
2024-10-22,2720.0,2749.47,2718.93,2748.38
2024-10-23,2749.52,2758.53,2708.79,2717.54
2024-10-24,2717.99,2743.38,2715.72,2735.7
2024-10-25,2736.1,2747.97,2716.97,2747.69
2024-10-28,2734.84,2746.06,2724.72,2741.98
2024-10-29,2743.7,2775.89,2739.82,2775.13
2024-10-30,2775.01,2790.09,2770.65,2786.19
2024-10-31,2787.75,2790.41,2731.65,2743.8
2024-11-01,2742.5,2762.29,2733.2,2735.16
2024-11-04,2734.1,2748.3,2729.78,2736.39
2024-11-05,2736.58,2750.06,2724.75,2743.59
2024-11-06,2743.88,2749.8,2652.44,2659.24
2024-11-07,2659.36,2710.2,2643.5,2706.99
2024-11-08,2707.37,2710.51,2680.36,2683.77
2024-11-11,2684.81,2686.51,2610.62,2620.2
2024-11-12,2620.31,2627.24,2589.79,2597.27
2024-11-13,2597.41,2618.97,2573.0,2573.78
2024-11-14,2573.91,2581.61,2536.91,2566.19
2024-11-15,2566.54,2576.09,2554.58,2561.24
2024-11-18,2561.59,2615.17,2561.59,2612.2
2024-11-19,2612.29,2639.69,2610.25,2631.68
2024-11-20,2631.8,2655.5,2618.7,2650.05
2024-11-21,2650.19,2673.86,2647.95,2669.69
2024-11-22,2669.84,2712.91,2667.38,2712.55
2024-11-25,2715.1,2721.43,2615.7,2625.26
2024-11-26,2625.38,2642.05,2605.29,2631.89
2024-11-27,2632.16,2658.4,2627.06,2635.51
2024-11-28,2635.74,2650.12,2620.95,2640.96
2024-11-29,2641.2,2666.35,2634.11,2653.55
2024-12-02,2653.82,2656.21,2621.9,2638.93
2024-12-03,2639.05,2655.71,2634.12,2643.44
2024-12-04,2643.57,2657.36,2632.5,2649.79
2024-12-05,2649.92,2655.62,2623.55,2632.05
2024-12-06,2632.18,2645.69,2613.57,2632.91
2024-12-09,2635.52,2676.52,2627.47,2658.78
2024-12-10,2658.82,2695.79,2657.95,2693.64
2024-12-11,2693.76,2721.35,2674.58,2717.93
2024-12-12,2718.07,2726.31,2675.04,2681.33
2024-12-13,2681.47,2693.02,2645.9,2648.39
2024-12-16,2649.1,2664.83,2643.34,2652.5
2024-12-17,2652.63,2659.22,2633.0,2645.54
2024-12-18,2645.68,2652.08,2586.52,2587.63
2024-12-19,2587.87,2626.73,2583.49,2593.85
2024-12-20,2593.97,2631.92,2589.56,2620.77
2024-12-23,2622.24,2633.6,2607.97,2612.93
2024-12-24,2613.07,2621.83,2609.92,2613.2
2024-12-26,2619.79,2639.4,2614.13,2634.43
2024-12-27,2634.59,2638.74,2611.3,2620.0
2024-12-30,2620.3,2628.61,2595.9,2605.39
2024-12-31,2606.13,2627.85,2602.5,2623.81
2025-01-02,2626.6,2660.85,2621.51,2657.16
2025-01-03,2657.29,2665.47,2636.4,2639.12
2025-01-06,2641.0,2649.62,2614.6,2635.33
2025-01-07,2636.02,2664.54,2632.57,2649.49
2025-01-08,2649.85,2670.6,2645.03,2662.06
2025-01-09,2662.2,2675.42,2662.35,2670.19
2025-01-10,2670.74,2698.57,2663.65,2689.63
2025-01-13,2689.35,2693.77,2656.73,2662.12
2025-01-14,2662.53,2678.44,2659.79,2677.16
2025-01-15,2677.29,2697.85,2669.04,2695.82
2025-01-16,2695.96,2724.86,2690.0,2713.77
2025-01-17,2713.85,2717.73,2698.41,2701.55
2025-01-20,2702.51,2714.4,2689.32,2708.06
2025-01-21,2709.01,2746.88,2702.49,2744.39
2025-01-22,2745.08,2763.72,2741.83,2755.02
2025-01-23,2755.96,2759.06,2735.85,2753.69
2025-01-24,2754.06,2786.04,2752.56,2771.3
2025-01-27,2770.7,2773.02,2729.8,2741.1
2025-01-28,2742.57,2765.18,2734.68,2763.11
2025-01-29,2763.48,2766.53,2744.71,2757.71
2025-01-30,2757.9,2798.8,2757.24,2793.88
2025-01-31,2794.04,2817.57,2790.78,2801.0
2025-02-03,2801.4,2831.7,2771.69,2813.49
2025-02-04,2814.8,2845.57,2806.9,2841.94
2025-02-05,2842.06,2882.53,2839.32,2865.09
2025-02-06,2865.26,2873.74,2834.4,2856.5
2025-02-07,2856.6,2886.96,2852.55,2860.39
2025-02-10,2864.08,2911.6,2854.69,2907.34
2025-02-11,2907.47,2943.25,2881.76,2898.34
2025-02-12,2898.9,2909.16,2864.01,2903.66
2025-02-13,2904.1,2929.74,2900.2,2929.03
2025-02-14,2929.19,2940.23,2876.96,2883.18
2025-02-17,2883.55,2906.69,2887.2,2897.66
2025-02-18,2897.51,2937.46,2891.94,2935.58
2025-02-19,2935.73,2947.23,2918.5,2932.64
2025-02-20,2932.81,2954.97,2924.2,2938.7
2025-02-21,2939.0,2950.01,2916.7,2936.03
2025-02-24,2936.41,2956.37,2920.77,2951.19
2025-02-25,2951.82,2954.44,2888.06,2915.12
2025-02-26,2915.42,2930.22,2890.99,2916.19
2025-02-27,2916.8,2920.96,2867.86,2876.19
2025-02-28,2877.66,2885.34,2832.63,2858.6
2025-03-03,2856.71,2895.45,2855.63,2893.71
2025-03-04,2894.05,2928.15,2881.81,2917.49
2025-03-05,2917.59,2929.94,2894.19,2918.84
2025-03-06,2918.98,2926.88,2891.34,2909.99
2025-03-07,2910.48,2930.56,2896.71,2910.79
2025-03-10,2912.17,2918.5,2880.3,2889.4
2025-03-11,2888.72,2922.22,2880.34,2916.04
2025-03-12,2916.85,2940.83,2906.19,2932.06
2025-03-13,2932.66,2989.64,2932.03,2987.75
2025-03-14,2988.38,3005.08,2978.41,2984.42
2025-03-17,2985.8,3002.23,2982.13,3001.47
2025-03-18,2999.11,3038.45,2999.11,3033.95
2025-03-19,3032.2,3052.3,3022.73,3047.18
2025-03-20,3046.31,3057.51,3025.56,3044.41
2025-03-21,3042.6,3047.66,2999.46,3023.63
2025-03-24,3023.03,3033.44,3002.34,3012.27
2025-03-25,3012.4,3035.94,3007.53,3019.85
2025-03-26,3020.13,3032.23,3012.38,3019.29
2025-03-27,3019.56,3059.75,3017.26,3056.1
2025-03-28,3056.35,3086.93,3053.91,3084.03
2025-03-31,3086.54,3128.29,3076.62,3123.05
2025-04-01,3123.36,3149.11,3100.85,3110.55
2025-04-02,3111.0,3140.36,3104.81,3133.57
2025-04-03,3134.16,3168.04,3054.19,3112.83
2025-04-04,3113.16,3137.1,3015.64,3037.36
2025-04-07,3038.02,3055.88,2956.6,2982.54
2025-04-08,2983.39,3022.84,2974.45,2983.78
2025-04-09,2984.08,3099.87,2970.01,3082.18
2025-04-10,3083.75,3176.94,3071.03,3173.92
2025-04-11,3174.14,3245.69,3174.14,3236.21
2025-04-14,3237.35,3245.84,3193.41,3209.28
2025-04-15,3210.21,3234.16,3209.36,3227.6
2025-04-16,3226.25,3345.19,3226.25,3343.22
2025-04-17,3344.41,3358.0,3283.87,3327.54
2025-04-21,3334.41,3430.93,3327.82,3424.3
2025-04-22,3421.57,3500.33,3366.74,3382.54
2025-04-23,3382.55,3386.89,3260.5,3288.26
2025-04-24,3288.43,3367.59,3287.77,3349.1
2025-04-25,3347.2,3371.15,3265.25,3319.45
2025-04-28,3328.4,3353.33,3267.81,3341.67
2025-04-29,3341.67,3349.08,3299.23,3317.18
2025-04-30,3316.92,3328.36,3267.09,3288.59
2025-05-01,3288.55,3290.94,3202.09,3241.0
2025-05-02,3238.55,3269.49,3222.75,3240.88
2025-05-05,3240.0,3337.81,3237.81,3334.5
2025-05-06,3336.39,3435.17,3322.98,3430.21
2025-05-07,3430.21,3438.59,3360.2,3365.21
2025-05-08,3366.95,3414.96,3288.8,3305.52
2025-05-09,3305.51,3347.64,3274.94,3324.63
2025-05-12,3324.98,3325.42,3207.67,3234.7
2025-05-13,3233.4,3265.44,3215.96,3248.47
2025-05-14,3248.37,3257.39,3167.95,3178.75
2025-05-15,3178.06,3241.26,3120.52,3240.87
2025-05-16,3239.11,3252.27,3154.32,3202.77
2025-05-19,3214.6,3249.91,3205.98,3229.85
2025-05-20,3229.85,3295.98,3204.4,3290.12
2025-05-21,3290.12,3325.14,3285.51,3314.99
2025-05-22,3316.49,3345.62,3279.55,3295.0
2025-05-23,3297.15,3366.39,3287.24,3357.42
2025-05-26,3354.3,3357.03,3323.91,3342.94
2025-05-27,3344.0,3350.21,3285.7,3300.68
2025-05-28,3300.7,3325.68,3276.31,3289.76
2025-05-29,3286.36,3330.94,3245.55,3317.02
2025-05-30,3319.51,3322.95,3271.55,3289.4
2025-06-02,3289.8,3383.24,3289.41,3380.21
2025-06-03,3379.99,3392.53,3333.08,3352.25
2025-06-04,3352.56,3384.84,3343.76,3376.54
2025-06-05,3376.55,3403.55,3339.2,3354.16
2025-06-06,3354.26,3375.74,3306.87,3310.17
2025-06-09,3311.51,3338.43,3293.7,3328.33
2025-06-10,3328.58,3349.28,3301.92,3323.02
2025-06-11,3322.52,3360.82,3315.23,3353.84
2025-06-12,3357.24,3399.16,3338.64,3385.29
2025-06-13,3385.3,3447.02,3379.79,3432.64
2025-06-16,3431.54,3451.62,3382.4,3383.2
2025-06-17,3383.2,3403.39,3366.25,3388.74
2025-06-18,3390.4,3400.05,3362.54,3369.09
2025-06-19,3369.08,3388.07,3347.59,3370.75
2025-06-20,3370.82,3374.63,3340.38,3368.23
2025-06-23,3367.17,3399.25,3347.25,3368.88
2025-06-24,3368.79,3371.01,3295.38,3324.2
2025-06-25,3324.2,3337.23,3312.0,3332.46
2025-06-26,3332.47,3350.47,3310.01,3328.06
2025-06-27,3328.06,3328.88,3255.72,3274.25
2025-06-30,3272.65,3309.58,3247.86,3303.69
2025-07-01,3302.87,3358.09,3301.52,3339.21
2025-07-02,3338.36,3360.08,3327.6,3357.36
2025-07-03,3357.36,3365.81,3311.7,3326.57
2025-07-04,3326.44,3345.15,3323.59,3336.64
2025-07-07,3335.95,3343.29,3296.41,3335.61
2025-07-08,3335.99,3345.94,3287.17,3300.7
2025-07-09,3298.73,3317.05,3282.8,3313.72
2025-07-10,3313.7,3330.47,3310.23,3323.07
2025-07-11,3325.63,3368.89,3321.37,3355.91
2025-07-14,3355.91,3374.94,3341.1,3343.8
2025-07-15,3343.8,3366.58,3320.27,3322.63
2025-07-16,3322.63,3377.5,3319.69,3346.58
2025-07-17,3346.59,3352.5,3309.9,3338.95
2025-07-18,3338.76,3361.41,3331.75,3350.4
2025-07-21,3348.62,3401.85,3344.48,3395.8
2025-07-22,3395.81,3433.56,3383.29,3431.5
2025-07-23,3431.26,3439.09,3381.45,3387.78
2025-07-24,3387.79,3393.47,3351.4,3368.15
2025-07-25,3369.29,3373.73,3325.05,3337.18
2025-07-28,3335.0,3345.56,3301.66,3314.64
2025-07-29,3316.54,3334.21,3307.95,3326.84
2025-07-30,3324.01,3334.21,3268.15,3275.25
2025-07-31,3275.91,3314.98,3273.77,3290.32
2025-08-01,3290.83,3363.55,3281.55,3362.88
2025-08-04,3365.1,3385.56,3345.0,3373.37
2025-08-05,3373.38,3390.62,3349.89,3381.27
2025-08-06,3379.69,3385.47,3358.26,3369.04
2025-08-07,3366.11,3402.71,3364.77,3397.31
2025-08-08,3397.28,3408.83,3379.61,3398.78
2025-08-11,3398.5,3405.1,3340.82,3344.83
2025-08-12,3342.64,3359.27,3331.03,3346.2
2025-08-13,3346.2,3370.9,3342.65,3354.73
2025-08-14,3354.73,3374.97,3329.85,3336.5
2025-08-15,3336.5,3349.02,3332.16,3335.39
2025-08-18,3338.0,3358.5,3323.52,3330.55
2025-08-19,3332.38,3345.46,3314.88,3315.46
2025-08-20,3315.46,3350.5,3311.46,3347.11
2025-08-21,3347.38,3353.25,3325.27,3338.81
2025-08-22,3338.76,3379.01,3321.49,3372.11
2025-08-25,3371.23,3376.47,3359.69,3366.79
2025-08-26,3366.78,3394.33,3351.26,3392.88
2025-08-27,3392.88,3398.94,3373.76,3397.42
2025-08-28,3394.18,3423.36,3384.46,3417.2
2025-08-29,3418.2,3454.08,3404.29,3448.0
2025-09-01,3448.0,3490.06,3436.8,3476.47
2025-09-02,3478.36,3540.64,3470.2,3533.73
2025-09-03,3535.69,3578.8,3526.26,3559.43
2025-09-04,3560.57,3564.45,3511.19,3546.17
2025-09-05,3547.0,3600.33,3540.05,3586.81
2025-09-08,3586.82,3646.6,3579.67,3635.84
2025-09-09,3637.1,3674.75,3625.33,3626.48
2025-09-10,3629.05,3657.77,3619.58,3640.74
2025-09-11,3642.6,3649.27,3614.01,3634.09
2025-09-12,3635.01,3656.86,3630.48,3643.13
2025-09-15,3644.4,3685.65,3626.6,3679.13
2025-09-16,3678.84,3703.23,3674.66,3689.8
2025-09-17,3691.8,3707.7,3645.44,3660.04
2025-09-18,3659.4,3673.18,3627.89,3644.36
2025-09-19,3645.04,3686.33,3632.28,3684.98
2025-09-22,3686.8,3749.25,3683.62,3746.47
2025-09-23,3746.47,3791.11,3736.73,3764.19
2025-09-24,3765.78,3779.54,3717.3,3736.29
2025-09-25,3736.67,3761.66,3722.04,3749.37
2025-09-26,3748.18,3783.88,3734.58,3760.24
2025-09-29,3758.59,3834.58,3757.62,3833.93
2025-09-30,3833.84,3871.87,3793.18,3858.51
2025-10-01,3858.84,3895.45,3853.44,3865.8
2025-10-02,3866.66,3897.2,3819.51,3856.53
2025-10-03,3857.92,3891.85,3838.05,3886.83
2025-10-06,3888.45,3970.24,3883.93,3961.09
2025-10-07,3962.48,3991.18,3940.75,3983.82
2025-10-08,3983.82,4059.34,3982.86,4038.9
2025-10-09,4042.69,4058.09,3944.8,3976.29
2025-10-10,3977.58,4022.96,3946.8,4018.3
2025-10-13,4018.79,4117.14,4008.8,4110.7
2025-10-14,4108.98,4180.39,4090.49,4142.31
2025-10-15,4144.4,4218.42,4140.45,4208.58
2025-10-16,4209.81,4330.91,4199.6,4326.18
2025-10-17,4328.75,4379.44,4186.91,4249.98
2025-10-20,4251.82,4381.6,4218.81,4356.5
2025-10-21,4355.55,4375.59,4086.47,4125.1
2025-10-22,4123.1,4161.65,4004.69,4094.07
2025-10-23,4095.57,4154.96,4065.49,4126.17
2025-10-24,4127.13,4144.7,4044.7,4112.1
2025-10-27,4065.35,4109.33,3971.34,3981.59
2025-10-28,3983.41,4020.11,3886.49,3952.58
2025-10-29,3952.52,4030.4,3917.12,3930.38
2025-10-30,3931.15,4027.44,3915.17,4024.47
2025-10-31,4024.37,4046.0,3972.45,4002.28
2025-11-03,4002.28,4030.7,3962.85,4001.67
2025-11-04,4001.67,4006.0,3928.66,3932.05
2025-11-05,3932.06,3990.6,3929.61,3982.62
2025-11-06,3982.59,4019.84,3964.46,3977.87
2025-11-07,3977.92,4027.63,3974.41,3999.72
2025-11-10,3999.94,4116.26,3997.87,4115.9
2025-11-11,4115.91,4149.2,4097.09,4126.68
2025-11-12,4126.68,4211.96,4098.76,4198.73
2025-11-13,4198.75,4245.2,4145.41,4171.46
2025-11-14,4171.47,4211.68,4032.32,4079.58
2025-11-17,4082.02,4106.85,4006.83,4044.61
2025-11-18,4044.61,4082.69,3997.99,4067.88
2025-11-19,4067.86,4133.04,4055.23,4081.66
2025-11-20,4081.66,4110.17,4038.73,4077.5
2025-11-21,4077.54,4101.37,4022.7,4065.9
2025-11-24,4066.47,4140.13,4040.03,4139.7
2025-11-25,4139.66,4159.45,4109.72,4131.15
2025-11-26,4131.15,4173.7,4128.99,4164.59
2025-11-27,4164.53,4169.0,4142.57,4157.57
2025-11-28,4157.57,4231.51,4157.15,4230.63
2025-12-01,4223.93,4264.74,4205.87,4232.73
2025-12-02,4232.72,4236.28,4163.01,4208.14
2025-12-03,4208.14,4242.0,4194.39,4206.22
2025-12-04,4206.15,4219.46,4174.6,4208.69
2025-12-05,4208.69,4259.55,4191.95,4197.13
2025-12-08,4197.19,4219.31,4176.34,4189.05
2025-12-09,4189.0,4221.67,4170.0,4209.54
2025-12-10,4209.56,4239.1,4181.68,4228.55
2025-12-11,4228.53,4286.24,4203.98,4283.28
2025-12-12,4283.26,4353.72,4257.6,4302.43
2025-12-15,4299.0,4350.5,4285.21,4302.7
2025-12-16,4302.58,4335.16,4271.34,4303.8
2025-12-17,4303.8,4349.13,4301.27,4341.08
2025-12-18,4341.06,4374.69,4308.6,4332.4
2025-12-19,4332.33,4356.65,4309.01,4338.55
2025-12-22,4338.98,4449.6,4337.9,4445.95
2025-12-23,4445.62,4499.87,4429.92,4488.82
2025-12-24,4488.81,4525.71,4448.27,4479.64
2025-12-25,4487.1,4500.35,4483.59,4495.35
2025-12-26,4479.64,4550.11,4475.1,4532.63
2025-12-29,4540.7,4550.1,4303.75,4332.08
2025-12-30,4332.09,4404.51,4323.33,4346.51
2025-12-31,4346.47,4373.89,4274.51,4315.09
2026-01-01,4329.42,4351.65,4324.42,4348.35
2026-01-02,4333.0,4402.53,4310.01,4330.5
2026-01-05,4356.12,4456.05,4345.88,4448.47
2026-01-06,4448.56,4497.54,4427.25,4497.34
2026-01-07,4497.33,4500.65,4423.47,4453.04
2026-01-08,4453.04,4479.8,4407.48,4476.73
2026-01-09,4476.71,4517.4,4452.62,4510.45
2026-01-12,4519.45,4630.47,4513.57,4594.0
2026-01-13,4593.89,4634.76,4569.45,4588.0
2026-01-14,4588.05,4643.06,4585.32,4620.83
2026-01-15,4620.83,4632.65,4581.05,4614.91
2026-01-16,4614.9,4621.27,4537.15,4595.1
2026-01-19,4630.8,4690.8,4629.8,4671.02
2026-01-20,4671.02,4766.46,4659.34,4763.49
2026-01-21,4763.53,4888.22,4755.7,4836.67
2026-01-22,4836.95,4941.25,4772.38,4936.75
2026-01-23,4936.75,4989.93,4899.72,4982.91
2026-01-26,5007.11,5111.4,4989.85,5015.34
2026-01-27,5014.85,5190.56,5006.2,5189.62
2026-01-28,5189.63,5401.62,5157.35,5400.25
2026-01-29,5399.91,5595.46,5110.73,5395.88
2026-01-30,5395.58,5451.2,4696.48,4865.35
