Date,Close
1970-01-01,3.35
1970-01-02,3.35
1970-01-03,3.35
1970-01-04,3.35
1970-01-05,3.35
1970-01-06,3.35
1970-01-07,3.35
1970-01-08,3.35
1970-01-09,3.35
1970-01-10,3.35
1970-01-11,3.35
1970-01-12,3.35
1970-01-13,3.35
1970-01-14,3.35
1970-01-15,3.35
1970-01-16,3.35
1970-01-17,3.35
1970-01-18,3.35
1970-01-19,3.35
1970-01-20,3.35
1970-01-21,3.35
1970-01-22,3.35
1970-01-23,3.35
1970-01-24,3.35
1970-01-25,3.35
1970-01-26,3.35
1970-01-27,3.35
1970-01-28,3.35
1970-01-29,3.35
1970-01-30,3.35
1970-01-31,3.35
1970-02-01,3.35
1970-02-02,3.35
1970-02-03,3.35
1970-02-04,3.35
1970-02-05,3.35
1970-02-06,3.35
1970-02-07,3.35
1970-02-08,3.35
1970-02-09,3.35
1970-02-10,3.35
1970-02-11,3.35
1970-02-12,3.35
1970-02-13,3.35
1970-02-14,3.35
1970-02-15,3.35
1970-02-16,3.35
1970-02-17,3.35
1970-02-18,3.35
1970-02-19,3.35
1970-02-20,3.35
1970-02-21,3.35
1970-02-22,3.35
1970-02-23,3.35
1970-02-24,3.35
1970-02-25,3.35
1970-02-26,3.35
1970-02-27,3.35
1970-02-28,3.35
1970-03-01,3.35
1970-03-02,3.35
1970-03-03,3.35
1970-03-04,3.35
1970-03-05,3.35
1970-03-06,3.35
1970-03-07,3.35
1970-03-08,3.35
1970-03-09,3.35
1970-03-10,3.35
1970-03-11,3.35
1970-03-12,3.35
1970-03-13,3.35
1970-03-14,3.35
1970-03-15,3.35
1970-03-16,3.35
1970-03-17,3.35
1970-03-18,3.35
1970-03-19,3.35
1970-03-20,3.35
1970-03-21,3.35
1970-03-22,3.35
1970-03-23,3.35
1970-03-24,3.35
1970-03-25,3.35
1970-03-26,3.35
1970-03-27,3.35
1970-03-28,3.35
1970-03-29,3.35
1970-03-30,3.35
1970-03-31,3.35
1970-04-01,3.35
1970-04-02,3.35
1970-04-03,3.35
1970-04-04,3.35
1970-04-05,3.35
1970-04-06,3.35
1970-04-07,3.35
1970-04-08,3.35
1970-04-09,3.35
1970-04-10,3.35
1970-04-11,3.35
1970-04-12,3.35
1970-04-13,3.35
1970-04-14,3.35
1970-04-15,3.35
1970-04-16,3.35
1970-04-17,3.35
1970-04-18,3.35
1970-04-19,3.35
1970-04-20,3.35
1970-04-21,3.35
1970-04-22,3.35
1970-04-23,3.35
1970-04-24,3.35
1970-04-25,3.35
1970-04-26,3.35
1970-04-27,3.35
1970-04-28,3.35
1970-04-29,3.35
1970-04-30,3.35
1970-05-01,3.35
1970-05-02,3.35
1970-05-03,3.35
1970-05-04,3.35
1970-05-05,3.35
1970-05-06,3.35
1970-05-07,3.35
1970-05-08,3.35
1970-05-09,3.35
1970-05-10,3.35
1970-05-11,3.35
1970-05-12,3.35
1970-05-13,3.35
1970-05-14,3.35
1970-05-15,3.35
1970-05-16,3.35
1970-05-17,3.35
1970-05-18,3.35
1970-05-19,3.35
1970-05-20,3.35
1970-05-21,3.35
1970-05-22,3.35
1970-05-23,3.35
1970-05-24,3.35
1970-05-25,3.35
1970-05-26,3.35
1970-05-27,3.35
1970-05-28,3.35
1970-05-29,3.35
1970-05-30,3.35
1970-05-31,3.35
1970-06-01,3.35
1970-06-02,3.35
1970-06-03,3.35
1970-06-04,3.35
1970-06-05,3.35
1970-06-06,3.35
1970-06-07,3.35
1970-06-08,3.35
1970-06-09,3.35
1970-06-10,3.35
1970-06-11,3.35
1970-06-12,3.35
1970-06-13,3.35
1970-06-14,3.35
1970-06-15,3.35
1970-06-16,3.35
1970-06-17,3.35
1970-06-18,3.35
1970-06-19,3.35
1970-06-20,3.35
1970-06-21,3.35
1970-06-22,3.35
1970-06-23,3.35
1970-06-24,3.35
1970-06-25,3.35
1970-06-26,3.35
1970-06-27,3.35
1970-06-28,3.35
1970-06-29,3.35
1970-06-30,3.35
1970-07-01,3.31
1970-07-02,3.31
1970-07-03,3.31
1970-07-04,3.31
1970-07-05,3.31
1970-07-06,3.31
1970-07-07,3.31
1970-07-08,3.31
1970-07-09,3.31
1970-07-10,3.31
1970-07-11,3.31
1970-07-12,3.31
1970-07-13,3.31
1970-07-14,3.31
1970-07-15,3.31
1970-07-16,3.31
1970-07-17,3.31
1970-07-18,3.31
1970-07-19,3.31
1970-07-20,3.31
1970-07-21,3.31
1970-07-22,3.31
1970-07-23,3.31
1970-07-24,3.31
1970-07-25,3.31
1970-07-26,3.31
1970-07-27,3.31
1970-07-28,3.31
1970-07-29,3.31
1970-07-30,3.31
1970-07-31,3.31
1970-08-01,3.31
1970-08-02,3.31
1970-08-03,3.31
1970-08-04,3.31
1970-08-05,3.31
1970-08-06,3.31
1970-08-07,3.31
1970-08-08,3.31
1970-08-09,3.31
1970-08-10,3.31
1970-08-11,3.31
1970-08-12,3.31
1970-08-13,3.31
1970-08-14,3.31
1970-08-15,3.31
1970-08-16,3.31
1970-08-17,3.31
1970-08-18,3.31
1970-08-19,3.31
1970-08-20,3.31
1970-08-21,3.31
1970-08-22,3.31
1970-08-23,3.31
1970-08-24,3.31
1970-08-25,3.31
1970-08-26,3.31
1970-08-27,3.31
1970-08-28,3.31
1970-08-29,3.31
1970-08-30,3.31
1970-08-31,3.31
1970-09-01,3.31
1970-09-02,3.31
1970-09-03,3.31
1970-09-04,3.31
1970-09-05,3.31
1970-09-06,3.31
1970-09-07,3.31
1970-09-08,3.31
1970-09-09,3.31
1970-09-10,3.31
1970-09-11,3.31
1970-09-12,3.31
1970-09-13,3.31
1970-09-14,3.31
1970-09-15,3.31
1970-09-16,3.31
1970-09-17,3.31
1970-09-18,3.31
1970-09-19,3.31
1970-09-20,3.31
1970-09-21,3.31
1970-09-22,3.31
1970-09-23,3.31
1970-09-24,3.31
1970-09-25,3.31
1970-09-26,3.31
1970-09-27,3.31
1970-09-28,3.31
1970-09-29,3.31
1970-09-30,3.31
1970-10-01,3.31
1970-10-02,3.31
1970-10-03,3.31
1970-10-04,3.31
1970-10-05,3.31
1970-10-06,3.31
1970-10-07,3.31
1970-10-08,3.31
1970-10-09,3.31
1970-10-10,3.31
1970-10-11,3.31
1970-10-12,3.31
1970-10-13,3.31
1970-10-14,3.31
1970-10-15,3.31
1970-10-16,3.31
1970-10-17,3.31
1970-10-18,3.31
1970-10-19,3.31
1970-10-20,3.31
1970-10-21,3.31
1970-10-22,3.31
1970-10-23,3.31
1970-10-24,3.31
1970-10-25,3.31
1970-10-26,3.31
1970-10-27,3.31
1970-10-28,3.31
1970-10-29,3.31
1970-10-30,3.31
1970-10-31,3.31
1970-11-01,3.31
1970-11-02,3.31
1970-11-03,3.31
1970-11-04,3.31
1970-11-05,3.31
1970-11-06,3.31
1970-11-07,3.31
1970-11-08,3.31
1970-11-09,3.31
1970-11-10,3.31
1970-11-11,3.31
1970-11-12,3.31
1970-11-13,3.31
1970-11-14,3.31
1970-11-15,3.31
1970-11-16,3.31
1970-11-17,3.31
1970-11-18,3.31
1970-11-19,3.31
1970-11-20,3.31
1970-11-21,3.31
1970-11-22,3.31
1970-11-23,3.31
1970-11-24,3.31
1970-11-25,3.31
1970-11-26,3.31
1970-11-27,3.31
1970-11-28,3.31
1970-11-29,3.31
1970-11-30,3.31
1970-12-01,3.56
1970-12-02,3.56
1970-12-03,3.56
1970-12-04,3.56
1970-12-05,3.56
1970-12-06,3.56
1970-12-07,3.56
1970-12-08,3.56
1970-12-09,3.56
1970-12-10,3.56
1970-12-11,3.56
1970-12-12,3.56
1970-12-13,3.56
1970-12-14,3.56
1970-12-15,3.56
1970-12-16,3.56
1970-12-17,3.56
1970-12-18,3.56
1970-12-19,3.56
1970-12-20,3.56
1970-12-21,3.56
1970-12-22,3.56
1970-12-23,3.56
1970-12-24,3.56
1970-12-25,3.56
1970-12-26,3.56
1970-12-27,3.56
1970-12-28,3.56
1970-12-29,3.56
1970-12-30,3.56
1970-12-31,3.56
1971-01-01,3.56
1971-01-02,3.56
1971-01-03,3.56
1971-01-04,3.56
1971-01-05,3.56
1971-01-06,3.56
1971-01-07,3.56
1971-01-08,3.56
1971-01-09,3.56
1971-01-10,3.56
1971-01-11,3.56
1971-01-12,3.56
1971-01-13,3.56
1971-01-14,3.56
1971-01-15,3.56
1971-01-16,3.56
1971-01-17,3.56
1971-01-18,3.56
1971-01-19,3.56
1971-01-20,3.56
1971-01-21,3.56
1971-01-22,3.56
1971-01-23,3.56
1971-01-24,3.56
1971-01-25,3.56
1971-01-26,3.56
1971-01-27,3.56
1971-01-28,3.56
1971-01-29,3.56
1971-01-30,3.56
1971-01-31,3.56
1971-02-01,3.56
1971-02-02,3.56
1971-02-03,3.56
1971-02-04,3.56
1971-02-05,3.56
1971-02-06,3.56
1971-02-07,3.56
1971-02-08,3.56
1971-02-09,3.56
1971-02-10,3.56
1971-02-11,3.56
1971-02-12,3.56
1971-02-13,3.56
1971-02-14,3.56
1971-02-15,3.56
1971-02-16,3.56
1971-02-17,3.56
1971-02-18,3.56
1971-02-19,3.56
1971-02-20,3.56
1971-02-21,3.56
1971-02-22,3.56
1971-02-23,3.56
1971-02-24,3.56
1971-02-25,3.56
1971-02-26,3.56
1971-02-27,3.56
1971-02-28,3.56
1971-03-01,3.56
1971-03-02,3.56
1971-03-03,3.56
1971-03-04,3.56
1971-03-05,3.56
1971-03-06,3.56
1971-03-07,3.56
1971-03-08,3.56
1971-03-09,3.56
1971-03-10,3.56
1971-03-11,3.56
1971-03-12,3.56
1971-03-13,3.56
1971-03-14,3.56
1971-03-15,3.56
1971-03-16,3.56
1971-03-17,3.56
1971-03-18,3.56
1971-03-19,3.56
1971-03-20,3.56
1971-03-21,3.56
1971-03-22,3.56
1971-03-23,3.56
1971-03-24,3.56
1971-03-25,3.56
1971-03-26,3.56
1971-03-27,3.56
1971-03-28,3.56
1971-03-29,3.56
1971-03-30,3.56
1971-03-31,3.56
1971-04-01,3.56
1971-04-02,3.56
1971-04-03,3.56
1971-04-04,3.56
1971-04-05,3.56
1971-04-06,3.56
1971-04-07,3.56
1971-04-08,3.56
1971-04-09,3.56
1971-04-10,3.56
1971-04-11,3.56
1971-04-12,3.56
1971-04-13,3.56
1971-04-14,3.56
1971-04-15,3.56
1971-04-16,3.56
1971-04-17,3.56
1971-04-18,3.56
1971-04-19,3.56
1971-04-20,3.56
1971-04-21,3.56
1971-04-22,3.56
1971-04-23,3.56
1971-04-24,3.56
1971-04-25,3.56
1971-04-26,3.56
1971-04-27,3.56
1971-04-28,3.56
1971-04-29,3.56
1971-04-30,3.56
1971-05-01,3.56
1971-05-02,3.56
1971-05-03,3.56
1971-05-04,3.56
1971-05-05,3.56
1971-05-06,3.56
1971-05-07,3.56
1971-05-08,3.56
1971-05-09,3.56
1971-05-10,3.56
1971-05-11,3.56
1971-05-12,3.56
1971-05-13,3.56
1971-05-14,3.56
1971-05-15,3.56
1971-05-16,3.56
1971-05-17,3.56
1971-05-18,3.56
1971-05-19,3.56
1971-05-20,3.56
1971-05-21,3.56
1971-05-22,3.56
1971-05-23,3.56
1971-05-24,3.56
1971-05-25,3.56
1971-05-26,3.56
1971-05-27,3.56
1971-05-28,3.56
1971-05-29,3.56
1971-05-30,3.56
1971-05-31,3.56
1971-06-01,3.56
1971-06-02,3.56
1971-06-03,3.56
1971-06-04,3.56
1971-06-05,3.56
1971-06-06,3.56
1971-06-07,3.56
1971-06-08,3.56
1971-06-09,3.56
1971-06-10,3.56
1971-06-11,3.56
1971-06-12,3.56
1971-06-13,3.56
1971-06-14,3.56
1971-06-15,3.56
1971-06-16,3.56
1971-06-17,3.56
1971-06-18,3.56
1971-06-19,3.56
1971-06-20,3.56
1971-06-21,3.56
1971-06-22,3.56
1971-06-23,3.56
1971-06-24,3.56
1971-06-25,3.56
1971-06-26,3.56
1971-06-27,3.56
1971-06-28,3.56
1971-06-29,3.56
1971-06-30,3.56
1971-07-01,3.56
1971-07-02,3.56
1971-07-03,3.56
1971-07-04,3.56
1971-07-05,3.56
1971-07-06,3.56
1971-07-07,3.56
1971-07-08,3.56
1971-07-09,3.56
1971-07-10,3.56
1971-07-11,3.56
1971-07-12,3.56
1971-07-13,3.56
1971-07-14,3.56
1971-07-15,3.56
1971-07-16,3.56
1971-07-17,3.56
1971-07-18,3.56
1971-07-19,3.56
1971-07-20,3.56
1971-07-21,3.56
1971-07-22,3.56
1971-07-23,3.56
1971-07-24,3.56
1971-07-25,3.56
1971-07-26,3.56
1971-07-27,3.56
1971-07-28,3.56
1971-07-29,3.56
1971-07-30,3.56
1971-07-31,3.56
1971-08-01,3.56
1971-08-02,3.56
1971-08-03,3.56
1971-08-04,3.56
1971-08-05,3.56
1971-08-06,3.56
1971-08-07,3.56
1971-08-08,3.56
1971-08-09,3.56
1971-08-10,3.56
1971-08-11,3.56
1971-08-12,3.56
1971-08-13,3.56
1971-08-14,3.56
1971-08-15,3.56
1971-08-16,3.56
1971-08-17,3.56
1971-08-18,3.56
1971-08-19,3.56
1971-08-20,3.56
1971-08-21,3.56
1971-08-22,3.56
1971-08-23,3.56
1971-08-24,3.56
1971-08-25,3.56
1971-08-26,3.56
1971-08-27,3.56
1971-08-28,3.56
1971-08-29,3.56
1971-08-30,3.56
1971-08-31,3.56
1971-09-01,3.56
1971-09-02,3.56
1971-09-03,3.56
1971-09-04,3.56
1971-09-05,3.56
1971-09-06,3.56
1971-09-07,3.56
1971-09-08,3.56
1971-09-09,3.56
1971-09-10,3.56
1971-09-11,3.56
1971-09-12,3.56
1971-09-13,3.56
1971-09-14,3.56
1971-09-15,3.56
1971-09-16,3.56
1971-09-17,3.56
1971-09-18,3.56
1971-09-19,3.56
1971-09-20,3.56
1971-09-21,3.56
1971-09-22,3.56
1971-09-23,3.56
1971-09-24,3.56
1971-09-25,3.56
1971-09-26,3.56
1971-09-27,3.56
1971-09-28,3.56
1971-09-29,3.56
1971-09-30,3.56
1971-10-01,3.56
1971-10-02,3.56
1971-10-03,3.56
1971-10-04,3.56
1971-10-05,3.56
1971-10-06,3.56
1971-10-07,3.56
1971-10-08,3.56
1971-10-09,3.56
1971-10-10,3.56
1971-10-11,3.56
1971-10-12,3.56
1971-10-13,3.56
1971-10-14,3.56
1971-10-15,3.56
1971-10-16,3.56
1971-10-17,3.56
1971-10-18,3.56
1971-10-19,3.56
1971-10-20,3.56
1971-10-21,3.56
1971-10-22,3.56
1971-10-23,3.56
1971-10-24,3.56
1971-10-25,3.56
1971-10-26,3.56
1971-10-27,3.56
1971-10-28,3.56
1971-10-29,3.56
1971-10-30,3.56
1971-10-31,3.56
1971-11-01,3.56
1971-11-02,3.56
1971-11-03,3.56
1971-11-04,3.56
1971-11-05,3.56
1971-11-06,3.56
1971-11-07,3.56
1971-11-08,3.56
1971-11-09,3.56
1971-11-10,3.56
1971-11-11,3.56
1971-11-12,3.56
1971-11-13,3.56
1971-11-14,3.56
1971-11-15,3.56
1971-11-16,3.56
1971-11-17,3.56
1971-11-18,3.56
1971-11-19,3.56
1971-11-20,3.56
1971-11-21,3.56
1971-11-22,3.56
1971-11-23,3.56
1971-11-24,3.56
1971-11-25,3.56
1971-11-26,3.56
1971-11-27,3.56
1971-11-28,3.56
1971-11-29,3.56
1971-11-30,3.56
1971-12-01,3.56
1971-12-02,3.56
1971-12-03,3.56
1971-12-04,3.56
1971-12-05,3.56
1971-12-06,3.56
1971-12-07,3.56
1971-12-08,3.56
1971-12-09,3.56
1971-12-10,3.56
1971-12-11,3.56
1971-12-12,3.56
1971-12-13,3.56
1971-12-14,3.56
1971-12-15,3.56
1971-12-16,3.56
1971-12-17,3.56
1971-12-18,3.56
1971-12-19,3.56
1971-12-20,3.56
1971-12-21,3.56
1971-12-22,3.56
1971-12-23,3.56
1971-12-24,3.56
1971-12-25,3.56
1971-12-26,3.56
1971-12-27,3.56
1971-12-28,3.56
1971-12-29,3.56
1971-12-30,3.56
1971-12-31,3.56
1972-01-01,3.56
1972-01-02,3.56
1972-01-03,3.56
1972-01-04,3.56
1972-01-05,3.56
1972-01-06,3.56
1972-01-07,3.56
1972-01-08,3.56
1972-01-09,3.56
1972-01-10,3.56
1972-01-11,3.56
1972-01-12,3.56
1972-01-13,3.56
1972-01-14,3.56
1972-01-15,3.56
1972-01-16,3.56
1972-01-17,3.56
1972-01-18,3.56
1972-01-19,3.56
1972-01-20,3.56
1972-01-21,3.56
1972-01-22,3.56
1972-01-23,3.56
1972-01-24,3.56
1972-01-25,3.56
1972-01-26,3.56
1972-01-27,3.56
1972-01-28,3.56
1972-01-29,3.56
1972-01-30,3.56
1972-01-31,3.56
1972-02-01,3.56
1972-02-02,3.56
1972-02-03,3.56
1972-02-04,3.56
1972-02-05,3.56
1972-02-06,3.56
1972-02-07,3.56
1972-02-08,3.56
1972-02-09,3.56
1972-02-10,3.56
1972-02-11,3.56
1972-02-12,3.56
1972-02-13,3.56
1972-02-14,3.56
1972-02-15,3.56
1972-02-16,3.56
1972-02-17,3.56
1972-02-18,3.56
1972-02-19,3.56
1972-02-20,3.56
1972-02-21,3.56
1972-02-22,3.56
1972-02-23,3.56
1972-02-24,3.56
1972-02-25,3.56
1972-02-26,3.56
1972-02-27,3.56
1972-02-28,3.56
1972-02-29,3.56
1972-03-01,3.56
1972-03-02,3.56
1972-03-03,3.56
1972-03-04,3.56
1972-03-05,3.56
1972-03-06,3.56
1972-03-07,3.56
1972-03-08,3.56
1972-03-09,3.56
1972-03-10,3.56
1972-03-11,3.56
1972-03-12,3.56
1972-03-13,3.56
1972-03-14,3.56
1972-03-15,3.56
1972-03-16,3.56
1972-03-17,3.56
1972-03-18,3.56
1972-03-19,3.56
1972-03-20,3.56
1972-03-21,3.56
1972-03-22,3.56
1972-03-23,3.56
1972-03-24,3.56
1972-03-25,3.56
1972-03-26,3.56
1972-03-27,3.56
1972-03-28,3.56
1972-03-29,3.56
1972-03-30,3.56
1972-03-31,3.56
1972-04-01,3.56
1972-04-02,3.56
1972-04-03,3.56
1972-04-04,3.56
1972-04-05,3.56
1972-04-06,3.56
1972-04-07,3.56
1972-04-08,3.56
1972-04-09,3.56
1972-04-10,3.56
1972-04-11,3.56
1972-04-12,3.56
1972-04-13,3.56
1972-04-14,3.56
1972-04-15,3.56
1972-04-16,3.56
1972-04-17,3.56
1972-04-18,3.56
1972-04-19,3.56
1972-04-20,3.56
1972-04-21,3.56
1972-04-22,3.56
1972-04-23,3.56
1972-04-24,3.56
1972-04-25,3.56
1972-04-26,3.56
1972-04-27,3.56
1972-04-28,3.56
1972-04-29,3.56
1972-04-30,3.56
1972-05-01,3.56
1972-05-02,3.56
1972-05-03,3.56
1972-05-04,3.56
1972-05-05,3.56
1972-05-06,3.56
1972-05-07,3.56
1972-05-08,3.56
1972-05-09,3.56
1972-05-10,3.56
1972-05-11,3.56
1972-05-12,3.56
1972-05-13,3.56
1972-05-14,3.56
1972-05-15,3.56
1972-05-16,3.56
1972-05-17,3.56
1972-05-18,3.56
1972-05-19,3.56
1972-05-20,3.56
1972-05-21,3.56
1972-05-22,3.56
1972-05-23,3.56
1972-05-24,3.56
1972-05-25,3.56
1972-05-26,3.56
1972-05-27,3.56
1972-05-28,3.56
1972-05-29,3.56
1972-05-30,3.56
1972-05-31,3.56
1972-06-01,3.56
1972-06-02,3.56
1972-06-03,3.56
1972-06-04,3.56
1972-06-05,3.56
1972-06-06,3.56
1972-06-07,3.56
1972-06-08,3.56
1972-06-09,3.56
1972-06-10,3.56
1972-06-11,3.56
1972-06-12,3.56
1972-06-13,3.56
1972-06-14,3.56
1972-06-15,3.56
1972-06-16,3.56
1972-06-17,3.56
1972-06-18,3.56
1972-06-19,3.56
1972-06-20,3.56
1972-06-21,3.56
1972-06-22,3.56
1972-06-23,3.56
1972-06-24,3.56
1972-06-25,3.56
1972-06-26,3.56
1972-06-27,3.56
1972-06-28,3.56
1972-06-29,3.56
1972-06-30,3.56
1972-07-01,3.56
1972-07-02,3.56
1972-07-03,3.56
1972-07-04,3.56
1972-07-05,3.56
1972-07-06,3.56
1972-07-07,3.56
1972-07-08,3.56
1972-07-09,3.56
1972-07-10,3.56
1972-07-11,3.56
1972-07-12,3.56
1972-07-13,3.56
1972-07-14,3.56
1972-07-15,3.56
1972-07-16,3.56
1972-07-17,3.56
1972-07-18,3.56
1972-07-19,3.56
1972-07-20,3.56
1972-07-21,3.56
1972-07-22,3.56
1972-07-23,3.56
1972-07-24,3.56
1972-07-25,3.56
1972-07-26,3.56
1972-07-27,3.56
1972-07-28,3.56
1972-07-29,3.56
1972-07-30,3.56
1972-07-31,3.56
1972-08-01,3.56
1972-08-02,3.56
1972-08-03,3.56
1972-08-04,3.56
1972-08-05,3.56
1972-08-06,3.56
1972-08-07,3.56
1972-08-08,3.56
1972-08-09,3.56
1972-08-10,3.56
1972-08-11,3.56
1972-08-12,3.56
1972-08-13,3.56
1972-08-14,3.56
1972-08-15,3.56
1972-08-16,3.56
1972-08-17,3.56
1972-08-18,3.56
1972-08-19,3.56
1972-08-20,3.56
1972-08-21,3.56
1972-08-22,3.56
1972-08-23,3.56
1972-08-24,3.56
1972-08-25,3.56
1972-08-26,3.56
1972-08-27,3.56
1972-08-28,3.56
1972-08-29,3.56
1972-08-30,3.56
1972-08-31,3.56
1972-09-01,3.56
1972-09-02,3.56
1972-09-03,3.56
1972-09-04,3.56
1972-09-05,3.56
1972-09-06,3.56
1972-09-07,3.56
1972-09-08,3.56
1972-09-09,3.56
1972-09-10,3.56
1972-09-11,3.56
1972-09-12,3.56
1972-09-13,3.56
1972-09-14,3.56
1972-09-15,3.56
1972-09-16,3.56
1972-09-17,3.56
1972-09-18,3.56
1972-09-19,3.56
1972-09-20,3.56
1972-09-21,3.56
1972-09-22,3.56
1972-09-23,3.56
1972-09-24,3.56
1972-09-25,3.56
1972-09-26,3.56
1972-09-27,3.56
1972-09-28,3.56
1972-09-29,3.56
1972-09-30,3.56
1972-10-01,3.56
1972-10-02,3.56
1972-10-03,3.56
1972-10-04,3.56
1972-10-05,3.56
1972-10-06,3.56
1972-10-07,3.56
1972-10-08,3.56
1972-10-09,3.56
1972-10-10,3.56
1972-10-11,3.56
1972-10-12,3.56
1972-10-13,3.56
1972-10-14,3.56
1972-10-15,3.56
1972-10-16,3.56
1972-10-17,3.56
1972-10-18,3.56
1972-10-19,3.56
1972-10-20,3.56
1972-10-21,3.56
1972-10-22,3.56
1972-10-23,3.56
1972-10-24,3.56
1972-10-25,3.56
1972-10-26,3.56
1972-10-27,3.56
1972-10-28,3.56
1972-10-29,3.56
1972-10-30,3.56
1972-10-31,3.56
1972-11-01,3.56
1972-11-02,3.56
1972-11-03,3.56
1972-11-04,3.56
1972-11-05,3.56
1972-11-06,3.56
1972-11-07,3.56
1972-11-08,3.56
1972-11-09,3.56
1972-11-10,3.56
1972-11-11,3.56
1972-11-12,3.56
1972-11-13,3.56
1972-11-14,3.56
1972-11-15,3.56
1972-11-16,3.56
1972-11-17,3.56
1972-11-18,3.56
1972-11-19,3.56
1972-11-20,3.56
1972-11-21,3.56
1972-11-22,3.56
1972-11-23,3.56
1972-11-24,3.56
1972-11-25,3.56
1972-11-26,3.56
1972-11-27,3.56
1972-11-28,3.56
1972-11-29,3.56
1972-11-30,3.56
1972-12-01,3.56
1972-12-02,3.56
1972-12-03,3.56
1972-12-04,3.56
1972-12-05,3.56
1972-12-06,3.56
1972-12-07,3.56
1972-12-08,3.56
1972-12-09,3.56
1972-12-10,3.56
1972-12-11,3.56
1972-12-12,3.56
1972-12-13,3.56
1972-12-14,3.56
1972-12-15,3.56
1972-12-16,3.56
1972-12-17,3.56
1972-12-18,3.56
1972-12-19,3.56
1972-12-20,3.56
1972-12-21,3.56
1972-12-22,3.56
1972-12-23,3.56
1972-12-24,3.56
1972-12-25,3.56
1972-12-26,3.56
1972-12-27,3.56
1972-12-28,3.56
1972-12-29,3.56
1972-12-30,3.56
1972-12-31,3.56
1973-01-01,3.56
1973-01-02,3.56
1973-01-03,3.56
1973-01-04,3.56
1973-01-05,3.56
1973-01-06,3.56
1973-01-07,3.56
1973-01-08,3.56
1973-01-09,3.56
1973-01-10,3.56
1973-01-11,3.56
1973-01-12,3.56
1973-01-13,3.56
1973-01-14,3.56
1973-01-15,3.56
1973-01-16,3.56
1973-01-17,3.56
1973-01-18,3.56
1973-01-19,3.56
1973-01-20,3.56
1973-01-21,3.56
1973-01-22,3.56
1973-01-23,3.56
1973-01-24,3.56
1973-01-25,3.56
1973-01-26,3.56
1973-01-27,3.56
1973-01-28,3.56
1973-01-29,3.56
1973-01-30,3.56
1973-01-31,3.56
1973-02-01,3.56
1973-02-02,3.56
1973-02-03,3.56
1973-02-04,3.56
1973-02-05,3.56
1973-02-06,3.56
1973-02-07,3.56
1973-02-08,3.56
1973-02-09,3.56
1973-02-10,3.56
1973-02-11,3.56
1973-02-12,3.56
1973-02-13,3.56
1973-02-14,3.56
1973-02-15,3.56
1973-02-16,3.56
1973-02-17,3.56
1973-02-18,3.56
1973-02-19,3.56
1973-02-20,3.56
1973-02-21,3.56
1973-02-22,3.56
1973-02-23,3.56
1973-02-24,3.56
1973-02-25,3.56
1973-02-26,3.56
1973-02-27,3.56
1973-02-28,3.56
1973-03-01,3.56
1973-03-02,3.56
1973-03-03,3.56
1973-03-04,3.56
1973-03-05,3.56
1973-03-06,3.56
1973-03-07,3.56
1973-03-08,3.56
1973-03-09,3.56
1973-03-10,3.56
1973-03-11,3.56
1973-03-12,3.56
1973-03-13,3.56
1973-03-14,3.56
1973-03-15,3.56
1973-03-16,3.56
1973-03-17,3.56
1973-03-18,3.56
1973-03-19,3.56
1973-03-20,3.56
1973-03-21,3.56
1973-03-22,3.56
1973-03-23,3.56
1973-03-24,3.56
1973-03-25,3.56
1973-03-26,3.56
1973-03-27,3.56
1973-03-28,3.56
1973-03-29,3.56
1973-03-30,3.56
1973-03-31,3.56
1973-04-01,3.56
1973-04-02,3.56
1973-04-03,3.56
1973-04-04,3.56
1973-04-05,3.56
1973-04-06,3.56
1973-04-07,3.56
1973-04-08,3.56
1973-04-09,3.56
1973-04-10,3.56
1973-04-11,3.56
1973-04-12,3.56
1973-04-13,3.56
1973-04-14,3.56
1973-04-15,3.56
1973-04-16,3.56
1973-04-17,3.56
1973-04-18,3.56
1973-04-19,3.56
1973-04-20,3.56
1973-04-21,3.56
1973-04-22,3.56
1973-04-23,3.56
1973-04-24,3.56
1973-04-25,3.56
1973-04-26,3.56
1973-04-27,3.56
1973-04-28,3.56
1973-04-29,3.56
1973-04-30,3.56
1973-05-01,3.56
1973-05-02,3.56
1973-05-03,3.56
1973-05-04,3.56
1973-05-05,3.56
1973-05-06,3.56
1973-05-07,3.56
1973-05-08,3.56
1973-05-09,3.56
1973-05-10,3.56
1973-05-11,3.56
1973-05-12,3.56
1973-05-13,3.56
1973-05-14,3.56
1973-05-15,3.56
1973-05-16,3.56
1973-05-17,3.56
1973-05-18,3.56
1973-05-19,3.56
1973-05-20,3.56
1973-05-21,3.56
1973-05-22,3.56
1973-05-23,3.56
1973-05-24,3.56
1973-05-25,3.56
1973-05-26,3.56
1973-05-27,3.56
1973-05-28,3.56
1973-05-29,3.56
1973-05-30,3.56
1973-05-31,3.56
1973-06-01,3.56
1973-06-02,3.56
1973-06-03,3.56
1973-06-04,3.56
1973-06-05,3.56
1973-06-06,3.56
1973-06-07,3.56
1973-06-08,3.56
1973-06-09,3.56
1973-06-10,3.56
1973-06-11,3.56
1973-06-12,3.56
1973-06-13,3.56
1973-06-14,3.56
1973-06-15,3.56
1973-06-16,3.56
1973-06-17,3.56
1973-06-18,3.56
1973-06-19,3.56
1973-06-20,3.56
1973-06-21,3.56
1973-06-22,3.56
1973-06-23,3.56
1973-06-24,3.56
1973-06-25,3.56
1973-06-26,3.56
1973-06-27,3.56
1973-06-28,3.56
1973-06-29,3.56
1973-06-30,3.56
1973-07-01,3.56
1973-07-02,3.56
1973-07-03,3.56
1973-07-04,3.56
1973-07-05,3.56
1973-07-06,3.56
1973-07-07,3.56
1973-07-08,3.56
1973-07-09,3.56
1973-07-10,3.56
1973-07-11,3.56
1973-07-12,3.56
1973-07-13,3.56
1973-07-14,3.56
1973-07-15,3.56
1973-07-16,3.56
1973-07-17,3.56
1973-07-18,3.56
1973-07-19,3.56
1973-07-20,3.56
1973-07-21,3.56
1973-07-22,3.56
1973-07-23,3.56
1973-07-24,3.56
1973-07-25,3.56
1973-07-26,3.56
1973-07-27,3.56
1973-07-28,3.56
1973-07-29,3.56
1973-07-30,3.56
1973-07-31,3.56
1973-08-01,4.31
1973-08-02,4.31
1973-08-03,4.31
1973-08-04,4.31
1973-08-05,4.31
1973-08-06,4.31
1973-08-07,4.31
1973-08-08,4.31
1973-08-09,4.31
1973-08-10,4.31
1973-08-11,4.31
1973-08-12,4.31
1973-08-13,4.31
1973-08-14,4.31
1973-08-15,4.31
1973-08-16,4.31
1973-08-17,4.31
1973-08-18,4.31
1973-08-19,4.31
1973-08-20,4.31
1973-08-21,4.31
1973-08-22,4.31
1973-08-23,4.31
1973-08-24,4.31
1973-08-25,4.31
1973-08-26,4.31
1973-08-27,4.31
1973-08-28,4.31
1973-08-29,4.31
1973-08-30,4.31
1973-08-31,4.31
1973-09-01,4.31
1973-09-02,4.31
1973-09-03,4.31
1973-09-04,4.31
1973-09-05,4.31
1973-09-06,4.31
1973-09-07,4.31
1973-09-08,4.31
1973-09-09,4.31
1973-09-10,4.31
1973-09-11,4.31
1973-09-12,4.31
1973-09-13,4.31
1973-09-14,4.31
1973-09-15,4.31
1973-09-16,4.31
1973-09-17,4.31
1973-09-18,4.31
1973-09-19,4.31
1973-09-20,4.31
1973-09-21,4.31
1973-09-22,4.31
1973-09-23,4.31
1973-09-24,4.31
1973-09-25,4.31
1973-09-26,4.31
1973-09-27,4.31
1973-09-28,4.31
1973-09-29,4.31
1973-09-30,4.31
1973-10-01,4.31
1973-10-02,4.31
1973-10-03,4.31
1973-10-04,4.31
1973-10-05,4.31
1973-10-06,4.31
1973-10-07,4.31
1973-10-08,4.31
1973-10-09,4.31
1973-10-10,4.31
1973-10-11,4.31
1973-10-12,4.31
1973-10-13,4.31
1973-10-14,4.31
1973-10-15,4.31
1973-10-16,4.31
1973-10-17,4.31
1973-10-18,4.31
1973-10-19,4.31
1973-10-20,4.31
1973-10-21,4.31
1973-10-22,4.31
1973-10-23,4.31
1973-10-24,4.31
1973-10-25,4.31
1973-10-26,4.31
1973-10-27,4.31
1973-10-28,4.31
1973-10-29,4.31
1973-10-30,4.31
1973-10-31,4.31
1973-11-01,4.31
1973-11-02,4.31
1973-11-03,4.31
1973-11-04,4.31
1973-11-05,4.31
1973-11-06,4.31
1973-11-07,4.31
1973-11-08,4.31
1973-11-09,4.31
1973-11-10,4.31
1973-11-11,4.31
1973-11-12,4.31
1973-11-13,4.31
1973-11-14,4.31
1973-11-15,4.31
1973-11-16,4.31
1973-11-17,4.31
1973-11-18,4.31
1973-11-19,4.31
1973-11-20,4.31
1973-11-21,4.31
1973-11-22,4.31
1973-11-23,4.31
1973-11-24,4.31
1973-11-25,4.31
1973-11-26,4.31
1973-11-27,4.31
1973-11-28,4.31
1973-11-29,4.31
1973-11-30,4.31
1973-12-01,4.31
1973-12-02,4.31
1973-12-03,4.31
1973-12-04,4.31
1973-12-05,4.31
1973-12-06,4.31
1973-12-07,4.31
1973-12-08,4.31
1973-12-09,4.31
1973-12-10,4.31
1973-12-11,4.31
1973-12-12,4.31
1973-12-13,4.31
1973-12-14,4.31
1973-12-15,4.31
1973-12-16,4.31
1973-12-17,4.31
1973-12-18,4.31
1973-12-19,4.31
1973-12-20,4.31
1973-12-21,4.31
1973-12-22,4.31
1973-12-23,4.31
1973-12-24,4.31
1973-12-25,4.31
1973-12-26,4.31
1973-12-27,4.31
1973-12-28,4.31
1973-12-29,4.31
1973-12-30,4.31
1973-12-31,4.31
1974-01-01,10.11
1974-01-02,10.11
1974-01-03,10.11
1974-01-04,10.11
1974-01-05,10.11
1974-01-06,10.11
1974-01-07,10.11
1974-01-08,10.11
1974-01-09,10.11
1974-01-10,10.11
1974-01-11,10.11
1974-01-12,10.11
1974-01-13,10.11
1974-01-14,10.11
1974-01-15,10.11
1974-01-16,10.11
1974-01-17,10.11
1974-01-18,10.11
1974-01-19,10.11
1974-01-20,10.11
1974-01-21,10.11
1974-01-22,10.11
1974-01-23,10.11
1974-01-24,10.11
1974-01-25,10.11
1974-01-26,10.11
1974-01-27,10.11
1974-01-28,10.11
1974-01-29,10.11
1974-01-30,10.11
1974-01-31,10.11
1974-02-01,10.11
1974-02-02,10.11
1974-02-03,10.11
1974-02-04,10.11
1974-02-05,10.11
1974-02-06,10.11
1974-02-07,10.11
1974-02-08,10.11
1974-02-09,10.11
1974-02-10,10.11
1974-02-11,10.11
1974-02-12,10.11
1974-02-13,10.11
1974-02-14,10.11
1974-02-15,10.11
1974-02-16,10.11
1974-02-17,10.11
1974-02-18,10.11
1974-02-19,10.11
1974-02-20,10.11
1974-02-21,10.11
1974-02-22,10.11
1974-02-23,10.11
1974-02-24,10.11
1974-02-25,10.11
1974-02-26,10.11
1974-02-27,10.11
1974-02-28,10.11
1974-03-01,10.11
1974-03-02,10.11
1974-03-03,10.11
1974-03-04,10.11
1974-03-05,10.11
1974-03-06,10.11
1974-03-07,10.11
1974-03-08,10.11
1974-03-09,10.11
1974-03-10,10.11
1974-03-11,10.11
1974-03-12,10.11
1974-03-13,10.11
1974-03-14,10.11
1974-03-15,10.11
1974-03-16,10.11
1974-03-17,10.11
1974-03-18,10.11
1974-03-19,10.11
1974-03-20,10.11
1974-03-21,10.11
1974-03-22,10.11
1974-03-23,10.11
1974-03-24,10.11
1974-03-25,10.11
1974-03-26,10.11
1974-03-27,10.11
1974-03-28,10.11
1974-03-29,10.11
1974-03-30,10.11
1974-03-31,10.11
1974-04-01,10.11
1974-04-02,10.11
1974-04-03,10.11
1974-04-04,10.11
1974-04-05,10.11
1974-04-06,10.11
1974-04-07,10.11
1974-04-08,10.11
1974-04-09,10.11
1974-04-10,10.11
1974-04-11,10.11
1974-04-12,10.11
1974-04-13,10.11
1974-04-14,10.11
1974-04-15,10.11
1974-04-16,10.11
1974-04-17,10.11
1974-04-18,10.11
1974-04-19,10.11
1974-04-20,10.11
1974-04-21,10.11
1974-04-22,10.11
1974-04-23,10.11
1974-04-24,10.11
1974-04-25,10.11
1974-04-26,10.11
1974-04-27,10.11
1974-04-28,10.11
1974-04-29,10.11
1974-04-30,10.11
1974-05-01,10.11
1974-05-02,10.11
1974-05-03,10.11
1974-05-04,10.11
1974-05-05,10.11
1974-05-06,10.11
1974-05-07,10.11
1974-05-08,10.11
1974-05-09,10.11
1974-05-10,10.11
1974-05-11,10.11
1974-05-12,10.11
1974-05-13,10.11
1974-05-14,10.11
1974-05-15,10.11
1974-05-16,10.11
1974-05-17,10.11
1974-05-18,10.11
1974-05-19,10.11
1974-05-20,10.11
1974-05-21,10.11
1974-05-22,10.11
1974-05-23,10.11
1974-05-24,10.11
1974-05-25,10.11
1974-05-26,10.11
1974-05-27,10.11
1974-05-28,10.11
1974-05-29,10.11
1974-05-30,10.11
1974-05-31,10.11
1974-06-01,10.11
1974-06-02,10.11
1974-06-03,10.11
1974-06-04,10.11
1974-06-05,10.11
1974-06-06,10.11
1974-06-07,10.11
1974-06-08,10.11
1974-06-09,10.11
1974-06-10,10.11
1974-06-11,10.11
1974-06-12,10.11
1974-06-13,10.11
1974-06-14,10.11
1974-06-15,10.11
1974-06-16,10.11
1974-06-17,10.11
1974-06-18,10.11
1974-06-19,10.11
1974-06-20,10.11
1974-06-21,10.11
1974-06-22,10.11
1974-06-23,10.11
1974-06-24,10.11
1974-06-25,10.11
1974-06-26,10.11
1974-06-27,10.11
1974-06-28,10.11
1974-06-29,10.11
1974-06-30,10.11
1974-07-01,10.11
1974-07-02,10.11
1974-07-03,10.11
1974-07-04,10.11
1974-07-05,10.11
1974-07-06,10.11
1974-07-07,10.11
1974-07-08,10.11
1974-07-09,10.11
1974-07-10,10.11
1974-07-11,10.11
1974-07-12,10.11
1974-07-13,10.11
1974-07-14,10.11
1974-07-15,10.11
1974-07-16,10.11
1974-07-17,10.11
1974-07-18,10.11
1974-07-19,10.11
1974-07-20,10.11
1974-07-21,10.11
1974-07-22,10.11
1974-07-23,10.11
1974-07-24,10.11
1974-07-25,10.11
1974-07-26,10.11
1974-07-27,10.11
1974-07-28,10.11
1974-07-29,10.11
1974-07-30,10.11
1974-07-31,10.11
1974-08-01,10.11
1974-08-02,10.11
1974-08-03,10.11
1974-08-04,10.11
1974-08-05,10.11
1974-08-06,10.11
1974-08-07,10.11
1974-08-08,10.11
1974-08-09,10.11
1974-08-10,10.11
1974-08-11,10.11
1974-08-12,10.11
1974-08-13,10.11
1974-08-14,10.11
1974-08-15,10.11
1974-08-16,10.11
1974-08-17,10.11
1974-08-18,10.11
1974-08-19,10.11
1974-08-20,10.11
1974-08-21,10.11
1974-08-22,10.11
1974-08-23,10.11
1974-08-24,10.11
1974-08-25,10.11
1974-08-26,10.11
1974-08-27,10.11
1974-08-28,10.11
1974-08-29,10.11
1974-08-30,10.11
1974-08-31,10.11
1974-09-01,10.11
1974-09-02,10.11
1974-09-03,10.11
1974-09-04,10.11
1974-09-05,10.11
1974-09-06,10.11
1974-09-07,10.11
1974-09-08,10.11
1974-09-09,10.11
1974-09-10,10.11
1974-09-11,10.11
1974-09-12,10.11
1974-09-13,10.11
1974-09-14,10.11
1974-09-15,10.11
1974-09-16,10.11
1974-09-17,10.11
1974-09-18,10.11
1974-09-19,10.11
1974-09-20,10.11
1974-09-21,10.11
1974-09-22,10.11
1974-09-23,10.11
1974-09-24,10.11
1974-09-25,10.11
1974-09-26,10.11
1974-09-27,10.11
1974-09-28,10.11
1974-09-29,10.11
1974-09-30,10.11
1974-10-01,11.16
1974-10-02,11.16
1974-10-03,11.16
1974-10-04,11.16
1974-10-05,11.16
1974-10-06,11.16
1974-10-07,11.16
1974-10-08,11.16
1974-10-09,11.16
1974-10-10,11.16
1974-10-11,11.16
1974-10-12,11.16
1974-10-13,11.16
1974-10-14,11.16
1974-10-15,11.16
1974-10-16,11.16
1974-10-17,11.16
1974-10-18,11.16
1974-10-19,11.16
1974-10-20,11.16
1974-10-21,11.16
1974-10-22,11.16
1974-10-23,11.16
1974-10-24,11.16
1974-10-25,11.16
1974-10-26,11.16
1974-10-27,11.16
1974-10-28,11.16
1974-10-29,11.16
1974-10-30,11.16
1974-10-31,11.16
1974-11-01,11.16
1974-11-02,11.16
1974-11-03,11.16
1974-11-04,11.16
1974-11-05,11.16
1974-11-06,11.16
1974-11-07,11.16
1974-11-08,11.16
1974-11-09,11.16
1974-11-10,11.16
1974-11-11,11.16
1974-11-12,11.16
1974-11-13,11.16
1974-11-14,11.16
1974-11-15,11.16
1974-11-16,11.16
1974-11-17,11.16
1974-11-18,11.16
1974-11-19,11.16
1974-11-20,11.16
1974-11-21,11.16
1974-11-22,11.16
1974-11-23,11.16
1974-11-24,11.16
1974-11-25,11.16
1974-11-26,11.16
1974-11-27,11.16
1974-11-28,11.16
1974-11-29,11.16
1974-11-30,11.16
1974-12-01,11.16
1974-12-02,11.16
1974-12-03,11.16
1974-12-04,11.16
1974-12-05,11.16
1974-12-06,11.16
1974-12-07,11.16
1974-12-08,11.16
1974-12-09,11.16
1974-12-10,11.16
1974-12-11,11.16
1974-12-12,11.16
1974-12-13,11.16
1974-12-14,11.16
1974-12-15,11.16
1974-12-16,11.16
1974-12-17,11.16
1974-12-18,11.16
1974-12-19,11.16
1974-12-20,11.16
1974-12-21,11.16
1974-12-22,11.16
1974-12-23,11.16
1974-12-24,11.16
1974-12-25,11.16
1974-12-26,11.16
1974-12-27,11.16
1974-12-28,11.16
1974-12-29,11.16
1974-12-30,11.16
1974-12-31,11.16
1975-01-01,11.16
1975-01-02,11.16
1975-01-03,11.16
1975-01-04,11.16
1975-01-05,11.16
1975-01-06,11.16
1975-01-07,11.16
1975-01-08,11.16
1975-01-09,11.16
1975-01-10,11.16
1975-01-11,11.16
1975-01-12,11.16
1975-01-13,11.16
1975-01-14,11.16
1975-01-15,11.16
1975-01-16,11.16
1975-01-17,11.16
1975-01-18,11.16
1975-01-19,11.16
1975-01-20,11.16
1975-01-21,11.16
1975-01-22,11.16
1975-01-23,11.16
1975-01-24,11.16
1975-01-25,11.16
1975-01-26,11.16
1975-01-27,11.16
1975-01-28,11.16
1975-01-29,11.16
1975-01-30,11.16
1975-01-31,11.16
1975-02-01,11.16
1975-02-02,11.16
1975-02-03,11.16
1975-02-04,11.16
1975-02-05,11.16
1975-02-06,11.16
1975-02-07,11.16
1975-02-08,11.16
1975-02-09,11.16
1975-02-10,11.16
1975-02-11,11.16
1975-02-12,11.16
1975-02-13,11.16
1975-02-14,11.16
1975-02-15,11.16
1975-02-16,11.16
1975-02-17,11.16
1975-02-18,11.16
1975-02-19,11.16
1975-02-20,11.16
1975-02-21,11.16
1975-02-22,11.16
1975-02-23,11.16
1975-02-24,11.16
1975-02-25,11.16
1975-02-26,11.16
1975-02-27,11.16
1975-02-28,11.16
1975-03-01,11.16
1975-03-02,11.16
1975-03-03,11.16
1975-03-04,11.16
1975-03-05,11.16
1975-03-06,11.16
1975-03-07,11.16
1975-03-08,11.16
1975-03-09,11.16
1975-03-10,11.16
1975-03-11,11.16
1975-03-12,11.16
1975-03-13,11.16
1975-03-14,11.16
1975-03-15,11.16
1975-03-16,11.16
1975-03-17,11.16
1975-03-18,11.16
1975-03-19,11.16
1975-03-20,11.16
1975-03-21,11.16
1975-03-22,11.16
1975-03-23,11.16
1975-03-24,11.16
1975-03-25,11.16
1975-03-26,11.16
1975-03-27,11.16
1975-03-28,11.16
1975-03-29,11.16
1975-03-30,11.16
1975-03-31,11.16
1975-04-01,11.16
1975-04-02,11.16
1975-04-03,11.16
1975-04-04,11.16
1975-04-05,11.16
1975-04-06,11.16
1975-04-07,11.16
1975-04-08,11.16
1975-04-09,11.16
1975-04-10,11.16
1975-04-11,11.16
1975-04-12,11.16
1975-04-13,11.16
1975-04-14,11.16
1975-04-15,11.16
1975-04-16,11.16
1975-04-17,11.16
1975-04-18,11.16
1975-04-19,11.16
1975-04-20,11.16
1975-04-21,11.16
1975-04-22,11.16
1975-04-23,11.16
1975-04-24,11.16
1975-04-25,11.16
1975-04-26,11.16
1975-04-27,11.16
1975-04-28,11.16
1975-04-29,11.16
1975-04-30,11.16
1975-05-01,11.16
1975-05-02,11.16
1975-05-03,11.16
1975-05-04,11.16
1975-05-05,11.16
1975-05-06,11.16
1975-05-07,11.16
1975-05-08,11.16
1975-05-09,11.16
1975-05-10,11.16
1975-05-11,11.16
1975-05-12,11.16
1975-05-13,11.16
1975-05-14,11.16
1975-05-15,11.16
1975-05-16,11.16
1975-05-17,11.16
1975-05-18,11.16
1975-05-19,11.16
1975-05-20,11.16
1975-05-21,11.16
1975-05-22,11.16
1975-05-23,11.16
1975-05-24,11.16
1975-05-25,11.16
1975-05-26,11.16
1975-05-27,11.16
1975-05-28,11.16
1975-05-29,11.16
1975-05-30,11.16
1975-05-31,11.16
1975-06-01,11.16
1975-06-02,11.16
1975-06-03,11.16
1975-06-04,11.16
1975-06-05,11.16
1975-06-06,11.16
1975-06-07,11.16
1975-06-08,11.16
1975-06-09,11.16
1975-06-10,11.16
1975-06-11,11.16
1975-06-12,11.16
1975-06-13,11.16
1975-06-14,11.16
1975-06-15,11.16
1975-06-16,11.16
1975-06-17,11.16
1975-06-18,11.16
1975-06-19,11.16
1975-06-20,11.16
1975-06-21,11.16
1975-06-22,11.16
1975-06-23,11.16
1975-06-24,11.16
1975-06-25,11.16
1975-06-26,11.16
1975-06-27,11.16
1975-06-28,11.16
1975-06-29,11.16
1975-06-30,11.16
1975-07-01,11.16
1975-07-02,11.16
1975-07-03,11.16
1975-07-04,11.16
1975-07-05,11.16
1975-07-06,11.16
1975-07-07,11.16
1975-07-08,11.16
1975-07-09,11.16
1975-07-10,11.16
1975-07-11,11.16
1975-07-12,11.16
1975-07-13,11.16
1975-07-14,11.16
1975-07-15,11.16
1975-07-16,11.16
1975-07-17,11.16
1975-07-18,11.16
1975-07-19,11.16
1975-07-20,11.16
1975-07-21,11.16
1975-07-22,11.16
1975-07-23,11.16
1975-07-24,11.16
1975-07-25,11.16
1975-07-26,11.16
1975-07-27,11.16
1975-07-28,11.16
1975-07-29,11.16
1975-07-30,11.16
1975-07-31,11.16
1975-08-01,11.16
1975-08-02,11.16
1975-08-03,11.16
1975-08-04,11.16
1975-08-05,11.16
1975-08-06,11.16
1975-08-07,11.16
1975-08-08,11.16
1975-08-09,11.16
1975-08-10,11.16
1975-08-11,11.16
1975-08-12,11.16
1975-08-13,11.16
1975-08-14,11.16
1975-08-15,11.16
1975-08-16,11.16
1975-08-17,11.16
1975-08-18,11.16
1975-08-19,11.16
1975-08-20,11.16
1975-08-21,11.16
1975-08-22,11.16
1975-08-23,11.16
1975-08-24,11.16
1975-08-25,11.16
1975-08-26,11.16
1975-08-27,11.16
1975-08-28,11.16
1975-08-29,11.16
1975-08-30,11.16
1975-08-31,11.16
1975-09-01,11.16
1975-09-02,11.16
1975-09-03,11.16
1975-09-04,11.16
1975-09-05,11.16
1975-09-06,11.16
1975-09-07,11.16
1975-09-08,11.16
1975-09-09,11.16
1975-09-10,11.16
1975-09-11,11.16
1975-09-12,11.16
1975-09-13,11.16
1975-09-14,11.16
1975-09-15,11.16
1975-09-16,11.16
1975-09-17,11.16
1975-09-18,11.16
1975-09-19,11.16
1975-09-20,11.16
1975-09-21,11.16
1975-09-22,11.16
1975-09-23,11.16
1975-09-24,11.16
1975-09-25,11.16
1975-09-26,11.16
1975-09-27,11.16
1975-09-28,11.16
1975-09-29,11.16
1975-09-30,11.16
1975-10-01,11.16
1975-10-02,11.16
1975-10-03,11.16
1975-10-04,11.16
1975-10-05,11.16
1975-10-06,11.16
1975-10-07,11.16
1975-10-08,11.16
1975-10-09,11.16
1975-10-10,11.16
1975-10-11,11.16
1975-10-12,11.16
1975-10-13,11.16
1975-10-14,11.16
1975-10-15,11.16
1975-10-16,11.16
1975-10-17,11.16
1975-10-18,11.16
1975-10-19,11.16
1975-10-20,11.16
1975-10-21,11.16
1975-10-22,11.16
1975-10-23,11.16
1975-10-24,11.16
1975-10-25,11.16
1975-10-26,11.16
1975-10-27,11.16
1975-10-28,11.16
1975-10-29,11.16
1975-10-30,11.16
1975-10-31,11.16
1975-11-01,11.16
1975-11-02,11.16
1975-11-03,11.16
1975-11-04,11.16
1975-11-05,11.16
1975-11-06,11.16
1975-11-07,11.16
1975-11-08,11.16
1975-11-09,11.16
1975-11-10,11.16
1975-11-11,11.16
1975-11-12,11.16
1975-11-13,11.16
1975-11-14,11.16
1975-11-15,11.16
1975-11-16,11.16
1975-11-17,11.16
1975-11-18,11.16
1975-11-19,11.16
1975-11-20,11.16
1975-11-21,11.16
1975-11-22,11.16
1975-11-23,11.16
1975-11-24,11.16
1975-11-25,11.16
1975-11-26,11.16
1975-11-27,11.16
1975-11-28,11.16
1975-11-29,11.16
1975-11-30,11.16
1975-12-01,11.16
1975-12-02,11.16
1975-12-03,11.16
1975-12-04,11.16
1975-12-05,11.16
1975-12-06,11.16
1975-12-07,11.16
1975-12-08,11.16
1975-12-09,11.16
1975-12-10,11.16
1975-12-11,11.16
1975-12-12,11.16
1975-12-13,11.16
1975-12-14,11.16
1975-12-15,11.16
1975-12-16,11.16
1975-12-17,11.16
1975-12-18,11.16
1975-12-19,11.16
1975-12-20,11.16
1975-12-21,11.16
1975-12-22,11.16
1975-12-23,11.16
1975-12-24,11.16
1975-12-25,11.16
1975-12-26,11.16
1975-12-27,11.16
1975-12-28,11.16
1975-12-29,11.16
1975-12-30,11.16
1975-12-31,11.16
1976-01-01,11.16
1976-01-02,11.16
1976-01-03,11.16
1976-01-04,11.16
1976-01-05,11.16
1976-01-06,11.16
1976-01-07,11.16
1976-01-08,11.16
1976-01-09,11.16
1976-01-10,11.16
1976-01-11,11.16
1976-01-12,11.16
1976-01-13,11.16
1976-01-14,11.16
1976-01-15,11.16
1976-01-16,11.16
1976-01-17,11.16
1976-01-18,11.16
1976-01-19,11.16
1976-01-20,11.16
1976-01-21,11.16
1976-01-22,11.16
1976-01-23,11.16
1976-01-24,11.16
1976-01-25,11.16
1976-01-26,11.16
1976-01-27,11.16
1976-01-28,11.16
1976-01-29,11.16
1976-01-30,11.16
1976-01-31,11.16
1976-02-01,12.03
1976-02-02,12.03
1976-02-03,12.03
1976-02-04,12.03
1976-02-05,12.03
1976-02-06,12.03
1976-02-07,12.03
1976-02-08,12.03
1976-02-09,12.03
1976-02-10,12.03
1976-02-11,12.03
1976-02-12,12.03
1976-02-13,12.03
1976-02-14,12.03
1976-02-15,12.03
1976-02-16,12.03
1976-02-17,12.03
1976-02-18,12.03
1976-02-19,12.03
1976-02-20,12.03
1976-02-21,12.03
1976-02-22,12.03
1976-02-23,12.03
1976-02-24,12.03
1976-02-25,12.03
1976-02-26,12.03
1976-02-27,12.03
1976-02-28,12.03
1976-02-29,12.03
1976-03-01,12.1
1976-03-02,12.1
1976-03-03,12.1
1976-03-04,12.1
1976-03-05,12.1
1976-03-06,12.1
1976-03-07,12.1
1976-03-08,12.1
1976-03-09,12.1
1976-03-10,12.1
1976-03-11,12.1
1976-03-12,12.1
1976-03-13,12.1
1976-03-14,12.1
1976-03-15,12.1
1976-03-16,12.1
1976-03-17,12.1
1976-03-18,12.1
1976-03-19,12.1
1976-03-20,12.1
1976-03-21,12.1
1976-03-22,12.1
1976-03-23,12.1
1976-03-24,12.1
1976-03-25,12.1
1976-03-26,12.1
1976-03-27,12.1
1976-03-28,12.1
1976-03-29,12.1
1976-03-30,12.1
1976-03-31,12.1
1976-04-01,12.17
1976-04-02,12.17
1976-04-03,12.17
1976-04-04,12.17
1976-04-05,12.17
1976-04-06,12.17
1976-04-07,12.17
1976-04-08,12.17
1976-04-09,12.17
1976-04-10,12.17
1976-04-11,12.17
1976-04-12,12.17
1976-04-13,12.17
1976-04-14,12.17
1976-04-15,12.17
1976-04-16,12.17
1976-04-17,12.17
1976-04-18,12.17
1976-04-19,12.17
1976-04-20,12.17
1976-04-21,12.17
1976-04-22,12.17
1976-04-23,12.17
1976-04-24,12.17
1976-04-25,12.17
1976-04-26,12.17
1976-04-27,12.17
1976-04-28,12.17
1976-04-29,12.17
1976-04-30,12.17
1976-05-01,12.17
1976-05-02,12.17
1976-05-03,12.17
1976-05-04,12.17
1976-05-05,12.17
1976-05-06,12.17
1976-05-07,12.17
1976-05-08,12.17
1976-05-09,12.17
1976-05-10,12.17
1976-05-11,12.17
1976-05-12,12.17
1976-05-13,12.17
1976-05-14,12.17
1976-05-15,12.17
1976-05-16,12.17
1976-05-17,12.17
1976-05-18,12.17
1976-05-19,12.17
1976-05-20,12.17
1976-05-21,12.17
1976-05-22,12.17
1976-05-23,12.17
1976-05-24,12.17
1976-05-25,12.17
1976-05-26,12.17
1976-05-27,12.17
1976-05-28,12.17
1976-05-29,12.17
1976-05-30,12.17
1976-05-31,12.17
1976-06-01,12.17
1976-06-02,12.17
1976-06-03,12.17
1976-06-04,12.17
1976-06-05,12.17
1976-06-06,12.17
1976-06-07,12.17
1976-06-08,12.17
1976-06-09,12.17
1976-06-10,12.17
1976-06-11,12.17
1976-06-12,12.17
1976-06-13,12.17
1976-06-14,12.17
1976-06-15,12.17
1976-06-16,12.17
1976-06-17,12.17
1976-06-18,12.17
1976-06-19,12.17
1976-06-20,12.17
1976-06-21,12.17
1976-06-22,12.17
1976-06-23,12.17
1976-06-24,12.17
1976-06-25,12.17
1976-06-26,12.17
1976-06-27,12.17
1976-06-28,12.17
1976-06-29,12.17
1976-06-30,12.17
1976-07-01,12.17
1976-07-02,12.17
1976-07-03,12.17
1976-07-04,12.17
1976-07-05,12.17
1976-07-06,12.17
1976-07-07,12.17
1976-07-08,12.17
1976-07-09,12.17
1976-07-10,12.17
1976-07-11,12.17
1976-07-12,12.17
1976-07-13,12.17
1976-07-14,12.17
1976-07-15,12.17
1976-07-16,12.17
1976-07-17,12.17
1976-07-18,12.17
1976-07-19,12.17
1976-07-20,12.17
1976-07-21,12.17
1976-07-22,12.17
1976-07-23,12.17
1976-07-24,12.17
1976-07-25,12.17
1976-07-26,12.17
1976-07-27,12.17
1976-07-28,12.17
1976-07-29,12.17
1976-07-30,12.17
1976-07-31,12.17
1976-08-01,12.17
1976-08-02,12.17
1976-08-03,12.17
1976-08-04,12.17
1976-08-05,12.17
1976-08-06,12.17
1976-08-07,12.17
1976-08-08,12.17
1976-08-09,12.17
1976-08-10,12.17
1976-08-11,12.17
1976-08-12,12.17
1976-08-13,12.17
1976-08-14,12.17
1976-08-15,12.17
1976-08-16,12.17
1976-08-17,12.17
1976-08-18,12.17
1976-08-19,12.17
1976-08-20,12.17
1976-08-21,12.17
1976-08-22,12.17
1976-08-23,12.17
1976-08-24,12.17
1976-08-25,12.17
1976-08-26,12.17
1976-08-27,12.17
1976-08-28,12.17
1976-08-29,12.17
1976-08-30,12.17
1976-08-31,12.17
1976-09-01,13.9
1976-09-02,13.9
1976-09-03,13.9
1976-09-04,13.9
1976-09-05,13.9
1976-09-06,13.9
1976-09-07,13.9
1976-09-08,13.9
1976-09-09,13.9
1976-09-10,13.9
1976-09-11,13.9
1976-09-12,13.9
1976-09-13,13.9
1976-09-14,13.9
1976-09-15,13.9
1976-09-16,13.9
1976-09-17,13.9
1976-09-18,13.9
1976-09-19,13.9
1976-09-20,13.9
1976-09-21,13.9
1976-09-22,13.9
1976-09-23,13.9
1976-09-24,13.9
1976-09-25,13.9
1976-09-26,13.9
1976-09-27,13.9
1976-09-28,13.9
1976-09-29,13.9
1976-09-30,13.9
1976-10-01,13.9
1976-10-02,13.9
1976-10-03,13.9
1976-10-04,13.9
1976-10-05,13.9
1976-10-06,13.9
1976-10-07,13.9
1976-10-08,13.9
1976-10-09,13.9
1976-10-10,13.9
1976-10-11,13.9
1976-10-12,13.9
1976-10-13,13.9
1976-10-14,13.9
1976-10-15,13.9
1976-10-16,13.9
1976-10-17,13.9
1976-10-18,13.9
1976-10-19,13.9
1976-10-20,13.9
1976-10-21,13.9
1976-10-22,13.9
1976-10-23,13.9
1976-10-24,13.9
1976-10-25,13.9
1976-10-26,13.9
1976-10-27,13.9
1976-10-28,13.9
1976-10-29,13.9
1976-10-30,13.9
1976-10-31,13.9
1976-11-01,13.9
1976-11-02,13.9
1976-11-03,13.9
1976-11-04,13.9
1976-11-05,13.9
1976-11-06,13.9
1976-11-07,13.9
1976-11-08,13.9
1976-11-09,13.9
1976-11-10,13.9
1976-11-11,13.9
1976-11-12,13.9
1976-11-13,13.9
1976-11-14,13.9
1976-11-15,13.9
1976-11-16,13.9
1976-11-17,13.9
1976-11-18,13.9
1976-11-19,13.9
1976-11-20,13.9
1976-11-21,13.9
1976-11-22,13.9
1976-11-23,13.9
1976-11-24,13.9
1976-11-25,13.9
1976-11-26,13.9
1976-11-27,13.9
1976-11-28,13.9
1976-11-29,13.9
1976-11-30,13.9
1976-12-01,13.9
1976-12-02,13.9
1976-12-03,13.9
1976-12-04,13.9
1976-12-05,13.9
1976-12-06,13.9
1976-12-07,13.9
1976-12-08,13.9
1976-12-09,13.9
1976-12-10,13.9
1976-12-11,13.9
1976-12-12,13.9
1976-12-13,13.9
1976-12-14,13.9
1976-12-15,13.9
1976-12-16,13.9
1976-12-17,13.9
1976-12-18,13.9
1976-12-19,13.9
1976-12-20,13.9
1976-12-21,13.9
1976-12-22,13.9
1976-12-23,13.9
1976-12-24,13.9
1976-12-25,13.9
1976-12-26,13.9
1976-12-27,13.9
1976-12-28,13.9
1976-12-29,13.9
1976-12-30,13.9
1976-12-31,13.9
1977-01-01,13.9
1977-01-02,13.9
1977-01-03,13.9
1977-01-04,13.9
1977-01-05,13.9
1977-01-06,13.9
1977-01-07,13.9
1977-01-08,13.9
1977-01-09,13.9
1977-01-10,13.9
1977-01-11,13.9
1977-01-12,13.9
1977-01-13,13.9
1977-01-14,13.9
1977-01-15,13.9
1977-01-16,13.9
1977-01-17,13.9
1977-01-18,13.9
1977-01-19,13.9
1977-01-20,13.9
1977-01-21,13.9
1977-01-22,13.9
1977-01-23,13.9
1977-01-24,13.9
1977-01-25,13.9
1977-01-26,13.9
1977-01-27,13.9
1977-01-28,13.9
1977-01-29,13.9
1977-01-30,13.9
1977-01-31,13.9
1977-02-01,13.9
1977-02-02,13.9
1977-02-03,13.9
1977-02-04,13.9
1977-02-05,13.9
1977-02-06,13.9
1977-02-07,13.9
1977-02-08,13.9
1977-02-09,13.9
1977-02-10,13.9
1977-02-11,13.9
1977-02-12,13.9
1977-02-13,13.9
1977-02-14,13.9
1977-02-15,13.9
1977-02-16,13.9
1977-02-17,13.9
1977-02-18,13.9
1977-02-19,13.9
1977-02-20,13.9
1977-02-21,13.9
1977-02-22,13.9
1977-02-23,13.9
1977-02-24,13.9
1977-02-25,13.9
1977-02-26,13.9
1977-02-27,13.9
1977-02-28,13.9
1977-03-01,13.9
1977-03-02,13.9
1977-03-03,13.9
1977-03-04,13.9
1977-03-05,13.9
1977-03-06,13.9
1977-03-07,13.9
1977-03-08,13.9
1977-03-09,13.9
1977-03-10,13.9
1977-03-11,13.9
1977-03-12,13.9
1977-03-13,13.9
1977-03-14,13.9
1977-03-15,13.9
1977-03-16,13.9
1977-03-17,13.9
1977-03-18,13.9
1977-03-19,13.9
1977-03-20,13.9
1977-03-21,13.9
1977-03-22,13.9
1977-03-23,13.9
1977-03-24,13.9
1977-03-25,13.9
1977-03-26,13.9
1977-03-27,13.9
1977-03-28,13.9
1977-03-29,13.9
1977-03-30,13.9
1977-03-31,13.9
1977-04-01,13.9
1977-04-02,13.9
1977-04-03,13.9
1977-04-04,13.9
1977-04-05,13.9
1977-04-06,13.9
1977-04-07,13.9
1977-04-08,13.9
1977-04-09,13.9
1977-04-10,13.9
1977-04-11,13.9
1977-04-12,13.9
1977-04-13,13.9
1977-04-14,13.9
1977-04-15,13.9
1977-04-16,13.9
1977-04-17,13.9
1977-04-18,13.9
1977-04-19,13.9
1977-04-20,13.9
1977-04-21,13.9
1977-04-22,13.9
1977-04-23,13.9
1977-04-24,13.9
1977-04-25,13.9
1977-04-26,13.9
1977-04-27,13.9
1977-04-28,13.9
1977-04-29,13.9
1977-04-30,13.9
1977-05-01,13.9
1977-05-02,13.9
1977-05-03,13.9
1977-05-04,13.9
1977-05-05,13.9
1977-05-06,13.9
1977-05-07,13.9
1977-05-08,13.9
1977-05-09,13.9
1977-05-10,13.9
1977-05-11,13.9
1977-05-12,13.9
1977-05-13,13.9
1977-05-14,13.9
1977-05-15,13.9
1977-05-16,13.9
1977-05-17,13.9
1977-05-18,13.9
1977-05-19,13.9
1977-05-20,13.9
1977-05-21,13.9
1977-05-22,13.9
1977-05-23,13.9
1977-05-24,13.9
1977-05-25,13.9
1977-05-26,13.9
1977-05-27,13.9
1977-05-28,13.9
1977-05-29,13.9
1977-05-30,13.9
1977-05-31,13.9
1977-06-01,13.9
1977-06-02,13.9
1977-06-03,13.9
1977-06-04,13.9
1977-06-05,13.9
1977-06-06,13.9
1977-06-07,13.9
1977-06-08,13.9
1977-06-09,13.9
1977-06-10,13.9
1977-06-11,13.9
1977-06-12,13.9
1977-06-13,13.9
1977-06-14,13.9
1977-06-15,13.9
1977-06-16,13.9
1977-06-17,13.9
1977-06-18,13.9
1977-06-19,13.9
1977-06-20,13.9
1977-06-21,13.9
1977-06-22,13.9
1977-06-23,13.9
1977-06-24,13.9
1977-06-25,13.9
1977-06-26,13.9
1977-06-27,13.9
1977-06-28,13.9
1977-06-29,13.9
1977-06-30,13.9
1977-07-01,13.9
1977-07-02,13.9
1977-07-03,13.9
1977-07-04,13.9
1977-07-05,13.9
1977-07-06,13.9
1977-07-07,13.9
1977-07-08,13.9
1977-07-09,13.9
1977-07-10,13.9
1977-07-11,13.9
1977-07-12,13.9
1977-07-13,13.9
1977-07-14,13.9
1977-07-15,13.9
1977-07-16,13.9
1977-07-17,13.9
1977-07-18,13.9
1977-07-19,13.9
1977-07-20,13.9
1977-07-21,13.9
1977-07-22,13.9
1977-07-23,13.9
1977-07-24,13.9
1977-07-25,13.9
1977-07-26,13.9
1977-07-27,13.9
1977-07-28,13.9
1977-07-29,13.9
1977-07-30,13.9
1977-07-31,13.9
1977-08-01,14.85
1977-08-02,14.85
1977-08-03,14.85
1977-08-04,14.85
1977-08-05,14.85
1977-08-06,14.85
1977-08-07,14.85
1977-08-08,14.85
1977-08-09,14.85
1977-08-10,14.85
1977-08-11,14.85
1977-08-12,14.85
1977-08-13,14.85
1977-08-14,14.85
1977-08-15,14.85
1977-08-16,14.85
1977-08-17,14.85
1977-08-18,14.85
1977-08-19,14.85
1977-08-20,14.85
1977-08-21,14.85
1977-08-22,14.85
1977-08-23,14.85
1977-08-24,14.85
1977-08-25,14.85
1977-08-26,14.85
1977-08-27,14.85
1977-08-28,14.85
1977-08-29,14.85
1977-08-30,14.85
1977-08-31,14.85
1977-09-01,14.85
1977-09-02,14.85
1977-09-03,14.85
1977-09-04,14.85
1977-09-05,14.85
1977-09-06,14.85
1977-09-07,14.85
1977-09-08,14.85
1977-09-09,14.85
1977-09-10,14.85
1977-09-11,14.85
1977-09-12,14.85
1977-09-13,14.85
1977-09-14,14.85
1977-09-15,14.85
1977-09-16,14.85
1977-09-17,14.85
1977-09-18,14.85
1977-09-19,14.85
1977-09-20,14.85
1977-09-21,14.85
1977-09-22,14.85
1977-09-23,14.85
1977-09-24,14.85
1977-09-25,14.85
1977-09-26,14.85
1977-09-27,14.85
1977-09-28,14.85
1977-09-29,14.85
1977-09-30,14.85
1977-10-01,14.85
1977-10-02,14.85
1977-10-03,14.85
1977-10-04,14.85
1977-10-05,14.85
1977-10-06,14.85
1977-10-07,14.85
1977-10-08,14.85
1977-10-09,14.85
1977-10-10,14.85
1977-10-11,14.85
1977-10-12,14.85
1977-10-13,14.85
1977-10-14,14.85
1977-10-15,14.85
1977-10-16,14.85
1977-10-17,14.85
1977-10-18,14.85
1977-10-19,14.85
1977-10-20,14.85
1977-10-21,14.85
1977-10-22,14.85
1977-10-23,14.85
1977-10-24,14.85
1977-10-25,14.85
1977-10-26,14.85
1977-10-27,14.85
1977-10-28,14.85
1977-10-29,14.85
1977-10-30,14.85
1977-10-31,14.85
1977-11-01,14.85
1977-11-02,14.85
1977-11-03,14.85
1977-11-04,14.85
1977-11-05,14.85
1977-11-06,14.85
1977-11-07,14.85
1977-11-08,14.85
1977-11-09,14.85
1977-11-10,14.85
1977-11-11,14.85
1977-11-12,14.85
1977-11-13,14.85
1977-11-14,14.85
1977-11-15,14.85
1977-11-16,14.85
1977-11-17,14.85
1977-11-18,14.85
1977-11-19,14.85
1977-11-20,14.85
1977-11-21,14.85
1977-11-22,14.85
1977-11-23,14.85
1977-11-24,14.85
1977-11-25,14.85
1977-11-26,14.85
1977-11-27,14.85
1977-11-28,14.85
1977-11-29,14.85
1977-11-30,14.85
1977-12-01,14.85
1977-12-02,14.85
1977-12-03,14.85
1977-12-04,14.85
1977-12-05,14.85
1977-12-06,14.85
1977-12-07,14.85
1977-12-08,14.85
1977-12-09,14.85
1977-12-10,14.85
1977-12-11,14.85
1977-12-12,14.85
1977-12-13,14.85
1977-12-14,14.85
1977-12-15,14.85
1977-12-16,14.85
1977-12-17,14.85
1977-12-18,14.85
1977-12-19,14.85
1977-12-20,14.85
1977-12-21,14.85
1977-12-22,14.85
1977-12-23,14.85
1977-12-24,14.85
1977-12-25,14.85
1977-12-26,14.85
1977-12-27,14.85
1977-12-28,14.85
1977-12-29,14.85
1977-12-30,14.85
1977-12-31,14.85
1978-01-01,14.85
1978-01-02,14.85
1978-01-03,14.85
1978-01-04,14.85
1978-01-05,14.85
1978-01-06,14.85
1978-01-07,14.85
1978-01-08,14.85
1978-01-09,14.85
1978-01-10,14.85
1978-01-11,14.85
1978-01-12,14.85
1978-01-13,14.85
1978-01-14,14.85
1978-01-15,14.85
1978-01-16,14.85
1978-01-17,14.85
1978-01-18,14.85
1978-01-19,14.85
1978-01-20,14.85
1978-01-21,14.85
1978-01-22,14.85
1978-01-23,14.85
1978-01-24,14.85
1978-01-25,14.85
1978-01-26,14.85
1978-01-27,14.85
1978-01-28,14.85
1978-01-29,14.85
1978-01-30,14.85
1978-01-31,14.85
1978-02-01,14.85
1978-02-02,14.85
1978-02-03,14.85
1978-02-04,14.85
1978-02-05,14.85
1978-02-06,14.85
1978-02-07,14.85
1978-02-08,14.85
1978-02-09,14.85
1978-02-10,14.85
1978-02-11,14.85
1978-02-12,14.85
1978-02-13,14.85
1978-02-14,14.85
1978-02-15,14.85
1978-02-16,14.85
1978-02-17,14.85
1978-02-18,14.85
1978-02-19,14.85
1978-02-20,14.85
1978-02-21,14.85
1978-02-22,14.85
1978-02-23,14.85
1978-02-24,14.85
1978-02-25,14.85
1978-02-26,14.85
1978-02-27,14.85
1978-02-28,14.85
1978-03-01,14.85
1978-03-02,14.85
1978-03-03,14.85
1978-03-04,14.85
1978-03-05,14.85
1978-03-06,14.85
1978-03-07,14.85
1978-03-08,14.85
1978-03-09,14.85
1978-03-10,14.85
1978-03-11,14.85
1978-03-12,14.85
1978-03-13,14.85
1978-03-14,14.85
1978-03-15,14.85
1978-03-16,14.85
1978-03-17,14.85
1978-03-18,14.85
1978-03-19,14.85
1978-03-20,14.85
1978-03-21,14.85
1978-03-22,14.85
1978-03-23,14.85
1978-03-24,14.85
1978-03-25,14.85
1978-03-26,14.85
1978-03-27,14.85
1978-03-28,14.85
1978-03-29,14.85
1978-03-30,14.85
1978-03-31,14.85
1978-04-01,14.85
1978-04-02,14.85
1978-04-03,14.85
1978-04-04,14.85
1978-04-05,14.85
1978-04-06,14.85
1978-04-07,14.85
1978-04-08,14.85
1978-04-09,14.85
1978-04-10,14.85
1978-04-11,14.85
1978-04-12,14.85
1978-04-13,14.85
1978-04-14,14.85
1978-04-15,14.85
1978-04-16,14.85
1978-04-17,14.85
1978-04-18,14.85
1978-04-19,14.85
1978-04-20,14.85
1978-04-21,14.85
1978-04-22,14.85
1978-04-23,14.85
1978-04-24,14.85
1978-04-25,14.85
1978-04-26,14.85
1978-04-27,14.85
1978-04-28,14.85
1978-04-29,14.85
1978-04-30,14.85
1978-05-01,14.85
1978-05-02,14.85
1978-05-03,14.85
1978-05-04,14.85
1978-05-05,14.85
1978-05-06,14.85
1978-05-07,14.85
1978-05-08,14.85
1978-05-09,14.85
1978-05-10,14.85
1978-05-11,14.85
1978-05-12,14.85
1978-05-13,14.85
1978-05-14,14.85
1978-05-15,14.85
1978-05-16,14.85
1978-05-17,14.85
1978-05-18,14.85
1978-05-19,14.85
1978-05-20,14.85
1978-05-21,14.85
1978-05-22,14.85
1978-05-23,14.85
1978-05-24,14.85
1978-05-25,14.85
1978-05-26,14.85
1978-05-27,14.85
1978-05-28,14.85
1978-05-29,14.85
1978-05-30,14.85
1978-05-31,14.85
1978-06-01,14.85
1978-06-02,14.85
1978-06-03,14.85
1978-06-04,14.85
1978-06-05,14.85
1978-06-06,14.85
1978-06-07,14.85
1978-06-08,14.85
1978-06-09,14.85
1978-06-10,14.85
1978-06-11,14.85
1978-06-12,14.85
1978-06-13,14.85
1978-06-14,14.85
1978-06-15,14.85
1978-06-16,14.85
1978-06-17,14.85
1978-06-18,14.85
1978-06-19,14.85
1978-06-20,14.85
1978-06-21,14.85
1978-06-22,14.85
1978-06-23,14.85
1978-06-24,14.85
1978-06-25,14.85
1978-06-26,14.85
1978-06-27,14.85
1978-06-28,14.85
1978-06-29,14.85
1978-06-30,14.85
1978-07-01,14.85
1978-07-02,14.85
1978-07-03,14.85
1978-07-04,14.85
1978-07-05,14.85
1978-07-06,14.85
1978-07-07,14.85
1978-07-08,14.85
1978-07-09,14.85
1978-07-10,14.85
1978-07-11,14.85
1978-07-12,14.85
1978-07-13,14.85
1978-07-14,14.85
1978-07-15,14.85
1978-07-16,14.85
1978-07-17,14.85
1978-07-18,14.85
1978-07-19,14.85
1978-07-20,14.85
1978-07-21,14.85
1978-07-22,14.85
1978-07-23,14.85
1978-07-24,14.85
1978-07-25,14.85
1978-07-26,14.85
1978-07-27,14.85
1978-07-28,14.85
1978-07-29,14.85
1978-07-30,14.85
1978-07-31,14.85
1978-08-01,14.85
1978-08-02,14.85
1978-08-03,14.85
1978-08-04,14.85
1978-08-05,14.85
1978-08-06,14.85
1978-08-07,14.85
1978-08-08,14.85
1978-08-09,14.85
1978-08-10,14.85
1978-08-11,14.85
1978-08-12,14.85
1978-08-13,14.85
1978-08-14,14.85
1978-08-15,14.85
1978-08-16,14.85
1978-08-17,14.85
1978-08-18,14.85
1978-08-19,14.85
1978-08-20,14.85
1978-08-21,14.85
1978-08-22,14.85
1978-08-23,14.85
1978-08-24,14.85
1978-08-25,14.85
1978-08-26,14.85
1978-08-27,14.85
1978-08-28,14.85
1978-08-29,14.85
1978-08-30,14.85
1978-08-31,14.85
1978-09-01,14.85
1978-09-02,14.85
1978-09-03,14.85
1978-09-04,14.85
1978-09-05,14.85
1978-09-06,14.85
1978-09-07,14.85
1978-09-08,14.85
1978-09-09,14.85
1978-09-10,14.85
1978-09-11,14.85
1978-09-12,14.85
1978-09-13,14.85
1978-09-14,14.85
1978-09-15,14.85
1978-09-16,14.85
1978-09-17,14.85
1978-09-18,14.85
1978-09-19,14.85
1978-09-20,14.85
1978-09-21,14.85
1978-09-22,14.85
1978-09-23,14.85
1978-09-24,14.85
1978-09-25,14.85
1978-09-26,14.85
1978-09-27,14.85
1978-09-28,14.85
1978-09-29,14.85
1978-09-30,14.85
1978-10-01,14.85
1978-10-02,14.85
1978-10-03,14.85
1978-10-04,14.85
1978-10-05,14.85
1978-10-06,14.85
1978-10-07,14.85
1978-10-08,14.85
1978-10-09,14.85
1978-10-10,14.85
1978-10-11,14.85
1978-10-12,14.85
1978-10-13,14.85
1978-10-14,14.85
1978-10-15,14.85
1978-10-16,14.85
1978-10-17,14.85
1978-10-18,14.85
1978-10-19,14.85
1978-10-20,14.85
1978-10-21,14.85
1978-10-22,14.85
1978-10-23,14.85
1978-10-24,14.85
1978-10-25,14.85
1978-10-26,14.85
1978-10-27,14.85
1978-10-28,14.85
1978-10-29,14.85
1978-10-30,14.85
1978-10-31,14.85
1978-11-01,14.85
1978-11-02,14.85
1978-11-03,14.85
1978-11-04,14.85
1978-11-05,14.85
1978-11-06,14.85
1978-11-07,14.85
1978-11-08,14.85
1978-11-09,14.85
1978-11-10,14.85
1978-11-11,14.85
1978-11-12,14.85
1978-11-13,14.85
1978-11-14,14.85
1978-11-15,14.85
1978-11-16,14.85
1978-11-17,14.85
1978-11-18,14.85
1978-11-19,14.85
1978-11-20,14.85
1978-11-21,14.85
1978-11-22,14.85
1978-11-23,14.85
1978-11-24,14.85
1978-11-25,14.85
1978-11-26,14.85
1978-11-27,14.85
1978-11-28,14.85
1978-11-29,14.85
1978-11-30,14.85
1978-12-01,14.85
1978-12-02,14.85
1978-12-03,14.85
1978-12-04,14.85
1978-12-05,14.85
1978-12-06,14.85
1978-12-07,14.85
1978-12-08,14.85
1978-12-09,14.85
1978-12-10,14.85
1978-12-11,14.85
1978-12-12,14.85
1978-12-13,14.85
1978-12-14,14.85
1978-12-15,14.85
1978-12-16,14.85
1978-12-17,14.85
1978-12-18,14.85
1978-12-19,14.85
1978-12-20,14.85
1978-12-21,14.85
1978-12-22,14.85
1978-12-23,14.85
1978-12-24,14.85
1978-12-25,14.85
1978-12-26,14.85
1978-12-27,14.85
1978-12-28,14.85
1978-12-29,14.85
1978-12-30,14.85
1978-12-31,14.85
1979-01-01,14.85
1979-01-02,14.85
1979-01-03,14.85
1979-01-04,14.85
1979-01-05,14.85
1979-01-06,14.85
1979-01-07,14.85
1979-01-08,14.85
1979-01-09,14.85
1979-01-10,14.85
1979-01-11,14.85
1979-01-12,14.85
1979-01-13,14.85
1979-01-14,14.85
1979-01-15,14.85
1979-01-16,14.85
1979-01-17,14.85
1979-01-18,14.85
1979-01-19,14.85
1979-01-20,14.85
1979-01-21,14.85
1979-01-22,14.85
1979-01-23,14.85
1979-01-24,14.85
1979-01-25,14.85
1979-01-26,14.85
1979-01-27,14.85
1979-01-28,14.85
1979-01-29,14.85
1979-01-30,14.85
1979-01-31,14.85
1979-02-01,15.85
1979-02-02,15.85
1979-02-03,15.85
1979-02-04,15.85
1979-02-05,15.85
1979-02-06,15.85
1979-02-07,15.85
1979-02-08,15.85
1979-02-09,15.85
1979-02-10,15.85
1979-02-11,15.85
1979-02-12,15.85
1979-02-13,15.85
1979-02-14,15.85
1979-02-15,15.85
1979-02-16,15.85
1979-02-17,15.85
1979-02-18,15.85
1979-02-19,15.85
1979-02-20,15.85
1979-02-21,15.85
1979-02-22,15.85
1979-02-23,15.85
1979-02-24,15.85
1979-02-25,15.85
1979-02-26,15.85
1979-02-27,15.85
1979-02-28,15.85
1979-03-01,15.85
1979-03-02,15.85
1979-03-03,15.85
1979-03-04,15.85
1979-03-05,15.85
1979-03-06,15.85
1979-03-07,15.85
1979-03-08,15.85
1979-03-09,15.85
1979-03-10,15.85
1979-03-11,15.85
1979-03-12,15.85
1979-03-13,15.85
1979-03-14,15.85
1979-03-15,15.85
1979-03-16,15.85
1979-03-17,15.85
1979-03-18,15.85
1979-03-19,15.85
1979-03-20,15.85
1979-03-21,15.85
1979-03-22,15.85
1979-03-23,15.85
1979-03-24,15.85
1979-03-25,15.85
1979-03-26,15.85
1979-03-27,15.85
1979-03-28,15.85
1979-03-29,15.85
1979-03-30,15.85
1979-03-31,15.85
1979-04-01,15.85
1979-04-02,15.85
1979-04-03,15.85
1979-04-04,15.85
1979-04-05,15.85
1979-04-06,15.85
1979-04-07,15.85
1979-04-08,15.85
1979-04-09,15.85
1979-04-10,15.85
1979-04-11,15.85
1979-04-12,15.85
1979-04-13,15.85
1979-04-14,15.85
1979-04-15,15.85
1979-04-16,15.85
1979-04-17,15.85
1979-04-18,15.85
1979-04-19,15.85
1979-04-20,15.85
1979-04-21,15.85
1979-04-22,15.85
1979-04-23,15.85
1979-04-24,15.85
1979-04-25,15.85
1979-04-26,15.85
1979-04-27,15.85
1979-04-28,15.85
1979-04-29,15.85
1979-04-30,15.85
1979-05-01,18.1
1979-05-02,18.1
1979-05-03,18.1
1979-05-04,18.1
1979-05-05,18.1
1979-05-06,18.1
1979-05-07,18.1
1979-05-08,18.1
1979-05-09,18.1
1979-05-10,18.1
1979-05-11,18.1
1979-05-12,18.1
1979-05-13,18.1
1979-05-14,18.1
1979-05-15,18.1
1979-05-16,18.1
1979-05-17,18.1
1979-05-18,18.1
1979-05-19,18.1
1979-05-20,18.1
1979-05-21,18.1
1979-05-22,18.1
1979-05-23,18.1
1979-05-24,18.1
1979-05-25,18.1
1979-05-26,18.1
1979-05-27,18.1
1979-05-28,18.1
1979-05-29,18.1
1979-05-30,18.1
1979-05-31,18.1
1979-06-01,19.1
1979-06-02,19.1
1979-06-03,19.1
1979-06-04,19.1
1979-06-05,19.1
1979-06-06,19.1
1979-06-07,19.1
1979-06-08,19.1
1979-06-09,19.1
1979-06-10,19.1
1979-06-11,19.1
1979-06-12,19.1
1979-06-13,19.1
1979-06-14,19.1
1979-06-15,19.1
1979-06-16,19.1
1979-06-17,19.1
1979-06-18,19.1
1979-06-19,19.1
1979-06-20,19.1
1979-06-21,19.1
1979-06-22,19.1
1979-06-23,19.1
1979-06-24,19.1
1979-06-25,19.1
1979-06-26,19.1
1979-06-27,19.1
1979-06-28,19.1
1979-06-29,19.1
1979-06-30,19.1
1979-07-01,21.75
1979-07-02,21.75
1979-07-03,21.75
1979-07-04,21.75
1979-07-05,21.75
1979-07-06,21.75
1979-07-07,21.75
1979-07-08,21.75
1979-07-09,21.75
1979-07-10,21.75
1979-07-11,21.75
1979-07-12,21.75
1979-07-13,21.75
1979-07-14,21.75
1979-07-15,21.75
1979-07-16,21.75
1979-07-17,21.75
1979-07-18,21.75
1979-07-19,21.75
1979-07-20,21.75
1979-07-21,21.75
1979-07-22,21.75
1979-07-23,21.75
1979-07-24,21.75
1979-07-25,21.75
1979-07-26,21.75
1979-07-27,21.75
1979-07-28,21.75
1979-07-29,21.75
1979-07-30,21.75
1979-07-31,21.75
1979-08-01,26.5
1979-08-02,26.5
1979-08-03,26.5
1979-08-04,26.5
1979-08-05,26.5
1979-08-06,26.5
1979-08-07,26.5
1979-08-08,26.5
1979-08-09,26.5
1979-08-10,26.5
1979-08-11,26.5
1979-08-12,26.5
1979-08-13,26.5
1979-08-14,26.5
1979-08-15,26.5
1979-08-16,26.5
1979-08-17,26.5
1979-08-18,26.5
1979-08-19,26.5
1979-08-20,26.5
1979-08-21,26.5
1979-08-22,26.5
1979-08-23,26.5
1979-08-24,26.5
1979-08-25,26.5
1979-08-26,26.5
1979-08-27,26.5
1979-08-28,26.5
1979-08-29,26.5
1979-08-30,26.5
1979-08-31,26.5
1979-09-01,28.5
1979-09-02,28.5
1979-09-03,28.5
1979-09-04,28.5
1979-09-05,28.5
1979-09-06,28.5
1979-09-07,28.5
1979-09-08,28.5
1979-09-09,28.5
1979-09-10,28.5
1979-09-11,28.5
1979-09-12,28.5
1979-09-13,28.5
1979-09-14,28.5
1979-09-15,28.5
1979-09-16,28.5
1979-09-17,28.5
1979-09-18,28.5
1979-09-19,28.5
1979-09-20,28.5
1979-09-21,28.5
1979-09-22,28.5
1979-09-23,28.5
1979-09-24,28.5
1979-09-25,28.5
1979-09-26,28.5
1979-09-27,28.5
1979-09-28,28.5
1979-09-29,28.5
1979-09-30,28.5
1979-10-01,29.0
1979-10-02,29.0
1979-10-03,29.0
1979-10-04,29.0
1979-10-05,29.0
1979-10-06,29.0
1979-10-07,29.0
1979-10-08,29.0
1979-10-09,29.0
1979-10-10,29.0
1979-10-11,29.0
1979-10-12,29.0
1979-10-13,29.0
1979-10-14,29.0
1979-10-15,29.0
1979-10-16,29.0
1979-10-17,29.0
1979-10-18,29.0
1979-10-19,29.0
1979-10-20,29.0
1979-10-21,29.0
1979-10-22,29.0
1979-10-23,29.0
1979-10-24,29.0
1979-10-25,29.0
1979-10-26,29.0
1979-10-27,29.0
1979-10-28,29.0
1979-10-29,29.0
1979-10-30,29.0
1979-10-31,29.0
1979-11-01,31.0
1979-11-02,31.0
1979-11-03,31.0
1979-11-04,31.0
1979-11-05,31.0
1979-11-06,31.0
1979-11-07,31.0
1979-11-08,31.0
1979-11-09,31.0
1979-11-10,31.0
1979-11-11,31.0
1979-11-12,31.0
1979-11-13,31.0
1979-11-14,31.0
1979-11-15,31.0
1979-11-16,31.0
1979-11-17,31.0
1979-11-18,31.0
1979-11-19,31.0
1979-11-20,31.0
1979-11-21,31.0
1979-11-22,31.0
1979-11-23,31.0
1979-11-24,31.0
1979-11-25,31.0
1979-11-26,31.0
1979-11-27,31.0
1979-11-28,31.0
1979-11-29,31.0
1979-11-30,31.0
1979-12-01,32.5
1979-12-02,32.5
1979-12-03,32.5
1979-12-04,32.5
1979-12-05,32.5
1979-12-06,32.5
1979-12-07,32.5
1979-12-08,32.5
1979-12-09,32.5
1979-12-10,32.5
1979-12-11,32.5
1979-12-12,32.5
1979-12-13,32.5
1979-12-14,32.5
1979-12-15,32.5
1979-12-16,32.5
1979-12-17,32.5
1979-12-18,32.5
1979-12-19,32.5
1979-12-20,32.5
1979-12-21,32.5
1979-12-22,32.5
1979-12-23,32.5
1979-12-24,32.5
1979-12-25,32.5
1979-12-26,32.5
1979-12-27,32.5
1979-12-28,32.5
1979-12-29,32.5
1979-12-30,32.5
1979-12-31,32.5
1980-01-01,32.5
1980-01-02,32.5
1980-01-03,32.5
1980-01-04,32.5
1980-01-05,32.5
1980-01-06,32.5
1980-01-07,32.5
1980-01-08,32.5
1980-01-09,32.5
1980-01-10,32.5
1980-01-11,32.5
1980-01-12,32.5
1980-01-13,32.5
1980-01-14,32.5
1980-01-15,32.5
1980-01-16,32.5
1980-01-17,32.5
1980-01-18,32.5
1980-01-19,32.5
1980-01-20,32.5
1980-01-21,32.5
1980-01-22,32.5
1980-01-23,32.5
1980-01-24,32.5
1980-01-25,32.5
1980-01-26,32.5
1980-01-27,32.5
1980-01-28,32.5
1980-01-29,32.5
1980-01-30,32.5
1980-01-31,32.5
1980-02-01,37.0
1980-02-02,37.0
1980-02-03,37.0
1980-02-04,37.0
1980-02-05,37.0
1980-02-06,37.0
1980-02-07,37.0
1980-02-08,37.0
1980-02-09,37.0
1980-02-10,37.0
1980-02-11,37.0
1980-02-12,37.0
1980-02-13,37.0
1980-02-14,37.0
1980-02-15,37.0
1980-02-16,37.0
1980-02-17,37.0
1980-02-18,37.0
1980-02-19,37.0
1980-02-20,37.0
1980-02-21,37.0
1980-02-22,37.0
1980-02-23,37.0
1980-02-24,37.0
1980-02-25,37.0
1980-02-26,37.0
1980-02-27,37.0
1980-02-28,37.0
1980-02-29,37.0
1980-03-01,38.0
1980-03-02,38.0
1980-03-03,38.0
1980-03-04,38.0
1980-03-05,38.0
1980-03-06,38.0
1980-03-07,38.0
1980-03-08,38.0
1980-03-09,38.0
1980-03-10,38.0
1980-03-11,38.0
1980-03-12,38.0
1980-03-13,38.0
1980-03-14,38.0
1980-03-15,38.0
1980-03-16,38.0
1980-03-17,38.0
1980-03-18,38.0
1980-03-19,38.0
1980-03-20,38.0
1980-03-21,38.0
1980-03-22,38.0
1980-03-23,38.0
1980-03-24,38.0
1980-03-25,38.0
1980-03-26,38.0
1980-03-27,38.0
1980-03-28,38.0
1980-03-29,38.0
1980-03-30,38.0
1980-03-31,38.0
1980-04-01,39.5
1980-04-02,39.5
1980-04-03,39.5
1980-04-04,39.5
1980-04-05,39.5
1980-04-06,39.5
1980-04-07,39.5
1980-04-08,39.5
1980-04-09,39.5
1980-04-10,39.5
1980-04-11,39.5
1980-04-12,39.5
1980-04-13,39.5
1980-04-14,39.5
1980-04-15,39.5
1980-04-16,39.5
1980-04-17,39.5
1980-04-18,39.5
1980-04-19,39.5
1980-04-20,39.5
1980-04-21,39.5
1980-04-22,39.5
1980-04-23,39.5
1980-04-24,39.5
1980-04-25,39.5
1980-04-26,39.5
1980-04-27,39.5
1980-04-28,39.5
1980-04-29,39.5
1980-04-30,39.5
1980-05-01,39.5
1980-05-02,39.5
1980-05-03,39.5
1980-05-04,39.5
1980-05-05,39.5
1980-05-06,39.5
1980-05-07,39.5
1980-05-08,39.5
1980-05-09,39.5
1980-05-10,39.5
1980-05-11,39.5
1980-05-12,39.5
1980-05-13,39.5
1980-05-14,39.5
1980-05-15,39.5
1980-05-16,39.5
1980-05-17,39.5
1980-05-18,39.5
1980-05-19,39.5
1980-05-20,39.5
1980-05-21,39.5
1980-05-22,39.5
1980-05-23,39.5
1980-05-24,39.5
1980-05-25,39.5
1980-05-26,39.5
1980-05-27,39.5
1980-05-28,39.5
1980-05-29,39.5
1980-05-30,39.5
1980-05-31,39.5
1980-06-01,39.5
1980-06-02,39.5
1980-06-03,39.5
1980-06-04,39.5
1980-06-05,39.5
1980-06-06,39.5
1980-06-07,39.5
1980-06-08,39.5
1980-06-09,39.5
1980-06-10,39.5
1980-06-11,39.5
1980-06-12,39.5
1980-06-13,39.5
1980-06-14,39.5
1980-06-15,39.5
1980-06-16,39.5
1980-06-17,39.5
1980-06-18,39.5
1980-06-19,39.5
1980-06-20,39.5
1980-06-21,39.5
1980-06-22,39.5
1980-06-23,39.5
1980-06-24,39.5
1980-06-25,39.5
1980-06-26,39.5
1980-06-27,39.5
1980-06-28,39.5
1980-06-29,39.5
1980-06-30,39.5
1980-07-01,39.5
1980-07-02,39.5
1980-07-03,39.5
1980-07-04,39.5
1980-07-05,39.5
1980-07-06,39.5
1980-07-07,39.5
1980-07-08,39.5
1980-07-09,39.5
1980-07-10,39.5
1980-07-11,39.5
1980-07-12,39.5
1980-07-13,39.5
1980-07-14,39.5
1980-07-15,39.5
1980-07-16,39.5
1980-07-17,39.5
1980-07-18,39.5
1980-07-19,39.5
1980-07-20,39.5
1980-07-21,39.5
1980-07-22,39.5
1980-07-23,39.5
1980-07-24,39.5
1980-07-25,39.5
1980-07-26,39.5
1980-07-27,39.5
1980-07-28,39.5
1980-07-29,39.5
1980-07-30,39.5
1980-07-31,39.5
1980-08-01,38.0
1980-08-02,38.0
1980-08-03,38.0
1980-08-04,38.0
1980-08-05,38.0
1980-08-06,38.0
1980-08-07,38.0
1980-08-08,38.0
1980-08-09,38.0
1980-08-10,38.0
1980-08-11,38.0
1980-08-12,38.0
1980-08-13,38.0
1980-08-14,38.0
1980-08-15,38.0
1980-08-16,38.0
1980-08-17,38.0
1980-08-18,38.0
1980-08-19,38.0
1980-08-20,38.0
1980-08-21,38.0
1980-08-22,38.0
1980-08-23,38.0
1980-08-24,38.0
1980-08-25,38.0
1980-08-26,38.0
1980-08-27,38.0
1980-08-28,38.0
1980-08-29,38.0
1980-08-30,38.0
1980-08-31,38.0
1980-09-01,36.0
1980-09-02,36.0
1980-09-03,36.0
1980-09-04,36.0
1980-09-05,36.0
1980-09-06,36.0
1980-09-07,36.0
1980-09-08,36.0
1980-09-09,36.0
1980-09-10,36.0
1980-09-11,36.0
1980-09-12,36.0
1980-09-13,36.0
1980-09-14,36.0
1980-09-15,36.0
1980-09-16,36.0
1980-09-17,36.0
1980-09-18,36.0
1980-09-19,36.0
1980-09-20,36.0
1980-09-21,36.0
1980-09-22,36.0
1980-09-23,36.0
1980-09-24,36.0
1980-09-25,36.0
1980-09-26,36.0
1980-09-27,36.0
1980-09-28,36.0
1980-09-29,36.0
1980-09-30,36.0
1980-10-01,36.0
1980-10-02,36.0
1980-10-03,36.0
1980-10-04,36.0
1980-10-05,36.0
1980-10-06,36.0
1980-10-07,36.0
1980-10-08,36.0
1980-10-09,36.0
1980-10-10,36.0
1980-10-11,36.0
1980-10-12,36.0
1980-10-13,36.0
1980-10-14,36.0
1980-10-15,36.0
1980-10-16,36.0
1980-10-17,36.0
1980-10-18,36.0
1980-10-19,36.0
1980-10-20,36.0
1980-10-21,36.0
1980-10-22,36.0
1980-10-23,36.0
1980-10-24,36.0
1980-10-25,36.0
1980-10-26,36.0
1980-10-27,36.0
1980-10-28,36.0
1980-10-29,36.0
1980-10-30,36.0
1980-10-31,36.0
1980-11-01,36.0
1980-11-02,36.0
1980-11-03,36.0
1980-11-04,36.0
1980-11-05,36.0
1980-11-06,36.0
1980-11-07,36.0
1980-11-08,36.0
1980-11-09,36.0
1980-11-10,36.0
1980-11-11,36.0
1980-11-12,36.0
1980-11-13,36.0
1980-11-14,36.0
1980-11-15,36.0
1980-11-16,36.0
1980-11-17,36.0
1980-11-18,36.0
1980-11-19,36.0
1980-11-20,36.0
1980-11-21,36.0
1980-11-22,36.0
1980-11-23,36.0
1980-11-24,36.0
1980-11-25,36.0
1980-11-26,36.0
1980-11-27,36.0
1980-11-28,36.0
1980-11-29,36.0
1980-11-30,36.0
1980-12-01,37.0
1980-12-02,37.0
1980-12-03,37.0
1980-12-04,37.0
1980-12-05,37.0
1980-12-06,37.0
1980-12-07,37.0
1980-12-08,37.0
1980-12-09,37.0
1980-12-10,37.0
1980-12-11,37.0
1980-12-12,37.0
1980-12-13,37.0
1980-12-14,37.0
1980-12-15,37.0
1980-12-16,37.0
1980-12-17,37.0
1980-12-18,37.0
1980-12-19,37.0
1980-12-20,37.0
1980-12-21,37.0
1980-12-22,37.0
1980-12-23,37.0
1980-12-24,37.0
1980-12-25,37.0
1980-12-26,37.0
1980-12-27,37.0
1980-12-28,37.0
1980-12-29,37.0
1980-12-30,37.0
1980-12-31,37.0
1981-01-01,38.0
1981-01-02,38.0
1981-01-03,38.0
1981-01-04,38.0
1981-01-05,38.0
1981-01-06,38.0
1981-01-07,38.0
1981-01-08,38.0
1981-01-09,38.0
1981-01-10,38.0
1981-01-11,38.0
1981-01-12,38.0
1981-01-13,38.0
1981-01-14,38.0
1981-01-15,38.0
1981-01-16,38.0
1981-01-17,38.0
1981-01-18,38.0
1981-01-19,38.0
1981-01-20,38.0
1981-01-21,38.0
1981-01-22,38.0
1981-01-23,38.0
1981-01-24,38.0
1981-01-25,38.0
1981-01-26,38.0
1981-01-27,38.0
1981-01-28,38.0
1981-01-29,38.0
1981-01-30,38.0
1981-01-31,38.0
1981-02-01,38.0
1981-02-02,38.0
1981-02-03,38.0
1981-02-04,38.0
1981-02-05,38.0
1981-02-06,38.0
1981-02-07,38.0
1981-02-08,38.0
1981-02-09,38.0
1981-02-10,38.0
1981-02-11,38.0
1981-02-12,38.0
1981-02-13,38.0
1981-02-14,38.0
1981-02-15,38.0
1981-02-16,38.0
1981-02-17,38.0
1981-02-18,38.0
1981-02-19,38.0
1981-02-20,38.0
1981-02-21,38.0
1981-02-22,38.0
1981-02-23,38.0
1981-02-24,38.0
1981-02-25,38.0
1981-02-26,38.0
1981-02-27,38.0
1981-02-28,38.0
1981-03-01,38.0
1981-03-02,38.0
1981-03-03,38.0
1981-03-04,38.0
1981-03-05,38.0
1981-03-06,38.0
1981-03-07,38.0
1981-03-08,38.0
1981-03-09,38.0
1981-03-10,38.0
1981-03-11,38.0
1981-03-12,38.0
1981-03-13,38.0
1981-03-14,38.0
1981-03-15,38.0
1981-03-16,38.0
1981-03-17,38.0
1981-03-18,38.0
1981-03-19,38.0
1981-03-20,38.0
1981-03-21,38.0
1981-03-22,38.0
1981-03-23,38.0
1981-03-24,38.0
1981-03-25,38.0
1981-03-26,38.0
1981-03-27,38.0
1981-03-28,38.0
1981-03-29,38.0
1981-03-30,38.0
1981-03-31,38.0
1981-04-01,38.0
1981-04-02,38.0
1981-04-03,38.0
1981-04-04,38.0
1981-04-05,38.0
1981-04-06,38.0
1981-04-07,38.0
1981-04-08,38.0
1981-04-09,38.0
1981-04-10,38.0
1981-04-11,38.0
1981-04-12,38.0
1981-04-13,38.0
1981-04-14,38.0
1981-04-15,38.0
1981-04-16,38.0
1981-04-17,38.0
1981-04-18,38.0
1981-04-19,38.0
1981-04-20,38.0
1981-04-21,38.0
1981-04-22,38.0
1981-04-23,38.0
1981-04-24,38.0
1981-04-25,38.0
1981-04-26,38.0
1981-04-27,38.0
1981-04-28,38.0
1981-04-29,38.0
1981-04-30,38.0
1981-05-01,38.0
1981-05-02,38.0
1981-05-03,38.0
1981-05-04,38.0
1981-05-05,38.0
1981-05-06,38.0
1981-05-07,38.0
1981-05-08,38.0
1981-05-09,38.0
1981-05-10,38.0
1981-05-11,38.0
1981-05-12,38.0
1981-05-13,38.0
1981-05-14,38.0
1981-05-15,38.0
1981-05-16,38.0
1981-05-17,38.0
1981-05-18,38.0
1981-05-19,38.0
1981-05-20,38.0
1981-05-21,38.0
1981-05-22,38.0
1981-05-23,38.0
1981-05-24,38.0
1981-05-25,38.0
1981-05-26,38.0
1981-05-27,38.0
1981-05-28,38.0
1981-05-29,38.0
1981-05-30,38.0
1981-05-31,38.0
1981-06-01,36.0
1981-06-02,36.0
1981-06-03,36.0
1981-06-04,36.0
1981-06-05,36.0
1981-06-06,36.0
1981-06-07,36.0
1981-06-08,36.0
1981-06-09,36.0
1981-06-10,36.0
1981-06-11,36.0
1981-06-12,36.0
1981-06-13,36.0
1981-06-14,36.0
1981-06-15,36.0
1981-06-16,36.0
1981-06-17,36.0
1981-06-18,36.0
1981-06-19,36.0
1981-06-20,36.0
1981-06-21,36.0
1981-06-22,36.0
1981-06-23,36.0
1981-06-24,36.0
1981-06-25,36.0
1981-06-26,36.0
1981-06-27,36.0
1981-06-28,36.0
1981-06-29,36.0
1981-06-30,36.0
1981-07-01,36.0
1981-07-02,36.0
1981-07-03,36.0
1981-07-04,36.0
1981-07-05,36.0
1981-07-06,36.0
1981-07-07,36.0
1981-07-08,36.0
1981-07-09,36.0
1981-07-10,36.0
1981-07-11,36.0
1981-07-12,36.0
1981-07-13,36.0
1981-07-14,36.0
1981-07-15,36.0
1981-07-16,36.0
1981-07-17,36.0
1981-07-18,36.0
1981-07-19,36.0
1981-07-20,36.0
1981-07-21,36.0
1981-07-22,36.0
1981-07-23,36.0
1981-07-24,36.0
1981-07-25,36.0
1981-07-26,36.0
1981-07-27,36.0
1981-07-28,36.0
1981-07-29,36.0
1981-07-30,36.0
1981-07-31,36.0
1981-08-01,36.0
1981-08-02,36.0
1981-08-03,36.0
1981-08-04,36.0
1981-08-05,36.0
1981-08-06,36.0
1981-08-07,36.0
1981-08-08,36.0
1981-08-09,36.0
1981-08-10,36.0
1981-08-11,36.0
1981-08-12,36.0
1981-08-13,36.0
1981-08-14,36.0
1981-08-15,36.0
1981-08-16,36.0
1981-08-17,36.0
1981-08-18,36.0
1981-08-19,36.0
1981-08-20,36.0
1981-08-21,36.0
1981-08-22,36.0
1981-08-23,36.0
1981-08-24,36.0
1981-08-25,36.0
1981-08-26,36.0
1981-08-27,36.0
1981-08-28,36.0
1981-08-29,36.0
1981-08-30,36.0
1981-08-31,36.0
1981-09-01,36.0
1981-09-02,36.0
1981-09-03,36.0
1981-09-04,36.0
1981-09-05,36.0
1981-09-06,36.0
1981-09-07,36.0
1981-09-08,36.0
1981-09-09,36.0
1981-09-10,36.0
1981-09-11,36.0
1981-09-12,36.0
1981-09-13,36.0
1981-09-14,36.0
1981-09-15,36.0
1981-09-16,36.0
1981-09-17,36.0
1981-09-18,36.0
1981-09-19,36.0
1981-09-20,36.0
1981-09-21,36.0
1981-09-22,36.0
1981-09-23,36.0
1981-09-24,36.0
1981-09-25,36.0
1981-09-26,36.0
1981-09-27,36.0
1981-09-28,36.0
1981-09-29,36.0
1981-09-30,36.0
1981-10-01,35.0
1981-10-02,35.0
1981-10-03,35.0
1981-10-04,35.0
1981-10-05,35.0
1981-10-06,35.0
1981-10-07,35.0
1981-10-08,35.0
1981-10-09,35.0
1981-10-10,35.0
1981-10-11,35.0
1981-10-12,35.0
1981-10-13,35.0
1981-10-14,35.0
1981-10-15,35.0
1981-10-16,35.0
1981-10-17,35.0
1981-10-18,35.0
1981-10-19,35.0
1981-10-20,35.0
1981-10-21,35.0
1981-10-22,35.0
1981-10-23,35.0
1981-10-24,35.0
1981-10-25,35.0
1981-10-26,35.0
1981-10-27,35.0
1981-10-28,35.0
1981-10-29,35.0
1981-10-30,35.0
1981-10-31,35.0
1981-11-01,36.0
1981-11-02,36.0
1981-11-03,36.0
1981-11-04,36.0
1981-11-05,36.0
1981-11-06,36.0
1981-11-07,36.0
1981-11-08,36.0
1981-11-09,36.0
1981-11-10,36.0
1981-11-11,36.0
1981-11-12,36.0
1981-11-13,36.0
1981-11-14,36.0
1981-11-15,36.0
1981-11-16,36.0
1981-11-17,36.0
1981-11-18,36.0
1981-11-19,36.0
1981-11-20,36.0
1981-11-21,36.0
1981-11-22,36.0
1981-11-23,36.0
1981-11-24,36.0
1981-11-25,36.0
1981-11-26,36.0
1981-11-27,36.0
1981-11-28,36.0
1981-11-29,36.0
1981-11-30,36.0
1981-12-01,35.0
1981-12-02,35.0
1981-12-03,35.0
1981-12-04,35.0
1981-12-05,35.0
1981-12-06,35.0
1981-12-07,35.0
1981-12-08,35.0
1981-12-09,35.0
1981-12-10,35.0
1981-12-11,35.0
1981-12-12,35.0
1981-12-13,35.0
1981-12-14,35.0
1981-12-15,35.0
1981-12-16,35.0
1981-12-17,35.0
1981-12-18,35.0
1981-12-19,35.0
1981-12-20,35.0
1981-12-21,35.0
1981-12-22,35.0
1981-12-23,35.0
1981-12-24,35.0
1981-12-25,35.0
1981-12-26,35.0
1981-12-27,35.0
1981-12-28,35.0
1981-12-29,35.0
1981-12-30,35.0
1981-12-31,35.0
1982-01-01,33.85
1982-01-02,33.85
1982-01-03,33.85
1982-01-04,33.85
1982-01-05,33.85
1982-01-06,33.85
1982-01-07,33.85
1982-01-08,33.85
1982-01-09,33.85
1982-01-10,33.85
1982-01-11,33.85
1982-01-12,33.85
1982-01-13,33.85
1982-01-14,33.85
1982-01-15,33.85
1982-01-16,33.85
1982-01-17,33.85
1982-01-18,33.85
1982-01-19,33.85
1982-01-20,33.85
1982-01-21,33.85
1982-01-22,33.85
1982-01-23,33.85
1982-01-24,33.85
1982-01-25,33.85
1982-01-26,33.85
1982-01-27,33.85
1982-01-28,33.85
1982-01-29,33.85
1982-01-30,33.85
1982-01-31,33.85
1982-02-01,31.56
1982-02-02,31.56
1982-02-03,31.56
1982-02-04,31.56
1982-02-05,31.56
1982-02-06,31.56
1982-02-07,31.56
1982-02-08,31.56
1982-02-09,31.56
1982-02-10,31.56
1982-02-11,31.56
1982-02-12,31.56
1982-02-13,31.56
1982-02-14,31.56
1982-02-15,31.56
1982-02-16,31.56
1982-02-17,31.56
1982-02-18,31.56
1982-02-19,31.56
1982-02-20,31.56
1982-02-21,31.56
1982-02-22,31.56
1982-02-23,31.56
1982-02-24,31.56
1982-02-25,31.56
1982-02-26,31.56
1982-02-27,31.56
1982-02-28,31.56
1982-03-01,28.48
1982-03-02,28.48
1982-03-03,28.48
1982-03-04,28.48
1982-03-05,28.48
1982-03-06,28.48
1982-03-07,28.48
1982-03-08,28.48
1982-03-09,28.48
1982-03-10,28.48
1982-03-11,28.48
1982-03-12,28.48
1982-03-13,28.48
1982-03-14,28.48
1982-03-15,28.48
1982-03-16,28.48
1982-03-17,28.48
1982-03-18,28.48
1982-03-19,28.48
1982-03-20,28.48
1982-03-21,28.48
1982-03-22,28.48
1982-03-23,28.48
1982-03-24,28.48
1982-03-25,28.48
1982-03-26,28.48
1982-03-27,28.48
1982-03-28,28.48
1982-03-29,28.48
1982-03-30,28.48
1982-03-31,28.48
1982-04-01,33.45
1982-04-02,33.45
1982-04-03,33.45
1982-04-04,33.45
1982-04-05,33.45
1982-04-06,33.45
1982-04-07,33.45
1982-04-08,33.45
1982-04-09,33.45
1982-04-10,33.45
1982-04-11,33.45
1982-04-12,33.45
1982-04-13,33.45
1982-04-14,33.45
1982-04-15,33.45
1982-04-16,33.45
1982-04-17,33.45
1982-04-18,33.45
1982-04-19,33.45
1982-04-20,33.45
1982-04-21,33.45
1982-04-22,33.45
1982-04-23,33.45
1982-04-24,33.45
1982-04-25,33.45
1982-04-26,33.45
1982-04-27,33.45
1982-04-28,33.45
1982-04-29,33.45
1982-04-30,33.45
1982-05-01,35.93
1982-05-02,35.93
1982-05-03,35.93
1982-05-04,35.93
1982-05-05,35.93
1982-05-06,35.93
1982-05-07,35.93
1982-05-08,35.93
1982-05-09,35.93
1982-05-10,35.93
1982-05-11,35.93
1982-05-12,35.93
1982-05-13,35.93
1982-05-14,35.93
1982-05-15,35.93
1982-05-16,35.93
1982-05-17,35.93
1982-05-18,35.93
1982-05-19,35.93
1982-05-20,35.93
1982-05-21,35.93
1982-05-22,35.93
1982-05-23,35.93
1982-05-24,35.93
1982-05-25,35.93
1982-05-26,35.93
1982-05-27,35.93
1982-05-28,35.93
1982-05-29,35.93
1982-05-30,35.93
1982-05-31,35.93
1982-06-01,35.07
1982-06-02,35.07
1982-06-03,35.07
1982-06-04,35.07
1982-06-05,35.07
1982-06-06,35.07
1982-06-07,35.07
1982-06-08,35.07
1982-06-09,35.07
1982-06-10,35.07
1982-06-11,35.07
1982-06-12,35.07
1982-06-13,35.07
1982-06-14,35.07
1982-06-15,35.07
1982-06-16,35.07
1982-06-17,35.07
1982-06-18,35.07
1982-06-19,35.07
1982-06-20,35.07
1982-06-21,35.07
1982-06-22,35.07
1982-06-23,35.07
1982-06-24,35.07
1982-06-25,35.07
1982-06-26,35.07
1982-06-27,35.07
1982-06-28,35.07
1982-06-29,35.07
1982-06-30,35.07
1982-07-01,34.16
1982-07-02,34.16
1982-07-03,34.16
1982-07-04,34.16
1982-07-05,34.16
1982-07-06,34.16
1982-07-07,34.16
1982-07-08,34.16
1982-07-09,34.16
1982-07-10,34.16
1982-07-11,34.16
1982-07-12,34.16
1982-07-13,34.16
1982-07-14,34.16
1982-07-15,34.16
1982-07-16,34.16
1982-07-17,34.16
1982-07-18,34.16
1982-07-19,34.16
1982-07-20,34.16
1982-07-21,34.16
1982-07-22,34.16
1982-07-23,34.16
1982-07-24,34.16
1982-07-25,34.16
1982-07-26,34.16
1982-07-27,34.16
1982-07-28,34.16
1982-07-29,34.16
1982-07-30,34.16
1982-07-31,34.16
1982-08-01,33.95
1982-08-02,33.95
1982-08-03,33.95
1982-08-04,33.95
1982-08-05,33.95
1982-08-06,33.95
1982-08-07,33.95
1982-08-08,33.95
1982-08-09,33.95
1982-08-10,33.95
1982-08-11,33.95
1982-08-12,33.95
1982-08-13,33.95
1982-08-14,33.95
1982-08-15,33.95
1982-08-16,33.95
1982-08-17,33.95
1982-08-18,33.95
1982-08-19,33.95
1982-08-20,33.95
1982-08-21,33.95
1982-08-22,33.95
1982-08-23,33.95
1982-08-24,33.95
1982-08-25,33.95
1982-08-26,33.95
1982-08-27,33.95
1982-08-28,33.95
1982-08-29,33.95
1982-08-30,33.95
1982-08-31,33.95
1982-09-01,35.63
1982-09-02,35.63
1982-09-03,35.63
1982-09-04,35.63
1982-09-05,35.63
1982-09-06,35.63
1982-09-07,35.63
1982-09-08,35.63
1982-09-09,35.63
1982-09-10,35.63
1982-09-11,35.63
1982-09-12,35.63
1982-09-13,35.63
1982-09-14,35.63
1982-09-15,35.63
1982-09-16,35.63
1982-09-17,35.63
1982-09-18,35.63
1982-09-19,35.63
1982-09-20,35.63
1982-09-21,35.63
1982-09-22,35.63
1982-09-23,35.63
1982-09-24,35.63
1982-09-25,35.63
1982-09-26,35.63
1982-09-27,35.63
1982-09-28,35.63
1982-09-29,35.63
1982-09-30,35.63
1982-10-01,35.68
1982-10-02,35.68
1982-10-03,35.68
1982-10-04,35.68
1982-10-05,35.68
1982-10-06,35.68
1982-10-07,35.68
1982-10-08,35.68
1982-10-09,35.68
1982-10-10,35.68
1982-10-11,35.68
1982-10-12,35.68
1982-10-13,35.68
1982-10-14,35.68
1982-10-15,35.68
1982-10-16,35.68
1982-10-17,35.68
1982-10-18,35.68
1982-10-19,35.68
1982-10-20,35.68
1982-10-21,35.68
1982-10-22,35.68
1982-10-23,35.68
1982-10-24,35.68
1982-10-25,35.68
1982-10-26,35.68
1982-10-27,35.68
1982-10-28,35.68
1982-10-29,35.68
1982-10-30,35.68
1982-10-31,35.68
1982-11-01,34.15
1982-11-02,34.15
1982-11-03,34.15
1982-11-04,34.15
1982-11-05,34.15
1982-11-06,34.15
1982-11-07,34.15
1982-11-08,34.15
1982-11-09,34.15
1982-11-10,34.15
1982-11-11,34.15
1982-11-12,34.15
1982-11-13,34.15
1982-11-14,34.15
1982-11-15,34.15
1982-11-16,34.15
1982-11-17,34.15
1982-11-18,34.15
1982-11-19,34.15
1982-11-20,34.15
1982-11-21,34.15
1982-11-22,34.15
1982-11-23,34.15
1982-11-24,34.15
1982-11-25,34.15
1982-11-26,34.15
1982-11-27,34.15
1982-11-28,34.15
1982-11-29,34.15
1982-11-30,34.15
1982-12-01,31.72
1982-12-02,31.72
1982-12-03,31.72
1982-12-04,31.72
1982-12-05,31.72
1982-12-06,31.72
1982-12-07,31.72
1982-12-08,31.72
1982-12-09,31.72
1982-12-10,31.72
1982-12-11,31.72
1982-12-12,31.72
1982-12-13,31.72
1982-12-14,31.72
1982-12-15,31.72
1982-12-16,31.72
1982-12-17,31.72
1982-12-18,31.72
1982-12-19,31.72
1982-12-20,31.72
1982-12-21,31.72
1982-12-22,31.72
1982-12-23,31.72
1982-12-24,31.72
1982-12-25,31.72
1982-12-26,31.72
1982-12-27,31.72
1982-12-28,31.72
1982-12-29,31.72
1982-12-30,31.72
1982-12-31,31.72
1983-01-01,31.19
1983-01-02,31.19
1983-01-03,31.19
1983-01-04,31.19
1983-01-05,31.19
1983-01-06,31.19
1983-01-07,31.19
1983-01-08,31.19
1983-01-09,31.19
1983-01-10,31.19
1983-01-11,31.19
1983-01-12,31.19
1983-01-13,31.19
1983-01-14,31.19
1983-01-15,31.19
1983-01-16,31.19
1983-01-17,31.19
1983-01-18,31.19
1983-01-19,31.19
1983-01-20,31.19
1983-01-21,31.19
1983-01-22,31.19
1983-01-23,31.19
1983-01-24,31.19
1983-01-25,31.19
1983-01-26,31.19
1983-01-27,31.19
1983-01-28,31.19
1983-01-29,31.19
1983-01-30,31.19
1983-01-31,31.19
1983-02-01,28.95
1983-02-02,28.95
1983-02-03,28.95
1983-02-04,28.95
1983-02-05,28.95
1983-02-06,28.95
1983-02-07,28.95
1983-02-08,28.95
1983-02-09,28.95
1983-02-10,28.95
1983-02-11,28.95
1983-02-12,28.95
1983-02-13,28.95
1983-02-14,28.95
1983-02-15,28.95
1983-02-16,28.95
1983-02-17,28.95
1983-02-18,28.95
1983-02-19,28.95
1983-02-20,28.95
1983-02-21,28.95
1983-02-22,28.95
1983-02-23,28.95
1983-02-24,28.95
1983-02-25,28.95
1983-02-26,28.95
1983-02-27,28.95
1983-02-28,28.95
1983-03-01,29.29
1983-03-31,29.27
1983-04-04,29.44
1983-04-05,29.71
1983-04-06,29.9
1983-04-07,30.17
1983-04-08,30.38
1983-04-11,30.25
1983-04-12,30.83
1983-04-13,30.82
1983-04-14,30.82
1983-04-15,30.48
1983-04-18,30.75
1983-04-19,30.75
1983-04-20,30.7
1983-04-21,30.68
1983-04-22,30.75
1983-04-25,30.84
1983-04-26,30.71
1983-04-27,30.78
1983-04-28,30.74
1983-04-29,30.63
1983-05-02,30.61
1983-05-03,30.5
1983-05-04,30.42
1983-05-05,30.2
1983-05-06,30.12
1983-05-09,30.1
1983-05-10,30.31
1983-05-11,29.97
1983-05-12,29.72
1983-05-13,29.8
1983-05-16,30.12
1983-05-17,29.91
1983-05-18,29.75
1983-05-19,29.95
1983-05-20,30.3
1983-05-23,30.27
1983-05-24,30.05
1983-05-25,30.25
1983-05-26,30.31
1983-05-27,30.19
1983-05-31,30.25
1983-06-01,30.33
1983-06-02,30.4
1983-06-03,30.36
1983-06-06,30.35
1983-06-07,30.58
1983-06-08,30.6
1983-06-09,30.49
1983-06-10,30.77
1983-06-13,31.0
1983-06-14,31.0
1983-06-15,31.3
1983-06-16,31.6
1983-06-17,31.4
1983-06-20,31.42
1983-06-21,31.18
1983-06-22,30.95
1983-06-23,31.1
1983-06-24,31.2
1983-06-27,31.2
1983-06-28,31.24
1983-06-29,31.2
1983-06-30,31.38
1983-07-01,31.35
1983-07-05,31.27
1983-07-06,31.2
1983-07-07,31.4
1983-07-08,31.4
1983-07-11,31.64
1983-07-12,31.72
1983-07-13,31.87
1983-07-14,31.85
1983-07-15,31.7
1983-07-18,31.7
1983-07-19,31.62
1983-07-20,31.65
1983-07-21,31.51
1983-07-22,31.46
1983-07-25,31.4
1983-07-26,31.53
1983-07-27,31.73
1983-07-28,31.82
1983-07-29,32.0
1983-08-01,32.12
1983-08-02,32.2
1983-08-03,32.2
1983-08-04,32.14
1983-08-05,32.15
1983-08-08,32.05
1983-08-09,31.94
1983-08-10,32.14
1983-08-11,31.95
1983-08-12,31.99
1983-08-15,32.0
1983-08-16,31.98
1983-08-17,31.87
1983-08-18,31.72
1983-08-19,31.65
1983-08-22,31.53
1983-08-23,31.65
1983-08-24,31.57
1983-08-25,31.73
1983-08-26,31.8
1983-08-29,31.66
1983-08-30,31.68
1983-08-31,31.59
1983-09-01,31.6
1983-09-02,31.57
1983-09-06,31.36
1983-09-07,31.38
1983-09-08,31.34
1983-09-09,31.21
1983-09-12,31.15
1983-09-13,31.23
1983-09-14,31.4
1983-09-15,31.48
1983-09-16,31.55
1983-09-19,31.48
1983-09-20,31.33
1983-09-21,31.39
1983-09-22,31.3
1983-09-23,31.3
1983-09-26,31.22
1983-09-27,31.11
1983-09-28,30.76
1983-09-29,30.6
1983-09-30,30.36
1983-10-03,29.92
1983-10-04,30.18
1983-10-05,30.2
1983-10-06,30.26
1983-10-07,30.47
1983-10-10,30.85
1983-10-11,30.57
1983-10-12,30.52
1983-10-13,30.66
1983-10-14,30.55
1983-10-17,30.61
1983-10-18,30.68
1983-10-19,30.32
1983-10-20,30.3
1983-10-21,30.33
1983-10-24,30.44
1983-10-25,30.43
1983-10-26,30.23
1983-10-27,30.31
1983-10-28,30.26
1983-10-31,30.37
1983-11-01,30.38
1983-11-02,30.35
1983-11-03,30.42
1983-11-04,30.46
1983-11-07,30.39
1983-11-08,30.38
1983-11-09,30.38
1983-11-10,30.26
1983-11-11,30.14
1983-11-14,30.15
1983-11-15,30.17
1983-11-16,29.95
1983-11-17,28.98
1983-11-18,29.19
1983-11-21,29.14
1983-11-22,29.04
1983-11-23,29.19
1983-11-28,29.69
1983-11-29,29.39
1983-11-30,29.23
1983-12-01,29.28
1983-12-02,29.38
1983-12-05,29.3
1983-12-06,29.29
1983-12-07,29.06
1983-12-08,29.27
1983-12-09,29.31
1983-12-12,29.27
1983-12-13,29.21
1983-12-14,29.28
1983-12-15,29.11
1983-12-16,28.57
1983-12-19,28.38
1983-12-20,28.76
1983-12-21,28.88
1983-12-22,29.08
1983-12-23,29.44
1983-12-27,29.85
1983-12-28,29.98
1983-12-29,29.66
1983-12-30,29.6
1984-01-03,29.4
1984-01-04,29.5
1984-01-05,29.3
1984-01-06,29.18
1984-01-09,29.47
1984-01-10,29.45
1984-01-11,29.46
1984-01-12,29.51
1984-01-13,29.58
1984-01-16,29.72
1984-01-17,29.57
1984-01-18,29.79
1984-01-19,29.99
1984-01-20,29.89
1984-01-23,29.52
1984-01-24,29.7
1984-01-25,29.78
1984-01-26,29.95
1984-01-27,30.14
1984-01-30,29.89
1984-01-31,29.98
1984-02-01,30.3
1984-02-02,30.19
1984-02-03,30.11
1984-02-06,30.16
1984-02-07,30.04
1984-02-08,30.04
1984-02-09,29.83
1984-02-10,29.83
1984-02-13,29.63
1984-02-14,29.74
1984-02-15,29.83
1984-02-16,29.91
1984-02-17,29.9
1984-02-21,29.79
1984-02-22,29.79
1984-02-23,29.92
1984-02-24,30.1
1984-02-27,30.79
1984-02-28,30.45
1984-02-29,30.55
1984-03-01,30.73
1984-03-02,30.7
1984-03-05,30.78
1984-03-06,30.73
1984-03-07,30.75
1984-03-08,30.8
1984-03-09,30.99
1984-03-12,30.91
1984-03-13,30.86
1984-03-14,30.91
1984-03-15,30.87
1984-03-16,30.64
1984-03-19,30.49
1984-03-20,30.52
1984-03-21,30.42
1984-03-22,30.55
1984-03-23,30.61
1984-03-26,30.59
1984-03-27,30.72
1984-03-28,30.65
1984-03-29,30.86
1984-03-30,30.85
1984-04-02,30.8
1984-04-03,30.85
1984-04-04,30.81
1984-04-05,30.78
1984-04-06,30.75
1984-04-09,30.72
1984-04-10,30.78
1984-04-11,30.8
1984-04-12,30.7
1984-04-13,30.68
1984-04-16,30.69
1984-04-17,30.66
1984-04-18,30.5
1984-04-19,30.52
1984-04-23,30.57
1984-04-24,30.63
1984-04-25,30.55
1984-04-26,30.48
1984-04-27,30.43
1984-04-30,30.26
1984-05-01,30.29
1984-05-02,30.17
1984-05-03,30.16
1984-05-04,30.25
1984-05-07,30.16
1984-05-08,30.22
1984-05-09,30.34
1984-05-10,30.34
1984-05-11,30.36
1984-05-14,30.59
1984-05-15,30.6
1984-05-16,30.98
1984-05-17,30.73
1984-05-18,30.75
1984-05-21,30.93
1984-05-22,30.67
1984-05-23,30.6
1984-05-24,30.75
1984-05-25,30.88
1984-05-29,30.71
1984-05-30,30.81
1984-05-31,30.83
1984-06-01,30.7
1984-06-04,30.75
1984-06-05,30.73
1984-06-06,30.55
1984-06-07,30.4
1984-06-08,30.37
1984-06-11,30.15
1984-06-12,30.17
1984-06-13,30.1
1984-06-14,30.18
1984-06-15,30.03
1984-06-18,29.79
1984-06-19,29.87
1984-06-20,29.74
1984-06-21,29.34
1984-06-22,29.26
1984-06-25,29.55
1984-06-26,29.36
1984-06-27,29.25
1984-06-28,29.56
1984-06-29,29.75
1984-07-02,29.59
1984-07-03,29.5
1984-07-05,29.57
1984-07-06,29.65
1984-07-09,29.47
1984-07-10,29.4
1984-07-11,29.35
1984-07-12,29.08
1984-07-13,28.95
1984-07-16,28.88
1984-07-17,28.99
1984-07-18,28.82
1984-07-19,28.69
1984-07-20,28.48
1984-07-23,28.35
1984-07-24,28.15
1984-07-25,28.0
1984-07-26,27.77
1984-07-27,27.7
1984-07-30,27.64
1984-07-31,27.6
1984-08-01,28.13
1984-08-02,29.07
1984-08-03,28.78
1984-08-06,29.12
1984-08-07,29.31
1984-08-08,29.38
1984-08-09,29.35
1984-08-10,29.08
1984-08-13,29.15
1984-08-14,29.25
1984-08-15,29.19
1984-08-16,28.99
1984-08-17,29.03
1984-08-20,29.44
1984-08-21,29.68
1984-08-22,29.88
1984-08-23,29.77
1984-08-24,29.91
1984-08-27,29.86
1984-08-28,29.87
1984-08-29,29.75
1984-08-30,29.28
1984-08-31,29.23
1984-09-04,29.04
1984-09-05,28.88
1984-09-06,29.28
1984-09-07,29.22
1984-09-10,29.36
1984-09-11,29.53
1984-09-12,29.33
1984-09-13,29.35
1984-09-14,29.28
1984-09-17,29.2
1984-09-18,29.24
1984-09-19,29.62
1984-09-20,29.58
1984-09-21,29.47
1984-09-24,29.48
1984-09-25,29.55
1984-09-26,29.54
1984-09-27,29.58
1984-09-28,29.66
1984-10-01,29.69
1984-10-02,29.62
1984-10-03,29.54
1984-10-04,29.47
1984-10-05,29.4
1984-10-08,29.37
1984-10-09,29.45
1984-10-10,29.33
1984-10-11,29.28
1984-10-12,29.06
1984-10-15,28.79
1984-10-16,28.67
1984-10-17,27.85
1984-10-18,27.54
1984-10-19,27.7
1984-10-22,28.45
1984-10-23,28.36
1984-10-24,28.51
1984-10-25,28.65
1984-10-26,28.58
1984-10-29,28.41
1984-10-30,28.22
1984-10-31,28.46
1984-11-01,28.74
1984-11-02,28.65
1984-11-05,28.55
1984-11-06,28.7
1984-11-07,28.73
1984-11-08,28.68
1984-11-09,28.53
1984-11-12,28.42
1984-11-13,28.46
1984-11-14,28.44
1984-11-15,28.23
1984-11-16,28.08
1984-11-19,27.83
1984-11-20,27.85
1984-11-21,27.74
1984-11-26,27.16
1984-11-27,27.31
1984-11-28,27.32
1984-11-29,27.48
1984-11-30,27.31
1984-12-03,27.3
1984-12-04,27.52
1984-12-05,27.7
1984-12-06,27.68
1984-12-07,27.46
1984-12-10,27.45
1984-12-11,27.25
1984-12-12,26.72
1984-12-13,26.57
1984-12-14,26.45
1984-12-17,26.8
1984-12-18,26.79
1984-12-19,26.38
1984-12-20,26.33
1984-12-21,26.5
1984-12-26,26.79
1984-12-27,26.34
1984-12-28,26.41
1985-01-02,25.92
1985-01-03,25.84
1985-01-04,25.18
1985-01-07,25.56
1985-01-08,25.48
1985-01-09,25.43
1985-01-10,25.76
1985-01-11,25.77
1985-01-14,26.12
1985-01-15,25.91
1985-01-16,25.62
1985-01-17,25.69
1985-01-18,25.68
1985-01-21,25.97
1985-01-22,25.55
1985-01-23,25.38
1985-01-24,25.28
1985-01-25,25.25
1985-01-28,25.23
1985-01-29,25.38
1985-01-30,25.67
1985-01-31,26.41
1985-02-01,26.74
1985-02-04,26.52
1985-02-05,26.78
1985-02-06,27.07
1985-02-07,27.21
1985-02-08,27.59
1985-02-11,28.06
1985-02-12,27.36
1985-02-13,27.85
1985-02-14,27.8
1985-02-15,27.8
1985-02-19,27.29
1985-02-20,27.18
1985-02-21,27.14
1985-02-22,26.76
1985-02-25,26.44
1985-02-26,26.79
1985-02-27,26.69
1985-02-28,26.73
1985-03-01,27.2
1985-03-04,27.74
1985-03-05,27.55
1985-03-06,27.77
1985-03-07,28.08
1985-03-08,27.74
1985-03-11,27.57
1985-03-12,27.92
1985-03-13,28.06
1985-03-14,28.19
1985-03-15,28.32
1985-03-18,28.85
1985-03-19,28.8
1985-03-20,28.98
1985-03-21,28.34
1985-03-22,28.24
1985-03-25,28.09
1985-03-26,28.45
1985-03-27,28.16
1985-03-28,28.25
1985-03-29,28.29
1985-04-01,28.72
1985-04-02,28.85
1985-04-03,28.82
1985-04-04,28.9
1985-04-08,29.09
1985-04-09,29.05
1985-04-10,29.24
1985-04-11,28.94
1985-04-12,28.68
1985-04-15,29.14
1985-04-16,29.04
1985-04-17,28.95
1985-04-18,29.02
1985-04-19,29.31
1985-04-22,29.8
1985-04-23,28.32
1985-04-24,27.93
1985-04-25,27.87
1985-04-26,27.94
1985-04-29,27.66
1985-04-30,27.63
1985-05-01,27.33
1985-05-02,27.36
1985-05-03,27.29
1985-05-06,27.19
1985-05-07,27.31
1985-05-08,27.17
1985-05-09,27.58
1985-05-10,27.38
1985-05-13,27.59
1985-05-14,27.66
1985-05-15,27.79
1985-05-16,27.93
1985-05-17,27.8
1985-05-20,27.9
1985-05-21,28.0
1985-05-22,27.1
1985-05-23,27.6
1985-05-24,27.7
1985-05-28,27.57
1985-05-29,27.64
1985-05-30,27.92
1985-05-31,27.84
1985-06-03,27.48
1985-06-04,27.47
1985-06-05,27.02
1985-06-06,27.08
1985-06-07,26.92
1985-06-10,26.81
1985-06-11,26.95
1985-06-12,27.01
1985-06-13,27.41
1985-06-14,27.29
1985-06-17,27.23
1985-06-18,27.22
1985-06-19,27.3
1985-06-20,27.2
1985-06-21,26.92
1985-06-24,26.89
1985-06-25,26.75
1985-06-26,26.94
1985-06-27,27.09
1985-06-28,26.87
1985-07-01,26.68
1985-07-02,26.94
1985-07-03,26.91
1985-07-08,26.99
1985-07-09,27.45
1985-07-10,27.55
1985-07-11,27.37
1985-07-12,27.11
1985-07-15,27.31
1985-07-16,27.37
1985-07-17,27.48
1985-07-18,27.49
1985-07-19,27.4
1985-07-22,27.7
1985-07-23,27.16
1985-07-24,27.34
1985-07-25,27.31
1985-07-26,27.3
1985-07-29,27.36
1985-07-30,27.34
1985-07-31,27.12
1985-08-01,27.19
1985-08-02,27.31
1985-08-05,27.33
1985-08-06,27.26
1985-08-07,27.27
1985-08-08,27.31
1985-08-09,27.37
1985-08-12,27.58
1985-08-13,27.61
1985-08-14,27.73
1985-08-15,28.06
1985-08-16,28.03
1985-08-19,27.99
1985-08-20,28.09
1985-08-21,27.88
1985-08-22,27.97
1985-08-23,27.95
1985-08-26,28.1
1985-08-27,28.08
1985-08-28,28.1
1985-08-29,27.94
1985-08-30,28.08
1985-09-03,28.28
1985-09-04,28.27
1985-09-05,27.97
1985-09-06,27.75
1985-09-09,27.64
1985-09-10,27.89
1985-09-11,27.88
1985-09-12,28.04
1985-09-13,28.01
1985-09-16,27.92
1985-09-17,28.08
1985-09-18,28.1
1985-09-19,28.2
1985-09-20,28.72
1985-09-23,28.05
1985-09-24,28.23
1985-09-25,28.42
1985-09-26,28.9
1985-09-27,28.93
1985-09-30,29.08
1985-10-01,29.03
1985-10-02,29.26
1985-10-03,29.31
1985-10-04,29.0
1985-10-07,29.16
1985-10-08,29.27
1985-10-09,28.98
1985-10-10,28.66
1985-10-11,28.73
1985-10-14,29.06
1985-10-15,29.35
1985-10-16,29.36
1985-10-17,29.55
1985-10-18,29.52
1985-10-21,29.97
1985-10-22,30.28
1985-10-23,29.33
1985-10-24,29.59
1985-10-25,29.65
1985-10-28,30.17
1985-10-29,30.22
1985-10-30,30.12
1985-10-31,30.38
1985-11-01,30.39
1985-11-04,30.19
1985-11-05,29.96
1985-11-06,30.34
1985-11-07,30.39
1985-11-08,30.45
1985-11-11,30.69
1985-11-12,30.82
1985-11-13,31.04
1985-11-14,31.35
1985-11-15,30.97
1985-11-18,30.93
1985-11-19,31.31
1985-11-20,31.72
1985-11-21,30.82
1985-11-22,30.91
1985-11-25,31.01
1985-11-26,30.74
1985-11-27,29.75
1985-12-02,29.75
1985-12-03,29.06
1985-12-04,28.64
1985-12-05,28.88
1985-12-06,28.74
1985-12-09,27.51
1985-12-10,25.23
1985-12-11,26.78
1985-12-12,27.25
1985-12-13,27.37
1985-12-16,27.27
1985-12-17,26.42
1985-12-18,26.53
1985-12-19,26.07
1985-12-20,25.77
1985-12-23,25.57
1985-12-26,26.22
1985-12-27,26.89
1985-12-30,26.66
1985-12-31,26.3
1986-01-02,25.56
1986-01-03,25.97
1986-01-06,26.57
1986-01-07,26.2
1986-01-08,25.93
1986-01-09,25.9
1986-01-10,25.79
1986-01-13,25.08
1986-01-14,24.96
1986-01-15,25.15
1986-01-16,24.11
1986-01-17,23.53
1986-01-20,21.27
1986-01-21,20.59
1986-01-22,20.59
1986-01-23,19.82
1986-01-24,19.5
1986-01-27,20.83
1986-01-28,20.17
1986-01-29,19.66
1986-01-30,19.66
1986-01-31,18.83
1986-02-03,17.36
1986-02-04,15.44
1986-02-05,16.16
1986-02-06,16.45
1986-02-07,17.68
1986-02-10,16.78
1986-02-11,16.55
1986-02-12,15.73
1986-02-13,16.47
1986-02-14,16.01
1986-02-18,14.77
1986-02-19,15.12
1986-02-20,14.17
1986-02-21,13.53
1986-02-24,15.11
1986-02-25,14.55
1986-02-26,14.6
1986-02-27,13.95
1986-02-28,13.26
1986-03-03,12.27
1986-03-04,11.98
1986-03-05,12.09
1986-03-06,13.16
1986-03-07,12.28
1986-03-10,12.85
1986-03-11,13.1
1986-03-12,14.01
1986-03-13,12.65
1986-03-14,12.72
1986-03-17,13.2
1986-03-18,13.73
1986-03-19,13.28
1986-03-20,12.78
1986-03-21,13.94
1986-03-24,12.13
1986-03-25,12.25
1986-03-26,12.02
1986-03-27,11.44
1986-03-31,10.42
1986-04-01,11.27
1986-04-02,11.52
1986-04-03,11.75
1986-04-04,12.74
1986-04-07,14.33
1986-04-08,12.47
1986-04-09,13.0
1986-04-10,13.48
1986-04-11,13.61
1986-04-14,12.97
1986-04-15,12.7
1986-04-16,11.43
1986-04-17,11.83
1986-04-18,11.92
1986-04-21,12.57
1986-04-22,13.2
1986-04-23,13.21
1986-04-24,12.98
1986-04-25,13.39
1986-04-28,13.36
1986-04-29,13.51
1986-04-30,13.34
1986-05-01,13.81
1986-05-02,14.73
1986-05-05,14.33
1986-05-06,14.32
1986-05-07,15.21
1986-05-08,15.74
1986-05-09,15.86
1986-05-12,15.77
1986-05-13,15.89
1986-05-14,15.51
1986-05-15,15.68
1986-05-16,16.16
1986-05-19,17.16
1986-05-20,16.04
1986-05-21,14.82
1986-05-22,15.16
1986-05-23,15.59
1986-05-27,15.1
1986-05-28,14.83
1986-05-29,14.54
1986-05-30,14.3
1986-06-02,13.81
1986-06-03,13.87
1986-06-04,13.1
1986-06-05,13.23
1986-06-06,12.76
1986-06-09,12.63
1986-06-10,12.56
1986-06-11,13.49
1986-06-12,13.66
1986-06-13,13.81
1986-06-16,13.66
1986-06-17,13.74
1986-06-18,13.65
1986-06-19,13.76
1986-06-20,14.69
1986-06-23,13.0
1986-06-24,12.88
1986-06-25,13.26
1986-06-26,13.14
1986-06-27,13.4
1986-06-30,12.78
1986-07-01,12.38
1986-07-02,11.99
1986-07-07,11.19
1986-07-08,11.22
1986-07-09,10.77
1986-07-10,11.25
1986-07-11,11.13
1986-07-14,11.04
1986-07-15,12.11
1986-07-16,12.61
1986-07-17,12.4
1986-07-18,12.86
1986-07-21,13.09
1986-07-22,11.07
1986-07-23,10.85
1986-07-24,11.05
1986-07-25,10.9
1986-07-28,11.07
1986-07-29,11.41
1986-07-30,11.73
1986-07-31,11.15
1986-08-01,11.55
1986-08-04,13.29
1986-08-05,15.02
1986-08-06,14.97
1986-08-07,15.32
1986-08-08,14.83
1986-08-11,14.91
1986-08-12,15.35
1986-08-13,15.28
1986-08-14,15.42
1986-08-15,15.82
1986-08-18,15.61
1986-08-19,14.87
1986-08-20,15.26
1986-08-21,15.46
1986-08-22,15.49
1986-08-25,15.51
1986-08-26,15.83
1986-08-27,15.79
1986-08-28,15.81
1986-08-29,15.9
1986-09-02,16.46
1986-09-03,16.13
1986-09-04,16.21
1986-09-05,16.37
1986-09-08,15.62
1986-09-09,15.27
1986-09-10,14.88
1986-09-11,14.99
1986-09-12,15.06
1986-09-15,14.34
1986-09-16,13.97
1986-09-17,14.0
1986-09-18,14.56
1986-09-19,14.48
1986-09-22,13.97
1986-09-23,14.45
1986-09-24,14.57
1986-09-25,14.27
1986-09-26,14.43
1986-09-29,14.89
1986-09-30,14.77
1986-10-01,15.16
1986-10-02,15.36
1986-10-03,14.87
1986-10-06,14.82
1986-10-07,15.4
1986-10-08,15.41
1986-10-09,15.1
1986-10-10,14.93
1986-10-13,14.37
1986-10-14,14.6
1986-10-15,14.85
1986-10-16,14.53
1986-10-17,14.8
1986-10-20,15.13
1986-10-21,15.19
1986-10-22,15.19
1986-10-23,15.08
1986-10-24,15.02
1986-10-27,14.41
1986-10-28,14.13
1986-10-29,13.73
1986-10-30,15.04
1986-10-31,15.27
1986-11-03,14.71
1986-11-04,14.96
1986-11-05,14.96
1986-11-06,15.08
1986-11-07,15.15
1986-11-10,15.34
1986-11-11,15.41
1986-11-12,15.35
1986-11-13,15.51
1986-11-14,15.64
1986-11-17,15.62
1986-11-18,15.59
1986-11-19,15.48
1986-11-20,15.08
1986-11-21,15.38
1986-11-24,14.99
1986-11-25,14.95
1986-11-26,15.0
1986-12-01,15.31
1986-12-02,15.19
1986-12-03,15.12
1986-12-04,15.2
1986-12-05,15.13
1986-12-08,15.03
1986-12-09,15.0
1986-12-10,15.13
1986-12-11,15.5
1986-12-12,16.1
1986-12-15,16.36
1986-12-16,16.1
1986-12-17,15.86
1986-12-18,16.06
1986-12-19,16.21
1986-12-22,16.21
1986-12-23,16.91
1986-12-24,17.27
1986-12-29,17.65
1986-12-30,17.65
1986-12-31,17.94
1987-01-02,18.13
1987-01-05,17.95
1987-01-06,18.22
1987-01-07,18.25
1987-01-08,18.57
1987-01-09,18.77
1987-01-12,19.01
1987-01-13,18.89
1987-01-14,19.13
1987-01-15,19.14
1987-01-16,19.1
1987-01-19,18.7
1987-01-20,18.72
1987-01-21,18.69
1987-01-22,18.87
1987-01-23,18.76
1987-01-26,18.64
1987-01-27,18.47
1987-01-28,18.58
1987-01-29,18.66
1987-01-30,18.75
1987-02-02,18.54
1987-02-03,18.36
1987-02-04,18.26
1987-02-05,18.58
1987-02-06,18.44
1987-02-09,18.34
1987-02-10,18.45
1987-02-11,18.06
1987-02-12,17.98
1987-02-13,17.85
1987-02-17,17.79
1987-02-18,17.4
1987-02-19,17.44
1987-02-20,17.77
1987-02-23,17.77
1987-02-24,17.77
1987-02-25,16.4
1987-02-26,16.78
1987-02-27,16.6
1987-03-02,16.39
1987-03-03,17.35
1987-03-04,17.51
1987-03-05,17.75
1987-03-06,18.13
1987-03-09,18.04
1987-03-10,18.12
1987-03-11,18.35
1987-03-12,18.39
1987-03-13,18.36
1987-03-16,18.64
1987-03-17,18.87
1987-03-18,18.69
1987-03-19,18.6
1987-03-20,18.67
1987-03-23,18.67
1987-03-24,18.67
1987-03-25,18.67
1987-03-26,18.63
1987-03-27,18.62
1987-03-30,18.69
1987-03-31,18.83
1987-04-01,18.78
1987-04-02,18.91
1987-04-03,18.7
1987-04-06,18.67
1987-04-07,18.84
1987-04-08,18.65
1987-04-09,18.59
1987-04-10,18.11
1987-04-13,18.01
1987-04-14,17.98
1987-04-15,18.47
1987-04-16,18.64
1987-04-20,18.65
1987-04-21,19.03
1987-04-22,19.03
1987-04-23,19.03
1987-04-24,18.68
1987-04-27,18.83
1987-04-28,18.84
1987-04-29,18.6
1987-04-30,18.73
1987-05-01,18.83
1987-05-04,18.92
1987-05-05,19.05
1987-05-06,19.23
1987-05-07,19.13
1987-05-08,19.26
1987-05-11,19.41
1987-05-12,19.27
1987-05-13,19.41
1987-05-14,19.56
1987-05-15,19.8
1987-05-18,19.89
1987-05-19,19.87
1987-05-20,19.87
1987-05-21,19.24
1987-05-22,19.35
1987-05-26,19.42
1987-05-27,19.37
1987-05-28,19.26
1987-05-29,19.38
1987-06-01,19.56
1987-06-02,19.69
1987-06-03,19.86
1987-06-04,19.81
1987-06-05,19.79
1987-06-08,19.9
1987-06-09,19.82
1987-06-10,19.82
1987-06-11,19.85
1987-06-12,19.91
1987-06-15,20.06
1987-06-16,20.27
1987-06-17,20.39
1987-06-18,20.52
1987-06-19,20.66
1987-06-22,20.48
1987-06-23,19.57
1987-06-24,19.4
1987-06-25,19.64
1987-06-26,20.24
1987-06-29,20.35
1987-06-30,20.29
1987-07-01,20.48
1987-07-02,20.61
1987-07-06,20.93
1987-07-07,20.74
1987-07-08,20.88
1987-07-09,21.23
1987-07-10,21.33
1987-07-13,21.4
1987-07-14,21.58
1987-07-15,22.15
1987-07-16,22.34
1987-07-17,22.39
1987-07-20,22.2
1987-07-21,21.7
1987-07-22,21.55
1987-07-23,21.23
1987-07-24,20.57
1987-07-27,20.49
1987-07-28,21.32
1987-07-29,21.44
1987-07-30,21.36
1987-07-31,21.37
1987-08-03,22.16
1987-08-04,21.97
1987-08-05,21.29
1987-08-06,21.14
1987-08-07,20.99
1987-08-10,20.73
1987-08-11,20.99
1987-08-12,20.99
1987-08-13,20.77
1987-08-14,20.57
1987-08-17,19.83
1987-08-18,19.9
1987-08-19,19.63
1987-08-20,19.42
1987-08-21,18.9
1987-08-24,18.6
1987-08-25,18.64
1987-08-26,19.46
1987-08-27,19.64
1987-08-28,19.39
1987-08-31,19.73
1987-09-01,19.63
1987-09-02,19.64
1987-09-03,19.5
1987-09-04,19.32
1987-09-08,18.94
1987-09-09,19.38
1987-09-10,19.67
1987-09-11,19.4
1987-09-14,19.61
1987-09-15,19.7
1987-09-16,19.73
1987-09-17,19.56
1987-09-18,19.55
1987-09-21,19.73
1987-09-22,19.25
1987-09-23,19.68
1987-09-24,19.65
1987-09-25,19.46
1987-09-28,19.45
1987-09-29,19.54
1987-09-30,19.59
1987-10-01,19.62
1987-10-02,19.86
1987-10-05,19.82
1987-10-06,19.44
1987-10-07,19.66
1987-10-08,19.59
1987-10-09,19.7
1987-10-12,19.65
1987-10-13,19.7
1987-10-14,19.77
1987-10-15,19.75
1987-10-16,20.22
1987-10-19,19.8
1987-10-20,19.87
1987-10-21,20.05
1987-10-22,20.2
1987-10-23,20.16
1987-10-26,19.99
1987-10-27,20.12
1987-10-28,20.08
1987-10-29,19.97
1987-10-30,19.96
1987-11-02,19.62
1987-11-03,19.49
1987-11-04,19.07
1987-11-05,18.98
1987-11-06,18.8
1987-11-09,18.63
1987-11-10,18.94
1987-11-11,18.9
1987-11-12,18.91
1987-11-13,18.93
1987-11-16,18.65
1987-11-17,18.4
1987-11-18,18.64
1987-11-19,18.57
1987-11-20,18.93
1987-11-23,18.78
1987-11-24,18.71
1987-11-25,18.62
1987-11-30,18.51
1987-12-01,18.46
1987-12-02,18.56
1987-12-03,18.87
1987-12-04,18.74
1987-12-07,18.25
1987-12-08,18.08
1987-12-09,18.55
1987-12-10,18.51
1987-12-11,18.31
1987-12-14,17.44
1987-12-15,16.63
1987-12-16,15.96
1987-12-17,15.84
1987-12-18,15.58
1987-12-21,15.16
1987-12-22,16.61
1987-12-23,16.64
1987-12-24,16.52
1987-12-28,16.42
1987-12-29,16.93
1987-12-30,16.89
1987-12-31,16.7
1988-01-04,17.69
1988-01-05,17.85
1988-01-06,17.82
1988-01-07,17.39
1988-01-08,17.31
1988-01-11,16.75
1988-01-12,16.63
1988-01-13,16.59
1988-01-14,17.21
1988-01-15,16.95
1988-01-18,17.33
1988-01-19,17.35
1988-01-20,17.25
1988-01-21,17.18
1988-01-22,17.01
1988-01-25,17.09
1988-01-26,17.04
1988-01-27,16.71
1988-01-28,16.96
1988-01-29,16.94
1988-02-01,16.82
1988-02-02,16.94
1988-02-03,17.14
1988-02-04,17.14
1988-02-05,17.28
1988-02-08,17.66
1988-02-09,17.42
1988-02-10,17.13
1988-02-11,17.11
1988-02-12,16.75
1988-02-16,16.67
1988-02-17,16.61
1988-02-18,16.45
1988-02-19,16.7
1988-02-22,16.62
1988-02-23,16.62
1988-02-24,16.46
1988-02-25,15.92
1988-02-26,15.78
1988-02-29,16.01
1988-03-01,15.72
1988-03-02,15.67
1988-03-03,15.5
1988-03-04,15.59
1988-03-07,15.37
1988-03-08,15.45
1988-03-09,15.49
1988-03-10,16.0
1988-03-11,16.29
1988-03-14,15.59
1988-03-15,15.68
1988-03-16,16.0
1988-03-17,16.28
1988-03-18,16.58
1988-03-21,16.49
1988-03-22,16.09
1988-03-23,16.09
1988-03-24,16.96
1988-03-25,17.03
1988-03-28,17.1
1988-03-29,16.98
1988-03-30,17.08
1988-03-31,17.08
1988-04-04,17.01
1988-04-05,16.79
1988-04-06,16.81
1988-04-07,17.06
1988-04-08,16.88
1988-04-11,17.89
1988-04-12,18.09
1988-04-13,18.12
1988-04-14,18.3
1988-04-15,18.37
1988-04-18,18.52
1988-04-19,18.03
1988-04-20,17.74
1988-04-21,17.74
1988-04-22,18.3
1988-04-25,18.4
1988-04-26,18.6
1988-04-27,18.27
1988-04-28,17.98
1988-04-29,17.99
1988-05-02,17.14
1988-05-03,17.37
1988-05-04,17.2
1988-05-05,17.39
1988-05-06,17.74
1988-05-09,17.54
1988-05-10,17.46
1988-05-11,17.49
1988-05-12,17.48
1988-05-13,17.49
1988-05-16,17.66
1988-05-17,17.76
1988-05-18,17.43
1988-05-19,17.45
1988-05-20,17.17
1988-05-23,17.17
1988-05-24,17.4
1988-05-25,17.37
1988-05-26,17.54
1988-05-27,17.43
1988-05-31,17.51
1988-06-01,17.58
1988-06-02,17.65
1988-06-03,17.5
1988-06-06,17.26
1988-06-07,17.37
1988-06-08,17.33
1988-06-09,17.07
1988-06-10,16.73
1988-06-13,16.43
1988-06-14,16.83
1988-06-15,16.53
1988-06-16,16.66
1988-06-17,16.45
1988-06-20,16.0
1988-06-21,15.89
1988-06-22,15.89
1988-06-23,16.37
1988-06-24,16.01
1988-06-27,15.86
1988-06-28,15.78
1988-06-29,15.43
1988-06-30,15.16
1988-07-01,14.94
1988-07-05,15.09
1988-07-06,15.36
1988-07-07,15.83
1988-07-08,15.46
1988-07-11,14.78
1988-07-12,14.72
1988-07-13,14.44
1988-07-14,14.76
1988-07-15,14.86
1988-07-18,15.7
1988-07-19,15.23
1988-07-20,15.66
1988-07-21,15.66
1988-07-22,16.38
1988-07-25,16.05
1988-07-26,15.96
1988-07-27,16.16
1988-07-28,16.15
1988-07-29,16.31
1988-08-01,16.08
1988-08-02,15.61
1988-08-03,15.26
1988-08-04,15.03
1988-08-05,15.26
1988-08-08,15.87
1988-08-09,15.68
1988-08-10,15.71
1988-08-11,15.76
1988-08-12,15.52
1988-08-15,15.61
1988-08-16,15.49
1988-08-17,15.47
1988-08-18,15.57
1988-08-19,15.73
1988-08-22,15.76
1988-08-23,15.76
1988-08-24,15.68
1988-08-25,15.31
1988-08-26,15.34
1988-08-29,15.22
1988-08-30,15.27
1988-08-31,15.18
1988-09-01,15.08
1988-09-02,14.79
1988-09-06,14.24
1988-09-07,14.16
1988-09-08,14.48
1988-09-09,14.18
1988-09-12,14.49
1988-09-13,14.56
1988-09-14,15.4
1988-09-15,14.9
1988-09-16,14.57
1988-09-19,14.73
1988-09-20,15.04
1988-09-21,15.02
1988-09-22,14.65
1988-09-23,14.18
1988-09-26,14.2
1988-09-27,14.14
1988-09-28,14.11
1988-09-29,13.92
1988-09-30,13.37
1988-10-03,13.06
1988-10-04,13.07
1988-10-05,12.6
1988-10-06,12.66
1988-10-07,12.94
1988-10-10,13.6
1988-10-11,13.55
1988-10-12,14.11
1988-10-13,14.21
1988-10-14,14.92
1988-10-17,15.21
1988-10-18,14.61
1988-10-19,15.4
1988-10-20,14.6
1988-10-21,14.6
1988-10-24,13.17
1988-10-25,13.26
1988-10-26,13.41
1988-10-27,13.68
1988-10-28,13.85
1988-10-31,13.58
1988-11-01,13.44
1988-11-02,13.75
1988-11-03,13.9
1988-11-04,14.04
1988-11-07,14.06
1988-11-08,13.8
1988-11-09,13.86
1988-11-10,13.98
1988-11-11,13.95
1988-11-14,14.27
1988-11-15,13.9
1988-11-16,13.67
1988-11-17,13.29
1988-11-18,13.6
1988-11-21,12.98
1988-11-22,13.86
1988-11-23,13.97
1988-11-28,15.03
1988-11-29,14.92
1988-11-30,15.32
1988-12-01,15.61
1988-12-02,15.64
1988-12-05,15.34
1988-12-06,15.46
1988-12-07,15.74
1988-12-08,15.44
1988-12-09,15.84
1988-12-12,16.06
1988-12-13,16.0
1988-12-14,16.37
1988-12-15,16.35
1988-12-16,16.72
1988-12-19,16.31
1988-12-20,17.73
1988-12-21,16.3
1988-12-22,16.49
1988-12-23,16.61
1988-12-27,16.95
1988-12-28,16.97
1988-12-29,16.77
1988-12-30,17.24
1989-01-03,17.36
1989-01-04,17.08
1989-01-05,17.42
1989-01-06,17.55
1989-01-09,17.72
1989-01-10,17.69
1989-01-11,18.14
1989-01-12,18.17
1989-01-13,18.48
1989-01-16,18.88
1989-01-17,18.95
1989-01-18,19.26
1989-01-19,19.28
1989-01-20,18.86
1989-01-23,18.86
1989-01-24,17.54
1989-01-25,18.12
1989-01-26,17.72
1989-01-27,17.74
1989-01-30,17.29
1989-01-31,17.03
1989-02-01,17.51
1989-02-02,17.73
1989-02-03,17.53
1989-02-06,17.38
1989-02-07,17.7
1989-02-08,17.49
1989-02-09,17.39
1989-02-10,17.11
1989-02-13,17.59
1989-02-14,17.42
1989-02-15,18.25
1989-02-16,18.33
1989-02-17,18.56
1989-02-21,18.59
1989-02-22,18.59
1989-02-23,17.83
1989-02-24,18.07
1989-02-27,18.14
1989-02-28,18.15
1989-03-01,18.28
1989-03-02,18.72
1989-03-03,18.56
1989-03-06,18.67
1989-03-07,18.3
1989-03-08,18.54
1989-03-09,18.52
1989-03-10,18.5
1989-03-13,19.03
1989-03-14,19.29
1989-03-15,19.77
1989-03-16,19.84
1989-03-17,20.33
1989-03-20,19.51
1989-03-21,19.51
1989-03-22,20.04
1989-03-23,20.15
1989-03-27,20.53
1989-03-28,19.91
1989-03-29,20.2
1989-03-30,20.81
1989-03-31,20.19
1989-04-03,19.95
1989-04-04,20.42
1989-04-05,19.99
1989-04-06,19.8
1989-04-07,20.02
1989-04-10,20.59
1989-04-11,20.63
1989-04-12,20.64
1989-04-13,20.29
1989-04-14,20.69
1989-04-17,21.22
1989-04-18,21.51
1989-04-19,22.61
1989-04-20,24.65
1989-04-21,24.65
1989-04-24,20.61
1989-04-25,21.41
1989-04-26,21.19
1989-04-27,20.92
1989-04-28,20.42
1989-05-01,20.66
1989-05-02,19.8
1989-05-03,20.1
1989-05-04,20.58
1989-05-05,20.02
1989-05-08,19.44
1989-05-09,19.76
1989-05-10,19.52
1989-05-11,20.06
1989-05-12,20.09
1989-05-15,20.51
1989-05-16,20.7
1989-05-17,20.13
1989-05-18,20.2
1989-05-19,20.6
1989-05-22,20.93
1989-05-23,20.93
1989-05-24,19.66
1989-05-25,19.48
1989-05-26,19.52
1989-05-30,19.95
1989-05-31,19.9
1989-06-01,19.81
1989-06-02,20.14
1989-06-05,20.52
1989-06-06,20.46
1989-06-07,19.67
1989-06-08,20.0
1989-06-09,19.88
1989-06-12,19.26
1989-06-13,19.34
1989-06-14,20.23
1989-06-15,20.57
1989-06-16,19.95
1989-06-19,20.86
1989-06-20,19.53
1989-06-21,19.53
1989-06-22,19.3
1989-06-23,19.71
1989-06-26,20.25
1989-06-27,20.48
1989-06-28,20.03
1989-06-29,20.26
1989-06-30,20.27
1989-07-05,20.79
1989-07-06,20.3
1989-07-07,20.75
1989-07-10,20.36
1989-07-11,20.53
1989-07-12,20.15
1989-07-13,20.35
1989-07-14,20.32
1989-07-17,20.45
1989-07-18,20.34
1989-07-19,19.85
1989-07-20,19.9
1989-07-21,19.51
1989-07-24,18.74
1989-07-25,18.54
1989-07-26,18.3
1989-07-27,18.12
1989-07-28,17.93
1989-07-31,18.31
1989-08-01,18.03
1989-08-02,18.28
1989-08-03,18.21
1989-08-04,18.03
1989-08-07,17.91
1989-08-08,18.12
1989-08-09,18.21
1989-08-10,18.59
1989-08-11,18.48
1989-08-14,18.58
1989-08-15,18.68
1989-08-16,18.97
1989-08-17,18.68
1989-08-18,18.8
1989-08-21,19.08
1989-08-22,19.08
1989-08-23,18.8
1989-08-24,18.61
1989-08-25,18.51
1989-08-28,18.64
1989-08-29,18.64
1989-08-30,18.83
1989-08-31,18.83
1989-09-01,18.85
1989-09-05,19.05
1989-09-06,19.28
1989-09-07,19.41
1989-09-08,19.75
1989-09-11,19.76
1989-09-12,19.7
1989-09-13,19.86
1989-09-14,19.72
1989-09-15,19.96
1989-09-18,19.88
1989-09-19,19.56
1989-09-20,19.64
1989-09-21,19.64
1989-09-22,19.28
1989-09-25,19.46
1989-09-26,19.53
1989-09-27,19.59
1989-09-28,19.86
1989-09-29,20.13
1989-10-02,20.01
1989-10-03,20.13
1989-10-04,20.15
1989-10-05,19.96
1989-10-06,19.87
1989-10-09,20.02
1989-10-10,20.17
1989-10-11,20.25
1989-10-12,20.47
1989-10-13,20.89
1989-10-16,20.59
1989-10-17,20.75
1989-10-18,20.56
1989-10-19,20.42
1989-10-20,19.98
1989-10-23,19.98
1989-10-24,19.72
1989-10-25,19.62
1989-10-26,19.38
1989-10-27,19.77
1989-10-30,19.72
1989-10-31,19.94
1989-11-01,20.07
1989-11-02,20.01
1989-11-03,20.21
1989-11-06,20.1
1989-11-07,20.02
1989-11-08,19.87
1989-11-09,19.92
1989-11-10,19.84
1989-11-13,19.59
1989-11-14,19.5
1989-11-15,19.67
1989-11-16,19.86
1989-11-17,19.91
1989-11-20,20.07
1989-11-21,19.96
1989-11-22,19.82
1989-11-24,19.82
1989-11-27,19.63
1989-11-28,19.25
1989-11-29,19.4
1989-11-30,19.89
1989-12-01,20.3
1989-12-04,20.25
1989-12-05,20.34
1989-12-06,20.47
1989-12-07,20.51
1989-12-08,20.48
1989-12-11,20.7
1989-12-12,20.65
1989-12-13,20.77
1989-12-14,20.65
1989-12-15,21.1
1989-12-18,22.22
1989-12-19,22.33
1989-12-20,21.21
1989-12-21,21.52
1989-12-22,21.29
1989-12-26,21.91
1989-12-27,21.78
1989-12-28,21.5
1989-12-29,21.82
1990-01-02,22.89
1990-01-03,23.68
1990-01-04,23.41
1990-01-05,23.08
1990-01-08,21.62
1990-01-09,22.07
1990-01-10,22.9
1990-01-11,23.14
1990-01-12,23.13
1990-01-15,22.36
1990-01-16,22.78
1990-01-17,22.1
1990-01-18,22.76
1990-01-19,23.67
1990-01-22,22.55
1990-01-23,21.6
1990-01-24,21.59
1990-01-25,22.24
1990-01-26,22.56
1990-01-29,22.8
1990-01-30,22.46
1990-01-31,22.68
1990-02-01,22.7
1990-02-02,23.02
1990-02-05,22.39
1990-02-06,22.51
1990-02-07,22.32
1990-02-08,22.09
1990-02-09,21.74
1990-02-12,22.03
1990-02-13,21.9
1990-02-14,22.07
1990-02-15,22.84
1990-02-16,22.42
1990-02-20,22.19
1990-02-21,21.74
1990-02-22,21.75
1990-02-23,21.42
1990-02-26,21.79
1990-02-27,21.58
1990-02-28,21.54
1990-03-01,21.17
1990-03-02,21.35
1990-03-05,21.58
1990-03-06,21.3
1990-03-07,20.93
1990-03-08,20.78
1990-03-09,20.43
1990-03-12,20.24
1990-03-13,20.22
1990-03-14,20.05
1990-03-15,20.38
1990-03-16,20.07
1990-03-19,19.6
1990-03-20,19.28
1990-03-21,19.96
1990-03-22,20.0
1990-03-23,20.39
1990-03-26,20.46
1990-03-27,20.48
1990-03-28,20.08
1990-03-29,20.03
1990-03-30,20.28
1990-04-02,20.48
1990-04-03,20.3
1990-04-04,19.78
1990-04-05,19.43
1990-04-06,19.15
1990-04-09,18.44
1990-04-10,17.68
1990-04-11,18.06
1990-04-12,17.78
1990-04-16,17.85
1990-04-17,17.44
1990-04-18,16.96
1990-04-19,18.06
1990-04-20,17.95
1990-04-23,19.07
1990-04-24,19.0
1990-04-25,18.66
1990-04-26,18.47
1990-04-27,18.54
1990-04-30,18.54
1990-05-01,18.81
1990-05-02,18.68
1990-05-03,17.99
1990-05-04,17.98
1990-05-07,18.27
1990-05-08,18.28
1990-05-09,18.99
1990-05-10,19.02
1990-05-11,18.95
1990-05-14,19.71
1990-05-15,19.59
1990-05-16,19.03
1990-05-17,18.87
1990-05-18,18.76
1990-05-21,18.26
1990-05-22,17.68
1990-05-23,17.68
1990-05-24,17.83
1990-05-25,17.8
1990-05-29,17.98
1990-05-30,18.08
1990-05-31,17.4
1990-06-01,17.5
1990-06-04,17.14
1990-06-05,16.68
1990-06-06,16.92
1990-06-07,16.67
1990-06-08,16.78
1990-06-11,16.82
1990-06-12,17.51
1990-06-13,17.58
1990-06-14,17.13
1990-06-15,16.62
1990-06-18,15.94
1990-06-19,15.65
1990-06-20,15.3
1990-06-21,16.94
1990-06-22,17.46
1990-06-25,17.38
1990-06-26,17.14
1990-06-27,16.68
1990-06-28,17.15
1990-06-29,17.07
1990-07-02,16.72
1990-07-03,16.8
1990-07-05,16.5
1990-07-06,16.47
1990-07-09,16.58
1990-07-10,16.94
1990-07-11,17.47
1990-07-12,18.46
1990-07-13,18.36
1990-07-16,18.67
1990-07-17,18.65
1990-07-18,18.55
1990-07-19,18.99
1990-07-20,19.61
1990-07-23,20.5
1990-07-24,20.56
1990-07-25,20.38
1990-07-26,20.3
1990-07-27,20.04
1990-07-30,20.21
1990-07-31,20.69
1990-08-01,21.54
1990-08-02,23.11
1990-08-03,24.49
1990-08-06,28.05
1990-08-07,28.31
1990-08-08,25.96
1990-08-09,25.67
1990-08-10,26.23
1990-08-13,26.77
1990-08-14,26.42
1990-08-15,26.46
1990-08-16,27.36
1990-08-17,28.63
1990-08-20,28.56
1990-08-21,28.41
1990-08-22,31.22
1990-08-23,31.93
1990-08-24,30.91
1990-08-27,26.91
1990-08-28,27.88
1990-08-29,25.92
1990-08-30,26.77
1990-08-31,27.32
1990-09-04,29.12
1990-09-05,29.77
1990-09-06,31.43
1990-09-07,30.04
1990-09-10,31.3
1990-09-11,30.76
1990-09-12,30.97
1990-09-13,31.07
1990-09-14,31.76
1990-09-17,33.63
1990-09-18,33.41
1990-09-19,33.18
1990-09-20,34.71
1990-09-21,35.43
1990-09-24,38.25
1990-09-25,37.53
1990-09-26,38.67
1990-09-27,39.54
1990-09-28,39.51
1990-10-01,37.09
1990-10-02,33.95
1990-10-03,37.32
1990-10-04,36.93
1990-10-05,37.99
1990-10-08,38.95
1990-10-09,40.4
1990-10-10,38.69
1990-10-11,40.42
1990-10-12,39.69
1990-10-15,37.95
1990-10-16,38.89
1990-10-17,36.72
1990-10-18,36.8
1990-10-19,33.79
1990-10-22,28.38
1990-10-23,29.37
1990-10-24,31.08
1990-10-25,34.25
1990-10-26,33.01
1990-10-29,34.68
1990-10-30,34.54
1990-10-31,35.23
1990-11-01,35.17
1990-11-02,34.0
1990-11-05,31.96
1990-11-06,32.63
1990-11-07,35.31
1990-11-08,35.53
1990-11-09,33.89
1990-11-12,31.87
1990-11-13,33.12
1990-11-14,31.16
1990-11-15,31.12
1990-11-16,29.78
1990-11-19,31.5
1990-11-20,31.5
1990-11-21,29.63
1990-11-23,31.9
1990-11-26,32.95
1990-11-27,32.86
1990-11-28,33.28
1990-11-29,32.91
1990-11-30,28.85
1990-12-03,29.15
1990-12-04,30.66
1990-12-05,27.29
1990-12-06,26.4
1990-12-07,26.58
1990-12-10,26.9
1990-12-11,26.41
1990-12-12,25.35
1990-12-13,26.42
1990-12-14,26.55
1990-12-17,27.05
1990-12-18,27.86
1990-12-19,26.93
1990-12-20,26.39
1990-12-21,25.92
1990-12-26,27.22
1990-12-27,27.01
1990-12-28,27.57
1990-12-31,28.44
1991-01-02,26.49
1991-01-03,25.48
1991-01-04,24.9
1991-01-07,27.65
1991-01-08,27.17
1991-01-09,27.26
1991-01-10,27.71
1991-01-11,27.29
1991-01-14,30.78
1991-01-15,30.07
1991-01-16,32.0
1991-01-17,21.44
1991-01-18,19.25
1991-01-21,21.3
1991-01-22,24.18
1991-01-23,22.04
1991-01-24,21.71
1991-01-25,21.35
1991-01-28,20.96
1991-01-29,21.85
1991-01-30,20.97
1991-01-31,21.54
1991-02-01,21.34
1991-02-04,21.14
1991-02-05,20.66
1991-02-06,21.49
1991-02-07,21.22
1991-02-08,21.92
1991-02-11,22.47
1991-02-12,22.93
1991-02-13,22.56
1991-02-14,22.32
1991-02-15,20.88
1991-02-19,20.07
1991-02-20,20.48
1991-02-21,18.5
1991-02-22,17.91
1991-02-25,17.94
1991-02-26,18.37
1991-02-27,18.86
1991-02-28,19.16
1991-03-01,19.38
1991-03-04,20.25
1991-03-05,20.43
1991-03-06,19.73
1991-03-07,19.42
1991-03-08,19.31
1991-03-11,18.99
1991-03-12,19.68
1991-03-13,20.45
1991-03-14,20.27
1991-03-15,20.01
1991-03-18,19.76
1991-03-19,20.61
1991-03-20,20.38
1991-03-21,20.49
1991-03-22,20.1
1991-03-25,19.62
1991-03-26,19.76
1991-03-27,19.41
1991-03-28,19.63
1991-04-01,19.29
1991-04-02,19.7
1991-04-03,19.47
1991-04-04,19.98
1991-04-05,19.96
1991-04-08,20.31
1991-04-09,20.26
1991-04-10,21.05
1991-04-11,20.89
1991-04-12,21.48
1991-04-15,21.91
1991-04-16,21.64
1991-04-17,21.71
1991-04-18,21.08
1991-04-19,21.13
1991-04-22,21.62
1991-04-23,20.88
1991-04-24,20.94
1991-04-25,21.15
1991-04-26,21.28
1991-04-29,21.26
1991-04-30,20.96
1991-05-01,21.25
1991-05-02,21.17
1991-05-03,21.37
1991-05-06,21.68
1991-05-07,21.63
1991-05-08,21.78
1991-05-09,21.93
1991-05-10,21.27
1991-05-13,20.91
1991-05-14,20.74
1991-05-15,20.92
1991-05-16,20.89
1991-05-17,21.18
1991-05-20,21.37
1991-05-21,21.4
1991-05-22,20.83
1991-05-23,21.02
1991-05-24,21.19
1991-05-28,21.33
1991-05-29,21.11
1991-05-30,21.32
1991-05-31,21.13
1991-06-03,21.13
1991-06-04,21.02
1991-06-05,20.47
1991-06-06,20.33
1991-06-07,20.28
1991-06-10,19.84
1991-06-11,19.96
1991-06-12,20.05
1991-06-13,19.71
1991-06-14,19.67
1991-06-17,19.94
1991-06-18,20.13
1991-06-19,19.99
1991-06-20,20.15
1991-06-21,20.23
1991-06-24,19.98
1991-06-25,20.05
1991-06-26,20.08
1991-06-27,20.48
1991-06-28,20.56
1991-07-01,20.76
1991-07-02,20.82
1991-07-03,20.67
1991-07-05,20.89
1991-07-08,21.24
1991-07-09,21.29
1991-07-10,21.43
1991-07-11,21.29
1991-07-12,21.72
1991-07-15,21.47
1991-07-16,21.65
1991-07-17,22.14
1991-07-18,21.94
1991-07-19,22.16
1991-07-22,21.72
1991-07-23,21.32
1991-07-24,21.52
1991-07-25,21.46
1991-07-26,21.48
1991-07-29,21.35
1991-07-30,21.42
1991-07-31,21.68
1991-08-01,21.27
1991-08-02,21.32
1991-08-05,21.47
1991-08-06,21.37
1991-08-07,21.36
1991-08-08,21.58
1991-08-09,21.62
1991-08-12,21.69
1991-08-13,21.58
1991-08-14,21.27
1991-08-15,21.44
1991-08-16,21.3
1991-08-19,22.47
1991-08-20,22.27
1991-08-21,21.55
1991-08-22,21.72
1991-08-23,21.81
1991-08-26,21.97
1991-08-27,21.98
1991-08-28,21.74
1991-08-29,21.97
1991-08-30,22.26
1991-09-03,22.24
1991-09-04,21.81
1991-09-05,21.69
1991-09-06,21.57
1991-09-09,21.33
1991-09-10,21.41
1991-09-11,21.64
1991-09-12,21.53
1991-09-13,21.68
1991-09-16,21.82
1991-09-17,21.62
1991-09-18,21.84
1991-09-19,21.76
1991-09-20,21.97
1991-09-23,22.07
1991-09-24,22.19
1991-09-25,22.21
1991-09-26,22.21
1991-09-27,22.32
1991-09-30,22.23
1991-10-01,22.22
1991-10-02,22.33
1991-10-03,22.67
1991-10-04,22.61
1991-10-07,22.98
1991-10-08,22.99
1991-10-09,23.16
1991-10-10,22.98
1991-10-11,23.09
1991-10-14,23.46
1991-10-15,23.86
1991-10-16,23.67
1991-10-17,23.93
1991-10-18,24.14
1991-10-21,24.04
1991-10-22,23.48
1991-10-23,23.26
1991-10-24,23.49
1991-10-25,23.12
1991-10-28,23.21
1991-10-29,23.11
1991-10-30,23.11
1991-10-31,23.37
1991-11-01,23.82
1991-11-04,23.8
1991-11-05,23.78
1991-11-06,23.4
1991-11-07,23.2
1991-11-08,23.01
1991-11-11,22.58
1991-11-12,22.5
1991-11-13,22.35
1991-11-14,22.52
1991-11-15,22.79
1991-11-18,22.4
1991-11-19,22.0
1991-11-20,22.22
1991-11-21,21.78
1991-11-22,21.21
1991-11-25,21.42
1991-11-26,21.02
1991-11-27,21.35
1991-11-29,21.48
1991-12-02,21.08
1991-12-03,20.51
1991-12-04,20.76
1991-12-05,20.39
1991-12-06,20.04
1991-12-09,19.42
1991-12-10,19.41
1991-12-11,19.51
1991-12-12,19.96
1991-12-13,20.05
1991-12-16,19.76
1991-12-17,19.45
1991-12-18,19.39
1991-12-19,19.13
1991-12-20,18.52
1991-12-23,18.78
1991-12-24,18.97
1991-12-26,18.5
1991-12-27,18.76
1991-12-30,18.65
1991-12-31,19.12
1992-01-02,19.49
1992-01-03,19.23
1992-01-06,19.21
1992-01-07,18.69
1992-01-08,17.87
1992-01-09,17.86
1992-01-10,18.23
1992-01-13,18.79
1992-01-14,18.47
1992-01-15,18.85
1992-01-16,18.91
1992-01-17,19.16
1992-01-20,18.89
1992-01-21,18.47
1992-01-22,18.94
1992-01-23,18.72
1992-01-24,19.0
1992-01-27,19.36
1992-01-28,19.17
1992-01-29,18.89
1992-01-30,18.94
1992-01-31,18.9
1992-02-03,18.96
1992-02-04,19.27
1992-02-05,19.5
1992-02-06,19.5
1992-02-07,19.87
1992-02-10,19.78
1992-02-11,19.28
1992-02-12,19.27
1992-02-13,19.68
1992-02-14,19.46
1992-02-18,18.12
1992-02-19,18.41
1992-02-20,18.54
1992-02-21,18.66
1992-02-24,18.43
1992-02-25,18.48
1992-02-26,18.46
1992-02-27,18.75
1992-02-28,18.68
1992-03-02,18.34
1992-03-03,18.64
1992-03-04,18.63
1992-03-05,18.55
1992-03-06,18.51
1992-03-09,18.67
1992-03-10,18.69
1992-03-11,18.5
1992-03-12,18.83
1992-03-13,19.18
1992-03-16,19.15
1992-03-17,19.24
1992-03-18,19.07
1992-03-19,19.29
1992-03-20,18.9
1992-03-23,19.13
1992-03-24,19.22
1992-03-25,19.19
1992-03-26,19.28
1992-03-27,19.16
1992-03-30,19.25
1992-03-31,19.44
1992-04-01,19.84
1992-04-02,19.8
1992-04-03,20.29
1992-04-06,20.45
1992-04-07,20.23
1992-04-08,20.62
1992-04-09,20.31
1992-04-10,20.44
1992-04-13,20.22
1992-04-14,19.86
1992-04-15,19.87
1992-04-16,20.21
1992-04-20,20.24
1992-04-21,20.25
1992-04-22,20.11
1992-04-23,20.11
1992-04-24,20.22
1992-04-27,20.29
1992-04-28,20.41
1992-04-29,20.77
1992-04-30,20.85
1992-05-01,20.85
1992-05-04,21.12
1992-05-05,20.8
1992-05-06,20.77
1992-05-07,20.71
1992-05-08,20.86
1992-05-11,21.0
1992-05-12,20.96
1992-05-13,20.76
1992-05-14,20.55
1992-05-15,20.69
1992-05-18,20.52
1992-05-19,20.12
1992-05-20,20.4
1992-05-21,20.9
1992-05-22,20.94
1992-05-26,22.0
1992-05-27,21.92
1992-05-28,21.95
1992-05-29,22.11
1992-06-01,22.03
1992-06-02,22.11
1992-06-03,22.43
1992-06-04,22.48
1992-06-05,22.62
1992-06-08,22.44
1992-06-09,22.32
1992-06-10,22.51
1992-06-11,22.35
1992-06-12,22.3
1992-06-15,22.36
1992-06-16,22.3
1992-06-17,22.29
1992-06-18,22.26
1992-06-19,22.26
1992-06-22,22.48
1992-06-23,22.59
1992-06-24,22.89
1992-06-25,22.58
1992-06-26,22.44
1992-06-29,22.24
1992-06-30,21.6
1992-07-01,21.86
1992-07-02,22.1
1992-07-06,21.89
1992-07-07,21.4
1992-07-08,21.41
1992-07-09,21.4
1992-07-10,21.28
1992-07-13,21.36
1992-07-14,21.46
1992-07-15,21.71
1992-07-16,21.79
1992-07-17,21.58
1992-07-20,21.79
1992-07-21,21.78
1992-07-22,21.84
1992-07-23,21.96
1992-07-24,21.98
1992-07-27,22.04
1992-07-28,22.05
1992-07-29,22.0
1992-07-30,21.83
1992-07-31,21.87
1992-08-03,21.58
1992-08-04,21.35
1992-08-05,21.18
1992-08-06,21.42
1992-08-07,21.22
1992-08-10,21.03
1992-08-11,20.91
1992-08-12,21.08
1992-08-13,21.34
1992-08-14,21.28
1992-08-17,21.45
1992-08-18,21.47
1992-08-19,21.37
1992-08-20,21.44
1992-08-21,21.08
1992-08-24,21.54
1992-08-25,21.15
1992-08-26,21.21
1992-08-27,21.13
1992-08-28,21.31
1992-08-31,21.48
1992-09-01,21.64
1992-09-02,21.69
1992-09-03,21.67
1992-09-04,21.77
1992-09-08,21.96
1992-09-09,21.99
1992-09-10,21.93
1992-09-11,22.01
1992-09-14,22.31
1992-09-15,22.18
1992-09-16,22.39
1992-09-17,22.3
1992-09-18,21.98
1992-09-21,21.92
1992-09-22,21.88
1992-09-23,22.0
1992-09-24,21.79
1992-09-25,21.68
1992-09-28,21.76
1992-09-29,21.67
1992-09-30,21.71
1992-10-01,21.83
1992-10-02,21.92
1992-10-05,21.77
1992-10-06,21.81
1992-10-07,21.89
1992-10-08,21.99
1992-10-09,22.37
1992-10-12,22.3
1992-10-13,22.09
1992-10-14,22.08
1992-10-15,22.33
1992-10-16,22.28
1992-10-19,22.14
1992-10-20,21.86
1992-10-21,21.61
1992-10-22,21.35
1992-10-23,21.19
1992-10-26,21.27
1992-10-27,21.02
1992-10-28,21.12
1992-10-29,20.71
1992-10-30,20.62
1992-11-02,20.77
1992-11-03,20.7
1992-11-04,20.33
1992-11-05,20.64
1992-11-06,20.3
1992-11-09,20.62
1992-11-10,20.47
1992-11-11,20.47
1992-11-12,20.21
1992-11-13,20.08
1992-11-16,20.37
1992-11-17,20.26
1992-11-18,20.19
1992-11-19,20.54
1992-11-20,20.4
1992-11-23,20.2
1992-11-24,20.22
1992-11-25,20.27
1992-11-30,19.89
1992-12-01,19.51
1992-12-02,19.45
1992-12-03,19.08
1992-12-04,18.94
1992-12-07,19.18
1992-12-08,18.84
1992-12-09,18.84
1992-12-10,19.28
1992-12-11,19.09
1992-12-14,19.09
1992-12-15,18.95
1992-12-16,19.41
1992-12-17,19.7
1992-12-18,19.83
1992-12-21,19.83
1992-12-22,19.84
1992-12-23,19.95
1992-12-28,19.82
1992-12-29,19.64
1992-12-30,19.59
1992-12-31,19.5
1993-01-04,19.04
1993-01-05,19.26
1993-01-06,19.04
1993-01-07,18.95
1993-01-08,18.88
1993-01-11,18.78
1993-01-12,18.38
1993-01-13,18.5
1993-01-14,18.7
1993-01-15,18.87
1993-01-18,18.87
1993-01-19,18.58
1993-01-20,18.33
1993-01-21,18.81
1993-01-22,18.83
1993-01-25,19.66
1993-01-26,19.64
1993-01-27,19.66
1993-01-28,20.41
1993-01-29,20.26
1993-02-01,20.31
1993-02-02,20.0
1993-02-03,19.93
1993-02-04,20.3
1993-02-05,20.21
1993-02-08,20.08
1993-02-09,20.05
1993-02-10,20.18
1993-02-11,20.26
1993-02-12,19.98
1993-02-16,19.53
1993-02-17,19.33
1993-02-18,19.42
1993-02-19,19.62
1993-02-22,20.02
1993-02-23,20.48
1993-02-24,20.53
1993-02-25,20.61
1993-02-26,20.6
1993-03-02,20.47
1993-03-03,20.48
1993-03-04,21.07
1993-03-05,20.93
1993-03-08,20.71
1993-03-09,20.68
1993-03-10,20.39
1993-03-11,20.13
1993-03-12,20.29
1993-03-15,20.16
1993-03-16,20.13
1993-03-17,20.17
1993-03-18,20.29
1993-03-19,20.08
1993-03-22,19.52
1993-03-23,20.03
1993-03-24,20.24
1993-03-25,20.41
1993-03-26,20.41
1993-03-29,20.29
1993-03-30,20.28
1993-03-31,20.44
1993-04-01,20.52
1993-04-02,20.65
1993-04-05,20.62
1993-04-06,20.3
1993-04-07,20.37
1993-04-08,20.22
1993-04-12,20.46
1993-04-13,20.46
1993-04-14,20.4
1993-04-15,20.22
1993-04-16,20.14
1993-04-19,19.99
1993-04-20,19.84
1993-04-21,20.37
1993-04-22,20.15
1993-04-23,20.34
1993-04-26,20.3
1993-04-27,20.18
1993-04-28,20.19
1993-04-29,20.58
1993-04-30,20.53
1993-05-03,20.57
1993-05-04,20.39
1993-05-05,20.46
1993-05-06,20.47
1993-05-07,20.44
1993-05-10,20.44
1993-05-11,20.34
1993-05-12,20.2
1993-05-13,19.78
1993-05-14,19.48
1993-05-17,19.51
1993-05-18,19.34
1993-05-19,19.15
1993-05-20,19.54
1993-05-21,19.88
1993-05-24,19.72
1993-05-25,19.9
1993-05-26,19.89
1993-05-27,20.06
1993-05-28,20.02
1993-06-01,20.24
1993-06-02,20.03
1993-06-03,19.74
1993-06-04,19.77
1993-06-07,19.54
1993-06-08,19.65
1993-06-09,19.64
1993-06-10,19.28
1993-06-11,18.98
1993-06-14,18.89
1993-06-15,18.58
1993-06-16,18.84
1993-06-17,18.7
1993-06-18,18.67
1993-06-21,18.62
1993-06-22,18.42
1993-06-23,18.86
1993-06-24,18.89
1993-06-25,18.84
1993-06-28,18.9
1993-06-29,19.01
1993-06-30,18.85
1993-07-01,18.45
1993-07-02,17.95
1993-07-06,18.29
1993-07-07,18.02
1993-07-08,17.79
1993-07-09,17.89
1993-07-12,18.1
1993-07-13,18.13
1993-07-14,17.49
1993-07-15,17.67
1993-07-16,17.21
1993-07-19,17.7
1993-07-20,17.09
1993-07-21,17.93
1993-07-22,17.63
1993-07-23,17.75
1993-07-26,18.07
1993-07-27,18.42
1993-07-28,18.23
1993-07-29,18.12
1993-07-30,17.88
1993-08-02,17.97
1993-08-03,17.85
1993-08-04,17.8
1993-08-05,17.57
1993-08-06,17.27
1993-08-09,17.55
1993-08-10,17.52
1993-08-11,17.88
1993-08-12,18.18
1993-08-13,18.14
1993-08-16,17.86
1993-08-17,17.92
1993-08-18,17.66
1993-08-19,17.65
1993-08-20,18.09
1993-08-23,18.53
1993-08-24,18.35
1993-08-25,18.32
1993-08-26,18.36
1993-08-27,18.8
1993-08-30,18.73
1993-08-31,18.29
1993-09-01,17.97
1993-09-02,17.97
1993-09-03,17.73
1993-09-07,17.07
1993-09-08,17.03
1993-09-09,16.97
1993-09-10,16.76
1993-09-13,16.95
1993-09-14,16.96
1993-09-15,16.86
1993-09-16,16.83
1993-09-17,17.07
1993-09-20,17.7
1993-09-21,18.12
1993-09-22,17.59
1993-09-23,17.63
1993-09-24,17.57
1993-09-27,17.73
1993-09-28,17.96
1993-09-29,18.67
1993-09-30,18.79
1993-10-01,18.63
1993-10-04,18.42
1993-10-05,18.39
1993-10-06,18.42
1993-10-07,18.49
1993-10-08,18.55
1993-10-11,18.77
1993-10-12,18.71
1993-10-13,18.64
1993-10-14,18.5
1993-10-15,18.27
1993-10-18,18.13
1993-10-19,18.06
1993-10-20,18.24
1993-10-21,18.35
1993-10-22,18.07
1993-10-25,17.51
1993-10-26,17.54
1993-10-27,17.65
1993-10-28,17.37
1993-10-29,16.92
1993-11-01,17.43
1993-11-02,17.12
1993-11-03,17.49
1993-11-04,17.4
1993-11-05,17.09
1993-11-08,16.71
1993-11-09,16.66
1993-11-10,16.55
1993-11-11,16.9
1993-11-12,16.72
1993-11-15,16.76
1993-11-16,16.77
1993-11-17,17.04
1993-11-18,16.69
1993-11-19,16.56
1993-11-22,17.1
1993-11-23,16.63
1993-11-24,16.38
1993-11-29,15.31
1993-11-30,15.43
1993-12-01,15.48
1993-12-02,14.95
1993-12-03,14.97
1993-12-06,14.57
1993-12-07,14.7
1993-12-08,14.59
1993-12-09,14.63
1993-12-10,15.07
1993-12-13,14.52
1993-12-14,14.52
1993-12-15,14.41
1993-12-16,14.23
1993-12-17,13.91
1993-12-20,14.18
1993-12-21,14.36
1993-12-22,14.77
1993-12-23,14.48
1993-12-27,14.13
1993-12-28,14.11
1993-12-29,14.44
1993-12-30,14.17
1994-01-03,14.56
1994-01-04,14.67
1994-01-05,15.34
1994-01-06,15.42
1994-01-07,15.32
1994-01-10,14.67
1994-01-11,14.85
1994-01-12,14.33
1994-01-13,14.51
1994-01-14,14.78
1994-01-17,15.1
1994-01-18,14.87
1994-01-19,15.22
1994-01-20,15.1
1994-01-21,14.94
1994-01-24,15.17
1994-01-25,15.17
1994-01-26,15.47
1994-01-27,15.42
1994-01-28,15.34
1994-01-31,15.19
1994-02-01,15.92
1994-02-02,16.04
1994-02-03,15.89
1994-02-04,15.63
1994-02-07,15.25
1994-02-08,15.21
1994-02-09,14.6
1994-02-10,14.56
1994-02-11,14.72
1994-02-14,14.13
1994-02-15,14.06
1994-02-16,13.93
1994-02-17,14.23
1994-02-18,14.21
1994-02-22,14.24
1994-02-23,14.41
1994-02-24,14.77
1994-02-25,14.57
1994-02-28,14.48
1994-03-01,14.67
1994-03-02,14.76
1994-03-03,14.75
1994-03-04,14.57
1994-03-07,14.1
1994-03-08,14.1
1994-03-09,14.18
1994-03-10,14.14
1994-03-11,14.44
1994-03-14,14.49
1994-03-15,14.83
1994-03-16,15.06
1994-03-17,14.82
1994-03-18,14.88
1994-03-21,15.37
1994-03-22,15.2
1994-03-23,14.9
1994-03-24,15.08
1994-03-25,15.13
1994-03-28,14.08
1994-03-29,14.32
1994-03-30,14.38
1994-03-31,14.79
1994-04-04,15.79
1994-04-05,15.74
1994-04-06,15.77
1994-04-07,15.58
1994-04-08,15.57
1994-04-11,15.87
1994-04-12,15.75
1994-04-13,15.97
1994-04-14,16.23
1994-04-15,16.58
1994-04-18,16.65
1994-04-19,16.49
1994-04-20,16.82
1994-04-21,16.63
1994-04-22,17.14
1994-04-25,17.24
1994-04-26,16.91
1994-04-28,16.57
1994-04-29,16.9
1994-05-02,17.16
1994-05-03,16.89
1994-05-04,16.86
1994-05-05,17.29
1994-05-06,17.7
1994-05-09,17.73
1994-05-10,17.61
1994-05-11,17.85
1994-05-12,18.28
1994-05-13,18.21
1994-05-16,18.06
1994-05-17,17.59
1994-05-18,17.99
1994-05-19,18.45
1994-05-20,18.92
1994-05-23,18.06
1994-05-24,17.92
1994-05-25,17.7
1994-05-26,17.74
1994-05-27,18.03
1994-05-31,18.31
1994-06-01,18.21
1994-06-02,18.23
1994-06-03,18.12
1994-06-06,18.11
1994-06-07,17.75
1994-06-08,18.34
1994-06-09,18.67
1994-06-10,18.48
1994-06-13,18.79
1994-06-14,18.95
1994-06-15,19.86
1994-06-16,19.91
1994-06-17,20.71
1994-06-20,20.75
1994-06-21,20.04
1994-06-22,19.37
1994-06-23,19.42
1994-06-24,19.32
1994-06-27,19.01
1994-06-28,19.27
1994-06-29,18.83
1994-06-30,19.37
1994-07-01,19.53
1994-07-05,19.62
1994-07-06,19.24
1994-07-07,19.12
1994-07-08,19.48
1994-07-11,20.18
1994-07-12,20.43
1994-07-13,20.15
1994-07-14,20.18
1994-07-15,19.89
1994-07-18,19.51
1994-07-19,19.46
1994-07-20,19.2
1994-07-21,19.39
1994-07-22,19.61
1994-07-25,19.41
1994-07-26,19.21
1994-07-27,19.46
1994-07-28,19.77
1994-07-29,20.3
1994-08-01,20.55
1994-08-02,20.14
1994-08-03,20.1
1994-08-04,20.14
1994-08-05,19.31
1994-08-08,19.42
1994-08-09,19.3
1994-08-10,18.96
1994-08-11,18.66
1994-08-12,18.05
1994-08-15,18.2
1994-08-16,17.73
1994-08-17,18.11
1994-08-18,17.72
1994-08-19,17.58
1994-08-22,16.87
1994-08-23,17.09
1994-08-24,17.49
1994-08-25,17.52
1994-08-26,17.14
1994-08-29,17.63
1994-08-30,17.45
1994-08-31,17.56
1994-09-01,17.47
1994-09-02,17.52
1994-09-06,17.62
1994-09-07,17.81
1994-09-08,17.67
1994-09-09,17.53
1994-09-12,17.39
1994-09-13,17.12
1994-09-14,16.71
1994-09-15,16.7
1994-09-16,16.83
1994-09-19,17.21
1994-09-20,17.24
1994-09-21,17.22
1994-09-22,17.67
1994-09-23,17.83
1994-09-26,17.67
1994-09-27,17.55
1994-09-28,17.68
1994-09-29,17.98
1994-09-30,18.39
1994-10-03,18.19
1994-10-04,18.08
1994-10-05,18.01
1994-10-06,18.25
1994-10-07,18.26
1994-10-10,17.99
1994-10-11,17.7
1994-10-12,17.19
1994-10-13,17.13
1994-10-14,16.97
1994-10-17,17.06
1994-10-18,17.22
1994-10-19,17.42
1994-10-20,17.54
1994-10-21,17.38
1994-10-24,17.45
1994-10-25,17.58
1994-10-26,17.95
1994-10-27,18.15
1994-10-28,18.23
1994-10-31,18.19
1994-11-01,18.68
1994-11-02,18.93
1994-11-03,18.9
1994-11-04,18.76
1994-11-07,18.39
1994-11-08,18.58
1994-11-09,18.16
1994-11-10,18.19
1994-11-11,18.04
1994-11-14,17.47
1994-11-15,17.58
1994-11-16,17.37
1994-11-17,17.65
1994-11-18,17.47
1994-11-21,17.56
1994-11-22,17.82
1994-11-23,18.15
1994-11-28,18.12
1994-11-29,18.05
1994-11-30,18.05
1994-12-01,17.82
1994-12-02,16.99
1994-12-05,16.85
1994-12-06,16.94
1994-12-07,16.87
1994-12-08,17.12
1994-12-09,17.13
1994-12-12,16.91
1994-12-13,16.91
1994-12-14,16.99
1994-12-15,16.73
1994-12-16,16.76
1994-12-19,16.91
1994-12-20,16.98
1994-12-21,17.02
1994-12-22,17.09
1994-12-23,17.35
1994-12-27,17.64
1994-12-28,17.79
1994-12-29,17.72
1994-12-30,17.76
1995-01-03,17.44
1995-01-04,17.48
1995-01-05,17.72
1995-01-06,17.67
1995-01-09,17.4
1995-01-10,17.37
1995-01-11,17.72
1995-01-12,17.72
1995-01-13,17.52
1995-01-16,17.88
1995-01-17,18.32
1995-01-18,18.73
1995-01-19,18.69
1995-01-20,18.65
1995-01-23,18.1
1995-01-24,18.39
1995-01-25,18.39
1995-01-26,18.24
1995-01-27,17.95
1995-01-30,18.09
1995-01-31,18.39
1995-02-01,18.52
1995-02-02,18.54
1995-02-03,18.78
1995-02-06,18.59
1995-02-07,18.46
1995-02-08,18.3
1995-02-09,18.24
1995-02-10,18.46
1995-02-13,18.27
1995-02-14,18.32
1995-02-15,18.42
1995-02-16,18.59
1995-02-17,18.91
1995-02-21,18.86
1995-02-22,18.63
1995-02-23,18.43
1995-02-24,18.69
1995-02-27,18.66
1995-02-28,18.49
1995-03-01,18.32
1995-03-02,18.35
1995-03-03,18.63
1995-03-06,18.59
1995-03-07,18.63
1995-03-08,18.33
1995-03-09,18.02
1995-03-10,17.91
1995-03-13,18.19
1995-03-14,17.94
1995-03-15,18.11
1995-03-16,18.16
1995-03-17,18.26
1995-03-20,18.56
1995-03-21,18.43
1995-03-22,18.96
1995-03-23,18.92
1995-03-24,18.78
1995-03-27,19.07
1995-03-28,19.05
1995-03-29,19.22
1995-03-30,19.15
1995-03-31,19.17
1995-04-03,19.03
1995-04-04,19.18
1995-04-05,19.56
1995-04-06,19.77
1995-04-07,19.67
1995-04-10,19.59
1995-04-11,19.88
1995-04-12,19.55
1995-04-13,19.15
1995-04-17,19.73
1995-04-18,20.05
1995-04-19,20.41
1995-04-20,20.52
1995-04-21,20.41
1995-04-24,20.12
1995-04-25,20.29
1995-04-26,20.15
1995-04-27,20.43
1995-04-28,20.38
1995-05-01,20.5
1995-05-02,20.09
1995-05-03,19.89
1995-05-04,20.29
1995-05-05,20.33
1995-05-08,20.29
1995-05-09,19.61
1995-05-10,19.75
1995-05-11,19.41
1995-05-12,19.52
1995-05-15,19.9
1995-05-16,20.08
1995-05-17,19.96
1995-05-18,20.0
1995-05-19,20.06
1995-05-22,19.81
1995-05-23,19.77
1995-05-24,19.41
1995-05-25,19.26
1995-05-26,18.69
1995-05-30,18.78
1995-05-31,18.89
1995-06-01,18.9
1995-06-02,19.14
1995-06-05,19.25
1995-06-06,19.06
1995-06-07,19.13
1995-06-08,18.91
1995-06-09,18.8
1995-06-12,18.86
1995-06-13,18.91
1995-06-14,19.05
1995-06-15,18.94
1995-06-16,18.84
1995-06-19,18.22
1995-06-20,18.01
1995-06-21,17.46
1995-06-22,17.5
1995-06-23,17.49
1995-06-26,17.64
1995-06-27,17.77
1995-06-28,17.97
1995-06-29,17.56
1995-06-30,17.4
1995-07-05,17.18
1995-07-06,17.37
1995-07-07,17.14
1995-07-10,17.34
1995-07-11,17.32
1995-07-12,17.49
1995-07-13,17.25
1995-07-14,17.32
1995-07-17,17.2
1995-07-18,17.35
1995-07-19,17.33
1995-07-20,17.01
1995-07-21,16.79
1995-07-24,16.88
1995-07-25,16.93
1995-07-26,17.5
1995-07-27,17.49
1995-07-28,17.43
1995-07-31,17.56
1995-08-01,17.7
1995-08-02,17.78
1995-08-03,17.72
1995-08-04,17.71
1995-08-07,17.65
1995-08-08,17.79
1995-08-09,17.78
1995-08-10,17.89
1995-08-11,17.86
1995-08-14,17.48
1995-08-15,17.47
1995-08-16,17.55
1995-08-17,17.66
1995-08-18,17.87
1995-08-21,18.25
1995-08-22,18.54
1995-08-23,18.0
1995-08-24,17.86
1995-08-25,17.86
1995-08-28,17.82
1995-08-29,17.82
1995-08-30,17.79
1995-08-31,17.84
1995-09-01,18.04
1995-09-05,18.58
1995-09-06,18.36
1995-09-07,18.27
1995-09-08,18.44
1995-09-11,18.47
1995-09-12,18.64
1995-09-13,18.54
1995-09-14,18.85
1995-09-15,18.92
1995-09-18,18.93
1995-09-19,18.95
1995-09-20,18.69
1995-09-21,17.56
1995-09-22,17.25
1995-09-25,17.47
1995-09-26,17.33
1995-09-27,17.57
1995-09-28,17.76
1995-09-29,17.54
1995-10-02,17.64
1995-10-03,17.56
1995-10-04,17.3
1995-10-05,16.87
1995-10-06,17.03
1995-10-09,17.31
1995-10-10,17.42
1995-10-11,17.29
1995-10-12,17.12
1995-10-13,17.41
1995-10-16,17.59
1995-10-17,17.68
1995-10-18,17.61
1995-10-19,17.32
1995-10-20,17.37
1995-10-23,17.21
1995-10-24,17.32
1995-10-25,17.32
1995-10-26,17.58
1995-10-27,17.54
1995-10-30,17.62
1995-10-31,17.64
1995-11-01,17.74
1995-11-02,17.98
1995-11-03,17.94
1995-11-06,17.71
1995-11-07,17.65
1995-11-08,17.82
1995-11-09,17.84
1995-11-10,17.83
1995-11-13,17.8
1995-11-14,17.82
1995-11-15,17.93
1995-11-16,18.19
1995-11-17,18.57
1995-11-20,18.06
1995-11-21,17.97
1995-11-22,17.96
1995-11-27,18.38
1995-11-28,18.33
1995-11-29,18.26
1995-11-30,18.18
1995-12-01,18.43
1995-12-04,18.63
1995-12-05,18.67
1995-12-06,18.77
1995-12-07,18.73
1995-12-08,18.97
1995-12-11,18.66
1995-12-12,18.73
1995-12-13,19.0
1995-12-14,19.11
1995-12-15,19.51
1995-12-18,19.67
1995-12-19,19.12
1995-12-20,18.97
1995-12-21,18.96
1995-12-22,19.14
1995-12-26,19.27
1995-12-27,19.5
1995-12-28,19.36
1995-12-29,19.55
1996-01-02,19.81
1996-01-03,19.89
1996-01-04,19.91
1996-01-05,20.26
1996-01-08,20.26
1996-01-09,19.95
1996-01-10,19.67
1996-01-11,18.79
1996-01-12,18.25
1996-01-15,18.38
1996-01-16,18.05
1996-01-17,18.52
1996-01-18,19.18
1996-01-19,18.94
1996-01-22,18.62
1996-01-23,18.06
1996-01-24,18.28
1996-01-25,17.67
1996-01-26,17.73
1996-01-29,17.45
1996-01-30,17.56
1996-01-31,17.74
1996-02-01,17.71
1996-02-02,17.8
1996-02-05,17.54
1996-02-06,17.69
1996-02-07,17.74
1996-02-08,17.76
1996-02-09,17.78
1996-02-12,17.97
1996-02-13,18.91
1996-02-14,18.96
1996-02-15,19.04
1996-02-16,19.16
1996-02-20,21.05
1996-02-21,19.71
1996-02-22,19.85
1996-02-23,19.06
1996-02-26,19.39
1996-02-27,19.7
1996-02-28,19.29
1996-02-29,19.54
1996-03-01,19.44
1996-03-04,19.2
1996-03-05,19.54
1996-03-06,20.19
1996-03-07,19.81
1996-03-08,19.61
1996-03-11,19.91
1996-03-12,20.46
1996-03-13,20.58
1996-03-14,21.16
1996-03-15,21.99
1996-03-18,23.27
1996-03-19,24.34
1996-03-20,23.06
1996-03-21,21.05
1996-03-22,21.95
1996-03-25,22.4
1996-03-26,22.19
1996-03-27,21.79
1996-03-28,21.41
1996-03-29,21.47
1996-04-01,22.26
1996-04-02,22.7
1996-04-03,22.27
1996-04-04,22.75
1996-04-08,23.03
1996-04-09,23.06
1996-04-10,24.21
1996-04-11,25.34
1996-04-12,24.29
1996-04-15,25.06
1996-04-16,24.47
1996-04-17,24.67
1996-04-18,23.82
1996-04-19,23.95
1996-04-22,24.07
1996-04-23,22.7
1996-04-24,22.4
1996-04-25,22.2
1996-04-26,22.32
1996-04-29,22.43
1996-04-30,21.2
1996-05-01,20.81
1996-05-02,20.86
1996-05-03,21.18
1996-05-06,21.04
1996-05-07,21.11
1996-05-08,21.0
1996-05-09,20.68
1996-05-10,21.01
1996-05-13,21.36
1996-05-14,21.42
1996-05-15,21.48
1996-05-16,20.78
1996-05-17,20.64
1996-05-20,22.48
1996-05-21,22.65
1996-05-22,21.4
1996-05-23,21.23
1996-05-24,21.32
1996-05-28,21.11
1996-05-29,20.76
1996-05-30,19.94
1996-05-31,19.76
1996-06-03,19.85
1996-06-04,20.44
1996-06-05,19.72
1996-06-06,20.05
1996-06-07,20.28
1996-06-10,20.25
1996-06-11,20.1
1996-06-12,20.09
1996-06-13,20.01
1996-06-14,20.34
1996-06-17,22.14
1996-06-18,21.46
1996-06-19,20.76
1996-06-20,20.65
1996-06-21,19.92
1996-06-24,19.98
1996-06-25,19.96
1996-06-26,20.65
1996-06-27,21.02
1996-06-28,20.92
1996-07-01,21.53
1996-07-02,21.13
1996-07-03,21.21
1996-07-08,21.27
1996-07-09,21.41
1996-07-10,21.55
1996-07-11,21.95
1996-07-12,21.9
1996-07-15,22.48
1996-07-16,22.38
1996-07-17,21.8
1996-07-18,21.68
1996-07-19,21.0
1996-07-22,21.4
1996-07-23,21.01
1996-07-24,20.68
1996-07-25,20.74
1996-07-26,20.11
1996-07-29,20.28
1996-07-30,20.33
1996-07-31,20.42
1996-08-01,21.04
1996-08-02,21.34
1996-08-05,21.23
1996-08-06,21.13
1996-08-07,21.42
1996-08-08,21.55
1996-08-09,21.57
1996-08-12,22.22
1996-08-13,22.37
1996-08-14,22.12
1996-08-15,21.9
1996-08-16,22.66
1996-08-19,23.26
1996-08-20,22.86
1996-08-21,21.72
1996-08-22,22.3
1996-08-23,21.96
1996-08-26,21.62
1996-08-27,21.56
1996-08-28,21.71
1996-08-29,22.15
1996-08-30,22.25
1996-09-03,23.4
1996-09-04,23.24
1996-09-05,23.44
1996-09-06,23.85
1996-09-09,23.73
1996-09-10,24.12
1996-09-11,24.75
1996-09-12,25.0
1996-09-13,24.51
1996-09-16,23.19
1996-09-17,23.31
1996-09-18,23.89
1996-09-19,23.54
1996-09-20,23.63
1996-09-23,23.37
1996-09-24,24.07
1996-09-25,24.46
1996-09-26,24.16
1996-09-27,24.6
1996-09-30,24.38
1996-10-01,24.14
1996-10-02,24.05
1996-10-03,24.81
1996-10-04,24.73
1996-10-07,25.24
1996-10-08,25.54
1996-10-09,25.07
1996-10-10,24.26
1996-10-11,24.66
1996-10-14,25.62
1996-10-15,25.42
1996-10-16,25.17
1996-10-17,25.42
1996-10-18,25.79
1996-10-21,25.92
1996-10-22,25.75
1996-10-23,24.86
1996-10-24,24.51
1996-10-25,24.86
1996-10-28,24.85
1996-10-29,24.34
1996-10-30,24.28
1996-10-31,23.35
1996-11-01,23.03
1996-11-04,22.79
1996-11-05,22.64
1996-11-06,22.69
1996-11-07,22.74
1996-11-08,23.59
1996-11-11,23.37
1996-11-12,23.35
1996-11-13,24.12
1996-11-14,24.41
1996-11-15,24.17
1996-11-18,23.88
1996-11-19,24.49
1996-11-20,23.76
1996-11-21,23.84
1996-11-22,23.75
1996-11-25,23.49
1996-11-26,23.62
1996-11-27,23.75
1996-12-02,24.8
1996-12-03,24.93
1996-12-04,24.8
1996-12-05,25.58
1996-12-06,25.62
1996-12-09,25.3
1996-12-10,24.42
1996-12-11,23.38
1996-12-12,23.72
1996-12-13,24.47
1996-12-16,25.74
1996-12-17,25.71
1996-12-18,26.16
1996-12-19,26.57
1996-12-20,25.08
1996-12-23,24.79
1996-12-24,25.1
1996-12-26,24.92
1996-12-27,25.22
1996-12-30,25.37
1996-12-31,25.92
1997-01-02,25.69
1997-01-03,25.59
1997-01-06,26.37
1997-01-07,26.23
1997-01-08,26.62
1997-01-09,26.37
1997-01-10,26.09
1997-01-13,25.19
1997-01-14,25.11
1997-01-15,25.95
1997-01-16,25.52
1997-01-17,25.41
1997-01-20,25.23
1997-01-21,24.8
1997-01-22,24.24
1997-01-23,24.18
1997-01-24,24.05
1997-01-27,23.94
1997-01-28,23.9
1997-01-29,24.47
1997-01-30,24.87
1997-01-31,24.15
1997-02-03,24.15
1997-02-04,24.02
1997-02-05,23.91
1997-02-06,23.1
1997-02-07,22.23
1997-02-10,22.46
1997-02-11,22.42
1997-02-12,21.86
1997-02-13,22.02
1997-02-14,22.41
1997-02-18,22.52
1997-02-19,22.79
1997-02-20,21.98
1997-02-21,21.39
1997-02-24,20.71
1997-02-25,21.0
1997-02-26,21.11
1997-02-27,20.89
1997-02-28,20.3
1997-03-03,20.25
1997-03-04,20.66
1997-03-05,20.49
1997-03-06,20.94
1997-03-07,21.28
1997-03-10,20.49
1997-03-11,20.11
1997-03-12,20.62
1997-03-13,20.7
1997-03-14,21.29
1997-03-17,20.92
1997-03-18,22.06
1997-03-19,22.04
1997-03-20,22.32
1997-03-21,21.51
1997-03-24,21.06
1997-03-25,20.99
1997-03-26,20.64
1997-03-27,20.7
1997-03-31,20.41
1997-04-01,20.28
1997-04-02,19.47
1997-04-03,19.47
1997-04-04,19.12
1997-04-07,19.23
1997-04-08,19.35
1997-04-09,19.27
1997-04-10,19.57
1997-04-11,19.53
1997-04-14,19.9
1997-04-15,19.83
1997-04-16,19.35
1997-04-17,19.42
1997-04-18,19.91
1997-04-21,20.38
1997-04-22,19.6
1997-04-23,19.73
1997-04-24,20.03
1997-04-25,19.99
1997-04-28,19.91
1997-04-29,20.44
1997-04-30,20.21
1997-05-01,19.91
1997-05-02,19.6
1997-05-05,19.63
1997-05-06,19.66
1997-05-07,19.62
1997-05-08,20.34
1997-05-09,20.43
1997-05-12,21.38
1997-05-13,21.37
1997-05-14,21.39
1997-05-15,21.3
1997-05-16,22.12
1997-05-19,21.59
1997-05-20,21.19
1997-05-21,21.86
1997-05-22,21.86
1997-05-23,21.63
1997-05-27,20.79
1997-05-28,20.79
1997-05-29,20.97
1997-05-30,20.88
1997-06-02,20.98
1997-06-03,20.33
1997-06-04,20.12
1997-06-05,19.66
1997-06-06,18.79
1997-06-09,18.68
1997-06-10,18.67
1997-06-11,18.53
1997-06-12,18.69
1997-06-13,18.83
1997-06-16,19.01
1997-06-17,19.23
1997-06-18,18.79
1997-06-19,18.67
1997-06-20,18.55
1997-06-23,19.14
1997-06-24,19.03
1997-06-25,19.52
1997-06-26,19.09
1997-06-27,19.46
1997-06-30,19.8
1997-07-01,20.12
1997-07-02,20.34
1997-07-03,19.56
1997-07-07,19.52
1997-07-08,19.73
1997-07-09,19.46
1997-07-10,19.22
1997-07-11,19.33
1997-07-14,18.99
1997-07-15,19.67
1997-07-16,19.65
1997-07-17,19.99
1997-07-18,19.27
1997-07-21,19.18
1997-07-22,19.08
1997-07-23,19.63
1997-07-24,19.77
1997-07-25,19.89
1997-07-28,19.81
1997-07-29,19.85
1997-07-30,20.3
1997-07-31,20.14
1997-08-01,20.28
1997-08-04,20.75
1997-08-05,20.81
1997-08-06,20.46
1997-08-07,20.09
1997-08-08,19.54
1997-08-11,19.69
1997-08-12,19.99
1997-08-13,20.19
1997-08-14,20.08
1997-08-15,20.07
1997-08-18,19.91
1997-08-19,20.12
1997-08-20,20.06
1997-08-21,19.66
1997-08-22,19.7
1997-08-25,19.26
1997-08-26,19.28
1997-08-27,19.73
1997-08-28,19.58
1997-08-29,19.61
1997-09-02,19.65
1997-09-03,19.61
1997-09-04,19.4
1997-09-05,19.63
1997-09-08,19.45
1997-09-09,19.42
1997-09-10,19.42
1997-09-11,19.37
1997-09-12,19.32
1997-09-15,19.27
1997-09-16,19.61
1997-09-17,19.42
1997-09-18,19.38
1997-09-19,19.35
1997-09-22,19.6
1997-09-23,19.79
1997-09-24,19.94
1997-09-25,20.39
1997-09-26,20.87
1997-09-29,21.26
1997-09-30,21.18
1997-10-01,21.05
1997-10-02,21.77
1997-10-03,22.76
1997-10-06,21.93
1997-10-07,21.96
1997-10-08,22.18
1997-10-09,22.12
1997-10-10,22.1
1997-10-13,21.32
1997-10-14,20.7
1997-10-15,20.57
1997-10-16,20.97
1997-10-17,20.59
1997-10-20,20.7
1997-10-21,20.67
1997-10-22,21.42
1997-10-23,21.09
1997-10-24,20.97
1997-10-27,21.07
1997-10-28,20.46
1997-10-29,20.71
1997-10-30,21.22
1997-10-31,21.08
1997-11-03,20.96
1997-11-04,20.7
1997-11-05,20.31
1997-11-06,20.39
1997-11-07,20.77
1997-11-10,20.4
1997-11-11,20.51
1997-11-12,20.49
1997-11-13,20.7
1997-11-14,21.0
1997-11-17,20.26
1997-11-18,20.04
1997-11-19,19.8
1997-11-20,19.16
1997-11-21,19.76
1997-11-24,19.83
1997-11-25,19.73
1997-11-26,19.15
1997-12-01,18.66
1997-12-02,18.76
1997-12-03,18.8
1997-12-04,18.6
1997-12-05,18.71
1997-12-08,18.84
1997-12-09,18.67
1997-12-10,18.14
1997-12-11,18.15
1997-12-12,18.21
1997-12-15,18.17
1997-12-16,18.17
1997-12-17,18.19
1997-12-18,18.52
1997-12-19,18.39
1997-12-22,18.32
1997-12-23,18.33
1997-12-24,18.35
1997-12-26,18.2
1997-12-29,17.62
1997-12-30,17.6
1997-12-31,17.64
1998-01-02,17.43
1998-01-05,16.89
1998-01-06,16.91
1998-01-07,16.82
1998-01-08,16.97
1998-01-09,16.63
1998-01-12,16.47
1998-01-13,16.43
1998-01-14,16.45
1998-01-15,16.34
1998-01-16,16.51
1998-01-20,16.42
1998-01-21,16.36
1998-01-22,16.04
1998-01-23,15.74
1998-01-26,16.82
1998-01-27,16.98
1998-01-28,17.31
1998-01-29,17.82
1998-01-30,17.21
1998-02-02,17.05
1998-02-03,16.5
1998-02-04,16.37
1998-02-05,16.58
1998-02-06,16.7
1998-02-09,16.63
1998-02-10,16.43
1998-02-11,16.15
1998-02-12,15.96
1998-02-13,16.02
1998-02-17,15.66
1998-02-18,16.25
1998-02-19,16.16
1998-02-20,16.15
1998-02-23,15.37
1998-02-24,15.31
1998-02-25,15.45
1998-02-26,15.35
1998-02-27,15.44
1998-03-02,15.34
1998-03-03,15.27
1998-03-04,15.32
1998-03-05,15.33
1998-03-06,14.91
1998-03-09,14.33
1998-03-10,14.26
1998-03-11,14.18
1998-03-12,14.2
1998-03-13,14.06
1998-03-16,13.28
1998-03-17,13.21
1998-03-18,14.34
1998-03-19,14.31
1998-03-20,14.32
1998-03-23,16.51
1998-03-24,15.92
1998-03-25,16.48
1998-03-26,16.83
1998-03-27,16.76
1998-03-30,16.21
1998-03-31,15.61
1998-04-01,15.54
1998-04-02,15.74
1998-04-03,15.99
1998-04-06,15.45
1998-04-07,15.22
1998-04-08,15.55
1998-04-09,15.56
1998-04-13,15.32
1998-04-14,15.12
1998-04-15,15.46
1998-04-16,15.9
1998-04-17,15.46
1998-04-20,15.41
1998-04-21,15.45
1998-04-22,15.54
1998-04-23,15.19
1998-04-24,15.09
1998-04-27,15.32
1998-04-28,15.74
1998-04-29,15.32
1998-04-30,15.39
1998-05-01,16.13
1998-05-04,15.95
1998-05-05,15.47
1998-05-06,15.37
1998-05-07,15.24
1998-05-08,15.13
1998-05-11,15.17
1998-05-12,15.24
1998-05-13,14.95
1998-05-14,15.08
1998-05-15,14.47
1998-05-18,14.07
1998-05-19,12.96
1998-05-20,14.18
1998-05-21,14.63
1998-05-22,14.78
1998-05-26,14.82
1998-05-27,14.99
1998-05-28,14.85
1998-05-29,15.2
1998-06-01,14.96
1998-06-02,14.84
1998-06-03,14.81
1998-06-04,15.12
1998-06-05,15.07
1998-06-08,14.55
1998-06-09,13.85
1998-06-10,13.48
1998-06-11,12.75
1998-06-12,12.59
1998-06-15,11.56
1998-06-16,11.98
1998-06-17,12.6
1998-06-18,11.77
1998-06-19,11.84
1998-06-22,13.43
1998-06-23,14.52
1998-06-24,14.6
1998-06-25,14.03
1998-06-26,14.13
1998-06-29,14.07
1998-06-30,14.18
1998-07-01,14.37
1998-07-02,14.5
1998-07-06,13.92
1998-07-07,13.62
1998-07-08,13.85
1998-07-09,13.88
1998-07-10,13.87
1998-07-13,13.91
1998-07-14,14.55
1998-07-15,14.87
1998-07-16,14.52
1998-07-17,13.98
1998-07-20,13.34
1998-07-21,13.79
1998-07-22,14.16
1998-07-23,13.88
1998-07-24,13.87
1998-07-27,14.22
1998-07-28,14.27
1998-07-29,14.09
1998-07-30,14.21
1998-07-31,14.21
1998-08-03,13.7
1998-08-04,13.75
1998-08-05,13.68
1998-08-06,13.76
1998-08-07,13.8
1998-08-10,13.05
1998-08-11,12.76
1998-08-12,12.71
1998-08-13,13.21
1998-08-14,13.35
1998-08-17,13.2
1998-08-18,12.92
1998-08-19,13.16
1998-08-20,13.54
1998-08-21,13.37
1998-08-24,13.64
1998-08-25,13.77
1998-08-26,13.58
1998-08-27,13.23
1998-08-28,13.5
1998-08-31,13.34
1998-09-01,13.73
1998-09-02,13.67
1998-09-03,14.67
1998-09-04,14.59
1998-09-08,14.29
1998-09-09,14.12
1998-09-10,14.67
1998-09-11,14.34
1998-09-14,14.42
1998-09-15,14.57
1998-09-16,14.53
1998-09-17,14.86
1998-09-18,15.49
1998-09-21,15.49
1998-09-22,15.67
1998-09-23,15.81
1998-09-24,15.98
1998-09-25,15.75
1998-09-28,15.64
1998-09-29,15.98
1998-09-30,16.14
1998-10-01,15.43
1998-10-02,15.64
1998-10-05,15.39
1998-10-06,15.5
1998-10-07,15.06
1998-10-08,14.42
1998-10-09,14.58
1998-10-12,14.44
1998-10-13,14.23
1998-10-14,14.05
1998-10-15,14.05
1998-10-16,14.15
1998-10-19,13.35
1998-10-20,13.43
1998-10-21,14.08
1998-10-22,13.97
1998-10-23,14.05
1998-10-26,14.23
1998-10-27,14.13
1998-10-28,14.29
1998-10-29,14.24
1998-10-30,14.42
1998-11-02,14.36
1998-11-03,14.2
1998-11-04,14.14
1998-11-05,13.97
1998-11-06,13.87
1998-11-09,13.38
1998-11-10,13.52
1998-11-11,13.55
1998-11-12,13.84
1998-11-13,13.57
1998-11-16,12.82
1998-11-17,12.45
1998-11-18,12.14
1998-11-19,12.15
1998-11-20,12.14
1998-11-23,12.45
1998-11-24,12.12
1998-11-25,11.86
1998-11-30,11.22
1998-12-01,11.13
1998-12-02,11.24
1998-12-03,11.19
1998-12-04,11.17
1998-12-07,11.47
1998-12-08,11.3
1998-12-09,11.16
1998-12-10,10.72
1998-12-11,10.79
1998-12-14,11.29
1998-12-15,11.55
1998-12-16,12.38
1998-12-17,11.03
1998-12-18,10.95
1998-12-21,10.81
1998-12-22,11.12
1998-12-23,11.33
1998-12-24,11.23
1998-12-28,11.46
1998-12-29,11.72
1998-12-30,11.75
1998-12-31,12.05
1999-01-04,12.34
1999-01-05,11.99
1999-01-06,12.8
1999-01-07,13.09
1999-01-08,13.07
1999-01-11,13.44
1999-01-12,12.89
1999-01-13,12.31
1999-01-14,12.15
1999-01-15,12.11
1999-01-19,12.08
1999-01-20,11.81
1999-01-21,12.46
1999-01-22,12.69
1999-01-25,12.44
1999-01-26,12.06
1999-01-27,12.32
1999-01-28,12.45
1999-01-29,12.75
1999-02-01,12.37
1999-02-02,12.3
1999-02-03,12.38
1999-02-04,12.02
1999-02-05,11.8
1999-02-08,11.67
1999-02-09,11.68
1999-02-10,11.75
1999-02-11,11.85
1999-02-12,11.88
1999-02-16,11.37
1999-02-17,11.53
1999-02-18,12.04
1999-02-19,11.76
1999-02-22,11.96
1999-02-23,12.48
1999-02-24,12.61
1999-02-25,12.68
1999-02-26,12.27
1999-03-01,12.24
1999-03-02,12.51
1999-03-03,12.93
1999-03-04,13.35
1999-03-05,13.3
1999-03-08,13.63
1999-03-09,13.85
1999-03-10,14.69
1999-03-11,14.31
1999-03-12,14.49
1999-03-15,14.45
1999-03-16,14.46
1999-03-17,15.05
1999-03-18,15.0
1999-03-19,15.24
1999-03-22,15.5
1999-03-23,15.51
1999-03-24,15.34
1999-03-25,15.67
1999-03-26,16.17
1999-03-29,16.44
1999-03-30,16.8
1999-03-31,16.76
1999-04-01,16.64
1999-04-05,16.95
1999-04-06,16.81
1999-04-07,16.03
1999-04-08,15.83
1999-04-09,16.57
1999-04-12,16.4
1999-04-13,16.72
1999-04-14,16.47
1999-04-15,16.87
1999-04-16,17.33
1999-04-19,17.8
1999-04-20,17.78
1999-04-21,17.92
1999-04-22,18.18
1999-04-23,17.94
1999-04-26,17.66
1999-04-27,17.81
1999-04-28,18.45
1999-04-29,18.53
1999-04-30,18.66
1999-05-03,18.85
1999-05-04,18.92
1999-05-05,18.98
1999-05-06,18.32
1999-05-07,18.22
1999-05-10,18.5
1999-05-11,18.06
1999-05-12,17.57
1999-05-13,18.03
1999-05-14,18.04
1999-05-17,17.94
1999-05-18,17.11
1999-05-19,16.88
1999-05-20,17.03
1999-05-21,17.41
1999-05-24,17.06
1999-05-25,17.14
1999-05-26,17.35
1999-05-27,17.17
1999-05-28,16.84
1999-06-01,16.34
1999-06-02,16.65
1999-06-03,16.74
1999-06-04,17.32
1999-06-07,17.86
1999-06-08,17.66
1999-06-09,17.99
1999-06-10,17.85
1999-06-11,18.43
1999-06-14,18.33
1999-06-15,18.55
1999-06-16,17.94
1999-06-17,18.19
1999-06-18,17.99
1999-06-21,17.7
1999-06-22,17.61
1999-06-23,18.45
1999-06-24,18.29
1999-06-25,18.39
1999-06-28,18.23
1999-06-29,18.44
1999-06-30,19.29
1999-07-01,19.39
1999-07-02,19.69
1999-07-06,19.78
1999-07-07,19.77
1999-07-08,19.71
1999-07-09,19.94
1999-07-12,19.91
1999-07-13,20.15
1999-07-14,19.92
1999-07-15,20.16
1999-07-16,20.62
1999-07-19,20.44
1999-07-20,19.37
1999-07-21,19.65
1999-07-22,19.94
1999-07-23,20.63
1999-07-26,20.52
1999-07-27,20.38
1999-07-28,20.54
1999-07-29,20.97
1999-07-30,20.53
1999-08-02,20.45
1999-08-03,20.3
1999-08-04,20.44
1999-08-05,20.56
1999-08-06,20.88
1999-08-09,21.27
1999-08-10,21.3
1999-08-11,21.52
1999-08-12,21.48
1999-08-13,21.67
1999-08-16,21.36
1999-08-17,21.74
1999-08-18,21.52
1999-08-19,21.77
1999-08-20,21.65
1999-08-23,21.84
1999-08-24,21.47
1999-08-25,20.58
1999-08-26,20.95
1999-08-27,21.27
1999-08-30,22.01
1999-08-31,22.11
1999-09-01,21.99
1999-09-02,21.49
1999-09-03,22.0
1999-09-07,22.61
1999-09-08,22.66
1999-09-09,23.2
1999-09-10,23.55
1999-09-13,24.21
1999-09-14,23.86
1999-09-15,24.13
1999-09-16,24.51
1999-09-17,24.72
1999-09-20,24.29
1999-09-21,24.46
1999-09-22,24.12
1999-09-23,24.87
1999-09-24,24.76
1999-09-27,24.61
1999-09-28,24.33
1999-09-29,24.69
1999-09-30,24.51
1999-10-01,24.54
1999-10-04,23.76
1999-10-05,23.45
1999-10-06,23.27
1999-10-07,22.45
1999-10-08,20.9
1999-10-11,21.27
1999-10-12,22.3
1999-10-13,23.06
1999-10-14,22.45
1999-10-15,22.82
1999-10-18,22.53
1999-10-19,22.22
1999-10-20,22.2
1999-10-21,22.61
1999-10-22,23.45
1999-10-25,23.35
1999-10-26,23.19
1999-10-27,22.92
1999-10-28,21.68
1999-10-29,21.75
1999-11-01,22.51
1999-11-02,22.39
1999-11-03,22.56
1999-11-04,23.14
1999-11-05,23.0
1999-11-08,23.27
1999-11-09,24.03
1999-11-10,24.47
1999-11-11,24.33
1999-11-12,24.91
1999-11-15,25.13
1999-11-16,25.7
1999-11-17,26.6
1999-11-18,25.8
1999-11-19,26.56
1999-11-22,27.07
1999-11-23,26.44
1999-11-24,26.87
1999-11-29,25.96
1999-11-30,24.59
1999-12-01,25.0
1999-12-02,25.82
1999-12-03,25.81
1999-12-06,26.66
1999-12-07,26.22
1999-12-08,26.54
1999-12-09,26.15
1999-12-10,25.23
1999-12-13,25.38
1999-12-14,25.73
1999-12-15,26.36
1999-12-16,26.83
1999-12-17,26.74
1999-12-20,26.54
1999-12-21,26.26
1999-12-22,25.5
1999-12-23,25.87
1999-12-27,26.33
1999-12-28,26.82
1999-12-29,26.47
1999-12-30,25.6
2000-01-04,25.55
2000-01-05,24.91
2000-01-06,24.78
2000-01-07,24.22
2000-01-10,24.67
2000-01-11,25.77
2000-01-12,26.28
2000-01-13,26.69
2000-01-14,28.02
2000-01-18,28.85
2000-01-19,29.54
2000-01-20,29.66
2000-01-21,28.2
2000-01-24,27.83
2000-01-25,28.28
2000-01-26,27.84
2000-01-27,27.32
2000-01-28,27.22
2000-01-31,27.64
2000-02-01,28.22
2000-02-02,27.55
2000-02-03,28.03
2000-02-04,28.82
2000-02-07,28.45
2000-02-08,28.02
2000-02-09,28.77
2000-02-10,29.43
2000-02-11,29.44
2000-02-14,30.25
2000-02-15,30.06
2000-02-16,30.05
2000-02-17,29.46
2000-02-18,29.51
2000-02-22,29.62
2000-02-23,29.39
2000-02-24,29.97
2000-02-25,30.35
2000-02-28,30.13
2000-02-29,30.43
2000-03-01,31.77
2000-03-02,31.69
2000-03-03,31.51
2000-03-06,32.18
2000-03-07,34.13
2000-03-08,31.26
2000-03-09,31.69
2000-03-10,31.76
2000-03-13,32.02
2000-03-14,31.69
2000-03-15,30.72
2000-03-16,31.09
2000-03-17,30.91
2000-03-20,29.43
2000-03-21,28.0
2000-03-22,27.46
2000-03-23,27.31
2000-03-24,28.02
2000-03-27,27.79
2000-03-28,27.09
2000-03-29,26.45
2000-03-30,26.7
2000-03-31,26.9
2000-04-03,26.43
2000-04-04,25.45
2000-04-05,25.83
2000-04-06,25.69
2000-04-07,25.04
2000-04-10,23.85
2000-04-11,24.14
2000-04-12,25.41
2000-04-13,25.38
2000-04-14,25.57
2000-04-17,25.89
2000-04-18,26.11
2000-04-19,27.35
2000-04-20,25.88
2000-04-24,26.04
2000-04-25,25.33
2000-04-26,24.65
2000-04-27,25.42
2000-04-28,25.74
2000-05-01,25.87
2000-05-02,26.89
2000-05-03,26.75
2000-05-04,26.98
2000-05-05,27.29
2000-05-08,28.09
2000-05-09,28.65
2000-05-10,28.1
2000-05-11,29.11
2000-05-12,29.62
2000-05-15,29.92
2000-05-16,29.73
2000-05-17,29.32
2000-05-18,30.33
2000-05-19,29.89
2000-05-22,28.61
2000-05-23,28.78
2000-05-24,29.93
2000-05-25,30.51
2000-05-26,30.0
2000-05-30,30.35
2000-05-31,29.01
2000-06-01,30.14
2000-06-02,30.35
2000-06-05,29.7
2000-06-06,29.75
2000-06-07,29.95
2000-06-08,29.78
2000-06-09,30.2
2000-06-12,31.74
2000-06-13,32.56
2000-06-14,32.85
2000-06-15,32.95
2000-06-16,32.33
2000-06-19,31.69
2000-06-20,33.05
2000-06-21,31.37
2000-06-22,32.19
2000-06-23,32.25
2000-06-26,31.63
2000-06-27,32.06
2000-06-28,31.9
2000-06-29,32.72
2000-06-30,32.5
2000-07-05,30.67
2000-07-06,29.99
2000-07-07,30.28
2000-07-10,29.69
2000-07-11,29.7
2000-07-12,30.32
2000-07-13,31.47
2000-07-14,31.4
2000-07-17,30.83
2000-07-18,31.94
2000-07-19,31.42
2000-07-20,30.93
2000-07-21,28.56
2000-07-24,28.02
2000-07-25,27.95
2000-07-26,27.81
2000-07-27,28.02
2000-07-28,28.18
2000-07-31,27.43
2000-08-01,27.79
2000-08-02,28.26
2000-08-03,28.66
2000-08-04,29.96
2000-08-07,28.91
2000-08-08,29.12
2000-08-09,30.35
2000-08-10,31.34
2000-08-11,31.02
2000-08-14,31.94
2000-08-15,31.67
2000-08-16,31.8
2000-08-17,31.94
2000-08-18,31.99
2000-08-21,32.47
2000-08-22,31.22
2000-08-23,32.02
2000-08-24,31.63
2000-08-25,32.03
2000-08-28,32.87
2000-08-29,32.74
2000-08-30,33.32
2000-08-31,33.12
2000-09-01,33.38
2000-09-05,33.83
2000-09-06,34.9
2000-09-07,35.39
2000-09-08,33.63
2000-09-11,35.14
2000-09-12,34.28
2000-09-13,33.82
2000-09-14,34.07
2000-09-15,35.92
2000-09-18,36.88
2000-09-19,36.51
2000-09-20,37.2
2000-09-21,34.0
2000-09-22,32.68
2000-09-25,31.57
2000-09-26,31.5
2000-09-27,31.46
2000-09-28,30.34
2000-09-29,30.84
2000-10-02,32.18
2000-10-03,32.07
2000-10-04,31.43
2000-10-05,30.53
2000-10-06,30.86
2000-10-09,31.86
2000-10-10,33.18
2000-10-11,33.25
2000-10-12,36.06
2000-10-13,34.99
2000-10-16,32.92
2000-10-17,32.99
2000-10-18,33.48
2000-10-19,32.91
2000-10-20,33.75
2000-10-23,33.76
2000-10-24,33.37
2000-10-25,32.96
2000-10-26,33.71
2000-10-27,32.74
2000-10-30,32.81
2000-10-31,32.7
2000-11-01,33.25
2000-11-02,32.54
2000-11-03,32.71
2000-11-06,32.86
2000-11-07,33.4
2000-11-08,33.24
2000-11-09,33.92
2000-11-10,34.02
2000-11-13,34.47
2000-11-14,34.87
2000-11-15,35.58
2000-11-16,35.12
2000-11-17,35.45
2000-11-20,35.22
2000-11-21,35.16
2000-11-22,35.4
2000-11-27,35.38
2000-11-28,34.22
2000-11-29,34.63
2000-11-30,33.82
2000-12-01,32.02
2000-12-04,31.22
2000-12-05,29.53
2000-12-06,29.85
2000-12-07,29.35
2000-12-08,28.44
2000-12-11,29.5
2000-12-12,29.68
2000-12-13,28.74
2000-12-14,27.99
2000-12-15,28.87
2000-12-18,29.76
2000-12-19,29.33
2000-12-20,25.77
2000-12-21,25.98
2000-12-22,26.18
2000-12-26,26.64
2000-12-27,26.47
2000-12-28,25.85
2000-12-29,26.8
2001-01-02,27.21
2001-01-03,28.0
2001-01-04,28.14
2001-01-05,27.95
2001-01-08,27.32
2001-01-09,27.64
2001-01-10,29.48
2001-01-11,29.41
2001-01-12,30.05
2001-01-16,30.29
2001-01-17,29.6
2001-01-18,30.45
2001-01-19,32.19
2001-01-22,32.19
2001-01-23,29.57
2001-01-24,29.05
2001-01-25,29.36
2001-01-26,29.77
2001-01-29,29.06
2001-01-30,29.06
2001-01-31,28.66
2001-02-01,29.82
2001-02-02,31.19
2001-02-05,30.55
2001-02-06,30.35
2001-02-07,31.27
2001-02-08,31.59
2001-02-09,31.03
2001-02-12,30.51
2001-02-13,30.36
2001-02-14,29.71
2001-02-15,28.8
2001-02-16,29.16
2001-02-20,28.58
2001-02-21,28.53
2001-02-22,28.82
2001-02-23,29.04
2001-02-26,28.42
2001-02-27,28.13
2001-02-28,27.39
2001-03-01,27.62
2001-03-02,27.84
2001-03-05,28.6
2001-03-06,28.32
2001-03-07,29.0
2001-03-08,28.39
2001-03-09,28.01
2001-03-12,28.0
2001-03-13,27.59
2001-03-14,26.41
2001-03-15,26.55
2001-03-16,26.74
2001-03-19,26.15
2001-03-20,25.96
2001-03-21,26.8
2001-03-22,26.54
2001-03-23,27.3
2001-03-26,27.48
2001-03-27,27.75
2001-03-28,26.31
2001-03-29,26.32
2001-03-30,26.29
2001-04-02,25.59
2001-04-03,26.19
2001-04-04,27.12
2001-04-05,27.26
2001-04-06,27.06
2001-04-09,27.28
2001-04-10,28.48
2001-04-11,28.18
2001-04-12,28.25
2001-04-16,28.79
2001-04-17,28.24
2001-04-18,27.95
2001-04-19,27.82
2001-04-20,27.28
2001-04-23,27.61
2001-04-24,26.86
2001-04-25,27.29
2001-04-26,28.44
2001-04-27,28.27
2001-04-30,28.46
2001-05-01,28.94
2001-05-02,27.8
2001-05-03,28.45
2001-05-04,28.36
2001-05-07,27.77
2001-05-08,27.39
2001-05-09,28.23
2001-05-10,28.52
2001-05-11,28.55
2001-05-14,28.71
2001-05-15,28.98
2001-05-16,28.86
2001-05-17,28.91
2001-05-18,29.91
2001-05-21,29.98
2001-05-22,29.74
2001-05-23,29.58
2001-05-24,28.41
2001-05-25,28.38
2001-05-29,28.66
2001-05-30,28.55
2001-05-31,28.37
2001-06-01,27.93
2001-06-04,28.13
2001-06-05,28.24
2001-06-06,27.72
2001-06-07,27.75
2001-06-08,28.33
2001-06-11,29.04
2001-06-12,29.18
2001-06-13,28.84
2001-06-14,29.04
2001-06-15,28.51
2001-06-18,27.55
2001-06-19,27.48
2001-06-20,26.5
2001-06-21,26.56
2001-06-22,26.83
2001-06-25,27.25
2001-06-26,26.98
2001-06-27,25.61
2001-06-28,25.56
2001-06-29,26.25
2001-07-02,25.95
2001-07-03,26.24
2001-07-05,27.02
2001-07-06,28.21
2001-07-09,27.59
2001-07-10,27.49
2001-07-11,27.11
2001-07-12,26.8
2001-07-13,26.59
2001-07-16,26.06
2001-07-17,25.57
2001-07-18,24.89
2001-07-19,24.7
2001-07-20,25.59
2001-07-23,26.12
2001-07-24,26.31
2001-07-25,26.84
2001-07-26,26.73
2001-07-27,27.02
2001-07-30,26.63
2001-07-31,26.35
2001-08-01,26.77
2001-08-02,27.71
2001-08-03,27.62
2001-08-06,27.74
2001-08-07,27.94
2001-08-08,27.54
2001-08-09,27.64
2001-08-10,28.05
2001-08-13,27.82
2001-08-14,28.01
2001-08-15,27.56
2001-08-16,27.4
2001-08-17,26.68
2001-08-20,27.18
2001-08-21,27.91
2001-08-22,26.37
2001-08-23,26.63
2001-08-24,26.9
2001-08-27,26.67
2001-08-28,27.17
2001-08-29,27.05
2001-08-30,26.55
2001-08-31,27.2
2001-09-04,26.93
2001-09-05,26.95
2001-09-06,27.58
2001-09-07,28.03
2001-09-10,27.63
2001-09-14,29.53
2001-09-17,28.81
2001-09-18,27.7
2001-09-19,26.72
2001-09-20,26.59
2001-09-21,25.97
2001-09-24,22.01
2001-09-25,21.81
2001-09-26,22.38
2001-09-27,22.74
2001-09-28,23.43
2001-10-01,23.28
2001-10-02,22.79
2001-10-03,22.08
2001-10-04,22.63
2001-10-05,22.39
2001-10-08,22.45
2001-10-09,22.48
2001-10-10,22.53
2001-10-11,23.34
2001-10-12,22.5
2001-10-15,22.29
2001-10-16,22.0
2001-10-17,21.81
2001-10-18,21.31
2001-10-19,21.83
2001-10-22,21.76
2001-10-23,21.85
2001-10-24,22.33
2001-10-25,22.01
2001-10-26,22.03
2001-10-29,22.15
2001-10-30,21.87
2001-10-31,21.18
2001-11-01,20.39
2001-11-02,20.18
2001-11-05,20.02
2001-11-06,19.92
2001-11-07,20.09
2001-11-08,21.17
2001-11-09,22.22
2001-11-12,21.23
2001-11-13,21.67
2001-11-14,19.74
2001-11-15,17.45
2001-11-16,18.03
2001-11-19,17.72
2001-11-20,19.15
2001-11-21,18.96
2001-11-26,18.69
2001-11-27,19.48
2001-11-28,19.22
2001-11-29,18.62
2001-11-30,19.44
2001-12-03,20.09
2001-12-04,19.65
2001-12-05,19.49
2001-12-06,18.54
2001-12-07,19.04
2001-12-10,18.37
2001-12-11,18.08
2001-12-12,18.36
2001-12-13,18.12
2001-12-14,19.23
2001-12-17,19.22
2001-12-18,19.36
2001-12-19,19.8
2001-12-20,19.28
2001-12-21,19.62
2001-12-26,21.27
2001-12-27,20.9
2001-12-28,20.41
2001-12-31,19.84
2002-01-02,21.01
2002-01-03,20.37
2002-01-04,21.62
2002-01-07,21.48
2002-01-08,21.25
2002-01-09,20.18
2002-01-10,20.38
2002-01-11,19.68
2002-01-14,18.89
2002-01-15,18.9
2002-01-16,18.86
2002-01-17,17.97
2002-01-18,18.0
2002-01-22,18.34
2002-01-23,19.5
2002-01-24,19.7
2002-01-25,19.99
2002-01-28,20.05
2002-01-29,19.58
2002-01-30,19.08
2002-01-31,19.48
2002-02-01,20.38
2002-02-04,20.07
2002-02-05,20.07
2002-02-06,19.78
2002-02-07,19.64
2002-02-08,20.26
2002-02-11,21.41
2002-02-12,20.73
2002-02-13,21.18
2002-02-14,21.23
2002-02-15,21.5
2002-02-19,20.88
2002-02-20,20.29
2002-02-21,20.95
2002-02-22,21.07
2002-02-25,20.48
2002-02-26,21.41
2002-02-27,21.29
2002-02-28,21.74
2002-03-01,22.4
2002-03-04,22.45
2002-03-05,23.17
2002-03-06,23.15
2002-03-07,23.71
2002-03-08,23.84
2002-03-11,24.31
2002-03-12,24.2
2002-03-13,24.16
2002-03-14,24.56
2002-03-15,24.51
2002-03-18,25.11
2002-03-19,24.88
2002-03-20,24.9
2002-03-21,25.61
2002-03-22,25.35
2002-03-25,24.99
2002-03-26,25.36
2002-03-27,25.87
2002-03-28,26.31
2002-04-01,26.88
2002-04-02,27.71
2002-04-03,27.56
2002-04-04,26.58
2002-04-05,26.21
2002-04-08,26.54
2002-04-09,25.82
2002-04-10,26.13
2002-04-11,24.99
2002-04-12,23.47
2002-04-15,24.57
2002-04-16,24.75
2002-04-17,25.94
2002-04-18,26.18
2002-04-19,26.38
2002-04-22,26.27
2002-04-23,26.62
2002-04-24,26.38
2002-04-25,26.73
2002-04-26,27.11
2002-04-29,27.57
2002-04-30,27.29
2002-05-01,26.75
2002-05-02,26.24
2002-05-03,26.62
2002-05-06,26.12
2002-05-07,26.63
2002-05-08,27.85
2002-05-09,27.68
2002-05-10,27.99
2002-05-13,28.38
2002-05-14,29.36
2002-05-15,28.15
2002-05-16,27.95
2002-05-17,28.18
2002-05-20,28.33
2002-05-21,27.33
2002-05-22,26.37
2002-05-23,26.15
2002-05-24,25.88
2002-05-28,25.27
2002-05-29,25.76
2002-05-30,24.67
2002-05-31,25.31
2002-06-03,25.08
2002-06-04,25.33
2002-06-05,24.89
2002-06-06,24.79
2002-06-07,24.75
2002-06-10,24.29
2002-06-11,24.12
2002-06-12,24.64
2002-06-13,25.64
2002-06-14,25.94
2002-06-17,26.09
2002-06-18,25.43
2002-06-19,25.31
2002-06-20,25.53
2002-06-21,25.82
2002-06-24,26.47
2002-06-25,26.32
2002-06-26,26.76
2002-06-27,26.86
2002-06-28,26.86
2002-07-01,26.81
2002-07-02,26.77
2002-07-03,26.8
2002-07-08,26.07
2002-07-09,26.09
2002-07-10,26.77
2002-07-11,26.83
2002-07-12,27.48
2002-07-15,27.07
2002-07-16,27.75
2002-07-17,27.88
2002-07-18,27.57
2002-07-19,27.83
2002-07-22,26.6
2002-07-23,26.31
2002-07-24,26.87
2002-07-25,26.77
2002-07-26,26.54
2002-07-29,26.55
2002-07-30,27.36
2002-07-31,27.02
2002-08-01,26.47
2002-08-02,26.84
2002-08-05,26.58
2002-08-06,27.17
2002-08-07,26.5
2002-08-08,26.67
2002-08-09,26.86
2002-08-12,27.86
2002-08-13,27.9
2002-08-14,28.15
2002-08-15,29.06
2002-08-16,29.33
2002-08-19,29.84
2002-08-20,30.11
2002-08-21,29.24
2002-08-22,28.84
2002-08-23,28.63
2002-08-26,29.28
2002-08-27,28.83
2002-08-28,28.34
2002-08-29,28.92
2002-08-30,28.98
2002-09-03,27.79
2002-09-04,28.27
2002-09-05,28.98
2002-09-06,29.61
2002-09-09,29.73
2002-09-10,29.73
2002-09-11,29.77
2002-09-12,28.85
2002-09-13,29.81
2002-09-16,29.67
2002-09-17,29.08
2002-09-18,29.48
2002-09-19,29.5
2002-09-20,29.61
2002-09-23,30.71
2002-09-24,30.77
2002-09-25,30.64
2002-09-26,30.41
2002-09-27,30.54
2002-09-30,30.45
2002-10-01,30.83
2002-10-02,30.49
2002-10-03,29.76
2002-10-04,29.62
2002-10-07,29.64
2002-10-08,29.48
2002-10-09,29.35
2002-10-10,28.97
2002-10-11,29.37
2002-10-14,30.03
2002-10-15,29.72
2002-10-16,29.47
2002-10-17,29.62
2002-10-18,29.6
2002-10-21,28.37
2002-10-22,27.92
2002-10-23,28.18
2002-10-24,28.2
2002-10-25,27.05
2002-10-28,27.29
2002-10-29,26.86
2002-10-30,26.81
2002-10-31,27.22
2002-11-01,27.13
2002-11-04,26.95
2002-11-05,26.14
2002-11-06,25.77
2002-11-07,25.38
2002-11-08,25.78
2002-11-11,25.94
2002-11-12,25.9
2002-11-13,25.19
2002-11-14,25.29
2002-11-15,25.51
2002-11-18,26.71
2002-11-19,26.42
2002-11-20,26.98
2002-11-21,26.35
2002-11-22,26.76
2002-11-25,26.11
2002-11-26,26.4
2002-11-27,26.89
2002-12-02,27.24
2002-12-03,27.3
2002-12-04,26.71
2002-12-05,27.29
2002-12-06,26.93
2002-12-09,27.2
2002-12-10,27.74
2002-12-11,27.4
2002-12-12,28.01
2002-12-13,28.44
2002-12-16,30.1
2002-12-17,30.1
2002-12-18,30.44
2002-12-19,30.56
2002-12-20,30.3
2002-12-23,31.75
2002-12-24,31.97
2002-12-26,32.49
2002-12-27,32.72
2002-12-30,31.37
2002-12-31,31.2
2003-01-02,31.85
2003-01-03,33.08
2003-01-06,32.1
2003-01-07,31.08
2003-01-08,30.56
2003-01-09,31.99
2003-01-10,31.68
2003-01-13,32.26
2003-01-14,32.37
2003-01-15,33.21
2003-01-16,33.66
2003-01-17,33.91
2003-01-21,34.61
2003-01-22,32.85
2003-01-23,32.25
2003-01-24,33.28
2003-01-27,32.29
2003-01-28,32.67
2003-01-29,33.63
2003-01-30,33.85
2003-01-31,33.51
2003-02-03,32.76
2003-02-04,33.58
2003-02-05,33.93
2003-02-06,34.16
2003-02-07,35.12
2003-02-10,34.48
2003-02-11,35.44
2003-02-12,35.77
2003-02-13,36.36
2003-02-14,36.8
2003-02-18,36.96
2003-02-19,37.16
2003-02-20,36.79
2003-02-21,35.58
2003-02-24,36.48
2003-02-25,36.06
2003-02-26,37.7
2003-02-27,37.2
2003-02-28,36.6
2003-03-03,35.88
2003-03-04,36.89
2003-03-05,36.69
2003-03-06,37.0
2003-03-07,37.78
2003-03-10,37.27
2003-03-11,36.72
2003-03-12,37.83
2003-03-13,36.01
2003-03-14,35.38
2003-03-17,34.93
2003-03-18,31.67
2003-03-19,29.88
2003-03-20,28.61
2003-03-21,26.91
2003-03-24,28.66
2003-03-25,27.97
2003-03-26,28.63
2003-03-27,30.37
2003-03-28,30.16
2003-03-31,31.04
2003-04-01,29.78
2003-04-02,28.56
2003-04-03,28.97
2003-04-04,28.62
2003-04-07,27.96
2003-04-08,28.0
2003-04-09,28.85
2003-04-10,27.46
2003-04-11,28.14
2003-04-14,28.63
2003-04-15,29.29
2003-04-16,29.18
2003-04-17,30.55
2003-04-21,30.87
2003-04-22,29.91
2003-04-23,26.65
2003-04-24,26.64
2003-04-25,26.26
2003-04-28,25.49
2003-04-29,25.24
2003-04-30,25.8
2003-05-01,26.03
2003-05-02,25.67
2003-05-05,26.49
2003-05-06,25.72
2003-05-07,26.23
2003-05-08,26.98
2003-05-09,27.72
2003-05-12,27.35
2003-05-13,28.5
2003-05-14,29.17
2003-05-15,28.74
2003-05-16,29.14
2003-05-19,28.83
2003-05-20,29.28
2003-05-21,29.03
2003-05-22,28.85
2003-05-23,29.16
2003-05-27,29.35
2003-05-28,28.58
2003-05-29,29.1
2003-05-30,29.56
2003-06-02,30.71
2003-06-03,30.67
2003-06-04,30.05
2003-06-05,30.74
2003-06-06,31.28
2003-06-09,31.45
2003-06-10,31.73
2003-06-11,32.36
2003-06-12,31.51
2003-06-13,30.65
2003-06-16,31.18
2003-06-17,31.07
2003-06-18,30.36
2003-06-19,29.96
2003-06-20,30.82
2003-06-23,29.17
2003-06-24,28.78
2003-06-25,29.95
2003-06-26,29.01
2003-06-27,29.27
2003-06-30,30.19
2003-07-01,30.4
2003-07-02,30.15
2003-07-03,30.42
2003-07-07,30.13
2003-07-08,30.22
2003-07-09,30.88
2003-07-10,31.06
2003-07-11,31.28
2003-07-14,31.27
2003-07-15,31.62
2003-07-16,31.05
2003-07-17,31.41
2003-07-18,31.96
2003-07-21,31.78
2003-07-22,30.19
2003-07-23,29.67
2003-07-24,30.22
2003-07-25,30.17
2003-07-28,30.11
2003-07-29,30.24
2003-07-30,30.68
2003-07-31,30.54
2003-08-01,32.31
2003-08-04,31.84
2003-08-05,32.22
2003-08-06,31.7
2003-08-07,32.39
2003-08-08,32.18
2003-08-11,32.01
2003-08-12,31.92
2003-08-13,30.78
2003-08-14,31.09
2003-08-15,31.05
2003-08-18,30.89
2003-08-19,30.7
2003-08-20,30.95
2003-08-21,31.88
2003-08-22,31.84
2003-08-25,31.56
2003-08-26,31.95
2003-08-27,31.21
2003-08-28,31.5
2003-08-29,31.57
2003-09-02,29.41
2003-09-03,29.49
2003-09-04,28.98
2003-09-05,28.88
2003-09-08,28.85
2003-09-09,29.18
2003-09-10,29.35
2003-09-11,28.82
2003-09-12,28.27
2003-09-15,28.14
2003-09-16,27.56
2003-09-17,27.03
2003-09-18,27.17
2003-09-19,27.03
2003-09-22,26.96
2003-09-23,27.13
2003-09-24,28.24
2003-09-25,28.29
2003-09-26,28.16
2003-09-29,28.4
2003-09-30,29.2
2003-10-01,29.39
2003-10-02,29.84
2003-10-03,30.4
2003-10-06,30.47
2003-10-07,30.41
2003-10-08,29.81
2003-10-09,31.01
2003-10-10,31.97
2003-10-13,31.95
2003-10-14,31.82
2003-10-15,31.77
2003-10-16,31.54
2003-10-17,30.68
2003-10-20,30.35
2003-10-21,30.18
2003-10-22,29.92
2003-10-23,30.3
2003-10-24,30.16
2003-10-27,29.92
2003-10-28,29.56
2003-10-29,28.91
2003-10-30,28.47
2003-10-31,29.11
2003-11-03,28.9
2003-11-04,28.75
2003-11-05,30.3
2003-11-06,30.26
2003-11-07,30.85
2003-11-10,30.88
2003-11-11,31.15
2003-11-12,31.33
2003-11-13,31.9
2003-11-14,32.37
2003-11-17,31.73
2003-11-18,33.28
2003-11-19,32.92
2003-11-20,32.86
2003-11-21,31.61
2003-11-24,29.74
2003-11-25,29.77
2003-11-26,30.41
2003-12-01,29.95
2003-12-02,30.78
2003-12-03,31.1
2003-12-04,31.26
2003-12-05,30.73
2003-12-08,32.1
2003-12-09,31.76
2003-12-10,31.88
2003-12-11,31.85
2003-12-12,33.04
2003-12-15,33.18
2003-12-16,32.89
2003-12-17,33.35
2003-12-18,33.71
2003-12-19,33.02
2003-12-22,31.87
2003-12-23,31.95
2003-12-24,32.86
2003-12-29,32.4
2003-12-30,32.79
2003-12-31,32.52
2004-01-05,33.78
2004-01-06,33.7
2004-01-07,33.62
2004-01-08,33.98
2004-01-09,34.31
2004-01-12,34.72
2004-01-13,34.43
2004-01-14,34.5
2004-01-15,33.44
2004-01-16,35.07
2004-01-20,36.2
2004-01-21,34.58
2004-01-22,34.93
2004-01-23,34.94
2004-01-26,34.47
2004-01-27,34.12
2004-01-28,33.62
2004-01-29,32.81
2004-01-30,33.05
2004-02-02,34.98
2004-02-03,34.1
2004-02-04,33.1
2004-02-05,33.08
2004-02-06,32.48
2004-02-09,32.83
2004-02-10,33.87
2004-02-11,34.0
2004-02-12,33.98
2004-02-13,34.56
2004-02-17,35.19
2004-02-18,35.45
2004-02-19,36.0
2004-02-20,35.6
2004-02-23,34.35
2004-02-24,34.58
2004-02-25,35.68
2004-02-26,35.51
2004-02-27,36.16
2004-03-01,36.86
2004-03-02,36.66
2004-03-03,35.8
2004-03-04,36.64
2004-03-05,37.26
2004-03-08,36.57
2004-03-09,36.28
2004-03-10,36.1
2004-03-11,36.78
2004-03-12,36.19
2004-03-15,37.44
2004-03-16,37.48
2004-03-17,38.18
2004-03-18,37.93
2004-03-19,38.08
2004-03-22,37.11
2004-03-23,37.45
2004-03-24,37.01
2004-03-25,35.51
2004-03-26,35.73
2004-03-29,35.45
2004-03-30,36.25
2004-03-31,35.76
2004-04-01,34.27
2004-04-02,34.39
2004-04-05,34.38
2004-04-06,34.97
2004-04-07,36.15
2004-04-08,37.14
2004-04-12,37.84
2004-04-13,37.21
2004-04-14,36.72
2004-04-15,37.57
2004-04-16,37.74
2004-04-19,37.42
2004-04-20,37.6
2004-04-21,35.73
2004-04-22,36.71
2004-04-23,36.46
2004-04-26,36.97
2004-04-27,37.53
2004-04-28,37.46
2004-04-29,37.31
2004-04-30,37.38
2004-05-03,38.21
2004-05-04,38.98
2004-05-05,39.57
2004-05-06,39.37
2004-05-07,39.93
2004-05-10,38.93
2004-05-11,40.06
2004-05-12,40.77
2004-05-13,41.08
2004-05-14,41.38
2004-05-17,41.55
2004-05-18,40.54
2004-05-19,41.5
2004-05-20,40.92
2004-05-21,39.93
2004-05-24,41.72
2004-05-25,41.14
2004-05-26,40.7
2004-05-27,39.44
2004-05-28,39.88
2004-06-01,42.33
2004-06-02,39.96
2004-06-03,39.28
2004-06-04,38.49
2004-06-07,38.66
2004-06-08,37.28
2004-06-09,37.54
2004-06-10,38.45
2004-06-14,37.59
2004-06-15,37.19
2004-06-16,37.32
2004-06-17,38.46
2004-06-18,38.75
2004-06-21,37.63
2004-06-22,38.11
2004-06-23,37.57
2004-06-24,37.93
2004-06-25,37.55
2004-06-28,36.24
2004-06-29,35.66
2004-06-30,37.05
2004-07-01,38.74
2004-07-02,38.39
2004-07-06,39.65
2004-07-07,39.08
2004-07-08,40.33
2004-07-09,39.96
2004-07-12,39.5
2004-07-13,39.44
2004-07-14,40.97
2004-07-15,40.77
2004-07-16,41.25
2004-07-19,41.64
2004-07-20,40.86
2004-07-21,40.58
2004-07-22,41.36
2004-07-23,41.71
2004-07-26,41.44
2004-07-27,41.84
2004-07-28,42.9
2004-07-29,42.75
2004-07-30,43.8
2004-08-02,43.82
2004-08-03,44.15
2004-08-04,42.83
2004-08-05,44.41
2004-08-06,43.95
2004-08-09,44.84
2004-08-10,44.52
2004-08-11,44.8
2004-08-12,45.5
2004-08-13,46.58
2004-08-16,46.05
2004-08-17,46.75
2004-08-18,47.27
2004-08-19,48.7
2004-08-20,47.86
2004-08-23,46.05
2004-08-24,45.21
2004-08-25,43.47
2004-08-26,43.1
2004-08-27,43.18
2004-08-30,42.28
2004-08-31,42.12
2004-09-01,44.0
2004-09-02,44.06
2004-09-03,43.99
2004-09-07,43.31
2004-09-08,42.77
2004-09-09,44.61
2004-09-10,42.81
2004-09-13,43.87
2004-09-14,44.39
2004-09-15,43.58
2004-09-16,43.88
2004-09-17,45.59
2004-09-20,46.35
2004-09-21,47.1
2004-09-22,48.35
2004-09-23,48.46
2004-09-24,48.88
2004-09-27,49.64
2004-09-28,49.9
2004-09-29,49.51
2004-09-30,49.64
2004-10-01,50.12
2004-10-04,49.91
2004-10-05,51.09
2004-10-06,52.02
2004-10-07,52.67
2004-10-08,53.31
2004-10-11,53.64
2004-10-12,52.51
2004-10-13,53.64
2004-10-14,54.76
2004-10-15,54.93
2004-10-18,53.67
2004-10-19,53.29
2004-10-20,54.92
2004-10-21,54.47
2004-10-22,55.17
2004-10-25,54.54
2004-10-26,55.17
2004-10-27,52.46
2004-10-28,50.92
2004-10-29,51.76
2004-11-01,50.13
2004-11-02,49.62
2004-11-03,50.88
2004-11-04,48.82
2004-11-05,49.61
2004-11-08,49.09
2004-11-09,47.37
2004-11-10,48.86
2004-11-11,47.42
2004-11-12,47.32
2004-11-15,46.87
2004-11-16,46.11
2004-11-17,46.84
2004-11-18,46.22
2004-11-19,48.44
2004-11-22,48.64
2004-11-23,48.94
2004-11-24,49.44
2004-11-29,49.76
2004-11-30,49.13
2004-12-01,45.49
2004-12-02,43.25
2004-12-03,42.54
2004-12-06,42.98
2004-12-07,41.46
2004-12-08,41.94
2004-12-09,42.53
2004-12-10,40.71
2004-12-13,41.01
2004-12-14,41.82
2004-12-15,44.19
2004-12-16,44.18
2004-12-17,46.28
2004-12-20,45.64
2004-12-21,45.76
2004-12-22,44.24
2004-12-23,44.18
2004-12-27,41.32
2004-12-28,41.77
2004-12-29,43.64
2004-12-30,43.45
2005-01-03,42.12
2005-01-04,43.91
2005-01-05,43.39
2005-01-06,45.56
2005-01-07,45.43
2005-01-10,45.33
2005-01-11,45.68
2005-01-12,46.37
2005-01-13,48.04
2005-01-14,48.38
2005-01-18,48.38
2005-01-19,47.55
2005-01-20,46.91
2005-01-21,48.53
2005-01-24,48.81
2005-01-25,49.64
2005-01-26,48.78
2005-01-27,48.84
2005-01-28,47.18
2005-01-31,48.2
2005-02-01,47.12
2005-02-02,46.69
2005-02-03,46.45
2005-02-04,46.48
2005-02-07,45.28
2005-02-08,45.4
2005-02-09,45.46
2005-02-10,47.1
2005-02-11,47.16
2005-02-14,47.44
2005-02-15,47.26
2005-02-16,48.33
2005-02-17,47.54
2005-02-18,48.35
2005-02-22,51.15
2005-02-23,51.17
2005-02-24,51.39
2005-02-25,51.49
2005-02-28,51.75
2005-03-01,51.68
2005-03-02,53.05
2005-03-03,53.57
2005-03-04,53.78
2005-03-07,53.89
2005-03-08,54.59
2005-03-09,54.77
2005-03-10,53.54
2005-03-11,54.43
2005-03-14,54.95
2005-03-15,55.05
2005-03-16,56.46
2005-03-17,56.4
2005-03-18,56.72
2005-03-21,56.62
2005-03-22,56.03
2005-03-23,53.81
2005-03-24,54.84
2005-03-28,54.05
2005-03-29,54.23
2005-03-30,53.99
2005-03-31,55.4
2005-04-01,57.27
2005-04-04,57.01
2005-04-05,56.04
2005-04-06,55.85
2005-04-07,54.11
2005-04-08,53.32
2005-04-11,53.71
2005-04-12,51.86
2005-04-13,50.22
2005-04-14,51.13
2005-04-15,50.49
2005-04-18,50.37
2005-04-19,52.29
2005-04-20,52.44
2005-04-21,54.2
2005-04-22,55.39
2005-04-25,54.57
2005-04-26,54.2
2005-04-27,51.61
2005-04-28,51.77
2005-04-29,49.72
2005-05-02,50.92
2005-05-03,49.5
2005-05-04,50.13
2005-05-05,50.83
2005-05-06,50.96
2005-05-09,52.03
2005-05-10,52.07
2005-05-11,50.45
2005-05-12,48.54
2005-05-13,48.67
2005-05-16,48.61
2005-05-17,48.97
2005-05-18,47.25
2005-05-19,46.92
2005-05-20,46.8
2005-05-23,49.16
2005-05-24,49.67
2005-05-25,50.98
2005-05-26,51.01
2005-05-27,51.85
2005-05-31,51.97
2005-06-01,54.6
2005-06-02,53.63
2005-06-03,55.03
2005-06-06,54.49
2005-06-07,53.76
2005-06-08,52.54
2005-06-09,54.28
2005-06-10,53.54
2005-06-13,55.62
2005-06-14,55.0
2005-06-15,55.57
2005-06-16,56.58
2005-06-17,58.47
2005-06-20,59.37
2005-06-21,58.9
2005-06-22,58.09
2005-06-23,59.42
2005-06-24,59.84
2005-06-27,60.54
2005-06-28,58.2
2005-06-29,57.26
2005-06-30,56.5
2005-07-01,58.75
2005-07-05,59.59
2005-07-06,61.28
2005-07-07,60.73
2005-07-08,59.63
2005-07-11,58.92
2005-07-12,60.62
2005-07-13,60.01
2005-07-14,57.8
2005-07-15,58.09
2005-07-18,57.32
2005-07-19,57.46
2005-07-20,56.72
2005-07-21,57.13
2005-07-22,58.65
2005-07-25,59.0
2005-07-26,59.2
2005-07-27,59.11
2005-07-28,59.94
2005-07-29,60.57
2005-08-01,61.57
2005-08-02,61.89
2005-08-03,60.86
2005-08-04,61.38
2005-08-05,62.31
2005-08-08,63.94
2005-08-09,63.07
2005-08-10,64.9
2005-08-11,65.8
2005-08-12,66.86
2005-08-15,66.27
2005-08-16,66.08
2005-08-17,63.25
2005-08-18,63.27
2005-08-19,65.35
2005-08-22,65.45
2005-08-23,65.71
2005-08-24,67.32
2005-08-25,67.49
2005-08-26,66.13
2005-08-29,67.2
2005-08-30,69.81
2005-08-31,68.94
2005-09-01,69.47
2005-09-02,67.57
2005-09-06,65.96
2005-09-07,64.37
2005-09-08,64.49
2005-09-09,64.08
2005-09-12,63.34
2005-09-13,63.11
2005-09-14,65.09
2005-09-15,64.75
2005-09-16,63.0
2005-09-19,67.39
2005-09-20,66.23
2005-09-21,66.8
2005-09-22,66.5
2005-09-23,64.19
2005-09-26,65.82
2005-09-27,65.07
2005-09-28,66.35
2005-09-29,66.79
2005-09-30,66.24
2005-10-03,65.47
2005-10-04,63.9
2005-10-05,62.79
2005-10-06,61.36
2005-10-07,61.84
2005-10-10,61.8
2005-10-11,63.53
2005-10-12,64.12
2005-10-13,63.08
2005-10-14,62.63
2005-10-17,64.36
2005-10-18,63.2
2005-10-19,62.41
2005-10-20,61.03
2005-10-21,60.63
2005-10-24,60.32
2005-10-25,62.44
2005-10-26,60.66
2005-10-27,61.09
2005-10-28,61.22
2005-10-31,59.76
2005-11-01,59.85
2005-11-02,59.75
2005-11-03,61.78
2005-11-04,60.58
2005-11-07,59.47
2005-11-08,59.71
2005-11-09,58.93
2005-11-10,57.8
2005-11-11,57.53
2005-11-14,57.69
2005-11-15,56.98
2005-11-16,57.88
2005-11-17,56.34
2005-11-18,56.14
2005-11-21,57.7
2005-11-22,58.84
2005-11-23,58.71
2005-11-28,57.36
2005-11-29,56.5
2005-11-30,57.32
2005-12-01,58.47
2005-12-02,59.32
2005-12-05,59.91
2005-12-06,59.94
2005-12-07,59.21
2005-12-08,60.66
2005-12-09,59.39
2005-12-12,61.3
2005-12-13,61.37
2005-12-14,60.85
2005-12-15,59.99
2005-12-16,58.06
2005-12-19,57.34
2005-12-20,57.98
2005-12-21,58.56
2005-12-22,58.28
2005-12-23,58.43
2005-12-27,58.16
2005-12-28,59.82
2005-12-29,60.32
2005-12-30,61.04
2006-01-03,63.14
2006-01-04,63.42
2006-01-05,62.79
2006-01-06,64.21
2006-01-09,63.5
2006-01-10,63.37
2006-01-11,63.94
2006-01-12,63.94
2006-01-13,63.92
2006-01-17,66.31
2006-01-18,65.73
2006-01-19,66.83
2006-01-20,68.35
2006-01-23,68.1
2006-01-24,67.06
2006-01-25,65.85
2006-01-26,66.26
2006-01-27,67.76
2006-01-30,68.35
2006-01-31,67.92
2006-02-01,66.56
2006-02-02,64.68
2006-02-03,65.37
2006-02-06,65.11
2006-02-07,63.09
2006-02-08,62.55
2006-02-09,62.62
2006-02-10,61.84
2006-02-13,61.24
2006-02-14,59.57
2006-02-15,57.65
2006-02-16,58.46
2006-02-17,59.88
2006-02-21,61.1
2006-02-22,61.01
2006-02-23,60.54
2006-02-24,62.91
2006-02-27,61.0
2006-02-28,61.41
2006-03-01,61.97
2006-03-02,63.36
2006-03-03,63.67
2006-03-06,62.41
2006-03-07,61.58
2006-03-08,60.02
2006-03-09,60.47
2006-03-10,59.96
2006-03-13,61.77
2006-03-14,63.1
2006-03-15,62.17
2006-03-16,63.58
2006-03-17,62.77
2006-03-20,60.42
2006-03-21,60.57
2006-03-22,61.77
2006-03-23,63.91
2006-03-24,64.26
2006-03-27,64.16
2006-03-28,66.07
2006-03-29,66.45
2006-03-30,67.15
2006-03-31,66.63
2006-04-03,66.74
2006-04-04,66.23
2006-04-05,67.07
2006-04-06,67.94
2006-04-07,67.39
2006-04-10,68.74
2006-04-11,68.98
2006-04-12,68.62
2006-04-13,69.32
2006-04-17,70.4
2006-04-18,71.35
2006-04-19,72.17
2006-04-20,71.95
2006-04-21,75.17
2006-04-24,73.33
2006-04-25,72.88
2006-04-26,71.93
2006-04-27,70.97
2006-04-28,71.88
2006-05-01,73.7
2006-05-02,74.61
2006-05-03,72.28
2006-05-04,69.94
2006-05-05,70.19
2006-05-08,69.77
2006-05-09,70.69
2006-05-10,72.13
2006-05-11,73.32
2006-05-12,72.04
2006-05-15,69.41
2006-05-16,69.53
2006-05-17,68.69
2006-05-18,69.45
2006-05-19,68.53
2006-05-22,69.23
2006-05-23,71.76
2006-05-24,69.86
2006-05-25,71.32
2006-05-26,71.37
2006-05-30,72.03
2006-05-31,71.29
2006-06-01,70.34
2006-06-02,72.33
2006-06-05,72.6
2006-06-06,72.5
2006-06-07,70.82
2006-06-08,70.35
2006-06-09,71.63
2006-06-12,70.36
2006-06-13,68.56
2006-06-14,69.14
2006-06-15,69.5
2006-06-16,69.88
2006-06-19,68.98
2006-06-20,68.94
2006-06-21,70.33
2006-06-22,70.84
2006-06-23,70.87
2006-06-26,71.8
2006-06-27,71.92
2006-06-28,72.19
2006-06-29,73.52
2006-06-30,73.93
2006-07-03,73.93
2006-07-05,75.19
2006-07-06,75.14
2006-07-07,74.09
2006-07-10,73.61
2006-07-11,74.16
2006-07-12,74.95
2006-07-13,76.7
2006-07-14,77.03
2006-07-17,75.3
2006-07-18,73.54
2006-07-19,72.66
2006-07-20,73.08
2006-07-21,74.43
2006-07-24,75.05
2006-07-25,73.75
2006-07-26,73.94
2006-07-27,74.54
2006-07-28,73.24
2006-07-31,74.4
2006-08-01,74.91
2006-08-02,75.81
2006-08-03,75.46
2006-08-04,74.76
2006-08-07,76.98
2006-08-08,76.31
2006-08-09,76.35
2006-08-10,74.0
2006-08-11,74.35
2006-08-14,73.53
2006-08-15,73.05
2006-08-16,71.89
2006-08-17,70.06
2006-08-18,71.14
2006-08-21,72.45
2006-08-22,72.63
2006-08-23,71.76
2006-08-24,72.36
2006-08-25,72.51
2006-08-28,70.61
2006-08-29,69.71
2006-08-30,70.03
2006-08-31,70.26
2006-09-01,69.19
2006-09-05,68.6
2006-09-06,67.5
2006-09-07,67.32
2006-09-08,66.25
2006-09-11,65.61
2006-09-12,63.76
2006-09-13,63.97
2006-09-14,63.22
2006-09-15,63.33
2006-09-18,63.8
2006-09-19,61.66
2006-09-20,60.46
2006-09-21,61.59
2006-09-22,60.55
2006-09-25,61.45
2006-09-26,61.01
2006-09-27,62.96
2006-09-28,62.76
2006-09-29,62.91
2006-10-02,61.03
2006-10-03,58.68
2006-10-04,59.41
2006-10-05,60.03
2006-10-06,59.76
2006-10-09,59.96
2006-10-10,58.52
2006-10-11,57.59
2006-10-12,57.86
2006-10-13,58.57
2006-10-16,59.94
2006-10-17,58.93
2006-10-18,57.65
2006-10-19,58.5
2006-10-20,56.82
2006-10-23,58.81
2006-10-24,59.35
2006-10-25,61.4
2006-10-26,60.36
2006-10-27,60.75
2006-10-30,58.36
2006-10-31,58.73
2006-11-01,58.71
2006-11-02,57.88
2006-11-03,59.14
2006-11-06,60.02
2006-11-07,58.93
2006-11-08,59.83
2006-11-09,61.16
2006-11-10,59.59
2006-11-13,58.58
2006-11-14,58.28
2006-11-15,58.76
2006-11-16,56.26
2006-11-17,55.81
2006-11-20,58.8
2006-11-21,60.17
2006-11-22,59.24
2006-11-24,59.24
2006-11-27,60.32
2006-11-28,60.99
2006-11-29,62.46
2006-11-30,63.13
2006-12-01,63.43
2006-12-04,62.44
2006-12-05,62.43
2006-12-06,62.19
2006-12-07,62.49
2006-12-08,62.03
2006-12-11,61.22
2006-12-12,61.02
2006-12-13,61.37
2006-12-14,62.51
2006-12-15,63.43
2006-12-18,62.21
2006-12-19,63.15
2006-12-20,63.72
2006-12-21,62.66
2006-12-22,62.41
2006-12-26,61.1
2006-12-27,60.34
2006-12-28,60.53
2006-12-29,61.05
2007-01-02,61.05
2007-01-03,58.32
2007-01-04,55.59
2007-01-05,56.31
2007-01-08,56.09
2007-01-09,55.64
2007-01-10,54.02
2007-01-11,51.88
2007-01-12,52.99
2007-01-16,51.21
2007-01-17,52.24
2007-01-18,50.48
2007-01-19,51.99
2007-01-22,51.13
2007-01-23,55.04
2007-01-24,55.37
2007-01-25,54.23
2007-01-26,55.42
2007-01-29,54.01
2007-01-30,56.97
2007-01-31,58.14
2007-02-01,57.3
2007-02-02,59.02
2007-02-05,58.74
2007-02-06,58.88
2007-02-07,57.71
2007-02-08,59.71
2007-02-09,59.89
2007-02-12,57.81
2007-02-13,59.06
2007-02-14,58.0
2007-02-15,57.99
2007-02-16,59.39
2007-02-20,58.07
2007-02-21,60.07
2007-02-22,60.95
2007-02-23,61.14
2007-02-26,61.39
2007-02-27,61.46
2007-02-28,61.79
2007-03-01,62.0
2007-03-02,61.64
2007-03-05,60.07
2007-03-06,60.69
2007-03-07,61.82
2007-03-08,61.64
2007-03-09,60.05
2007-03-12,58.91
2007-03-13,57.93
2007-03-14,58.16
2007-03-15,57.55
2007-03-16,57.11
2007-03-19,56.59
2007-03-20,56.73
2007-03-21,59.61
2007-03-22,61.69
2007-03-23,62.28
2007-03-26,62.91
2007-03-27,62.93
2007-03-28,64.08
2007-03-29,66.03
2007-03-30,65.87
2007-04-02,65.94
2007-04-03,64.64
2007-04-04,64.38
2007-04-05,64.28
2007-04-09,61.51
2007-04-10,61.89
2007-04-11,62.01
2007-04-12,63.85
2007-04-13,63.63
2007-04-16,63.61
2007-04-17,63.1
2007-04-18,63.13
2007-04-19,61.83
2007-04-20,63.38
2007-04-23,65.89
2007-04-24,64.58
2007-04-25,65.84
2007-04-26,65.06
2007-04-27,66.46
2007-04-30,65.71
2007-05-01,64.4
2007-05-02,63.68
2007-05-03,63.19
2007-05-04,61.93
2007-05-07,61.47
2007-05-08,62.26
2007-05-09,61.55
2007-05-10,61.81
2007-05-11,62.37
2007-05-14,62.46
2007-05-15,63.17
2007-05-16,62.55
2007-05-17,64.86
2007-05-18,64.94
2007-05-21,66.27
2007-05-22,64.97
2007-05-23,65.77
2007-05-24,64.18
2007-05-25,65.2
2007-05-29,63.15
2007-05-30,63.49
2007-05-31,64.01
2007-06-01,65.08
2007-06-04,66.21
2007-06-05,65.61
2007-06-06,65.96
2007-06-07,66.93
2007-06-08,64.76
2007-06-11,65.97
2007-06-12,65.35
2007-06-13,66.26
2007-06-14,67.65
2007-06-15,68.0
2007-06-18,69.09
2007-06-19,69.1
2007-06-20,68.19
2007-06-21,68.65
2007-06-22,69.14
2007-06-25,69.18
2007-06-26,67.77
2007-06-27,68.97
2007-06-28,69.57
2007-06-29,70.68
2007-07-02,71.09
2007-07-03,71.41
2007-07-05,71.81
2007-07-06,72.81
2007-07-09,72.19
2007-07-10,72.81
2007-07-11,72.56
2007-07-12,72.5
2007-07-13,73.93
2007-07-16,74.15
2007-07-17,74.02
2007-07-18,75.05
2007-07-19,75.92
2007-07-20,75.57
2007-07-23,74.89
2007-07-24,73.56
2007-07-25,75.88
2007-07-26,74.95
2007-07-27,77.02
2007-07-30,76.83
2007-07-31,78.21
2007-08-01,76.53
2007-08-02,76.86
2007-08-03,75.48
2007-08-06,72.06
2007-08-07,72.42
2007-08-08,72.15
2007-08-09,71.59
2007-08-10,71.47
2007-08-13,71.62
2007-08-14,72.38
2007-08-15,73.33
2007-08-16,71.0
2007-08-17,71.98
2007-08-20,71.12
2007-08-21,69.47
2007-08-22,69.26
2007-08-23,69.83
2007-08-24,71.09
2007-08-27,71.97
2007-08-28,71.73
2007-08-29,73.51
2007-08-30,73.36
2007-08-31,74.04
2007-09-04,75.08
2007-09-05,75.73
2007-09-06,76.3
2007-09-07,76.7
2007-09-10,77.49
2007-09-11,78.23
2007-09-12,79.91
2007-09-13,80.09
2007-09-14,79.1
2007-09-17,80.57
2007-09-18,81.51
2007-09-19,81.93
2007-09-20,83.32
2007-09-21,81.62
2007-09-24,80.95
2007-09-25,79.53
2007-09-26,80.3
2007-09-27,82.88
2007-09-28,81.66
2007-10-01,80.24
2007-10-02,80.05
2007-10-03,79.94
2007-10-04,81.44
2007-10-05,81.22
2007-10-08,79.02
2007-10-09,80.26
2007-10-10,81.3
2007-10-11,83.08
2007-10-12,83.69
2007-10-15,86.13
2007-10-16,87.61
2007-10-17,87.4
2007-10-18,89.47
2007-10-19,88.6
2007-10-22,87.56
2007-10-23,85.27
2007-10-24,87.1
2007-10-25,90.46
2007-10-26,91.86
2007-10-29,93.53
2007-10-30,90.38
2007-10-31,94.53
2007-11-01,93.49
2007-11-02,95.93
2007-11-05,93.98
2007-11-06,96.7
2007-11-07,96.37
2007-11-08,95.46
2007-11-09,96.32
2007-11-12,94.62
2007-11-13,91.17
2007-11-14,94.09
2007-11-15,93.43
2007-11-16,95.1
2007-11-19,94.64
2007-11-20,98.03
2007-11-21,97.29
2007-11-23,98.18
2007-11-26,97.7
2007-11-27,94.42
2007-11-28,90.62
2007-11-29,91.01
2007-11-30,88.71
2007-12-03,89.31
2007-12-04,88.32
2007-12-05,87.49
2007-12-06,90.23
2007-12-07,88.28
2007-12-10,87.86
2007-12-11,90.02
2007-12-12,94.39
2007-12-13,92.25
2007-12-14,91.27
2007-12-17,90.63
2007-12-18,90.49
2007-12-19,91.24
2007-12-20,91.06
2007-12-21,93.31
2007-12-24,94.13
2007-12-26,95.97
2007-12-27,96.62
2007-12-28,96.0
2007-12-31,95.98
2008-01-02,99.62
2008-01-03,99.18
2008-01-04,97.91
2008-01-07,95.09
2008-01-08,96.33
2008-01-09,95.67
2008-01-10,93.71
2008-01-11,92.69
2008-01-14,94.2
2008-01-15,91.9
2008-01-16,90.84
2008-01-17,90.13
2008-01-18,90.57
2008-01-22,89.85
2008-01-23,86.99
2008-01-24,89.41
2008-01-25,90.71
2008-01-28,90.99
2008-01-29,91.64
2008-01-30,92.33
2008-01-31,91.75
2008-02-01,88.96
2008-02-04,90.02
2008-02-05,88.41
2008-02-06,87.14
2008-02-07,88.11
2008-02-08,91.77
2008-02-11,93.59
2008-02-12,92.78
2008-02-13,93.27
2008-02-14,95.46
2008-02-15,95.5
2008-02-19,100.01
2008-02-20,100.74
2008-02-21,98.23
2008-02-22,98.81
2008-02-25,99.23
2008-02-26,100.88
2008-02-27,99.64
2008-02-28,102.59
2008-02-29,101.84
2008-03-03,102.45
2008-03-04,99.52
2008-03-05,104.52
2008-03-06,105.47
2008-03-07,105.15
2008-03-10,107.9
2008-03-11,108.75
2008-03-12,109.92
2008-03-13,110.33
2008-03-14,110.21
2008-03-17,105.68
2008-03-18,109.42
2008-03-19,104.48
2008-03-20,101.84
2008-03-24,100.86
2008-03-25,101.22
2008-03-26,105.9
2008-03-27,107.58
2008-03-28,105.62
2008-03-31,101.58
2008-04-01,100.98
2008-04-02,104.83
2008-04-03,103.83
2008-04-04,106.23
2008-04-07,109.09
2008-04-08,108.5
2008-04-09,110.87
2008-04-10,110.11
2008-04-11,110.14
2008-04-14,111.76
2008-04-15,113.79
2008-04-16,114.93
2008-04-17,114.86
2008-04-18,116.69
2008-04-21,117.48
2008-04-22,119.37
2008-04-23,118.3
2008-04-24,116.06
2008-04-25,118.52
2008-04-28,118.75
2008-04-29,115.63
2008-04-30,113.46
2008-05-01,112.52
2008-05-02,116.32
2008-05-05,119.97
2008-05-06,121.84
2008-05-07,123.53
2008-05-08,123.69
2008-05-09,125.96
2008-05-12,124.23
2008-05-13,125.8
2008-05-14,124.22
2008-05-15,124.12
2008-05-16,126.29
2008-05-19,127.05
2008-05-20,129.07
2008-05-21,133.17
2008-05-22,130.81
2008-05-23,132.19
2008-05-27,128.85
2008-05-28,131.03
2008-05-29,126.62
2008-05-30,127.35
2008-06-02,127.76
2008-06-03,124.31
2008-06-04,122.3
2008-06-05,127.79
2008-06-06,138.54
2008-06-09,134.35
2008-06-10,131.31
2008-06-11,136.38
2008-06-12,136.74
2008-06-13,134.86
2008-06-16,134.61
2008-06-17,134.01
2008-06-18,136.68
2008-06-19,131.93
2008-06-20,134.62
2008-06-23,136.74
2008-06-24,137.0
2008-06-25,134.55
2008-06-26,139.64
2008-06-27,140.21
2008-06-30,140.0
2008-07-01,140.97
2008-07-02,143.57
2008-07-03,145.29
2008-07-07,141.37
2008-07-08,136.04
2008-07-09,136.05
2008-07-10,141.65
2008-07-11,145.08
2008-07-14,145.18
2008-07-15,138.74
2008-07-16,134.6
2008-07-17,129.29
2008-07-18,128.88
2008-07-21,131.04
2008-07-22,127.95
2008-07-23,124.44
2008-07-24,125.49
2008-07-25,123.26
2008-07-28,124.73
2008-07-29,122.19
2008-07-30,126.77
2008-07-31,124.08
2008-08-01,125.1
2008-08-04,121.41
2008-08-05,119.17
2008-08-06,118.58
2008-08-07,120.02
2008-08-08,115.2
2008-08-11,114.45
2008-08-12,113.01
2008-08-13,116.0
2008-08-14,115.01
2008-08-15,113.77
2008-08-18,112.87
2008-08-19,114.53
2008-08-20,114.98
2008-08-21,121.18
2008-08-22,114.59
2008-08-25,115.11
2008-08-26,116.27
2008-08-27,118.15
2008-08-28,115.59
2008-08-29,115.46
2008-09-02,109.71
2008-09-03,109.35
2008-09-04,107.89
2008-09-05,106.23
2008-09-08,106.34
2008-09-09,103.26
2008-09-10,102.58
2008-09-11,100.87
2008-09-12,101.18
2008-09-15,95.71
2008-09-16,91.15
2008-09-17,97.16
2008-09-18,97.88
2008-09-19,104.55
2008-09-22,120.92
2008-09-23,106.61
2008-09-24,105.73
2008-09-25,108.02
2008-09-26,106.89
2008-09-29,96.37
2008-09-30,100.64
2008-10-01,98.53
2008-10-02,93.97
2008-10-03,93.88
2008-10-06,87.81
2008-10-07,90.06
2008-10-08,88.95
2008-10-09,86.59
2008-10-10,77.7
2008-10-13,81.19
2008-10-14,78.63
2008-10-15,74.54
2008-10-16,69.85
2008-10-17,71.85
2008-10-20,74.25
2008-10-21,70.89
2008-10-22,66.75
2008-10-23,67.84
2008-10-24,64.15
2008-10-27,63.22
2008-10-28,62.73
2008-10-29,67.5
2008-10-30,65.96
2008-10-31,67.81
2008-11-03,63.91
2008-11-04,70.53
2008-11-05,65.3
2008-11-06,60.77
2008-11-07,61.04
2008-11-10,62.41
2008-11-11,59.33
2008-11-12,56.16
2008-11-13,58.24
2008-11-14,57.04
2008-11-17,54.95
2008-11-18,54.39
2008-11-19,53.62
2008-11-20,49.62
2008-11-21,49.93
2008-11-24,54.5
2008-11-25,50.77
2008-11-26,54.44
2008-11-28,54.43
2008-12-01,49.28
2008-12-02,46.96
2008-12-03,46.79
2008-12-04,43.67
2008-12-05,40.81
2008-12-08,43.71
2008-12-09,42.07
2008-12-10,43.52
2008-12-11,47.98
2008-12-12,46.28
2008-12-15,44.51
2008-12-16,43.6
2008-12-17,40.06
2008-12-18,36.22
2008-12-19,33.87
2008-12-22,39.91
2008-12-23,38.98
2008-12-24,35.35
2008-12-26,37.71
2008-12-29,40.02
2008-12-30,39.03
2008-12-31,44.6
2009-01-02,46.34
2009-01-05,48.81
2009-01-06,48.58
2009-01-07,42.63
2009-01-08,41.7
2009-01-09,40.83
2009-01-12,37.59
2009-01-13,37.78
2009-01-14,37.28
2009-01-15,35.4
2009-01-16,36.51
2009-01-20,38.74
2009-01-21,43.55
2009-01-22,43.67
2009-01-23,46.47
2009-01-26,45.73
2009-01-27,41.58
2009-01-28,42.16
2009-01-29,41.44
2009-01-30,41.68
2009-02-02,40.08
2009-02-03,40.78
2009-02-04,40.32
2009-02-05,41.17
2009-02-06,40.17
2009-02-09,39.56
2009-02-10,37.55
2009-02-11,35.94
2009-02-12,33.98
2009-02-13,37.51
2009-02-17,34.93
2009-02-18,34.62
2009-02-19,39.48
2009-02-20,38.94
2009-02-23,38.44
2009-02-24,39.96
2009-02-25,42.5
2009-02-26,45.22
2009-02-27,44.76
2009-03-02,40.15
2009-03-03,41.65
2009-03-04,45.38
2009-03-05,43.61
2009-03-06,45.52
2009-03-09,47.07
2009-03-10,45.71
2009-03-11,42.33
2009-03-12,47.03
2009-03-13,46.25
2009-03-16,47.35
2009-03-17,49.16
2009-03-18,48.14
2009-03-19,51.61
2009-03-20,51.06
2009-03-23,53.8
2009-03-24,53.98
2009-03-25,52.77
2009-03-26,54.34
2009-03-27,52.38
2009-03-30,48.41
2009-03-31,49.66
2009-04-01,48.39
2009-04-02,52.64
2009-04-03,52.51
2009-04-06,51.05
2009-04-07,49.15
2009-04-08,49.38
2009-04-09,52.24
2009-04-13,50.05
2009-04-14,49.41
2009-04-15,49.25
2009-04-16,49.98
2009-04-17,50.33
2009-04-20,45.88
2009-04-21,46.51
2009-04-22,48.85
2009-04-23,49.62
2009-04-24,51.55
2009-04-27,50.14
2009-04-28,49.92
2009-04-29,50.97
2009-04-30,51.12
2009-05-01,53.2
2009-05-04,54.47
2009-05-05,53.84
2009-05-06,56.34
2009-05-07,56.71
2009-05-08,58.63
2009-05-11,58.5
2009-05-12,58.85
2009-05-13,58.02
2009-05-14,58.62
2009-05-15,56.34
2009-05-18,59.03
2009-05-19,59.65
2009-05-20,62.04
2009-05-21,61.05
2009-05-22,61.67
2009-05-26,62.45
2009-05-27,63.45
2009-05-28,65.08
2009-05-29,66.31
2009-06-01,68.58
2009-06-02,68.55
2009-06-03,66.12
2009-06-04,68.81
2009-06-05,68.44
2009-06-08,68.09
2009-06-09,70.01
2009-06-10,71.33
2009-06-11,72.68
2009-06-12,72.04
2009-06-15,70.62
2009-06-16,70.47
2009-06-17,71.03
2009-06-18,71.37
2009-06-19,69.55
2009-06-22,66.93
2009-06-23,69.24
2009-06-24,68.67
2009-06-25,70.23
2009-06-26,69.16
2009-06-29,71.49
2009-06-30,69.89
2009-07-01,69.31
2009-07-02,66.73
2009-07-06,64.05
2009-07-07,62.93
2009-07-08,60.14
2009-07-09,60.41
2009-07-10,59.89
2009-07-13,59.69
2009-07-14,59.52
2009-07-15,61.54
2009-07-16,62.02
2009-07-17,63.56
2009-07-20,63.98
2009-07-21,64.72
2009-07-22,65.4
2009-07-23,67.16
2009-07-24,68.05
2009-07-27,68.38
2009-07-28,67.23
2009-07-29,63.35
2009-07-30,66.94
2009-07-31,69.45
2009-08-03,71.58
2009-08-04,71.42
2009-08-05,71.97
2009-08-06,71.94
2009-08-07,70.93
2009-08-10,70.6
2009-08-11,69.45
2009-08-12,70.16
2009-08-13,70.52
2009-08-14,67.51
2009-08-17,66.75
2009-08-18,69.19
2009-08-19,72.42
2009-08-20,72.54
2009-08-21,73.89
2009-08-24,74.37
2009-08-25,72.05
2009-08-26,71.43
2009-08-27,72.49
2009-08-28,72.74
2009-08-31,69.96
2009-09-01,68.05
2009-09-02,68.05
2009-09-03,67.96
2009-09-04,68.02
2009-09-08,71.1
2009-09-09,71.31
2009-09-10,71.94
2009-09-11,69.29
2009-09-14,68.86
2009-09-15,70.93
2009-09-16,72.51
2009-09-17,72.47
2009-09-18,72.04
2009-09-21,69.71
2009-09-22,71.55
2009-09-23,68.97
2009-09-24,65.89
2009-09-25,66.02
2009-09-28,66.84
2009-09-29,66.71
2009-09-30,70.61
2009-10-01,70.82
2009-10-02,69.95
2009-10-05,70.41
2009-10-06,70.88
2009-10-07,69.57
2009-10-08,71.69
2009-10-09,71.77
2009-10-12,73.27
2009-10-13,74.15
2009-10-14,75.18
2009-10-15,77.58
2009-10-16,78.53
2009-10-19,79.61
2009-10-20,79.09
2009-10-21,81.37
2009-10-22,81.19
2009-10-23,80.5
2009-10-26,78.68
2009-10-27,79.55
2009-10-28,77.46
2009-10-29,79.87
2009-10-30,77.0
2009-11-02,78.13
2009-11-03,79.6
2009-11-04,80.4
2009-11-05,79.62
2009-11-06,77.43
2009-11-09,79.43
2009-11-10,79.05
2009-11-11,79.28
2009-11-12,76.94
2009-11-13,76.35
2009-11-16,78.9
2009-11-17,79.14
2009-11-18,79.58
2009-11-19,77.46
2009-11-20,76.72
2009-11-23,77.56
2009-11-24,76.02
2009-11-25,77.96
2009-11-27,76.05
2009-11-30,77.28
2009-12-01,78.37
2009-12-02,76.6
2009-12-03,76.46
2009-12-04,75.47
2009-12-07,73.93
2009-12-08,72.62
2009-12-09,70.67
2009-12-10,70.54
2009-12-11,69.87
2009-12-14,69.51
2009-12-15,70.69
2009-12-16,72.66
2009-12-17,72.65
2009-12-18,73.36
2009-12-21,72.47
2009-12-22,74.4
2009-12-23,76.67
2009-12-24,78.05
2009-12-28,78.77
2009-12-29,78.87
2009-12-30,79.28
2009-12-31,79.36
2010-01-04,81.51
2010-01-05,81.77
2010-01-06,83.18
2010-01-07,82.66
2010-01-08,82.75
2010-01-11,82.52
2010-01-12,80.79
2010-01-13,79.65
2010-01-14,79.39
2010-01-15,78.0
2010-01-19,79.02
2010-01-20,77.62
2010-01-21,76.08
2010-01-22,74.54
2010-01-25,75.26
2010-01-26,74.71
2010-01-27,73.67
2010-01-28,73.64
2010-01-29,72.89
2010-02-01,74.43
2010-02-02,77.23
2010-02-03,76.98
2010-02-04,73.14
2010-02-05,71.19
2010-02-08,71.89
2010-02-09,73.75
2010-02-10,74.52
2010-02-11,75.28
2010-02-12,74.13
2010-02-16,77.01
2010-02-17,77.33
2010-02-18,79.06
2010-02-19,79.81
2010-02-22,80.16
2010-02-23,78.86
2010-02-24,80.0
2010-02-25,78.17
2010-02-26,79.66
2010-03-01,78.7
2010-03-02,79.68
2010-03-03,80.87
2010-03-04,80.21
2010-03-05,81.5
2010-03-08,81.87
2010-03-09,81.49
2010-03-10,82.09
2010-03-11,82.11
2010-03-12,81.24
2010-03-15,79.8
2010-03-16,81.7
2010-03-17,82.93
2010-03-18,82.2
2010-03-19,80.68
2010-03-22,81.25
2010-03-23,81.91
2010-03-24,80.61
2010-03-25,80.53
2010-03-26,80.0
2010-03-29,82.17
2010-03-30,82.37
2010-03-31,83.76
2010-04-01,84.87
2010-04-05,86.62
2010-04-06,86.84
2010-04-07,85.88
2010-04-08,85.39
2010-04-09,84.92
2010-04-12,84.34
2010-04-13,84.05
2010-04-14,85.84
2010-04-15,85.51
2010-04-16,83.24
2010-04-19,81.45
2010-04-20,83.45
2010-04-21,83.68
2010-04-22,83.7
2010-04-23,85.12
2010-04-26,84.2
2010-04-27,82.44
2010-04-28,83.22
2010-04-29,85.17
2010-04-30,86.15
2010-05-03,86.19
2010-05-04,82.74
2010-05-05,79.97
2010-05-06,77.11
2010-05-07,75.11
2010-05-10,76.8
2010-05-11,76.37
2010-05-12,75.65
2010-05-13,74.4
2010-05-14,71.61
2010-05-17,70.08
2010-05-18,69.41
2010-05-19,69.87
2010-05-20,68.01
2010-05-21,70.04
2010-05-24,70.21
2010-05-25,68.75
2010-05-26,71.51
2010-05-27,74.55
2010-05-28,73.97
2010-06-01,72.58
2010-06-02,72.86
2010-06-03,74.61
2010-06-04,71.51
2010-06-07,71.44
2010-06-08,71.99
2010-06-09,74.38
2010-06-10,75.48
2010-06-11,73.78
2010-06-14,75.12
2010-06-15,76.94
2010-06-16,77.67
2010-06-17,76.79
2010-06-18,77.18
2010-06-21,77.82
2010-06-22,77.21
2010-06-23,76.35
2010-06-24,76.51
2010-06-25,78.86
2010-06-28,78.25
2010-06-29,75.94
2010-06-30,75.63
2010-07-01,72.95
2010-07-02,72.14
2010-07-06,71.98
2010-07-07,74.07
2010-07-08,75.44
2010-07-09,76.09
2010-07-12,74.95
2010-07-13,77.15
2010-07-14,77.04
2010-07-15,76.62
2010-07-16,76.01
2010-07-19,76.54
2010-07-20,77.44
2010-07-21,76.56
2010-07-22,79.3
2010-07-23,78.98
2010-07-26,78.98
2010-07-27,77.5
2010-07-28,76.99
2010-07-29,78.36
2010-07-30,78.95
2010-08-02,81.34
2010-08-03,82.55
2010-08-04,82.47
2010-08-05,82.01
2010-08-06,80.7
2010-08-09,81.48
2010-08-10,80.25
2010-08-11,78.02
2010-08-12,75.74
2010-08-13,75.39
2010-08-16,75.24
2010-08-17,75.77
2010-08-18,75.42
2010-08-19,74.43
2010-08-20,73.46
2010-08-23,73.1
2010-08-24,71.63
2010-08-25,72.52
2010-08-26,73.36
2010-08-27,75.17
2010-08-30,74.7
2010-08-31,71.92
2010-09-01,73.91
2010-09-02,75.02
2010-09-03,74.6
2010-09-07,74.09
2010-09-08,74.67
2010-09-09,74.25
2010-09-10,76.45
2010-09-13,77.19
2010-09-14,76.8
2010-09-15,76.02
2010-09-16,74.57
2010-09-17,73.66
2010-09-20,74.86
2010-09-21,73.52
2010-09-22,74.71
2010-09-23,75.18
2010-09-24,76.49
2010-09-27,76.52
2010-09-28,76.18
2010-09-29,77.86
2010-09-30,79.97
2010-10-01,81.58
2010-10-04,81.47
2010-10-05,82.82
2010-10-06,83.23
2010-10-07,81.67
2010-10-08,82.66
2010-10-11,82.21
2010-10-12,81.67
2010-10-13,83.01
2010-10-14,82.69
2010-10-15,81.25
2010-10-18,83.08
2010-10-19,79.49
2010-10-20,81.77
2010-10-21,80.56
2010-10-22,81.69
2010-10-25,82.52
2010-10-26,82.55
2010-10-27,81.94
2010-10-28,82.18
2010-10-29,81.43
2010-11-01,82.95
2010-11-02,83.9
2010-11-03,84.69
2010-11-04,86.49
2010-11-05,86.85
2010-11-08,87.06
2010-11-09,86.72
2010-11-10,87.81
2010-11-11,87.81
2010-11-12,84.88
2010-11-15,84.86
2010-11-16,82.34
2010-11-17,80.44
2010-11-18,81.85
2010-11-19,81.51
2010-11-22,81.74
2010-11-23,81.25
2010-11-24,83.86
2010-11-26,83.76
2010-11-29,85.73
2010-11-30,84.11
2010-12-01,86.75
2010-12-02,88.0
2010-12-03,89.19
2010-12-06,89.38
2010-12-07,88.69
2010-12-08,88.28
2010-12-09,88.37
2010-12-10,87.79
2010-12-13,88.61
2010-12-14,88.28
2010-12-15,88.62
2010-12-16,87.7
2010-12-17,88.02
2010-12-20,88.81
2010-12-21,89.82
2010-12-22,90.48
2010-12-23,91.51
2010-12-27,91.0
2010-12-28,91.49
2010-12-29,91.12
2010-12-30,89.84
2010-12-31,91.38
2011-01-03,91.55
2011-01-04,89.38
2011-01-05,90.3
2011-01-06,88.38
2011-01-07,88.03
2011-01-10,89.25
2011-01-11,91.11
2011-01-12,91.86
2011-01-13,91.4
2011-01-14,91.54
2011-01-18,91.38
2011-01-19,90.86
2011-01-20,88.86
2011-01-21,89.11
2011-01-24,87.87
2011-01-25,86.19
2011-01-26,87.33
2011-01-27,85.64
2011-01-28,89.34
2011-01-31,92.19
2011-02-01,90.77
2011-02-02,90.86
2011-02-03,90.54
2011-02-04,89.03
2011-02-07,87.48
2011-02-08,86.94
2011-02-09,86.71
2011-02-10,86.73
2011-02-11,85.58
2011-02-14,84.81
2011-02-15,84.32
2011-02-16,84.99
2011-02-17,86.36
2011-02-18,86.2
2011-02-22,93.57
2011-02-23,98.1
2011-02-24,97.28
2011-02-25,97.88
2011-02-28,96.97
2011-03-01,99.63
2011-03-02,102.23
2011-03-03,101.91
2011-03-04,104.42
2011-03-07,105.44
2011-03-08,105.02
2011-03-09,104.38
2011-03-10,102.7
2011-03-11,101.16
2011-03-14,101.19
2011-03-15,97.18
2011-03-16,97.98
2011-03-17,101.42
2011-03-18,101.07
2011-03-21,102.33
2011-03-22,104.0
2011-03-23,105.75
2011-03-24,105.6
2011-03-25,105.4
2011-03-28,103.98
2011-03-29,104.79
2011-03-30,104.27
2011-03-31,106.72
2011-04-01,107.94
2011-04-04,108.47
2011-04-05,108.34
2011-04-06,108.83
2011-04-07,110.3
2011-04-08,112.79
2011-04-11,109.92
2011-04-12,106.25
2011-04-13,107.11
2011-04-14,108.11
2011-04-15,109.66
2011-04-18,107.12
2011-04-19,108.15
2011-04-20,111.45
2011-04-21,112.29
2011-04-25,112.28
2011-04-26,112.21
2011-04-27,112.76
2011-04-28,112.86
2011-04-29,113.93
2011-05-02,113.52
2011-05-03,111.05
2011-05-04,109.24
2011-05-05,99.8
2011-05-06,97.18
2011-05-09,102.55
2011-05-10,103.88
2011-05-11,98.21
2011-05-12,98.97
2011-05-13,99.65
2011-05-16,97.37
2011-05-17,96.91
2011-05-18,100.1
2011-05-19,98.44
2011-05-20,99.49
2011-05-23,97.7
2011-05-24,99.59
2011-05-25,101.32
2011-05-26,100.23
2011-05-27,100.59
2011-05-31,102.7
2011-06-01,100.29
2011-06-02,100.4
2011-06-03,100.22
2011-06-06,99.01
2011-06-07,99.09
2011-06-08,100.74
2011-06-09,101.93
2011-06-10,99.29
2011-06-13,97.3
2011-06-14,99.37
2011-06-15,94.81
2011-06-16,94.95
2011-06-17,93.01
2011-06-20,93.26
2011-06-21,93.4
2011-06-22,95.41
2011-06-23,91.02
2011-06-24,91.16
2011-06-27,90.61
2011-06-28,92.89
2011-06-29,94.77
2011-06-30,95.42
2011-07-01,94.94
2011-07-05,96.89
2011-07-06,96.65
2011-07-07,98.67
2011-07-08,96.2
2011-07-11,95.15
2011-07-12,97.43
2011-07-13,98.05
2011-07-14,95.69
2011-07-15,97.24
2011-07-18,95.93
2011-07-19,97.5
2011-07-20,98.14
2011-07-21,99.13
2011-07-22,99.87
2011-07-25,99.2
2011-07-26,99.59
2011-07-27,97.4
2011-07-28,97.44
2011-07-29,95.7
2011-08-01,94.89
2011-08-02,93.79
2011-08-03,91.93
2011-08-04,86.63
2011-08-05,86.88
2011-08-08,81.31
2011-08-09,79.3
2011-08-10,82.89
2011-08-11,85.72
2011-08-12,85.38
2011-08-15,87.88
2011-08-16,86.65
2011-08-17,87.58
2011-08-18,82.38
2011-08-19,82.26
2011-08-22,84.12
2011-08-23,85.44
2011-08-24,85.16
2011-08-25,85.3
2011-08-26,85.37
2011-08-29,87.27
2011-08-30,88.9
2011-08-31,88.81
2011-09-01,88.93
2011-09-02,86.45
2011-09-06,86.02
2011-09-07,89.34
2011-09-08,89.05
2011-09-09,87.24
2011-09-12,88.19
2011-09-13,90.21
2011-09-14,88.91
2011-09-15,89.4
2011-09-16,87.96
2011-09-19,85.7
2011-09-20,86.89
2011-09-21,85.92
2011-09-22,80.51
2011-09-23,79.85
2011-09-26,80.24
2011-09-27,84.45
2011-09-28,81.21
2011-09-29,82.14
2011-09-30,79.2
2011-10-03,77.61
2011-10-04,75.67
2011-10-05,79.68
2011-10-06,82.59
2011-10-07,82.98
2011-10-10,85.41
2011-10-11,85.81
2011-10-12,85.57
2011-10-13,84.23
2011-10-14,86.8
2011-10-17,86.38
2011-10-18,88.34
2011-10-19,86.11
2011-10-20,85.3
2011-10-21,87.4
2011-10-24,91.27
2011-10-25,93.17
2011-10-26,90.2
2011-10-27,93.96
2011-10-28,93.32
2011-10-31,93.19
2011-11-01,92.19
2011-11-02,92.51
2011-11-03,94.07
2011-11-04,94.26
2011-11-07,95.52
2011-11-08,96.8
2011-11-09,95.74
2011-11-10,97.78
2011-11-11,98.99
2011-11-14,98.14
2011-11-15,99.37
2011-11-16,102.59
2011-11-17,98.82
2011-11-18,97.41
2011-11-21,96.92
2011-11-22,98.01
2011-11-23,96.17
2011-11-25,96.77
2011-11-28,98.21
2011-11-29,99.79
2011-11-30,100.36
2011-12-01,100.2
2011-12-02,100.96
2011-12-05,100.99
2011-12-06,101.28
2011-12-07,100.49
2011-12-08,98.34
2011-12-09,99.41
2011-12-12,97.77
2011-12-13,100.14
2011-12-14,94.95
2011-12-15,93.87
2011-12-16,93.53
2011-12-19,93.88
2011-12-20,97.22
2011-12-21,98.67
2011-12-22,99.53
2011-12-23,99.68
2011-12-27,101.34
2011-12-28,99.36
2011-12-29,99.65
2011-12-30,98.83
2012-01-03,102.96
2012-01-04,103.22
2012-01-05,101.81
2012-01-06,101.56
2012-01-09,101.31
2012-01-10,102.24
2012-01-11,100.87
2012-01-12,99.1
2012-01-13,98.7
2012-01-17,100.71
2012-01-18,100.59
2012-01-19,100.39
2012-01-20,98.46
2012-01-23,99.58
2012-01-24,98.95
2012-01-25,99.4
2012-01-26,99.7
2012-01-27,99.56
2012-01-30,98.78
2012-01-31,98.48
2012-02-01,97.61
2012-02-02,96.36
2012-02-03,97.84
2012-02-06,96.91
2012-02-07,98.41
2012-02-08,98.71
2012-02-09,99.84
2012-02-10,98.67
2012-02-13,100.91
2012-02-14,100.74
2012-02-15,101.8
2012-02-16,102.31
2012-02-17,103.24
2012-02-21,105.84
2012-02-22,106.28
2012-02-23,107.83
2012-02-24,109.77
2012-02-27,108.56
2012-02-28,106.55
2012-02-29,107.07
2012-03-01,108.84
2012-03-02,106.7
2012-03-05,106.72
2012-03-06,104.7
2012-03-07,106.16
2012-03-08,106.58
2012-03-09,107.4
2012-03-12,106.34
2012-03-13,106.71
2012-03-14,105.43
2012-03-15,105.11
2012-03-16,107.06
2012-03-19,108.09
2012-03-20,105.61
2012-03-21,107.27
2012-03-22,105.35
2012-03-23,106.87
2012-03-26,107.03
2012-03-27,107.33
2012-03-28,105.41
2012-03-29,102.78
2012-03-30,103.02
2012-04-02,105.23
2012-04-03,104.01
2012-04-04,101.47
2012-04-05,103.31
2012-04-09,102.46
2012-04-10,101.02
2012-04-11,102.7
2012-04-12,103.64
2012-04-13,102.83
2012-04-16,102.93
2012-04-17,104.2
2012-04-18,102.67
2012-04-19,102.27
2012-04-20,103.05
2012-04-23,103.11
2012-04-24,103.55
2012-04-25,104.12
2012-04-26,104.55
2012-04-27,104.93
2012-04-30,104.87
2012-05-01,106.16
2012-05-02,105.22
2012-05-03,102.54
2012-05-04,98.49
2012-05-07,97.94
2012-05-08,97.01
2012-05-09,96.81
2012-05-10,97.08
2012-05-11,96.13
2012-05-14,94.78
2012-05-15,93.98
2012-05-16,92.81
2012-05-17,92.56
2012-05-18,91.48
2012-05-21,92.57
2012-05-22,91.66
2012-05-23,89.9
2012-05-24,90.66
2012-05-25,90.86
2012-05-29,90.76
2012-05-30,87.82
2012-05-31,86.53
2012-06-01,83.23
2012-06-04,83.98
2012-06-05,84.29
2012-06-06,85.02
2012-06-07,84.82
2012-06-08,84.1
2012-06-11,82.7
2012-06-12,83.32
2012-06-13,82.62
2012-06-14,83.91
2012-06-15,84.03
2012-06-18,83.27
2012-06-19,84.03
2012-06-20,81.8
2012-06-21,78.2
2012-06-22,79.76
2012-06-25,79.21
2012-06-26,79.36
2012-06-27,80.21
2012-06-28,77.69
2012-06-29,84.96
2012-07-02,83.75
2012-07-03,87.66
2012-07-05,87.22
2012-07-06,84.45
2012-07-09,85.99
2012-07-10,83.91
2012-07-11,85.81
2012-07-12,86.08
2012-07-13,87.1
2012-07-16,88.43
2012-07-17,89.22
2012-07-18,89.87
2012-07-19,92.66
2012-07-20,91.44
2012-07-23,88.14
2012-07-24,88.5
2012-07-25,88.97
2012-07-26,89.39
2012-07-27,90.13
2012-07-30,89.78
2012-07-31,88.06
2012-08-01,88.91
2012-08-02,87.13
2012-08-03,91.4
2012-08-06,92.2
2012-08-07,93.67
2012-08-08,93.35
2012-08-09,93.36
2012-08-10,92.87
2012-08-13,92.73
2012-08-14,93.43
2012-08-15,94.33
2012-08-16,95.6
2012-08-17,96.01
2012-08-20,95.97
2012-08-21,96.68
2012-08-22,97.26
2012-08-23,96.27
2012-08-24,96.15
2012-08-27,95.47
2012-08-28,96.33
2012-08-29,95.49
2012-08-30,94.62
2012-08-31,96.47
2012-09-04,95.3
2012-09-05,95.36
2012-09-06,95.53
2012-09-07,96.42
2012-09-10,96.54
2012-09-11,97.17
2012-09-12,97.01
2012-09-13,98.31
2012-09-14,99.0
2012-09-17,96.62
2012-09-18,95.29
2012-09-19,91.98
2012-09-20,91.87
2012-09-21,92.89
2012-09-24,91.93
2012-09-25,91.37
2012-09-26,89.98
2012-09-27,91.85
2012-09-28,92.19
2012-10-01,92.48
2012-10-02,91.89
2012-10-03,88.14
2012-10-04,91.71
2012-10-05,89.88
2012-10-08,89.33
2012-10-09,92.39
2012-10-10,91.25
2012-10-11,92.07
2012-10-12,91.86
2012-10-15,91.85
2012-10-16,92.09
2012-10-17,92.12
2012-10-18,92.1
2012-10-19,90.05
2012-10-22,88.73
2012-10-23,86.67
2012-10-24,85.73
2012-10-25,86.05
2012-10-26,86.28
2012-10-29,85.54
2012-10-30,85.68
2012-10-31,86.24
2012-11-01,87.09
2012-11-02,84.86
2012-11-05,85.65
2012-11-06,88.71
2012-11-07,84.44
2012-11-08,85.09
2012-11-09,86.07
2012-11-12,85.57
2012-11-13,85.38
2012-11-14,86.32
2012-11-15,85.45
2012-11-16,86.67
2012-11-19,89.28
2012-11-20,86.75
2012-11-21,87.38
2012-11-23,88.28
2012-11-26,87.74
2012-11-27,87.18
2012-11-28,86.49
2012-11-29,88.07
2012-11-30,88.91
2012-12-03,89.09
2012-12-04,88.5
2012-12-05,87.88
2012-12-06,86.26
2012-12-07,85.93
2012-12-10,85.56
2012-12-11,85.79
2012-12-12,86.77
2012-12-13,85.89
2012-12-14,86.73
2012-12-17,87.2
2012-12-18,87.93
2012-12-19,89.51
2012-12-20,90.13
2012-12-21,88.66
2012-12-24,88.61
2012-12-26,90.98
2012-12-27,90.87
2012-12-28,90.8
2012-12-31,91.82
2013-01-02,93.12
2013-01-03,92.92
2013-01-04,93.09
2013-01-07,93.19
2013-01-08,93.15
2013-01-09,93.1
2013-01-10,93.82
2013-01-11,93.56
2013-01-14,94.14
2013-01-15,93.28
2013-01-16,94.24
2013-01-17,95.49
2013-01-18,95.56
2013-01-22,96.24
2013-01-23,95.23
2013-01-24,95.95
2013-01-25,95.88
2013-01-28,96.44
2013-01-29,97.57
2013-01-30,97.94
2013-01-31,97.49
2013-02-01,97.77
2013-02-04,96.17
2013-02-05,96.64
2013-02-06,96.62
2013-02-07,95.83
2013-02-08,95.72
2013-02-11,97.03
2013-02-12,97.51
2013-02-13,97.01
2013-02-14,97.31
2013-02-15,95.86
2013-02-19,96.66
2013-02-20,94.46
2013-02-21,92.84
2013-02-22,93.13
2013-02-25,93.11
2013-02-26,92.63
2013-02-27,92.76
2013-02-28,92.05
2013-03-01,90.68
2013-03-04,90.12
2013-03-05,90.82
2013-03-06,90.43
2013-03-07,91.56
2013-03-08,91.95
2013-03-11,92.06
2013-03-12,92.54
2013-03-13,92.52
2013-03-14,93.03
2013-03-15,93.45
2013-03-18,93.74
2013-03-19,92.16
2013-03-20,92.96
2013-03-21,92.45
2013-03-22,93.71
2013-03-25,94.81
2013-03-26,96.34
2013-03-27,96.58
2013-03-28,97.23
2013-04-01,97.07
2013-04-02,97.19
2013-04-03,94.45
2013-04-04,93.26
2013-04-05,92.7
2013-04-08,93.36
2013-04-09,94.2
2013-04-10,94.64
2013-04-11,93.51
2013-04-12,91.29
2013-04-15,88.71
2013-04-16,88.72
2013-04-17,86.68
2013-04-18,87.73
2013-04-19,88.01
2013-04-22,88.76
2013-04-23,89.18
2013-04-24,91.43
2013-04-25,93.64
2013-04-26,93.0
2013-04-29,94.5
2013-04-30,93.46
2013-05-01,91.03
2013-05-02,93.99
2013-05-03,95.61
2013-05-06,96.16
2013-05-07,95.62
2013-05-08,96.62
2013-05-09,96.39
2013-05-10,96.04
2013-05-13,95.17
2013-05-14,94.21
2013-05-15,94.3
2013-05-16,95.16
2013-05-17,96.02
2013-05-20,96.71
2013-05-21,96.16
2013-05-22,94.28
2013-05-23,94.25
2013-05-24,94.15
2013-05-27,93.83
2013-05-28,95.01
2013-05-29,93.13
2013-05-30,93.61
2013-05-31,91.97
2013-06-03,93.45
2013-06-04,93.31
2013-06-05,93.74
2013-06-06,94.76
2013-06-07,96.03
2013-06-10,95.77
2013-06-11,95.38
2013-06-12,95.88
2013-06-13,96.69
2013-06-14,97.85
2013-06-17,97.77
2013-06-18,98.44
2013-06-19,98.24
2013-06-20,95.4
2013-06-21,93.69
2013-06-24,95.18
2013-06-25,95.32
2013-06-26,95.5
2013-06-27,97.05
2013-06-28,96.56
2013-07-01,97.99
2013-07-02,99.6
2013-07-03,101.24
2013-07-04,101.4
2013-07-05,103.22
2013-07-08,103.14
2013-07-09,103.53
2013-07-10,106.52
2013-07-11,104.91
2013-07-12,105.95
2013-07-15,106.32
2013-07-16,106.0
2013-07-17,106.48
2013-07-18,108.04
2013-07-19,108.05
2013-07-22,106.91
2013-07-23,107.23
2013-07-24,105.39
2013-07-25,105.49
2013-07-26,104.7
2013-07-29,104.55
2013-07-30,103.08
2013-07-31,105.03
2013-08-01,107.89
2013-08-02,106.94
2013-08-05,106.56
2013-08-06,105.3
2013-08-07,104.37
2013-08-08,103.4
2013-08-09,105.97
2013-08-12,106.11
2013-08-13,106.83
2013-08-14,106.85
2013-08-15,107.33
2013-08-16,107.46
2013-08-19,107.1
2013-08-20,104.96
2013-08-21,103.85
2013-08-22,105.03
2013-08-23,106.42
2013-08-26,105.92
2013-08-27,109.01
2013-08-28,110.1
2013-08-29,108.8
2013-08-30,107.65
2013-09-02,106.75
2013-09-03,108.54
2013-09-04,107.23
2013-09-05,108.37
2013-09-06,110.53
2013-09-09,109.52
2013-09-10,107.39
2013-09-11,107.56
2013-09-12,108.6
2013-09-13,108.21
2013-09-16,106.59
2013-09-17,105.42
2013-09-18,108.07
2013-09-19,106.39
2013-09-20,104.68
2013-09-23,103.59
2013-09-24,103.13
2013-09-25,102.66
2013-09-26,103.03
2013-09-27,102.87
2013-09-30,102.33
2013-10-01,102.04
2013-10-02,104.1
2013-10-03,103.31
2013-10-04,103.84
2013-10-07,103.03
2013-10-08,103.49
2013-10-09,101.61
2013-10-10,103.01
2013-10-11,102.02
2013-10-14,102.41
2013-10-15,101.21
2013-10-16,102.29
2013-10-17,100.67
2013-10-18,100.81
2013-10-21,99.22
2013-10-22,97.8
2013-10-23,96.86
2013-10-24,97.11
2013-10-25,97.85
2013-10-28,98.68
2013-10-29,98.2
2013-10-30,96.77
2013-10-31,96.38
2013-11-01,94.61
2013-11-04,94.62
2013-11-05,93.37
2013-11-06,94.8
2013-11-07,94.2
2013-11-08,94.6
2013-11-11,95.14
2013-11-12,93.04
2013-11-13,93.88
2013-11-14,93.76
2013-11-15,93.84
2013-11-18,93.03
2013-11-19,93.34
2013-11-20,93.33
2013-11-21,95.44
2013-11-22,94.84
2013-11-25,94.09
2013-11-26,93.68
2013-11-27,92.3
2013-11-28,92.28
2013-11-29,92.72
2013-12-02,93.82
2013-12-03,96.04
2013-12-04,97.2
2013-12-05,97.38
2013-12-06,97.65
2013-12-09,97.34
2013-12-10,98.51
2013-12-11,97.44
2013-12-12,97.5
2013-12-13,96.6
2013-12-16,97.48
2013-12-17,97.22
2013-12-18,97.8
2013-12-19,98.77
2013-12-20,99.32
2013-12-23,98.91
2013-12-24,99.22
2013-12-26,99.55
2013-12-27,100.32
2013-12-30,99.29
2013-12-31,98.42
2014-01-01,98.7
2014-01-02,95.44
2014-01-03,93.96
2014-01-06,93.43
2014-01-07,93.67
2014-01-08,92.33
2014-01-09,91.66
2014-01-10,92.72
2014-01-13,91.8
2014-01-14,92.59
2014-01-15,94.17
2014-01-16,93.96
2014-01-17,94.37
2014-01-20,93.93
2014-01-21,94.99
2014-01-22,96.73
2014-01-23,97.32
2014-01-24,96.64
2014-01-27,95.72
2014-01-28,97.41
2014-01-29,97.36
2014-01-30,98.23
2014-01-31,97.49
2014-02-03,96.43
2014-02-04,97.19
2014-02-05,97.38
2014-02-06,97.84
2014-02-07,99.88
2014-02-10,100.06
2014-02-11,99.94
2014-02-12,100.37
2014-02-13,100.35
2014-02-14,100.3
2014-02-17,100.58
2014-02-18,102.43
2014-02-19,103.31
2014-02-20,102.92
2014-02-21,102.2
2014-02-24,102.82
2014-02-25,101.83
2014-02-26,102.59
2014-02-27,102.4
2014-02-28,102.59
2014-03-03,104.92
2014-03-04,103.33
2014-03-05,101.45
2014-03-06,101.56
2014-03-07,102.58
2014-03-10,101.12
2014-03-11,100.03
2014-03-12,97.99
2014-03-13,98.2
2014-03-14,98.89
2014-03-17,98.08
2014-03-18,99.7
2014-03-19,100.37
2014-03-20,99.43
2014-03-21,99.46
2014-03-24,99.6
2014-03-25,99.19
2014-03-26,100.26
2014-03-27,101.28
2014-03-28,101.67
2014-03-31,101.58
2014-04-01,99.74
2014-04-02,99.62
2014-04-03,100.29
2014-04-04,101.14
2014-04-07,100.44
2014-04-08,102.56
2014-04-09,103.6
2014-04-10,103.4
2014-04-11,103.74
2014-04-14,104.05
2014-04-15,103.75
2014-04-16,103.76
2014-04-17,104.3
2014-04-21,104.37
2014-04-22,102.13
2014-04-23,101.44
2014-04-24,101.94
2014-04-25,100.6
2014-04-28,100.84
2014-04-29,101.28
2014-04-30,99.74
2014-05-01,99.42
2014-05-02,99.76
2014-05-05,99.48
2014-05-06,99.5
2014-05-07,100.77
2014-05-08,100.26
2014-05-09,99.99
2014-05-12,100.59
2014-05-13,101.7
2014-05-14,102.37
2014-05-15,101.5
2014-05-16,102.02
2014-05-19,102.61
2014-05-20,102.44
2014-05-21,104.07
2014-05-22,103.74
2014-05-23,104.35
2014-05-26,104.28
2014-05-27,104.11
2014-05-28,102.72
2014-05-29,103.58
2014-05-30,102.71
2014-06-02,102.47
2014-06-03,102.66
2014-06-04,102.64
2014-06-05,102.48
2014-06-06,102.66
2014-06-09,104.41
2014-06-10,104.35
2014-06-11,104.4
2014-06-12,106.53
2014-06-13,106.91
2014-06-16,106.9
2014-06-17,106.36
2014-06-18,105.97
2014-06-19,106.43
2014-06-20,107.26
2014-06-23,106.17
2014-06-24,106.03
2014-06-25,106.5
2014-06-26,105.84
2014-06-27,105.74
2014-06-30,105.37
2014-07-01,105.34
2014-07-02,104.48
2014-07-03,104.06
2014-07-04,103.76
2014-07-07,103.53
2014-07-08,103.4
2014-07-09,102.29
2014-07-10,102.93
2014-07-11,100.83
2014-07-14,100.91
2014-07-15,99.96
2014-07-16,101.2
2014-07-17,103.19
2014-07-18,103.13
2014-07-21,104.59
2014-07-22,104.42
2014-07-23,103.12
2014-07-24,102.07
2014-07-25,102.09
2014-07-28,101.67
2014-07-29,100.97
2014-07-30,100.27
2014-07-31,98.17
2014-08-01,97.88
2014-08-04,98.29
2014-08-05,97.38
2014-08-06,96.92
2014-08-07,97.34
2014-08-08,97.65
2014-08-11,98.08
2014-08-12,97.37
2014-08-13,97.59
2014-08-14,95.58
2014-08-15,97.35
2014-08-18,96.41
2014-08-19,94.48
2014-08-20,96.07
2014-08-21,93.96
2014-08-22,93.65
2014-08-25,93.35
2014-08-26,93.86
2014-08-27,93.88
2014-08-28,94.55
2014-08-29,95.96
2014-09-01,95.83
2014-09-02,92.88
2014-09-03,95.54
2014-09-04,94.45
2014-09-05,93.29
2014-09-08,92.66
2014-09-09,92.75
2014-09-10,91.67
2014-09-11,92.83
2014-09-12,92.27
2014-09-15,92.92
2014-09-16,94.88
2014-09-17,94.42
2014-09-18,93.07
2014-09-19,92.41
2014-09-22,91.52
2014-09-23,91.56
2014-09-24,92.8
2014-09-25,92.53
2014-09-26,93.54
2014-09-29,94.57
2014-09-30,91.16
2014-10-01,90.73
2014-10-02,91.01
2014-10-03,89.74
2014-10-06,90.34
2014-10-07,88.85
2014-10-08,87.31
2014-10-09,85.77
2014-10-10,85.82
2014-10-13,85.74
2014-10-14,81.84
2014-10-15,81.78
2014-10-16,82.7
2014-10-17,82.75
2014-10-20,82.71
2014-10-21,82.81
2014-10-22,80.52
2014-10-23,82.09
2014-10-24,81.01
2014-10-27,81.0
2014-10-28,81.42
2014-10-29,82.2
2014-10-30,81.12
2014-10-31,80.54
2014-11-03,78.78
2014-11-04,77.19
2014-11-05,78.68
2014-11-06,77.91
2014-11-07,78.65
2014-11-10,77.4
2014-11-11,77.94
2014-11-12,77.18
2014-11-13,74.21
2014-11-14,75.82
2014-11-17,75.64
2014-11-18,74.61
2014-11-19,74.58
2014-11-20,75.58
2014-11-21,76.51
2014-11-24,75.78
2014-11-25,74.09
2014-11-26,73.69
2014-11-27,68.55
2014-11-28,66.15
2014-12-01,69.0
2014-12-02,66.88
2014-12-03,67.38
2014-12-04,66.81
2014-12-05,65.84
2014-12-08,63.05
2014-12-09,63.82
2014-12-10,60.94
2014-12-11,59.95
2014-12-12,57.81
2014-12-15,55.91
2014-12-16,55.93
2014-12-17,56.47
2014-12-18,54.11
2014-12-19,56.52
2014-12-22,55.26
2014-12-23,57.12
2014-12-24,55.84
2014-12-25,55.92
2014-12-26,54.73
2014-12-29,53.61
2014-12-30,54.12
2014-12-31,53.27
2015-01-01,54.56
2015-01-02,52.69
2015-01-05,50.04
2015-01-06,47.93
2015-01-07,48.65
2015-01-08,48.79
2015-01-09,48.36
2015-01-12,46.07
2015-01-13,45.89
2015-01-14,48.48
2015-01-15,46.25
2015-01-16,48.69
2015-01-18,48.85
2015-01-19,47.78
2015-01-20,46.39
2015-01-21,47.78
2015-01-22,46.31
2015-01-23,45.59
2015-01-26,45.15
2015-01-27,46.23
2015-01-28,44.45
2015-01-29,44.53
2015-01-30,48.24
2015-02-02,49.57
2015-02-03,53.05
2015-02-04,48.45
2015-02-05,50.48
2015-02-06,51.69
2015-02-09,52.86
2015-02-10,50.02
2015-02-11,48.84
2015-02-12,51.21
2015-02-13,52.78
2015-02-15,54.06
2015-02-16,53.61
2015-02-17,53.53
2015-02-18,52.14
2015-02-19,51.16
2015-02-20,50.34
2015-02-23,49.45
2015-02-24,49.28
2015-02-25,50.99
2015-02-26,48.17
2015-02-27,49.76
2015-03-02,49.59
2015-03-03,50.52
2015-03-04,51.53
2015-03-05,50.76
2015-03-06,49.61
2015-03-09,50.0
2015-03-10,48.29
2015-03-11,48.17
2015-03-12,47.05
2015-03-13,44.84
2015-03-16,43.88
2015-03-17,43.46
2015-03-18,44.66
2015-03-19,43.96
2015-03-20,45.72
2015-03-23,47.45
2015-03-24,47.51
2015-03-25,49.21
2015-03-26,51.43
2015-03-27,48.87
2015-03-30,48.68
2015-03-31,47.6
2015-04-01,50.09
2015-04-02,49.14
2015-04-03,49.14
2015-04-06,52.14
2015-04-07,53.98
2015-04-08,50.42
2015-04-09,50.79
2015-04-10,51.64
2015-04-13,51.91
2015-04-14,53.29
2015-04-15,56.39
2015-04-16,56.71
2015-04-17,55.74
2015-04-20,56.38
2015-04-21,55.26
2015-04-22,56.16
2015-04-23,57.74
2015-04-24,57.15
2015-04-27,56.99
2015-04-28,57.06
2015-04-29,58.58
2015-04-30,59.63
2015-05-01,59.15
2015-05-04,58.93
2015-05-05,60.4
2015-05-06,60.93
2015-05-07,58.94
2015-05-08,59.39
2015-05-11,59.25
2015-05-12,60.75
2015-05-13,60.5
2015-05-14,59.88
2015-05-15,59.69
2015-05-18,59.43
2015-05-19,57.26
2015-05-20,58.98
2015-05-21,60.72
2015-05-22,59.72
2015-05-24,59.92
2015-05-25,59.85
2015-05-26,58.03
2015-05-27,57.51
2015-05-28,57.68
2015-05-29,60.3
2015-06-01,60.2
2015-06-02,61.26
2015-06-03,59.64
2015-06-04,58.0
2015-06-05,59.13
2015-06-08,58.14
2015-06-09,60.14
2015-06-10,61.43
2015-06-11,60.77
2015-06-12,59.96
2015-06-15,59.52
2015-06-16,59.97
2015-06-17,59.92
2015-06-18,60.45
2015-06-19,59.61
2015-06-22,59.68
2015-06-23,61.01
2015-06-24,60.27
2015-06-25,59.7
2015-06-26,59.63
2015-06-29,58.33
2015-06-30,59.47
2015-07-01,56.96
2015-07-02,56.93
2015-07-03,55.52
2015-07-06,52.53
2015-07-07,52.33
2015-07-08,51.65
2015-07-09,52.78
2015-07-10,52.74
2015-07-13,52.2
2015-07-14,53.04
2015-07-15,51.41
2015-07-16,50.91
2015-07-17,50.89
2015-07-20,50.15
2015-07-21,50.36
2015-07-22,49.19
2015-07-23,48.45
2015-07-24,48.14
2015-07-27,47.39
2015-07-28,47.98
2015-07-29,48.79
2015-07-30,48.52
2015-07-31,47.12
2015-08-03,45.17
2015-08-04,45.74
2015-08-05,45.15
2015-08-06,44.66
2015-08-07,43.87
2015-08-10,44.96
2015-08-11,43.08
2015-08-12,43.3
2015-08-13,42.23
2015-08-14,42.5
2015-08-17,41.87
2015-08-18,42.62
2015-08-19,40.8
2015-08-20,41.14
2015-08-21,40.45
2015-08-24,38.24
2015-08-25,39.31
2015-08-26,38.6
2015-08-27,42.56
2015-08-28,45.22
2015-08-31,49.2
2015-09-01,45.41
2015-09-02,46.25
2015-09-03,46.75
2015-09-04,46.05
2015-09-06,45.72
2015-09-07,44.7
2015-09-08,45.94
2015-09-09,44.15
2015-09-10,45.92
2015-09-11,44.63
2015-09-14,44.0
2015-09-15,44.59
2015-09-16,47.15
2015-09-17,46.9
2015-09-18,44.68
2015-09-21,46.68
2015-09-22,45.83
2015-09-23,44.48
2015-09-24,44.91
2015-09-25,45.7
2015-09-28,44.43
2015-09-29,45.23
2015-09-30,45.09
2015-10-01,44.74
2015-10-02,45.54
2015-10-05,46.26
2015-10-06,48.53
2015-10-07,47.81
2015-10-08,49.43
2015-10-09,49.63
2015-10-12,47.1
2015-10-13,46.66
2015-10-14,46.64
2015-10-15,46.38
2015-10-16,47.26
2015-10-19,45.89
2015-10-20,45.55
2015-10-21,45.2
2015-10-22,45.38
2015-10-23,44.6
2015-10-26,43.98
2015-10-27,43.2
2015-10-28,45.94
2015-10-29,46.06
2015-10-30,46.59
2015-11-02,46.14
2015-11-03,47.9
2015-11-04,46.32
2015-11-05,45.2
2015-11-06,44.29
2015-11-09,43.87
2015-11-10,44.21
2015-11-11,42.93
2015-11-12,41.75
2015-11-13,40.74
2015-11-16,41.74
2015-11-17,40.67
2015-11-18,40.75
2015-11-19,40.54
2015-11-20,40.39
2015-11-23,41.75
2015-11-24,42.87
2015-11-25,43.04
2015-11-26,42.59
2015-11-27,41.71
2015-11-30,41.65
2015-12-01,41.85
2015-12-02,39.94
2015-12-03,41.08
2015-12-04,39.97
2015-12-07,37.65
2015-12-08,37.51
2015-12-09,37.16
2015-12-10,36.76
2015-12-11,35.62
2015-12-14,36.31
2015-12-15,37.35
2015-12-16,35.52
2015-12-17,34.95
2015-12-18,34.73
2015-12-21,34.74
2015-12-22,36.14
2015-12-23,37.5
2015-12-24,38.1
2015-12-28,36.81
2015-12-29,37.87
2015-12-30,36.6
2015-12-31,37.04
2016-01-04,36.76
2016-01-05,35.97
2016-01-06,33.97
2016-01-07,33.27
2016-01-08,33.16
2016-01-11,31.41
2016-01-12,30.44
2016-01-13,30.48
2016-01-14,31.2
2016-01-15,29.42
2016-01-17,29.75
2016-01-18,30.02
2016-01-19,28.46
2016-01-20,26.55
2016-01-21,29.53
2016-01-22,32.19
2016-01-25,30.34
2016-01-26,31.45
2016-01-27,32.3
2016-01-28,33.22
2016-01-29,33.62
2016-02-01,31.62
2016-02-02,29.88
2016-02-03,32.28
2016-02-04,31.72
2016-02-05,30.89
2016-02-08,29.69
2016-02-09,27.94
2016-02-10,27.45
2016-02-11,26.21
2016-02-12,29.44
2016-02-14,29.08
2016-02-15,30.6
2016-02-16,29.04
2016-02-17,30.66
2016-02-18,30.77
2016-02-19,29.64
2016-02-22,31.48
2016-02-23,31.87
2016-02-24,32.15
2016-02-25,33.07
2016-02-26,32.78
2016-02-29,33.75
2016-03-01,34.4
2016-03-02,34.66
2016-03-03,34.57
2016-03-04,35.92
2016-03-07,37.9
2016-03-08,36.5
2016-03-09,38.29
2016-03-10,37.84
2016-03-11,38.5
2016-03-14,37.18
2016-03-15,36.34
2016-03-16,38.46
2016-03-17,40.2
2016-03-18,39.44
2016-03-21,39.91
2016-03-22,41.45
2016-03-23,39.79
2016-03-24,39.46
2016-03-28,39.39
2016-03-29,38.28
2016-03-30,38.32
2016-03-31,38.34
2016-04-01,36.79
2016-04-04,35.7
2016-04-05,35.89
2016-04-06,37.75
2016-04-07,37.26
2016-04-08,39.72
2016-04-11,40.36
2016-04-12,42.17
2016-04-13,41.76
2016-04-14,41.5
2016-04-15,40.36
2016-04-18,39.78
2016-04-19,41.08
2016-04-20,42.63
2016-04-21,43.18
2016-04-22,43.73
2016-04-25,42.64
2016-04-26,44.04
2016-04-27,45.33
2016-04-28,46.03
2016-04-29,45.92
2016-05-02,44.78
2016-05-03,43.65
2016-05-04,43.78
2016-05-05,44.32
2016-05-06,44.66
2016-05-09,43.44
2016-05-10,44.66
2016-05-11,46.23
2016-05-12,46.7
2016-05-13,46.21
2016-05-16,47.72
2016-05-17,48.31
2016-05-18,48.19
2016-05-19,48.16
2016-05-20,47.75
2016-05-23,48.08
2016-05-24,48.62
2016-05-25,49.56
2016-05-26,49.48
2016-05-27,49.33
2016-05-29,49.58
2016-05-30,49.51
2016-05-31,49.1
2016-06-01,49.01
2016-06-02,49.17
2016-06-03,48.62
2016-06-06,49.69
2016-06-07,50.36
2016-06-08,51.23
2016-06-09,50.56
2016-06-10,49.07
2016-06-13,48.88
2016-06-14,48.49
2016-06-15,48.01
2016-06-16,46.21
2016-06-17,47.98
2016-06-20,49.37
2016-06-21,48.85
2016-06-22,49.13
2016-06-23,50.11
2016-06-24,47.64
2016-06-27,46.33
2016-06-28,47.85
2016-06-29,49.88
2016-06-30,48.33
2016-07-01,48.99
2016-07-03,49.01
2016-07-04,48.65
2016-07-05,46.6
2016-07-06,47.43
2016-07-07,45.14
2016-07-08,45.41
2016-07-11,44.76
2016-07-12,46.8
2016-07-13,44.75
2016-07-14,45.68
2016-07-15,45.95
2016-07-18,45.24
2016-07-19,44.65
2016-07-20,44.94
2016-07-21,44.75
2016-07-22,44.19
2016-07-25,43.13
2016-07-26,42.92
2016-07-27,41.92
2016-07-28,41.14
2016-07-29,41.6
2016-08-01,40.06
2016-08-02,39.51
2016-08-03,40.83
2016-08-04,41.93
2016-08-05,41.8
2016-08-08,43.02
2016-08-09,42.77
2016-08-10,41.71
2016-08-11,43.49
2016-08-12,44.49
2016-08-15,45.74
2016-08-16,46.58
2016-08-17,46.79
2016-08-18,48.22
2016-08-19,48.52
2016-08-22,47.05
2016-08-23,48.1
2016-08-24,46.77
2016-08-25,47.33
2016-08-26,47.64
2016-08-29,46.98
2016-08-30,46.35
2016-08-31,44.7
2016-09-01,43.16
2016-09-02,44.44
2016-09-04,44.11
2016-09-05,45.07
2016-09-06,44.83
2016-09-07,45.5
2016-09-08,47.62
2016-09-09,45.88
2016-09-12,46.29
2016-09-13,44.9
2016-09-14,43.58
2016-09-15,43.91
2016-09-16,43.03
2016-09-19,43.3
2016-09-20,43.44
2016-09-21,45.34
2016-09-22,46.32
2016-09-23,44.48
2016-09-26,45.93
2016-09-27,44.67
2016-09-28,47.05
2016-09-29,47.83
2016-09-30,48.24
2016-10-03,48.81
2016-10-04,48.69
2016-10-05,49.83
2016-10-06,50.44
2016-10-07,49.81
2016-10-10,51.35
2016-10-11,50.79
2016-10-12,50.18
2016-10-13,50.44
2016-10-14,50.35
2016-10-17,49.94
2016-10-18,50.29
2016-10-19,51.6
2016-10-20,50.43
2016-10-21,50.85
2016-10-24,50.52
2016-10-25,49.96
2016-10-26,49.18
2016-10-27,49.72
2016-10-28,48.7
2016-10-31,46.86
2016-11-01,46.67
2016-11-02,45.34
2016-11-03,44.66
2016-11-04,44.07
2016-11-07,44.89
2016-11-08,44.98
2016-11-09,45.27
2016-11-10,44.66
2016-11-11,43.41
2016-11-14,43.32
2016-11-15,45.81
2016-11-16,45.57
2016-11-17,45.42
2016-11-18,45.69
2016-11-21,47.49
2016-11-22,48.03
2016-11-23,47.96
2016-11-24,47.98
2016-11-25,46.06
2016-11-28,47.08
2016-11-29,45.23
2016-11-30,49.44
2016-12-01,51.06
2016-12-02,51.68
2016-12-05,51.79
2016-12-06,50.93
2016-12-07,49.77
2016-12-08,50.84
2016-12-09,51.5
2016-12-12,52.83
2016-12-13,52.98
2016-12-14,51.04
2016-12-15,50.9
2016-12-16,51.9
2016-12-19,52.12
2016-12-20,52.23
2016-12-21,52.49
2016-12-22,52.95
2016-12-23,53.02
2016-12-26,53.19
2016-12-27,53.9
2016-12-28,54.06
2016-12-29,53.77
2016-12-30,53.72
2017-01-02,54.03
2017-01-03,52.33
2017-01-04,53.26
2017-01-05,53.76
2017-01-06,53.99
2017-01-09,51.96
2017-01-10,50.82
2017-01-11,52.25
2017-01-12,53.01
2017-01-13,52.37
2017-01-15,52.45
2017-01-16,52.52
2017-01-17,52.48
2017-01-18,51.08
2017-01-19,51.37
2017-01-20,52.42
2017-01-23,52.75
2017-01-24,53.18
2017-01-25,52.75
2017-01-26,53.78
2017-01-27,53.17
2017-01-30,52.63
2017-01-31,52.81
2017-02-01,53.88
2017-02-02,53.54
2017-02-03,53.83
2017-02-06,53.01
2017-02-07,52.17
2017-02-08,52.34
2017-02-09,53.0
2017-02-10,53.86
2017-02-13,52.93
2017-02-14,53.2
2017-02-15,53.11
2017-02-16,53.36
2017-02-17,53.4
2017-02-19,53.79
2017-02-20,53.97
2017-02-21,54.06
2017-02-22,53.59
2017-02-23,54.45
2017-02-24,53.99
2017-02-27,54.05
2017-02-28,54.01
2017-03-01,53.83
2017-03-02,52.61
2017-03-03,53.33
2017-03-06,53.2
2017-03-07,53.14
2017-03-08,50.28
2017-03-09,49.28
2017-03-10,48.49
2017-03-13,48.4
2017-03-14,47.72
2017-03-15,48.86
2017-03-16,48.75
2017-03-17,48.78
2017-03-20,48.22
2017-03-21,47.34
2017-03-22,48.04
2017-03-23,47.7
2017-03-24,47.97
2017-03-27,47.73
2017-03-28,48.37
2017-03-29,49.51
2017-03-30,50.35
2017-03-31,50.6
2017-04-03,50.24
2017-04-04,51.03
2017-04-05,51.15
2017-04-06,51.7
2017-04-07,52.24
2017-04-10,53.08
2017-04-11,53.4
2017-04-12,53.11
2017-04-13,53.18
2017-04-17,52.65
2017-04-18,52.41
2017-04-19,50.44
2017-04-20,50.27
2017-04-21,49.62
2017-04-24,49.23
2017-04-25,49.56
2017-04-26,49.96
2017-04-27,49.31
2017-04-28,49.62
2017-05-01,49.16
2017-05-02,47.99
2017-05-03,48.18
2017-05-04,45.9
2017-05-05,46.6
2017-05-08,46.84
2017-05-09,46.27
2017-05-10,47.7
2017-05-11,48.2
2017-05-12,48.17
2017-05-15,49.16
2017-05-16,49.0
2017-05-17,49.41
2017-05-18,49.66
2017-05-19,50.67
2017-05-22,51.13
2017-05-23,51.72
2017-05-24,51.59
2017-05-25,49.14
2017-05-26,50.05
2017-05-28,49.94
2017-05-29,49.97
2017-05-30,49.91
2017-05-31,48.56
2017-06-01,48.6
2017-06-02,47.87
2017-06-05,47.4
2017-06-06,48.19
2017-06-07,45.72
2017-06-08,45.64
2017-06-09,45.83
2017-06-12,46.08
2017-06-13,46.67
2017-06-14,44.93
2017-06-15,44.68
2017-06-16,44.97
2017-06-19,44.43
2017-06-20,43.51
2017-06-21,42.75
2017-06-22,42.97
2017-06-23,43.27
2017-06-26,43.61
2017-06-27,44.49
2017-06-28,44.99
2017-06-29,45.2
2017-06-30,46.29
2017-07-03,47.29
2017-07-04,47.13
2017-07-05,45.34
2017-07-06,45.7
2017-07-07,44.39
2017-07-10,44.6
2017-07-11,45.23
2017-07-12,45.66
2017-07-13,46.25
2017-07-14,46.75
2017-07-17,46.23
2017-07-18,46.59
2017-07-19,47.32
2017-07-20,46.92
2017-07-21,45.95
2017-07-24,46.51
2017-07-25,48.02
2017-07-26,48.85
2017-07-27,49.17
2017-07-28,49.81
2017-07-31,50.26
2017-08-01,49.29
2017-08-02,49.73
2017-08-03,49.19
2017-08-04,49.73
2017-08-07,49.57
2017-08-08,49.17
2017-08-09,49.56
2017-08-10,48.59
2017-08-11,48.82
2017-08-14,47.59
2017-08-15,47.55
2017-08-16,46.78
2017-08-17,47.09
2017-08-18,48.51
2017-08-21,47.37
2017-08-22,47.64
2017-08-23,48.41
2017-08-24,47.43
2017-08-25,47.87
2017-08-28,46.57
2017-08-29,46.44
2017-08-30,45.96
2017-08-31,47.23
2017-09-01,47.29
2017-09-03,47.32
2017-09-04,47.41
2017-09-05,48.66
2017-09-06,49.16
2017-09-07,49.09
2017-09-08,47.48
2017-09-11,48.07
2017-09-12,48.23
2017-09-13,49.3
2017-09-14,49.89
2017-09-15,49.89
2017-09-18,49.91
2017-09-19,49.48
2017-09-20,50.41
2017-09-21,50.55
2017-09-22,50.66
2017-09-25,52.22
2017-09-26,51.88
2017-09-27,52.43
2017-09-28,51.87
2017-09-29,51.95
2017-10-02,50.9
2017-10-03,50.74
2017-10-04,50.32
2017-10-05,51.15
2017-10-06,49.65
2017-10-09,49.93
2017-10-10,51.23
2017-10-11,51.6
2017-10-12,50.93
2017-10-13,51.73
2017-10-16,52.14
2017-10-17,52.11
2017-10-18,52.26
2017-10-19,51.51
2017-10-20,51.84
2017-10-23,52.08
2017-10-24,52.67
2017-10-25,52.43
2017-10-26,52.86
2017-10-27,54.09
2017-10-30,54.37
2017-10-31,54.59
2017-11-01,54.51
2017-11-02,54.77
2017-11-03,55.86
2017-11-06,57.57
2017-11-07,57.43
2017-11-08,57.05
2017-11-09,57.39
2017-11-10,56.98
2017-11-13,56.97
2017-11-14,55.89
2017-11-15,55.52
2017-11-16,55.35
2017-11-17,56.71
2017-11-20,56.42
2017-11-21,56.92
2017-11-22,58.02
2017-11-23,58.38
2017-11-24,58.91
2017-11-27,58.16
2017-11-28,58.05
2017-11-29,57.36
2017-11-30,57.45
2017-12-01,58.38
2017-12-04,57.49
2017-12-05,57.67
2017-12-06,56.03
2017-12-07,56.75
2017-12-08,57.44
2017-12-11,58.05
2017-12-12,57.16
2017-12-13,56.59
2017-12-14,57.08
2017-12-15,57.33
2017-12-18,57.22
2017-12-19,57.56
2017-12-20,58.13
2017-12-21,58.4
2017-12-22,58.54
2017-12-25,58.59
2017-12-26,60.0
2017-12-27,59.69
2017-12-28,59.87
2017-12-29,60.44
2018-01-01,60.24
2018-01-02,60.38
2018-01-03,61.55
2018-01-04,61.9
2018-01-05,61.41
2018-01-08,61.72
2018-01-09,62.87
2018-01-10,63.42
2018-01-11,63.68
2018-01-12,64.23
2018-01-14,64.28
2018-01-15,64.73
2018-01-16,63.67
2018-01-17,63.92
2018-01-18,63.89
2018-01-19,63.31
2018-01-22,63.57
2018-01-23,64.31
2018-01-24,65.36
2018-01-25,65.37
2018-01-26,65.97
2018-01-29,65.39
2018-01-30,64.35
2018-01-31,64.56
2018-02-01,65.55
2018-02-02,65.07
2018-02-05,63.83
2018-02-06,63.11
2018-02-07,61.55
2018-02-08,60.94
2018-02-09,58.99
2018-02-12,59.08
2018-02-13,59.03
2018-02-14,60.51
2018-02-15,61.17
2018-02-16,61.55
2018-02-18,61.72
2018-02-19,62.38
2018-02-20,61.79
2018-02-21,61.52
2018-02-22,62.6
2018-02-23,63.41
2018-02-26,63.77
2018-02-27,62.9
2018-02-28,61.47
2018-03-01,60.8
2018-03-02,61.09
2018-03-05,62.39
2018-03-06,62.45
2018-03-07,61.02
2018-03-08,60.06
2018-03-09,61.92
2018-03-12,61.33
2018-03-13,60.75
2018-03-14,61.02
2018-03-15,61.25
2018-03-16,62.41
2018-03-19,62.13
2018-03-20,63.54
2018-03-21,64.95
2018-03-22,64.18
2018-03-23,65.71
2018-03-26,65.41
2018-03-27,65.18
2018-03-28,64.35
2018-03-29,64.87
2018-04-02,62.99
2018-04-03,63.46
2018-04-04,63.33
2018-04-05,63.54
2018-04-06,62.1
2018-04-09,63.43
2018-04-10,65.44
2018-04-11,66.74
2018-04-12,66.95
2018-04-13,67.33
2018-04-16,66.2
2018-04-17,66.51
2018-04-18,68.47
2018-04-19,68.33
2018-04-20,68.4
2018-04-23,68.47
2018-04-24,67.57
2018-04-25,67.92
2018-04-26,68.08
2018-04-27,67.98
2018-04-30,68.48
2018-05-01,67.13
2018-05-02,67.77
2018-05-03,68.26
2018-05-04,69.58
2018-05-07,70.62
2018-05-08,68.97
2018-05-09,71.05
2018-05-10,71.31
2018-05-11,70.68
2018-05-14,70.99
2018-05-15,71.37
2018-05-16,71.56
2018-05-17,71.57
2018-05-18,71.37
2018-05-21,72.35
2018-05-22,72.2
2018-05-23,71.71
2018-05-24,70.58
2018-05-25,67.78
2018-05-27,67.36
2018-05-28,67.05
2018-05-29,66.62
2018-05-30,68.08
2018-05-31,66.91
2018-06-01,65.77
2018-06-04,64.68
2018-06-05,65.46
2018-06-06,64.7
2018-06-07,65.89
2018-06-08,65.67
2018-06-11,66.03
2018-06-12,66.28
2018-06-13,66.52
2018-06-14,66.69
2018-06-15,64.85
2018-06-18,65.69
2018-06-19,64.9
2018-06-20,65.71
2018-06-21,64.86
2018-06-22,67.63
2018-06-25,67.04
2018-06-26,69.28
2018-06-27,71.26
2018-06-28,71.81
2018-06-29,72.46
2018-07-02,71.62
2018-07-03,71.59
2018-07-04,74.13
2018-07-05,70.63
2018-07-06,71.57
2018-07-09,71.98
2018-07-10,72.56
2018-07-11,68.86
2018-07-12,69.35
2018-07-13,69.95
2018-07-16,67.07
2018-07-17,67.16
2018-07-18,67.75
2018-07-19,68.24
2018-07-20,68.26
2018-07-23,66.75
2018-07-24,67.19
2018-07-25,68.01
2018-07-26,68.43
2018-07-27,67.73
2018-07-30,68.95
2018-07-31,67.63
2018-08-01,66.5
2018-08-02,67.66
2018-08-03,67.35
2018-08-06,67.94
2018-08-07,68.33
2018-08-08,66.25
2018-08-09,66.14
2018-08-10,66.94
2018-08-13,66.57
2018-08-14,66.33
2018-08-15,64.46
2018-08-16,64.88
2018-08-17,65.21
2018-08-20,65.42
2018-08-21,65.84
2018-08-22,67.51
2018-08-23,67.53
2018-08-24,68.36
2018-08-27,68.54
2018-08-28,68.22
2018-08-29,69.17
2018-08-30,69.81
2018-08-31,69.37
2018-09-02,69.92
2018-09-03,70.12
2018-09-04,69.56
2018-09-05,68.42
2018-09-06,67.52
2018-09-07,67.55
2018-09-10,67.41
2018-09-11,69.04
2018-09-12,70.16
2018-09-13,68.41
2018-09-14,68.77
2018-09-17,68.68
2018-09-18,69.59
2018-09-19,70.77
2018-09-20,70.32
2018-09-21,70.37
2018-09-24,71.76
2018-09-25,72.1
2018-09-26,71.41
2018-09-27,71.96
2018-09-28,73.06
2018-10-01,75.14
2018-10-02,75.04
2018-10-03,76.24
2018-10-04,74.25
2018-10-05,74.26
2018-10-08,74.17
2018-10-09,74.81
2018-10-10,73.03
2018-10-11,70.81
2018-10-12,71.18
2018-10-15,71.61
2018-10-16,71.76
2018-10-17,69.7
2018-10-18,68.71
2018-10-19,69.28
2018-10-22,69.36
2018-10-23,66.62
2018-10-24,66.96
2018-10-25,67.44
2018-10-26,67.75
2018-10-29,67.21
2018-10-30,66.31
2018-10-31,65.44
2018-11-01,63.81
2018-11-02,63.28
2018-11-05,63.21
2018-11-06,62.34
2018-11-07,61.82
2018-11-08,60.86
2018-11-09,60.36
2018-11-12,60.08
2018-11-13,55.84
2018-11-14,56.44
2018-11-15,56.68
2018-11-16,56.68
2018-11-19,57.2
2018-11-20,53.57
2018-11-21,54.8
2018-11-22,54.02
2018-11-23,50.59
2018-11-26,51.8
2018-11-27,51.73
2018-11-28,50.49
2018-11-29,51.62
2018-11-30,51.09
2018-12-03,53.14
2018-12-04,53.46
2018-12-05,53.12
2018-12-06,51.7
2018-12-07,52.81
2018-12-10,51.2
2018-12-11,51.84
2018-12-12,51.36
2018-12-13,52.83
2018-12-14,51.47
2018-12-17,50.2
2018-12-18,46.6
2018-12-19,48.17
2018-12-20,46.19
2018-12-21,45.89
2018-12-24,42.82
2018-12-25,43.16
2018-12-26,46.54
2018-12-27,44.9
2018-12-28,45.6
2018-12-31,45.72
2019-01-01,45.89
2019-01-02,46.86
2019-01-03,47.4
2019-01-04,48.28
2019-01-07,48.82
2019-01-08,50.11
2019-01-09,52.69
2019-01-10,52.91
2019-01-11,51.91
2019-01-14,50.8
2019-01-15,52.39
2019-01-16,52.61
2019-01-17,52.36
2019-01-18,54.04
2019-01-20,53.65
2019-01-21,54.24
2019-01-22,53.01
2019-01-23,52.92
2019-01-24,53.42
2019-01-25,53.98
2019-01-28,52.29
2019-01-29,53.6
2019-01-30,54.47
2019-01-31,54.04
2019-02-01,55.55
2019-02-04,54.89
2019-02-05,54.0
2019-02-06,54.34
2019-02-07,53.0
2019-02-08,53.09
2019-02-11,52.78
2019-02-12,53.47
2019-02-13,54.31
2019-02-14,54.79
2019-02-15,55.98
2019-02-17,56.33
2019-02-18,56.27
2019-02-19,56.45
2019-02-20,57.16
2019-02-21,57.46
2019-02-22,57.75
2019-02-25,55.92
2019-02-26,55.97
2019-02-27,57.37
2019-02-28,57.61
2019-03-01,56.19
2019-03-04,56.97
2019-03-05,56.94
2019-03-06,56.62
2019-03-07,57.03
2019-03-08,56.43
2019-03-11,57.12
2019-03-12,57.2
2019-03-13,58.59
2019-03-14,58.91
2019-03-15,58.82
2019-03-18,59.38
2019-03-19,59.29
2019-03-20,60.23
2019-03-21,60.2
2019-03-22,59.29
2019-03-25,59.08
2019-03-26,60.1
2019-03-27,59.61
2019-03-28,59.48
2019-03-29,60.28
2019-04-01,61.71
2019-04-02,62.61
2019-04-03,62.52
2019-04-04,62.19
2019-04-05,63.15
2019-04-08,64.33
2019-04-09,63.96
2019-04-10,64.65
2019-04-11,63.67
2019-04-12,64.02
2019-04-15,63.56
2019-04-16,64.19
2019-04-17,63.87
2019-04-18,64.07
2019-04-22,65.55
2019-04-23,66.24
2019-04-24,65.89
2019-04-25,65.28
2019-04-26,63.38
2019-04-29,63.57
2019-04-30,63.98
2019-05-01,63.69
2019-05-02,61.9
2019-05-03,62.04
2019-05-06,62.37
2019-05-07,61.51
2019-05-08,62.22
2019-05-09,61.81
2019-05-10,61.8
2019-05-13,61.21
2019-05-14,61.96
2019-05-15,62.24
2019-05-16,63.06
2019-05-17,62.92
2019-05-20,63.21
2019-05-21,63.13
2019-05-22,61.5
2019-05-23,57.99
2019-05-24,58.71
2019-05-26,58.77
2019-05-27,59.16
2019-05-28,59.35
2019-05-29,58.95
2019-05-30,56.74
2019-05-31,53.64
2019-06-03,53.38
2019-06-04,53.63
2019-06-05,51.83
2019-06-06,52.73
2019-06-07,54.16
2019-06-10,53.48
2019-06-11,53.52
2019-06-12,51.37
2019-06-13,52.54
2019-06-14,52.77
2019-06-17,52.17
2019-06-18,54.11
2019-06-19,53.97
2019-06-20,57.07
2019-06-21,57.5
2019-06-24,57.93
2019-06-25,57.89
2019-06-26,59.43
2019-06-27,59.49
2019-06-28,58.52
2019-07-01,59.14
2019-07-02,56.34
2019-07-03,57.44
2019-07-04,56.8
2019-07-05,57.59
2019-07-08,57.76
2019-07-09,57.94
2019-07-10,60.52
2019-07-11,60.28
2019-07-12,60.3
2019-07-15,59.68
2019-07-16,57.74
2019-07-17,56.92
2019-07-18,55.42
2019-07-19,55.76
2019-07-22,56.22
2019-07-23,56.85
2019-07-24,56.0
2019-07-25,56.16
2019-07-26,56.33
2019-07-29,56.96
2019-07-30,58.11
2019-07-31,58.63
2019-08-01,54.01
2019-08-02,55.67
2019-08-05,54.58
2019-08-06,53.59
2019-08-07,51.03
2019-08-08,52.46
2019-08-09,54.37
2019-08-12,54.85
2019-08-13,57.1
2019-08-14,55.25
2019-08-15,54.42
2019-08-16,54.81
2019-08-19,56.14
2019-08-20,56.13
2019-08-21,55.49
2019-08-22,55.16
2019-08-23,54.02
2019-08-26,53.5
2019-08-27,54.77
2019-08-28,55.6
2019-08-29,56.45
2019-08-30,54.89
2019-09-01,54.8
2019-09-02,54.66
2019-09-03,53.76
2019-09-04,56.1
2019-09-05,56.16
2019-09-06,56.43
2019-09-09,57.73
2019-09-10,57.29
2019-09-11,55.67
2019-09-12,55.05
2019-09-13,54.8
2019-09-16,62.67
2019-09-17,59.1
2019-09-18,58.04
2019-09-19,58.19
2019-09-20,58.09
2019-09-23,58.42
2019-09-24,57.08
2019-09-25,56.32
2019-09-26,56.28
2019-09-27,55.79
2019-09-30,53.98
2019-10-01,53.5
2019-10-02,52.51
2019-10-03,52.36
2019-10-04,52.74
2019-10-07,52.71
2019-10-08,52.62
2019-10-09,52.61
2019-10-10,53.56
2019-10-11,54.78
2019-10-14,53.65
2019-10-15,52.88
2019-10-16,53.45
2019-10-17,54.03
2019-10-18,53.87
2019-10-21,53.51
2019-10-22,54.48
2019-10-23,55.99
2019-10-24,56.27
2019-10-25,56.71
2019-10-28,55.9
2019-10-29,55.68
2019-10-30,55.1
2019-10-31,54.25
2019-11-01,56.27
2019-11-04,56.6
2019-11-05,57.29
2019-11-06,56.38
2019-11-07,57.15
2019-11-08,57.26
2019-11-11,56.9
2019-11-12,56.85
2019-11-13,57.2
2019-11-14,56.88
2019-11-15,57.83
2019-11-18,57.14
2019-11-19,55.35
2019-11-20,57.01
2019-11-21,58.41
2019-11-22,57.66
2019-11-25,57.91
2019-11-26,58.32
2019-11-27,58.05
2019-11-28,58.08
2019-11-29,55.14
2019-12-02,55.91
2019-12-03,56.03
2019-12-04,58.34
2019-12-05,58.34
2019-12-06,59.1
2019-12-09,58.92
2019-12-10,59.14
2019-12-11,58.65
2019-12-12,59.06
2019-12-13,59.98
2019-12-16,60.14
2019-12-17,60.87
2019-12-18,60.85
2019-12-19,61.18
2019-12-20,60.25
2019-12-23,60.35
2019-12-24,60.94
2019-12-25,61.19
2019-12-26,61.48
2019-12-27,61.53
2019-12-30,61.44
2019-12-31,60.77
2020-01-01,61.33
2020-01-02,60.95
2020-01-03,62.82
2020-01-06,63.04
2020-01-07,62.51
2020-01-08,59.46
2020-01-09,59.44
2020-01-10,58.99
2020-01-13,58.08
2020-01-14,58.26
2020-01-15,57.84
2020-01-16,58.53
2020-01-17,58.58
2020-01-19,59.27
2020-01-20,58.73
2020-01-21,58.38
2020-01-22,56.76
2020-01-23,55.61
2020-01-24,54.2
2020-01-27,53.18
2020-01-28,53.52
2020-01-29,53.41
2020-01-30,52.23
2020-01-31,51.68
2020-02-03,50.28
2020-02-04,49.8
2020-02-05,50.92
2020-02-06,51.14
2020-02-07,50.55
2020-02-10,49.78
2020-02-11,50.17
2020-02-12,51.41
2020-02-13,51.66
2020-02-14,52.32
2020-02-16,52.36
2020-02-17,52.2
2020-02-18,52.29
2020-02-19,53.49
2020-02-20,53.88
2020-02-21,53.5
2020-02-24,51.58
2020-02-25,50.06
2020-02-26,48.88
2020-02-27,47.29
2020-02-28,44.94
2020-03-02,46.92
2020-03-03,47.33
2020-03-04,46.95
2020-03-05,46.06
2020-03-06,41.51
2020-03-09,31.47
2020-03-10,34.73
2020-03-11,33.39
2020-03-12,31.98
2020-03-13,32.11
2020-03-16,29.0
2020-03-17,27.33
2020-03-18,20.83
2020-03-19,25.91
2020-03-20,22.63
2020-03-23,25.48
2020-03-24,26.2
2020-03-25,27.16
2020-03-26,25.71
2020-03-27,25.15
2020-03-30,24.09
2020-03-31,24.51
2020-04-01,23.74
2020-04-02,28.05
2020-04-03,30.9
2020-04-06,29.98
2020-04-07,28.69
2020-04-08,30.17
2020-04-09,28.82
2020-04-13,29.26
2020-04-14,27.4
2020-04-15,26.04
2020-04-16,25.53
2020-04-17,25.03
2020-04-20,20.43
2020-04-21,11.57
2020-04-22,20.69
2020-04-23,21.44
2020-04-24,21.22
2020-04-27,18.08
2020-04-28,17.6
2020-04-29,19.12
2020-04-30,21.85
2020-05-01,22.29
2020-05-04,22.78
2020-05-05,26.49
2020-05-06,25.62
2020-05-07,24.83
2020-05-08,26.17
2020-05-11,25.08
2020-05-12,26.33
2020-05-13,25.68
2020-05-14,27.88
2020-05-15,29.52
2020-05-18,31.65
2020-05-19,31.96
2020-05-20,33.94
2020-05-21,34.34
2020-05-22,33.65
2020-05-24,32.9
2020-05-25,33.92
2020-05-26,34.77
2020-05-27,33.23
2020-05-28,34.06
2020-05-29,35.84
2020-06-01,35.79
2020-06-02,37.06
2020-06-03,37.59
2020-06-04,37.72
2020-06-05,39.8
2020-06-08,38.43
2020-06-09,39.16
2020-06-10,39.78
2020-06-11,36.57
2020-06-12,36.51
2020-06-15,37.43
2020-06-16,38.65
2020-06-17,38.21
2020-06-18,39.05
2020-06-19,39.83
2020-06-22,40.73
2020-06-23,40.51
2020-06-24,38.21
2020-06-25,38.91
2020-06-26,38.65
2020-06-29,39.81
2020-06-30,39.34
2020-07-01,39.92
2020-07-02,40.76
2020-07-03,40.28
2020-07-06,40.73
2020-07-07,40.7
2020-07-08,41.04
2020-07-09,39.83
2020-07-10,40.76
2020-07-13,40.32
2020-07-14,40.55
2020-07-15,41.4
2020-07-16,40.93
2020-07-17,40.75
2020-07-20,40.92
2020-07-21,41.92
2020-07-22,42.04
2020-07-23,41.21
2020-07-24,41.45
2020-07-27,41.8
2020-07-28,41.28
2020-07-29,41.54
2020-07-30,40.24
2020-07-31,40.57
2020-08-03,41.31
2020-08-04,41.91
2020-08-05,42.43
2020-08-06,42.2
2020-08-07,41.49
2020-08-10,42.17
2020-08-11,41.87
2020-08-12,42.95
2020-08-13,42.52
2020-08-14,42.31
2020-08-17,43.17
2020-08-18,43.12
2020-08-19,43.11
2020-08-20,42.82
2020-08-21,42.62
2020-08-24,42.93
2020-08-25,43.65
2020-08-26,43.69
2020-08-27,43.31
2020-08-28,43.29
2020-08-31,42.9
2020-09-01,43.08
2020-09-02,41.85
2020-09-03,41.72
2020-09-04,40.15
2020-09-06,38.75
2020-09-07,39.2
2020-09-08,37.19
2020-09-09,38.41
2020-09-10,37.66
2020-09-11,37.65
2020-09-14,37.56
2020-09-15,38.55
2020-09-16,40.41
2020-09-17,41.22
2020-09-18,41.32
2020-09-21,39.54
2020-09-22,39.8
2020-09-23,40.22
2020-09-24,40.58
2020-09-25,40.51
2020-09-28,40.87
2020-09-29,39.56
2020-09-30,40.47
2020-10-01,39.01
2020-10-02,37.34
2020-10-05,39.5
2020-10-06,40.93
2020-10-07,40.23
2020-10-08,41.47
2020-10-09,40.91
2020-10-12,39.73
2020-10-13,40.49
2020-10-14,41.34
2020-10-15,41.24
2020-10-16,41.12
2020-10-19,41.06
2020-10-20,41.7
2020-10-21,40.31
2020-10-22,40.94
2020-10-23,40.15
2020-10-26,38.89
2020-10-27,39.87
2020-10-28,37.72
2020-10-29,36.51
2020-10-30,36.15
2020-11-02,37.18
2020-11-03,37.99
2020-11-04,39.47
2020-11-05,39.11
2020-11-06,37.49
2020-11-09,40.62
2020-11-10,41.67
2020-11-11,41.74
2020-11-12,41.41
2020-11-13,40.4
2020-11-16,41.57
2020-11-17,41.65
2020-11-18,42.01
2020-11-19,41.9
2020-11-20,42.42
2020-11-23,43.28
2020-11-24,45.11
2020-11-25,45.91
2020-11-26,44.98
2020-11-27,45.74
2020-11-30,45.51
2020-12-01,44.73
2020-12-02,45.44
2020-12-03,45.79
2020-12-04,46.42
2020-12-07,45.95
2020-12-08,45.8
2020-12-09,45.72
2020-12-10,46.96
2020-12-11,46.75
2020-12-14,47.15
2020-12-15,47.78
2020-12-16,48.0
2020-12-17,48.54
2020-12-18,49.24
2020-12-21,47.97
2020-12-22,47.16
2020-12-23,48.24
2020-12-24,48.35
2020-12-28,47.77
2020-12-29,48.14
2020-12-30,48.5
2020-12-31,48.63
2021-01-04,47.76
2021-01-05,50.01
2021-01-06,50.69
2021-01-07,50.87
2021-01-08,52.26
2021-01-11,52.27
2021-01-12,53.24
2021-01-13,52.96
2021-01-14,53.62
2021-01-15,52.42
2021-01-17,52.2
2021-01-18,52.36
2021-01-19,52.98
2021-01-20,53.31
2021-01-21,53.05
2021-01-22,52.19
2021-01-25,52.67
2021-01-26,52.52
2021-01-27,52.73
2021-01-28,52.24
2021-01-29,52.08
2021-02-01,53.42
2021-02-02,54.62
2021-02-03,55.54
2021-02-04,56.07
2021-02-05,56.7
2021-02-08,57.83
2021-02-09,58.25
2021-02-10,58.57
2021-02-11,58.14
2021-02-12,59.38
2021-02-14,60.37
2021-02-15,60.09
2021-02-16,60.08
2021-02-17,61.16
2021-02-18,60.53
2021-02-19,59.26
2021-02-22,61.7
2021-02-23,61.43
2021-02-24,63.0
2021-02-25,63.22
2021-02-26,61.23
2021-03-01,60.42
2021-03-02,59.57
2021-03-03,61.1
2021-03-04,63.62
2021-03-05,65.92
2021-03-08,64.93
2021-03-09,63.99
2021-03-10,64.42
2021-03-11,66.0
2021-03-12,65.64
2021-03-15,65.44
2021-03-16,64.86
2021-03-17,64.63
2021-03-18,60.06
2021-03-19,61.44
2021-03-22,61.56
2021-03-23,57.78
2021-03-24,61.16
2021-03-25,58.57
2021-03-26,60.96
2021-03-29,61.53
2021-03-30,60.56
2021-03-31,59.18
2021-04-01,61.48
2021-04-05,58.68
2021-04-06,59.37
2021-04-07,59.81
2021-04-08,59.63
2021-04-09,59.35
2021-04-12,59.75
2021-04-13,60.24
2021-04-14,63.22
2021-04-15,63.51
2021-04-16,63.19
2021-04-19,63.43
2021-04-20,62.67
2021-04-21,61.27
2021-04-22,61.34
2021-04-23,62.02
2021-04-26,61.8
2021-04-27,62.8
2021-04-28,63.75
2021-04-29,64.88
2021-04-30,63.48
2021-05-03,64.41
2021-05-04,65.61
2021-05-05,65.59
2021-05-06,64.67
2021-05-07,64.88
2021-05-10,64.93
2021-05-11,65.3
2021-05-12,66.1
2021-05-13,63.84
2021-05-14,65.36
2021-05-17,66.28
2021-05-18,65.5
2021-05-19,63.35
2021-05-20,61.94
2021-05-21,63.36
2021-05-24,65.78
2021-05-25,65.79
2021-05-26,65.96
2021-05-27,66.6
2021-05-28,66.1
2021-05-30,66.59
2021-05-31,66.96
2021-06-01,67.52
2021-06-02,68.63
2021-06-03,68.6
2021-06-04,69.39
2021-06-07,69.04
2021-06-08,69.87
2021-06-09,69.79
2021-06-10,70.09
2021-06-11,70.6
2021-06-14,70.63
2021-06-15,71.86
2021-06-16,71.95
2021-06-17,70.78
2021-06-18,71.29
2021-06-21,73.12
2021-06-22,72.85
2021-06-23,72.36
2021-06-24,72.63
2021-06-25,73.33
2021-06-28,72.2
2021-06-29,72.31
2021-06-30,72.77
2021-07-01,74.33
2021-07-02,74.36
2021-07-04,75.14
2021-07-05,76.25
2021-07-06,72.58
2021-07-07,71.5
2021-07-08,72.22
2021-07-09,73.81
2021-07-12,73.44
2021-07-13,74.69
2021-07-14,72.64
2021-07-15,71.38
2021-07-16,71.56
2021-07-19,66.35
2021-07-20,67.2
2021-07-21,69.57
2021-07-22,71.14
2021-07-23,71.38
2021-07-26,71.34
2021-07-27,71.14
2021-07-28,71.79
2021-07-29,72.98
2021-07-30,73.23
2021-08-02,70.61
2021-08-03,70.03
2021-08-04,67.79
2021-08-05,68.74
2021-08-06,68.1
2021-08-09,66.3
2021-08-10,68.06
2021-08-11,69.02
2021-08-12,68.9
2021-08-13,68.21
2021-08-16,67.05
2021-08-17,66.34
2021-08-18,65.21
2021-08-19,63.5
2021-08-20,62.14
2021-08-23,65.34
2021-08-24,67.25
2021-08-25,68.06
2021-08-26,67.1
2021-08-27,68.48
2021-08-30,68.93
2021-08-31,68.26
2021-09-01,68.32
2021-09-02,69.73
2021-09-03,69.07
2021-09-05,68.75
2021-09-06,68.8
2021-09-07,68.13
2021-09-08,69.05
2021-09-09,67.92
2021-09-10,69.47
2021-09-13,70.19
2021-09-14,70.23
2021-09-15,72.33
2021-09-16,72.37
2021-09-17,71.82
2021-09-20,70.14
2021-09-21,70.49
2021-09-22,71.89
2021-09-23,72.95
2021-09-24,73.61
2021-09-27,75.08
2021-09-28,74.9
2021-09-29,74.5
2021-09-30,74.7
2021-10-01,75.58
2021-10-04,77.33
2021-10-05,78.57
2021-10-06,77.06
2021-10-07,77.96
2021-10-08,78.76
2021-10-11,79.92
2021-10-12,79.92
2021-10-13,79.82
2021-10-14,80.77
2021-10-15,81.73
2021-10-18,81.69
2021-10-19,82.44
2021-10-20,83.42
2021-10-21,81.36
2021-10-22,82.5
2021-10-25,82.61
2021-10-26,83.36
2021-10-27,81.48
2021-10-28,81.46
2021-10-29,81.78
2021-11-01,82.45
2021-11-02,82.44
2021-11-03,79.57
2021-11-04,77.7
2021-11-05,80.13
2021-11-08,80.74
2021-11-09,82.56
2021-11-10,80.06
2021-11-11,80.42
2021-11-12,79.69
2021-11-15,79.75
2021-11-16,79.74
2021-11-17,77.55
2021-11-18,78.41
2021-11-19,75.94
2021-11-22,76.12
2021-11-23,77.94
2021-11-24,77.81
2021-11-25,77.41
2021-11-26,67.84
2021-11-29,69.62
2021-11-30,65.85
2021-12-01,65.37
2021-12-02,66.27
2021-12-03,66.1
2021-12-06,69.3
2021-12-07,71.84
2021-12-08,72.18
2021-12-09,70.79
2021-12-10,71.48
2021-12-13,71.06
2021-12-14,70.52
2021-12-15,70.66
2021-12-16,72.15
2021-12-17,70.72
2021-12-20,68.61
2021-12-21,70.82
2021-12-22,72.33
2021-12-23,73.42
2021-12-27,75.18
2021-12-28,75.6
2021-12-29,76.18
2021-12-30,76.61
2021-12-31,74.88
2022-01-03,75.85
2022-01-04,76.74
2022-01-05,77.47
2022-01-06,78.88
2022-01-07,78.44
2022-01-10,77.7
2022-01-11,80.67
2022-01-12,82.02
2022-01-13,81.62
2022-01-14,83.3
2022-01-16,83.83
2022-01-17,83.69
2022-01-18,84.83
2022-01-19,85.8
2022-01-20,85.55
2022-01-21,84.14
2022-01-24,82.41
2022-01-25,84.37
2022-01-26,85.96
2022-01-27,85.29
2022-01-28,85.43
2022-01-31,86.49
2022-02-01,86.46
2022-02-02,86.69
2022-02-03,88.45
2022-02-04,90.33
2022-02-07,89.77
2022-02-08,87.9
2022-02-09,88.53
2022-02-10,88.56
2022-02-11,91.42
2022-02-14,93.5
2022-02-15,90.21
2022-02-16,91.83
2022-02-17,90.04
2022-02-18,90.21
2022-02-20,91.62
2022-02-21,92.65
2022-02-22,91.91
2022-02-23,90.69
2022-02-24,90.94
2022-02-25,89.89
2022-02-28,93.5
2022-03-01,100.21
2022-03-02,107.06
2022-03-03,104.61
2022-03-04,112.11
2022-03-07,115.8
2022-03-08,119.65
2022-03-09,105.05
2022-03-10,102.99
2022-03-11,106.3
2022-03-14,101.18
2022-03-15,94.79
2022-03-16,93.59
2022-03-17,101.65
2022-03-18,103.09
2022-03-21,109.97
2022-03-22,109.27
2022-03-23,111.99
2022-03-24,109.43
2022-03-25,111.06
2022-03-28,103.42
2022-03-29,102.05
2022-03-30,105.68
2022-03-31,98.52
2022-04-01,97.9
2022-04-04,101.84
2022-04-05,100.68
2022-04-06,95.41
2022-04-07,95.51
2022-04-08,97.73
2022-04-11,93.92
2022-04-12,100.15
2022-04-13,103.79
2022-04-14,106.38
2022-04-18,107.61
2022-04-19,102.05
2022-04-20,102.19
2022-04-21,102.96
2022-04-22,101.05
2022-04-25,97.67
2022-04-26,100.41
2022-04-27,100.68
2022-04-28,103.47
2022-04-29,102.94
2022-05-02,103.42
2022-05-03,100.9
2022-05-04,106.22
2022-05-05,106.74
2022-05-06,108.33
2022-05-09,101.77
2022-05-10,98.45
2022-05-11,104.03
2022-05-12,104.4
2022-05-13,108.63
2022-05-16,111.82
2022-05-17,109.63
2022-05-18,107.04
2022-05-19,109.89
2022-05-20,110.28
2022-05-23,107.54
2022-05-24,107.2
2022-05-25,107.75
2022-05-26,111.25
2022-05-27,112.23
2022-05-29,115.61
2022-05-30,117.61
2022-05-31,111.91
2022-06-01,112.72
2022-06-02,114.3
2022-06-03,116.23
2022-06-06,116.06
2022-06-07,117.1
2022-06-08,119.78
2022-06-09,119.09
2022-06-10,118.12
2022-06-13,118.25
2022-06-14,116.26
2022-06-15,113.09
2022-06-16,115.25
2022-06-17,107.99
2022-06-19,108.94
2022-06-20,108.84
2022-06-21,109.52
2022-06-22,103.99
2022-06-23,101.58
2022-06-24,104.45
2022-06-27,106.38
2022-06-28,108.89
2022-06-29,107.01
2022-06-30,103.1
2022-07-01,105.39
2022-07-03,108.19
2022-07-04,110.4
2022-07-05,96.52
2022-07-06,94.98
2022-07-07,99.25
2022-07-08,101.53
2022-07-11,101.21
2022-07-12,93.31
2022-07-13,93.83
2022-07-14,92.83
2022-07-15,94.57
2022-07-18,99.42
2022-07-19,100.74
2022-07-20,99.88
2022-07-21,93.78
2022-07-22,92.43
2022-07-25,94.42
2022-07-26,92.88
2022-07-27,95.29
2022-07-28,94.65
2022-07-29,96.75
2022-08-01,92.39
2022-08-02,93.22
2022-08-03,89.74
2022-08-04,87.56
2022-08-05,88.08
2022-08-08,89.93
2022-08-09,89.67
2022-08-10,91.2
2022-08-11,93.53
2022-08-12,91.46
2022-08-15,88.85
2022-08-16,86.16
2022-08-17,87.69
2022-08-18,90.11
2022-08-19,90.44
2022-08-22,90.36
2022-08-23,93.25
2022-08-24,94.4
2022-08-25,92.19
2022-08-26,92.39
2022-08-29,96.19
2022-08-30,91.17
2022-08-31,89.03
2022-09-01,86.22
2022-09-02,86.48
2022-09-04,88.25
2022-09-05,88.96
2022-09-06,86.51
2022-09-07,81.63
2022-09-08,83.07
2022-09-09,86.36
2022-09-12,87.41
2022-09-13,86.89
2022-09-14,88.05
2022-09-15,84.65
2022-09-16,84.76
2022-09-19,85.36
2022-09-20,83.94
2022-09-21,82.43
2022-09-22,83.03
2022-09-23,78.25
2022-09-26,76.18
2022-09-27,77.81
2022-09-28,81.24
2022-09-29,80.42
2022-09-30,78.72
2022-10-03,82.7
2022-10-04,85.5
2022-10-05,86.84
2022-10-06,87.59
2022-10-07,91.35
2022-10-10,89.84
2022-10-11,87.97
2022-10-12,86.06
2022-10-13,87.95
2022-10-14,84.65
2022-10-17,84.53
2022-10-18,82.07
2022-10-19,84.52
2022-10-20,84.51
2022-10-21,83.95
2022-10-24,83.59
2022-10-25,84.31
2022-10-26,86.68
2022-10-27,87.83
2022-10-28,86.61
2022-10-31,85.4
2022-11-01,87.19
2022-11-02,88.86
2022-11-03,87.18
2022-11-04,91.45
2022-11-07,90.73
2022-11-08,88.0
2022-11-09,85.0
2022-11-10,85.66
2022-11-11,88.16
2022-11-14,85.16
2022-11-15,86.25
2022-11-16,85.0
2022-11-17,81.4
2022-11-18,80.11
2022-11-21,80.04
2022-11-22,80.73
2022-11-23,78.07
2022-11-24,77.95
2022-11-25,76.43
2022-11-28,77.33
2022-11-29,78.28
2022-11-30,80.66
2022-12-01,81.14
2022-12-02,80.05
2022-12-05,77.08
2022-12-06,74.46
2022-12-07,72.28
2022-12-08,71.58
2022-12-09,71.21
2022-12-12,73.28
2022-12-13,75.44
2022-12-14,77.31
2022-12-15,76.15
2022-12-16,74.46
2022-12-19,75.38
2022-12-20,76.23
2022-12-21,78.24
2022-12-22,77.42
2022-12-23,79.64
2022-12-26,80.97
2022-12-27,79.64
2022-12-28,79.08
2022-12-29,78.5
2022-12-30,80.45
2023-01-02,80.47
2023-01-03,77.12
2023-01-04,73.1
2023-01-05,73.92
2023-01-06,74.04
2023-01-09,74.92
2023-01-10,75.37
2023-01-11,77.68
2023-01-12,78.65
2023-01-13,80.11
2023-01-15,79.78
2023-01-16,79.04
2023-01-17,80.45
2023-01-18,79.8
2023-01-19,80.61
2023-01-20,81.64
2023-01-23,81.93
2023-01-24,80.44
2023-01-25,80.44
2023-01-26,81.28
2023-01-27,79.96
2023-01-30,78.18
2023-01-31,79.17
2023-02-01,76.73
2023-02-02,76.2
2023-02-03,73.74
2023-02-06,74.47
2023-02-07,77.39
2023-02-08,78.69
2023-02-09,78.27
2023-02-10,79.92
2023-02-13,80.33
2023-02-14,79.24
2023-02-15,78.83
2023-02-16,78.74
2023-02-17,76.55
2023-02-19,76.67
2023-02-20,77.3
2023-02-21,76.36
2023-02-22,74.19
2023-02-23,75.6
2023-02-24,76.47
2023-02-27,75.81
2023-02-28,77.19
2023-03-01,77.83
2023-03-02,78.31
2023-03-03,79.79
2023-03-06,80.56
2023-03-07,77.72
2023-03-08,76.81
2023-03-09,75.84
2023-03-10,76.78
2023-03-13,74.91
2023-03-14,71.49
2023-03-15,67.74
2023-03-16,68.52
2023-03-17,66.93
2023-03-20,67.82
2023-03-21,69.67
2023-03-22,71.02
2023-03-23,70.12
2023-03-24,69.41
2023-03-27,72.93
2023-03-28,73.34
2023-03-29,73.12
2023-03-30,74.49
2023-03-31,75.8
2023-04-03,80.44
2023-04-04,80.72
2023-04-05,80.63
2023-04-06,80.68
2023-04-10,79.77
2023-04-11,81.49
2023-04-12,83.09
2023-04-13,82.04
2023-04-14,82.43
2023-04-17,80.83
2023-04-18,80.9
2023-04-19,79.24
2023-04-20,77.37
2023-04-21,77.71
2023-04-24,78.6
2023-04-25,76.87
2023-04-26,74.19
2023-04-27,74.58
2023-04-28,76.61
2023-05-01,75.51
2023-05-02,71.55
2023-05-03,68.55
2023-05-04,68.51
2023-05-05,71.27
2023-05-08,73.07
2023-05-09,73.62
2023-05-10,72.52
2023-05-11,70.88
2023-05-12,70.02
2023-05-15,71.09
2023-05-16,70.84
2023-05-17,72.89
2023-05-18,71.94
2023-05-19,71.69
2023-05-22,72.05
2023-05-23,72.85
2023-05-24,74.29
2023-05-25,71.93
2023-05-26,72.76
2023-05-28,73.22
2023-05-29,72.87
2023-05-30,69.6
2023-05-31,68.24
2023-06-01,70.2
2023-06-02,71.84
2023-06-05,72.26
2023-06-06,71.85
2023-06-07,72.64
2023-06-08,71.44
2023-06-09,70.33
2023-06-12,67.29
2023-06-13,69.58
2023-06-14,68.46
2023-06-15,70.81
2023-06-16,71.93
2023-06-18,71.47
2023-06-19,71.31
2023-06-20,71.19
2023-06-21,72.52
2023-06-22,69.63
2023-06-23,69.32
2023-06-26,69.54
2023-06-27,67.9
2023-06-28,69.73
2023-06-29,70.02
2023-06-30,70.78
2023-07-03,69.91
2023-07-04,71.06
2023-07-05,71.88
2023-07-06,71.79
2023-07-07,73.77
2023-07-10,72.95
2023-07-11,74.71
2023-07-12,75.54
2023-07-13,76.76
2023-07-14,75.32
2023-07-17,74.08
2023-07-18,75.66
2023-07-19,75.29
2023-07-20,75.65
2023-07-21,76.78
2023-07-24,78.4
2023-07-25,79.2
2023-07-26,78.4
2023-07-27,79.63
2023-07-28,80.18
2023-07-31,81.32
2023-08-01,80.92
2023-08-02,79.13
2023-08-03,81.08
2023-08-04,82.27
2023-08-07,81.49
2023-08-08,82.36
2023-08-09,83.69
2023-08-10,82.29
2023-08-11,82.57
2023-08-14,81.92
2023-08-15,80.5
2023-08-16,79.02
2023-08-17,79.9
2023-08-18,80.66
2023-08-21,80.12
2023-08-22,79.64
2023-08-23,78.59
2023-08-24,78.66
2023-08-25,79.49
2023-08-28,79.67
2023-08-29,80.68
2023-08-30,81.12
2023-08-31,82.96
2023-09-01,84.75
2023-09-03,85.85
2023-09-04,85.82
2023-09-05,86.01
2023-09-06,86.79
2023-09-07,86.15
2023-09-08,86.81
2023-09-11,86.66
2023-09-12,88.16
2023-09-13,87.88
2023-09-14,89.61
2023-09-15,90.02
2023-09-18,90.58
2023-09-19,90.48
2023-09-20,89.66
2023-09-21,88.32
2023-09-22,88.35
2023-09-25,88.17
2023-09-26,88.78
2023-09-27,91.3
2023-09-28,89.59
2023-09-29,88.8
2023-10-02,87.17
2023-10-03,87.44
2023-10-04,82.55
2023-10-05,80.81
2023-10-06,81.28
2023-10-09,84.6
2023-10-10,84.13
2023-10-11,82.07
2023-10-12,81.8
2023-10-13,86.35
2023-10-16,85.26
2023-10-17,85.44
2023-10-18,87.27
2023-10-19,88.37
2023-10-20,88.08
2023-10-23,84.42
2023-10-24,82.97
2023-10-25,84.69
2023-10-26,82.54
2023-10-27,84.7
2023-10-30,81.68
2023-10-31,80.5
2023-11-01,80.1
2023-11-02,82.16
2023-11-03,80.23
2023-11-06,80.6
2023-11-07,77.21
2023-11-08,75.31
2023-11-09,75.75
2023-11-10,77.15
2023-11-13,78.19
2023-11-14,78.17
2023-11-15,76.79
2023-11-16,73.09
2023-11-17,76.04
2023-11-20,77.83
2023-11-21,77.92
2023-11-22,77.25
2023-11-23,76.34
2023-11-24,75.77
2023-11-27,75.09
2023-11-28,76.59
2023-11-29,77.99
2023-11-30,76.05
2023-12-01,74.25
2023-12-04,73.32
2023-12-05,72.53
2023-12-06,69.65
2023-12-07,69.59
2023-12-08,71.44
2023-12-11,71.56
2023-12-12,68.85
2023-12-13,69.72
2023-12-14,71.91
2023-12-15,71.78
2023-12-18,72.82
2023-12-19,73.94
2023-12-20,74.45
2023-12-21,74.06
2023-12-22,73.73
2023-12-25,73.79
2023-12-26,75.71
2023-12-27,74.34
2023-12-28,71.97
2023-12-29,71.84
2024-01-01,71.97
2024-01-02,70.62
2024-01-03,72.89
2024-01-04,72.36
2024-01-05,73.86
2024-01-08,70.92
2024-01-09,72.29
2024-01-10,71.44
2024-01-11,72.09
2024-01-12,72.79
2024-01-15,72.79
2024-01-16,72.52
2024-01-17,72.48
2024-01-18,73.95
2024-01-19,73.25
2024-01-22,74.76
2024-01-23,74.27
2024-01-24,74.98
2024-01-25,77.19
2024-01-26,77.86
2024-01-29,76.67
2024-01-30,77.65
2024-01-31,75.71
2024-02-01,73.79
2024-02-02,72.3
2024-02-05,72.85
2024-02-06,73.37
2024-02-07,73.91
2024-02-08,76.19
2024-02-09,76.77
2024-02-12,76.82
2024-02-13,77.56
2024-02-14,76.36
2024-02-15,77.59
2024-02-16,78.46
2024-02-19,78.11
2024-02-20,77.04
2024-02-21,77.31
2024-02-22,77.93
2024-02-23,76.08
2024-02-26,77.09
2024-02-27,78.23
2024-02-28,77.83
2024-02-29,77.45
2024-03-01,79.09
2024-03-04,78.17
2024-03-05,77.41
2024-03-06,78.41
2024-03-07,78.32
2024-03-08,77.5
2024-03-11,77.53
2024-03-12,77.25
2024-03-13,79.3
2024-03-14,80.74
2024-03-15,80.58
2024-03-18,82.16
2024-03-19,82.73
2024-03-20,81.27
2024-03-21,80.64
2024-03-22,80.17
2024-03-25,81.38
2024-03-26,81.04
2024-03-27,80.78
2024-03-28,82.42
2024-04-01,82.82
2024-04-02,84.22
2024-04-03,84.61
2024-04-04,85.81
2024-04-05,86.1
2024-04-08,85.53
2024-04-09,84.46
2024-04-10,85.44
2024-04-11,84.45
2024-04-12,85.08
2024-04-15,84.86
2024-04-16,84.83
2024-04-17,82.15
2024-04-18,82.1
2024-04-19,82.22
2024-04-22,81.9
2024-04-23,82.56
2024-04-24,82.09
2024-04-25,82.75
2024-04-26,83.13
2024-04-29,82.03
2024-04-30,81.28
2024-05-01,78.44
2024-05-02,78.48
2024-05-03,77.76
2024-05-06,78.14
2024-05-07,78.06
2024-05-08,78.56
2024-05-09,78.8
2024-05-10,77.84
2024-05-13,78.6
2024-05-14,77.65
2024-05-15,78.16
2024-05-16,78.74
2024-05-17,79.58
2024-05-20,79.3
2024-05-21,78.66
2024-05-22,77.15
2024-05-23,76.46
2024-05-24,77.23
2024-05-27,78.65
2024-05-28,79.35
2024-05-29,78.8
2024-05-30,77.54
2024-05-31,76.73
2024-06-03,74.09
2024-06-04,73.06
2024-06-05,73.82
2024-06-06,75.24
2024-06-07,75.22
2024-06-10,77.33
2024-06-11,77.55
2024-06-12,78.15
2024-06-13,78.26
2024-06-14,78.05
2024-06-17,79.72
2024-06-18,80.71
2024-06-19,80.59
2024-06-20,81.29
2024-06-21,79.96
2024-06-24,80.86
2024-06-25,80.07
2024-06-26,80.19
2024-06-27,80.83
2024-06-28,80.64
2024-07-01,82.32
2024-07-02,81.91
2024-07-03,83.02
2024-07-04,83.94
2024-07-05,82.26
2024-07-08,81.52
2024-07-09,80.56
2024-07-10,81.07
2024-07-11,81.38
2024-07-12,81.02
2024-07-15,80.84
2024-07-16,79.71
2024-07-17,81.44
2024-07-18,81.3
2024-07-19,78.64
2024-07-22,78.4
2024-07-23,75.92
2024-07-24,76.58
2024-07-25,77.11
2024-07-26,76.0
2024-07-29,74.8
2024-07-30,73.88
2024-07-31,76.84
2024-08-01,75.4
2024-08-02,72.59
2024-08-05,72.2
2024-08-06,72.34
2024-08-07,74.17
2024-08-08,75.04
2024-08-09,75.61
2024-08-12,78.46
2024-08-13,76.8
2024-08-14,75.84
2024-08-15,76.99
2024-08-16,75.54
2024-08-19,73.66
2024-08-20,73.17
2024-08-21,71.3
2024-08-22,72.28
2024-08-23,73.93
2024-08-26,76.17
2024-08-27,74.46
2024-08-28,73.44
2024-08-29,74.67
2024-08-30,72.65
2024-09-01,72.98
2024-09-02,73.78
2024-09-03,69.59
2024-09-04,68.52
2024-09-05,68.5
2024-09-06,66.98
2024-09-09,67.91
2024-09-10,65.14
2024-09-11,66.6
2024-09-12,68.15
2024-09-13,67.75
2024-09-16,69.02
2024-09-17,69.96
2024-09-18,69.88
2024-09-19,71.16
2024-09-20,71.0
2024-09-23,69.61
2024-09-24,70.84
2024-09-25,69.13
2024-09-26,67.19
2024-09-27,67.67
2024-09-30,67.77
2024-10-01,69.39
2024-10-02,69.69
2024-10-03,73.17
2024-10-04,73.68
2024-10-07,76.47
2024-10-08,72.98
2024-10-09,72.59
2024-10-10,75.11
2024-10-11,74.85
2024-10-14,73.24
2024-10-15,70.01
2024-10-16,69.82
2024-10-17,70.09
2024-10-18,68.69
2024-10-21,70.04
2024-10-22,71.74
2024-10-23,70.37
2024-10-24,69.84
2024-10-25,71.35
2024-10-28,66.98
2024-10-29,66.81
2024-10-30,68.18
2024-10-31,68.81
2024-11-01,69.08
2024-11-04,71.03
2024-11-05,71.56
2024-11-06,71.24
2024-11-07,71.96
2024-11-08,70.11
2024-11-11,67.92
2024-11-12,67.97
2024-11-13,68.26
2024-11-14,68.53
2024-11-15,66.92
2024-11-18,69.17
2024-11-19,69.24
2024-11-20,68.75
2024-11-21,69.77
2024-11-22,70.77
2024-11-25,68.58
2024-11-26,68.44
2024-11-27,68.35
2024-11-29,67.72
2024-12-02,67.84
2024-12-03,69.54
2024-12-04,68.19
2024-12-05,67.96
2024-12-06,66.98
2024-12-09,68.09
2024-12-10,68.27
2024-12-11,69.87
2024-12-12,69.66
2024-12-13,70.82
2024-12-16,70.29
2024-12-17,69.65
2024-12-18,70.02
2024-12-19,69.38
2024-12-20,69.02
2024-12-23,68.81
2024-12-24,69.64
2024-12-26,69.23
2024-12-27,70.18
2024-12-30,70.53
2024-12-31,71.25
2025-01-02,72.5
2025-01-03,73.21
2025-01-06,72.92
2025-01-07,73.57
2025-01-08,72.67
2025-01-09,73.24
2025-01-10,75.75
2025-01-13,77.3
2025-01-14,76.37
2025-01-15,78.71
2025-01-16,78.68
2025-01-17,77.88
2025-01-21,75.89
2025-01-22,75.44
2025-01-23,74.62
2025-01-24,74.66
2025-01-27,73.17
2025-01-28,73.77
2025-01-29,72.62
2025-01-30,72.73
2025-01-31,72.53
2025-02-03,73.16
2025-02-04,72.7
2025-02-05,71.03
2025-02-06,70.61
2025-02-07,71.0
2025-02-10,72.01
2025-02-11,73.08
2025-02-12,71.24
2025-02-13,71.14
2025-02-14,70.71
2025-02-18,71.85
2025-02-19,72.25
2025-02-20,72.57
2025-02-21,70.4
2025-02-24,70.7
2025-02-25,68.93
2025-02-26,68.62
2025-02-27,70.35
2025-02-28,69.76
2025-03-03,68.37
2025-03-04,68.26
2025-03-05,66.31
2025-03-06,66.36
2025-03-07,67.04
2025-03-10,65.68
2025-03-11,65.93
2025-03-12,67.38
2025-03-13,66.27
2025-03-14,66.91
2025-03-17,67.37
2025-03-18,66.9
2025-03-19,67.16
2025-03-20,68.26
2025-03-21,68.28
2025-03-24,69.11
2025-03-25,69.0
2025-03-26,69.65
2025-03-27,69.92
2025-03-28,69.36
2025-03-31,71.48
2025-04-01,71.2
2025-04-02,71.71
2025-04-03,66.95
2025-04-04,61.99
2025-04-07,60.7
2025-04-08,59.58
2025-04-09,62.35
2025-04-10,60.07
2025-04-11,61.5
2025-04-14,61.05
2025-04-15,60.75
2025-04-16,62.47
2025-04-17,64.68
2025-04-21,63.08
2025-04-22,64.31
2025-04-23,62.27
2025-04-24,62.79
2025-04-25,63.02
2025-04-28,62.05
2025-04-29,60.42
2025-04-30,58.21
2025-05-01,59.24
2025-05-02,58.29
2025-05-05,57.13
2025-05-06,59.09
2025-05-07,58.07
2025-05-08,59.91
2025-05-09,61.02
2025-05-12,61.56
2025-05-13,63.25
2025-05-14,62.68
2025-05-15,61.15
2025-05-16,61.97
2025-05-19,62.69
2025-05-20,62.56
2025-05-21,61.57
2025-05-22,61.2
2025-05-23,61.53
2025-05-25,61.93
2025-05-26,61.49
2025-05-27,60.89
2025-05-28,61.84
2025-05-29,60.94
2025-05-30,60.79
2025-06-02,62.52
2025-06-03,63.41
2025-06-04,62.85
2025-06-05,63.37
2025-06-06,64.58
2025-06-09,64.22
2025-06-10,63.91
2025-06-11,66.9
2025-06-12,66.64
2025-06-13,71.29
2025-06-16,71.77
2025-06-17,74.84
2025-06-18,75.14
2025-06-19,73.82
2025-06-20,74.93
2025-06-23,68.51
2025-06-24,64.37
2025-06-25,64.92
2025-06-26,65.24
2025-06-27,65.52
2025-06-30,65.11
2025-07-01,65.45
2025-07-02,67.45
2025-07-03,67.0
2025-07-04,66.49
2025-07-07,67.93
2025-07-08,68.33
2025-07-09,68.38
2025-07-10,66.57
2025-07-11,68.45
2025-07-14,65.81
2025-07-15,65.37
2025-07-16,66.38
2025-07-17,67.54
2025-07-18,67.34
2025-07-21,67.2
2025-07-22,66.21
2025-07-23,65.25
2025-07-24,66.03
2025-07-25,65.16
2025-07-28,66.71
2025-07-29,69.21
2025-07-30,70.0
2025-07-31,69.26
2025-08-01,67.33
2025-08-04,66.29
2025-08-05,65.16
2025-08-06,64.35
2025-08-07,63.88
2025-08-08,63.88
2025-08-11,63.09
2025-08-12,62.48
2025-08-13,61.93
2025-08-14,63.96
2025-08-15,62.8
2025-08-18,63.42
2025-08-19,62.35
2025-08-20,63.21
2025-08-21,63.52
2025-08-22,63.66
2025-08-25,64.8
2025-08-26,63.25
2025-08-27,64.15
2025-08-28,64.6
2025-08-29,64.01
2025-08-31,63.96
2025-09-01,64.64
2025-09-02,65.59
2025-09-03,63.97
2025-09-04,63.48
2025-09-05,61.87
2025-09-08,62.26
2025-09-09,62.63
2025-09-10,63.67
2025-09-11,62.37
2025-09-12,62.69
2025-09-15,63.02
2025-09-16,64.52
2025-09-17,64.05
2025-09-18,63.57
2025-09-19,62.68
2025-09-22,62.64
2025-09-23,63.41
2025-09-24,64.99
2025-09-25,64.98
2025-09-26,65.72
2025-09-29,63.45
2025-09-30,62.37
2025-10-01,61.78
2025-10-02,60.48
2025-10-03,60.88
2025-10-06,61.69
2025-10-07,61.73
2025-10-08,62.55
2025-10-09,61.51
2025-10-10,58.9
2025-10-13,59.07
2025-10-14,58.27
2025-10-15,58.27
2025-10-16,57.46
2025-10-17,57.54
2025-10-20,57.52
2025-10-21,57.82
2025-10-22,58.5
2025-10-23,61.79
2025-10-24,61.5
2025-10-27,61.31
2025-10-28,60.15
2025-10-29,60.48
2025-10-30,60.57
2025-10-31,60.98
2025-11-03,61.05
2025-11-04,60.56
2025-11-05,59.6
2025-11-06,59.43
2025-11-07,59.75
2025-11-10,60.03
2025-11-11,60.99
2025-11-12,58.49
2025-11-13,58.64
2025-11-14,59.95
2025-11-17,59.91
2025-11-18,60.74
2025-11-19,59.44
2025-11-20,59.14
2025-11-21,58.06
2025-11-24,58.84
2025-11-25,57.95
2025-11-26,58.65
2025-11-27,59.0
2025-11-28,58.55
2025-12-01,59.32
2025-12-02,58.64
2025-12-03,58.95
2025-12-04,59.67
2025-12-05,60.08
2025-12-08,58.63
2025-12-09,58.08
2025-12-10,58.3
2025-12-11,57.45
2025-12-12,57.24
2025-12-15,56.82
2025-12-16,55.27
2025-12-17,55.94
2025-12-18,56.15
2025-12-19,56.66
2025-12-22,58.01
2025-12-23,58.38
2025-12-24,58.35
2025-12-26,56.74
2025-12-29,58.08
2025-12-30,57.95
2025-12-31,57.42
2026-01-02,57.32
2026-01-05,58.08
2026-01-06,56.94
2026-01-07,55.99
2026-01-08,57.76
2026-01-09,59.12
2026-01-12,59.32
2026-01-13,60.93
2026-01-14,62.02
2026-01-15,59.19
2026-01-16,59.44
2026-01-18,58.97
2026-01-19,59.39
2026-01-20,60.34
2026-01-21,60.62
2026-01-22,59.36
2026-01-23,61.07
2026-01-26,60.63
2026-01-27,62.39
2026-01-28,63.21
2026-01-29,65.42
2026-01-30,65.21
2026-02-02,62.14
2026-02-03,63.21
2026-02-04,65.14
2026-02-05,63.29
2026-02-06,63.55
2026-02-08,62.95
2026-02-09,64.47
