Date,Money_Manager_Long,Money_Manager_Short,Money_Manager_Net
2006-06-13,99739.0,29859.0,69880.0
2006-06-14,99739.0,29859.0,69880.0
2006-06-15,99739.0,29859.0,69880.0
2006-06-16,99739.0,29859.0,69880.0
2006-06-19,99739.0,29859.0,69880.0
2006-06-20,91198.0,30082.0,61116.0
2006-06-21,91198.0,30082.0,61116.0
2006-06-22,91198.0,30082.0,61116.0
2006-06-23,91198.0,30082.0,61116.0
2006-06-26,91198.0,30082.0,61116.0
2006-06-27,88635.0,31420.0,57215.0
2006-06-28,88635.0,31420.0,57215.0
2006-06-29,88635.0,31420.0,57215.0
2006-06-30,88635.0,31420.0,57215.0
2006-07-03,90104.0,30778.0,59326.0
2006-07-04,90104.0,30778.0,59326.0
2006-07-05,90104.0,30778.0,59326.0
2006-07-06,90104.0,30778.0,59326.0
2006-07-07,90104.0,30778.0,59326.0
2006-07-10,90104.0,30778.0,59326.0
2006-07-11,101019.0,29135.0,71884.0
2006-07-12,101019.0,29135.0,71884.0
2006-07-13,101019.0,29135.0,71884.0
2006-07-14,101019.0,29135.0,71884.0
2006-07-17,101019.0,29135.0,71884.0
2006-07-18,105068.0,25797.0,79271.0
2006-07-19,105068.0,25797.0,79271.0
2006-07-20,105068.0,25797.0,79271.0
2006-07-21,105068.0,25797.0,79271.0
2006-07-24,105068.0,25797.0,79271.0
2006-07-25,96891.0,23984.0,72907.0
2006-07-26,96891.0,23984.0,72907.0
2006-07-27,96891.0,23984.0,72907.0
2006-07-28,96891.0,23984.0,72907.0
2006-07-31,96891.0,23984.0,72907.0
2006-08-01,95785.0,25176.0,70609.0
2006-08-02,95785.0,25176.0,70609.0
2006-08-03,95785.0,25176.0,70609.0
2006-08-04,95785.0,25176.0,70609.0
2006-08-07,95785.0,25176.0,70609.0
2006-08-08,100994.0,26676.0,74318.0
2006-08-09,100994.0,26676.0,74318.0
2006-08-10,100994.0,26676.0,74318.0
2006-08-11,100994.0,26676.0,74318.0
2006-08-14,100994.0,26676.0,74318.0
2006-08-15,94115.0,26225.0,67890.0
2006-08-16,94115.0,26225.0,67890.0
2006-08-17,94115.0,26225.0,67890.0
2006-08-18,94115.0,26225.0,67890.0
2006-08-21,94115.0,26225.0,67890.0
2006-08-22,87386.0,27081.0,60305.0
2006-08-23,87386.0,27081.0,60305.0
2006-08-24,87386.0,27081.0,60305.0
2006-08-25,87386.0,27081.0,60305.0
2006-08-28,87386.0,27081.0,60305.0
2006-08-29,80809.0,31280.0,49529.0
2006-08-30,80809.0,31280.0,49529.0
2006-08-31,80809.0,31280.0,49529.0
2006-09-01,80809.0,31280.0,49529.0
2006-09-04,80809.0,31280.0,49529.0
2006-09-05,87652.0,29430.0,58222.0
2006-09-06,87652.0,29430.0,58222.0
2006-09-07,87652.0,29430.0,58222.0
2006-09-08,87652.0,29430.0,58222.0
2006-09-11,87652.0,29430.0,58222.0
2006-09-12,76571.0,30631.0,45940.0
2006-09-13,76571.0,30631.0,45940.0
2006-09-14,76571.0,30631.0,45940.0
2006-09-15,76571.0,30631.0,45940.0
2006-09-18,76571.0,30631.0,45940.0
2006-09-19,72225.0,30632.0,41593.0
2006-09-20,72225.0,30632.0,41593.0
2006-09-21,72225.0,30632.0,41593.0
2006-09-22,72225.0,30632.0,41593.0
2006-09-25,72225.0,30632.0,41593.0
2006-09-26,68325.0,33001.0,35324.0
2006-09-27,68325.0,33001.0,35324.0
2006-09-28,68325.0,33001.0,35324.0
2006-09-29,68325.0,33001.0,35324.0
2006-10-02,68325.0,33001.0,35324.0
2006-10-03,66119.0,33666.0,32453.0
2006-10-04,66119.0,33666.0,32453.0
2006-10-05,66119.0,33666.0,32453.0
2006-10-06,66119.0,33666.0,32453.0
2006-10-09,66119.0,33666.0,32453.0
2006-10-10,62270.0,39206.0,23064.0
2006-10-11,62270.0,39206.0,23064.0
2006-10-12,62270.0,39206.0,23064.0
2006-10-13,62270.0,39206.0,23064.0
2006-10-16,62270.0,39206.0,23064.0
2006-10-17,64602.0,42773.0,21829.0
2006-10-18,64602.0,42773.0,21829.0
2006-10-19,64602.0,42773.0,21829.0
2006-10-20,64602.0,42773.0,21829.0
2006-10-23,64602.0,42773.0,21829.0
2006-10-24,54019.0,43840.0,10179.0
2006-10-25,54019.0,43840.0,10179.0
2006-10-26,54019.0,43840.0,10179.0
2006-10-27,54019.0,43840.0,10179.0
2006-10-30,54019.0,43840.0,10179.0
2006-10-31,59985.0,39093.0,20892.0
2006-11-01,59985.0,39093.0,20892.0
2006-11-02,59985.0,39093.0,20892.0
2006-11-03,59985.0,39093.0,20892.0
2006-11-06,59985.0,39093.0,20892.0
2006-11-07,76134.0,32604.0,43530.0
2006-11-08,76134.0,32604.0,43530.0
2006-11-09,76134.0,32604.0,43530.0
2006-11-10,76134.0,32604.0,43530.0
2006-11-13,76134.0,32604.0,43530.0
2006-11-14,79157.0,29403.0,49754.0
2006-11-15,79157.0,29403.0,49754.0
2006-11-16,79157.0,29403.0,49754.0
2006-11-17,79157.0,29403.0,49754.0
2006-11-20,79157.0,29403.0,49754.0
2006-11-21,77773.0,29323.0,48450.0
2006-11-22,77773.0,29323.0,48450.0
2006-11-23,77773.0,29323.0,48450.0
2006-11-24,77773.0,29323.0,48450.0
2006-11-27,77773.0,29323.0,48450.0
2006-11-28,75457.0,30862.0,44595.0
2006-11-29,75457.0,30862.0,44595.0
2006-11-30,75457.0,30862.0,44595.0
2006-12-01,75457.0,30862.0,44595.0
2006-12-04,75457.0,30862.0,44595.0
2006-12-05,80731.0,28684.0,52047.0
2006-12-06,80731.0,28684.0,52047.0
2006-12-07,80731.0,28684.0,52047.0
2006-12-08,80731.0,28684.0,52047.0
2006-12-11,80731.0,28684.0,52047.0
2006-12-12,78367.0,28281.0,50086.0
2006-12-13,78367.0,28281.0,50086.0
2006-12-14,78367.0,28281.0,50086.0
2006-12-15,78367.0,28281.0,50086.0
2006-12-18,78367.0,28281.0,50086.0
2006-12-19,68672.0,29711.0,38961.0
2006-12-20,68672.0,29711.0,38961.0
2006-12-21,68672.0,29711.0,38961.0
2006-12-22,68672.0,29711.0,38961.0
2006-12-25,68672.0,29711.0,38961.0
2006-12-26,69815.0,31696.0,38119.0
2006-12-27,69815.0,31696.0,38119.0
2006-12-28,69815.0,31696.0,38119.0
2006-12-29,69815.0,31696.0,38119.0
2007-01-01,69815.0,31696.0,38119.0
2007-01-02,69815.0,31696.0,38119.0
2007-01-03,77786.0,30994.0,46792.0
2007-01-04,77786.0,30994.0,46792.0
2007-01-05,77786.0,30994.0,46792.0
2007-01-08,77786.0,30994.0,46792.0
2007-01-09,65657.0,39661.0,25996.0
2007-01-10,65657.0,39661.0,25996.0
2007-01-11,65657.0,39661.0,25996.0
2007-01-12,65657.0,39661.0,25996.0
2007-01-15,65657.0,39661.0,25996.0
2007-01-16,68430.0,33371.0,35059.0
2007-01-17,68430.0,33371.0,35059.0
2007-01-18,68430.0,33371.0,35059.0
2007-01-19,68430.0,33371.0,35059.0
2007-01-22,68430.0,33371.0,35059.0
2007-01-23,85684.0,27746.0,57938.0
2007-01-24,85684.0,27746.0,57938.0
2007-01-25,85684.0,27746.0,57938.0
2007-01-26,85684.0,27746.0,57938.0
2007-01-29,85684.0,27746.0,57938.0
2007-01-30,99352.0,29366.0,69986.0
2007-01-31,99352.0,29366.0,69986.0
2007-02-01,99352.0,29366.0,69986.0
2007-02-02,99352.0,29366.0,69986.0
2007-02-05,99352.0,29366.0,69986.0
2007-02-06,109228.0,27766.0,81462.0
2007-02-07,109228.0,27766.0,81462.0
2007-02-08,109228.0,27766.0,81462.0
2007-02-09,109228.0,27766.0,81462.0
2007-02-12,109228.0,27766.0,81462.0
2007-02-13,121684.0,24627.0,97057.0
2007-02-14,121684.0,24627.0,97057.0
2007-02-15,121684.0,24627.0,97057.0
2007-02-16,121684.0,24627.0,97057.0
2007-02-19,121684.0,24627.0,97057.0
2007-02-20,121632.0,25830.0,95802.0
2007-02-21,121632.0,25830.0,95802.0
2007-02-22,121632.0,25830.0,95802.0
2007-02-23,121632.0,25830.0,95802.0
2007-02-26,121632.0,25830.0,95802.0
2007-02-27,135725.0,23488.0,112237.0
2007-02-28,135725.0,23488.0,112237.0
2007-03-01,135725.0,23488.0,112237.0
2007-03-02,135725.0,23488.0,112237.0
2007-03-05,135725.0,23488.0,112237.0
2007-03-06,90236.0,21355.0,68881.0
2007-03-07,90236.0,21355.0,68881.0
2007-03-08,90236.0,21355.0,68881.0
2007-03-09,90236.0,21355.0,68881.0
2007-03-12,90236.0,21355.0,68881.0
2007-03-13,86278.0,18012.0,68266.0
2007-03-14,86278.0,18012.0,68266.0
2007-03-15,86278.0,18012.0,68266.0
2007-03-16,86278.0,18012.0,68266.0
2007-03-19,86278.0,18012.0,68266.0
2007-03-20,84393.0,17292.0,67101.0
2007-03-21,84393.0,17292.0,67101.0
2007-03-22,84393.0,17292.0,67101.0
2007-03-23,84393.0,17292.0,67101.0
2007-03-26,84393.0,17292.0,67101.0
2007-03-27,88263.0,19339.0,68924.0
2007-03-28,88263.0,19339.0,68924.0
2007-03-29,88263.0,19339.0,68924.0
2007-03-30,88263.0,19339.0,68924.0
2007-04-02,88263.0,19339.0,68924.0
2007-04-03,92087.0,23268.0,68819.0
2007-04-04,92087.0,23268.0,68819.0
2007-04-05,92087.0,23268.0,68819.0
2007-04-06,92087.0,23268.0,68819.0
2007-04-09,92087.0,23268.0,68819.0
2007-04-10,106783.0,23048.0,83735.0
2007-04-11,106783.0,23048.0,83735.0
2007-04-12,106783.0,23048.0,83735.0
2007-04-13,106783.0,23048.0,83735.0
2007-04-16,106783.0,23048.0,83735.0
2007-04-17,124963.0,18323.0,106640.0
2007-04-18,124963.0,18323.0,106640.0
2007-04-19,124963.0,18323.0,106640.0
2007-04-20,124963.0,18323.0,106640.0
2007-04-23,124963.0,18323.0,106640.0
2007-04-24,124958.0,20388.0,104570.0
2007-04-25,124958.0,20388.0,104570.0
2007-04-26,124958.0,20388.0,104570.0
2007-04-27,124958.0,20388.0,104570.0
2007-04-30,124958.0,20388.0,104570.0
2007-05-01,122272.0,18137.0,104135.0
2007-05-02,122272.0,18137.0,104135.0
2007-05-03,122272.0,18137.0,104135.0
2007-05-04,122272.0,18137.0,104135.0
2007-05-07,122272.0,18137.0,104135.0
2007-05-08,129038.0,14702.0,114336.0
2007-05-09,129038.0,14702.0,114336.0
2007-05-10,129038.0,14702.0,114336.0
2007-05-11,129038.0,14702.0,114336.0
2007-05-14,129038.0,14702.0,114336.0
2007-05-15,107716.0,20305.0,87411.0
2007-05-16,107716.0,20305.0,87411.0
2007-05-17,107716.0,20305.0,87411.0
2007-05-18,107716.0,20305.0,87411.0
2007-05-21,107716.0,20305.0,87411.0
2007-05-22,95529.0,29281.0,66248.0
2007-05-23,95529.0,29281.0,66248.0
2007-05-24,95529.0,29281.0,66248.0
2007-05-25,95529.0,29281.0,66248.0
2007-05-28,95529.0,29281.0,66248.0
2007-05-29,91921.0,28204.0,63717.0
2007-05-30,91921.0,28204.0,63717.0
2007-05-31,91921.0,28204.0,63717.0
2007-06-01,91921.0,28204.0,63717.0
2007-06-04,91921.0,28204.0,63717.0
2007-06-05,101257.0,24239.0,77018.0
2007-06-06,101257.0,24239.0,77018.0
2007-06-07,101257.0,24239.0,77018.0
2007-06-08,101257.0,24239.0,77018.0
2007-06-11,101257.0,24239.0,77018.0
2007-06-12,80246.0,36872.0,43374.0
2007-06-13,80246.0,36872.0,43374.0
2007-06-14,80246.0,36872.0,43374.0
2007-06-15,80246.0,36872.0,43374.0
2007-06-18,80246.0,36872.0,43374.0
2007-06-19,81722.0,31746.0,49976.0
2007-06-20,81722.0,31746.0,49976.0
2007-06-21,81722.0,31746.0,49976.0
2007-06-22,81722.0,31746.0,49976.0
2007-06-25,81722.0,31746.0,49976.0
2007-06-26,72368.0,45874.0,26494.0
2007-06-27,72368.0,45874.0,26494.0
2007-06-28,72368.0,45874.0,26494.0
2007-06-29,72368.0,45874.0,26494.0
2007-07-02,72368.0,45874.0,26494.0
2007-07-03,69308.0,34443.0,34865.0
2007-07-04,69308.0,34443.0,34865.0
2007-07-05,69308.0,34443.0,34865.0
2007-07-06,69308.0,34443.0,34865.0
2007-07-09,69308.0,34443.0,34865.0
2007-07-10,72474.0,33675.0,38799.0
2007-07-11,72474.0,33675.0,38799.0
2007-07-12,72474.0,33675.0,38799.0
2007-07-13,72474.0,33675.0,38799.0
2007-07-16,72474.0,33675.0,38799.0
2007-07-17,72985.0,27947.0,45038.0
2007-07-18,72985.0,27947.0,45038.0
2007-07-19,72985.0,27947.0,45038.0
2007-07-20,72985.0,27947.0,45038.0
2007-07-23,72985.0,27947.0,45038.0
2007-07-24,114752.0,19037.0,95715.0
2007-07-25,114752.0,19037.0,95715.0
2007-07-26,114752.0,19037.0,95715.0
2007-07-27,114752.0,19037.0,95715.0
2007-07-30,114752.0,19037.0,95715.0
2007-07-31,76461.0,21368.0,55093.0
2007-08-01,76461.0,21368.0,55093.0
2007-08-02,76461.0,21368.0,55093.0
2007-08-03,76461.0,21368.0,55093.0
2007-08-06,76461.0,21368.0,55093.0
2007-08-07,84522.0,20981.0,63541.0
2007-08-08,84522.0,20981.0,63541.0
2007-08-09,84522.0,20981.0,63541.0
2007-08-10,84522.0,20981.0,63541.0
2007-08-13,84522.0,20981.0,63541.0
2007-08-14,77995.0,12117.0,65878.0
2007-08-15,77995.0,12117.0,65878.0
2007-08-16,77995.0,12117.0,65878.0
2007-08-17,77995.0,12117.0,65878.0
2007-08-20,77995.0,12117.0,65878.0
2007-08-21,65359.0,22367.0,42992.0
2007-08-22,65359.0,22367.0,42992.0
2007-08-23,65359.0,22367.0,42992.0
2007-08-24,65359.0,22367.0,42992.0
2007-08-27,65359.0,22367.0,42992.0
2007-08-28,66292.0,16289.0,50003.0
2007-08-29,66292.0,16289.0,50003.0
2007-08-30,66292.0,16289.0,50003.0
2007-08-31,66292.0,16289.0,50003.0
2007-09-03,66292.0,16289.0,50003.0
2007-09-04,85525.0,11759.0,73766.0
2007-09-05,85525.0,11759.0,73766.0
2007-09-06,85525.0,11759.0,73766.0
2007-09-07,85525.0,11759.0,73766.0
2007-09-10,85525.0,11759.0,73766.0
2007-09-11,109090.0,8575.0,100515.0
2007-09-12,109090.0,8575.0,100515.0
2007-09-13,109090.0,8575.0,100515.0
2007-09-14,109090.0,8575.0,100515.0
2007-09-17,109090.0,8575.0,100515.0
2007-09-18,125440.0,8362.0,117078.0
2007-09-19,125440.0,8362.0,117078.0
2007-09-20,125440.0,8362.0,117078.0
2007-09-21,125440.0,8362.0,117078.0
2007-09-24,125440.0,8362.0,117078.0
2007-09-25,153984.0,9943.0,144041.0
2007-09-26,153984.0,9943.0,144041.0
2007-09-27,153984.0,9943.0,144041.0
2007-09-28,153984.0,9943.0,144041.0
2007-10-01,153984.0,9943.0,144041.0
2007-10-02,165536.0,13596.0,151940.0
2007-10-03,165536.0,13596.0,151940.0
2007-10-04,165536.0,13596.0,151940.0
2007-10-05,165536.0,13596.0,151940.0
2007-10-08,165536.0,13596.0,151940.0
2007-10-09,177069.0,8722.0,168347.0
2007-10-10,177069.0,8722.0,168347.0
2007-10-11,177069.0,8722.0,168347.0
2007-10-12,177069.0,8722.0,168347.0
2007-10-15,177069.0,8722.0,168347.0
2007-10-16,191927.0,9649.0,182278.0
2007-10-17,191927.0,9649.0,182278.0
2007-10-18,191927.0,9649.0,182278.0
2007-10-19,191927.0,9649.0,182278.0
2007-10-22,191927.0,9649.0,182278.0
2007-10-23,185137.0,12077.0,173060.0
2007-10-24,185137.0,12077.0,173060.0
2007-10-25,185137.0,12077.0,173060.0
2007-10-26,185137.0,12077.0,173060.0
2007-10-29,185137.0,12077.0,173060.0
2007-10-30,194052.0,8156.0,185896.0
2007-10-31,194052.0,8156.0,185896.0
2007-11-01,194052.0,8156.0,185896.0
2007-11-02,194052.0,8156.0,185896.0
2007-11-05,194052.0,8156.0,185896.0
2007-11-06,198786.0,12371.0,186415.0
2007-11-07,198786.0,12371.0,186415.0
2007-11-08,198786.0,12371.0,186415.0
2007-11-09,198786.0,12371.0,186415.0
2007-11-12,198786.0,12371.0,186415.0
2007-11-13,185676.0,10739.0,174937.0
2007-11-14,185676.0,10739.0,174937.0
2007-11-15,185676.0,10739.0,174937.0
2007-11-16,185676.0,10739.0,174937.0
2007-11-19,185676.0,10739.0,174937.0
2007-11-20,172412.0,11566.0,160846.0
2007-11-21,172412.0,11566.0,160846.0
2007-11-22,172412.0,11566.0,160846.0
2007-11-23,172412.0,11566.0,160846.0
2007-11-26,172412.0,11566.0,160846.0
2007-11-27,163138.0,11283.0,151855.0
2007-11-28,163138.0,11283.0,151855.0
2007-11-29,163138.0,11283.0,151855.0
2007-11-30,163138.0,11283.0,151855.0
2007-12-03,163138.0,11283.0,151855.0
2007-12-04,149675.0,5754.0,143921.0
2007-12-05,149675.0,5754.0,143921.0
2007-12-06,149675.0,5754.0,143921.0
2007-12-07,149675.0,5754.0,143921.0
2007-12-10,149675.0,5754.0,143921.0
2007-12-11,155465.0,6109.0,149356.0
2007-12-12,155465.0,6109.0,149356.0
2007-12-13,155465.0,6109.0,149356.0
2007-12-14,155465.0,6109.0,149356.0
2007-12-17,155465.0,6109.0,149356.0
2007-12-18,155660.0,9422.0,146238.0
2007-12-19,155660.0,9422.0,146238.0
2007-12-20,155660.0,9422.0,146238.0
2007-12-21,155660.0,9422.0,146238.0
2007-12-24,164604.0,8469.0,156135.0
2007-12-25,164604.0,8469.0,156135.0
2007-12-26,164604.0,8469.0,156135.0
2007-12-27,164604.0,8469.0,156135.0
2007-12-28,164604.0,8469.0,156135.0
2007-12-31,181902.0,10649.0,171253.0
2008-01-01,181902.0,10649.0,171253.0
2008-01-02,181902.0,10649.0,171253.0
2008-01-03,181902.0,10649.0,171253.0
2008-01-04,181902.0,10649.0,171253.0
2008-01-07,181902.0,10649.0,171253.0
2008-01-08,191788.0,11019.0,180769.0
2008-01-09,191788.0,11019.0,180769.0
2008-01-10,191788.0,11019.0,180769.0
2008-01-11,191788.0,11019.0,180769.0
2008-01-14,191788.0,11019.0,180769.0
2008-01-15,197021.0,11137.0,185884.0
2008-01-16,197021.0,11137.0,185884.0
2008-01-17,197021.0,11137.0,185884.0
2008-01-18,197021.0,11137.0,185884.0
2008-01-21,197021.0,11137.0,185884.0
2008-01-22,193039.0,9618.0,183421.0
2008-01-23,193039.0,9618.0,183421.0
2008-01-24,193039.0,9618.0,183421.0
2008-01-25,193039.0,9618.0,183421.0
2008-01-28,193039.0,9618.0,183421.0
2008-01-29,191376.0,9652.0,181724.0
2008-01-30,191376.0,9652.0,181724.0
2008-01-31,191376.0,9652.0,181724.0
2008-02-01,191376.0,9652.0,181724.0
2008-02-04,191376.0,9652.0,181724.0
2008-02-05,191024.0,9337.0,181687.0
2008-02-06,191024.0,9337.0,181687.0
2008-02-07,191024.0,9337.0,181687.0
2008-02-08,191024.0,9337.0,181687.0
2008-02-11,191024.0,9337.0,181687.0
2008-02-12,190428.0,12352.0,178076.0
2008-02-13,190428.0,12352.0,178076.0
2008-02-14,190428.0,12352.0,178076.0
2008-02-15,190428.0,12352.0,178076.0
2008-02-18,190428.0,12352.0,178076.0
2008-02-19,200191.0,12457.0,187734.0
2008-02-20,200191.0,12457.0,187734.0
2008-02-21,200191.0,12457.0,187734.0
2008-02-22,200191.0,12457.0,187734.0
2008-02-25,200191.0,12457.0,187734.0
2008-02-26,197000.0,10695.0,186305.0
2008-02-27,197000.0,10695.0,186305.0
2008-02-28,197000.0,10695.0,186305.0
2008-02-29,197000.0,10695.0,186305.0
2008-03-03,197000.0,10695.0,186305.0
2008-03-04,188294.0,12567.0,175727.0
2008-03-05,188294.0,12567.0,175727.0
2008-03-06,188294.0,12567.0,175727.0
2008-03-07,188294.0,12567.0,175727.0
2008-03-10,188294.0,12567.0,175727.0
2008-03-11,186110.0,10395.0,175715.0
2008-03-12,186110.0,10395.0,175715.0
2008-03-13,186110.0,10395.0,175715.0
2008-03-14,186110.0,10395.0,175715.0
2008-03-17,186110.0,10395.0,175715.0
2008-03-18,179620.0,11055.0,168565.0
2008-03-19,179620.0,11055.0,168565.0
2008-03-20,179620.0,11055.0,168565.0
2008-03-21,179620.0,11055.0,168565.0
2008-03-24,179620.0,11055.0,168565.0
2008-03-25,169444.0,14286.0,155158.0
2008-03-26,169444.0,14286.0,155158.0
2008-03-27,169444.0,14286.0,155158.0
2008-03-28,169444.0,14286.0,155158.0
2008-03-31,169444.0,14286.0,155158.0
2008-04-01,146935.0,11584.0,135351.0
2008-04-02,146935.0,11584.0,135351.0
2008-04-03,146935.0,11584.0,135351.0
2008-04-04,146935.0,11584.0,135351.0
2008-04-07,146935.0,11584.0,135351.0
2008-04-08,151135.0,15005.0,136130.0
2008-04-09,151135.0,15005.0,136130.0
2008-04-10,151135.0,15005.0,136130.0
2008-04-11,151135.0,15005.0,136130.0
2008-04-14,151135.0,15005.0,136130.0
2008-04-15,156260.0,13481.0,142779.0
2008-04-16,156260.0,13481.0,142779.0
2008-04-17,156260.0,13481.0,142779.0
2008-04-18,156260.0,13481.0,142779.0
2008-04-21,156260.0,13481.0,142779.0
2008-04-22,157492.0,14400.0,143092.0
2008-04-23,157492.0,14400.0,143092.0
2008-04-24,157492.0,14400.0,143092.0
2008-04-25,157492.0,14400.0,143092.0
2008-04-28,157492.0,14400.0,143092.0
2008-04-29,151602.0,19235.0,132367.0
2008-04-30,151602.0,19235.0,132367.0
2008-05-01,151602.0,19235.0,132367.0
2008-05-02,151602.0,19235.0,132367.0
2008-05-05,151602.0,19235.0,132367.0
2008-05-06,149175.0,24848.0,124327.0
2008-05-07,149175.0,24848.0,124327.0
2008-05-08,149175.0,24848.0,124327.0
2008-05-09,149175.0,24848.0,124327.0
2008-05-12,149175.0,24848.0,124327.0
2008-05-13,150407.0,31816.0,118591.0
2008-05-14,150407.0,31816.0,118591.0
2008-05-15,150407.0,31816.0,118591.0
2008-05-16,150407.0,31816.0,118591.0
2008-05-19,150407.0,31816.0,118591.0
2008-05-20,165800.0,18529.0,147271.0
2008-05-21,165800.0,18529.0,147271.0
2008-05-22,165800.0,18529.0,147271.0
2008-05-23,165800.0,18529.0,147271.0
2008-05-26,165800.0,18529.0,147271.0
2008-05-27,166394.0,20722.0,145672.0
2008-05-28,166394.0,20722.0,145672.0
2008-05-29,166394.0,20722.0,145672.0
2008-05-30,166394.0,20722.0,145672.0
2008-06-02,166394.0,20722.0,145672.0
2008-06-03,155935.0,22278.0,133657.0
2008-06-04,155935.0,22278.0,133657.0
2008-06-05,155935.0,22278.0,133657.0
2008-06-06,155935.0,22278.0,133657.0
2008-06-09,155935.0,22278.0,133657.0
2008-06-10,144056.0,29172.0,114884.0
2008-06-11,144056.0,29172.0,114884.0
2008-06-12,144056.0,29172.0,114884.0
2008-06-13,144056.0,29172.0,114884.0
2008-06-16,144056.0,29172.0,114884.0
2008-06-17,137007.0,19823.0,117184.0
2008-06-18,137007.0,19823.0,117184.0
2008-06-19,137007.0,19823.0,117184.0
2008-06-20,137007.0,19823.0,117184.0
2008-06-23,137007.0,19823.0,117184.0
2008-06-24,143673.0,23409.0,120264.0
2008-06-25,143673.0,23409.0,120264.0
2008-06-26,143673.0,23409.0,120264.0
2008-06-27,143673.0,23409.0,120264.0
2008-06-30,143673.0,23409.0,120264.0
2008-07-01,173983.0,17352.0,156631.0
2008-07-02,173983.0,17352.0,156631.0
2008-07-03,173983.0,17352.0,156631.0
2008-07-04,173983.0,17352.0,156631.0
2008-07-07,173983.0,17352.0,156631.0
2008-07-08,174230.0,17127.0,157103.0
2008-07-09,174230.0,17127.0,157103.0
2008-07-10,174230.0,17127.0,157103.0
2008-07-11,174230.0,17127.0,157103.0
2008-07-14,174230.0,17127.0,157103.0
2008-07-15,184704.0,15798.0,168906.0
2008-07-16,184704.0,15798.0,168906.0
2008-07-17,184704.0,15798.0,168906.0
2008-07-18,184704.0,15798.0,168906.0
2008-07-21,184704.0,15798.0,168906.0
2008-07-22,177227.0,14225.0,163002.0
2008-07-23,177227.0,14225.0,163002.0
2008-07-24,177227.0,14225.0,163002.0
2008-07-25,177227.0,14225.0,163002.0
2008-07-28,177227.0,14225.0,163002.0
2008-07-29,158000.0,14757.0,143243.0
2008-07-30,158000.0,14757.0,143243.0
2008-07-31,158000.0,14757.0,143243.0
2008-08-01,158000.0,14757.0,143243.0
2008-08-04,158000.0,14757.0,143243.0
2008-08-05,142508.0,13682.0,128826.0
2008-08-06,142508.0,13682.0,128826.0
2008-08-07,142508.0,13682.0,128826.0
2008-08-08,142508.0,13682.0,128826.0
2008-08-11,142508.0,13682.0,128826.0
2008-08-12,105895.0,16226.0,89669.0
2008-08-13,105895.0,16226.0,89669.0
2008-08-14,105895.0,16226.0,89669.0
2008-08-15,105895.0,16226.0,89669.0
2008-08-18,105895.0,16226.0,89669.0
2008-08-19,94403.0,20486.0,73917.0
2008-08-20,94403.0,20486.0,73917.0
2008-08-21,94403.0,20486.0,73917.0
2008-08-22,94403.0,20486.0,73917.0
2008-08-25,94403.0,20486.0,73917.0
2008-08-26,96269.0,29048.0,67221.0
2008-08-27,96269.0,29048.0,67221.0
2008-08-28,96269.0,29048.0,67221.0
2008-08-29,96269.0,29048.0,67221.0
2008-09-01,96269.0,29048.0,67221.0
2008-09-02,89713.0,36022.0,53691.0
2008-09-03,89713.0,36022.0,53691.0
2008-09-04,89713.0,36022.0,53691.0
2008-09-05,89713.0,36022.0,53691.0
2008-09-08,89713.0,36022.0,53691.0
2008-09-09,85376.0,41009.0,44367.0
2008-09-10,85376.0,41009.0,44367.0
2008-09-11,85376.0,41009.0,44367.0
2008-09-12,85376.0,41009.0,44367.0
2008-09-15,85376.0,41009.0,44367.0
2008-09-16,89779.0,43587.0,46192.0
2008-09-17,89779.0,43587.0,46192.0
2008-09-18,89779.0,43587.0,46192.0
2008-09-19,89779.0,43587.0,46192.0
2008-09-22,89779.0,43587.0,46192.0
2008-09-23,96573.0,23508.0,73065.0
2008-09-24,96573.0,23508.0,73065.0
2008-09-25,96573.0,23508.0,73065.0
2008-09-26,96573.0,23508.0,73065.0
2008-09-29,96573.0,23508.0,73065.0
2008-09-30,88674.0,13550.0,75124.0
2008-10-01,88674.0,13550.0,75124.0
2008-10-02,88674.0,13550.0,75124.0
2008-10-03,88674.0,13550.0,75124.0
2008-10-06,88674.0,13550.0,75124.0
2008-10-07,87411.0,17386.0,70025.0
2008-10-08,87411.0,17386.0,70025.0
2008-10-09,87411.0,17386.0,70025.0
2008-10-10,87411.0,17386.0,70025.0
2008-10-13,87411.0,17386.0,70025.0
2008-10-14,84083.0,14296.0,69787.0
2008-10-15,84083.0,14296.0,69787.0
2008-10-16,84083.0,14296.0,69787.0
2008-10-17,84083.0,14296.0,69787.0
2008-10-20,84083.0,14296.0,69787.0
2008-10-21,74401.0,18759.0,55642.0
2008-10-22,74401.0,18759.0,55642.0
2008-10-23,74401.0,18759.0,55642.0
2008-10-24,74401.0,18759.0,55642.0
2008-10-27,74401.0,18759.0,55642.0
2008-10-28,69214.0,23048.0,46166.0
2008-10-29,69214.0,23048.0,46166.0
2008-10-30,69214.0,23048.0,46166.0
2008-10-31,69214.0,23048.0,46166.0
2008-11-03,69214.0,23048.0,46166.0
2008-11-04,71373.0,25156.0,46217.0
2008-11-05,71373.0,25156.0,46217.0
2008-11-06,71373.0,25156.0,46217.0
2008-11-07,71373.0,25156.0,46217.0
2008-11-10,71373.0,25156.0,46217.0
2008-11-11,65794.0,28922.0,36872.0
2008-11-12,65794.0,28922.0,36872.0
2008-11-13,65794.0,28922.0,36872.0
2008-11-14,65794.0,28922.0,36872.0
2008-11-17,65794.0,28922.0,36872.0
2008-11-18,62986.0,23776.0,39210.0
2008-11-19,62986.0,23776.0,39210.0
2008-11-20,62986.0,23776.0,39210.0
2008-11-21,62986.0,23776.0,39210.0
2008-11-24,62986.0,23776.0,39210.0
2008-11-25,73051.0,15312.0,57739.0
2008-11-26,73051.0,15312.0,57739.0
2008-11-27,73051.0,15312.0,57739.0
2008-11-28,73051.0,15312.0,57739.0
2008-12-01,73051.0,15312.0,57739.0
2008-12-02,69409.0,8657.0,60752.0
2008-12-03,69409.0,8657.0,60752.0
2008-12-04,69409.0,8657.0,60752.0
2008-12-05,69409.0,8657.0,60752.0
2008-12-08,69409.0,8657.0,60752.0
2008-12-09,69760.0,11925.0,57835.0
2008-12-10,69760.0,11925.0,57835.0
2008-12-11,69760.0,11925.0,57835.0
2008-12-12,69760.0,11925.0,57835.0
2008-12-15,69760.0,11925.0,57835.0
2008-12-16,85191.0,11859.0,73332.0
2008-12-17,85191.0,11859.0,73332.0
2008-12-18,85191.0,11859.0,73332.0
2008-12-19,85191.0,11859.0,73332.0
2008-12-22,94571.0,6768.0,87803.0
2008-12-23,94571.0,6768.0,87803.0
2008-12-24,94571.0,6768.0,87803.0
2008-12-25,94571.0,6768.0,87803.0
2008-12-26,94571.0,6768.0,87803.0
2008-12-29,94571.0,6768.0,87803.0
2008-12-30,99432.0,7545.0,91887.0
2008-12-31,99432.0,7545.0,91887.0
2009-01-01,99432.0,7545.0,91887.0
2009-01-02,99432.0,7545.0,91887.0
2009-01-05,99432.0,7545.0,91887.0
2009-01-06,104828.0,6338.0,98490.0
2009-01-07,104828.0,6338.0,98490.0
2009-01-08,104828.0,6338.0,98490.0
2009-01-09,104828.0,6338.0,98490.0
2009-01-12,104828.0,6338.0,98490.0
2009-01-13,96909.0,6889.0,90020.0
2009-01-14,96909.0,6889.0,90020.0
2009-01-15,96909.0,6889.0,90020.0
2009-01-16,96909.0,6889.0,90020.0
2009-01-19,96909.0,6889.0,90020.0
2009-01-20,101220.0,8898.0,92322.0
2009-01-21,101220.0,8898.0,92322.0
2009-01-22,101220.0,8898.0,92322.0
2009-01-23,101220.0,8898.0,92322.0
2009-01-26,101220.0,8898.0,92322.0
2009-01-27,118261.0,12696.0,105565.0
2009-01-28,118261.0,12696.0,105565.0
2009-01-29,118261.0,12696.0,105565.0
2009-01-30,118261.0,12696.0,105565.0
2009-02-02,118261.0,12696.0,105565.0
2009-02-03,130230.0,12946.0,117284.0
2009-02-04,130230.0,12946.0,117284.0
2009-02-05,130230.0,12946.0,117284.0
2009-02-06,130230.0,12946.0,117284.0
2009-02-09,130230.0,12946.0,117284.0
2009-02-10,135286.0,12626.0,122660.0
2009-02-11,135286.0,12626.0,122660.0
2009-02-12,135286.0,12626.0,122660.0
2009-02-13,135286.0,12626.0,122660.0
2009-02-16,135286.0,12626.0,122660.0
2009-02-17,137668.0,14501.0,123167.0
2009-02-18,137668.0,14501.0,123167.0
2009-02-19,137668.0,14501.0,123167.0
2009-02-20,137668.0,14501.0,123167.0
2009-02-23,137668.0,14501.0,123167.0
2009-02-24,142009.0,11416.0,130593.0
2009-02-25,142009.0,11416.0,130593.0
2009-02-26,142009.0,11416.0,130593.0
2009-02-27,142009.0,11416.0,130593.0
2009-03-02,142009.0,11416.0,130593.0
2009-03-03,142338.0,7446.0,134892.0
2009-03-04,142338.0,7446.0,134892.0
2009-03-05,142338.0,7446.0,134892.0
2009-03-06,142338.0,7446.0,134892.0
2009-03-09,142338.0,7446.0,134892.0
2009-03-10,136814.0,8042.0,128772.0
2009-03-11,136814.0,8042.0,128772.0
2009-03-12,136814.0,8042.0,128772.0
2009-03-13,136814.0,8042.0,128772.0
2009-03-16,136814.0,8042.0,128772.0
2009-03-17,134182.0,6202.0,127980.0
2009-03-18,134182.0,6202.0,127980.0
2009-03-19,134182.0,6202.0,127980.0
2009-03-20,134182.0,6202.0,127980.0
2009-03-23,134182.0,6202.0,127980.0
2009-03-24,134155.0,8485.0,125670.0
2009-03-25,134155.0,8485.0,125670.0
2009-03-26,134155.0,8485.0,125670.0
2009-03-27,134155.0,8485.0,125670.0
2009-03-30,134155.0,8485.0,125670.0
2009-03-31,138279.0,7794.0,130485.0
2009-04-01,138279.0,7794.0,130485.0
2009-04-02,138279.0,7794.0,130485.0
2009-04-03,138279.0,7794.0,130485.0
2009-04-06,138279.0,7794.0,130485.0
2009-04-07,126084.0,14927.0,111157.0
2009-04-08,126084.0,14927.0,111157.0
2009-04-09,126084.0,14927.0,111157.0
2009-04-10,126084.0,14927.0,111157.0
2009-04-13,126084.0,14927.0,111157.0
2009-04-14,125729.0,13705.0,112024.0
2009-04-15,125729.0,13705.0,112024.0
2009-04-16,125729.0,13705.0,112024.0
2009-04-17,125729.0,13705.0,112024.0
2009-04-20,125729.0,13705.0,112024.0
2009-04-21,123645.0,12331.0,111314.0
2009-04-22,123645.0,12331.0,111314.0
2009-04-23,123645.0,12331.0,111314.0
2009-04-24,123645.0,12331.0,111314.0
2009-04-27,123645.0,12331.0,111314.0
2009-04-28,123760.0,15478.0,108282.0
2009-04-29,123760.0,15478.0,108282.0
2009-04-30,123760.0,15478.0,108282.0
2009-05-01,123760.0,15478.0,108282.0
2009-05-04,123760.0,15478.0,108282.0
2009-05-05,126846.0,12219.0,114627.0
2009-05-06,126846.0,12219.0,114627.0
2009-05-07,126846.0,12219.0,114627.0
2009-05-08,126846.0,12219.0,114627.0
2009-05-11,126846.0,12219.0,114627.0
2009-05-12,136934.0,12773.0,124161.0
2009-05-13,136934.0,12773.0,124161.0
2009-05-14,136934.0,12773.0,124161.0
2009-05-15,136934.0,12773.0,124161.0
2009-05-18,136934.0,12773.0,124161.0
2009-05-19,140605.0,13146.0,127459.0
2009-05-20,140605.0,13146.0,127459.0
2009-05-21,140605.0,13146.0,127459.0
2009-05-22,140605.0,13146.0,127459.0
2009-05-25,140605.0,13146.0,127459.0
2009-05-26,155440.0,12542.0,142898.0
2009-05-27,155440.0,12542.0,142898.0
2009-05-28,155440.0,12542.0,142898.0
2009-05-29,155440.0,12542.0,142898.0
2009-06-01,155440.0,12542.0,142898.0
2009-06-02,162201.0,9047.0,153154.0
2009-06-03,162201.0,9047.0,153154.0
2009-06-04,162201.0,9047.0,153154.0
2009-06-05,162201.0,9047.0,153154.0
2009-06-08,162201.0,9047.0,153154.0
2009-06-09,166473.0,5836.0,160637.0
2009-06-10,166473.0,5836.0,160637.0
2009-06-11,166473.0,5836.0,160637.0
2009-06-12,166473.0,5836.0,160637.0
2009-06-15,166473.0,5836.0,160637.0
2009-06-16,153484.0,6654.0,146830.0
2009-06-17,153484.0,6654.0,146830.0
2009-06-18,153484.0,6654.0,146830.0
2009-06-19,153484.0,6654.0,146830.0
2009-06-22,153484.0,6654.0,146830.0
2009-06-23,149419.0,10207.0,139212.0
2009-06-24,149419.0,10207.0,139212.0
2009-06-25,149419.0,10207.0,139212.0
2009-06-26,149419.0,10207.0,139212.0
2009-06-29,149419.0,10207.0,139212.0
2009-06-30,147628.0,10141.0,137487.0
2009-07-01,147628.0,10141.0,137487.0
2009-07-02,147628.0,10141.0,137487.0
2009-07-03,147628.0,10141.0,137487.0
2009-07-06,147628.0,10141.0,137487.0
2009-07-07,144471.0,5708.0,138763.0
2009-07-08,144471.0,5708.0,138763.0
2009-07-09,144471.0,5708.0,138763.0
2009-07-10,144471.0,5708.0,138763.0
2009-07-13,144471.0,5708.0,138763.0
2009-07-14,140260.0,8088.0,132172.0
2009-07-15,140260.0,8088.0,132172.0
2009-07-16,140260.0,8088.0,132172.0
2009-07-17,140260.0,8088.0,132172.0
2009-07-20,140260.0,8088.0,132172.0
2009-07-21,158071.0,7736.0,150335.0
2009-07-22,158071.0,7736.0,150335.0
2009-07-23,158071.0,7736.0,150335.0
2009-07-24,158071.0,7736.0,150335.0
2009-07-27,158071.0,7736.0,150335.0
2009-07-28,154908.0,7570.0,147338.0
2009-07-29,154908.0,7570.0,147338.0
2009-07-30,154908.0,7570.0,147338.0
2009-07-31,154908.0,7570.0,147338.0
2009-08-03,154908.0,7570.0,147338.0
2009-08-04,174707.0,7021.0,167686.0
2009-08-05,174707.0,7021.0,167686.0
2009-08-06,174707.0,7021.0,167686.0
2009-08-07,174707.0,7021.0,167686.0
2009-08-10,174707.0,7021.0,167686.0
2009-08-11,167169.0,7234.0,159935.0
2009-08-12,167169.0,7234.0,159935.0
2009-08-13,167169.0,7234.0,159935.0
2009-08-14,167169.0,7234.0,159935.0
2009-08-17,167169.0,7234.0,159935.0
2009-08-18,153525.0,12039.0,141486.0
2009-08-19,153525.0,12039.0,141486.0
2009-08-20,153525.0,12039.0,141486.0
2009-08-21,153525.0,12039.0,141486.0
2009-08-24,153525.0,12039.0,141486.0
2009-08-25,156834.0,7238.0,149596.0
2009-08-26,156834.0,7238.0,149596.0
2009-08-27,156834.0,7238.0,149596.0
2009-08-28,156834.0,7238.0,149596.0
2009-08-31,156834.0,7238.0,149596.0
2009-09-01,157220.0,7182.0,150038.0
2009-09-02,157220.0,7182.0,150038.0
2009-09-03,157220.0,7182.0,150038.0
2009-09-04,157220.0,7182.0,150038.0
2009-09-07,157220.0,7182.0,150038.0
2009-09-08,194723.0,7174.0,187549.0
2009-09-09,194723.0,7174.0,187549.0
2009-09-10,194723.0,7174.0,187549.0
2009-09-11,194723.0,7174.0,187549.0
2009-09-14,194723.0,7174.0,187549.0
2009-09-15,207387.0,5527.0,201860.0
2009-09-16,207387.0,5527.0,201860.0
2009-09-17,207387.0,5527.0,201860.0
2009-09-18,207387.0,5527.0,201860.0
2009-09-21,207387.0,5527.0,201860.0
2009-09-22,208236.0,5170.0,203066.0
2009-09-23,208236.0,5170.0,203066.0
2009-09-24,208236.0,5170.0,203066.0
2009-09-25,208236.0,5170.0,203066.0
2009-09-28,208236.0,5170.0,203066.0
2009-09-29,198175.0,3726.0,194449.0
2009-09-30,198175.0,3726.0,194449.0
2009-10-01,198175.0,3726.0,194449.0
2009-10-02,198175.0,3726.0,194449.0
2009-10-05,198175.0,3726.0,194449.0
2009-10-06,215753.0,6378.0,209375.0
2009-10-07,215753.0,6378.0,209375.0
2009-10-08,215753.0,6378.0,209375.0
2009-10-09,215753.0,6378.0,209375.0
2009-10-12,215753.0,6378.0,209375.0
2009-10-13,232086.0,5232.0,226854.0
2009-10-14,232086.0,5232.0,226854.0
2009-10-15,232086.0,5232.0,226854.0
2009-10-16,232086.0,5232.0,226854.0
2009-10-19,232086.0,5232.0,226854.0
2009-10-20,233990.0,6715.0,227275.0
2009-10-21,233990.0,6715.0,227275.0
2009-10-22,233990.0,6715.0,227275.0
2009-10-23,233990.0,6715.0,227275.0
2009-10-26,233990.0,6715.0,227275.0
2009-10-27,217920.0,7549.0,210371.0
2009-10-28,217920.0,7549.0,210371.0
2009-10-29,217920.0,7549.0,210371.0
2009-10-30,217920.0,7549.0,210371.0
2009-11-02,217920.0,7549.0,210371.0
2009-11-03,227499.0,9278.0,218221.0
2009-11-04,227499.0,9278.0,218221.0
2009-11-05,227499.0,9278.0,218221.0
2009-11-06,227499.0,9278.0,218221.0
2009-11-09,223460.0,8495.0,214965.0
2009-11-10,223460.0,8495.0,214965.0
2009-11-11,223460.0,8495.0,214965.0
2009-11-12,223460.0,8495.0,214965.0
2009-11-13,223460.0,8495.0,214965.0
2009-11-16,223460.0,8495.0,214965.0
2009-11-17,222637.0,8401.0,214236.0
2009-11-18,222637.0,8401.0,214236.0
2009-11-19,222637.0,8401.0,214236.0
2009-11-20,222637.0,8401.0,214236.0
2009-11-23,222637.0,8401.0,214236.0
2009-11-24,225366.0,3589.0,221777.0
2009-11-25,225366.0,3589.0,221777.0
2009-11-26,225366.0,3589.0,221777.0
2009-11-27,225366.0,3589.0,221777.0
2009-11-30,225366.0,3589.0,221777.0
2009-12-01,224030.0,6874.0,217156.0
2009-12-02,224030.0,6874.0,217156.0
2009-12-03,224030.0,6874.0,217156.0
2009-12-04,224030.0,6874.0,217156.0
2009-12-07,224030.0,6874.0,217156.0
2009-12-08,213164.0,5353.0,207811.0
2009-12-09,213164.0,5353.0,207811.0
2009-12-10,213164.0,5353.0,207811.0
2009-12-11,213164.0,5353.0,207811.0
2009-12-14,213164.0,5353.0,207811.0
2009-12-15,212517.0,4429.0,208088.0
2009-12-16,212517.0,4429.0,208088.0
2009-12-17,212517.0,4429.0,208088.0
2009-12-18,212517.0,4429.0,208088.0
2009-12-21,212517.0,4429.0,208088.0
2009-12-22,206996.0,4813.0,202183.0
2009-12-23,206996.0,4813.0,202183.0
2009-12-24,206996.0,4813.0,202183.0
2009-12-25,206996.0,4813.0,202183.0
2009-12-28,206996.0,4813.0,202183.0
2009-12-29,201751.0,5926.0,195825.0
2009-12-30,201751.0,5926.0,195825.0
2009-12-31,201751.0,5926.0,195825.0
2010-01-01,201751.0,5926.0,195825.0
2010-01-04,201751.0,5926.0,195825.0
2010-01-05,198506.0,6907.0,191599.0
2010-01-06,198506.0,6907.0,191599.0
2010-01-07,198506.0,6907.0,191599.0
2010-01-08,198506.0,6907.0,191599.0
2010-01-11,198506.0,6907.0,191599.0
2010-01-12,202180.0,11137.0,191043.0
2010-01-13,202180.0,11137.0,191043.0
2010-01-14,202180.0,11137.0,191043.0
2010-01-15,202180.0,11137.0,191043.0
2010-01-18,202180.0,11137.0,191043.0
2010-01-19,200320.0,7695.0,192625.0
2010-01-20,200320.0,7695.0,192625.0
2010-01-21,200320.0,7695.0,192625.0
2010-01-22,200320.0,7695.0,192625.0
2010-01-25,200320.0,7695.0,192625.0
2010-01-26,182133.0,7766.0,174367.0
2010-01-27,182133.0,7766.0,174367.0
2010-01-28,182133.0,7766.0,174367.0
2010-01-29,182133.0,7766.0,174367.0
2010-02-01,182133.0,7766.0,174367.0
2010-02-02,187024.0,8423.0,178601.0
2010-02-03,187024.0,8423.0,178601.0
2010-02-04,187024.0,8423.0,178601.0
2010-02-05,187024.0,8423.0,178601.0
2010-02-08,187024.0,8423.0,178601.0
2010-02-09,166132.0,13404.0,152728.0
2010-02-10,166132.0,13404.0,152728.0
2010-02-11,166132.0,13404.0,152728.0
2010-02-12,166132.0,13404.0,152728.0
2010-02-15,166132.0,13404.0,152728.0
2010-02-16,167613.0,10459.0,157154.0
2010-02-17,167613.0,10459.0,157154.0
2010-02-18,167613.0,10459.0,157154.0
2010-02-19,167613.0,10459.0,157154.0
2010-02-22,167613.0,10459.0,157154.0
2010-02-23,171565.0,6909.0,164656.0
2010-02-24,171565.0,6909.0,164656.0
2010-02-25,171565.0,6909.0,164656.0
2010-02-26,171565.0,6909.0,164656.0
2010-03-01,171565.0,6909.0,164656.0
2010-03-02,182360.0,5689.0,176671.0
2010-03-03,182360.0,5689.0,176671.0
2010-03-04,182360.0,5689.0,176671.0
2010-03-05,182360.0,5689.0,176671.0
2010-03-08,182360.0,5689.0,176671.0
2010-03-09,179078.0,4670.0,174408.0
2010-03-10,179078.0,4670.0,174408.0
2010-03-11,179078.0,4670.0,174408.0
2010-03-12,179078.0,4670.0,174408.0
2010-03-15,179078.0,4670.0,174408.0
2010-03-16,176715.0,6438.0,170277.0
2010-03-17,176715.0,6438.0,170277.0
2010-03-18,176715.0,6438.0,170277.0
2010-03-19,176715.0,6438.0,170277.0
2010-03-22,176715.0,6438.0,170277.0
2010-03-23,162654.0,8962.0,153692.0
2010-03-24,162654.0,8962.0,153692.0
2010-03-25,162654.0,8962.0,153692.0
2010-03-26,162654.0,8962.0,153692.0
2010-03-29,162654.0,8962.0,153692.0
2010-03-30,155355.0,8135.0,147220.0
2010-03-31,155355.0,8135.0,147220.0
2010-04-01,155355.0,8135.0,147220.0
2010-04-02,155355.0,8135.0,147220.0
2010-04-05,155355.0,8135.0,147220.0
2010-04-06,181635.0,6500.0,175135.0
2010-04-07,181635.0,6500.0,175135.0
2010-04-08,181635.0,6500.0,175135.0
2010-04-09,181635.0,6500.0,175135.0
2010-04-12,181635.0,6500.0,175135.0
2010-04-13,200201.0,3506.0,196695.0
2010-04-14,200201.0,3506.0,196695.0
2010-04-15,200201.0,3506.0,196695.0
2010-04-16,200201.0,3506.0,196695.0
2010-04-19,200201.0,3506.0,196695.0
2010-04-20,199008.0,6768.0,192240.0
2010-04-21,199008.0,6768.0,192240.0
2010-04-22,199008.0,6768.0,192240.0
2010-04-23,199008.0,6768.0,192240.0
2010-04-26,199008.0,6768.0,192240.0
2010-04-27,210203.0,4760.0,205443.0
2010-04-28,210203.0,4760.0,205443.0
2010-04-29,210203.0,4760.0,205443.0
2010-04-30,210203.0,4760.0,205443.0
2010-05-03,210203.0,4760.0,205443.0
2010-05-04,217433.0,9645.0,207788.0
2010-05-05,217433.0,9645.0,207788.0
2010-05-06,217433.0,9645.0,207788.0
2010-05-07,217433.0,9645.0,207788.0
2010-05-10,217433.0,9645.0,207788.0
2010-05-11,224664.0,7134.0,217530.0
2010-05-12,224664.0,7134.0,217530.0
2010-05-13,224664.0,7134.0,217530.0
2010-05-14,224664.0,7134.0,217530.0
2010-05-17,224664.0,7134.0,217530.0
2010-05-18,226337.0,6542.0,219795.0
2010-05-19,226337.0,6542.0,219795.0
2010-05-20,226337.0,6542.0,219795.0
2010-05-21,226337.0,6542.0,219795.0
2010-05-24,226337.0,6542.0,219795.0
2010-05-25,212919.0,7703.0,205216.0
2010-05-26,212919.0,7703.0,205216.0
2010-05-27,212919.0,7703.0,205216.0
2010-05-28,212919.0,7703.0,205216.0
2010-05-31,212919.0,7703.0,205216.0
2010-06-01,210717.0,4459.0,206258.0
2010-06-02,210717.0,4459.0,206258.0
2010-06-03,210717.0,4459.0,206258.0
2010-06-04,210717.0,4459.0,206258.0
2010-06-07,210717.0,4459.0,206258.0
2010-06-08,215177.0,5161.0,210016.0
2010-06-09,215177.0,5161.0,210016.0
2010-06-10,215177.0,5161.0,210016.0
2010-06-11,215177.0,5161.0,210016.0
2010-06-14,215177.0,5161.0,210016.0
2010-06-15,215511.0,4021.0,211490.0
2010-06-16,215511.0,4021.0,211490.0
2010-06-17,215511.0,4021.0,211490.0
2010-06-18,215511.0,4021.0,211490.0
2010-06-21,215511.0,4021.0,211490.0
2010-06-22,223219.0,4354.0,218865.0
2010-06-23,223219.0,4354.0,218865.0
2010-06-24,223219.0,4354.0,218865.0
2010-06-25,223219.0,4354.0,218865.0
2010-06-28,223219.0,4354.0,218865.0
2010-06-29,219365.0,4903.0,214462.0
2010-06-30,219365.0,4903.0,214462.0
2010-07-01,219365.0,4903.0,214462.0
2010-07-02,219365.0,4903.0,214462.0
2010-07-05,219365.0,4903.0,214462.0
2010-07-06,193032.0,11299.0,181733.0
2010-07-07,193032.0,11299.0,181733.0
2010-07-08,193032.0,11299.0,181733.0
2010-07-09,193032.0,11299.0,181733.0
2010-07-12,193032.0,11299.0,181733.0
2010-07-13,188892.0,8138.0,180754.0
2010-07-14,188892.0,8138.0,180754.0
2010-07-15,188892.0,8138.0,180754.0
2010-07-16,188892.0,8138.0,180754.0
2010-07-19,188892.0,8138.0,180754.0
2010-07-20,169169.0,20798.0,148371.0
2010-07-21,169169.0,20798.0,148371.0
2010-07-22,169169.0,20798.0,148371.0
2010-07-23,169169.0,20798.0,148371.0
2010-07-26,169169.0,20798.0,148371.0
2010-07-27,167161.0,14269.0,152892.0
2010-07-28,167161.0,14269.0,152892.0
2010-07-29,167161.0,14269.0,152892.0
2010-07-30,167161.0,14269.0,152892.0
2010-08-02,167161.0,14269.0,152892.0
2010-08-03,167800.0,11435.0,156365.0
2010-08-04,167800.0,11435.0,156365.0
2010-08-05,167800.0,11435.0,156365.0
2010-08-06,167800.0,11435.0,156365.0
2010-08-09,167800.0,11435.0,156365.0
2010-08-10,167837.0,9244.0,158593.0
2010-08-11,167837.0,9244.0,158593.0
2010-08-12,167837.0,9244.0,158593.0
2010-08-13,167837.0,9244.0,158593.0
2010-08-16,167837.0,9244.0,158593.0
2010-08-17,182555.0,5336.0,177219.0
2010-08-18,182555.0,5336.0,177219.0
2010-08-19,182555.0,5336.0,177219.0
2010-08-20,182555.0,5336.0,177219.0
2010-08-23,182555.0,5336.0,177219.0
2010-08-24,201864.0,5780.0,196084.0
2010-08-25,201864.0,5780.0,196084.0
2010-08-26,201864.0,5780.0,196084.0
2010-08-27,201864.0,5780.0,196084.0
2010-08-30,201864.0,5780.0,196084.0
2010-08-31,215631.0,6431.0,209200.0
2010-09-01,215631.0,6431.0,209200.0
2010-09-02,215631.0,6431.0,209200.0
2010-09-03,215631.0,6431.0,209200.0
2010-09-06,215631.0,6431.0,209200.0
2010-09-07,217437.0,6410.0,211027.0
2010-09-08,217437.0,6410.0,211027.0
2010-09-09,217437.0,6410.0,211027.0
2010-09-10,217437.0,6410.0,211027.0
2010-09-13,217437.0,6410.0,211027.0
2010-09-14,225821.0,7571.0,218250.0
2010-09-15,225821.0,7571.0,218250.0
2010-09-16,225821.0,7571.0,218250.0
2010-09-17,225821.0,7571.0,218250.0
2010-09-20,225821.0,7571.0,218250.0
2010-09-21,219781.0,5982.0,213799.0
2010-09-22,219781.0,5982.0,213799.0
2010-09-23,219781.0,5982.0,213799.0
2010-09-24,219781.0,5982.0,213799.0
2010-09-27,219781.0,5982.0,213799.0
2010-09-28,231457.0,7049.0,224408.0
2010-09-29,231457.0,7049.0,224408.0
2010-09-30,231457.0,7049.0,224408.0
2010-10-01,231457.0,7049.0,224408.0
2010-10-04,231457.0,7049.0,224408.0
2010-10-05,227061.0,8345.0,218716.0
2010-10-06,227061.0,8345.0,218716.0
2010-10-07,227061.0,8345.0,218716.0
2010-10-08,227061.0,8345.0,218716.0
2010-10-11,227061.0,8345.0,218716.0
2010-10-12,233925.0,9966.0,223959.0
2010-10-13,233925.0,9966.0,223959.0
2010-10-14,233925.0,9966.0,223959.0
2010-10-15,233925.0,9966.0,223959.0
2010-10-18,233925.0,9966.0,223959.0
2010-10-19,220360.0,11613.0,208747.0
2010-10-20,220360.0,11613.0,208747.0
2010-10-21,220360.0,11613.0,208747.0
2010-10-22,220360.0,11613.0,208747.0
2010-10-25,220360.0,11613.0,208747.0
2010-10-26,209780.0,11743.0,198037.0
2010-10-27,209780.0,11743.0,198037.0
2010-10-28,209780.0,11743.0,198037.0
2010-10-29,209780.0,11743.0,198037.0
2010-11-01,209780.0,11743.0,198037.0
2010-11-02,211627.0,16033.0,195594.0
2010-11-03,211627.0,16033.0,195594.0
2010-11-04,211627.0,16033.0,195594.0
2010-11-05,211627.0,16033.0,195594.0
2010-11-08,211627.0,16033.0,195594.0
2010-11-09,208053.0,19379.0,188674.0
2010-11-10,208053.0,19379.0,188674.0
2010-11-11,208053.0,19379.0,188674.0
2010-11-12,208053.0,19379.0,188674.0
2010-11-15,208053.0,19379.0,188674.0
2010-11-16,183835.0,17233.0,166602.0
2010-11-17,183835.0,17233.0,166602.0
2010-11-18,183835.0,17233.0,166602.0
2010-11-19,183835.0,17233.0,166602.0
2010-11-22,183835.0,17233.0,166602.0
2010-11-23,185172.0,15166.0,170006.0
2010-11-24,185172.0,15166.0,170006.0
2010-11-25,185172.0,15166.0,170006.0
2010-11-26,185172.0,15166.0,170006.0
2010-11-29,185172.0,15166.0,170006.0
2010-11-30,187247.0,11873.0,175374.0
2010-12-01,187247.0,11873.0,175374.0
2010-12-02,187247.0,11873.0,175374.0
2010-12-03,187247.0,11873.0,175374.0
2010-12-06,187247.0,11873.0,175374.0
2010-12-07,190212.0,10455.0,179757.0
2010-12-08,190212.0,10455.0,179757.0
2010-12-09,190212.0,10455.0,179757.0
2010-12-10,190212.0,10455.0,179757.0
2010-12-13,190212.0,10455.0,179757.0
2010-12-14,180601.0,11976.0,168625.0
2010-12-15,180601.0,11976.0,168625.0
2010-12-16,180601.0,11976.0,168625.0
2010-12-17,180601.0,11976.0,168625.0
2010-12-20,180601.0,11976.0,168625.0
2010-12-21,172385.0,14735.0,157650.0
2010-12-22,172385.0,14735.0,157650.0
2010-12-23,172385.0,14735.0,157650.0
2010-12-24,172385.0,14735.0,157650.0
2010-12-27,172385.0,14735.0,157650.0
2010-12-28,180866.0,12952.0,167914.0
2010-12-29,180866.0,12952.0,167914.0
2010-12-30,180866.0,12952.0,167914.0
2010-12-31,180866.0,12952.0,167914.0
2011-01-03,180866.0,12952.0,167914.0
2011-01-04,172298.0,16163.0,156135.0
2011-01-05,172298.0,16163.0,156135.0
2011-01-06,172298.0,16163.0,156135.0
2011-01-07,172298.0,16163.0,156135.0
2011-01-10,172298.0,16163.0,156135.0
2011-01-11,160750.0,21194.0,139556.0
2011-01-12,160750.0,21194.0,139556.0
2011-01-13,160750.0,21194.0,139556.0
2011-01-14,160750.0,21194.0,139556.0
2011-01-17,160750.0,21194.0,139556.0
2011-01-18,159114.0,25874.0,133240.0
2011-01-19,159114.0,25874.0,133240.0
2011-01-20,159114.0,25874.0,133240.0
2011-01-21,159114.0,25874.0,133240.0
2011-01-24,159114.0,25874.0,133240.0
2011-01-25,160562.0,22345.0,138217.0
2011-01-26,160562.0,22345.0,138217.0
2011-01-27,160562.0,22345.0,138217.0
2011-01-28,160562.0,22345.0,138217.0
2011-01-31,160562.0,22345.0,138217.0
2011-02-01,145530.0,21797.0,123733.0
2011-02-02,145530.0,21797.0,123733.0
2011-02-03,145530.0,21797.0,123733.0
2011-02-04,145530.0,21797.0,123733.0
2011-02-07,145530.0,21797.0,123733.0
2011-02-08,159732.0,18223.0,141509.0
2011-02-09,159732.0,18223.0,141509.0
2011-02-10,159732.0,18223.0,141509.0
2011-02-11,159732.0,18223.0,141509.0
2011-02-14,159732.0,18223.0,141509.0
2011-02-15,166406.0,12172.0,154234.0
2011-02-16,166406.0,12172.0,154234.0
2011-02-17,166406.0,12172.0,154234.0
2011-02-18,166406.0,12172.0,154234.0
2011-02-21,166406.0,12172.0,154234.0
2011-02-22,185082.0,16633.0,168449.0
2011-02-23,185082.0,16633.0,168449.0
2011-02-24,185082.0,16633.0,168449.0
2011-02-25,185082.0,16633.0,168449.0
2011-02-28,185082.0,16633.0,168449.0
2011-03-01,199371.0,10555.0,188816.0
2011-03-02,199371.0,10555.0,188816.0
2011-03-03,199371.0,10555.0,188816.0
2011-03-04,199371.0,10555.0,188816.0
2011-03-07,199371.0,10555.0,188816.0
2011-03-08,197377.0,8757.0,188620.0
2011-03-09,197377.0,8757.0,188620.0
2011-03-10,197377.0,8757.0,188620.0
2011-03-11,197377.0,8757.0,188620.0
2011-03-14,197377.0,8757.0,188620.0
2011-03-15,187986.0,11748.0,176238.0
2011-03-16,187986.0,11748.0,176238.0
2011-03-17,187986.0,11748.0,176238.0
2011-03-18,187986.0,11748.0,176238.0
2011-03-21,187986.0,11748.0,176238.0
2011-03-22,183912.0,5037.0,178875.0
2011-03-23,183912.0,5037.0,178875.0
2011-03-24,183912.0,5037.0,178875.0
2011-03-25,183912.0,5037.0,178875.0
2011-03-28,183912.0,5037.0,178875.0
2011-03-29,196020.0,4603.0,191417.0
2011-03-30,196020.0,4603.0,191417.0
2011-03-31,196020.0,4603.0,191417.0
2011-04-01,196020.0,4603.0,191417.0
2011-04-04,196020.0,4603.0,191417.0
2011-04-05,213018.0,6324.0,206694.0
2011-04-06,213018.0,6324.0,206694.0
2011-04-07,213018.0,6324.0,206694.0
2011-04-08,213018.0,6324.0,206694.0
2011-04-11,213018.0,6324.0,206694.0
2011-04-12,208714.0,6810.0,201904.0
2011-04-13,208714.0,6810.0,201904.0
2011-04-14,208714.0,6810.0,201904.0
2011-04-15,208714.0,6810.0,201904.0
2011-04-18,208714.0,6810.0,201904.0
2011-04-19,216243.0,4506.0,211737.0
2011-04-20,216243.0,4506.0,211737.0
2011-04-21,216243.0,4506.0,211737.0
2011-04-22,216243.0,4506.0,211737.0
2011-04-25,216243.0,4506.0,211737.0
2011-04-26,207496.0,5079.0,202417.0
2011-04-27,207496.0,5079.0,202417.0
2011-04-28,207496.0,5079.0,202417.0
2011-04-29,207496.0,5079.0,202417.0
2011-05-02,207496.0,5079.0,202417.0
2011-05-03,203624.0,10746.0,192878.0
2011-05-04,203624.0,10746.0,192878.0
2011-05-05,203624.0,10746.0,192878.0
2011-05-06,203624.0,10746.0,192878.0
2011-05-09,203624.0,10746.0,192878.0
2011-05-10,191435.0,10461.0,180974.0
2011-05-11,191435.0,10461.0,180974.0
2011-05-12,191435.0,10461.0,180974.0
2011-05-13,191435.0,10461.0,180974.0
2011-05-16,191435.0,10461.0,180974.0
2011-05-17,181722.0,7934.0,173788.0
2011-05-18,181722.0,7934.0,173788.0
2011-05-19,181722.0,7934.0,173788.0
2011-05-20,181722.0,7934.0,173788.0
2011-05-23,181722.0,7934.0,173788.0
2011-05-24,191481.0,14589.0,176892.0
2011-05-25,191481.0,14589.0,176892.0
2011-05-26,191481.0,14589.0,176892.0
2011-05-27,191481.0,14589.0,176892.0
2011-05-30,191481.0,14589.0,176892.0
2011-05-31,197416.0,10101.0,187315.0
2011-06-01,197416.0,10101.0,187315.0
2011-06-02,197416.0,10101.0,187315.0
2011-06-03,197416.0,10101.0,187315.0
2011-06-06,197416.0,10101.0,187315.0
2011-06-07,203518.0,7648.0,195870.0
2011-06-08,203518.0,7648.0,195870.0
2011-06-09,203518.0,7648.0,195870.0
2011-06-10,203518.0,7648.0,195870.0
2011-06-13,203518.0,7648.0,195870.0
2011-06-14,197429.0,9643.0,187786.0
2011-06-15,197429.0,9643.0,187786.0
2011-06-16,197429.0,9643.0,187786.0
2011-06-17,197429.0,9643.0,187786.0
2011-06-20,197429.0,9643.0,187786.0
2011-06-21,213479.0,7220.0,206259.0
2011-06-22,213479.0,7220.0,206259.0
2011-06-23,213479.0,7220.0,206259.0
2011-06-24,213479.0,7220.0,206259.0
2011-06-27,213479.0,7220.0,206259.0
2011-06-28,178804.0,9233.0,169571.0
2011-06-29,178804.0,9233.0,169571.0
2011-06-30,178804.0,9233.0,169571.0
2011-07-01,178804.0,9233.0,169571.0
2011-07-04,178804.0,9233.0,169571.0
2011-07-05,173769.0,8346.0,165423.0
2011-07-06,173769.0,8346.0,165423.0
2011-07-07,173769.0,8346.0,165423.0
2011-07-08,173769.0,8346.0,165423.0
2011-07-11,173769.0,8346.0,165423.0
2011-07-12,208383.0,9278.0,199105.0
2011-07-13,208383.0,9278.0,199105.0
2011-07-14,208383.0,9278.0,199105.0
2011-07-15,208383.0,9278.0,199105.0
2011-07-18,208383.0,9278.0,199105.0
2011-07-19,220116.0,9827.0,210289.0
2011-07-20,220116.0,9827.0,210289.0
2011-07-21,220116.0,9827.0,210289.0
2011-07-22,220116.0,9827.0,210289.0
2011-07-25,220116.0,9827.0,210289.0
2011-07-26,221551.0,8050.0,213501.0
2011-07-27,221551.0,8050.0,213501.0
2011-07-28,221551.0,8050.0,213501.0
2011-07-29,221551.0,8050.0,213501.0
2011-08-01,221551.0,8050.0,213501.0
2011-08-02,237847.0,9023.0,228824.0
2011-08-03,237847.0,9023.0,228824.0
2011-08-04,237847.0,9023.0,228824.0
2011-08-05,237847.0,9023.0,228824.0
2011-08-08,237847.0,9023.0,228824.0
2011-08-09,201303.0,9893.0,191410.0
2011-08-10,201303.0,9893.0,191410.0
2011-08-11,201303.0,9893.0,191410.0
2011-08-12,201303.0,9893.0,191410.0
2011-08-15,201303.0,9893.0,191410.0
2011-08-16,213261.0,13386.0,199875.0
2011-08-17,213261.0,13386.0,199875.0
2011-08-18,213261.0,13386.0,199875.0
2011-08-19,213261.0,13386.0,199875.0
2011-08-22,213261.0,13386.0,199875.0
2011-08-23,202430.0,10108.0,192322.0
2011-08-24,202430.0,10108.0,192322.0
2011-08-25,202430.0,10108.0,192322.0
2011-08-26,202430.0,10108.0,192322.0
2011-08-29,202430.0,10108.0,192322.0
2011-08-30,189799.0,6727.0,183072.0
2011-08-31,189799.0,6727.0,183072.0
2011-09-01,189799.0,6727.0,183072.0
2011-09-02,189799.0,6727.0,183072.0
2011-09-05,189799.0,6727.0,183072.0
2011-09-06,195197.0,7002.0,188195.0
2011-09-07,195197.0,7002.0,188195.0
2011-09-08,195197.0,7002.0,188195.0
2011-09-09,195197.0,7002.0,188195.0
2011-09-12,195197.0,7002.0,188195.0
2011-09-13,182461.0,6192.0,176269.0
2011-09-14,182461.0,6192.0,176269.0
2011-09-15,182461.0,6192.0,176269.0
2011-09-16,182461.0,6192.0,176269.0
2011-09-19,182461.0,6192.0,176269.0
2011-09-20,159718.0,8293.0,151425.0
2011-09-21,159718.0,8293.0,151425.0
2011-09-22,159718.0,8293.0,151425.0
2011-09-23,159718.0,8293.0,151425.0
2011-09-26,159718.0,8293.0,151425.0
2011-09-27,136103.0,13628.0,122475.0
2011-09-28,136103.0,13628.0,122475.0
2011-09-29,136103.0,13628.0,122475.0
2011-09-30,136103.0,13628.0,122475.0
2011-10-03,136103.0,13628.0,122475.0
2011-10-04,133320.0,12631.0,120689.0
2011-10-05,133320.0,12631.0,120689.0
2011-10-06,133320.0,12631.0,120689.0
2011-10-07,133320.0,12631.0,120689.0
2011-10-10,133320.0,12631.0,120689.0
2011-10-11,134111.0,12090.0,122021.0
2011-10-12,134111.0,12090.0,122021.0
2011-10-13,134111.0,12090.0,122021.0
2011-10-14,134111.0,12090.0,122021.0
2011-10-17,134111.0,12090.0,122021.0
2011-10-18,132678.0,14779.0,117899.0
2011-10-19,132678.0,14779.0,117899.0
2011-10-20,132678.0,14779.0,117899.0
2011-10-21,132678.0,14779.0,117899.0
2011-10-24,132678.0,14779.0,117899.0
2011-10-25,141961.0,15391.0,126570.0
2011-10-26,141961.0,15391.0,126570.0
2011-10-27,141961.0,15391.0,126570.0
2011-10-28,141961.0,15391.0,126570.0
2011-10-31,141961.0,15391.0,126570.0
2011-11-01,144879.0,11868.0,133011.0
2011-11-02,144879.0,11868.0,133011.0
2011-11-03,144879.0,11868.0,133011.0
2011-11-04,144879.0,11868.0,133011.0
2011-11-07,144879.0,11868.0,133011.0
2011-11-08,155632.0,9577.0,146055.0
2011-11-09,155632.0,9577.0,146055.0
2011-11-10,155632.0,9577.0,146055.0
2011-11-11,155632.0,9577.0,146055.0
2011-11-14,155632.0,9577.0,146055.0
2011-11-15,159850.0,8940.0,150910.0
2011-11-16,159850.0,8940.0,150910.0
2011-11-17,159850.0,8940.0,150910.0
2011-11-18,159850.0,8940.0,150910.0
2011-11-21,159850.0,8940.0,150910.0
2011-11-22,146180.0,8498.0,137682.0
2011-11-23,146180.0,8498.0,137682.0
2011-11-24,146180.0,8498.0,137682.0
2011-11-25,146180.0,8498.0,137682.0
2011-11-28,146180.0,8498.0,137682.0
2011-11-29,141009.0,7215.0,133794.0
2011-11-30,141009.0,7215.0,133794.0
2011-12-01,141009.0,7215.0,133794.0
2011-12-02,141009.0,7215.0,133794.0
2011-12-05,141009.0,7215.0,133794.0
2011-12-06,146486.0,8794.0,137692.0
2011-12-07,146486.0,8794.0,137692.0
2011-12-08,146486.0,8794.0,137692.0
2011-12-09,146486.0,8794.0,137692.0
2011-12-12,146486.0,8794.0,137692.0
2011-12-13,137811.0,10674.0,127137.0
2011-12-14,137811.0,10674.0,127137.0
2011-12-15,137811.0,10674.0,127137.0
2011-12-16,137811.0,10674.0,127137.0
2011-12-19,137811.0,10674.0,127137.0
2011-12-20,124617.0,13147.0,111470.0
2011-12-21,124617.0,13147.0,111470.0
2011-12-22,124617.0,13147.0,111470.0
2011-12-23,124617.0,13147.0,111470.0
2011-12-26,124617.0,13147.0,111470.0
2011-12-27,120594.0,14551.0,106043.0
2011-12-28,120594.0,14551.0,106043.0
2011-12-29,120594.0,14551.0,106043.0
2011-12-30,120594.0,14551.0,106043.0
2012-01-02,120594.0,14551.0,106043.0
2012-01-03,121961.0,17399.0,104562.0
2012-01-04,121961.0,17399.0,104562.0
2012-01-05,121961.0,17399.0,104562.0
2012-01-06,121961.0,17399.0,104562.0
2012-01-09,121961.0,17399.0,104562.0
2012-01-10,118994.0,15014.0,103980.0
2012-01-11,118994.0,15014.0,103980.0
2012-01-12,118994.0,15014.0,103980.0
2012-01-13,118994.0,15014.0,103980.0
2012-01-16,118994.0,15014.0,103980.0
2012-01-17,120582.0,11927.0,108655.0
2012-01-18,120582.0,11927.0,108655.0
2012-01-19,120582.0,11927.0,108655.0
2012-01-20,120582.0,11927.0,108655.0
2012-01-23,120582.0,11927.0,108655.0
2012-01-24,127512.0,10356.0,117156.0
2012-01-25,127512.0,10356.0,117156.0
2012-01-26,127512.0,10356.0,117156.0
2012-01-27,127512.0,10356.0,117156.0
2012-01-30,127512.0,10356.0,117156.0
2012-01-31,149921.0,5973.0,143948.0
2012-02-01,149921.0,5973.0,143948.0
2012-02-02,149921.0,5973.0,143948.0
2012-02-03,149921.0,5973.0,143948.0
2012-02-06,149921.0,5973.0,143948.0
2012-02-07,161575.0,5966.0,155609.0
2012-02-08,161575.0,5966.0,155609.0
2012-02-09,161575.0,5966.0,155609.0
2012-02-10,161575.0,5966.0,155609.0
2012-02-13,161575.0,5966.0,155609.0
2012-02-14,156994.0,8005.0,148989.0
2012-02-15,156994.0,8005.0,148989.0
2012-02-16,156994.0,8005.0,148989.0
2012-02-17,156994.0,8005.0,148989.0
2012-02-20,156994.0,8005.0,148989.0
2012-02-21,169144.0,8850.0,160294.0
2012-02-22,169144.0,8850.0,160294.0
2012-02-23,169144.0,8850.0,160294.0
2012-02-24,169144.0,8850.0,160294.0
2012-02-27,169144.0,8850.0,160294.0
2012-02-28,184843.0,7700.0,177143.0
2012-02-29,184843.0,7700.0,177143.0
2012-03-01,184843.0,7700.0,177143.0
2012-03-02,184843.0,7700.0,177143.0
2012-03-05,184843.0,7700.0,177143.0
2012-03-06,153286.0,11445.0,141841.0
2012-03-07,153286.0,11445.0,141841.0
2012-03-08,153286.0,11445.0,141841.0
2012-03-09,153286.0,11445.0,141841.0
2012-03-12,153286.0,11445.0,141841.0
2012-03-13,146286.0,12668.0,133618.0
2012-03-14,146286.0,12668.0,133618.0
2012-03-15,146286.0,12668.0,133618.0
2012-03-16,146286.0,12668.0,133618.0
2012-03-19,146286.0,12668.0,133618.0
2012-03-20,129938.0,16840.0,113098.0
2012-03-21,129938.0,16840.0,113098.0
2012-03-22,129938.0,16840.0,113098.0
2012-03-23,129938.0,16840.0,113098.0
2012-03-26,129938.0,16840.0,113098.0
2012-03-27,136546.0,12463.0,124083.0
2012-03-28,136546.0,12463.0,124083.0
2012-03-29,136546.0,12463.0,124083.0
2012-03-30,136546.0,12463.0,124083.0
2012-04-02,136546.0,12463.0,124083.0
2012-04-03,126887.0,13847.0,113040.0
2012-04-04,126887.0,13847.0,113040.0
2012-04-05,126887.0,13847.0,113040.0
2012-04-06,126887.0,13847.0,113040.0
2012-04-09,126887.0,13847.0,113040.0
2012-04-10,119710.0,15480.0,104230.0
2012-04-11,119710.0,15480.0,104230.0
2012-04-12,119710.0,15480.0,104230.0
2012-04-13,119710.0,15480.0,104230.0
2012-04-16,119710.0,15480.0,104230.0
2012-04-17,117770.0,10194.0,107576.0
2012-04-18,117770.0,10194.0,107576.0
2012-04-19,117770.0,10194.0,107576.0
2012-04-20,117770.0,10194.0,107576.0
2012-04-23,117770.0,10194.0,107576.0
2012-04-24,115706.0,12356.0,103350.0
2012-04-25,115706.0,12356.0,103350.0
2012-04-26,115706.0,12356.0,103350.0
2012-04-27,115706.0,12356.0,103350.0
2012-04-30,115706.0,12356.0,103350.0
2012-05-01,119865.0,9809.0,110056.0
2012-05-02,119865.0,9809.0,110056.0
2012-05-03,119865.0,9809.0,110056.0
2012-05-04,119865.0,9809.0,110056.0
2012-05-07,119865.0,9809.0,110056.0
2012-05-08,113307.0,22935.0,90372.0
2012-05-09,113307.0,22935.0,90372.0
2012-05-10,113307.0,22935.0,90372.0
2012-05-11,113307.0,22935.0,90372.0
2012-05-14,113307.0,22935.0,90372.0
2012-05-15,112920.0,32822.0,80098.0
2012-05-16,112920.0,32822.0,80098.0
2012-05-17,112920.0,32822.0,80098.0
2012-05-18,112920.0,32822.0,80098.0
2012-05-21,112920.0,32822.0,80098.0
2012-05-22,113453.0,38808.0,74645.0
2012-05-23,113453.0,38808.0,74645.0
2012-05-24,113453.0,38808.0,74645.0
2012-05-25,113453.0,38808.0,74645.0
2012-05-28,113453.0,38808.0,74645.0
2012-05-29,113383.0,40857.0,72526.0
2012-05-30,113383.0,40857.0,72526.0
2012-05-31,113383.0,40857.0,72526.0
2012-06-01,113383.0,40857.0,72526.0
2012-06-04,113383.0,40857.0,72526.0
2012-06-05,124211.0,35621.0,88590.0
2012-06-06,124211.0,35621.0,88590.0
2012-06-07,124211.0,35621.0,88590.0
2012-06-08,124211.0,35621.0,88590.0
2012-06-11,124211.0,35621.0,88590.0
2012-06-12,120365.0,32492.0,87873.0
2012-06-13,120365.0,32492.0,87873.0
2012-06-14,120365.0,32492.0,87873.0
2012-06-15,120365.0,32492.0,87873.0
2012-06-18,120365.0,32492.0,87873.0
2012-06-19,121411.0,28260.0,93151.0
2012-06-20,121411.0,28260.0,93151.0
2012-06-21,121411.0,28260.0,93151.0
2012-06-22,121411.0,28260.0,93151.0
2012-06-25,121411.0,28260.0,93151.0
2012-06-26,110884.0,33389.0,77495.0
2012-06-27,110884.0,33389.0,77495.0
2012-06-28,110884.0,33389.0,77495.0
2012-06-29,110884.0,33389.0,77495.0
2012-07-02,110884.0,33389.0,77495.0
2012-07-03,125464.0,29245.0,96219.0
2012-07-04,125464.0,29245.0,96219.0
2012-07-05,125464.0,29245.0,96219.0
2012-07-06,125464.0,29245.0,96219.0
2012-07-09,125464.0,29245.0,96219.0
2012-07-10,115071.0,34784.0,80287.0
2012-07-11,115071.0,34784.0,80287.0
2012-07-12,115071.0,34784.0,80287.0
2012-07-13,115071.0,34784.0,80287.0
2012-07-16,115071.0,34784.0,80287.0
2012-07-17,109800.0,28444.0,81356.0
2012-07-18,109800.0,28444.0,81356.0
2012-07-19,109800.0,28444.0,81356.0
2012-07-20,109800.0,28444.0,81356.0
2012-07-23,109800.0,28444.0,81356.0
2012-07-24,92963.0,33154.0,59809.0
2012-07-25,92963.0,33154.0,59809.0
2012-07-26,92963.0,33154.0,59809.0
2012-07-27,92963.0,33154.0,59809.0
2012-07-30,92963.0,33154.0,59809.0
2012-07-31,105196.0,24339.0,80857.0
2012-08-01,105196.0,24339.0,80857.0
2012-08-02,105196.0,24339.0,80857.0
2012-08-03,105196.0,24339.0,80857.0
2012-08-06,105196.0,24339.0,80857.0
2012-08-07,96887.0,27177.0,69710.0
2012-08-08,96887.0,27177.0,69710.0
2012-08-09,96887.0,27177.0,69710.0
2012-08-10,96887.0,27177.0,69710.0
2012-08-13,96887.0,27177.0,69710.0
2012-08-14,95478.0,28822.0,66656.0
2012-08-15,95478.0,28822.0,66656.0
2012-08-16,95478.0,28822.0,66656.0
2012-08-17,95478.0,28822.0,66656.0
2012-08-20,95478.0,28822.0,66656.0
2012-08-21,111063.0,19478.0,91585.0
2012-08-22,111063.0,19478.0,91585.0
2012-08-23,111063.0,19478.0,91585.0
2012-08-24,111063.0,19478.0,91585.0
2012-08-27,111063.0,19478.0,91585.0
2012-08-28,127743.0,14577.0,113166.0
2012-08-29,127743.0,14577.0,113166.0
2012-08-30,127743.0,14577.0,113166.0
2012-08-31,127743.0,14577.0,113166.0
2012-09-03,127743.0,14577.0,113166.0
2012-09-04,136347.0,13420.0,122927.0
2012-09-05,136347.0,13420.0,122927.0
2012-09-06,136347.0,13420.0,122927.0
2012-09-07,136347.0,13420.0,122927.0
2012-09-10,136347.0,13420.0,122927.0
2012-09-11,147696.0,10083.0,137613.0
2012-09-12,147696.0,10083.0,137613.0
2012-09-13,147696.0,10083.0,137613.0
2012-09-14,147696.0,10083.0,137613.0
2012-09-17,147696.0,10083.0,137613.0
2012-09-18,155972.0,11670.0,144302.0
2012-09-19,155972.0,11670.0,144302.0
2012-09-20,155972.0,11670.0,144302.0
2012-09-21,155972.0,11670.0,144302.0
2012-09-24,155972.0,11670.0,144302.0
2012-09-25,167404.0,9176.0,158228.0
2012-09-26,167404.0,9176.0,158228.0
2012-09-27,167404.0,9176.0,158228.0
2012-09-28,167404.0,9176.0,158228.0
2012-10-01,167404.0,9176.0,158228.0
2012-10-02,171822.0,8832.0,162990.0
2012-10-03,171822.0,8832.0,162990.0
2012-10-04,171822.0,8832.0,162990.0
2012-10-05,171822.0,8832.0,162990.0
2012-10-08,171822.0,8832.0,162990.0
2012-10-09,177644.0,10171.0,167473.0
2012-10-10,177644.0,10171.0,167473.0
2012-10-11,177644.0,10171.0,167473.0
2012-10-12,177644.0,10171.0,167473.0
2012-10-15,177644.0,10171.0,167473.0
2012-10-16,169829.0,11245.0,158584.0
2012-10-17,169829.0,11245.0,158584.0
2012-10-18,169829.0,11245.0,158584.0
2012-10-19,169829.0,11245.0,158584.0
2012-10-22,169829.0,11245.0,158584.0
2012-10-23,159412.0,12776.0,146636.0
2012-10-24,159412.0,12776.0,146636.0
2012-10-25,159412.0,12776.0,146636.0
2012-10-26,159412.0,12776.0,146636.0
2012-10-29,159412.0,12776.0,146636.0
2012-10-30,149389.0,13961.0,135428.0
2012-10-31,149389.0,13961.0,135428.0
2012-11-01,149389.0,13961.0,135428.0
2012-11-02,149389.0,13961.0,135428.0
2012-11-05,149389.0,13961.0,135428.0
2012-11-06,128668.0,13499.0,115169.0
2012-11-07,128668.0,13499.0,115169.0
2012-11-08,128668.0,13499.0,115169.0
2012-11-09,128668.0,13499.0,115169.0
2012-11-12,128668.0,13499.0,115169.0
2012-11-13,137972.0,13042.0,124930.0
2012-11-14,137972.0,13042.0,124930.0
2012-11-15,137972.0,13042.0,124930.0
2012-11-16,137972.0,13042.0,124930.0
2012-11-19,137972.0,13042.0,124930.0
2012-11-20,147339.0,11400.0,135939.0
2012-11-21,147339.0,11400.0,135939.0
2012-11-22,147339.0,11400.0,135939.0
2012-11-23,147339.0,11400.0,135939.0
2012-11-26,147339.0,11400.0,135939.0
2012-11-27,159947.0,7640.0,152307.0
2012-11-28,159947.0,7640.0,152307.0
2012-11-29,159947.0,7640.0,152307.0
2012-11-30,159947.0,7640.0,152307.0
2012-12-03,159947.0,7640.0,152307.0
2012-12-04,134304.0,15559.0,118745.0
2012-12-05,134304.0,15559.0,118745.0
2012-12-06,134304.0,15559.0,118745.0
2012-12-07,134304.0,15559.0,118745.0
2012-12-10,134304.0,15559.0,118745.0
2012-12-11,134234.0,14579.0,119655.0
2012-12-12,134234.0,14579.0,119655.0
2012-12-13,134234.0,14579.0,119655.0
2012-12-14,134234.0,14579.0,119655.0
2012-12-17,134234.0,14579.0,119655.0
2012-12-18,130786.0,22755.0,108031.0
2012-12-19,130786.0,22755.0,108031.0
2012-12-20,130786.0,22755.0,108031.0
2012-12-21,130786.0,22755.0,108031.0
2012-12-24,128403.0,29509.0,98894.0
2012-12-25,128403.0,29509.0,98894.0
2012-12-26,128403.0,29509.0,98894.0
2012-12-27,128403.0,29509.0,98894.0
2012-12-28,128403.0,29509.0,98894.0
2012-12-31,124967.0,27848.0,97119.0
2013-01-01,124967.0,27848.0,97119.0
2013-01-02,124967.0,27848.0,97119.0
2013-01-03,124967.0,27848.0,97119.0
2013-01-04,124967.0,27848.0,97119.0
2013-01-07,124967.0,27848.0,97119.0
2013-01-08,117603.0,30254.0,87349.0
2013-01-09,117603.0,30254.0,87349.0
2013-01-10,117603.0,30254.0,87349.0
2013-01-11,117603.0,30254.0,87349.0
2013-01-14,117603.0,30254.0,87349.0
2013-01-15,118437.0,27333.0,91104.0
2013-01-16,118437.0,27333.0,91104.0
2013-01-17,118437.0,27333.0,91104.0
2013-01-18,118437.0,27333.0,91104.0
2013-01-21,118437.0,27333.0,91104.0
2013-01-22,121758.0,23861.0,97897.0
2013-01-23,121758.0,23861.0,97897.0
2013-01-24,121758.0,23861.0,97897.0
2013-01-25,121758.0,23861.0,97897.0
2013-01-28,121758.0,23861.0,97897.0
2013-01-29,111076.0,34575.0,76501.0
2013-01-30,111076.0,34575.0,76501.0
2013-01-31,111076.0,34575.0,76501.0
2013-02-01,111076.0,34575.0,76501.0
2013-02-04,111076.0,34575.0,76501.0
2013-02-05,113058.0,34510.0,78548.0
2013-02-06,113058.0,34510.0,78548.0
2013-02-07,113058.0,34510.0,78548.0
2013-02-08,113058.0,34510.0,78548.0
2013-02-11,113058.0,34510.0,78548.0
2013-02-12,113939.0,47357.0,66582.0
2013-02-13,113939.0,47357.0,66582.0
2013-02-14,113939.0,47357.0,66582.0
2013-02-15,113939.0,47357.0,66582.0
2013-02-18,113939.0,47357.0,66582.0
2013-02-19,109507.0,66697.0,42810.0
2013-02-20,109507.0,66697.0,42810.0
2013-02-21,109507.0,66697.0,42810.0
2013-02-22,109507.0,66697.0,42810.0
2013-02-25,109507.0,66697.0,42810.0
2013-02-26,112888.0,62035.0,50853.0
2013-02-27,112888.0,62035.0,50853.0
2013-02-28,112888.0,62035.0,50853.0
2013-03-01,112888.0,62035.0,50853.0
2013-03-04,112888.0,62035.0,50853.0
2013-03-05,108352.0,67182.0,41170.0
2013-03-06,108352.0,67182.0,41170.0
2013-03-07,108352.0,67182.0,41170.0
2013-03-08,108352.0,67182.0,41170.0
2013-03-11,108352.0,67182.0,41170.0
2013-03-12,112966.0,68642.0,44324.0
2013-03-13,112966.0,68642.0,44324.0
2013-03-14,112966.0,68642.0,44324.0
2013-03-15,112966.0,68642.0,44324.0
2013-03-18,112966.0,68642.0,44324.0
2013-03-19,121388.0,56609.0,64779.0
2013-03-20,121388.0,56609.0,64779.0
2013-03-21,121388.0,56609.0,64779.0
2013-03-22,121388.0,56609.0,64779.0
2013-03-25,121388.0,56609.0,64779.0
2013-03-26,110766.0,54831.0,55935.0
2013-03-27,110766.0,54831.0,55935.0
2013-03-28,110766.0,54831.0,55935.0
2013-03-29,110766.0,54831.0,55935.0
2013-04-01,110766.0,54831.0,55935.0
2013-04-02,110504.0,66308.0,44196.0
2013-04-03,110504.0,66308.0,44196.0
2013-04-04,110504.0,66308.0,44196.0
2013-04-05,110504.0,66308.0,44196.0
2013-04-08,110504.0,66308.0,44196.0
2013-04-09,113423.0,63436.0,49987.0
2013-04-10,113423.0,63436.0,49987.0
2013-04-11,113423.0,63436.0,49987.0
2013-04-12,113423.0,63436.0,49987.0
2013-04-15,113423.0,63436.0,49987.0
2013-04-16,122687.0,54025.0,68662.0
2013-04-17,122687.0,54025.0,68662.0
2013-04-18,122687.0,54025.0,68662.0
2013-04-19,122687.0,54025.0,68662.0
2013-04-22,122687.0,54025.0,68662.0
2013-04-23,119662.0,66743.0,52919.0
2013-04-24,119662.0,66743.0,52919.0
2013-04-25,119662.0,66743.0,52919.0
2013-04-26,119662.0,66743.0,52919.0
2013-04-29,119662.0,66743.0,52919.0
2013-04-30,116815.0,65224.0,51591.0
2013-05-01,116815.0,65224.0,51591.0
2013-05-02,116815.0,65224.0,51591.0
2013-05-03,116815.0,65224.0,51591.0
2013-05-06,116815.0,65224.0,51591.0
2013-05-07,115705.0,67172.0,48533.0
2013-05-08,115705.0,67172.0,48533.0
2013-05-09,115705.0,67172.0,48533.0
2013-05-10,115705.0,67172.0,48533.0
2013-05-13,115705.0,67172.0,48533.0
2013-05-14,112533.0,73149.0,39384.0
2013-05-15,112533.0,73149.0,39384.0
2013-05-16,112533.0,73149.0,39384.0
2013-05-17,112533.0,73149.0,39384.0
2013-05-20,112533.0,73149.0,39384.0
2013-05-21,113088.0,76730.0,36358.0
2013-05-22,113088.0,76730.0,36358.0
2013-05-23,113088.0,76730.0,36358.0
2013-05-24,113088.0,76730.0,36358.0
2013-05-27,113088.0,76730.0,36358.0
2013-05-28,114281.0,67244.0,47037.0
2013-05-29,114281.0,67244.0,47037.0
2013-05-30,114281.0,67244.0,47037.0
2013-05-31,114281.0,67244.0,47037.0
2013-06-03,114281.0,67244.0,47037.0
2013-06-04,112259.0,58671.0,53588.0
2013-06-05,112259.0,58671.0,53588.0
2013-06-06,112259.0,58671.0,53588.0
2013-06-07,112259.0,58671.0,53588.0
2013-06-10,112259.0,58671.0,53588.0
2013-06-11,116492.0,61174.0,55318.0
2013-06-12,116492.0,61174.0,55318.0
2013-06-13,116492.0,61174.0,55318.0
2013-06-14,116492.0,61174.0,55318.0
2013-06-17,116492.0,61174.0,55318.0
2013-06-18,110415.0,71162.0,39253.0
2013-06-19,110415.0,71162.0,39253.0
2013-06-20,110415.0,71162.0,39253.0
2013-06-21,110415.0,71162.0,39253.0
2013-06-24,110415.0,71162.0,39253.0
2013-06-25,107441.0,77152.0,30289.0
2013-06-26,107441.0,77152.0,30289.0
2013-06-27,107441.0,77152.0,30289.0
2013-06-28,107441.0,77152.0,30289.0
2013-07-01,107441.0,77152.0,30289.0
2013-07-02,103011.0,81627.0,21384.0
2013-07-03,103011.0,81627.0,21384.0
2013-07-04,103011.0,81627.0,21384.0
2013-07-05,103011.0,81627.0,21384.0
2013-07-08,103011.0,81627.0,21384.0
2013-07-09,105942.0,82060.0,23882.0
2013-07-10,105942.0,82060.0,23882.0
2013-07-11,105942.0,82060.0,23882.0
2013-07-12,105942.0,82060.0,23882.0
2013-07-15,105942.0,82060.0,23882.0
2013-07-16,106737.0,64896.0,41841.0
2013-07-17,106737.0,64896.0,41841.0
2013-07-18,106737.0,64896.0,41841.0
2013-07-19,106737.0,64896.0,41841.0
2013-07-22,106737.0,64896.0,41841.0
2013-07-23,111993.0,56639.0,55354.0
2013-07-24,111993.0,56639.0,55354.0
2013-07-25,111993.0,56639.0,55354.0
2013-07-26,111993.0,56639.0,55354.0
2013-07-29,111993.0,56639.0,55354.0
2013-07-30,108850.0,56821.0,52029.0
2013-07-31,108850.0,56821.0,52029.0
2013-08-01,108850.0,56821.0,52029.0
2013-08-02,108850.0,56821.0,52029.0
2013-08-05,108850.0,56821.0,52029.0
2013-08-06,105340.0,70596.0,34744.0
2013-08-07,105340.0,70596.0,34744.0
2013-08-08,105340.0,70596.0,34744.0
2013-08-09,105340.0,70596.0,34744.0
2013-08-12,105340.0,70596.0,34744.0
2013-08-13,100561.0,62573.0,37988.0
2013-08-14,100561.0,62573.0,37988.0
2013-08-15,100561.0,62573.0,37988.0
2013-08-16,100561.0,62573.0,37988.0
2013-08-19,100561.0,62573.0,37988.0
2013-08-20,104483.0,56067.0,48416.0
2013-08-21,104483.0,56067.0,48416.0
2013-08-22,104483.0,56067.0,48416.0
2013-08-23,104483.0,56067.0,48416.0
2013-08-26,104483.0,56067.0,48416.0
2013-08-27,105531.0,35142.0,70389.0
2013-08-28,105531.0,35142.0,70389.0
2013-08-29,105531.0,35142.0,70389.0
2013-08-30,105531.0,35142.0,70389.0
2013-09-02,105531.0,35142.0,70389.0
2013-09-03,107642.0,32242.0,75400.0
2013-09-04,107642.0,32242.0,75400.0
2013-09-05,107642.0,32242.0,75400.0
2013-09-06,107642.0,32242.0,75400.0
2013-09-09,107642.0,32242.0,75400.0
2013-09-10,100358.0,35578.0,64780.0
2013-09-11,100358.0,35578.0,64780.0
2013-09-12,100358.0,35578.0,64780.0
2013-09-13,100358.0,35578.0,64780.0
2013-09-16,100358.0,35578.0,64780.0
2013-09-17,96370.0,41590.0,54780.0
2013-09-18,96370.0,41590.0,54780.0
2013-09-19,96370.0,41590.0,54780.0
2013-09-20,96370.0,41590.0,54780.0
2013-09-23,96370.0,41590.0,54780.0
2013-09-24,99035.0,35023.0,64012.0
2013-09-25,99035.0,35023.0,64012.0
2013-09-26,99035.0,35023.0,64012.0
2013-09-27,99035.0,35023.0,64012.0
2013-09-30,99035.0,35023.0,64012.0
2013-10-01,97777.0,36394.0,61383.0
2013-10-02,97777.0,36394.0,61383.0
2013-10-03,97777.0,36394.0,61383.0
2013-10-04,97777.0,36394.0,61383.0
2013-10-07,97777.0,36394.0,61383.0
2013-10-08,97919.0,26363.0,71556.0
2013-10-09,97919.0,26363.0,71556.0
2013-10-10,97919.0,26363.0,71556.0
2013-10-11,97919.0,26363.0,71556.0
2013-10-14,97919.0,26363.0,71556.0
2013-10-15,97326.0,44536.0,52790.0
2013-10-16,97326.0,44536.0,52790.0
2013-10-17,97326.0,44536.0,52790.0
2013-10-18,97326.0,44536.0,52790.0
2013-10-21,97326.0,44536.0,52790.0
2013-10-22,105074.0,38476.0,66598.0
2013-10-23,105074.0,38476.0,66598.0
2013-10-24,105074.0,38476.0,66598.0
2013-10-25,105074.0,38476.0,66598.0
2013-10-28,105074.0,38476.0,66598.0
2013-10-29,109627.0,21224.0,88403.0
2013-10-30,109627.0,21224.0,88403.0
2013-10-31,109627.0,21224.0,88403.0
2013-11-01,109627.0,21224.0,88403.0
2013-11-04,109627.0,21224.0,88403.0
2013-11-05,105007.0,26923.0,78084.0
2013-11-06,105007.0,26923.0,78084.0
2013-11-07,105007.0,26923.0,78084.0
2013-11-08,105007.0,26923.0,78084.0
2013-11-11,105007.0,26923.0,78084.0
2013-11-12,100760.0,54653.0,46107.0
2013-11-13,100760.0,54653.0,46107.0
2013-11-14,100760.0,54653.0,46107.0
2013-11-15,100760.0,54653.0,46107.0
2013-11-18,100760.0,54653.0,46107.0
2013-11-19,97331.0,62800.0,34531.0
2013-11-20,97331.0,62800.0,34531.0
2013-11-21,97331.0,62800.0,34531.0
2013-11-22,97331.0,62800.0,34531.0
2013-11-25,97331.0,62800.0,34531.0
2013-11-26,93619.0,77658.0,15961.0
2013-11-27,93619.0,77658.0,15961.0
2013-11-28,93619.0,77658.0,15961.0
2013-11-29,93619.0,77658.0,15961.0
2013-12-02,93619.0,77658.0,15961.0
2013-12-03,93671.0,83730.0,9941.0
2013-12-04,93671.0,83730.0,9941.0
2013-12-05,93671.0,83730.0,9941.0
2013-12-06,93671.0,83730.0,9941.0
2013-12-09,93671.0,83730.0,9941.0
2013-12-10,94330.0,78527.0,15803.0
2013-12-11,94330.0,78527.0,15803.0
2013-12-12,94330.0,78527.0,15803.0
2013-12-13,94330.0,78527.0,15803.0
2013-12-16,94330.0,78527.0,15803.0
2013-12-17,93399.0,79637.0,13762.0
2013-12-18,93399.0,79637.0,13762.0
2013-12-19,93399.0,79637.0,13762.0
2013-12-20,93399.0,79637.0,13762.0
2013-12-23,93399.0,79637.0,13762.0
2013-12-24,93958.0,82765.0,11193.0
2013-12-25,93958.0,82765.0,11193.0
2013-12-26,93958.0,82765.0,11193.0
2013-12-27,93958.0,82765.0,11193.0
2013-12-30,93958.0,82765.0,11193.0
2013-12-31,96059.0,78334.0,17725.0
2014-01-01,96059.0,78334.0,17725.0
2014-01-02,96059.0,78334.0,17725.0
2014-01-03,96059.0,78334.0,17725.0
2014-01-06,96059.0,78334.0,17725.0
2014-01-07,98659.0,74421.0,24238.0
2014-01-08,98659.0,74421.0,24238.0
2014-01-09,98659.0,74421.0,24238.0
2014-01-10,98659.0,74421.0,24238.0
2014-01-13,98659.0,74421.0,24238.0
2014-01-14,104303.0,76033.0,28270.0
2014-01-15,104303.0,76033.0,28270.0
2014-01-16,104303.0,76033.0,28270.0
2014-01-17,104303.0,76033.0,28270.0
2014-01-20,104303.0,76033.0,28270.0
2014-01-21,104723.0,74506.0,30217.0
2014-01-22,104723.0,74506.0,30217.0
2014-01-23,104723.0,74506.0,30217.0
2014-01-24,104723.0,74506.0,30217.0
2014-01-27,104723.0,74506.0,30217.0
2014-01-28,109782.0,62544.0,47238.0
2014-01-29,109782.0,62544.0,47238.0
2014-01-30,109782.0,62544.0,47238.0
2014-01-31,109782.0,62544.0,47238.0
2014-02-03,109782.0,62544.0,47238.0
2014-02-04,107407.0,63755.0,43652.0
2014-02-05,107407.0,63755.0,43652.0
2014-02-06,107407.0,63755.0,43652.0
2014-02-07,107407.0,63755.0,43652.0
2014-02-10,107407.0,63755.0,43652.0
2014-02-11,116817.0,64731.0,52086.0
2014-02-12,116817.0,64731.0,52086.0
2014-02-13,116817.0,64731.0,52086.0
2014-02-14,116817.0,64731.0,52086.0
2014-02-17,116817.0,64731.0,52086.0
2014-02-18,123273.0,54503.0,68770.0
2014-02-19,123273.0,54503.0,68770.0
2014-02-20,123273.0,54503.0,68770.0
2014-02-21,123273.0,54503.0,68770.0
2014-02-24,123273.0,54503.0,68770.0
2014-02-25,127279.0,31023.0,96256.0
2014-02-26,127279.0,31023.0,96256.0
2014-02-27,127279.0,31023.0,96256.0
2014-02-28,127279.0,31023.0,96256.0
2014-03-03,127279.0,31023.0,96256.0
2014-03-04,128351.0,27184.0,101167.0
2014-03-05,128351.0,27184.0,101167.0
2014-03-06,128351.0,27184.0,101167.0
2014-03-07,128351.0,27184.0,101167.0
2014-03-10,128351.0,27184.0,101167.0
2014-03-11,127797.0,21766.0,106031.0
2014-03-12,127797.0,21766.0,106031.0
2014-03-13,127797.0,21766.0,106031.0
2014-03-14,127797.0,21766.0,106031.0
2014-03-17,127797.0,21766.0,106031.0
2014-03-18,137216.0,16153.0,121063.0
2014-03-19,137216.0,16153.0,121063.0
2014-03-20,137216.0,16153.0,121063.0
2014-03-21,137216.0,16153.0,121063.0
2014-03-24,137216.0,16153.0,121063.0
2014-03-25,125231.0,18218.0,107013.0
2014-03-26,125231.0,18218.0,107013.0
2014-03-27,125231.0,18218.0,107013.0
2014-03-28,125231.0,18218.0,107013.0
2014-03-31,125231.0,18218.0,107013.0
2014-04-01,117969.0,26516.0,91453.0
2014-04-02,117969.0,26516.0,91453.0
2014-04-03,117969.0,26516.0,91453.0
2014-04-04,117969.0,26516.0,91453.0
2014-04-07,117969.0,26516.0,91453.0
2014-04-08,109728.0,28201.0,81527.0
2014-04-09,109728.0,28201.0,81527.0
2014-04-10,109728.0,28201.0,81527.0
2014-04-11,109728.0,28201.0,81527.0
2014-04-14,109728.0,28201.0,81527.0
2014-04-15,105454.0,32464.0,72990.0
2014-04-16,105454.0,32464.0,72990.0
2014-04-17,105454.0,32464.0,72990.0
2014-04-18,105454.0,32464.0,72990.0
2014-04-21,105454.0,32464.0,72990.0
2014-04-22,105681.0,28575.0,77106.0
2014-04-23,105681.0,28575.0,77106.0
2014-04-24,105681.0,28575.0,77106.0
2014-04-25,105681.0,28575.0,77106.0
2014-04-28,105681.0,28575.0,77106.0
2014-04-29,106919.0,29512.0,77407.0
2014-04-30,106919.0,29512.0,77407.0
2014-05-01,106919.0,29512.0,77407.0
2014-05-02,106919.0,29512.0,77407.0
2014-05-05,106919.0,29512.0,77407.0
2014-05-06,119385.0,28746.0,90639.0
2014-05-07,119385.0,28746.0,90639.0
2014-05-08,119385.0,28746.0,90639.0
2014-05-09,119385.0,28746.0,90639.0
2014-05-12,119385.0,28746.0,90639.0
2014-05-13,114561.0,32107.0,82454.0
2014-05-14,114561.0,32107.0,82454.0
2014-05-15,114561.0,32107.0,82454.0
2014-05-16,114561.0,32107.0,82454.0
2014-05-19,114561.0,32107.0,82454.0
2014-05-20,112385.0,31232.0,81153.0
2014-05-21,112385.0,31232.0,81153.0
2014-05-22,112385.0,31232.0,81153.0
2014-05-23,112385.0,31232.0,81153.0
2014-05-26,112385.0,31232.0,81153.0
2014-05-27,111146.0,53577.0,57569.0
2014-05-28,111146.0,53577.0,57569.0
2014-05-29,111146.0,53577.0,57569.0
2014-05-30,111146.0,53577.0,57569.0
2014-06-02,111146.0,53577.0,57569.0
2014-06-03,111245.0,73063.0,38182.0
2014-06-04,111245.0,73063.0,38182.0
2014-06-05,111245.0,73063.0,38182.0
2014-06-06,111245.0,73063.0,38182.0
2014-06-09,111245.0,73063.0,38182.0
2014-06-10,111795.0,73741.0,38054.0
2014-06-11,111795.0,73741.0,38054.0
2014-06-12,111795.0,73741.0,38054.0
2014-06-13,111795.0,73741.0,38054.0
2014-06-16,111795.0,73741.0,38054.0
2014-06-17,113624.0,60065.0,53559.0
2014-06-18,113624.0,60065.0,53559.0
2014-06-19,113624.0,60065.0,53559.0
2014-06-20,113624.0,60065.0,53559.0
2014-06-23,113624.0,60065.0,53559.0
2014-06-24,134571.0,34641.0,99930.0
2014-06-25,134571.0,34641.0,99930.0
2014-06-26,134571.0,34641.0,99930.0
2014-06-27,134571.0,34641.0,99930.0
2014-06-30,134571.0,34641.0,99930.0
2014-07-01,149227.0,23273.0,125954.0
2014-07-02,149227.0,23273.0,125954.0
2014-07-03,149227.0,23273.0,125954.0
2014-07-04,149227.0,23273.0,125954.0
2014-07-07,149227.0,23273.0,125954.0
2014-07-08,154719.0,20943.0,133776.0
2014-07-09,154719.0,20943.0,133776.0
2014-07-10,154719.0,20943.0,133776.0
2014-07-11,154719.0,20943.0,133776.0
2014-07-14,154719.0,20943.0,133776.0
2014-07-15,149260.0,27173.0,122087.0
2014-07-16,149260.0,27173.0,122087.0
2014-07-17,149260.0,27173.0,122087.0
2014-07-18,149260.0,27173.0,122087.0
2014-07-21,149260.0,27173.0,122087.0
2014-07-22,148121.0,22395.0,125726.0
2014-07-23,148121.0,22395.0,125726.0
2014-07-24,148121.0,22395.0,125726.0
2014-07-25,148121.0,22395.0,125726.0
2014-07-28,148121.0,22395.0,125726.0
2014-07-29,135724.0,27094.0,108630.0
2014-07-30,135724.0,27094.0,108630.0
2014-07-31,135724.0,27094.0,108630.0
2014-08-01,135724.0,27094.0,108630.0
2014-08-04,135724.0,27094.0,108630.0
2014-08-05,123819.0,33140.0,90679.0
2014-08-06,123819.0,33140.0,90679.0
2014-08-07,123819.0,33140.0,90679.0
2014-08-08,123819.0,33140.0,90679.0
2014-08-11,123819.0,33140.0,90679.0
2014-08-12,138357.0,21930.0,116427.0
2014-08-13,138357.0,21930.0,116427.0
2014-08-14,138357.0,21930.0,116427.0
2014-08-15,138357.0,21930.0,116427.0
2014-08-18,138357.0,21930.0,116427.0
2014-08-19,128398.0,25193.0,103205.0
2014-08-20,128398.0,25193.0,103205.0
2014-08-21,128398.0,25193.0,103205.0
2014-08-22,128398.0,25193.0,103205.0
2014-08-25,128398.0,25193.0,103205.0
2014-08-26,118012.0,36830.0,81182.0
2014-08-27,118012.0,36830.0,81182.0
2014-08-28,118012.0,36830.0,81182.0
2014-08-29,118012.0,36830.0,81182.0
2014-09-01,118012.0,36830.0,81182.0
2014-09-02,116120.0,53202.0,62918.0
2014-09-03,116120.0,53202.0,62918.0
2014-09-04,116120.0,53202.0,62918.0
2014-09-05,116120.0,53202.0,62918.0
2014-09-08,116120.0,53202.0,62918.0
2014-09-09,118708.0,58501.0,60207.0
2014-09-10,118708.0,58501.0,60207.0
2014-09-11,118708.0,58501.0,60207.0
2014-09-12,118708.0,58501.0,60207.0
2014-09-15,118708.0,58501.0,60207.0
2014-09-16,113659.0,73364.0,40295.0
2014-09-17,113659.0,73364.0,40295.0
2014-09-18,113659.0,73364.0,40295.0
2014-09-19,113659.0,73364.0,40295.0
2014-09-22,113659.0,73364.0,40295.0
2014-09-23,110427.0,80297.0,30130.0
2014-09-24,110427.0,80297.0,30130.0
2014-09-25,110427.0,80297.0,30130.0
2014-09-26,110427.0,80297.0,30130.0
2014-09-29,110427.0,80297.0,30130.0
2014-09-30,111264.0,80341.0,30923.0
2014-10-01,111264.0,80341.0,30923.0
2014-10-02,111264.0,80341.0,30923.0
2014-10-03,111264.0,80341.0,30923.0
2014-10-06,111264.0,80341.0,30923.0
2014-10-07,110064.0,80201.0,29863.0
2014-10-08,110064.0,80201.0,29863.0
2014-10-09,110064.0,80201.0,29863.0
2014-10-10,110064.0,80201.0,29863.0
2014-10-13,110064.0,80201.0,29863.0
2014-10-14,123582.0,81386.0,42196.0
2014-10-15,123582.0,81386.0,42196.0
2014-10-16,123582.0,81386.0,42196.0
2014-10-17,123582.0,81386.0,42196.0
2014-10-20,123582.0,81386.0,42196.0
2014-10-21,132835.0,70347.0,62488.0
2014-10-22,132835.0,70347.0,62488.0
2014-10-23,132835.0,70347.0,62488.0
2014-10-24,132835.0,70347.0,62488.0
2014-10-27,132835.0,70347.0,62488.0
2014-10-28,128420.0,68353.0,60067.0
2014-10-29,128420.0,68353.0,60067.0
2014-10-30,128420.0,68353.0,60067.0
2014-10-31,128420.0,68353.0,60067.0
2014-11-03,128420.0,68353.0,60067.0
2014-11-04,113324.0,74519.0,38805.0
2014-11-05,113324.0,74519.0,38805.0
2014-11-06,113324.0,74519.0,38805.0
2014-11-07,113324.0,74519.0,38805.0
2014-11-10,113324.0,74519.0,38805.0
2014-11-11,110478.0,79863.0,30615.0
2014-11-12,110478.0,79863.0,30615.0
2014-11-13,110478.0,79863.0,30615.0
2014-11-14,110478.0,79863.0,30615.0
2014-11-17,110478.0,79863.0,30615.0
2014-11-18,119566.0,71166.0,48400.0
2014-11-19,119566.0,71166.0,48400.0
2014-11-20,119566.0,71166.0,48400.0
2014-11-21,119566.0,71166.0,48400.0
2014-11-24,119566.0,71166.0,48400.0
2014-11-25,113999.0,59549.0,54450.0
2014-11-26,113999.0,59549.0,54450.0
2014-11-27,113999.0,59549.0,54450.0
2014-11-28,113999.0,59549.0,54450.0
2014-12-01,113999.0,59549.0,54450.0
2014-12-02,117804.0,49170.0,68634.0
2014-12-03,117804.0,49170.0,68634.0
2014-12-04,117804.0,49170.0,68634.0
2014-12-05,117804.0,49170.0,68634.0
2014-12-08,117804.0,49170.0,68634.0
2014-12-09,130648.0,39985.0,90663.0
2014-12-10,130648.0,39985.0,90663.0
2014-12-11,130648.0,39985.0,90663.0
2014-12-12,130648.0,39985.0,90663.0
2014-12-15,130648.0,39985.0,90663.0
2014-12-16,127571.0,35746.0,91825.0
2014-12-17,127571.0,35746.0,91825.0
2014-12-18,127571.0,35746.0,91825.0
2014-12-19,127571.0,35746.0,91825.0
2014-12-22,127571.0,35746.0,91825.0
2014-12-23,123087.0,40890.0,82197.0
2014-12-24,123087.0,40890.0,82197.0
2014-12-25,123087.0,40890.0,82197.0
2014-12-26,123087.0,40890.0,82197.0
2014-12-29,123087.0,40890.0,82197.0
2014-12-30,124928.0,37878.0,87050.0
2014-12-31,124928.0,37878.0,87050.0
2015-01-01,124928.0,37878.0,87050.0
2015-01-02,124928.0,37878.0,87050.0
2015-01-05,124928.0,37878.0,87050.0
2015-01-06,128325.0,34129.0,94196.0
2015-01-07,128325.0,34129.0,94196.0
2015-01-08,128325.0,34129.0,94196.0
2015-01-09,128325.0,34129.0,94196.0
2015-01-12,128325.0,34129.0,94196.0
2015-01-13,132173.0,30232.0,101941.0
2015-01-14,132173.0,30232.0,101941.0
2015-01-15,132173.0,30232.0,101941.0
2015-01-16,132173.0,30232.0,101941.0
2015-01-19,132173.0,30232.0,101941.0
2015-01-20,155602.0,26261.0,129341.0
2015-01-21,155602.0,26261.0,129341.0
2015-01-22,155602.0,26261.0,129341.0
2015-01-23,155602.0,26261.0,129341.0
2015-01-26,155602.0,26261.0,129341.0
2015-01-27,173110.0,19873.0,153237.0
2015-01-28,173110.0,19873.0,153237.0
2015-01-29,173110.0,19873.0,153237.0
2015-01-30,173110.0,19873.0,153237.0
2015-02-02,173110.0,19873.0,153237.0
2015-02-03,167310.0,18984.0,148326.0
2015-02-04,167310.0,18984.0,148326.0
2015-02-05,167310.0,18984.0,148326.0
2015-02-06,167310.0,18984.0,148326.0
2015-02-09,167310.0,18984.0,148326.0
2015-02-10,140835.0,21298.0,119537.0
2015-02-11,140835.0,21298.0,119537.0
2015-02-12,140835.0,21298.0,119537.0
2015-02-13,140835.0,21298.0,119537.0
2015-02-16,140835.0,21298.0,119537.0
2015-02-17,128595.0,32903.0,95692.0
2015-02-18,128595.0,32903.0,95692.0
2015-02-19,128595.0,32903.0,95692.0
2015-02-20,128595.0,32903.0,95692.0
2015-02-23,128595.0,32903.0,95692.0
2015-02-24,124595.0,35108.0,89487.0
2015-02-25,124595.0,35108.0,89487.0
2015-02-26,124595.0,35108.0,89487.0
2015-02-27,124595.0,35108.0,89487.0
2015-03-02,124595.0,35108.0,89487.0
2015-03-03,115279.0,42320.0,72959.0
2015-03-04,115279.0,42320.0,72959.0
2015-03-05,115279.0,42320.0,72959.0
2015-03-06,115279.0,42320.0,72959.0
2015-03-09,115279.0,42320.0,72959.0
2015-03-10,107032.0,58359.0,48673.0
2015-03-11,107032.0,58359.0,48673.0
2015-03-12,107032.0,58359.0,48673.0
2015-03-13,107032.0,58359.0,48673.0
2015-03-16,107032.0,58359.0,48673.0
2015-03-17,97847.0,78623.0,19224.0
2015-03-18,97847.0,78623.0,19224.0
2015-03-19,97847.0,78623.0,19224.0
2015-03-20,97847.0,78623.0,19224.0
2015-03-23,97847.0,78623.0,19224.0
2015-03-24,98784.0,87349.0,11435.0
2015-03-25,98784.0,87349.0,11435.0
2015-03-26,98784.0,87349.0,11435.0
2015-03-27,98784.0,87349.0,11435.0
2015-03-30,98784.0,87349.0,11435.0
2015-03-31,103808.0,67752.0,36056.0
2015-04-01,103808.0,67752.0,36056.0
2015-04-02,103808.0,67752.0,36056.0
2015-04-03,103808.0,67752.0,36056.0
2015-04-06,103808.0,67752.0,36056.0
2015-04-07,112747.0,57072.0,55675.0
2015-04-08,112747.0,57072.0,55675.0
2015-04-09,112747.0,57072.0,55675.0
2015-04-10,112747.0,57072.0,55675.0
2015-04-13,112747.0,57072.0,55675.0
2015-04-14,110439.0,62390.0,48049.0
2015-04-15,110439.0,62390.0,48049.0
2015-04-16,110439.0,62390.0,48049.0
2015-04-17,110439.0,62390.0,48049.0
2015-04-20,110439.0,62390.0,48049.0
2015-04-21,108259.0,60134.0,48125.0
2015-04-22,108259.0,60134.0,48125.0
2015-04-23,108259.0,60134.0,48125.0
2015-04-24,108259.0,60134.0,48125.0
2015-04-27,108259.0,60134.0,48125.0
2015-04-28,114952.0,64369.0,50583.0
2015-04-29,114952.0,64369.0,50583.0
2015-04-30,114952.0,64369.0,50583.0
2015-05-01,114952.0,64369.0,50583.0
2015-05-04,114952.0,64369.0,50583.0
2015-05-05,98957.0,76100.0,22857.0
2015-05-06,98957.0,76100.0,22857.0
2015-05-07,98957.0,76100.0,22857.0
2015-05-08,98957.0,76100.0,22857.0
2015-05-11,98957.0,76100.0,22857.0
2015-05-12,104207.0,76488.0,27719.0
2015-05-13,104207.0,76488.0,27719.0
2015-05-14,104207.0,76488.0,27719.0
2015-05-15,104207.0,76488.0,27719.0
2015-05-18,104207.0,76488.0,27719.0
2015-05-19,132306.0,53689.0,78617.0
2015-05-20,132306.0,53689.0,78617.0
2015-05-21,132306.0,53689.0,78617.0
2015-05-22,132306.0,53689.0,78617.0
2015-05-25,132306.0,53689.0,78617.0
2015-05-26,125069.0,58825.0,66244.0
2015-05-27,125069.0,58825.0,66244.0
2015-05-28,125069.0,58825.0,66244.0
2015-05-29,125069.0,58825.0,66244.0
2015-06-01,125069.0,58825.0,66244.0
2015-06-02,125229.0,63482.0,61747.0
2015-06-03,125229.0,63482.0,61747.0
2015-06-04,125229.0,63482.0,61747.0
2015-06-05,125229.0,63482.0,61747.0
2015-06-08,125229.0,63482.0,61747.0
2015-06-09,121125.0,83486.0,37639.0
2015-06-10,121125.0,83486.0,37639.0
2015-06-11,121125.0,83486.0,37639.0
2015-06-12,121125.0,83486.0,37639.0
2015-06-15,121125.0,83486.0,37639.0
2015-06-16,124527.0,89529.0,34998.0
2015-06-17,124527.0,89529.0,34998.0
2015-06-18,124527.0,89529.0,34998.0
2015-06-19,124527.0,89529.0,34998.0
2015-06-22,124527.0,89529.0,34998.0
2015-06-23,124843.0,84927.0,39916.0
2015-06-24,124843.0,84927.0,39916.0
2015-06-25,124843.0,84927.0,39916.0
2015-06-26,124843.0,84927.0,39916.0
2015-06-29,124843.0,84927.0,39916.0
2015-06-30,115188.0,99565.0,15623.0
2015-07-01,115188.0,99565.0,15623.0
2015-07-02,115188.0,99565.0,15623.0
2015-07-03,115188.0,99565.0,15623.0
2015-07-06,115188.0,99565.0,15623.0
2015-07-07,111482.0,109383.0,2099.0
2015-07-08,111482.0,109383.0,2099.0
2015-07-09,111482.0,109383.0,2099.0
2015-07-10,111482.0,109383.0,2099.0
2015-07-13,111482.0,109383.0,2099.0
2015-07-14,108413.0,109536.0,-1123.0
2015-07-15,108413.0,109536.0,-1123.0
2015-07-16,108413.0,109536.0,-1123.0
2015-07-17,108413.0,109536.0,-1123.0
2015-07-20,108413.0,109536.0,-1123.0
2015-07-21,106297.0,119853.0,-13556.0
2015-07-22,106297.0,119853.0,-13556.0
2015-07-23,106297.0,119853.0,-13556.0
2015-07-24,106297.0,119853.0,-13556.0
2015-07-27,106297.0,119853.0,-13556.0
2015-07-28,106284.0,120917.0,-14633.0
2015-07-29,106284.0,120917.0,-14633.0
2015-07-30,106284.0,120917.0,-14633.0
2015-07-31,106284.0,120917.0,-14633.0
2015-08-03,106284.0,120917.0,-14633.0
2015-08-04,103573.0,114860.0,-11287.0
2015-08-05,103573.0,114860.0,-11287.0
2015-08-06,103573.0,114860.0,-11287.0
2015-08-07,103573.0,114860.0,-11287.0
2015-08-10,103573.0,114860.0,-11287.0
2015-08-11,108507.0,113937.0,-5430.0
2015-08-12,108507.0,113937.0,-5430.0
2015-08-13,108507.0,113937.0,-5430.0
2015-08-14,108507.0,113937.0,-5430.0
2015-08-17,108507.0,113937.0,-5430.0
2015-08-18,112075.0,104158.0,7917.0
2015-08-19,112075.0,104158.0,7917.0
2015-08-20,112075.0,104158.0,7917.0
2015-08-21,112075.0,104158.0,7917.0
2015-08-24,112075.0,104158.0,7917.0
2015-08-25,119456.0,78842.0,40614.0
2015-08-26,119456.0,78842.0,40614.0
2015-08-27,119456.0,78842.0,40614.0
2015-08-28,119456.0,78842.0,40614.0
2015-08-31,119456.0,78842.0,40614.0
2015-09-01,112641.0,72044.0,40597.0
2015-09-02,112641.0,72044.0,40597.0
2015-09-03,112641.0,72044.0,40597.0
2015-09-04,112641.0,72044.0,40597.0
2015-09-07,112641.0,72044.0,40597.0
2015-09-08,112684.0,85859.0,26825.0
2015-09-09,112684.0,85859.0,26825.0
2015-09-10,112684.0,85859.0,26825.0
2015-09-11,112684.0,85859.0,26825.0
2015-09-14,112684.0,85859.0,26825.0
2015-09-15,104300.0,95493.0,8807.0
2015-09-16,104300.0,95493.0,8807.0
2015-09-17,104300.0,95493.0,8807.0
2015-09-18,104300.0,95493.0,8807.0
2015-09-21,104300.0,95493.0,8807.0
2015-09-22,107531.0,86702.0,20829.0
2015-09-23,107531.0,86702.0,20829.0
2015-09-24,107531.0,86702.0,20829.0
2015-09-25,107531.0,86702.0,20829.0
2015-09-28,107531.0,86702.0,20829.0
2015-09-29,112633.0,72069.0,40564.0
2015-09-30,112633.0,72069.0,40564.0
2015-10-01,112633.0,72069.0,40564.0
2015-10-02,112633.0,72069.0,40564.0
2015-10-05,112633.0,72069.0,40564.0
2015-10-06,115414.0,69576.0,45838.0
2015-10-07,115414.0,69576.0,45838.0
2015-10-08,115414.0,69576.0,45838.0
2015-10-09,115414.0,69576.0,45838.0
2015-10-12,115414.0,69576.0,45838.0
2015-10-13,128350.0,51137.0,77213.0
2015-10-14,128350.0,51137.0,77213.0
2015-10-15,128350.0,51137.0,77213.0
2015-10-16,128350.0,51137.0,77213.0
2015-10-19,128350.0,51137.0,77213.0
2015-10-20,156199.0,39855.0,116344.0
2015-10-21,156199.0,39855.0,116344.0
2015-10-22,156199.0,39855.0,116344.0
2015-10-23,156199.0,39855.0,116344.0
2015-10-26,156199.0,39855.0,116344.0
2015-10-27,147660.0,33568.0,114092.0
2015-10-28,147660.0,33568.0,114092.0
2015-10-29,147660.0,33568.0,114092.0
2015-10-30,147660.0,33568.0,114092.0
2015-11-02,147660.0,33568.0,114092.0
2015-11-03,116702.0,49495.0,67207.0
2015-11-04,116702.0,49495.0,67207.0
2015-11-05,116702.0,49495.0,67207.0
2015-11-06,116702.0,49495.0,67207.0
2015-11-09,116702.0,49495.0,67207.0
2015-11-10,91880.0,75011.0,16869.0
2015-11-11,91880.0,75011.0,16869.0
2015-11-12,91880.0,75011.0,16869.0
2015-11-13,91880.0,75011.0,16869.0
2015-11-16,91880.0,75011.0,16869.0
2015-11-17,90510.0,104433.0,-13923.0
2015-11-18,90510.0,104433.0,-13923.0
2015-11-19,90510.0,104433.0,-13923.0
2015-11-20,90510.0,104433.0,-13923.0
2015-11-23,90510.0,104433.0,-13923.0
2015-11-24,91059.0,107723.0,-16664.0
2015-11-25,91059.0,107723.0,-16664.0
2015-11-26,91059.0,107723.0,-16664.0
2015-11-27,91059.0,107723.0,-16664.0
2015-11-30,91059.0,107723.0,-16664.0
2015-12-01,89982.0,110548.0,-20566.0
2015-12-02,89982.0,110548.0,-20566.0
2015-12-03,89982.0,110548.0,-20566.0
2015-12-04,89982.0,110548.0,-20566.0
2015-12-07,89982.0,110548.0,-20566.0
2015-12-08,92488.0,109910.0,-17422.0
2015-12-09,92488.0,109910.0,-17422.0
2015-12-10,92488.0,109910.0,-17422.0
2015-12-11,92488.0,109910.0,-17422.0
2015-12-14,92488.0,109910.0,-17422.0
2015-12-15,83617.0,110836.0,-27219.0
2015-12-16,83617.0,110836.0,-27219.0
2015-12-17,83617.0,110836.0,-27219.0
2015-12-18,83617.0,110836.0,-27219.0
2015-12-21,83617.0,110836.0,-27219.0
2015-12-22,79979.0,100041.0,-20062.0
2015-12-23,79979.0,100041.0,-20062.0
2015-12-24,79979.0,100041.0,-20062.0
2015-12-25,79979.0,100041.0,-20062.0
2015-12-28,79979.0,100041.0,-20062.0
2015-12-29,76071.0,103272.0,-27201.0
2015-12-30,76071.0,103272.0,-27201.0
2015-12-31,76071.0,103272.0,-27201.0
2016-01-01,76071.0,103272.0,-27201.0
2016-01-04,76071.0,103272.0,-27201.0
2016-01-05,79732.0,95659.0,-15927.0
2016-01-06,79732.0,95659.0,-15927.0
2016-01-07,79732.0,95659.0,-15927.0
2016-01-08,79732.0,95659.0,-15927.0
2016-01-11,79732.0,95659.0,-15927.0
2016-01-12,82908.0,82816.0,92.0
2016-01-13,82908.0,82816.0,92.0
2016-01-14,82908.0,82816.0,92.0
2016-01-15,82908.0,82816.0,92.0
2016-01-18,82908.0,82816.0,92.0
2016-01-19,84054.0,83615.0,439.0
2016-01-20,84054.0,83615.0,439.0
2016-01-21,84054.0,83615.0,439.0
2016-01-22,84054.0,83615.0,439.0
2016-01-25,84054.0,83615.0,439.0
2016-01-26,95745.0,78942.0,16803.0
2016-01-27,95745.0,78942.0,16803.0
2016-01-28,95745.0,78942.0,16803.0
2016-01-29,95745.0,78942.0,16803.0
2016-02-01,95745.0,78942.0,16803.0
2016-02-02,100566.0,71530.0,29036.0
2016-02-03,100566.0,71530.0,29036.0
2016-02-04,100566.0,71530.0,29036.0
2016-02-05,100566.0,71530.0,29036.0
2016-02-08,100566.0,71530.0,29036.0
2016-02-09,121059.0,60423.0,60636.0
2016-02-10,121059.0,60423.0,60636.0
2016-02-11,121059.0,60423.0,60636.0
2016-02-12,121059.0,60423.0,60636.0
2016-02-15,121059.0,60423.0,60636.0
2016-02-16,126219.0,45206.0,81013.0
2016-02-17,126219.0,45206.0,81013.0
2016-02-18,126219.0,45206.0,81013.0
2016-02-19,126219.0,45206.0,81013.0
2016-02-22,126219.0,45206.0,81013.0
2016-02-23,141373.0,32276.0,109097.0
2016-02-24,141373.0,32276.0,109097.0
2016-02-25,141373.0,32276.0,109097.0
2016-02-26,141373.0,32276.0,109097.0
2016-02-29,141373.0,32276.0,109097.0
2016-03-01,133823.0,29453.0,104370.0
2016-03-02,133823.0,29453.0,104370.0
2016-03-03,133823.0,29453.0,104370.0
2016-03-04,133823.0,29453.0,104370.0
2016-03-07,133823.0,29453.0,104370.0
2016-03-08,160317.0,32890.0,127427.0
2016-03-09,160317.0,32890.0,127427.0
2016-03-10,160317.0,32890.0,127427.0
2016-03-11,160317.0,32890.0,127427.0
2016-03-14,160317.0,32890.0,127427.0
2016-03-15,159202.0,29425.0,129777.0
2016-03-16,159202.0,29425.0,129777.0
2016-03-17,159202.0,29425.0,129777.0
2016-03-18,159202.0,29425.0,129777.0
2016-03-21,159202.0,29425.0,129777.0
2016-03-22,174457.0,29558.0,144899.0
2016-03-23,174457.0,29558.0,144899.0
2016-03-24,174457.0,29558.0,144899.0
2016-03-25,174457.0,29558.0,144899.0
2016-03-28,174457.0,29558.0,144899.0
2016-03-29,184135.0,29930.0,154205.0
2016-03-30,184135.0,29930.0,154205.0
2016-03-31,184135.0,29930.0,154205.0
2016-04-01,184135.0,29930.0,154205.0
2016-04-04,184135.0,29930.0,154205.0
2016-04-05,186716.0,33958.0,152758.0
2016-04-06,186716.0,33958.0,152758.0
2016-04-07,186716.0,33958.0,152758.0
2016-04-08,186716.0,33958.0,152758.0
2016-04-11,186716.0,33958.0,152758.0
2016-04-12,202500.0,31866.0,170634.0
2016-04-13,202500.0,31866.0,170634.0
2016-04-14,202500.0,31866.0,170634.0
2016-04-15,202500.0,31866.0,170634.0
2016-04-18,202500.0,31866.0,170634.0
2016-04-19,208661.0,34554.0,174107.0
2016-04-20,208661.0,34554.0,174107.0
2016-04-21,208661.0,34554.0,174107.0
2016-04-22,208661.0,34554.0,174107.0
2016-04-25,208661.0,34554.0,174107.0
2016-04-26,206476.0,34426.0,172050.0
2016-04-27,206476.0,34426.0,172050.0
2016-04-28,206476.0,34426.0,172050.0
2016-04-29,206476.0,34426.0,172050.0
2016-05-02,206476.0,34426.0,172050.0
2016-05-03,248842.0,29947.0,218895.0
2016-05-04,248842.0,29947.0,218895.0
2016-05-05,248842.0,29947.0,218895.0
2016-05-06,248842.0,29947.0,218895.0
2016-05-09,248842.0,29947.0,218895.0
2016-05-10,246782.0,35591.0,211191.0
2016-05-11,246782.0,35591.0,211191.0
2016-05-12,246782.0,35591.0,211191.0
2016-05-13,246782.0,35591.0,211191.0
2016-05-16,246782.0,35591.0,211191.0
2016-05-17,247059.0,34618.0,212441.0
2016-05-18,247059.0,34618.0,212441.0
2016-05-19,247059.0,34618.0,212441.0
2016-05-20,247059.0,34618.0,212441.0
2016-05-23,247059.0,34618.0,212441.0
2016-05-24,205180.0,48719.0,156461.0
2016-05-25,205180.0,48719.0,156461.0
2016-05-26,205180.0,48719.0,156461.0
2016-05-27,205180.0,48719.0,156461.0
2016-05-30,205180.0,48719.0,156461.0
2016-05-31,192160.0,43549.0,148611.0
2016-06-01,192160.0,43549.0,148611.0
2016-06-02,192160.0,43549.0,148611.0
2016-06-03,192160.0,43549.0,148611.0
2016-06-06,192160.0,43549.0,148611.0
2016-06-07,212061.0,34695.0,177366.0
2016-06-08,212061.0,34695.0,177366.0
2016-06-09,212061.0,34695.0,177366.0
2016-06-10,212061.0,34695.0,177366.0
2016-06-13,212061.0,34695.0,177366.0
2016-06-14,257500.0,28260.0,229240.0
2016-06-15,257500.0,28260.0,229240.0
2016-06-16,257500.0,28260.0,229240.0
2016-06-17,257500.0,28260.0,229240.0
2016-06-20,257500.0,28260.0,229240.0
2016-06-21,274936.0,24528.0,250408.0
2016-06-22,274936.0,24528.0,250408.0
2016-06-23,274936.0,24528.0,250408.0
2016-06-24,274936.0,24528.0,250408.0
2016-06-27,274936.0,24528.0,250408.0
2016-06-28,285895.0,24845.0,261050.0
2016-06-29,285895.0,24845.0,261050.0
2016-06-30,285895.0,24845.0,261050.0
2016-07-01,285895.0,24845.0,261050.0
2016-07-04,285895.0,24845.0,261050.0
2016-07-05,300070.0,26994.0,273076.0
2016-07-06,300070.0,26994.0,273076.0
2016-07-07,300070.0,26994.0,273076.0
2016-07-08,300070.0,26994.0,273076.0
2016-07-11,300070.0,26994.0,273076.0
2016-07-12,296106.0,36977.0,259129.0
2016-07-13,296106.0,36977.0,259129.0
2016-07-14,296106.0,36977.0,259129.0
2016-07-15,296106.0,36977.0,259129.0
2016-07-18,296106.0,36977.0,259129.0
2016-07-19,287317.0,34920.0,252397.0
2016-07-20,287317.0,34920.0,252397.0
2016-07-21,287317.0,34920.0,252397.0
2016-07-22,287317.0,34920.0,252397.0
2016-07-25,287317.0,34920.0,252397.0
2016-07-26,278777.0,31356.0,247421.0
2016-07-27,278777.0,31356.0,247421.0
2016-07-28,278777.0,31356.0,247421.0
2016-07-29,278777.0,31356.0,247421.0
2016-08-01,278777.0,31356.0,247421.0
2016-08-02,288542.0,33813.0,254729.0
2016-08-03,288542.0,33813.0,254729.0
2016-08-04,288542.0,33813.0,254729.0
2016-08-05,288542.0,33813.0,254729.0
2016-08-08,288542.0,33813.0,254729.0
2016-08-09,281496.0,36244.0,245252.0
2016-08-10,281496.0,36244.0,245252.0
2016-08-11,281496.0,36244.0,245252.0
2016-08-12,281496.0,36244.0,245252.0
2016-08-15,281496.0,36244.0,245252.0
2016-08-16,277152.0,34425.0,242727.0
2016-08-17,277152.0,34425.0,242727.0
2016-08-18,277152.0,34425.0,242727.0
2016-08-19,277152.0,34425.0,242727.0
2016-08-22,277152.0,34425.0,242727.0
2016-08-23,284550.0,30866.0,253684.0
2016-08-24,284550.0,30866.0,253684.0
2016-08-25,284550.0,30866.0,253684.0
2016-08-26,284550.0,30866.0,253684.0
2016-08-29,284550.0,30866.0,253684.0
2016-08-30,266680.0,35086.0,231594.0
2016-08-31,266680.0,35086.0,231594.0
2016-09-01,266680.0,35086.0,231594.0
2016-09-02,266680.0,35086.0,231594.0
2016-09-05,266680.0,35086.0,231594.0
2016-09-06,291692.0,22157.0,269535.0
2016-09-07,291692.0,22157.0,269535.0
2016-09-08,291692.0,22157.0,269535.0
2016-09-09,291692.0,22157.0,269535.0
2016-09-12,291692.0,22157.0,269535.0
2016-09-13,271631.0,28654.0,242977.0
2016-09-14,271631.0,28654.0,242977.0
2016-09-15,271631.0,28654.0,242977.0
2016-09-16,271631.0,28654.0,242977.0
2016-09-19,271631.0,28654.0,242977.0
2016-09-20,246119.0,32972.0,213147.0
2016-09-21,246119.0,32972.0,213147.0
2016-09-22,246119.0,32972.0,213147.0
2016-09-23,246119.0,32972.0,213147.0
2016-09-26,246119.0,32972.0,213147.0
2016-09-27,282151.0,26974.0,255177.0
2016-09-28,282151.0,26974.0,255177.0
2016-09-29,282151.0,26974.0,255177.0
2016-09-30,282151.0,26974.0,255177.0
2016-10-03,282151.0,26974.0,255177.0
2016-10-04,244765.0,44649.0,200116.0
2016-10-05,244765.0,44649.0,200116.0
2016-10-06,244765.0,44649.0,200116.0
2016-10-07,244765.0,44649.0,200116.0
2016-10-10,244765.0,44649.0,200116.0
2016-10-11,203033.0,54240.0,148793.0
2016-10-12,203033.0,54240.0,148793.0
2016-10-13,203033.0,54240.0,148793.0
2016-10-14,203033.0,54240.0,148793.0
2016-10-17,203033.0,54240.0,148793.0
2016-10-18,190008.0,59054.0,130954.0
2016-10-19,190008.0,59054.0,130954.0
2016-10-20,190008.0,59054.0,130954.0
2016-10-21,190008.0,59054.0,130954.0
2016-10-24,190008.0,59054.0,130954.0
2016-10-25,199094.0,55184.0,143910.0
2016-10-26,199094.0,55184.0,143910.0
2016-10-27,199094.0,55184.0,143910.0
2016-10-28,199094.0,55184.0,143910.0
2016-10-31,199094.0,55184.0,143910.0
2016-11-01,203670.0,37403.0,166267.0
2016-11-02,203670.0,37403.0,166267.0
2016-11-03,203670.0,37403.0,166267.0
2016-11-04,203670.0,37403.0,166267.0
2016-11-07,203670.0,37403.0,166267.0
2016-11-08,211670.0,38033.0,173637.0
2016-11-09,211670.0,38033.0,173637.0
2016-11-10,211670.0,38033.0,173637.0
2016-11-11,211670.0,38033.0,173637.0
2016-11-14,211670.0,38033.0,173637.0
2016-11-15,178132.0,43452.0,134680.0
2016-11-16,178132.0,43452.0,134680.0
2016-11-17,178132.0,43452.0,134680.0
2016-11-18,178132.0,43452.0,134680.0
2016-11-21,178132.0,43452.0,134680.0
2016-11-22,171864.0,47475.0,124389.0
2016-11-23,171864.0,47475.0,124389.0
2016-11-24,171864.0,47475.0,124389.0
2016-11-25,171864.0,47475.0,124389.0
2016-11-28,171864.0,47475.0,124389.0
2016-11-29,162086.0,55145.0,106941.0
2016-11-30,162086.0,55145.0,106941.0
2016-12-01,162086.0,55145.0,106941.0
2016-12-02,162086.0,55145.0,106941.0
2016-12-05,162086.0,55145.0,106941.0
2016-12-06,150856.0,68538.0,82318.0
2016-12-07,150856.0,68538.0,82318.0
2016-12-08,150856.0,68538.0,82318.0
2016-12-09,150856.0,68538.0,82318.0
2016-12-12,150856.0,68538.0,82318.0
2016-12-13,146150.0,77432.0,68718.0
2016-12-14,146150.0,77432.0,68718.0
2016-12-15,146150.0,77432.0,68718.0
2016-12-16,146150.0,77432.0,68718.0
2016-12-19,146150.0,77432.0,68718.0
2016-12-20,137588.0,83783.0,53805.0
2016-12-21,137588.0,83783.0,53805.0
2016-12-22,137588.0,83783.0,53805.0
2016-12-23,137588.0,83783.0,53805.0
2016-12-26,137588.0,83783.0,53805.0
2016-12-27,130595.0,87229.0,43366.0
2016-12-28,130595.0,87229.0,43366.0
2016-12-29,130595.0,87229.0,43366.0
2016-12-30,130595.0,87229.0,43366.0
2017-01-02,130595.0,87229.0,43366.0
2017-01-03,127786.0,91229.0,36557.0
2017-01-04,127786.0,91229.0,36557.0
2017-01-05,127786.0,91229.0,36557.0
2017-01-06,127786.0,91229.0,36557.0
2017-01-09,127786.0,91229.0,36557.0
2017-01-10,135563.0,79884.0,55679.0
2017-01-11,135563.0,79884.0,55679.0
2017-01-12,135563.0,79884.0,55679.0
2017-01-13,135563.0,79884.0,55679.0
2017-01-16,135563.0,79884.0,55679.0
2017-01-17,141566.0,82931.0,58635.0
2017-01-18,141566.0,82931.0,58635.0
2017-01-19,141566.0,82931.0,58635.0
2017-01-20,141566.0,82931.0,58635.0
2017-01-23,141566.0,82931.0,58635.0
2017-01-24,135159.0,75405.0,59754.0
2017-01-25,135159.0,75405.0,59754.0
2017-01-26,135159.0,75405.0,59754.0
2017-01-27,135159.0,75405.0,59754.0
2017-01-30,135159.0,75405.0,59754.0
2017-01-31,140663.0,70826.0,69837.0
2017-02-01,140663.0,70826.0,69837.0
2017-02-02,140663.0,70826.0,69837.0
2017-02-03,140663.0,70826.0,69837.0
2017-02-06,140663.0,70826.0,69837.0
2017-02-07,142542.0,72393.0,70149.0
2017-02-08,142542.0,72393.0,70149.0
2017-02-09,142542.0,72393.0,70149.0
2017-02-10,142542.0,72393.0,70149.0
2017-02-13,142542.0,72393.0,70149.0
2017-02-14,135739.0,72114.0,63625.0
2017-02-15,135739.0,72114.0,63625.0
2017-02-16,135739.0,72114.0,63625.0
2017-02-17,135739.0,72114.0,63625.0
2017-02-20,135739.0,72114.0,63625.0
2017-02-21,142639.0,64597.0,78042.0
2017-02-22,142639.0,64597.0,78042.0
2017-02-23,142639.0,64597.0,78042.0
2017-02-24,142639.0,64597.0,78042.0
2017-02-27,142639.0,64597.0,78042.0
2017-02-28,166437.0,52191.0,114246.0
2017-03-01,166437.0,52191.0,114246.0
2017-03-02,166437.0,52191.0,114246.0
2017-03-03,166437.0,52191.0,114246.0
2017-03-06,166437.0,52191.0,114246.0
2017-03-07,150277.0,60030.0,90247.0
2017-03-08,150277.0,60030.0,90247.0
2017-03-09,150277.0,60030.0,90247.0
2017-03-10,150277.0,60030.0,90247.0
2017-03-13,150277.0,60030.0,90247.0
2017-03-14,121179.0,74805.0,46374.0
2017-03-15,121179.0,74805.0,46374.0
2017-03-16,121179.0,74805.0,46374.0
2017-03-17,121179.0,74805.0,46374.0
2017-03-20,121179.0,74805.0,46374.0
2017-03-21,130259.0,74064.0,56195.0
2017-03-22,130259.0,74064.0,56195.0
2017-03-23,130259.0,74064.0,56195.0
2017-03-24,130259.0,74064.0,56195.0
2017-03-27,130259.0,74064.0,56195.0
2017-03-28,150879.0,59836.0,91043.0
2017-03-29,150879.0,59836.0,91043.0
2017-03-30,150879.0,59836.0,91043.0
2017-03-31,150879.0,59836.0,91043.0
2017-04-03,150879.0,59836.0,91043.0
2017-04-04,163428.0,54302.0,109126.0
2017-04-05,163428.0,54302.0,109126.0
2017-04-06,163428.0,54302.0,109126.0
2017-04-07,163428.0,54302.0,109126.0
2017-04-10,163428.0,54302.0,109126.0
2017-04-11,179841.0,46830.0,133011.0
2017-04-12,179841.0,46830.0,133011.0
2017-04-13,179841.0,46830.0,133011.0
2017-04-14,179841.0,46830.0,133011.0
2017-04-17,179841.0,46830.0,133011.0
2017-04-18,199001.0,47765.0,151236.0
2017-04-19,199001.0,47765.0,151236.0
2017-04-20,199001.0,47765.0,151236.0
2017-04-21,199001.0,47765.0,151236.0
2017-04-24,199001.0,47765.0,151236.0
2017-04-25,207394.0,47014.0,160380.0
2017-04-26,207394.0,47014.0,160380.0
2017-04-27,207394.0,47014.0,160380.0
2017-04-28,207394.0,47014.0,160380.0
2017-05-01,207394.0,47014.0,160380.0
2017-05-02,195331.0,51720.0,143611.0
2017-05-03,195331.0,51720.0,143611.0
2017-05-04,195331.0,51720.0,143611.0
2017-05-05,195331.0,51720.0,143611.0
2017-05-08,195331.0,51720.0,143611.0
2017-05-09,151419.0,55457.0,95962.0
2017-05-10,151419.0,55457.0,95962.0
2017-05-11,151419.0,55457.0,95962.0
2017-05-12,151419.0,55457.0,95962.0
2017-05-15,151419.0,55457.0,95962.0
2017-05-16,132094.0,66226.0,65868.0
2017-05-17,132094.0,66226.0,65868.0
2017-05-18,132094.0,66226.0,65868.0
2017-05-19,132094.0,66226.0,65868.0
2017-05-22,132094.0,66226.0,65868.0
2017-05-23,161893.0,50845.0,111048.0
2017-05-24,161893.0,50845.0,111048.0
2017-05-25,161893.0,50845.0,111048.0
2017-05-26,161893.0,50845.0,111048.0
2017-05-29,161893.0,50845.0,111048.0
2017-05-30,175304.0,51171.0,124133.0
2017-05-31,175304.0,51171.0,124133.0
2017-06-01,175304.0,51171.0,124133.0
2017-06-02,175304.0,51171.0,124133.0
2017-06-05,175304.0,51171.0,124133.0
2017-06-06,229476.0,63427.0,166049.0
2017-06-07,229476.0,63427.0,166049.0
2017-06-08,229476.0,63427.0,166049.0
2017-06-09,229476.0,63427.0,166049.0
2017-06-12,229476.0,63427.0,166049.0
2017-06-13,214955.0,67459.0,147496.0
2017-06-14,214955.0,67459.0,147496.0
2017-06-15,214955.0,67459.0,147496.0
2017-06-16,214955.0,67459.0,147496.0
2017-06-19,214955.0,67459.0,147496.0
2017-06-20,165035.0,65659.0,99376.0
2017-06-21,165035.0,65659.0,99376.0
2017-06-22,165035.0,65659.0,99376.0
2017-06-23,165035.0,65659.0,99376.0
2017-06-26,165035.0,65659.0,99376.0
2017-06-27,144515.0,71860.0,72655.0
2017-06-28,144515.0,71860.0,72655.0
2017-06-29,144515.0,71860.0,72655.0
2017-06-30,144515.0,71860.0,72655.0
2017-07-03,129780.0,96091.0,33689.0
2017-07-04,129780.0,96091.0,33689.0
2017-07-05,129780.0,96091.0,33689.0
2017-07-06,129780.0,96091.0,33689.0
2017-07-07,129780.0,96091.0,33689.0
2017-07-10,129780.0,96091.0,33689.0
2017-07-11,123619.0,100397.0,23222.0
2017-07-12,123619.0,100397.0,23222.0
2017-07-13,123619.0,100397.0,23222.0
2017-07-14,123619.0,100397.0,23222.0
2017-07-17,123619.0,100397.0,23222.0
2017-07-18,127028.0,98115.0,28913.0
2017-07-19,127028.0,98115.0,28913.0
2017-07-20,127028.0,98115.0,28913.0
2017-07-21,127028.0,98115.0,28913.0
2017-07-24,127028.0,98115.0,28913.0
2017-07-25,136359.0,62735.0,73624.0
2017-07-26,136359.0,62735.0,73624.0
2017-07-27,136359.0,62735.0,73624.0
2017-07-28,136359.0,62735.0,73624.0
2017-07-31,136359.0,62735.0,73624.0
2017-08-01,158082.0,39624.0,118458.0
2017-08-02,158082.0,39624.0,118458.0
2017-08-03,158082.0,39624.0,118458.0
2017-08-04,158082.0,39624.0,118458.0
2017-08-07,158082.0,39624.0,118458.0
2017-08-08,164828.0,28843.0,135985.0
2017-08-09,164828.0,28843.0,135985.0
2017-08-10,164828.0,28843.0,135985.0
2017-08-11,164828.0,28843.0,135985.0
2017-08-14,164828.0,28843.0,135985.0
2017-08-15,195433.0,18877.0,176556.0
2017-08-16,195433.0,18877.0,176556.0
2017-08-17,195433.0,18877.0,176556.0
2017-08-18,195433.0,18877.0,176556.0
2017-08-21,195433.0,18877.0,176556.0
2017-08-22,209717.0,15638.0,194079.0
2017-08-23,209717.0,15638.0,194079.0
2017-08-24,209717.0,15638.0,194079.0
2017-08-25,209717.0,15638.0,194079.0
2017-08-28,209717.0,15638.0,194079.0
2017-08-29,235065.0,13939.0,221126.0
2017-08-30,235065.0,13939.0,221126.0
2017-08-31,235065.0,13939.0,221126.0
2017-09-01,235065.0,13939.0,221126.0
2017-09-04,235065.0,13939.0,221126.0
2017-09-05,251489.0,14301.0,237188.0
2017-09-06,251489.0,14301.0,237188.0
2017-09-07,251489.0,14301.0,237188.0
2017-09-08,251489.0,14301.0,237188.0
2017-09-11,251489.0,14301.0,237188.0
2017-09-12,270413.0,16896.0,253517.0
2017-09-13,270413.0,16896.0,253517.0
2017-09-14,270413.0,16896.0,253517.0
2017-09-15,270413.0,16896.0,253517.0
2017-09-18,270413.0,16896.0,253517.0
2017-09-19,251735.0,18353.0,233382.0
2017-09-20,251735.0,18353.0,233382.0
2017-09-21,251735.0,18353.0,233382.0
2017-09-22,251735.0,18353.0,233382.0
2017-09-25,251735.0,18353.0,233382.0
2017-09-26,219134.0,23158.0,195976.0
2017-09-27,219134.0,23158.0,195976.0
2017-09-28,219134.0,23158.0,195976.0
2017-09-29,219134.0,23158.0,195976.0
2017-10-02,219134.0,23158.0,195976.0
2017-10-03,204361.0,24917.0,179444.0
2017-10-04,204361.0,24917.0,179444.0
2017-10-05,204361.0,24917.0,179444.0
2017-10-06,204361.0,24917.0,179444.0
2017-10-09,204361.0,24917.0,179444.0
2017-10-10,193154.0,21824.0,171330.0
2017-10-11,193154.0,21824.0,171330.0
2017-10-12,193154.0,21824.0,171330.0
2017-10-13,193154.0,21824.0,171330.0
2017-10-16,193154.0,21824.0,171330.0
2017-10-17,196555.0,27040.0,169515.0
2017-10-18,196555.0,27040.0,169515.0
2017-10-19,196555.0,27040.0,169515.0
2017-10-20,196555.0,27040.0,169515.0
2017-10-23,196555.0,27040.0,169515.0
2017-10-24,192701.0,24333.0,168368.0
2017-10-25,192701.0,24333.0,168368.0
2017-10-26,192701.0,24333.0,168368.0
2017-10-27,192701.0,24333.0,168368.0
2017-10-30,192701.0,24333.0,168368.0
2017-10-31,182652.0,16687.0,165965.0
2017-11-01,182652.0,16687.0,165965.0
2017-11-02,182652.0,16687.0,165965.0
2017-11-03,182652.0,16687.0,165965.0
2017-11-06,182652.0,16687.0,165965.0
2017-11-07,187782.0,17070.0,170712.0
2017-11-08,187782.0,17070.0,170712.0
2017-11-09,187782.0,17070.0,170712.0
2017-11-10,187782.0,17070.0,170712.0
2017-11-13,187782.0,17070.0,170712.0
2017-11-14,190657.0,14559.0,176098.0
2017-11-15,190657.0,14559.0,176098.0
2017-11-16,190657.0,14559.0,176098.0
2017-11-17,190657.0,14559.0,176098.0
2017-11-20,190657.0,14559.0,176098.0
2017-11-21,187292.0,14137.0,173155.0
2017-11-22,187292.0,14137.0,173155.0
2017-11-23,187292.0,14137.0,173155.0
2017-11-24,187292.0,14137.0,173155.0
2017-11-27,187292.0,14137.0,173155.0
2017-11-28,208518.0,9978.0,198540.0
2017-11-29,208518.0,9978.0,198540.0
2017-11-30,208518.0,9978.0,198540.0
2017-12-01,208518.0,9978.0,198540.0
2017-12-04,208518.0,9978.0,198540.0
2017-12-05,167174.0,32664.0,134510.0
2017-12-06,167174.0,32664.0,134510.0
2017-12-07,167174.0,32664.0,134510.0
2017-12-08,167174.0,32664.0,134510.0
2017-12-11,167174.0,32664.0,134510.0
2017-12-12,123139.0,46913.0,76226.0
2017-12-13,123139.0,46913.0,76226.0
2017-12-14,123139.0,46913.0,76226.0
2017-12-15,123139.0,46913.0,76226.0
2017-12-18,123139.0,46913.0,76226.0
2017-12-19,116642.0,35397.0,81245.0
2017-12-20,116642.0,35397.0,81245.0
2017-12-21,116642.0,35397.0,81245.0
2017-12-22,116642.0,35397.0,81245.0
2017-12-25,116642.0,35397.0,81245.0
2017-12-26,127715.0,19957.0,107758.0
2017-12-27,127715.0,19957.0,107758.0
2017-12-28,127715.0,19957.0,107758.0
2017-12-29,127715.0,19957.0,107758.0
2018-01-01,127715.0,19957.0,107758.0
2018-01-02,168423.0,20249.0,148174.0
2018-01-03,168423.0,20249.0,148174.0
2018-01-04,168423.0,20249.0,148174.0
2018-01-05,168423.0,20249.0,148174.0
2018-01-08,168423.0,20249.0,148174.0
2018-01-09,216115.0,20065.0,196050.0
2018-01-10,216115.0,20065.0,196050.0
2018-01-11,216115.0,20065.0,196050.0
2018-01-12,216115.0,20065.0,196050.0
2018-01-15,216115.0,20065.0,196050.0
2018-01-16,227373.0,25841.0,201532.0
2018-01-17,227373.0,25841.0,201532.0
2018-01-18,227373.0,25841.0,201532.0
2018-01-19,227373.0,25841.0,201532.0
2018-01-22,227373.0,25841.0,201532.0
2018-01-23,236003.0,26467.0,209536.0
2018-01-24,236003.0,26467.0,209536.0
2018-01-25,236003.0,26467.0,209536.0
2018-01-26,236003.0,26467.0,209536.0
2018-01-29,236003.0,26467.0,209536.0
2018-01-30,230597.0,23035.0,207562.0
2018-01-31,230597.0,23035.0,207562.0
2018-02-01,230597.0,23035.0,207562.0
2018-02-02,230597.0,23035.0,207562.0
2018-02-05,230597.0,23035.0,207562.0
2018-02-06,206377.0,23448.0,182929.0
2018-02-07,206377.0,23448.0,182929.0
2018-02-08,206377.0,23448.0,182929.0
2018-02-09,206377.0,23448.0,182929.0
2018-02-12,206377.0,23448.0,182929.0
2018-02-13,186183.0,16426.0,169757.0
2018-02-14,186183.0,16426.0,169757.0
2018-02-15,186183.0,16426.0,169757.0
2018-02-16,186183.0,16426.0,169757.0
2018-02-19,186183.0,16426.0,169757.0
2018-02-20,190398.0,14943.0,175455.0
2018-02-21,190398.0,14943.0,175455.0
2018-02-22,190398.0,14943.0,175455.0
2018-02-23,190398.0,14943.0,175455.0
2018-02-26,190398.0,14943.0,175455.0
2018-02-27,177475.0,27456.0,150019.0
2018-02-28,177475.0,27456.0,150019.0
2018-03-01,177475.0,27456.0,150019.0
2018-03-02,177475.0,27456.0,150019.0
2018-03-05,177475.0,27456.0,150019.0
2018-03-06,172492.0,21786.0,150706.0
2018-03-07,172492.0,21786.0,150706.0
2018-03-08,172492.0,21786.0,150706.0
2018-03-09,172492.0,21786.0,150706.0
2018-03-12,172492.0,21786.0,150706.0
2018-03-13,162337.0,26472.0,135865.0
2018-03-14,162337.0,26472.0,135865.0
2018-03-15,162337.0,26472.0,135865.0
2018-03-16,162337.0,26472.0,135865.0
2018-03-19,162337.0,26472.0,135865.0
2018-03-20,148152.0,36345.0,111807.0
2018-03-21,148152.0,36345.0,111807.0
2018-03-22,148152.0,36345.0,111807.0
2018-03-23,148152.0,36345.0,111807.0
2018-03-26,148152.0,36345.0,111807.0
2018-03-27,183080.0,20917.0,162163.0
2018-03-28,183080.0,20917.0,162163.0
2018-03-29,183080.0,20917.0,162163.0
2018-03-30,183080.0,20917.0,162163.0
2018-04-02,183080.0,20917.0,162163.0
2018-04-03,155590.0,28948.0,126642.0
2018-04-04,155590.0,28948.0,126642.0
2018-04-05,155590.0,28948.0,126642.0
2018-04-06,155590.0,28948.0,126642.0
2018-04-09,155590.0,28948.0,126642.0
2018-04-10,154044.0,28482.0,125562.0
2018-04-11,154044.0,28482.0,125562.0
2018-04-12,154044.0,28482.0,125562.0
2018-04-13,154044.0,28482.0,125562.0
2018-04-16,154044.0,28482.0,125562.0
2018-04-17,157925.0,25287.0,132638.0
2018-04-18,157925.0,25287.0,132638.0
2018-04-19,157925.0,25287.0,132638.0
2018-04-20,157925.0,25287.0,132638.0
2018-04-23,157925.0,25287.0,132638.0
2018-04-24,143258.0,43597.0,99661.0
2018-04-25,143258.0,43597.0,99661.0
2018-04-26,143258.0,43597.0,99661.0
2018-04-27,143258.0,43597.0,99661.0
2018-04-30,143258.0,43597.0,99661.0
2018-05-01,119064.0,79747.0,39317.0
2018-05-02,119064.0,79747.0,39317.0
2018-05-03,119064.0,79747.0,39317.0
2018-05-04,119064.0,79747.0,39317.0
2018-05-07,119064.0,79747.0,39317.0
2018-05-08,109508.0,67869.0,41639.0
2018-05-09,109508.0,67869.0,41639.0
2018-05-10,109508.0,67869.0,41639.0
2018-05-11,109508.0,67869.0,41639.0
2018-05-14,109508.0,67869.0,41639.0
2018-05-15,103256.0,84258.0,18998.0
2018-05-16,103256.0,84258.0,18998.0
2018-05-17,103256.0,84258.0,18998.0
2018-05-18,103256.0,84258.0,18998.0
2018-05-21,103256.0,84258.0,18998.0
2018-05-22,91411.0,74880.0,16531.0
2018-05-23,91411.0,74880.0,16531.0
2018-05-24,91411.0,74880.0,16531.0
2018-05-25,91411.0,74880.0,16531.0
2018-05-28,91411.0,74880.0,16531.0
2018-05-29,107882.0,53881.0,54001.0
2018-05-30,107882.0,53881.0,54001.0
2018-05-31,107882.0,53881.0,54001.0
2018-06-01,107882.0,53881.0,54001.0
2018-06-04,107882.0,53881.0,54001.0
2018-06-05,100027.0,49147.0,50880.0
2018-06-06,100027.0,49147.0,50880.0
2018-06-07,100027.0,49147.0,50880.0
2018-06-08,100027.0,49147.0,50880.0
2018-06-11,100027.0,49147.0,50880.0
2018-06-12,104313.0,48809.0,55504.0
2018-06-13,104313.0,48809.0,55504.0
2018-06-14,104313.0,48809.0,55504.0
2018-06-15,104313.0,48809.0,55504.0
2018-06-18,104313.0,48809.0,55504.0
2018-06-19,94297.0,83769.0,10528.0
2018-06-20,94297.0,83769.0,10528.0
2018-06-21,94297.0,83769.0,10528.0
2018-06-22,94297.0,83769.0,10528.0
2018-06-25,94297.0,83769.0,10528.0
2018-06-26,94845.0,94869.0,-24.0
2018-06-27,94845.0,94869.0,-24.0
2018-06-28,94845.0,94869.0,-24.0
2018-06-29,94845.0,94869.0,-24.0
2018-07-02,94845.0,94869.0,-24.0
2018-07-03,104275.0,105529.0,-1254.0
2018-07-04,104275.0,105529.0,-1254.0
2018-07-05,104275.0,105529.0,-1254.0
2018-07-06,104275.0,105529.0,-1254.0
2018-07-09,104275.0,105529.0,-1254.0
2018-07-10,107402.0,109929.0,-2527.0
2018-07-11,107402.0,109929.0,-2527.0
2018-07-12,107402.0,109929.0,-2527.0
2018-07-13,107402.0,109929.0,-2527.0
2018-07-16,107402.0,109929.0,-2527.0
2018-07-17,107775.0,134224.0,-26449.0
2018-07-18,107775.0,134224.0,-26449.0
2018-07-19,107775.0,134224.0,-26449.0
2018-07-20,107775.0,134224.0,-26449.0
2018-07-23,107775.0,134224.0,-26449.0
2018-07-24,110249.0,146671.0,-36422.0
2018-07-25,110249.0,146671.0,-36422.0
2018-07-26,110249.0,146671.0,-36422.0
2018-07-27,110249.0,146671.0,-36422.0
2018-07-30,110249.0,146671.0,-36422.0
2018-07-31,110580.0,153108.0,-42528.0
2018-08-01,110580.0,153108.0,-42528.0
2018-08-02,110580.0,153108.0,-42528.0
2018-08-03,110580.0,153108.0,-42528.0
2018-08-06,110580.0,153108.0,-42528.0
2018-08-07,105849.0,171965.0,-66116.0
2018-08-08,105849.0,171965.0,-66116.0
2018-08-09,105849.0,171965.0,-66116.0
2018-08-10,105849.0,171965.0,-66116.0
2018-08-13,105849.0,171965.0,-66116.0
2018-08-14,104803.0,188127.0,-83324.0
2018-08-15,104803.0,188127.0,-83324.0
2018-08-16,104803.0,188127.0,-83324.0
2018-08-17,104803.0,188127.0,-83324.0
2018-08-20,104803.0,188127.0,-83324.0
2018-08-21,107143.0,197171.0,-90028.0
2018-08-22,107143.0,197171.0,-90028.0
2018-08-23,107143.0,197171.0,-90028.0
2018-08-24,107143.0,197171.0,-90028.0
2018-08-27,107143.0,197171.0,-90028.0
2018-08-28,105971.0,181743.0,-75772.0
2018-08-29,105971.0,181743.0,-75772.0
2018-08-30,105971.0,181743.0,-75772.0
2018-08-31,105971.0,181743.0,-75772.0
2018-09-03,105971.0,181743.0,-75772.0
2018-09-04,101651.0,184373.0,-82722.0
2018-09-05,101651.0,184373.0,-82722.0
2018-09-06,101651.0,184373.0,-82722.0
2018-09-07,101651.0,184373.0,-82722.0
2018-09-10,101651.0,184373.0,-82722.0
2018-09-11,100593.0,175812.0,-75219.0
2018-09-12,100593.0,175812.0,-75219.0
2018-09-13,100593.0,175812.0,-75219.0
2018-09-14,100593.0,175812.0,-75219.0
2018-09-17,100593.0,175812.0,-75219.0
2018-09-18,97904.0,180367.0,-82463.0
2018-09-19,97904.0,180367.0,-82463.0
2018-09-20,97904.0,180367.0,-82463.0
2018-09-21,97904.0,180367.0,-82463.0
2018-09-24,97904.0,180367.0,-82463.0
2018-09-25,98513.0,182190.0,-83677.0
2018-09-26,98513.0,182190.0,-83677.0
2018-09-27,98513.0,182190.0,-83677.0
2018-09-28,98513.0,182190.0,-83677.0
2018-10-01,98513.0,182190.0,-83677.0
2018-10-02,100671.0,180274.0,-79603.0
2018-10-03,100671.0,180274.0,-79603.0
2018-10-04,100671.0,180274.0,-79603.0
2018-10-05,100671.0,180274.0,-79603.0
2018-10-08,100671.0,180274.0,-79603.0
2018-10-09,82218.0,191672.0,-109454.0
2018-10-10,82218.0,191672.0,-109454.0
2018-10-11,82218.0,191672.0,-109454.0
2018-10-12,82218.0,191672.0,-109454.0
2018-10-15,82218.0,191672.0,-109454.0
2018-10-16,95333.0,144715.0,-49382.0
2018-10-17,95333.0,144715.0,-49382.0
2018-10-18,95333.0,144715.0,-49382.0
2018-10-19,95333.0,144715.0,-49382.0
2018-10-22,95333.0,144715.0,-49382.0
2018-10-23,99368.0,137484.0,-38116.0
2018-10-24,99368.0,137484.0,-38116.0
2018-10-25,99368.0,137484.0,-38116.0
2018-10-26,99368.0,137484.0,-38116.0
2018-10-29,99368.0,137484.0,-38116.0
2018-10-30,80105.0,135628.0,-55523.0
2018-10-31,80105.0,135628.0,-55523.0
2018-11-01,80105.0,135628.0,-55523.0
2018-11-02,80105.0,135628.0,-55523.0
2018-11-05,80105.0,135628.0,-55523.0
2018-11-06,82188.0,129634.0,-47446.0
2018-11-07,82188.0,129634.0,-47446.0
2018-11-08,82188.0,129634.0,-47446.0
2018-11-09,82188.0,129634.0,-47446.0
2018-11-12,82188.0,129634.0,-47446.0
2018-11-13,79529.0,158723.0,-79194.0
2018-11-14,79529.0,158723.0,-79194.0
2018-11-15,79529.0,158723.0,-79194.0
2018-11-16,79529.0,158723.0,-79194.0
2018-11-19,79529.0,158723.0,-79194.0
2018-11-20,84356.0,136207.0,-51851.0
2018-11-21,84356.0,136207.0,-51851.0
2018-11-22,84356.0,136207.0,-51851.0
2018-11-23,84356.0,136207.0,-51851.0
2018-11-26,84356.0,136207.0,-51851.0
2018-11-27,79992.0,138382.0,-58390.0
2018-11-28,79992.0,138382.0,-58390.0
2018-11-29,79992.0,138382.0,-58390.0
2018-11-30,79992.0,138382.0,-58390.0
2018-12-03,79992.0,138382.0,-58390.0
2018-12-04,99414.0,109201.0,-9787.0
2018-12-05,99414.0,109201.0,-9787.0
2018-12-06,99414.0,109201.0,-9787.0
2018-12-07,99414.0,109201.0,-9787.0
2018-12-10,99414.0,109201.0,-9787.0
2018-12-11,89942.0,90008.0,-66.0
2018-12-12,89942.0,90008.0,-66.0
2018-12-13,89942.0,90008.0,-66.0
2018-12-14,89942.0,90008.0,-66.0
2018-12-17,89942.0,90008.0,-66.0
2018-12-18,100828.0,89630.0,11198.0
2018-12-19,100828.0,89630.0,11198.0
2018-12-20,100828.0,89630.0,11198.0
2018-12-21,100828.0,89630.0,11198.0
2018-12-24,119146.0,77178.0,41968.0
2018-12-25,119146.0,77178.0,41968.0
2018-12-26,119146.0,77178.0,41968.0
2018-12-27,119146.0,77178.0,41968.0
2018-12-28,119146.0,77178.0,41968.0
2018-12-31,121205.0,71021.0,50184.0
2019-01-01,121205.0,71021.0,50184.0
2019-01-02,121205.0,71021.0,50184.0
2019-01-03,121205.0,71021.0,50184.0
2019-01-04,121205.0,71021.0,50184.0
2019-01-07,121205.0,71021.0,50184.0
2019-01-08,112690.0,80219.0,32471.0
2019-01-09,112690.0,80219.0,32471.0
2019-01-10,112690.0,80219.0,32471.0
2019-01-11,112690.0,80219.0,32471.0
2019-01-14,112690.0,80219.0,32471.0
2019-01-15,115651.0,90716.0,24935.0
2019-01-16,115651.0,90716.0,24935.0
2019-01-17,115651.0,90716.0,24935.0
2019-01-18,115651.0,90716.0,24935.0
2019-01-21,115651.0,90716.0,24935.0
2019-01-22,105295.0,89085.0,16210.0
2019-01-23,105295.0,89085.0,16210.0
2019-01-24,105295.0,89085.0,16210.0
2019-01-25,105295.0,89085.0,16210.0
2019-01-28,105295.0,89085.0,16210.0
2019-01-29,126404.0,94007.0,32397.0
2019-01-30,126404.0,94007.0,32397.0
2019-01-31,126404.0,94007.0,32397.0
2019-02-01,126404.0,94007.0,32397.0
2019-02-04,126404.0,94007.0,32397.0
2019-02-05,134954.0,90079.0,44875.0
2019-02-06,134954.0,90079.0,44875.0
2019-02-07,134954.0,90079.0,44875.0
2019-02-08,134954.0,90079.0,44875.0
2019-02-11,134954.0,90079.0,44875.0
2019-02-12,132365.0,89746.0,42619.0
2019-02-13,132365.0,89746.0,42619.0
2019-02-14,132365.0,89746.0,42619.0
2019-02-15,132365.0,89746.0,42619.0
2019-02-18,132365.0,89746.0,42619.0
2019-02-19,166411.0,84034.0,82377.0
2019-02-20,166411.0,84034.0,82377.0
2019-02-21,166411.0,84034.0,82377.0
2019-02-22,166411.0,84034.0,82377.0
2019-02-25,166411.0,84034.0,82377.0
2019-02-26,154217.0,75658.0,78559.0
2019-02-27,154217.0,75658.0,78559.0
2019-02-28,154217.0,75658.0,78559.0
2019-03-01,154217.0,75658.0,78559.0
2019-03-04,154217.0,75658.0,78559.0
2019-03-05,125903.0,94656.0,31247.0
2019-03-06,125903.0,94656.0,31247.0
2019-03-07,125903.0,94656.0,31247.0
2019-03-08,125903.0,94656.0,31247.0
2019-03-11,125903.0,94656.0,31247.0
2019-03-12,123293.0,105886.0,17407.0
2019-03-13,123293.0,105886.0,17407.0
2019-03-14,123293.0,105886.0,17407.0
2019-03-15,123293.0,105886.0,17407.0
2019-03-18,123293.0,105886.0,17407.0
2019-03-19,123909.0,93434.0,30475.0
2019-03-20,123909.0,93434.0,30475.0
2019-03-21,123909.0,93434.0,30475.0
2019-03-22,123909.0,93434.0,30475.0
2019-03-25,123909.0,93434.0,30475.0
2019-03-26,135373.0,77386.0,57987.0
2019-03-27,135373.0,77386.0,57987.0
2019-03-28,135373.0,77386.0,57987.0
2019-03-29,135373.0,77386.0,57987.0
2019-04-01,135373.0,77386.0,57987.0
2019-04-02,110816.0,86198.0,24618.0
2019-04-03,110816.0,86198.0,24618.0
2019-04-04,110816.0,86198.0,24618.0
2019-04-05,110816.0,86198.0,24618.0
2019-04-08,110816.0,86198.0,24618.0
2019-04-09,117917.0,80880.0,37037.0
2019-04-10,117917.0,80880.0,37037.0
2019-04-11,117917.0,80880.0,37037.0
2019-04-12,117917.0,80880.0,37037.0
2019-04-15,117917.0,80880.0,37037.0
2019-04-16,96196.0,111583.0,-15387.0
2019-04-17,96196.0,111583.0,-15387.0
2019-04-18,96196.0,111583.0,-15387.0
2019-04-19,96196.0,111583.0,-15387.0
2019-04-22,96196.0,111583.0,-15387.0
2019-04-23,88989.0,122818.0,-33829.0
2019-04-24,88989.0,122818.0,-33829.0
2019-04-25,88989.0,122818.0,-33829.0
2019-04-26,88989.0,122818.0,-33829.0
2019-04-29,88989.0,122818.0,-33829.0
2019-04-30,95159.0,95083.0,76.0
2019-05-01,95159.0,95083.0,76.0
2019-05-02,95159.0,95083.0,76.0
2019-05-03,95159.0,95083.0,76.0
2019-05-06,95159.0,95083.0,76.0
2019-05-07,102975.0,93428.0,9547.0
2019-05-08,102975.0,93428.0,9547.0
2019-05-09,102975.0,93428.0,9547.0
2019-05-10,102975.0,93428.0,9547.0
2019-05-13,102975.0,93428.0,9547.0
2019-05-14,138467.0,85921.0,52546.0
2019-05-15,138467.0,85921.0,52546.0
2019-05-16,138467.0,85921.0,52546.0
2019-05-17,138467.0,85921.0,52546.0
2019-05-20,138467.0,85921.0,52546.0
2019-05-21,114986.0,99049.0,15937.0
2019-05-22,114986.0,99049.0,15937.0
2019-05-23,114986.0,99049.0,15937.0
2019-05-24,114986.0,99049.0,15937.0
2019-05-27,114986.0,99049.0,15937.0
2019-05-28,119314.0,93040.0,26274.0
2019-05-29,119314.0,93040.0,26274.0
2019-05-30,119314.0,93040.0,26274.0
2019-05-31,119314.0,93040.0,26274.0
2019-06-03,119314.0,93040.0,26274.0
2019-06-04,159663.0,63481.0,96182.0
2019-06-05,159663.0,63481.0,96182.0
2019-06-06,159663.0,63481.0,96182.0
2019-06-07,159663.0,63481.0,96182.0
2019-06-10,159663.0,63481.0,96182.0
2019-06-11,169640.0,40480.0,129160.0
2019-06-12,169640.0,40480.0,129160.0
2019-06-13,169640.0,40480.0,129160.0
2019-06-14,169640.0,40480.0,129160.0
2019-06-17,169640.0,40480.0,129160.0
2019-06-18,191766.0,41250.0,150516.0
2019-06-19,191766.0,41250.0,150516.0
2019-06-20,191766.0,41250.0,150516.0
2019-06-21,191766.0,41250.0,150516.0
2019-06-24,191766.0,41250.0,150516.0
2019-06-25,204918.0,27177.0,177741.0
2019-06-26,204918.0,27177.0,177741.0
2019-06-27,204918.0,27177.0,177741.0
2019-06-28,204918.0,27177.0,177741.0
2019-07-01,204918.0,27177.0,177741.0
2019-07-02,214186.0,20099.0,194087.0
2019-07-03,214186.0,20099.0,194087.0
2019-07-04,214186.0,20099.0,194087.0
2019-07-05,214186.0,20099.0,194087.0
2019-07-08,214186.0,20099.0,194087.0
2019-07-09,208301.0,25690.0,182611.0
2019-07-10,208301.0,25690.0,182611.0
2019-07-11,208301.0,25690.0,182611.0
2019-07-12,208301.0,25690.0,182611.0
2019-07-15,208301.0,25690.0,182611.0
2019-07-16,211322.0,31263.0,180059.0
2019-07-17,211322.0,31263.0,180059.0
2019-07-18,211322.0,31263.0,180059.0
2019-07-19,211322.0,31263.0,180059.0
2019-07-22,211322.0,31263.0,180059.0
2019-07-23,208153.0,29980.0,178173.0
2019-07-24,208153.0,29980.0,178173.0
2019-07-25,208153.0,29980.0,178173.0
2019-07-26,208153.0,29980.0,178173.0
2019-07-29,208153.0,29980.0,178173.0
2019-07-30,215581.0,29868.0,185713.0
2019-07-31,215581.0,29868.0,185713.0
2019-08-01,215581.0,29868.0,185713.0
2019-08-02,215581.0,29868.0,185713.0
2019-08-05,215581.0,29868.0,185713.0
2019-08-06,248687.0,21854.0,226833.0
2019-08-07,248687.0,21854.0,226833.0
2019-08-08,248687.0,21854.0,226833.0
2019-08-09,248687.0,21854.0,226833.0
2019-08-12,248687.0,21854.0,226833.0
2019-08-13,245631.0,22020.0,223611.0
2019-08-14,245631.0,22020.0,223611.0
2019-08-15,245631.0,22020.0,223611.0
2019-08-16,245631.0,22020.0,223611.0
2019-08-19,245631.0,22020.0,223611.0
2019-08-20,249696.0,19850.0,229846.0
2019-08-21,249696.0,19850.0,229846.0
2019-08-22,249696.0,19850.0,229846.0
2019-08-23,249696.0,19850.0,229846.0
2019-08-26,249696.0,19850.0,229846.0
2019-08-27,258269.0,31553.0,226716.0
2019-08-28,258269.0,31553.0,226716.0
2019-08-29,258269.0,31553.0,226716.0
2019-08-30,258269.0,31553.0,226716.0
2019-09-02,258269.0,31553.0,226716.0
2019-09-03,265175.0,33549.0,231626.0
2019-09-04,265175.0,33549.0,231626.0
2019-09-05,265175.0,33549.0,231626.0
2019-09-06,265175.0,33549.0,231626.0
2019-09-09,265175.0,33549.0,231626.0
2019-09-10,239475.0,33294.0,206181.0
2019-09-11,239475.0,33294.0,206181.0
2019-09-12,239475.0,33294.0,206181.0
2019-09-13,239475.0,33294.0,206181.0
2019-09-16,239475.0,33294.0,206181.0
2019-09-17,241936.0,28080.0,213856.0
2019-09-18,241936.0,28080.0,213856.0
2019-09-19,241936.0,28080.0,213856.0
2019-09-20,241936.0,28080.0,213856.0
2019-09-23,241936.0,28080.0,213856.0
2019-09-24,265508.0,27637.0,237871.0
2019-09-25,265508.0,27637.0,237871.0
2019-09-26,265508.0,27637.0,237871.0
2019-09-27,265508.0,27637.0,237871.0
2019-09-30,265508.0,27637.0,237871.0
2019-10-01,219990.0,29179.0,190811.0
2019-10-02,219990.0,29179.0,190811.0
2019-10-03,219990.0,29179.0,190811.0
2019-10-04,219990.0,29179.0,190811.0
2019-10-07,219990.0,29179.0,190811.0
2019-10-08,231976.0,31475.0,200501.0
2019-10-09,231976.0,31475.0,200501.0
2019-10-10,231976.0,31475.0,200501.0
2019-10-11,231976.0,31475.0,200501.0
2019-10-14,231976.0,31475.0,200501.0
2019-10-15,213987.0,38200.0,175787.0
2019-10-16,213987.0,38200.0,175787.0
2019-10-17,213987.0,38200.0,175787.0
2019-10-18,213987.0,38200.0,175787.0
2019-10-21,213987.0,38200.0,175787.0
2019-10-22,218317.0,33879.0,184438.0
2019-10-23,218317.0,33879.0,184438.0
2019-10-24,218317.0,33879.0,184438.0
2019-10-25,218317.0,33879.0,184438.0
2019-10-28,218317.0,33879.0,184438.0
2019-10-29,230664.0,32106.0,198558.0
2019-10-30,230664.0,32106.0,198558.0
2019-10-31,230664.0,32106.0,198558.0
2019-11-01,230664.0,32106.0,198558.0
2019-11-04,230664.0,32106.0,198558.0
2019-11-05,233167.0,35920.0,197247.0
2019-11-06,233167.0,35920.0,197247.0
2019-11-07,233167.0,35920.0,197247.0
2019-11-08,233167.0,35920.0,197247.0
2019-11-11,233167.0,35920.0,197247.0
2019-11-12,209432.0,33991.0,175441.0
2019-11-13,209432.0,33991.0,175441.0
2019-11-14,209432.0,33991.0,175441.0
2019-11-15,209432.0,33991.0,175441.0
2019-11-18,209432.0,33991.0,175441.0
2019-11-19,221795.0,26596.0,195199.0
2019-11-20,221795.0,26596.0,195199.0
2019-11-21,221795.0,26596.0,195199.0
2019-11-22,221795.0,26596.0,195199.0
2019-11-25,221795.0,26596.0,195199.0
2019-11-26,218724.0,24437.0,194287.0
2019-11-27,218724.0,24437.0,194287.0
2019-11-28,218724.0,24437.0,194287.0
2019-11-29,218724.0,24437.0,194287.0
2019-12-02,218724.0,24437.0,194287.0
2019-12-03,232276.0,24314.0,207962.0
2019-12-04,232276.0,24314.0,207962.0
2019-12-05,232276.0,24314.0,207962.0
2019-12-06,232276.0,24314.0,207962.0
2019-12-09,232276.0,24314.0,207962.0
2019-12-10,212929.0,29281.0,183648.0
2019-12-11,212929.0,29281.0,183648.0
2019-12-12,212929.0,29281.0,183648.0
2019-12-13,212929.0,29281.0,183648.0
2019-12-16,212929.0,29281.0,183648.0
2019-12-17,228616.0,26895.0,201721.0
2019-12-18,228616.0,26895.0,201721.0
2019-12-19,228616.0,26895.0,201721.0
2019-12-20,228616.0,26895.0,201721.0
2019-12-23,228616.0,26895.0,201721.0
2019-12-24,245366.0,26520.0,218846.0
2019-12-25,245366.0,26520.0,218846.0
2019-12-26,245366.0,26520.0,218846.0
2019-12-27,245366.0,26520.0,218846.0
2019-12-30,245366.0,26520.0,218846.0
2019-12-31,258357.0,25625.0,232732.0
2020-01-01,258357.0,25625.0,232732.0
2020-01-02,258357.0,25625.0,232732.0
2020-01-03,258357.0,25625.0,232732.0
2020-01-06,258357.0,25625.0,232732.0
2020-01-07,261083.0,31326.0,229757.0
2020-01-08,261083.0,31326.0,229757.0
2020-01-09,261083.0,31326.0,229757.0
2020-01-10,261083.0,31326.0,229757.0
2020-01-13,261083.0,31326.0,229757.0
2020-01-14,262402.0,31943.0,230459.0
2020-01-15,262402.0,31943.0,230459.0
2020-01-16,262402.0,31943.0,230459.0
2020-01-17,262402.0,31943.0,230459.0
2020-01-20,262402.0,31943.0,230459.0
2020-01-21,258269.0,34437.0,223832.0
2020-01-22,258269.0,34437.0,223832.0
2020-01-23,258269.0,34437.0,223832.0
2020-01-24,258269.0,34437.0,223832.0
2020-01-27,258269.0,34437.0,223832.0
2020-01-28,254259.0,34321.0,219938.0
2020-01-29,254259.0,34321.0,219938.0
2020-01-30,254259.0,34321.0,219938.0
2020-01-31,254259.0,34321.0,219938.0
2020-02-03,254259.0,34321.0,219938.0
2020-02-04,223762.0,42152.0,181610.0
2020-02-05,223762.0,42152.0,181610.0
2020-02-06,223762.0,42152.0,181610.0
2020-02-07,223762.0,42152.0,181610.0
2020-02-10,223762.0,42152.0,181610.0
2020-02-11,231499.0,35828.0,195671.0
2020-02-12,231499.0,35828.0,195671.0
2020-02-13,231499.0,35828.0,195671.0
2020-02-14,231499.0,35828.0,195671.0
2020-02-17,231499.0,35828.0,195671.0
2020-02-18,278286.0,39740.0,238546.0
2020-02-19,278286.0,39740.0,238546.0
2020-02-20,278286.0,39740.0,238546.0
2020-02-21,278286.0,39740.0,238546.0
2020-02-24,278286.0,39740.0,238546.0
2020-02-25,263218.0,32372.0,230846.0
2020-02-26,263218.0,32372.0,230846.0
2020-02-27,263218.0,32372.0,230846.0
2020-02-28,263218.0,32372.0,230846.0
2020-03-02,263218.0,32372.0,230846.0
2020-03-03,242921.0,27560.0,215361.0
2020-03-04,242921.0,27560.0,215361.0
2020-03-05,242921.0,27560.0,215361.0
2020-03-06,242921.0,27560.0,215361.0
2020-03-09,242921.0,27560.0,215361.0
2020-03-10,220642.0,10457.0,210185.0
2020-03-11,220642.0,10457.0,210185.0
2020-03-12,220642.0,10457.0,210185.0
2020-03-13,220642.0,10457.0,210185.0
2020-03-16,220642.0,10457.0,210185.0
2020-03-17,164979.0,10900.0,154079.0
2020-03-18,164979.0,10900.0,154079.0
2020-03-19,164979.0,10900.0,154079.0
2020-03-20,164979.0,10900.0,154079.0
2020-03-23,164979.0,10900.0,154079.0
2020-03-24,158965.0,1556.0,157409.0
2020-03-25,158965.0,1556.0,157409.0
2020-03-26,158965.0,1556.0,157409.0
2020-03-27,158965.0,1556.0,157409.0
2020-03-30,158965.0,1556.0,157409.0
2020-03-31,156820.0,4222.0,152598.0
2020-04-01,156820.0,4222.0,152598.0
2020-04-02,156820.0,4222.0,152598.0
2020-04-03,156820.0,4222.0,152598.0
2020-04-06,156820.0,4222.0,152598.0
2020-04-07,157005.0,4523.0,152482.0
2020-04-08,157005.0,4523.0,152482.0
2020-04-09,157005.0,4523.0,152482.0
2020-04-10,157005.0,4523.0,152482.0
2020-04-13,157005.0,4523.0,152482.0
2020-04-14,162412.0,7168.0,155244.0
2020-04-15,162412.0,7168.0,155244.0
2020-04-16,162412.0,7168.0,155244.0
2020-04-17,162412.0,7168.0,155244.0
2020-04-20,162412.0,7168.0,155244.0
2020-04-21,155492.0,9221.0,146271.0
2020-04-22,155492.0,9221.0,146271.0
2020-04-23,155492.0,9221.0,146271.0
2020-04-24,155492.0,9221.0,146271.0
2020-04-27,155492.0,9221.0,146271.0
2020-04-28,154025.0,7619.0,146406.0
2020-04-29,154025.0,7619.0,146406.0
2020-04-30,154025.0,7619.0,146406.0
2020-05-01,154025.0,7619.0,146406.0
2020-05-04,154025.0,7619.0,146406.0
2020-05-05,142326.0,9085.0,133241.0
2020-05-06,142326.0,9085.0,133241.0
2020-05-07,142326.0,9085.0,133241.0
2020-05-08,142326.0,9085.0,133241.0
2020-05-11,142326.0,9085.0,133241.0
2020-05-12,144015.0,21798.0,122217.0
2020-05-13,144015.0,21798.0,122217.0
2020-05-14,144015.0,21798.0,122217.0
2020-05-15,144015.0,21798.0,122217.0
2020-05-18,144015.0,21798.0,122217.0
2020-05-19,153961.0,26897.0,127064.0
2020-05-20,153961.0,26897.0,127064.0
2020-05-21,153961.0,26897.0,127064.0
2020-05-22,153961.0,26897.0,127064.0
2020-05-25,153961.0,26897.0,127064.0
2020-05-26,145566.0,32485.0,113081.0
2020-05-27,145566.0,32485.0,113081.0
2020-05-28,145566.0,32485.0,113081.0
2020-05-29,145566.0,32485.0,113081.0
2020-06-01,145566.0,32485.0,113081.0
2020-06-02,133655.0,33300.0,100355.0
2020-06-03,133655.0,33300.0,100355.0
2020-06-04,133655.0,33300.0,100355.0
2020-06-05,133655.0,33300.0,100355.0
2020-06-08,133655.0,33300.0,100355.0
2020-06-09,126407.0,35230.0,91177.0
2020-06-10,126407.0,35230.0,91177.0
2020-06-11,126407.0,35230.0,91177.0
2020-06-12,126407.0,35230.0,91177.0
2020-06-15,126407.0,35230.0,91177.0
2020-06-16,135945.0,31257.0,104688.0
2020-06-17,135945.0,31257.0,104688.0
2020-06-18,135945.0,31257.0,104688.0
2020-06-19,135945.0,31257.0,104688.0
2020-06-22,135945.0,31257.0,104688.0
2020-06-23,161593.0,32078.0,129515.0
2020-06-24,161593.0,32078.0,129515.0
2020-06-25,161593.0,32078.0,129515.0
2020-06-26,161593.0,32078.0,129515.0
2020-06-29,161593.0,32078.0,129515.0
2020-06-30,173526.0,34971.0,138555.0
2020-07-01,173526.0,34971.0,138555.0
2020-07-02,173526.0,34971.0,138555.0
2020-07-03,173526.0,34971.0,138555.0
2020-07-06,173526.0,34971.0,138555.0
2020-07-07,179810.0,40467.0,139343.0
2020-07-08,179810.0,40467.0,139343.0
2020-07-09,179810.0,40467.0,139343.0
2020-07-10,179810.0,40467.0,139343.0
2020-07-13,179810.0,40467.0,139343.0
2020-07-14,177400.0,42427.0,134973.0
2020-07-15,177400.0,42427.0,134973.0
2020-07-16,177400.0,42427.0,134973.0
2020-07-17,177400.0,42427.0,134973.0
2020-07-20,177400.0,42427.0,134973.0
2020-07-21,181256.0,40987.0,140269.0
2020-07-22,181256.0,40987.0,140269.0
2020-07-23,181256.0,40987.0,140269.0
2020-07-24,181256.0,40987.0,140269.0
2020-07-27,181256.0,40987.0,140269.0
2020-07-28,159894.0,42758.0,117136.0
2020-07-29,159894.0,42758.0,117136.0
2020-07-30,159894.0,42758.0,117136.0
2020-07-31,159894.0,42758.0,117136.0
2020-08-03,159894.0,42758.0,117136.0
2020-08-04,165357.0,51885.0,113472.0
2020-08-05,165357.0,51885.0,113472.0
2020-08-06,165357.0,51885.0,113472.0
2020-08-07,165357.0,51885.0,113472.0
2020-08-10,165357.0,51885.0,113472.0
2020-08-11,155418.0,57726.0,97692.0
2020-08-12,155418.0,57726.0,97692.0
2020-08-13,155418.0,57726.0,97692.0
2020-08-14,155418.0,57726.0,97692.0
2020-08-17,155418.0,57726.0,97692.0
2020-08-18,151016.0,55578.0,95438.0
2020-08-19,151016.0,55578.0,95438.0
2020-08-20,151016.0,55578.0,95438.0
2020-08-21,151016.0,55578.0,95438.0
2020-08-24,151016.0,55578.0,95438.0
2020-08-25,145055.0,58206.0,86849.0
2020-08-26,145055.0,58206.0,86849.0
2020-08-27,145055.0,58206.0,86849.0
2020-08-28,145055.0,58206.0,86849.0
2020-08-31,145055.0,58206.0,86849.0
2020-09-01,147175.0,49433.0,97742.0
2020-09-02,147175.0,49433.0,97742.0
2020-09-03,147175.0,49433.0,97742.0
2020-09-04,147175.0,49433.0,97742.0
2020-09-07,147175.0,49433.0,97742.0
2020-09-08,155528.0,51236.0,104292.0
2020-09-09,155528.0,51236.0,104292.0
2020-09-10,155528.0,51236.0,104292.0
2020-09-11,155528.0,51236.0,104292.0
2020-09-14,155528.0,51236.0,104292.0
2020-09-15,166571.0,55473.0,111098.0
2020-09-16,166571.0,55473.0,111098.0
2020-09-17,166571.0,55473.0,111098.0
2020-09-18,166571.0,55473.0,111098.0
2020-09-21,166571.0,55473.0,111098.0
2020-09-22,144670.0,63222.0,81448.0
2020-09-23,144670.0,63222.0,81448.0
2020-09-24,144670.0,63222.0,81448.0
2020-09-25,144670.0,63222.0,81448.0
2020-09-28,144670.0,63222.0,81448.0
2020-09-29,140320.0,45948.0,94372.0
2020-09-30,140320.0,45948.0,94372.0
2020-10-01,140320.0,45948.0,94372.0
2020-10-02,140320.0,45948.0,94372.0
2020-10-05,140320.0,45948.0,94372.0
2020-10-06,139350.0,44738.0,94612.0
2020-10-07,139350.0,44738.0,94612.0
2020-10-08,139350.0,44738.0,94612.0
2020-10-09,139350.0,44738.0,94612.0
2020-10-12,139350.0,44738.0,94612.0
2020-10-13,138169.0,56388.0,81781.0
2020-10-14,138169.0,56388.0,81781.0
2020-10-15,138169.0,56388.0,81781.0
2020-10-16,138169.0,56388.0,81781.0
2020-10-19,138169.0,56388.0,81781.0
2020-10-20,149108.0,58543.0,90565.0
2020-10-21,149108.0,58543.0,90565.0
2020-10-22,149108.0,58543.0,90565.0
2020-10-23,149108.0,58543.0,90565.0
2020-10-26,149108.0,58543.0,90565.0
2020-10-27,149140.0,47265.0,101875.0
2020-10-28,149140.0,47265.0,101875.0
2020-10-29,149140.0,47265.0,101875.0
2020-10-30,149140.0,47265.0,101875.0
2020-11-02,149140.0,47265.0,101875.0
2020-11-03,140094.0,49399.0,90695.0
2020-11-04,140094.0,49399.0,90695.0
2020-11-05,140094.0,49399.0,90695.0
2020-11-06,140094.0,49399.0,90695.0
2020-11-09,140094.0,49399.0,90695.0
2020-11-10,130105.0,50322.0,79783.0
2020-11-11,130105.0,50322.0,79783.0
2020-11-12,130105.0,50322.0,79783.0
2020-11-13,130105.0,50322.0,79783.0
2020-11-16,130105.0,50322.0,79783.0
2020-11-17,139550.0,49103.0,90447.0
2020-11-18,139550.0,49103.0,90447.0
2020-11-19,139550.0,49103.0,90447.0
2020-11-20,139550.0,49103.0,90447.0
2020-11-23,139550.0,49103.0,90447.0
2020-11-24,137503.0,52155.0,85348.0
2020-11-25,137503.0,52155.0,85348.0
2020-11-26,137503.0,52155.0,85348.0
2020-11-27,137503.0,52155.0,85348.0
2020-11-30,137503.0,52155.0,85348.0
2020-12-01,134446.0,48903.0,85543.0
2020-12-02,134446.0,48903.0,85543.0
2020-12-03,134446.0,48903.0,85543.0
2020-12-04,134446.0,48903.0,85543.0
2020-12-07,134446.0,48903.0,85543.0
2020-12-08,147844.0,49033.0,98811.0
2020-12-09,147844.0,49033.0,98811.0
2020-12-10,147844.0,49033.0,98811.0
2020-12-11,147844.0,49033.0,98811.0
2020-12-14,147844.0,49033.0,98811.0
2020-12-15,151901.0,50022.0,101879.0
2020-12-16,151901.0,50022.0,101879.0
2020-12-17,151901.0,50022.0,101879.0
2020-12-18,151901.0,50022.0,101879.0
2020-12-21,158194.0,50070.0,108124.0
2020-12-22,158194.0,50070.0,108124.0
2020-12-23,158194.0,50070.0,108124.0
2020-12-24,158194.0,50070.0,108124.0
2020-12-25,158194.0,50070.0,108124.0
2020-12-28,158194.0,50070.0,108124.0
2020-12-29,159673.0,50678.0,108995.0
2020-12-30,159673.0,50678.0,108995.0
2020-12-31,159673.0,50678.0,108995.0
2021-01-01,159673.0,50678.0,108995.0
2021-01-04,159673.0,50678.0,108995.0
2021-01-05,167096.0,50527.0,116569.0
2021-01-06,167096.0,50527.0,116569.0
2021-01-07,167096.0,50527.0,116569.0
2021-01-08,167096.0,50527.0,116569.0
2021-01-11,167096.0,50527.0,116569.0
2021-01-12,131057.0,52823.0,78234.0
2021-01-13,131057.0,52823.0,78234.0
2021-01-14,131057.0,52823.0,78234.0
2021-01-15,131057.0,52823.0,78234.0
2021-01-18,131057.0,52823.0,78234.0
2021-01-19,127161.0,49090.0,78071.0
2021-01-20,127161.0,49090.0,78071.0
2021-01-21,127161.0,49090.0,78071.0
2021-01-22,127161.0,49090.0,78071.0
2021-01-25,127161.0,49090.0,78071.0
2021-01-26,142815.0,46416.0,96399.0
2021-01-27,142815.0,46416.0,96399.0
2021-01-28,142815.0,46416.0,96399.0
2021-01-29,142815.0,46416.0,96399.0
2021-02-01,142815.0,46416.0,96399.0
2021-02-02,137062.0,49284.0,87778.0
2021-02-03,137062.0,49284.0,87778.0
2021-02-04,137062.0,49284.0,87778.0
2021-02-05,137062.0,49284.0,87778.0
2021-02-08,137062.0,49284.0,87778.0
2021-02-09,134733.0,47093.0,87640.0
2021-02-10,134733.0,47093.0,87640.0
2021-02-11,134733.0,47093.0,87640.0
2021-02-12,134733.0,47093.0,87640.0
2021-02-15,134733.0,47093.0,87640.0
2021-02-16,125997.0,58041.0,67956.0
2021-02-17,125997.0,58041.0,67956.0
2021-02-18,125997.0,58041.0,67956.0
2021-02-19,125997.0,58041.0,67956.0
2021-02-22,125997.0,58041.0,67956.0
2021-02-23,125124.0,56001.0,69123.0
2021-02-24,125124.0,56001.0,69123.0
2021-02-25,125124.0,56001.0,69123.0
2021-02-26,125124.0,56001.0,69123.0
2021-03-01,125124.0,56001.0,69123.0
2021-03-02,106608.0,60648.0,45960.0
2021-03-03,106608.0,60648.0,45960.0
2021-03-04,106608.0,60648.0,45960.0
2021-03-05,106608.0,60648.0,45960.0
2021-03-08,106608.0,60648.0,45960.0
2021-03-09,96223.0,66793.0,29430.0
2021-03-10,96223.0,66793.0,29430.0
2021-03-11,96223.0,66793.0,29430.0
2021-03-12,96223.0,66793.0,29430.0
2021-03-15,96223.0,66793.0,29430.0
2021-03-16,100669.0,59548.0,41121.0
2021-03-17,100669.0,59548.0,41121.0
2021-03-18,100669.0,59548.0,41121.0
2021-03-19,100669.0,59548.0,41121.0
2021-03-22,100669.0,59548.0,41121.0
2021-03-23,107941.0,64420.0,43521.0
2021-03-24,107941.0,64420.0,43521.0
2021-03-25,107941.0,64420.0,43521.0
2021-03-26,107941.0,64420.0,43521.0
2021-03-29,107941.0,64420.0,43521.0
2021-03-30,113009.0,69936.0,43073.0
2021-03-31,113009.0,69936.0,43073.0
2021-04-01,113009.0,69936.0,43073.0
2021-04-02,113009.0,69936.0,43073.0
2021-04-05,113009.0,69936.0,43073.0
2021-04-06,121563.0,55091.0,66472.0
2021-04-07,121563.0,55091.0,66472.0
2021-04-08,121563.0,55091.0,66472.0
2021-04-09,121563.0,55091.0,66472.0
2021-04-12,121563.0,55091.0,66472.0
2021-04-13,112070.0,58263.0,53807.0
2021-04-14,112070.0,58263.0,53807.0
2021-04-15,112070.0,58263.0,53807.0
2021-04-16,112070.0,58263.0,53807.0
2021-04-19,112070.0,58263.0,53807.0
2021-04-20,116843.0,60419.0,56424.0
2021-04-21,116843.0,60419.0,56424.0
2021-04-22,116843.0,60419.0,56424.0
2021-04-23,116843.0,60419.0,56424.0
2021-04-26,116843.0,60419.0,56424.0
2021-04-27,117144.0,66493.0,50651.0
2021-04-28,117144.0,66493.0,50651.0
2021-04-29,117144.0,66493.0,50651.0
2021-04-30,117144.0,66493.0,50651.0
2021-05-03,117144.0,66493.0,50651.0
2021-05-04,117434.0,63809.0,53625.0
2021-05-05,117434.0,63809.0,53625.0
2021-05-06,117434.0,63809.0,53625.0
2021-05-07,117434.0,63809.0,53625.0
2021-05-10,117434.0,63809.0,53625.0
2021-05-11,131295.0,49680.0,81615.0
2021-05-12,131295.0,49680.0,81615.0
2021-05-13,131295.0,49680.0,81615.0
2021-05-14,131295.0,49680.0,81615.0
2021-05-17,131295.0,49680.0,81615.0
2021-05-18,856.0,0.0,856.0
2021-05-19,856.0,0.0,856.0
2021-05-20,856.0,0.0,856.0
2021-05-21,856.0,0.0,856.0
2021-05-24,856.0,0.0,856.0
2021-05-25,143862.0,36607.0,107255.0
2021-05-26,143862.0,36607.0,107255.0
2021-05-27,143862.0,36607.0,107255.0
2021-05-28,143862.0,36607.0,107255.0
2021-05-31,143862.0,36607.0,107255.0
2021-06-01,147270.0,37297.0,109973.0
2021-06-02,147270.0,37297.0,109973.0
2021-06-03,147270.0,37297.0,109973.0
2021-06-04,147270.0,37297.0,109973.0
2021-06-07,147270.0,37297.0,109973.0
2021-06-08,145037.0,37373.0,107664.0
2021-06-09,145037.0,37373.0,107664.0
2021-06-10,145037.0,37373.0,107664.0
2021-06-11,145037.0,37373.0,107664.0
2021-06-14,145037.0,37373.0,107664.0
2021-06-15,138546.0,41754.0,96792.0
2021-06-16,138546.0,41754.0,96792.0
2021-06-17,138546.0,41754.0,96792.0
2021-06-18,138546.0,41754.0,96792.0
2021-06-21,138546.0,41754.0,96792.0
2021-06-22,110038.0,47502.0,62536.0
2021-06-23,110038.0,47502.0,62536.0
2021-06-24,110038.0,47502.0,62536.0
2021-06-25,110038.0,47502.0,62536.0
2021-06-28,110038.0,47502.0,62536.0
2021-06-29,115438.0,54056.0,61382.0
2021-06-30,115438.0,54056.0,61382.0
2021-07-01,115438.0,54056.0,61382.0
2021-07-02,115438.0,54056.0,61382.0
2021-07-05,115438.0,54056.0,61382.0
2021-07-06,131218.0,53258.0,77960.0
2021-07-07,131218.0,53258.0,77960.0
2021-07-08,131218.0,53258.0,77960.0
2021-07-09,131218.0,53258.0,77960.0
2021-07-12,131218.0,53258.0,77960.0
2021-07-13,135938.0,49647.0,86291.0
2021-07-14,135938.0,49647.0,86291.0
2021-07-15,135938.0,49647.0,86291.0
2021-07-16,135938.0,49647.0,86291.0
2021-07-19,135938.0,49647.0,86291.0
2021-07-20,135163.0,44735.0,90428.0
2021-07-21,135163.0,44735.0,90428.0
2021-07-22,135163.0,44735.0,90428.0
2021-07-23,135163.0,44735.0,90428.0
2021-07-26,135163.0,44735.0,90428.0
2021-07-27,131635.0,41405.0,90230.0
2021-07-28,131635.0,41405.0,90230.0
2021-07-29,131635.0,41405.0,90230.0
2021-07-30,131635.0,41405.0,90230.0
2021-08-02,131635.0,41405.0,90230.0
2021-08-03,132920.0,43047.0,89873.0
2021-08-04,132920.0,43047.0,89873.0
2021-08-05,132920.0,43047.0,89873.0
2021-08-06,132920.0,43047.0,89873.0
2021-08-09,132920.0,43047.0,89873.0
2021-08-10,111892.0,76489.0,35403.0
2021-08-11,111892.0,76489.0,35403.0
2021-08-12,111892.0,76489.0,35403.0
2021-08-13,111892.0,76489.0,35403.0
2021-08-16,111892.0,76489.0,35403.0
2021-08-17,0.0,1424.0,-1424.0
2021-08-18,0.0,1424.0,-1424.0
2021-08-19,0.0,1424.0,-1424.0
2021-08-20,0.0,1424.0,-1424.0
2021-08-23,0.0,1424.0,-1424.0
2021-08-24,126636.0,51192.0,75444.0
2021-08-25,126636.0,51192.0,75444.0
2021-08-26,126636.0,51192.0,75444.0
2021-08-27,126636.0,51192.0,75444.0
2021-08-30,126636.0,51192.0,75444.0
2021-08-31,136555.0,54878.0,81677.0
2021-09-01,136555.0,54878.0,81677.0
2021-09-02,136555.0,54878.0,81677.0
2021-09-03,136555.0,54878.0,81677.0
2021-09-06,136555.0,54878.0,81677.0
2021-09-07,228.0,1876.0,-1648.0
2021-09-08,228.0,1876.0,-1648.0
2021-09-09,228.0,1876.0,-1648.0
2021-09-10,228.0,1876.0,-1648.0
2021-09-13,228.0,1876.0,-1648.0
2021-09-14,130837.0,59615.0,71222.0
2021-09-15,130837.0,59615.0,71222.0
2021-09-16,130837.0,59615.0,71222.0
2021-09-17,130837.0,59615.0,71222.0
2021-09-20,130837.0,59615.0,71222.0
2021-09-21,119777.0,72933.0,46844.0
2021-09-22,119777.0,72933.0,46844.0
2021-09-23,119777.0,72933.0,46844.0
2021-09-24,119777.0,72933.0,46844.0
2021-09-27,119777.0,72933.0,46844.0
2021-09-28,118923.0,88062.0,30861.0
2021-09-29,118923.0,88062.0,30861.0
2021-09-30,118923.0,88062.0,30861.0
2021-10-01,118923.0,88062.0,30861.0
2021-10-04,118923.0,88062.0,30861.0
2021-10-05,126745.0,72579.0,54166.0
2021-10-06,126745.0,72579.0,54166.0
2021-10-07,126745.0,72579.0,54166.0
2021-10-08,126745.0,72579.0,54166.0
2021-10-11,126745.0,72579.0,54166.0
2021-10-12,131668.0,73149.0,58519.0
2021-10-13,131668.0,73149.0,58519.0
2021-10-14,131668.0,73149.0,58519.0
2021-10-15,131668.0,73149.0,58519.0
2021-10-18,131668.0,73149.0,58519.0
2021-10-19,124560.0,66761.0,57799.0
2021-10-20,124560.0,66761.0,57799.0
2021-10-21,124560.0,66761.0,57799.0
2021-10-22,124560.0,66761.0,57799.0
2021-10-25,124560.0,66761.0,57799.0
2021-10-26,141280.0,54918.0,86362.0
2021-10-27,141280.0,54918.0,86362.0
2021-10-28,141280.0,54918.0,86362.0
2021-10-29,141280.0,54918.0,86362.0
2021-11-01,141280.0,54918.0,86362.0
2021-11-02,136944.0,51705.0,85239.0
2021-11-03,136944.0,51705.0,85239.0
2021-11-04,136944.0,51705.0,85239.0
2021-11-05,136944.0,51705.0,85239.0
2021-11-08,136944.0,51705.0,85239.0
2021-11-09,168133.0,42523.0,125610.0
2021-11-10,168133.0,42523.0,125610.0
2021-11-11,168133.0,42523.0,125610.0
2021-11-12,168133.0,42523.0,125610.0
2021-11-15,168133.0,42523.0,125610.0
2021-11-16,185468.0,43083.0,142385.0
2021-11-17,185468.0,43083.0,142385.0
2021-11-18,185468.0,43083.0,142385.0
2021-11-19,185468.0,43083.0,142385.0
2021-11-22,185468.0,43083.0,142385.0
2021-11-23,152273.0,46934.0,105339.0
2021-11-24,152273.0,46934.0,105339.0
2021-11-25,152273.0,46934.0,105339.0
2021-11-26,152273.0,46934.0,105339.0
2021-11-29,152273.0,46934.0,105339.0
2021-11-30,137469.0,45384.0,92085.0
2021-12-01,137469.0,45384.0,92085.0
2021-12-02,137469.0,45384.0,92085.0
2021-12-03,137469.0,45384.0,92085.0
2021-12-06,137469.0,45384.0,92085.0
2021-12-07,125067.0,44326.0,80741.0
2021-12-08,125067.0,44326.0,80741.0
2021-12-09,125067.0,44326.0,80741.0
2021-12-10,125067.0,44326.0,80741.0
2021-12-13,125067.0,44326.0,80741.0
2021-12-14,121492.0,58075.0,63417.0
2021-12-15,121492.0,58075.0,63417.0
2021-12-16,121492.0,58075.0,63417.0
2021-12-17,121492.0,58075.0,63417.0
2021-12-20,121492.0,58075.0,63417.0
2021-12-21,124120.0,52372.0,71748.0
2021-12-22,124120.0,52372.0,71748.0
2021-12-23,124120.0,52372.0,71748.0
2021-12-24,124120.0,52372.0,71748.0
2021-12-27,124120.0,52372.0,71748.0
2021-12-28,130389.0,46726.0,83663.0
2021-12-29,130389.0,46726.0,83663.0
2021-12-30,130389.0,46726.0,83663.0
2021-12-31,130389.0,46726.0,83663.0
2022-01-03,130389.0,46726.0,83663.0
2022-01-04,124252.0,44744.0,79508.0
2022-01-05,124252.0,44744.0,79508.0
2022-01-06,124252.0,44744.0,79508.0
2022-01-07,124252.0,44744.0,79508.0
2022-01-10,124252.0,44744.0,79508.0
2022-01-11,119297.0,44987.0,74310.0
2022-01-12,119297.0,44987.0,74310.0
2022-01-13,119297.0,44987.0,74310.0
2022-01-14,119297.0,44987.0,74310.0
2022-01-17,119297.0,44987.0,74310.0
2022-01-18,119807.0,48014.0,71793.0
2022-01-19,119807.0,48014.0,71793.0
2022-01-20,119807.0,48014.0,71793.0
2022-01-21,119807.0,48014.0,71793.0
2022-01-24,119807.0,48014.0,71793.0
2022-01-25,140640.0,39265.0,101375.0
2022-01-26,140640.0,39265.0,101375.0
2022-01-27,140640.0,39265.0,101375.0
2022-01-28,140640.0,39265.0,101375.0
2022-01-31,140640.0,39265.0,101375.0
2022-02-01,108309.0,58395.0,49914.0
2022-02-02,108309.0,58395.0,49914.0
2022-02-03,108309.0,58395.0,49914.0
2022-02-04,108309.0,58395.0,49914.0
2022-02-07,108309.0,58395.0,49914.0
2022-02-08,117234.0,47767.0,69467.0
2022-02-09,117234.0,47767.0,69467.0
2022-02-10,117234.0,47767.0,69467.0
2022-02-11,117234.0,47767.0,69467.0
2022-02-14,117234.0,47767.0,69467.0
2022-02-15,151530.0,43824.0,107706.0
2022-02-16,151530.0,43824.0,107706.0
2022-02-17,151530.0,43824.0,107706.0
2022-02-18,151530.0,43824.0,107706.0
2022-02-21,151530.0,43824.0,107706.0
2022-02-22,183356.0,44380.0,138976.0
2022-02-23,183356.0,44380.0,138976.0
2022-02-24,183356.0,44380.0,138976.0
2022-02-25,183356.0,44380.0,138976.0
2022-02-28,183356.0,44380.0,138976.0
2022-03-01,187215.0,38594.0,148621.0
2022-03-02,187215.0,38594.0,148621.0
2022-03-03,187215.0,38594.0,148621.0
2022-03-04,187215.0,38594.0,148621.0
2022-03-07,187215.0,38594.0,148621.0
2022-03-08,181510.0,38537.0,142973.0
2022-03-09,181510.0,38537.0,142973.0
2022-03-10,181510.0,38537.0,142973.0
2022-03-11,181510.0,38537.0,142973.0
2022-03-14,181510.0,38537.0,142973.0
2022-03-15,870.0,0.0,870.0
2022-03-16,870.0,0.0,870.0
2022-03-17,870.0,0.0,870.0
2022-03-18,870.0,0.0,870.0
2022-03-21,870.0,0.0,870.0
2022-03-22,152589.0,37457.0,115132.0
2022-03-23,152589.0,37457.0,115132.0
2022-03-24,152589.0,37457.0,115132.0
2022-03-25,152589.0,37457.0,115132.0
2022-03-28,152589.0,37457.0,115132.0
2022-03-29,146486.0,38184.0,108302.0
2022-03-30,146486.0,38184.0,108302.0
2022-03-31,146486.0,38184.0,108302.0
2022-04-01,146486.0,38184.0,108302.0
2022-04-04,146486.0,38184.0,108302.0
2022-04-05,148320.0,46693.0,101627.0
2022-04-06,148320.0,46693.0,101627.0
2022-04-07,148320.0,46693.0,101627.0
2022-04-08,148320.0,46693.0,101627.0
2022-04-11,148320.0,46693.0,101627.0
2022-04-12,165244.0,48219.0,117025.0
2022-04-13,165244.0,48219.0,117025.0
2022-04-14,165244.0,48219.0,117025.0
2022-04-15,165244.0,48219.0,117025.0
2022-04-18,165244.0,48219.0,117025.0
2022-04-19,157560.0,56294.0,101266.0
2022-04-20,157560.0,56294.0,101266.0
2022-04-21,157560.0,56294.0,101266.0
2022-04-22,157560.0,56294.0,101266.0
2022-04-25,157560.0,56294.0,101266.0
2022-04-26,138215.0,57098.0,81117.0
2022-04-27,138215.0,57098.0,81117.0
2022-04-28,138215.0,57098.0,81117.0
2022-04-29,138215.0,57098.0,81117.0
2022-05-02,138215.0,57098.0,81117.0
2022-05-03,128828.0,60981.0,67847.0
2022-05-04,128828.0,60981.0,67847.0
2022-05-05,128828.0,60981.0,67847.0
2022-05-06,128828.0,60981.0,67847.0
2022-05-09,128828.0,60981.0,67847.0
2022-05-10,123931.0,61939.0,61992.0
2022-05-11,123931.0,61939.0,61992.0
2022-05-12,123931.0,61939.0,61992.0
2022-05-13,123931.0,61939.0,61992.0
2022-05-16,123931.0,61939.0,61992.0
2022-05-17,1175.0,0.0,1175.0
2022-05-18,1175.0,0.0,1175.0
2022-05-19,1175.0,0.0,1175.0
2022-05-20,1175.0,0.0,1175.0
2022-05-23,1175.0,0.0,1175.0
2022-05-24,121174.0,60117.0,61057.0
2022-05-25,121174.0,60117.0,61057.0
2022-05-26,121174.0,60117.0,61057.0
2022-05-27,121174.0,60117.0,61057.0
2022-05-30,121174.0,60117.0,61057.0
2022-05-31,112731.0,61938.0,50793.0
2022-06-01,112731.0,61938.0,50793.0
2022-06-02,112731.0,61938.0,50793.0
2022-06-03,112731.0,61938.0,50793.0
2022-06-06,112731.0,61938.0,50793.0
2022-06-07,115215.0,57684.0,57531.0
2022-06-08,115215.0,57684.0,57531.0
2022-06-09,115215.0,57684.0,57531.0
2022-06-10,115215.0,57684.0,57531.0
2022-06-13,115215.0,57684.0,57531.0
2022-06-14,109111.0,72206.0,36905.0
2022-06-15,109111.0,72206.0,36905.0
2022-06-16,109111.0,72206.0,36905.0
2022-06-17,109111.0,72206.0,36905.0
2022-06-20,109111.0,72206.0,36905.0
2022-06-21,113220.0,63417.0,49803.0
2022-06-22,113220.0,63417.0,49803.0
2022-06-23,113220.0,63417.0,49803.0
2022-06-24,113220.0,63417.0,49803.0
2022-06-27,113220.0,63417.0,49803.0
2022-06-28,110850.0,74748.0,36102.0
2022-06-29,110850.0,74748.0,36102.0
2022-06-30,110850.0,74748.0,36102.0
2022-07-01,110850.0,74748.0,36102.0
2022-07-04,110850.0,74748.0,36102.0
2022-07-05,103472.0,86438.0,17034.0
2022-07-06,103472.0,86438.0,17034.0
2022-07-07,103472.0,86438.0,17034.0
2022-07-08,103472.0,86438.0,17034.0
2022-07-11,103472.0,86438.0,17034.0
2022-07-12,91669.0,97802.0,-6133.0
2022-07-13,91669.0,97802.0,-6133.0
2022-07-14,91669.0,97802.0,-6133.0
2022-07-15,91669.0,97802.0,-6133.0
2022-07-18,91669.0,97802.0,-6133.0
2022-07-19,91056.0,109794.0,-18738.0
2022-07-20,91056.0,109794.0,-18738.0
2022-07-21,91056.0,109794.0,-18738.0
2022-07-22,91056.0,109794.0,-18738.0
2022-07-25,91056.0,109794.0,-18738.0
2022-07-26,92216.0,111309.0,-19093.0
2022-07-27,92216.0,111309.0,-19093.0
2022-07-28,92216.0,111309.0,-19093.0
2022-07-29,92216.0,111309.0,-19093.0
2022-08-01,92216.0,111309.0,-19093.0
2022-08-02,96634.0,80779.0,15855.0
2022-08-03,96634.0,80779.0,15855.0
2022-08-04,96634.0,80779.0,15855.0
2022-08-05,96634.0,80779.0,15855.0
2022-08-08,96634.0,80779.0,15855.0
2022-08-09,100013.0,59279.0,40734.0
2022-08-10,100013.0,59279.0,40734.0
2022-08-11,100013.0,59279.0,40734.0
2022-08-12,100013.0,59279.0,40734.0
2022-08-15,100013.0,59279.0,40734.0
2022-08-16,96765.0,60392.0,36373.0
2022-08-17,96765.0,60392.0,36373.0
2022-08-18,96765.0,60392.0,36373.0
2022-08-19,96765.0,60392.0,36373.0
2022-08-22,96765.0,60392.0,36373.0
2022-08-23,95850.0,73739.0,22111.0
2022-08-24,95850.0,73739.0,22111.0
2022-08-25,95850.0,73739.0,22111.0
2022-08-26,95850.0,73739.0,22111.0
2022-08-29,95850.0,73739.0,22111.0
2022-08-30,91761.0,79973.0,11788.0
2022-08-31,91761.0,79973.0,11788.0
2022-09-01,91761.0,79973.0,11788.0
2022-09-02,91761.0,79973.0,11788.0
2022-09-05,91761.0,79973.0,11788.0
2022-09-06,85842.0,92804.0,-6962.0
2022-09-07,85842.0,92804.0,-6962.0
2022-09-08,85842.0,92804.0,-6962.0
2022-09-09,85842.0,92804.0,-6962.0
2022-09-12,85842.0,92804.0,-6962.0
2022-09-13,80300.0,98637.0,-18337.0
2022-09-14,80300.0,98637.0,-18337.0
2022-09-15,80300.0,98637.0,-18337.0
2022-09-16,80300.0,98637.0,-18337.0
2022-09-19,80300.0,98637.0,-18337.0
2022-09-20,78544.0,115239.0,-36695.0
2022-09-21,78544.0,115239.0,-36695.0
2022-09-22,78544.0,115239.0,-36695.0
2022-09-23,78544.0,115239.0,-36695.0
2022-09-26,78544.0,115239.0,-36695.0
2022-09-27,74171.0,117265.0,-43094.0
2022-09-28,74171.0,117265.0,-43094.0
2022-09-29,74171.0,117265.0,-43094.0
2022-09-30,74171.0,117265.0,-43094.0
2022-10-03,74171.0,117265.0,-43094.0
2022-10-04,82806.0,89681.0,-6875.0
2022-10-05,82806.0,89681.0,-6875.0
2022-10-06,82806.0,89681.0,-6875.0
2022-10-07,82806.0,89681.0,-6875.0
2022-10-10,82806.0,89681.0,-6875.0
2022-10-11,78365.0,83945.0,-5580.0
2022-10-12,78365.0,83945.0,-5580.0
2022-10-13,78365.0,83945.0,-5580.0
2022-10-14,78365.0,83945.0,-5580.0
2022-10-17,78365.0,83945.0,-5580.0
2022-10-18,73344.0,99042.0,-25698.0
2022-10-19,73344.0,99042.0,-25698.0
2022-10-20,73344.0,99042.0,-25698.0
2022-10-21,73344.0,99042.0,-25698.0
2022-10-24,73344.0,99042.0,-25698.0
2022-10-25,72016.0,110804.0,-38788.0
2022-10-26,72016.0,110804.0,-38788.0
2022-10-27,72016.0,110804.0,-38788.0
2022-10-28,72016.0,110804.0,-38788.0
2022-10-31,72016.0,110804.0,-38788.0
2022-11-01,78213.0,119614.0,-41401.0
2022-11-02,78213.0,119614.0,-41401.0
2022-11-03,78213.0,119614.0,-41401.0
2022-11-04,78213.0,119614.0,-41401.0
2022-11-07,78213.0,119614.0,-41401.0
2022-11-08,88059.0,104405.0,-16346.0
2022-11-09,88059.0,104405.0,-16346.0
2022-11-10,88059.0,104405.0,-16346.0
2022-11-11,88059.0,104405.0,-16346.0
2022-11-14,88059.0,104405.0,-16346.0
2022-11-15,0.0,910.0,-910.0
2022-11-16,0.0,910.0,-910.0
2022-11-17,0.0,910.0,-910.0
2022-11-18,0.0,910.0,-910.0
2022-11-21,0.0,910.0,-910.0
2022-11-22,92161.0,72730.0,19431.0
2022-11-23,92161.0,72730.0,19431.0
2022-11-24,92161.0,72730.0,19431.0
2022-11-25,92161.0,72730.0,19431.0
2022-11-28,92161.0,72730.0,19431.0
2022-11-29,88032.0,73312.0,14720.0
2022-11-30,88032.0,73312.0,14720.0
2022-12-01,88032.0,73312.0,14720.0
2022-12-02,88032.0,73312.0,14720.0
2022-12-05,88032.0,73312.0,14720.0
2022-12-06,93629.0,70142.0,23487.0
2022-12-07,93629.0,70142.0,23487.0
2022-12-08,93629.0,70142.0,23487.0
2022-12-09,93629.0,70142.0,23487.0
2022-12-12,93629.0,70142.0,23487.0
2022-12-13,103737.0,66288.0,37449.0
2022-12-14,103737.0,66288.0,37449.0
2022-12-15,103737.0,66288.0,37449.0
2022-12-16,103737.0,66288.0,37449.0
2022-12-19,103737.0,66288.0,37449.0
2022-12-20,104813.0,65718.0,39095.0
2022-12-21,104813.0,65718.0,39095.0
2022-12-22,104813.0,65718.0,39095.0
2022-12-23,104813.0,65718.0,39095.0
2022-12-26,104813.0,65718.0,39095.0
2022-12-27,106983.0,56106.0,50877.0
2022-12-28,106983.0,56106.0,50877.0
2022-12-29,106983.0,56106.0,50877.0
2022-12-30,106983.0,56106.0,50877.0
2023-01-02,106983.0,56106.0,50877.0
2023-01-03,109140.0,54559.0,54581.0
2023-01-04,109140.0,54559.0,54581.0
2023-01-05,109140.0,54559.0,54581.0
2023-01-06,109140.0,54559.0,54581.0
2023-01-09,109140.0,54559.0,54581.0
2023-01-10,116604.0,54795.0,61809.0
2023-01-11,116604.0,54795.0,61809.0
2023-01-12,116604.0,54795.0,61809.0
2023-01-13,116604.0,54795.0,61809.0
2023-01-16,116604.0,54795.0,61809.0
2023-01-17,124222.0,54845.0,69377.0
2023-01-18,124222.0,54845.0,69377.0
2023-01-19,124222.0,54845.0,69377.0
2023-01-20,124222.0,54845.0,69377.0
2023-01-23,124222.0,54845.0,69377.0
2023-01-24,131501.0,51622.0,79879.0
2023-01-25,131501.0,51622.0,79879.0
2023-01-26,131501.0,51622.0,79879.0
2023-01-27,131501.0,51622.0,79879.0
2023-01-30,131501.0,51622.0,79879.0
2023-01-31,138125.0,53678.0,84447.0
2023-02-01,138125.0,53678.0,84447.0
2023-02-02,138125.0,53678.0,84447.0
2023-02-03,138125.0,53678.0,84447.0
2023-02-06,138125.0,53678.0,84447.0
2023-02-07,115521.0,55945.0,59576.0
2023-02-08,115521.0,55945.0,59576.0
2023-02-09,115521.0,55945.0,59576.0
2023-02-10,115521.0,55945.0,59576.0
2023-02-13,115521.0,55945.0,59576.0
2023-02-14,106106.0,64933.0,41173.0
2023-02-15,106106.0,64933.0,41173.0
2023-02-16,106106.0,64933.0,41173.0
2023-02-17,106106.0,64933.0,41173.0
2023-02-20,106106.0,64933.0,41173.0
2023-02-21,104710.0,68004.0,36706.0
2023-02-22,104710.0,68004.0,36706.0
2023-02-23,104710.0,68004.0,36706.0
2023-02-24,104710.0,68004.0,36706.0
2023-02-27,104710.0,68004.0,36706.0
2023-02-28,99425.0,72850.0,26575.0
2023-03-01,99425.0,72850.0,26575.0
2023-03-02,99425.0,72850.0,26575.0
2023-03-03,99425.0,72850.0,26575.0
2023-03-06,99425.0,72850.0,26575.0
2023-03-07,103439.0,89040.0,14399.0
2023-03-08,103439.0,89040.0,14399.0
2023-03-09,103439.0,89040.0,14399.0
2023-03-10,103439.0,89040.0,14399.0
2023-03-13,103439.0,89040.0,14399.0
2023-03-14,118560.0,58839.0,59721.0
2023-03-15,118560.0,58839.0,59721.0
2023-03-16,118560.0,58839.0,59721.0
2023-03-17,118560.0,58839.0,59721.0
2023-03-20,118560.0,58839.0,59721.0
2023-03-21,125090.0,43861.0,81229.0
2023-03-22,125090.0,43861.0,81229.0
2023-03-23,125090.0,43861.0,81229.0
2023-03-24,125090.0,43861.0,81229.0
2023-03-27,125090.0,43861.0,81229.0
2023-03-28,130530.0,31370.0,99160.0
2023-03-29,130530.0,31370.0,99160.0
2023-03-30,130530.0,31370.0,99160.0
2023-03-31,130530.0,31370.0,99160.0
2023-04-03,130530.0,31370.0,99160.0
2023-04-04,142348.0,32217.0,110131.0
2023-04-05,142348.0,32217.0,110131.0
2023-04-06,142348.0,32217.0,110131.0
2023-04-07,142348.0,32217.0,110131.0
2023-04-10,142348.0,32217.0,110131.0
2023-04-11,135015.0,30409.0,104606.0
2023-04-12,135015.0,30409.0,104606.0
2023-04-13,135015.0,30409.0,104606.0
2023-04-14,135015.0,30409.0,104606.0
2023-04-17,135015.0,30409.0,104606.0
2023-04-18,137170.0,34474.0,102696.0
2023-04-19,137170.0,34474.0,102696.0
2023-04-20,137170.0,34474.0,102696.0
2023-04-21,137170.0,34474.0,102696.0
2023-04-24,137170.0,34474.0,102696.0
2023-04-25,295.0,0.0,295.0
2023-04-26,295.0,0.0,295.0
2023-04-27,295.0,0.0,295.0
2023-04-28,295.0,0.0,295.0
2023-05-01,295.0,0.0,295.0
2023-05-02,318.0,353.0,-35.0
2023-05-03,318.0,353.0,-35.0
2023-05-04,318.0,353.0,-35.0
2023-05-05,318.0,353.0,-35.0
2023-05-08,318.0,353.0,-35.0
2023-05-09,143463.0,32477.0,110986.0
2023-05-10,143463.0,32477.0,110986.0
2023-05-11,143463.0,32477.0,110986.0
2023-05-12,143463.0,32477.0,110986.0
2023-05-15,143463.0,32477.0,110986.0
2023-05-16,139786.0,35803.0,103983.0
2023-05-17,139786.0,35803.0,103983.0
2023-05-18,139786.0,35803.0,103983.0
2023-05-19,139786.0,35803.0,103983.0
2023-05-22,139786.0,35803.0,103983.0
2023-05-23,128550.0,35411.0,93139.0
2023-05-24,128550.0,35411.0,93139.0
2023-05-25,128550.0,35411.0,93139.0
2023-05-26,128550.0,35411.0,93139.0
2023-05-29,128550.0,35411.0,93139.0
2023-05-30,122904.0,36201.0,86703.0
2023-05-31,122904.0,36201.0,86703.0
2023-06-01,122904.0,36201.0,86703.0
2023-06-02,122904.0,36201.0,86703.0
2023-06-05,122904.0,36201.0,86703.0
2023-06-06,120985.0,27557.0,93428.0
2023-06-07,120985.0,27557.0,93428.0
2023-06-08,120985.0,27557.0,93428.0
2023-06-09,120985.0,27557.0,93428.0
2023-06-12,120985.0,27557.0,93428.0
2023-06-13,110512.0,35869.0,74643.0
2023-06-14,110512.0,35869.0,74643.0
2023-06-15,110512.0,35869.0,74643.0
2023-06-16,110512.0,35869.0,74643.0
2023-06-19,110512.0,35869.0,74643.0
2023-06-20,110314.0,34275.0,76039.0
2023-06-21,110314.0,34275.0,76039.0
2023-06-22,110314.0,34275.0,76039.0
2023-06-23,110314.0,34275.0,76039.0
2023-06-26,110314.0,34275.0,76039.0
2023-06-27,108209.0,38534.0,69675.0
2023-06-28,108209.0,38534.0,69675.0
2023-06-29,108209.0,38534.0,69675.0
2023-06-30,108209.0,38534.0,69675.0
2023-07-03,123017.0,39869.0,83148.0
2023-07-04,123017.0,39869.0,83148.0
2023-07-05,123017.0,39869.0,83148.0
2023-07-06,123017.0,39869.0,83148.0
2023-07-07,123017.0,39869.0,83148.0
2023-07-10,123017.0,39869.0,83148.0
2023-07-11,124394.0,41951.0,82443.0
2023-07-12,124394.0,41951.0,82443.0
2023-07-13,124394.0,41951.0,82443.0
2023-07-14,124394.0,41951.0,82443.0
2023-07-17,124394.0,41951.0,82443.0
2023-07-18,147644.0,32326.0,115318.0
2023-07-19,147644.0,32326.0,115318.0
2023-07-20,147644.0,32326.0,115318.0
2023-07-21,147644.0,32326.0,115318.0
2023-07-24,147644.0,32326.0,115318.0
2023-07-25,132603.0,37316.0,95287.0
2023-07-26,132603.0,37316.0,95287.0
2023-07-27,132603.0,37316.0,95287.0
2023-07-28,132603.0,37316.0,95287.0
2023-07-31,132603.0,37316.0,95287.0
2023-08-01,123802.0,43793.0,80009.0
2023-08-02,123802.0,43793.0,80009.0
2023-08-03,123802.0,43793.0,80009.0
2023-08-04,123802.0,43793.0,80009.0
2023-08-07,123802.0,43793.0,80009.0
2023-08-08,114585.0,55979.0,58606.0
2023-08-09,114585.0,55979.0,58606.0
2023-08-10,114585.0,55979.0,58606.0
2023-08-11,114585.0,55979.0,58606.0
2023-08-14,114585.0,55979.0,58606.0
2023-08-15,113146.0,83610.0,29536.0
2023-08-16,113146.0,83610.0,29536.0
2023-08-17,113146.0,83610.0,29536.0
2023-08-18,113146.0,83610.0,29536.0
2023-08-21,113146.0,83610.0,29536.0
2023-08-22,105085.0,95976.0,9109.0
2023-08-23,105085.0,95976.0,9109.0
2023-08-24,105085.0,95976.0,9109.0
2023-08-25,105085.0,95976.0,9109.0
2023-08-28,105085.0,95976.0,9109.0
2023-08-29,232.0,3077.0,-2845.0
2023-08-30,232.0,3077.0,-2845.0
2023-08-31,232.0,3077.0,-2845.0
2023-09-01,232.0,3077.0,-2845.0
2023-09-04,232.0,3077.0,-2845.0
2023-09-05,120222.0,69857.0,50365.0
2023-09-06,120222.0,69857.0,50365.0
2023-09-07,120222.0,69857.0,50365.0
2023-09-08,120222.0,69857.0,50365.0
2023-09-11,120222.0,69857.0,50365.0
2023-09-12,242.0,1563.0,-1321.0
2023-09-13,242.0,1563.0,-1321.0
2023-09-14,242.0,1563.0,-1321.0
2023-09-15,242.0,1563.0,-1321.0
2023-09-18,242.0,1563.0,-1321.0
2023-09-19,412.0,2239.0,-1827.0
2023-09-20,412.0,2239.0,-1827.0
2023-09-21,412.0,2239.0,-1827.0
2023-09-22,412.0,2239.0,-1827.0
2023-09-25,412.0,2239.0,-1827.0
2023-09-26,114668.0,91230.0,23438.0
2023-09-27,114668.0,91230.0,23438.0
2023-09-28,114668.0,91230.0,23438.0
2023-09-29,114668.0,91230.0,23438.0
2023-10-02,114668.0,91230.0,23438.0
2023-10-03,1570.0,227.0,1343.0
2023-10-04,1570.0,227.0,1343.0
2023-10-05,1570.0,227.0,1343.0
2023-10-06,1570.0,227.0,1343.0
2023-10-09,1570.0,227.0,1343.0
2023-10-10,1661.0,1690.0,-29.0
2023-10-11,1661.0,1690.0,-29.0
2023-10-12,1661.0,1690.0,-29.0
2023-10-13,1661.0,1690.0,-29.0
2023-10-16,1661.0,1690.0,-29.0
2023-10-17,356.0,1477.0,-1121.0
2023-10-18,356.0,1477.0,-1121.0
2023-10-19,356.0,1477.0,-1121.0
2023-10-20,356.0,1477.0,-1121.0
2023-10-23,356.0,1477.0,-1121.0
2023-10-24,1013.0,0.0,1013.0
2023-10-25,1013.0,0.0,1013.0
2023-10-26,1013.0,0.0,1013.0
2023-10-27,1013.0,0.0,1013.0
2023-10-30,1013.0,0.0,1013.0
2023-10-31,413.0,271.0,142.0
2023-11-01,413.0,271.0,142.0
2023-11-02,413.0,271.0,142.0
2023-11-03,413.0,271.0,142.0
2023-11-06,413.0,271.0,142.0
2023-11-07,1453.0,695.0,758.0
2023-11-08,1453.0,695.0,758.0
2023-11-09,1453.0,695.0,758.0
2023-11-10,1453.0,695.0,758.0
2023-11-13,1453.0,695.0,758.0
2023-11-14,412.0,81.0,331.0
2023-11-15,412.0,81.0,331.0
2023-11-16,412.0,81.0,331.0
2023-11-17,412.0,81.0,331.0
2023-11-20,412.0,81.0,331.0
2023-11-21,144381.0,65246.0,79135.0
2023-11-22,144381.0,65246.0,79135.0
2023-11-23,144381.0,65246.0,79135.0
2023-11-24,144381.0,65246.0,79135.0
2023-11-27,144381.0,65246.0,79135.0
2023-11-28,764.0,1187.0,-423.0
2023-11-29,764.0,1187.0,-423.0
2023-11-30,764.0,1187.0,-423.0
2023-12-01,764.0,1187.0,-423.0
2023-12-04,764.0,1187.0,-423.0
2023-12-05,159907.0,50520.0,109387.0
2023-12-06,159907.0,50520.0,109387.0
2023-12-07,159907.0,50520.0,109387.0
2023-12-08,159907.0,50520.0,109387.0
2023-12-11,159907.0,50520.0,109387.0
2023-12-12,149634.0,54106.0,95528.0
2023-12-13,149634.0,54106.0,95528.0
2023-12-14,149634.0,54106.0,95528.0
2023-12-15,149634.0,54106.0,95528.0
2023-12-18,149634.0,54106.0,95528.0
2023-12-19,1185.0,0.0,1185.0
2023-12-20,1185.0,0.0,1185.0
2023-12-21,1185.0,0.0,1185.0
2023-12-22,1185.0,0.0,1185.0
2023-12-25,1185.0,0.0,1185.0
2023-12-26,152801.0,46347.0,106454.0
2023-12-27,152801.0,46347.0,106454.0
2023-12-28,152801.0,46347.0,106454.0
2023-12-29,152801.0,46347.0,106454.0
2024-01-01,152801.0,46347.0,106454.0
2024-01-02,154384.0,45235.0,109149.0
2024-01-03,154384.0,45235.0,109149.0
2024-01-04,154384.0,45235.0,109149.0
2024-01-05,154384.0,45235.0,109149.0
2024-01-08,154384.0,45235.0,109149.0
2024-01-09,134333.0,45874.0,88459.0
2024-01-10,134333.0,45874.0,88459.0
2024-01-11,134333.0,45874.0,88459.0
2024-01-12,134333.0,45874.0,88459.0
2024-01-15,134333.0,45874.0,88459.0
2024-01-16,643.0,0.0,643.0
2024-01-17,643.0,0.0,643.0
2024-01-18,643.0,0.0,643.0
2024-01-19,643.0,0.0,643.0
2024-01-22,643.0,0.0,643.0
2024-01-23,111298.0,50265.0,61033.0
2024-01-24,111298.0,50265.0,61033.0
2024-01-25,111298.0,50265.0,61033.0
2024-01-26,111298.0,50265.0,61033.0
2024-01-29,111298.0,50265.0,61033.0
2024-01-30,108093.0,52069.0,56024.0
2024-01-31,108093.0,52069.0,56024.0
2024-02-01,108093.0,52069.0,56024.0
2024-02-02,108093.0,52069.0,56024.0
2024-02-05,108093.0,52069.0,56024.0
2024-02-06,114316.0,46247.0,68069.0
2024-02-07,114316.0,46247.0,68069.0
2024-02-08,114316.0,46247.0,68069.0
2024-02-09,114316.0,46247.0,68069.0
2024-02-12,114316.0,46247.0,68069.0
2024-02-13,100642.0,66466.0,34176.0
2024-02-14,100642.0,66466.0,34176.0
2024-02-15,100642.0,66466.0,34176.0
2024-02-16,100642.0,66466.0,34176.0
2024-02-19,100642.0,66466.0,34176.0
2024-02-20,98840.0,48917.0,49923.0
2024-02-21,98840.0,48917.0,49923.0
2024-02-22,98840.0,48917.0,49923.0
2024-02-23,98840.0,48917.0,49923.0
2024-02-26,98840.0,48917.0,49923.0
2024-02-27,103885.0,47732.0,56153.0
2024-02-28,103885.0,47732.0,56153.0
2024-02-29,103885.0,47732.0,56153.0
2024-03-01,103885.0,47732.0,56153.0
2024-03-04,103885.0,47732.0,56153.0
2024-03-05,2764.0,0.0,2764.0
2024-03-06,2764.0,0.0,2764.0
2024-03-07,2764.0,0.0,2764.0
2024-03-08,2764.0,0.0,2764.0
2024-03-11,2764.0,0.0,2764.0
2024-03-12,3886.0,0.0,3886.0
2024-03-13,3886.0,0.0,3886.0
2024-03-14,3886.0,0.0,3886.0
2024-03-15,3886.0,0.0,3886.0
2024-03-18,3886.0,0.0,3886.0
2024-03-19,4201.0,0.0,4201.0
2024-03-20,4201.0,0.0,4201.0
2024-03-21,4201.0,0.0,4201.0
2024-03-22,4201.0,0.0,4201.0
2024-03-25,4201.0,0.0,4201.0
2024-03-26,163006.0,27211.0,135795.0
2024-03-27,163006.0,27211.0,135795.0
2024-03-28,163006.0,27211.0,135795.0
2024-03-29,163006.0,27211.0,135795.0
2024-04-01,163006.0,27211.0,135795.0
2024-04-02,173073.0,25993.0,147080.0
2024-04-03,173073.0,25993.0,147080.0
2024-04-04,173073.0,25993.0,147080.0
2024-04-05,173073.0,25993.0,147080.0
2024-04-08,173073.0,25993.0,147080.0
2024-04-09,174617.0,32885.0,141732.0
2024-04-10,174617.0,32885.0,141732.0
2024-04-11,174617.0,32885.0,141732.0
2024-04-12,174617.0,32885.0,141732.0
2024-04-15,174617.0,32885.0,141732.0
2024-04-16,169910.0,35174.0,134736.0
2024-04-17,169910.0,35174.0,134736.0
2024-04-18,169910.0,35174.0,134736.0
2024-04-19,169910.0,35174.0,134736.0
2024-04-22,169910.0,35174.0,134736.0
2024-04-23,176400.0,34261.0,142139.0
2024-04-24,176400.0,34261.0,142139.0
2024-04-25,176400.0,34261.0,142139.0
2024-04-26,176400.0,34261.0,142139.0
2024-04-29,176400.0,34261.0,142139.0
2024-04-30,3594.0,0.0,3594.0
2024-05-01,3594.0,0.0,3594.0
2024-05-02,3594.0,0.0,3594.0
2024-05-03,3594.0,0.0,3594.0
2024-05-06,3594.0,0.0,3594.0
2024-05-07,164780.0,38681.0,126099.0
2024-05-08,164780.0,38681.0,126099.0
2024-05-09,164780.0,38681.0,126099.0
2024-05-10,164780.0,38681.0,126099.0
2024-05-13,164780.0,38681.0,126099.0
2024-05-14,171868.0,41433.0,130435.0
2024-05-15,171868.0,41433.0,130435.0
2024-05-16,171868.0,41433.0,130435.0
2024-05-17,171868.0,41433.0,130435.0
2024-05-20,171868.0,41433.0,130435.0
2024-05-21,3209.0,0.0,3209.0
2024-05-22,3209.0,0.0,3209.0
2024-05-23,3209.0,0.0,3209.0
2024-05-24,3209.0,0.0,3209.0
2024-05-27,3209.0,0.0,3209.0
2024-05-28,174444.0,25616.0,148828.0
2024-05-29,174444.0,25616.0,148828.0
2024-05-30,174444.0,25616.0,148828.0
2024-05-31,174444.0,25616.0,148828.0
2024-06-03,174444.0,25616.0,148828.0
2024-06-04,172560.0,20261.0,152299.0
2024-06-05,172560.0,20261.0,152299.0
2024-06-06,172560.0,20261.0,152299.0
2024-06-07,172560.0,20261.0,152299.0
2024-06-10,172560.0,20261.0,152299.0
2024-06-11,168424.0,15459.0,152965.0
2024-06-12,168424.0,15459.0,152965.0
2024-06-13,168424.0,15459.0,152965.0
2024-06-14,168424.0,15459.0,152965.0
2024-06-17,168424.0,15459.0,152965.0
2024-06-18,466.0,486.0,-20.0
2024-06-19,466.0,486.0,-20.0
2024-06-20,466.0,486.0,-20.0
2024-06-21,466.0,486.0,-20.0
2024-06-24,466.0,486.0,-20.0
2024-06-25,471.0,576.0,-105.0
2024-06-26,471.0,576.0,-105.0
2024-06-27,471.0,576.0,-105.0
2024-06-28,471.0,576.0,-105.0
2024-07-01,471.0,576.0,-105.0
2024-07-02,495.0,1398.0,-903.0
2024-07-03,495.0,1398.0,-903.0
2024-07-04,495.0,1398.0,-903.0
2024-07-05,495.0,1398.0,-903.0
2024-07-08,495.0,1398.0,-903.0
2024-07-09,276.0,1320.0,-1044.0
2024-07-10,276.0,1320.0,-1044.0
2024-07-11,276.0,1320.0,-1044.0
2024-07-12,276.0,1320.0,-1044.0
2024-07-15,276.0,1320.0,-1044.0
2024-07-16,2845.0,0.0,2845.0
2024-07-17,2845.0,0.0,2845.0
2024-07-18,2845.0,0.0,2845.0
2024-07-19,2845.0,0.0,2845.0
2024-07-22,2845.0,0.0,2845.0
2024-07-23,197802.0,34942.0,162860.0
2024-07-24,197802.0,34942.0,162860.0
2024-07-25,197802.0,34942.0,162860.0
2024-07-26,197802.0,34942.0,162860.0
2024-07-29,197802.0,34942.0,162860.0
2024-07-30,185586.0,33222.0,152364.0
2024-07-31,185586.0,33222.0,152364.0
2024-08-01,185586.0,33222.0,152364.0
2024-08-02,185586.0,33222.0,152364.0
2024-08-05,185586.0,33222.0,152364.0
2024-08-06,180303.0,29517.0,150786.0
2024-08-07,180303.0,29517.0,150786.0
2024-08-08,180303.0,29517.0,150786.0
2024-08-09,180303.0,29517.0,150786.0
2024-08-12,180303.0,29517.0,150786.0
2024-08-13,1752.0,0.0,1752.0
2024-08-14,1752.0,0.0,1752.0
2024-08-15,1752.0,0.0,1752.0
2024-08-16,1752.0,0.0,1752.0
2024-08-19,1752.0,0.0,1752.0
2024-08-20,3470.0,0.0,3470.0
2024-08-21,3470.0,0.0,3470.0
2024-08-22,3470.0,0.0,3470.0
2024-08-23,3470.0,0.0,3470.0
2024-08-26,3470.0,0.0,3470.0
2024-08-27,217976.0,17685.0,200291.0
2024-08-28,217976.0,17685.0,200291.0
2024-08-29,217976.0,17685.0,200291.0
2024-08-30,217976.0,17685.0,200291.0
2024-09-02,217976.0,17685.0,200291.0
2024-09-03,212086.0,19996.0,192090.0
2024-09-04,212086.0,19996.0,192090.0
2024-09-05,212086.0,19996.0,192090.0
2024-09-06,212086.0,19996.0,192090.0
2024-09-09,212086.0,19996.0,192090.0
2024-09-10,213645.0,23190.0,190455.0
2024-09-11,213645.0,23190.0,190455.0
2024-09-12,213645.0,23190.0,190455.0
2024-09-13,213645.0,23190.0,190455.0
2024-09-16,213645.0,23190.0,190455.0
2024-09-17,241844.0,25489.0,216355.0
2024-09-18,241844.0,25489.0,216355.0
2024-09-19,241844.0,25489.0,216355.0
2024-09-20,241844.0,25489.0,216355.0
2024-09-23,241844.0,25489.0,216355.0
2024-09-24,256435.0,37406.0,219029.0
2024-09-25,256435.0,37406.0,219029.0
2024-09-26,256435.0,37406.0,219029.0
2024-09-27,256435.0,37406.0,219029.0
2024-09-30,256435.0,37406.0,219029.0
2024-10-01,247867.0,33405.0,214462.0
2024-10-02,247867.0,33405.0,214462.0
2024-10-03,247867.0,33405.0,214462.0
2024-10-04,247867.0,33405.0,214462.0
2024-10-07,247867.0,33405.0,214462.0
2024-10-08,227596.0,33537.0,194059.0
2024-10-09,227596.0,33537.0,194059.0
2024-10-10,227596.0,33537.0,194059.0
2024-10-11,227596.0,33537.0,194059.0
2024-10-14,227596.0,33537.0,194059.0
2024-10-15,233871.0,34450.0,199421.0
2024-10-16,233871.0,34450.0,199421.0
2024-10-17,233871.0,34450.0,199421.0
2024-10-18,233871.0,34450.0,199421.0
2024-10-21,233871.0,34450.0,199421.0
2024-10-22,3087.0,0.0,3087.0
2024-10-23,3087.0,0.0,3087.0
2024-10-24,3087.0,0.0,3087.0
2024-10-25,3087.0,0.0,3087.0
2024-10-28,3087.0,0.0,3087.0
2024-10-29,2046.0,0.0,2046.0
2024-10-30,2046.0,0.0,2046.0
2024-10-31,2046.0,0.0,2046.0
2024-11-01,2046.0,0.0,2046.0
2024-11-04,2046.0,0.0,2046.0
2024-11-05,2364.0,288.0,2076.0
2024-11-06,2364.0,288.0,2076.0
2024-11-07,2364.0,288.0,2076.0
2024-11-08,2364.0,288.0,2076.0
2024-11-11,2364.0,288.0,2076.0
2024-11-12,203661.0,38365.0,165296.0
2024-11-13,203661.0,38365.0,165296.0
2024-11-14,203661.0,38365.0,165296.0
2024-11-15,203661.0,38365.0,165296.0
2024-11-18,203661.0,38365.0,165296.0
2024-11-19,193355.0,38181.0,155174.0
2024-11-20,193355.0,38181.0,155174.0
2024-11-21,193355.0,38181.0,155174.0
2024-11-22,193355.0,38181.0,155174.0
2024-11-25,193355.0,38181.0,155174.0
2024-11-26,1490.0,281.0,1209.0
2024-11-27,1490.0,281.0,1209.0
2024-11-28,1490.0,281.0,1209.0
2024-11-29,1490.0,281.0,1209.0
2024-12-02,1490.0,281.0,1209.0
2024-12-03,203580.0,22845.0,180735.0
2024-12-04,203580.0,22845.0,180735.0
2024-12-05,203580.0,22845.0,180735.0
2024-12-06,203580.0,22845.0,180735.0
2024-12-09,203580.0,22845.0,180735.0
2024-12-10,2002.0,0.0,2002.0
2024-12-11,2002.0,0.0,2002.0
2024-12-12,2002.0,0.0,2002.0
2024-12-13,2002.0,0.0,2002.0
2024-12-16,2002.0,0.0,2002.0
2024-12-17,201880.0,18378.0,183502.0
2024-12-18,201880.0,18378.0,183502.0
2024-12-19,201880.0,18378.0,183502.0
2024-12-20,201880.0,18378.0,183502.0
2024-12-23,201880.0,18378.0,183502.0
2024-12-24,2005.0,111.0,1894.0
2024-12-25,2005.0,111.0,1894.0
2024-12-26,2005.0,111.0,1894.0
2024-12-27,2005.0,111.0,1894.0
2024-12-30,2005.0,111.0,1894.0
2024-12-31,1817.0,453.0,1364.0
2025-01-01,1817.0,453.0,1364.0
2025-01-02,1817.0,453.0,1364.0
2025-01-03,1817.0,453.0,1364.0
2025-01-06,1817.0,453.0,1364.0
2025-01-07,191873.0,14232.0,177641.0
2025-01-08,191873.0,14232.0,177641.0
2025-01-09,191873.0,14232.0,177641.0
2025-01-10,191873.0,14232.0,177641.0
2025-01-13,191873.0,14232.0,177641.0
2025-01-14,1578.0,916.0,662.0
2025-01-15,1578.0,916.0,662.0
2025-01-16,1578.0,916.0,662.0
2025-01-17,1578.0,916.0,662.0
2025-01-20,1578.0,916.0,662.0
2025-01-21,226964.0,11095.0,215869.0
2025-01-22,226964.0,11095.0,215869.0
2025-01-23,226964.0,11095.0,215869.0
2025-01-24,226964.0,11095.0,215869.0
2025-01-27,226964.0,11095.0,215869.0
2025-01-28,1560.0,396.0,1164.0
2025-01-29,1560.0,396.0,1164.0
2025-01-30,1560.0,396.0,1164.0
2025-01-31,1560.0,396.0,1164.0
2025-02-03,1560.0,396.0,1164.0
2025-02-04,240485.0,30952.0,209533.0
2025-02-05,240485.0,30952.0,209533.0
2025-02-06,240485.0,30952.0,209533.0
2025-02-07,240485.0,30952.0,209533.0
2025-02-10,240485.0,30952.0,209533.0
2025-02-11,229071.0,34268.0,194803.0
2025-02-12,229071.0,34268.0,194803.0
2025-02-13,229071.0,34268.0,194803.0
2025-02-14,229071.0,34268.0,194803.0
2025-02-17,229071.0,34268.0,194803.0
2025-02-18,222538.0,37209.0,185329.0
2025-02-19,222538.0,37209.0,185329.0
2025-02-20,222538.0,37209.0,185329.0
2025-02-21,222538.0,37209.0,185329.0
2025-02-24,222538.0,37209.0,185329.0
2025-02-25,1891.0,226.0,1665.0
2025-02-26,1891.0,226.0,1665.0
2025-02-27,1891.0,226.0,1665.0
2025-02-28,1891.0,226.0,1665.0
2025-03-03,1891.0,226.0,1665.0
2025-03-04,204965.0,38307.0,166658.0
2025-03-05,204965.0,38307.0,166658.0
2025-03-06,204965.0,38307.0,166658.0
2025-03-07,204965.0,38307.0,166658.0
2025-03-10,204965.0,38307.0,166658.0
2025-03-11,204907.0,37331.0,167576.0
2025-03-12,204907.0,37331.0,167576.0
2025-03-13,204907.0,37331.0,167576.0
2025-03-14,204907.0,37331.0,167576.0
2025-03-17,204907.0,37331.0,167576.0
2025-03-18,220879.0,37045.0,183834.0
2025-03-19,220879.0,37045.0,183834.0
2025-03-20,220879.0,37045.0,183834.0
2025-03-21,220879.0,37045.0,183834.0
2025-03-24,220879.0,37045.0,183834.0
2025-03-25,213505.0,38773.0,174732.0
2025-03-26,213505.0,38773.0,174732.0
2025-03-27,213505.0,38773.0,174732.0
2025-03-28,213505.0,38773.0,174732.0
2025-03-31,213505.0,38773.0,174732.0
2025-04-01,2266.0,0.0,2266.0
2025-04-02,2266.0,0.0,2266.0
2025-04-03,2266.0,0.0,2266.0
2025-04-04,2266.0,0.0,2266.0
2025-04-07,2266.0,0.0,2266.0
2025-04-08,2133.0,0.0,2133.0
2025-04-09,2133.0,0.0,2133.0
2025-04-10,2133.0,0.0,2133.0
2025-04-11,2133.0,0.0,2133.0
2025-04-14,2133.0,0.0,2133.0
2025-04-15,1712.0,0.0,1712.0
2025-04-16,1712.0,0.0,1712.0
2025-04-17,1712.0,0.0,1712.0
2025-04-18,1712.0,0.0,1712.0
2025-04-21,1712.0,0.0,1712.0
2025-04-22,166360.0,45458.0,120902.0
2025-04-23,166360.0,45458.0,120902.0
2025-04-24,166360.0,45458.0,120902.0
2025-04-25,166360.0,45458.0,120902.0
2025-04-28,166360.0,45458.0,120902.0
2025-04-29,150715.0,44820.0,105895.0
2025-04-30,150715.0,44820.0,105895.0
2025-05-01,150715.0,44820.0,105895.0
2025-05-02,150715.0,44820.0,105895.0
2025-05-05,150715.0,44820.0,105895.0
2025-05-06,2150.0,272.0,1878.0
2025-05-07,2150.0,272.0,1878.0
2025-05-08,2150.0,272.0,1878.0
2025-05-09,2150.0,272.0,1878.0
2025-05-12,2150.0,272.0,1878.0
2025-05-13,1610.0,0.0,1610.0
2025-05-14,1610.0,0.0,1610.0
2025-05-15,1610.0,0.0,1610.0
2025-05-16,1610.0,0.0,1610.0
2025-05-19,1610.0,0.0,1610.0
2025-05-20,1174.0,318.0,856.0
2025-05-21,1174.0,318.0,856.0
2025-05-22,1174.0,318.0,856.0
2025-05-23,1174.0,318.0,856.0
2025-05-26,1174.0,318.0,856.0
2025-05-27,1154.0,512.0,642.0
2025-05-28,1154.0,512.0,642.0
2025-05-29,1154.0,512.0,642.0
2025-05-30,1154.0,512.0,642.0
2025-06-02,1154.0,512.0,642.0
2025-06-03,588.0,725.0,-137.0
2025-06-04,588.0,725.0,-137.0
2025-06-05,588.0,725.0,-137.0
2025-06-06,588.0,725.0,-137.0
2025-06-09,588.0,725.0,-137.0
2025-06-10,160680.0,36589.0,124091.0
2025-06-11,160680.0,36589.0,124091.0
2025-06-12,160680.0,36589.0,124091.0
2025-06-13,160680.0,36589.0,124091.0
2025-06-16,160680.0,36589.0,124091.0
2025-06-17,1099.0,1452.0,-353.0
2025-06-18,1099.0,1452.0,-353.0
2025-06-19,1099.0,1452.0,-353.0
2025-06-20,1099.0,1452.0,-353.0
2025-06-23,1099.0,1452.0,-353.0
2025-06-24,163829.0,38701.0,125128.0
2025-06-25,163829.0,38701.0,125128.0
2025-06-26,163829.0,38701.0,125128.0
2025-06-27,163829.0,38701.0,125128.0
2025-06-30,163829.0,38701.0,125128.0
2025-07-01,165086.0,34726.0,130360.0
2025-07-02,165086.0,34726.0,130360.0
2025-07-03,165086.0,34726.0,130360.0
2025-07-04,165086.0,34726.0,130360.0
2025-07-07,165086.0,34726.0,130360.0
2025-07-08,164685.0,35743.0,128942.0
2025-07-09,164685.0,35743.0,128942.0
2025-07-10,164685.0,35743.0,128942.0
2025-07-11,164685.0,35743.0,128942.0
2025-07-14,164685.0,35743.0,128942.0
2025-07-15,1531.0,731.0,800.0
2025-07-16,1531.0,731.0,800.0
2025-07-17,1531.0,731.0,800.0
2025-07-18,1531.0,731.0,800.0
2025-07-21,1531.0,731.0,800.0
2025-07-22,1977.0,0.0,1977.0
2025-07-23,1977.0,0.0,1977.0
2025-07-24,1977.0,0.0,1977.0
2025-07-25,1977.0,0.0,1977.0
2025-07-28,1977.0,0.0,1977.0
2025-07-29,1164.0,0.0,1164.0
2025-07-30,1164.0,0.0,1164.0
2025-07-31,1164.0,0.0,1164.0
2025-08-01,1164.0,0.0,1164.0
2025-08-04,1164.0,0.0,1164.0
2025-08-05,186304.0,32317.0,153987.0
2025-08-06,186304.0,32317.0,153987.0
2025-08-07,186304.0,32317.0,153987.0
2025-08-08,186304.0,32317.0,153987.0
2025-08-11,186304.0,32317.0,153987.0
2025-08-12,182337.0,34050.0,148287.0
2025-08-13,182337.0,34050.0,148287.0
2025-08-14,182337.0,34050.0,148287.0
2025-08-15,182337.0,34050.0,148287.0
2025-08-18,182337.0,34050.0,148287.0
2025-08-19,1676.0,0.0,1676.0
2025-08-20,1676.0,0.0,1676.0
2025-08-21,1676.0,0.0,1676.0
2025-08-22,1676.0,0.0,1676.0
2025-08-25,1676.0,0.0,1676.0
2025-08-26,175494.0,33577.0,141917.0
2025-08-27,175494.0,33577.0,141917.0
2025-08-28,175494.0,33577.0,141917.0
2025-08-29,175494.0,33577.0,141917.0
2025-09-01,175494.0,33577.0,141917.0
2025-09-02,2837.0,0.0,2837.0
2025-09-03,2837.0,0.0,2837.0
2025-09-04,2837.0,0.0,2837.0
2025-09-05,2837.0,0.0,2837.0
2025-09-08,2837.0,0.0,2837.0
2025-09-09,2055.0,0.0,2055.0
2025-09-10,2055.0,0.0,2055.0
2025-09-11,2055.0,0.0,2055.0
2025-09-12,2055.0,0.0,2055.0
2025-09-15,2055.0,0.0,2055.0
2025-09-16,1862.0,0.0,1862.0
2025-09-17,1862.0,0.0,1862.0
2025-09-18,1862.0,0.0,1862.0
2025-09-19,1862.0,0.0,1862.0
2025-09-22,1862.0,0.0,1862.0
2025-09-23,198826.0,38277.0,160549.0
2025-09-24,198826.0,38277.0,160549.0
2025-09-25,198826.0,38277.0,160549.0
2025-09-26,198826.0,38277.0,160549.0
2025-09-29,198826.0,38277.0,160549.0
2025-09-30,184199.0,38972.0,145227.0
2025-10-01,184199.0,38972.0,145227.0
2025-10-02,184199.0,38972.0,145227.0
2025-10-03,184199.0,38972.0,145227.0
2025-10-06,184199.0,38972.0,145227.0
2025-10-07,1605.0,0.0,1605.0
2025-10-08,1605.0,0.0,1605.0
2025-10-09,1605.0,0.0,1605.0
2025-10-10,1605.0,0.0,1605.0
2025-10-13,1605.0,0.0,1605.0
2025-10-14,152187.0,43877.0,108310.0
2025-10-15,152187.0,43877.0,108310.0
2025-10-16,152187.0,43877.0,108310.0
2025-10-17,152187.0,43877.0,108310.0
2025-10-20,152187.0,43877.0,108310.0
2025-10-21,135503.0,43276.0,92227.0
2025-10-22,135503.0,43276.0,92227.0
2025-10-23,135503.0,43276.0,92227.0
2025-10-24,135503.0,43276.0,92227.0
2025-10-27,135503.0,43276.0,92227.0
2025-10-28,138605.0,34446.0,104159.0
2025-10-29,138605.0,34446.0,104159.0
2025-10-30,138605.0,34446.0,104159.0
2025-10-31,138605.0,34446.0,104159.0
2025-11-03,138605.0,34446.0,104159.0
2025-11-04,130688.0,30143.0,100545.0
2025-11-05,130688.0,30143.0,100545.0
2025-11-06,130688.0,30143.0,100545.0
2025-11-07,130688.0,30143.0,100545.0
2025-11-10,134155.0,30068.0,104087.0
2025-11-11,134155.0,30068.0,104087.0
2025-11-12,134155.0,30068.0,104087.0
2025-11-13,134155.0,30068.0,104087.0
2025-11-14,134155.0,30068.0,104087.0
2025-11-17,134155.0,30068.0,104087.0
2025-11-18,130222.0,32017.0,98205.0
2025-11-19,130222.0,32017.0,98205.0
2025-11-20,130222.0,32017.0,98205.0
2025-11-21,130222.0,32017.0,98205.0
2025-11-24,130222.0,32017.0,98205.0
2025-11-25,454.0,0.0,454.0
2025-11-26,454.0,0.0,454.0
2025-11-27,454.0,0.0,454.0
2025-11-28,454.0,0.0,454.0
2025-12-01,454.0,0.0,454.0
2025-12-02,462.0,0.0,462.0
2025-12-03,462.0,0.0,462.0
2025-12-04,462.0,0.0,462.0
2025-12-05,462.0,0.0,462.0
2025-12-08,462.0,0.0,462.0
2025-12-09,946.0,0.0,946.0
2025-12-10,946.0,0.0,946.0
2025-12-11,946.0,0.0,946.0
2025-12-12,946.0,0.0,946.0
2025-12-15,946.0,0.0,946.0
2025-12-16,152873.0,20277.0,132596.0
2025-12-17,152873.0,20277.0,132596.0
2025-12-18,152873.0,20277.0,132596.0
2025-12-19,152873.0,20277.0,132596.0
2025-12-22,152873.0,20277.0,132596.0
2025-12-23,681.0,0.0,681.0
2025-12-24,681.0,0.0,681.0
2025-12-25,681.0,0.0,681.0
2025-12-26,681.0,0.0,681.0
2025-12-29,681.0,0.0,681.0
2025-12-30,478.0,0.0,478.0
2025-12-31,478.0,0.0,478.0
2026-01-01,478.0,0.0,478.0
2026-01-02,478.0,0.0,478.0
2026-01-05,478.0,0.0,478.0
2026-01-06,146445.0,23232.0,123213.0
2026-01-07,146445.0,23232.0,123213.0
2026-01-08,146445.0,23232.0,123213.0
2026-01-09,146445.0,23232.0,123213.0
2026-01-12,146445.0,23232.0,123213.0
2026-01-13,636.0,0.0,636.0
2026-01-14,636.0,0.0,636.0
2026-01-15,636.0,0.0,636.0
2026-01-16,636.0,0.0,636.0
2026-01-19,636.0,0.0,636.0
2026-01-20,163668.0,26224.0,137444.0
2026-01-21,163668.0,26224.0,137444.0
2026-01-22,163668.0,26224.0,137444.0
2026-01-23,163668.0,26224.0,137444.0
2026-01-26,163668.0,26224.0,137444.0
2026-01-27,143321.0,25162.0,118159.0
2026-01-28,143321.0,25162.0,118159.0
2026-01-29,143321.0,25162.0,118159.0
2026-01-30,143321.0,25162.0,118159.0
2026-02-02,143321.0,25162.0,118159.0
2026-02-03,118936.0,26864.0,92072.0
2026-02-04,118936.0,26864.0,92072.0
2026-02-05,118936.0,26864.0,92072.0
2026-02-06,118936.0,26864.0,92072.0
2026-02-09,118936.0,26864.0,92072.0
2026-02-10,119232.0,27210.0,92022.0
2026-02-11,119232.0,27210.0,92022.0
2026-02-12,119232.0,27210.0,92022.0
2026-02-13,119232.0,27210.0,92022.0
2026-02-16,119232.0,27210.0,92022.0
2026-02-17,123011.0,27118.0,95893.0
