Date,Open,High,Low,Close
1982-07-02,80364,80364,80364,80364
1982-07-06,80145,80145,80145,80145
1982-07-07,79435,79435,79435,79435
1982-07-08,80836,80836,80836,80836
1982-07-09,84030,84030,84030,84030
1982-07-12,87208,87208,87208,87208
1982-07-13,90769,90769,90769,90769
1982-07-14,90415,90415,90415,90415
1982-07-15,89634,89634,89634,89634
1982-07-16,88155,88155,88155,88155
1982-07-19,88491,88491,88491,88491
1982-07-20,88229,88229,88229,88229
1982-07-21,92376,92376,92376,92376
1982-07-22,88903,88903,88903,88903
1982-07-23,90509,90509,90509,90509
1982-07-26,88385,88385,88385,88385
1982-07-27,88608,88608,88608,88608
1982-07-28,88416,88416,88416,88416
1982-07-29,87886,87886,87886,87886
1982-07-30,88502,88502,88502,88502
1982-08-02,90144,90144,90144,90144
1982-08-03,90041,90041,90041,90041
1982-08-04,90133,90133,90133,90133
1982-08-05,90038,90038,90038,90038
1982-08-06,89656,89656,89656,89656
1982-08-09,88133,88133,88133,88133
1982-08-10,89251,89251,89251,89251
1982-08-11,87844,87844,87844,87844
1982-08-12,88093,88093,88093,88093
1982-08-13,88590,88590,88590,88590
1982-08-16,90226,90226,90226,90226
1982-08-17,89170,89170,89170,89170
1982-08-18,92716,92716,92716,92716
1982-08-19,92128,92128,92128,92128
1982-08-20,98461,98461,98461,98461
1982-08-23,100440,100440,100440,100440
1982-08-24,102537,102537,102537,102537
1982-08-25,100651,100651,100651,100651
1982-08-26,105584,105584,105584,105584
1982-08-27,107259,107259,107259,107259
1982-08-30,104954,104954,104954,104954
1982-08-31,107443,107443,107443,107443
1982-09-01,104987,104987,104987,104987
1982-09-02,104965,104965,104965,104965
1982-09-03,117299,117299,117299,117299
1982-09-07,123833,123833,123833,123833
1982-09-08,118851,118851,118851,118851
1982-09-09,120531,120531,120531,120531
1982-09-10,118980,118980,118980,118980
1982-09-13,115896,115896,115896,115896
1982-09-14,119568,119568,119568,119568
1982-09-15,116739,116739,116739,116739
1982-09-16,118135,118135,118135,118135
1982-09-17,116203,116203,116203,116203
1982-09-20,112201,112201,112201,112201
1982-09-21,113065,113065,113065,113065
1982-09-22,116538,116538,116538,116538
1982-09-23,115465,115465,115465,115465
1982-09-24,114754,114754,114754,114754
1982-09-27,111616,111616,111616,111616
1982-09-28,110835,110835,110835,110835
1982-09-29,110148,110148,110148,110148
1982-09-30,106515,106515,106515,106515
1982-10-01,108098,108098,108098,108098
1982-10-04,105981,105981,105981,105981
1982-10-05,106837,106837,106837,106837
1982-10-06,110676,110676,110676,110676
1982-10-07,113037,113037,113037,113037
1982-10-08,115914,115914,115914,115914
1982-10-12,115859,115859,115859,115859
1982-10-13,114313,114313,114313,114313
1982-10-14,120288,120288,120288,120288
1982-10-15,116645,116645,116645,116645
1982-10-18,114993,114993,114993,114993
1982-10-19,118454,118454,118454,118454
1982-10-20,114109,114109,114109,114109
1982-10-21,118073,118073,118073,118073
1982-10-22,117037,117037,117037,117037
1982-10-25,115764,115764,115764,115764
1982-10-26,115720,115720,115720,115720
1982-10-27,115306,115306,115306,115306
1982-10-28,116030,116030,116030,116030
1982-11-03,118212,118212,118212,118212
1982-11-04,117918,117918,117918,117918
1982-11-05,115147,115147,115147,115147
1982-11-08,112387,112387,112387,112387
1982-11-09,110955,110955,110955,110955
1982-11-10,110189,110189,110189,110189
1982-11-12,106863,106863,106863,106863
1982-11-15,107796,107796,107796,107796
1982-11-16,107458,107458,107458,107458
1982-11-17,108611,108611,108611,108611
1982-11-18,107313,107313,107313,107313
1982-11-19,107678,107678,107678,107678
1982-11-22,104534,104534,104534,104534
1982-11-23,104362,104362,104362,104362
1982-11-24,102586,102586,102586,102586
1982-11-26,101581,101581,101581,101581
1982-11-29,108652,108652,108652,108652
1982-11-30,108651,108651,108651,108651
1982-12-01,109434,109434,109434,109434
1982-12-02,110702,110702,110702,110702
1982-12-03,108800,108800,108800,108800
1982-12-06,109119,109119,109119,109119
1982-12-07,110330,110330,110330,110330
1982-12-08,107757,107757,107757,107757
1982-12-09,107494,107494,107494,107494
1982-12-10,106420,106420,106420,106420
1982-12-13,108491,108491,108491,108491
1982-12-14,109788,109788,109788,109788
1982-12-15,107166,107166,107166,107166
1982-12-16,107101,107101,107101,107101
1982-12-17,106694,106694,106694,106694
1982-12-20,107607,107607,107607,107607
1982-12-21,107057,107057,107057,107057
1982-12-22,107552,107552,107552,107552
1982-12-23,106121,106121,106121,106121
1982-12-27,108538,108538,108538,108538
1982-12-28,106883,106883,106883,106883
1982-12-29,107204,107204,107204,107204
1982-12-30,107143,107143,107143,107143
1983-01-03,104864,104864,104864,104864
1983-01-04,103295,103295,103295,103295
1983-01-05,104011,104011,104011,104011
1983-01-06,104444,104444,104444,104444
1983-01-07,106532,106532,106532,106532
1983-01-10,107480,107480,107480,107480
1983-01-11,110854,110854,110854,110854
1983-01-12,110779,110779,110779,110779
1983-01-13,111847,111847,111847,111847
1983-01-14,111378,111378,111378,111378
1983-01-17,114456,114456,114456,114456
1983-01-18,112593,112593,112593,112593
1983-01-19,116418,116418,116418,116418
1983-01-20,114638,114638,114638,114638
1983-01-21,114630,114630,114630,114630
1983-01-24,114335,114335,114335,114335
1983-01-25,115260,115260,115260,115260
1983-01-26,114498,114498,114498,114498
1983-01-27,117100,117100,117100,117100
1983-01-28,116711,116711,116711,116711
1983-01-31,119805,119805,119805,119805
1983-02-01,121735,121735,121735,121735
1983-02-02,120664,120664,120664,120664
1983-02-03,120261,120261,120261,120261
1983-02-04,119790,119790,119790,119790
1983-02-07,116398,116398,116398,116398
1983-02-08,118060,118060,118060,118060
1983-02-09,116052,116052,116052,116052
1983-02-10,116610,116610,116610,116610
1983-02-11,118406,118406,118406,118406
1983-02-14,117517,117517,117517,117517
1983-02-15,119204,119204,119204,119204
1983-02-16,118277,118277,118277,118277
1983-02-17,117696,117696,117696,117696
1983-02-18,117618,117618,117618,117618
1983-02-22,113510,113510,113510,113510
1983-02-23,110521,110521,110521,110521
1983-02-24,111245,111245,111245,111245
1983-02-25,109228,109228,109228,109228
1983-02-28,97162,97162,97162,97162
1983-03-01,98946,98946,98946,98946
1983-03-02,102039,102039,102039,102039
1983-03-03,101534,101534,101534,101534
1983-03-04,97268,97268,97268,97268
1983-03-07,99159,99159,99159,99159
1983-03-08,99657,99657,99657,99657
1983-03-09,101260,101260,101260,101260
1983-03-10,103046,103046,103046,103046
1983-03-11,100268,100268,100268,100268
1983-03-14,101769,101769,101769,101769
1983-03-15,103085,103085,103085,103085
1983-03-16,99408,99408,99408,99408
1983-03-17,99585,99585,99585,99585
1983-03-18,101335,101335,101335,101335
1983-03-21,99832,99832,99832,99832
1983-03-22,100835,100835,100835,100835
1983-03-23,97908,97908,97908,97908
1983-03-24,98577,98577,98577,98577
1983-03-25,97614,97614,97614,97614
1983-03-28,98129,98129,98129,98129
1983-03-29,99069,99069,99069,99069
1983-03-30,100236,100236,100236,100236
1983-03-31,99113,99113,99113,99113
1983-04-04,99663,99663,99663,99663
1983-04-05,101405,101405,101405,101405
1983-04-06,101576,101576,101576,101576
1983-04-07,101274,101274,101274,101274
1983-04-08,100793,100793,100793,100793
1983-04-11,101533,101533,101533,101533
1983-04-12,103004,103004,103004,103004
1983-04-13,102364,102364,102364,102364
1983-04-14,103758,103758,103758,103758
1983-04-15,103712,103712,103712,103712
1983-04-18,105345,105345,105345,105345
1983-04-19,104183,104183,104183,104183
1983-04-20,102952,102952,102952,102952
1983-04-21,103898,103898,103898,103898
1983-04-22,103503,103503,103503,103503
1983-04-25,104304,104304,104304,104304
1983-04-26,103366,103366,103366,103366
1983-04-27,102580,102580,102580,102580
1983-04-28,102069,102069,102069,102069
1983-04-29,102278,102278,102278,102278
1983-05-02,101812,101812,101812,101812
1983-05-03,103021,103021,103021,103021
1983-05-04,102225,102225,102225,102225
1983-05-05,102006,102006,102006,102006
1983-05-06,101203,101203,101203,101203
1983-05-09,100970,100970,100970,100970
1983-05-10,103160,103160,103160,103160
1983-05-11,102289,102289,102289,102289
1983-05-12,101791,101791,101791,101791
1983-05-13,102050,102050,102050,102050
1983-05-16,101765,101765,101765,101765
1983-05-17,102859,102859,102859,102859
1983-05-18,103038,103038,103038,103038
1983-05-19,103745,103745,103745,103745
1983-05-20,102700,102700,102700,102700
1983-05-23,101858,101858,101858,101858
1983-05-24,103347,103347,103347,103347
1983-05-25,104374,104374,104374,104374
1983-05-26,104082,104082,104082,104082
1983-05-27,104040,104040,104040,104040
1983-05-31,104497,104497,104497,104497
1983-06-01,98339,98339,98339,98339
1983-06-02,98319,98319,98319,98319
1983-06-03,98349,98349,98349,98349
1983-06-06,98052,98052,98052,98052
1983-06-07,96188,96188,96188,96188
1983-06-08,97276,97276,97276,97276
1983-06-09,98949,98949,98949,98949
1983-06-10,99584,99584,99584,99584
1983-06-13,100173,100173,100173,100173
1983-06-14,99140,99140,99140,99140
1983-06-15,98968,98968,98968,98968
1983-06-16,99227,99227,99227,99227
1983-06-17,99678,99678,99678,99678
1983-06-20,99456,99456,99456,99456
1983-06-21,99362,99362,99362,99362
1983-06-22,99827,99827,99827,99827
1983-06-23,99869,99869,99869,99869
1983-06-24,100497,100497,100497,100497
1983-06-27,100428,100428,100428,100428
1983-06-28,99341,99341,99341,99341
1983-06-29,99282,99282,99282,99282
1983-06-30,99540,99540,99540,99540
1983-07-01,99534,99534,99534,99534
1983-07-05,98855,98855,98855,98855
1983-07-06,98578,98578,98578,98578
1983-07-07,99278,99278,99278,99278
1983-07-08,102815,102815,102815,102815
1983-07-11,104030,104030,104030,104030
1983-07-12,103239,103239,103239,103239
1983-07-13,102443,102443,102443,102443
1983-07-14,102331,102331,102331,102331
1983-07-15,101856,101856,101856,101856
1983-07-18,101714,101714,101714,101714
1983-07-19,102027,102027,102027,102027
1983-07-20,102468,102468,102468,102468
1983-07-21,102956,102956,102956,102956
1983-07-22,101746,101746,101746,101746
1983-07-25,101512,101512,101512,101512
1983-07-26,102375,102375,102375,102375
1983-07-27,102659,102659,102659,102659
1983-07-28,102460,102460,102460,102460
1983-07-29,102019,102019,102019,102019
1983-08-01,100209,100209,100209,100209
1983-08-02,100713,100713,100713,100713
1983-08-03,99976,99976,99976,99976
1983-08-04,100850,100850,100850,100850
1983-08-05,99926,99926,99926,99926
1983-08-08,99776,99776,99776,99776
1983-08-09,100764,100764,100764,100764
1983-08-10,100336,100336,100336,100336
1983-08-11,101422,101422,101422,101422
1983-08-12,101883,101883,101883,101883
1983-08-15,102710,102710,102710,102710
1983-08-16,102245,102245,102245,102245
1983-08-17,102921,102921,102921,102921
1983-08-18,102416,102416,102416,102416
1983-08-19,101919,101919,101919,101919
1983-08-22,102515,102515,102515,102515
1983-08-23,103722,103722,103722,103722
1983-08-24,102990,102990,102990,102990
1983-08-25,102922,102922,102922,102922
1983-08-26,102436,102436,102436,102436
1983-08-29,102521,102521,102521,102521
1983-08-30,102957,102957,102957,102957
1983-08-31,102080,102080,102080,102080
1983-09-01,102692,102692,102692,102692
1983-09-02,103039,103039,103039,103039
1983-09-06,102814,102814,102814,102814
1983-09-07,101523,101523,101523,101523
1983-09-08,101264,101264,101264,101264
1983-09-09,101415,101415,101415,101415
1983-09-12,101190,101190,101190,101190
1983-09-13,99316,99316,99316,99316
1983-09-14,98537,98537,98537,98537
1983-09-15,99132,99132,99132,99132
1983-09-19,99629,99629,99629,99629
1983-09-20,99983,99983,99983,99983
1983-09-21,99613,99613,99613,99613
1983-09-22,98990,98990,98990,98990
1983-09-23,98955,98955,98955,98955
1983-09-26,98791,98791,98791,98791
1983-09-27,98062,98062,98062,98062
1983-09-28,97982,97982,97982,97982
1983-09-29,96780,96780,96780,96780
1983-09-30,95438,95438,95438,95438
1983-10-03,91084,91084,91084,91084
1983-10-04,92118,92118,92118,92118
1983-10-05,90715,90715,90715,90715
1983-10-06,91566,91566,91566,91566
1983-10-07,91740,91740,91740,91740
1983-10-11,92588,92588,92588,92588
1983-10-12,92470,92470,92470,92470
1983-10-13,92934,92934,92934,92934
1983-10-14,92817,92817,92817,92817
1983-10-17,92015,92015,92015,92015
1983-10-18,92270,92270,92270,92270
1983-10-19,91664,91664,91664,91664
1983-10-20,90605,90605,90605,90605
1983-10-21,91604,91604,91604,91604
1983-10-24,92116,92116,92116,92116
1983-10-25,92515,92515,92515,92515
1983-10-26,91456,91456,91456,91456
1983-10-27,89435,89435,89435,89435
1983-10-28,90218,90218,90218,90218
1983-10-31,89407,89407,89407,89407
1983-11-01,88673,88673,88673,88673
1983-11-02,89794,89794,89794,89794
1983-11-03,88514,88514,88514,88514
1983-11-04,90164,90164,90164,90164
1983-11-07,89823,89823,89823,89823
1983-11-09,90158,90158,90158,90158
1983-11-10,89513,89513,89513,89513
1983-11-14,89777,89777,89777,89777
1983-11-15,89841,89841,89841,89841
1983-11-16,90205,90205,90205,90205
1983-11-17,88759,88759,88759,88759
1983-11-18,88510,88510,88510,88510
1983-11-21,88012,88012,88012,88012
1983-11-22,88289,88289,88289,88289
1983-11-23,88308,88308,88308,88308
1983-11-25,88327,88327,88327,88327
1983-11-28,92578,92578,92578,92578
1983-11-29,91846,91846,91846,91846
1983-11-30,94163,94163,94163,94163
1983-12-01,92826,92826,92826,92826
1983-12-02,93523,93523,93523,93523
1983-12-05,93421,93421,93421,93421
1983-12-06,92977,92977,92977,92977
1983-12-07,93550,93550,93550,93550
1983-12-08,93846,93846,93846,93846
1983-12-09,92083,92083,92083,92083
1983-12-12,92577,92577,92577,92577
1983-12-13,91949,91949,91949,91949
1983-12-14,91446,91446,91446,91446
1983-12-15,91306,91306,91306,91306
1983-12-16,88831,88831,88831,88831
1983-12-19,88538,88538,88538,88538
1983-12-20,88778,88778,88778,88778
1983-12-21,88857,88857,88857,88857
1983-12-22,88682,88682,88682,88682
1983-12-23,88999,88999,88999,88999
1983-12-27,88306,88306,88306,88306
1983-12-28,88225,88225,88225,88225
1983-12-29,88793,88793,88793,88793
1983-12-30,88394,88394,88394,88394
1984-01-03,89028,89028,89028,89028
1984-01-04,87299,87299,87299,87299
1984-01-05,87309,87309,87309,87309
1984-01-06,87309,87309,87309,87309
1984-01-09,85201,85201,85201,85201
1984-01-10,86657,86657,86657,86657
1984-01-11,86207,86207,86207,86207
1984-01-12,86550,86550,86550,86550
1984-01-13,87105,87105,87105,87105
1984-01-16,86111,86111,86111,86111
1984-01-17,86145,86145,86145,86145
1984-01-18,86128,86128,86128,86128
1984-01-19,87436,87436,87436,87436
1984-01-20,87046,87046,87046,87046
1984-01-23,86840,86840,86840,86840
1984-01-24,85561,85561,85561,85561
1984-01-25,85834,85834,85834,85834
1984-01-26,85915,85915,85915,85915
1984-01-27,86684,86684,86684,86684
1984-01-30,86748,86748,86748,86748
1984-01-31,87696,87696,87696,87696
1984-02-01,88570,88570,88570,88570
1984-02-02,89516,89516,89516,89516
1984-02-03,89147,89147,89147,89147
1984-02-06,88764,88764,88764,88764
1984-02-07,89040,89040,89040,89040
1984-02-08,90429,90429,90429,90429
1984-02-09,89576,89576,89576,89576
1984-02-10,88585,88585,88585,88585
1984-02-14,87965,87965,87965,87965
1984-02-15,89316,89316,89316,89316
1984-02-16,89391,89391,89391,89391
1984-02-17,89106,89106,89106,89106
1984-02-21,91065,91065,91065,91065
1984-02-22,92161,92161,92161,92161
1984-02-23,93020,93020,93020,93020
1984-02-24,92277,92277,92277,92277
1984-02-27,91804,91804,91804,91804
1984-02-28,93221,93221,93221,93221
1984-02-29,92018,92018,92018,92018
1984-03-01,91668,91668,91668,91668
1984-03-02,91052,91052,91052,91052
1984-03-05,90635,90635,90635,90635
1984-03-06,89898,89898,89898,89898
1984-03-07,89010,89010,89010,89010
1984-03-08,89191,89191,89191,89191
1984-03-09,89898,89898,89898,89898
1984-03-12,88965,88965,88965,88965
1984-03-13,88635,88635,88635,88635
1984-03-14,89413,89413,89413,89413
1984-03-15,88407,88407,88407,88407
1984-03-16,88691,88691,88691,88691
1984-03-19,88875,88875,88875,88875
1984-03-20,88999,88999,88999,88999
1984-03-21,88974,88974,88974,88974
1984-03-22,88157,88157,88157,88157
1984-03-23,87522,87522,87522,87522
1984-03-26,87037,87037,87037,87037
1984-03-27,87266,87266,87266,87266
1984-03-28,86667,86667,86667,86667
1984-03-29,87424,87424,87424,87424
1984-03-30,87315,87315,87315,87315
1984-04-02,86984,86984,86984,86984
1984-04-03,85628,85628,85628,85628
1984-04-04,85903,85903,85903,85903
1984-04-05,85999,85999,85999,85999
1984-04-06,85678,85678,85678,85678
1984-04-09,86231,86231,86231,86231
1984-04-10,85861,85861,85861,85861
1984-04-11,85628,85628,85628,85628
1984-04-12,85584,85584,85584,85584
1984-04-13,85206,85206,85206,85206
1984-04-16,85682,85682,85682,85682
1984-04-17,85564,85564,85564,85564
1984-04-18,85536,85536,85536,85536
1984-04-19,86641,86641,86641,86641
1984-04-23,87023,87023,87023,87023
1984-04-24,86546,86546,86546,86546
1984-04-25,86247,86247,86247,86247
1984-04-26,85762,85762,85762,85762
1984-04-27,85908,85908,85908,85908
1984-04-30,85307,85307,85307,85307
1984-05-01,85447,85447,85447,85447
1984-05-02,85666,85666,85666,85666
1984-05-03,85692,85692,85692,85692
1984-05-04,85454,85454,85454,85454
1984-05-07,85761,85761,85761,85761
1984-05-08,85129,85129,85129,85129
1984-05-09,85277,85277,85277,85277
1984-05-10,85194,85194,85194,85194
1984-05-11,85787,85787,85787,85787
1984-05-14,86122,86122,86122,86122
1984-05-15,86489,86489,86489,86489
1984-05-16,86709,86709,86709,86709
1984-05-17,87472,87472,87472,87472
1984-05-18,87646,87646,87646,87646
1984-05-21,88703,88703,88703,88703
1984-05-22,88518,88518,88518,88518
1984-05-23,87952,87952,87952,87952
1984-05-24,87075,87075,87075,87075
1984-05-25,89019,89019,89019,89019
1984-05-29,89382,89382,89382,89382
1984-05-30,89444,89444,89444,89444
1984-05-31,88973,88973,88973,88973
1984-06-01,90590,90590,90590,90590
1984-06-04,89813,89813,89813,89813
1984-06-05,90728,90728,90728,90728
1984-06-06,90264,90264,90264,90264
1984-06-07,90735,90735,90735,90735
1984-06-08,89444,89444,89444,89444
1984-06-11,88713,88713,88713,88713
1984-06-12,87244,87244,87244,87244
1984-06-13,86918,86918,86918,86918
1984-06-14,87008,87008,87008,87008
1984-06-15,85744,85744,85744,85744
1984-06-18,85886,85886,85886,85886
1984-06-19,86331,86331,86331,86331
1984-06-20,86784,86784,86784,86784
1984-06-21,87059,87059,87059,87059
1984-06-22,88292,88292,88292,88292
1984-06-25,87851,87851,87851,87851
1984-06-26,87923,87923,87923,87923
1984-06-27,87870,87870,87870,87870
1984-06-28,88489,88489,88489,88489
1984-06-29,88513,88513,88513,88513
1984-07-02,88245,88245,88245,88245
1984-07-03,88256,88256,88256,88256
1984-07-05,87680,87680,87680,87680
1984-07-06,85210,85210,85210,85210
1984-07-09,82130,82130,82130,82130
1984-07-10,83107,83107,83107,83107
1984-07-11,82120,82120,82120,82120
1984-07-12,82778,82778,82778,82778
1984-07-13,83300,83300,83300,83300
1984-07-16,84269,84269,84269,84269
1984-07-17,84120,84120,84120,84120
1984-07-18,84299,84299,84299,84299
1984-07-19,85141,85141,85141,85141
1984-07-20,83858,83858,83858,83858
1984-07-23,82728,82728,82728,82728
1984-07-24,83332,83332,83332,83332
1984-07-25,83922,83922,83922,83922
1984-07-26,83864,83864,83864,83864
1984-07-27,82258,82258,82258,82258
1984-07-30,83288,83288,83288,83288
1984-07-31,83966,83966,83966,83966
1984-08-01,83309,83309,83309,83309
1984-08-02,84424,84424,84424,84424
1984-08-03,84437,84437,84437,84437
1984-08-06,84908,84908,84908,84908
1984-08-07,83619,83619,83619,83619
1984-08-08,83748,83748,83748,83748
1984-08-09,83761,83761,83761,83761
1984-08-10,84075,84075,84075,84075
1984-08-13,83841,83841,83841,83841
1984-08-14,85562,85562,85562,85562
1984-08-15,84883,84883,84883,84883
1984-08-16,84810,84810,84810,84810
1984-08-17,84867,84867,84867,84867
1984-08-20,84199,84199,84199,84199
1984-08-21,83784,83784,83784,83784
1984-08-22,83249,83249,83249,83249
1984-08-23,84499,84499,84499,84499
1984-08-24,84420,84420,84420,84420
1984-08-27,84077,84077,84077,84077
1984-08-28,84348,84348,84348,84348
1984-08-29,84330,84330,84330,84330
1984-08-30,83762,83762,83762,83762
1984-08-31,84230,84230,84230,84230
1984-09-04,83168,83168,83168,83168
1984-09-05,82758,82758,82758,82758
1984-09-06,83116,83116,83116,83116
1984-09-07,83498,83498,83498,83498
1984-09-10,83111,83111,83111,83111
1984-09-11,83561,83561,83561,83561
1984-09-12,82916,82916,82916,82916
1984-09-13,82785,82785,82785,82785
1984-09-14,83865,83865,83865,83865
1984-09-17,82861,82861,82861,82861
1984-09-18,82889,82889,82889,82889
1984-09-19,83555,83555,83555,83555
1984-09-20,83625,83625,83625,83625
1984-09-21,83951,83951,83951,83951
1984-09-24,84908,84908,84908,84908
1984-09-25,84870,84870,84870,84870
1984-09-26,84846,84846,84846,84846
1984-09-27,84609,84609,84609,84609
1984-09-28,84860,84860,84860,84860
1984-10-01,85107,85107,85107,85107
1984-10-02,84919,84919,84919,84919
1984-10-03,85644,85644,85644,85644
1984-10-04,85234,85234,85234,85234
1984-10-05,84901,84901,84901,84901
1984-10-09,84432,84432,84432,84432
1984-10-10,83429,83429,83429,83429
1984-10-11,83849,83849,83849,83849
1984-10-12,84081,84081,84081,84081
1984-10-15,84244,84244,84244,84244
1984-10-16,84529,84529,84529,84529
1984-10-17,84819,84819,84819,84819
1984-10-18,84502,84502,84502,84502
1984-10-19,83941,83941,83941,83941
1984-10-22,83686,83686,83686,83686
1984-10-23,83164,83164,83164,83164
1984-10-24,83001,83001,83001,83001
1984-10-25,82611,82611,82611,82611
1984-10-26,82881,82881,82881,82881
1984-10-29,82924,82924,82924,82924
1984-10-30,82399,82399,82399,82399
1984-10-31,81941,81941,81941,81941
1984-11-01,81547,81547,81547,81547
1984-11-02,83030,83030,83030,83030
1984-11-05,82878,82878,82878,82878
1984-11-07,83702,83702,83702,83702
1984-11-08,83634,83634,83634,83634
1984-11-09,83579,83579,83579,83579
1984-11-13,84254,84254,84254,84254
1984-11-14,83839,83839,83839,83839
1984-11-15,83347,83347,83347,83347
1984-11-16,83766,83766,83766,83766
1984-11-19,83669,83669,83669,83669
1984-11-20,83868,83868,83868,83868
1984-11-21,83554,83554,83554,83554
1984-11-23,83510,83510,83510,83510
1984-11-26,82928,82928,82928,82928
1984-11-27,81694,81694,81694,81694
1984-11-28,80753,80753,80753,80753
1984-11-29,81261,81261,81261,81261
1984-11-30,81428,81428,81428,81428
1984-12-03,81782,81782,81782,81782
1984-12-04,81821,81821,81821,81821
1984-12-05,81419,81419,81419,81419
1984-12-06,81534,81534,81534,81534
1984-12-07,80900,80900,80900,80900
1984-12-10,80513,80513,80513,80513
1984-12-11,80695,80695,80695,80695
1984-12-12,80233,80233,80233,80233
1984-12-13,80256,80256,80256,80256
1984-12-14,79899,79899,79899,79899
1984-12-17,77978,77978,77978,77978
1984-12-18,76246,76246,76246,76246
1984-12-19,76632,76632,76632,76632
1984-12-20,76291,76291,76291,76291
1984-12-21,77112,77112,77112,77112
1984-12-26,77853,77853,77853,77853
1984-12-27,77362,77362,77362,77362
1984-12-28,77214,77214,77214,77214
1984-12-31,77568,77568,77568,77568
1985-01-02,76925,76925,76925,76925
1985-01-03,76316,76316,76316,76316
1985-01-04,76745,76745,76745,76745
1985-01-07,76324,76324,76324,76324
1985-01-08,76633,76633,76633,76633
1985-01-09,76658,76658,76658,76658
1985-01-10,77074,77074,77074,77074
1985-01-11,77215,77215,77215,77215
1985-01-14,76365,76365,76365,76365
1985-01-15,76868,76868,76868,76868
1985-01-16,77173,77173,77173,77173
1985-01-17,77765,77765,77765,77765
1985-01-18,78411,78411,78411,78411
1985-01-22,77953,77953,77953,77953
1985-01-23,76371,76371,76371,76371
1985-01-24,76313,76313,76313,76313
1985-01-25,75880,75880,75880,75880
1985-01-28,75669,75669,75669,75669
1985-01-29,77119,77119,77119,77119
1985-01-30,77088,77088,77088,77088
1985-01-31,78122,78122,78122,78122
1985-02-01,77949,77949,77949,77949
1985-02-04,78137,78137,78137,78137
1985-02-05,78429,78429,78429,78429
1985-02-06,78586,78586,78586,78586
1985-02-07,78612,78612,78612,78612
1985-02-08,78158,78158,78158,78158
1985-02-11,78521,78521,78521,78521
1985-02-13,79681,79681,79681,79681
1985-02-14,79218,79218,79218,79218
1985-02-15,78386,78386,78386,78386
1985-02-19,78888,78888,78888,78888
1985-02-20,79148,79148,79148,79148
1985-02-21,78488,78488,78488,78488
1985-02-22,78420,78420,78420,78420
1985-02-25,74645,74645,74645,74645
1985-02-26,74582,74582,74582,74582
1985-02-27,75404,75404,75404,75404
1985-02-28,74644,74644,74644,74644
1985-03-01,74773,74773,74773,74773
1985-03-04,75065,75065,75065,75065
1985-03-05,75142,75142,75142,75142
1985-03-06,75069,75069,75069,75069
1985-03-07,75586,75586,75586,75586
1985-03-08,76134,76134,76134,76134
1985-03-11,75442,75442,75442,75442
1985-03-12,75013,75013,75013,75013
1985-03-13,75525,75525,75525,75525
1985-03-14,75742,75742,75742,75742
1985-03-15,76263,76263,76263,76263
1985-03-18,77658,77658,77658,77658
1985-03-19,81170,81170,81170,81170
1985-03-20,83074,83074,83074,83074
1985-03-21,80931,80931,80931,80931
1985-03-22,80658,80658,80658,80658
1985-03-25,80742,80742,80742,80742
1985-03-26,82673,82673,82673,82673
1985-03-27,83244,83244,83244,83244
1985-03-28,82529,82529,82529,82529
1985-03-29,82629,82629,82629,82629
1985-04-01,81062,81062,81062,81062
1985-04-02,81045,81045,81045,81045
1985-04-03,81312,81312,81312,81312
1985-04-04,80600,80600,80600,80600
1985-04-08,81121,81121,81121,81121
1985-04-09,82358,82358,82358,82358
1985-04-10,83191,83191,83191,83191
1985-04-11,83615,83615,83615,83615
1985-04-12,82920,82920,82920,82920
1985-04-15,83533,83533,83533,83533
1985-04-16,82476,82476,82476,82476
1985-04-17,81678,81678,81678,81678
1985-04-18,81634,81634,81634,81634
1985-04-19,80900,80900,80900,80900
1985-04-22,81532,81532,81532,81532
1985-04-23,81650,81650,81650,81650
1985-04-24,80919,80919,80919,80919
1985-04-25,81383,81383,81383,81383
1985-04-26,81829,81829,81829,81829
1985-04-29,81496,81496,81496,81496
1985-04-30,80807,80807,80807,80807
1985-05-01,78984,78984,78984,78984
1985-05-02,79224,79224,79224,79224
1985-05-03,79379,79379,79379,79379
1985-05-06,78885,78885,78885,78885
1985-05-07,79284,79284,79284,79284
1985-05-08,79217,79217,79217,79217
1985-05-09,79263,79263,79263,79263
1985-05-10,79380,79380,79380,79380
1985-05-13,80683,80683,80683,80683
1985-05-14,81494,81494,81494,81494
1985-05-15,80998,80998,80998,80998
1985-05-16,80505,80505,80505,80505
1985-05-17,80851,80851,80851,80851
1985-05-20,80712,80712,80712,80712
1985-05-21,78804,78804,78804,78804
1985-05-22,79312,79312,79312,79312
1985-05-23,79260,79260,79260,79260
1985-05-24,79021,79021,79021,79021
1985-05-28,78323,78323,78323,78323
1985-05-29,78546,78546,78546,78546
1985-05-30,79153,79153,79153,79153
1985-05-31,78877,78877,78877,78877
1985-06-03,79080,79080,79080,79080
1985-06-04,78641,78641,78641,78641
1985-06-05,78377,78377,78377,78377
1985-06-06,77976,77976,77976,77976
1985-06-07,78434,78434,78434,78434
1985-06-10,78156,78156,78156,78156
1985-06-11,78719,78719,78719,78719
1985-06-12,78578,78578,78578,78578
1985-06-13,78362,78362,78362,78362
1985-06-14,79152,79152,79152,79152
1985-06-17,79310,79310,79310,79310
1985-06-18,80132,80132,80132,80132
1985-06-19,80602,80602,80602,80602
1985-06-20,79000,79000,79000,79000
1985-06-21,77770,77770,77770,77770
1985-06-24,78272,78272,78272,78272
1985-06-25,78560,78560,78560,78560
1985-06-26,78684,78684,78684,78684
1985-06-27,78435,78435,78435,78435
1985-06-28,78917,78917,78917,78917
1985-07-01,77832,77832,77832,77832
1985-07-02,76541,76541,76541,76541
1985-07-03,76970,76970,76970,76970
1985-07-08,76079,76079,76079,76079
1985-07-09,76890,76890,76890,76890
1985-07-10,76638,76638,76638,76638
1985-07-11,76181,76181,76181,76181
1985-07-12,75321,75321,75321,75321
1985-07-15,75050,75050,75050,75050
1985-07-16,76532,76532,76532,76532
1985-07-17,77004,77004,77004,77004
1985-07-18,76224,76224,76224,76224
1985-07-19,76137,76137,76137,76137
1985-07-22,76144,76144,76144,76144
1985-07-23,76755,76755,76755,76755
1985-07-24,76169,76169,76169,76169
1985-07-25,75827,75827,75827,75827
1985-07-26,75818,75818,75818,75818
1985-07-29,77429,77429,77429,77429
1985-07-30,77202,77202,77202,77202
1985-07-31,77437,77437,77437,77437
1985-08-01,76547,76547,76547,76547
1985-08-02,76103,76103,76103,76103
1985-08-05,76879,76879,76879,76879
1985-08-06,76304,76304,76304,76304
1985-08-07,76550,76550,76550,76550
1985-08-08,76964,76964,76964,76964
1985-08-09,76718,76718,76718,76718
1985-08-12,77573,77573,77573,77573
1985-08-13,77542,77542,77542,77542
1985-08-14,77588,77588,77588,77588
1985-08-15,78568,78568,78568,78568
1985-08-16,79416,79416,79416,79416
1985-08-19,80790,80790,80790,80790
1985-08-20,79387,79387,79387,79387
1985-08-21,79608,79608,79608,79608
1985-08-22,79128,79128,79128,79128
1985-08-23,79180,79180,79180,79180
1985-08-26,79974,79974,79974,79974
1985-08-27,79760,79760,79760,79760
1985-08-28,80793,80793,80793,80793
1985-08-29,79957,79957,79957,79957
1985-08-30,79635,79635,79635,79635
1985-09-03,78604,78604,78604,78604
1985-09-04,78110,78110,78110,78110
1985-09-05,78224,78224,78224,78224
1985-09-06,77367,77367,77367,77367
1985-09-09,77807,77807,77807,77807
1985-09-10,78068,78068,78068,78068
1985-09-11,78180,78180,78180,78180
1985-09-12,77702,77702,77702,77702
1985-09-13,77755,77755,77755,77755
1985-09-16,77111,77111,77111,77111
1985-09-17,76812,76812,76812,76812
1985-09-18,76672,76672,76672,76672
1985-09-19,76609,76609,76609,76609
1985-09-20,76616,76616,76616,76616
1985-09-23,75994,75994,75994,75994
1985-09-24,75351,75351,75351,75351
1985-09-25,74537,74537,74537,74537
1985-09-26,72523,72523,72523,72523
1985-09-27,72457,72457,72457,72457
1985-09-30,70579,70579,70579,70579
1985-10-01,69338,69338,69338,69338
1985-10-02,69625,69625,69625,69625
1985-10-03,69178,69178,69178,69178
1985-10-04,70012,70012,70012,70012
1985-10-07,70237,70237,70237,70237
1985-10-08,70546,70546,70546,70546
1985-10-09,70197,70197,70197,70197
1985-10-10,70156,70156,70156,70156
1985-10-11,69933,69933,69933,69933
1985-10-15,70495,70495,70495,70495
1985-10-16,70383,70383,70383,70383
1985-10-17,70074,70074,70074,70074
1985-10-18,70246,70246,70246,70246
1985-10-21,70404,70404,70404,70404
1985-10-22,70881,70881,70881,70881
1985-10-23,70362,70362,70362,70362
1985-10-24,70731,70731,70731,70731
1985-10-25,69971,69971,69971,69971
1985-10-28,69708,69708,69708,69708
1985-10-29,69358,69358,69358,69358
1985-10-30,69034,69034,69034,69034
1985-10-31,68817,68817,68817,68817
1985-11-01,67653,67653,67653,67653
1985-11-04,67692,67692,67692,67692
1985-11-05,67558,67558,67558,67558
1985-11-06,66624,66624,66624,66624
1985-11-07,66450,66450,66450,66450
1985-11-08,66325,66325,66325,66325
1985-11-12,66555,66555,66555,66555
1985-11-13,66198,66198,66198,66198
1985-11-14,66262,66262,66262,66262
1985-11-15,66520,66520,66520,66520
1985-11-18,65857,65857,65857,65857
1985-11-19,65894,65894,65894,65894
1985-11-20,66304,66304,66304,66304
1985-11-21,65844,65844,65844,65844
1985-11-22,65781,65781,65781,65781
1985-11-25,66344,66344,66344,66344
1985-11-26,66632,66632,66632,66632
1985-11-27,66025,66025,66025,66025
1985-11-29,66370,66370,66370,66370
1985-12-02,65636,65636,65636,65636
1985-12-03,66093,66093,66093,66093
1985-12-04,65699,65699,65699,65699
1985-12-05,65569,65569,65569,65569
1985-12-06,65556,65556,65556,65556
1985-12-09,64632,64632,64632,64632
1985-12-10,64582,64582,64582,64582
1985-12-11,64330,64330,64330,64330
1985-12-12,64191,64191,64191,64191
1985-12-13,64490,64490,64490,64490
1985-12-16,64548,64548,64548,64548
1985-12-17,64846,64846,64846,64846
1985-12-18,65069,65069,65069,65069
1985-12-19,66128,66128,66128,66128
1985-12-20,65979,65979,65979,65979
1985-12-23,66323,66323,66323,66323
1985-12-24,66421,66421,66421,66421
1985-12-26,66011,66011,66011,66011
1985-12-27,66079,66079,66079,66079
1985-12-30,65743,65743,65743,65743
1985-12-31,66022,66022,66022,66022
1986-01-02,65022,65022,65022,65022
1986-01-03,66227,66227,66227,66227
1986-01-06,66223,66223,66223,66223
1986-01-07,66601,66601,66601,66601
1986-01-08,67218,67218,67218,67218
1986-01-09,67400,67400,67400,67400
1986-01-10,68764,68764,68764,68764
1986-01-13,68796,68796,68796,68796
1986-01-14,69087,69087,69087,69087
1986-01-15,70268,70268,70268,70268
1986-01-16,73566,73566,73566,73566
1986-01-17,71409,71409,71409,71409
1986-01-20,71014,71014,71014,71014
1986-01-21,72178,72178,72178,72178
1986-01-22,71240,71240,71240,71240
1986-01-23,70778,70778,70778,70778
1986-01-24,69402,69402,69402,69402
1986-01-27,70157,70157,70157,70157
1986-01-28,69104,69104,69104,69104
1986-01-29,68614,68614,68614,68614
1986-01-30,69151,69151,69151,69151
1986-01-31,67401,67401,67401,67401
1986-02-03,66525,66525,66525,66525
1986-02-04,65067,65067,65067,65067
1986-02-05,64306,64306,64306,64306
1986-02-06,64211,64211,64211,64211
1986-02-07,64561,64561,64561,64561
1986-02-10,63990,63990,63990,63990
1986-02-11,62983,62983,62983,62983
1986-02-12,63018,63018,63018,63018
1986-02-13,61002,61002,61002,61002
1986-02-14,60297,60297,60297,60297
1986-02-18,61104,61104,61104,61104
1986-02-19,60627,60627,60627,60627
1986-02-20,61085,61085,61085,61085
1986-02-21,61847,61847,61847,61847
1986-02-24,62295,62295,62295,62295
1986-02-25,63803,63803,63803,63803
1986-02-26,62678,62678,62678,62678
1986-02-27,60693,60693,60693,60693
1986-02-28,61044,61044,61044,61044
1986-03-03,60291,60291,60291,60291
1986-03-04,60341,60341,60341,60341
1986-03-05,61670,61670,61670,61670
1986-03-06,61805,61805,61805,61805
1986-03-07,61605,61605,61605,61605
1986-03-10,61528,61528,61528,61528
1986-03-11,61688,61688,61688,61688
1986-03-12,62072,62072,62072,62072
1986-03-13,62789,62789,62789,62789
1986-03-14,61481,61481,61481,61481
1986-03-17,61439,61439,61439,61439
1986-03-18,61509,61509,61509,61509
1986-03-19,61390,61390,61390,61390
1986-03-20,61751,61751,61751,61751
1986-03-21,62061,62061,62061,62061
1986-03-24,62627,62627,62627,62627
1986-03-25,63371,63371,63371,63371
1986-03-26,61847,61847,61847,61847
1986-03-27,61798,61798,61798,61798
1986-03-31,57652,57652,57652,57652
1986-04-01,59209,59209,59209,59209
1986-04-02,60128,60128,60128,60128
1986-04-03,60045,60045,60045,60045
1986-04-04,60280,60280,60280,60280
1986-04-07,61802,61802,61802,61802
1986-04-08,61125,61125,61125,61125
1986-04-09,60824,60824,60824,60824
1986-04-10,60496,60496,60496,60496
1986-04-11,60892,60892,60892,60892
1986-04-14,61213,61213,61213,61213
1986-04-15,61033,61033,61033,61033
1986-04-16,59861,59861,59861,59861
1986-04-17,59718,59718,59718,59718
1986-04-18,59737,59737,59737,59737
1986-04-21,58742,58742,58742,58742
1986-04-22,58435,58435,58435,58435
1986-04-23,58165,58165,58165,58165
1986-04-24,58130,58130,58130,58130
1986-04-25,58035,58035,58035,58035
1986-04-28,57358,57358,57358,57358
1986-04-29,57366,57366,57366,57366
1986-04-30,57919,57919,57919,57919
1986-05-01,58508,58508,58508,58508
1986-05-02,57840,57840,57840,57840
1986-05-05,56674,56674,56674,56674
1986-05-06,56622,56622,56622,56622
1986-05-07,56595,56595,56595,56595
1986-05-08,56070,56070,56070,56070
1986-05-09,55766,55766,55766,55766
1986-05-12,55240,55240,55240,55240
1986-05-13,55492,55492,55492,55492
1986-05-14,55533,55533,55533,55533
1986-05-15,55509,55509,55509,55509
1986-05-16,56333,56333,56333,56333
1986-05-19,56763,56763,56763,56763
1986-05-20,56584,56584,56584,56584
1986-05-21,56644,56644,56644,56644
1986-05-22,57292,57292,57292,57292
1986-05-23,57359,57359,57359,57359
1986-05-27,57339,57339,57339,57339
1986-05-28,57271,57271,57271,57271
1986-05-29,58134,58134,58134,58134
1986-05-30,59215,59215,59215,59215
1986-06-02,60432,60432,60432,60432
1986-06-03,58193,58193,58193,58193
1986-06-04,57843,57843,57843,57843
1986-06-05,57224,57224,57224,57224
1986-06-06,56608,56608,56608,56608
1986-06-09,56757,56757,56757,56757
1986-06-10,57549,57549,57549,57549
1986-06-11,57197,57197,57197,57197
1986-06-12,56969,56969,56969,56969
1986-06-13,56914,56914,56914,56914
1986-06-16,55593,55593,55593,55593
1986-06-17,55806,55806,55806,55806
1986-06-18,56481,56481,56481,56481
1986-06-19,56164,56164,56164,56164
1986-06-20,56383,56383,56383,56383
1986-06-23,56746,56746,56746,56746
1986-06-24,56740,56740,56740,56740
1986-06-25,56525,56525,56525,56525
1986-06-26,56762,56762,56762,56762
1986-06-27,56292,56292,56292,56292
1986-06-30,56155,56155,56155,56155
1986-07-01,55614,55614,55614,55614
1986-07-02,55431,55431,55431,55431
1986-07-03,54930,54930,54930,54930
1986-07-04,54631,54631,54631,54631
1986-07-07,54895,54895,54895,54895
1986-07-08,55270,55270,55270,55270
1986-07-09,55370,55370,55370,55370
1986-07-10,55021,55021,55021,55021
1986-07-11,55637,55637,55637,55637
1986-07-14,54912,54912,54912,54912
1986-07-15,54878,54878,54878,54878
1986-07-16,54496,54496,54496,54496
1986-07-17,54145,54145,54145,54145
1986-07-18,53933,53933,53933,53933
1986-07-21,54385,54385,54385,54385
1986-07-22,54774,54774,54774,54774
1986-07-23,54245,54245,54245,54245
1986-07-24,54115,54115,54115,54115
1986-07-25,54765,54765,54765,54765
1986-07-28,54774,54774,54774,54774
1986-07-29,54184,54184,54184,54184
1986-07-30,54247,54247,54247,54247
1986-07-31,54544,54544,54544,54544
1986-08-01,55216,55216,55216,55216
1986-08-04,55308,55308,55308,55308
1986-08-05,54718,54718,54718,54718
1986-08-06,55342,55342,55342,55342
1986-08-07,55189,55189,55189,55189
1986-08-08,56365,56365,56365,56365
1986-08-11,59144,59144,59144,59144
1986-08-12,59027,59027,59027,59027
1986-08-13,59905,59905,59905,59905
1986-08-14,58784,58784,58784,58784
1986-08-15,58842,58842,58842,58842
1986-08-18,57694,57694,57694,57694
1986-08-19,57056,57056,57056,57056
1986-08-20,57575,57575,57575,57575
1986-08-21,58465,58465,58465,58465
1986-08-22,58149,58149,58149,58149
1986-08-26,58533,58533,58533,58533
1986-08-27,58464,58464,58464,58464
1986-08-28,59758,59758,59758,59758
1986-08-29,59231,59231,59231,59231
1986-09-01,59548,59548,59548,59548
1986-09-02,60342,60342,60342,60342
1986-09-03,62548,62548,62548,62548
1986-09-04,62533,62533,62533,62533
1986-09-05,64742,64742,64742,64742
1986-09-08,64825,64825,64825,64825
1986-09-09,63778,63778,63778,63778
1986-09-10,64375,64375,64375,64375
1986-09-11,62586,62586,62586,62586
1986-09-12,64857,64857,64857,64857
1986-09-15,63422,63422,63422,63422
1986-09-16,64535,64535,64535,64535
1986-09-17,63614,63614,63614,63614
1986-09-18,63835,63835,63835,63835
1986-09-19,65226,65226,65226,65226
1986-09-22,66702,66702,66702,66702
1986-09-23,66620,66620,66620,66620
1986-09-24,66839,66839,66839,66839
1986-09-25,66693,66693,66693,66693
1986-09-26,66378,66378,66378,66378
1986-09-29,65616,65616,65616,65616
1986-09-30,65117,65117,65117,65117
1986-10-01,65181,65181,65181,65181
1986-10-02,66357,66357,66357,66357
1986-10-03,67064,67064,67064,67064
1986-10-06,67265,67265,67265,67265
1986-10-07,67265,67265,67265,67265
1986-10-08,67513,67513,67513,67513
1986-10-09,66780,66780,66780,66780
1986-10-10,66316,66316,66316,66316
1986-10-13,66462,66462,66462,66462
1986-10-14,65842,65842,65842,65842
1986-10-15,65095,65095,65095,65095
1986-10-16,65431,65431,65431,65431
1986-10-17,64759,64759,64759,64759
1986-10-20,65689,65689,65689,65689
1986-10-21,65705,65705,65705,65705
1986-10-22,65827,65827,65827,65827
1986-10-23,66903,66903,66903,66903
1986-10-24,66229,66229,66229,66229
1986-10-27,65610,65610,65610,65610
1986-10-28,65676,65676,65676,65676
1986-10-29,64804,64804,64804,64804
1986-10-30,65384,65384,65384,65384
1986-10-31,65298,65298,65298,65298
1986-11-03,66375,66375,66375,66375
1986-11-04,66697,66697,66697,66697
1986-11-05,66634,66634,66634,66634
1986-11-06,66450,66450,66450,66450
1986-11-07,66532,66532,66532,66532
1986-11-10,66677,66677,66677,66677
1986-11-11,65346,65346,65346,65346
1986-11-12,64921,64921,64921,64921
1986-11-13,65457,65457,65457,65457
1986-11-14,65770,65770,65770,65770
1986-11-17,63568,63568,63568,63568
1986-11-18,63396,63396,63396,63396
1986-11-19,63632,63632,63632,63632
1986-11-20,63117,63117,63117,63117
1986-11-21,62615,62615,62615,62615
1986-11-24,62427,62427,62427,62427
1986-11-25,62216,62216,62216,62216
1986-11-26,61889,61889,61889,61889
1986-11-27,62151,62151,62151,62151
1986-11-28,62808,62808,62808,62808
1986-12-01,63257,63257,63257,63257
1986-12-02,62697,62697,62697,62697
1986-12-03,63368,63368,63368,63368
1986-12-04,62777,62777,62777,62777
1986-12-05,62613,62613,62613,62613
1986-12-08,62725,62725,62725,62725
1986-12-09,62579,62579,62579,62579
1986-12-10,63265,63265,63265,63265
1986-12-11,62845,62845,62845,62845
1986-12-12,63400,63400,63400,63400
1986-12-15,64066,64066,64066,64066
1986-12-16,64215,64215,64215,64215
1986-12-17,63775,63775,63775,63775
1986-12-18,63694,63694,63694,63694
1986-12-19,63622,63622,63622,63622
1986-12-22,63597,63597,63597,63597
1986-12-23,63000,63000,63000,63000
1986-12-24,62449,62449,62449,62449
1986-12-29,61319,61319,61319,61319
1986-12-30,61810,61810,61810,61810
1986-12-31,61445,61445,61445,61445
1987-01-02,63699,63699,63699,63699
1987-01-05,63507,63507,63507,63507
1987-01-06,63614,63614,63614,63614
1987-01-07,63076,63076,63076,63076
1987-01-08,63518,63518,63518,63518
1987-01-09,63836,63836,63836,63836
1987-01-12,64371,64371,64371,64371
1987-01-13,63674,63674,63674,63674
1987-01-14,64019,64019,64019,64019
1987-01-15,63451,63451,63451,63451
1987-01-16,63635,63635,63635,63635
1987-01-19,63551,63551,63551,63551
1987-01-20,63205,63205,63205,63205
1987-01-21,62508,62508,62508,62508
1987-01-22,62078,62078,62078,62078
1987-01-23,61596,61596,61596,61596
1987-01-26,62117,62117,62117,62117
1987-01-27,62352,62352,62352,62352
1987-01-28,61820,61820,61820,61820
1987-01-29,62188,62188,62188,62188
1987-01-30,61958,61958,61958,61958
1987-02-02,62056,62056,62056,62056
1987-02-03,60866,60866,60866,60866
1987-02-04,61443,61443,61443,61443
1987-02-05,61291,61291,61291,61291
1987-02-06,62181,62181,62181,62181
1987-02-09,61737,61737,61737,61737
1987-02-10,61389,61389,61389,61389
1987-02-11,61508,61508,61508,61508
1987-02-12,61686,61686,61686,61686
1987-02-13,60957,60957,60957,60957
1987-02-16,60914,60914,60914,60914
1987-02-17,60374,60374,60374,60374
1987-02-18,60120,60120,60120,60120
1987-02-19,60568,60568,60568,60568
1987-02-20,61281,61281,61281,61281
1987-02-23,61936,61936,61936,61936
1987-02-24,61745,61745,61745,61745
1987-02-25,62308,62308,62308,62308
1987-02-26,61806,61806,61806,61806
1987-02-27,62066,62066,62066,62066
1987-03-02,62009,62009,62009,62009
1987-03-03,62108,62108,62108,62108
1987-03-04,62358,62358,62358,62358
1987-03-05,63092,63092,63092,63092
1987-03-06,62237,62237,62237,62237
1987-03-09,62041,62041,62041,62041
1987-03-10,62264,62264,62264,62264
1987-03-11,62486,62486,62486,62486
1987-03-12,62692,62692,62692,62692
1987-03-13,61626,61626,61626,61626
1987-03-16,61358,61358,61358,61358
1987-03-17,61007,61007,61007,61007
1987-03-18,61468,61468,61468,61468
1987-03-19,61051,61051,61051,61051
1987-03-20,61243,61243,61243,61243
1987-03-23,61261,61261,61261,61261
1987-03-24,61681,61681,61681,61681
1987-03-25,61496,61496,61496,61496
1987-03-26,61389,61389,61389,61389
1987-03-27,61752,61752,61752,61752
1987-03-30,61488,61488,61488,61488
1987-03-31,60900,60900,60900,60900
1987-04-01,61298,61298,61298,61298
1987-04-02,61152,61152,61152,61152
1987-04-03,61174,61174,61174,61174
1987-04-06,61027,61027,61027,61027
1987-04-07,61427,61427,61427,61427
1987-04-08,61169,61169,61169,61169
1987-04-09,62143,62143,62143,62143
1987-04-10,61706,61706,61706,61706
1987-04-13,62169,62169,62169,62169
1987-04-14,63308,63308,63308,63308
1987-04-15,62580,62580,62580,62580
1987-04-16,63250,63250,63250,63250
1987-04-20,64275,64275,64275,64275
1987-04-21,63725,63725,63725,63725
1987-04-22,63914,63914,63914,63914
1987-04-23,64620,64620,64620,64620
1987-04-24,64313,64313,64313,64313
1987-04-27,61811,61811,61811,61811
1987-04-28,63161,63161,63161,63161
1987-04-29,62549,62549,62549,62549
1987-04-30,63839,63839,63839,63839
1987-05-01,63770,63770,63770,63770
1987-05-04,63956,63956,63956,63956
1987-05-05,63709,63709,63709,63709
1987-05-06,63625,63625,63625,63625
1987-05-07,63645,63645,63645,63645
1987-05-08,63517,63517,63517,63517
1987-05-11,63562,63562,63562,63562
1987-05-12,64151,64151,64151,64151
1987-05-13,64262,64262,64262,64262
1987-05-14,64516,64516,64516,64516
1987-05-15,65254,65254,65254,65254
1987-05-18,66361,66361,66361,66361
1987-05-19,65530,65530,65530,65530
1987-05-20,66363,66363,66363,66363
1987-05-21,65999,65999,65999,65999
1987-05-22,65344,65344,65344,65344
1987-05-25,65628,65628,65628,65628
1987-05-26,65132,65132,65132,65132
1987-05-27,64378,64378,64378,64378
1987-05-28,64810,64810,64810,64810
1987-05-29,64929,64929,64929,64929
1987-06-01,64756,64756,64756,64756
1987-06-02,64258,64258,64258,64258
1987-06-03,64726,64726,64726,64726
1987-06-04,65340,65340,65340,65340
1987-06-05,65261,65261,65261,65261
1987-06-08,65358,65358,65358,65358
1987-06-09,64309,64309,64309,64309
1987-06-10,64918,64918,64918,64918
1987-06-11,65226,65226,65226,65226
1987-06-12,65375,65375,65375,65375
1987-06-15,65362,65362,65362,65362
1987-06-16,65404,65404,65404,65404
1987-06-17,64797,64797,64797,64797
1987-06-18,65096,65096,65096,65096
1987-06-19,65057,65057,65057,65057
1987-06-22,63916,63916,63916,63916
1987-06-23,64342,64342,64342,64342
1987-06-24,64133,64133,64133,64133
1987-06-25,64392,64392,64392,64392
1987-06-26,64922,64922,64922,64922
1987-06-29,65435,65435,65435,65435
1987-06-30,65875,65875,65875,65875
1987-07-01,65636,65636,65636,65636
1987-07-02,65700,65700,65700,65700
1987-07-03,66016,66016,66016,66016
1987-07-06,66030,66030,66030,66030
1987-07-07,66415,66415,66415,66415
1987-07-08,66868,66868,66868,66868
1987-07-09,66849,66849,66849,66849
1987-07-10,66952,66952,66952,66952
1987-07-13,67354,67354,67354,67354
1987-07-14,67613,67613,67613,67613
1987-07-15,67389,67389,67389,67389
1987-07-16,68306,68306,68306,68306
1987-07-17,68835,68835,68835,68835
1987-07-20,68893,68893,68893,68893
1987-07-21,68758,68758,68758,68758
1987-07-22,69221,69221,69221,69221
1987-07-23,68762,68762,68762,68762
1987-07-24,67784,67784,67784,67784
1987-07-27,68287,68287,68287,68287
1987-07-28,68512,68512,68512,68512
1987-07-29,68982,68982,68982,68982
1987-07-30,68646,68646,68646,68646
1987-07-31,69552,69552,69552,69552
1987-08-03,71439,71439,71439,71439
1987-08-04,72501,72501,72501,72501
1987-08-05,70365,70365,70365,70365
1987-08-06,70818,70818,70818,70818
1987-08-07,70307,70307,70307,70307
1987-08-10,69459,69459,69459,69459
1987-08-11,70147,70147,70147,70147
1987-08-12,69932,69932,69932,69932
1987-08-13,69625,69625,69625,69625
1987-08-14,67753,67753,67753,67753
1987-08-17,67674,67674,67674,67674
1987-08-18,67017,67017,67017,67017
1987-08-19,65830,65830,65830,65830
1987-08-20,66024,66024,66024,66024
1987-08-21,64672,64672,64672,64672
1987-08-24,65348,65348,65348,65348
1987-08-25,65639,65639,65639,65639
1987-08-26,65419,65419,65419,65419
1987-08-27,64675,64675,64675,64675
1987-08-28,64217,64217,64217,64217
1987-08-31,64504,64504,64504,64504
1987-09-01,64243,64243,64243,64243
1987-09-02,65127,65127,65127,65127
1987-09-03,65377,65377,65377,65377
1987-09-04,65655,65655,65655,65655
1987-09-07,65748,65748,65748,65748
1987-09-08,64833,64833,64833,64833
1987-09-09,64741,64741,64741,64741
1987-09-10,65495,65495,65495,65495
1987-09-11,65933,65933,65933,65933
1987-09-14,65971,65971,65971,65971
1987-09-15,65729,65729,65729,65729
1987-09-16,65746,65746,65746,65746
1987-09-17,65916,65916,65916,65916
1987-09-18,65671,65671,65671,65671
1987-09-21,65726,65726,65726,65726
1987-09-22,66607,66607,66607,66607
1987-09-23,66389,66389,66389,66389
1987-09-24,66112,66112,66112,66112
1987-09-25,65919,65919,65919,65919
1987-09-28,66330,66330,66330,66330
1987-09-29,67352,67352,67352,67352
1987-09-30,67213,67213,67213,67213
1987-10-01,66254,66254,66254,66254
1987-10-02,66809,66809,66809,66809
1987-10-05,66945,66945,66945,66945
1987-10-06,66987,66987,66987,66987
1987-10-07,66390,66390,66390,66390
1987-10-08,66107,66107,66107,66107
1987-10-09,66255,66255,66255,66255
1987-10-12,65989,65989,65989,65989
1987-10-13,66018,66018,66018,66018
1987-10-14,65519,65519,65519,65519
1987-10-15,65671,65671,65671,65671
1987-10-16,66500,66500,66500,66500
1987-10-19,68180,68180,68180,68180
1987-10-20,67071,67071,67071,67071
1987-10-21,67469,67469,67469,67469
1987-10-22,68104,68104,68104,68104
1987-10-23,66968,66968,66968,66968
1987-10-26,67706,67706,67706,67706
1987-10-27,66993,66993,66993,66993
1987-10-28,66362,66362,66362,66362
1987-10-29,65279,65279,65279,65279
1987-10-30,64817,64817,64817,64817
1987-11-02,64269,64269,64269,64269
1987-11-03,64238,64238,64238,64238
1987-11-04,63603,63603,63603,63603
1987-11-05,61650,61650,61650,61650
1987-11-06,62025,62025,62025,62025
1987-11-09,62026,62026,62026,62026
1987-11-10,62038,62038,62038,62038
1987-11-11,62221,62221,62221,62221
1987-11-12,62855,62855,62855,62855
1987-11-13,62952,62952,62952,62952
1987-11-16,62831,62831,62831,62831
1987-11-17,62945,62945,62945,62945
1987-11-18,62552,62552,62552,62552
1987-11-19,62893,62893,62893,62893
1987-11-20,63523,63523,63523,63523
1987-11-23,63947,63947,63947,63947
1987-11-24,63907,63907,63907,63907
1987-11-25,64233,64233,64233,64233
1987-11-26,64174,64174,64174,64174
1987-11-27,64581,64581,64581,64581
1987-11-30,64883,64883,64883,64883
1987-12-01,65309,65309,65309,65309
1987-12-02,64534,64534,64534,64534
1987-12-03,64811,64811,64811,64811
1987-12-04,64014,64014,64014,64014
1987-12-07,63971,63971,63971,63971
1987-12-08,64054,64054,64054,64054
1987-12-09,63950,63950,63950,63950
1987-12-10,63509,63509,63509,63509
1987-12-11,63705,63705,63705,63705
1987-12-14,63752,63752,63752,63752
1987-12-15,61525,61525,61525,61525
1987-12-16,61608,61608,61608,61608
1987-12-17,60989,60989,60989,60989
1987-12-18,60932,60932,60932,60932
1987-12-21,60630,60630,60630,60630
1987-12-22,61030,61030,61030,61030
1987-12-23,61033,61033,61033,61033
1987-12-24,60950,60950,60950,60950
1987-12-28,60190,60190,60190,60190
1987-12-29,59977,59977,59977,59977
1987-12-30,59416,59416,59416,59416
1987-12-31,58794,58794,58794,58794
1988-01-04,59205,59205,59205,59205
1988-01-05,61643,61643,61643,61643
1988-01-06,62498,62498,62498,62498
1988-01-07,62694,62694,62694,62694
1988-01-08,62101,62101,62101,62101
1988-01-11,61914,61914,61914,61914
1988-01-12,61201,61201,61201,61201
1988-01-13,61124,61124,61124,61124
1988-01-14,61353,61353,61353,61353
1988-01-15,62099,62099,62099,62099
1988-01-18,61690,61690,61690,61690
1988-01-19,61287,61287,61287,61287
1988-01-20,60593,60593,60593,60593
1988-01-21,60850,60850,60850,60850
1988-01-22,60731,60731,60731,60731
1988-01-25,60101,60101,60101,60101
1988-01-26,59962,59962,59962,59962
1988-01-27,59162,59162,59162,59162
1988-01-28,59241,59241,59241,59241
1988-01-29,58101,58101,58101,58101
1988-02-01,58802,58802,58802,58802
1988-02-02,58199,58199,58199,58199
1988-02-03,56320,56320,56320,56320
1988-02-04,56910,56910,56910,56910
1988-02-05,56957,56957,56957,56957
1988-02-08,56721,56721,56721,56721
1988-02-09,56866,56866,56866,56866
1988-02-10,56864,56864,56864,56864
1988-02-11,56907,56907,56907,56907
1988-02-12,58342,58342,58342,58342
1988-02-15,57875,57875,57875,57875
1988-02-16,57955,57955,57955,57955
1988-02-17,58042,58042,58042,58042
1988-02-18,57658,57658,57658,57658
1988-02-19,57933,57933,57933,57933
1988-02-22,57437,57437,57437,57437
1988-02-23,56872,56872,56872,56872
1988-02-24,55596,55596,55596,55596
1988-02-25,55599,55599,55599,55599
1988-02-26,55116,55116,55116,55116
1988-02-29,55151,55151,55151,55151
1988-03-01,55305,55305,55305,55305
1988-03-02,55729,55729,55729,55729
1988-03-03,55211,55211,55211,55211
1988-03-04,56241,56241,56241,56241
1988-03-07,55861,55861,55861,55861
1988-03-08,55600,55600,55600,55600
1988-03-09,55872,55872,55872,55872
1988-03-10,56531,56531,56531,56531
1988-03-11,56134,56134,56134,56134
1988-03-14,56031,56031,56031,56031
1988-03-15,56822,56822,56822,56822
1988-03-16,56736,56736,56736,56736
1988-03-17,57086,57086,57086,57086
1988-03-18,56810,56810,56810,56810
1988-03-21,56980,56980,56980,56980
1988-03-22,56984,56984,56984,56984
1988-03-23,57139,57139,57139,57139
1988-03-24,56870,56870,56870,56870
1988-03-25,56566,56566,56566,56566
1988-03-28,56329,56329,56329,56329
1988-03-29,56898,56898,56898,56898
1988-03-30,57058,57058,57058,57058
1988-03-31,56407,56407,56407,56407
1988-04-04,56521,56521,56521,56521
1988-04-05,56606,56606,56606,56606
1988-04-06,56355,56355,56355,56355
1988-04-07,56430,56430,56430,56430
1988-04-08,56557,56557,56557,56557
1988-04-11,56983,56983,56983,56983
1988-04-12,57021,57021,57021,57021
1988-04-13,56406,56406,56406,56406
1988-04-14,55962,55962,55962,55962
1988-04-15,56355,56355,56355,56355
1988-04-18,56939,56939,56939,56939
1988-04-19,56774,56774,56774,56774
1988-04-20,56566,56566,56566,56566
1988-04-21,56441,56441,56441,56441
1988-04-22,56054,56054,56054,56054
1988-04-25,55695,55695,55695,55695
1988-04-26,56045,56045,56045,56045
1988-04-27,56312,56312,56312,56312
1988-04-28,56010,56010,56010,56010
1988-04-29,56284,56284,56284,56284
1988-05-02,55461,55461,55461,55461
1988-05-03,55713,55713,55713,55713
1988-05-04,55359,55359,55359,55359
1988-05-05,55620,55620,55620,55620
1988-05-06,55238,55238,55238,55238
1988-05-09,55724,55724,55724,55724
1988-05-10,55869,55869,55869,55869
1988-05-11,55903,55903,55903,55903
1988-05-12,56165,56165,56165,56165
1988-05-13,56268,56268,56268,56268
1988-05-16,56628,56628,56628,56628
1988-05-17,56962,56962,56962,56962
1988-05-18,56894,56894,56894,56894
1988-05-19,56889,56889,56889,56889
1988-05-20,56915,56915,56915,56915
1988-05-23,57265,57265,57265,57265
1988-05-24,57009,57009,57009,57009
1988-05-25,56398,56398,56398,56398
1988-05-26,56362,56362,56362,56362
1988-05-27,56233,56233,56233,56233
1988-05-30,56495,56495,56495,56495
1988-05-31,56876,56876,56876,56876
1988-06-01,57257,57257,57257,57257
1988-06-02,58906,58906,58906,58906
1988-06-03,58495,58495,58495,58495
1988-06-06,58156,58156,58156,58156
1988-06-07,57549,57549,57549,57549
1988-06-08,57202,57202,57202,57202
1988-06-09,56923,56923,56923,56923
1988-06-10,56010,56010,56010,56010
1988-06-13,56216,56216,56216,56216
1988-06-14,56955,56955,56955,56955
1988-06-15,57161,57161,57161,57161
1988-06-16,56454,56454,56454,56454
1988-06-17,57088,57088,57088,57088
1988-06-20,56892,56892,56892,56892
1988-06-21,57050,57050,57050,57050
1988-06-22,57914,57914,57914,57914
1988-06-23,57499,57499,57499,57499
1988-06-24,57775,57775,57775,57775
1988-06-27,58087,58087,58087,58087
1988-06-28,58132,58132,58132,58132
1988-06-29,57763,57763,57763,57763
1988-06-30,57895,57895,57895,57895
1988-07-01,58737,58737,58737,58737
1988-07-04,59169,59169,59169,59169
1988-07-05,58655,58655,58655,58655
1988-07-06,58275,58275,58275,58275
1988-07-07,58257,58257,58257,58257
1988-07-08,58339,58339,58339,58339
1988-07-11,57716,57716,57716,57716
1988-07-12,57764,57764,57764,57764
1988-07-13,58364,58364,58364,58364
1988-07-14,58415,58415,58415,58415
1988-07-15,59581,59581,59581,59581
1988-07-18,58789,58789,58789,58789
1988-07-19,59291,59291,59291,59291
1988-07-20,59418,59418,59418,59418
1988-07-21,58113,58113,58113,58113
1988-07-22,57853,57853,57853,57853
1988-07-25,56462,56462,56462,56462
1988-07-26,57198,57198,57198,57198
1988-07-27,56996,56996,56996,56996
1988-07-28,57265,57265,57265,57265
1988-07-29,58013,58013,58013,58013
1988-08-01,57576,57576,57576,57576
1988-08-02,57345,57345,57345,57345
1988-08-03,57485,57485,57485,57485
1988-08-04,57561,57561,57561,57561
1988-08-05,57768,57768,57768,57768
1988-08-08,57544,57544,57544,57544
1988-08-09,57727,57727,57727,57727
1988-08-10,57302,57302,57302,57302
1988-08-11,56973,56973,56973,56973
1988-08-12,57213,57213,57213,57213
1988-08-15,57643,57643,57643,57643
1988-08-16,57289,57289,57289,57289
1988-08-17,57638,57638,57638,57638
1988-08-18,57556,57556,57556,57556
1988-08-19,57572,57572,57572,57572
1988-08-22,57882,57882,57882,57882
1988-08-23,57930,57930,57930,57930
1988-08-24,58145,58145,58145,58145
1988-08-25,57579,57579,57579,57579
1988-08-26,57761,57761,57761,57761
1988-08-29,57773,57773,57773,57773
1988-08-30,57748,57748,57748,57748
1988-08-31,58769,58769,58769,58769
1988-09-01,58603,58603,58603,58603
1988-09-02,58311,58311,58311,58311
1988-09-05,58060,58060,58060,58060
1988-09-06,57513,57513,57513,57513
1988-09-07,57035,57035,57035,57035
1988-09-08,57208,57208,57208,57208
1988-09-09,56327,56327,56327,56327
1988-09-12,56089,56089,56089,56089
1988-09-13,56102,56102,56102,56102
1988-09-14,56433,56433,56433,56433
1988-09-15,55789,55789,55789,55789
1988-09-16,54815,54815,54815,54815
1988-09-19,54087,54087,54087,54087
1988-09-20,54221,54221,54221,54221
1988-09-21,53218,53218,53218,53218
1988-09-22,53044,53044,53044,53044
1988-09-23,52736,52736,52736,52736
1988-09-26,53143,53143,53143,53143
1988-09-27,53276,53276,53276,53276
1988-09-28,53486,53486,53486,53486
1988-09-29,53168,53168,53168,53168
1988-09-30,53036,53036,53036,53036
1988-10-03,53817,53817,53817,53817
1988-10-04,53853,53853,53853,53853
1988-10-05,54746,54746,54746,54746
1988-10-06,54560,54560,54560,54560
1988-10-07,54130,54130,54130,54130
1988-10-10,54819,54819,54819,54819
1988-10-11,54487,54487,54487,54487
1988-10-12,52547,52547,52547,52547
1988-10-13,51782,51782,51782,51782
1988-10-14,51678,51678,51678,51678
1988-10-17,52336,52336,52336,52336
1988-10-18,52377,52377,52377,52377
1988-10-19,52323,52323,52323,52323
1988-10-20,52198,52198,52198,52198
1988-10-21,51441,51441,51441,51441
1988-10-24,51541,51541,51541,51541
1988-10-25,51431,51431,51431,51431
1988-10-26,51248,51248,51248,51248
1988-10-27,51182,51182,51182,51182
1988-10-28,51723,51723,51723,51723
1988-10-31,51740,51740,51740,51740
1988-11-01,51337,51337,51337,51337
1988-11-02,52341,52341,52341,52341
1988-11-03,52459,52459,52459,52459
1988-11-04,52586,52586,52586,52586
1988-11-07,52531,52531,52531,52531
1988-11-08,52534,52534,52534,52534
1988-11-09,52199,52199,52199,52199
1988-11-10,51787,51787,51787,51787
1988-11-11,51654,51654,51654,51654
1988-11-14,52322,52322,52322,52322
1988-11-15,52102,52102,52102,52102
1988-11-16,51709,51709,51709,51709
1988-11-17,51492,51492,51492,51492
1988-11-18,51058,51058,51058,51058
1988-11-21,50574,50574,50574,50574
1988-11-22,50602,50602,50602,50602
1988-11-23,50729,50729,50729,50729
1988-11-24,50673,50673,50673,50673
1988-11-25,51414,51414,51414,51414
1988-11-28,51606,51606,51606,51606
1988-11-29,51291,51291,51291,51291
1988-11-30,51422,51422,51422,51422
1988-12-01,51350,51350,51350,51350
1988-12-02,52163,52163,52163,52163
1988-12-05,52013,52013,52013,52013
1988-12-06,52042,52042,52042,52042
1988-12-07,52230,52230,52230,52230
1988-12-08,51794,51794,51794,51794
1988-12-09,51743,51743,51743,51743
1988-12-12,51514,51514,51514,51514
1988-12-13,51682,51682,51682,51682
1988-12-14,51654,51654,51654,51654
1988-12-15,51122,51122,51122,51122
1988-12-16,51139,51139,51139,51139
1988-12-19,51379,51379,51379,51379
1988-12-20,51829,51829,51829,51829
1988-12-21,51623,51623,51623,51623
1988-12-22,51946,51946,51946,51946
1988-12-23,52084,52084,52084,52084
1988-12-27,52157,52157,52157,52157
1988-12-28,51873,51873,51873,51873
1988-12-29,51143,51143,51143,51143
1988-12-30,51146,51146,51146,51146
1989-01-03,50787,50787,50787,50787
1989-01-04,51005,51005,51005,51005
1989-01-05,51340,51340,51340,51340
1989-01-06,51368,51368,51368,51368
1989-01-09,50929,50929,50929,50929
1989-01-10,50937,50937,50937,50937
1989-01-11,50744,50744,50744,50744
1989-01-12,51091,51091,51091,51091
1989-01-13,51154,51154,51154,51154
1989-01-16,51308,51308,51308,51308
1989-01-17,51367,51367,51367,51367
1989-01-18,51618,51618,51618,51618
1989-01-19,51801,51801,51801,51801
1989-01-20,52030,52030,52030,52030
1989-01-23,51829,51829,51829,51829
1989-01-24,51703,51703,51703,51703
1989-01-25,51553,51553,51553,51553
1989-01-26,51564,51564,51564,51564
1989-01-27,51035,51035,51035,51035
1989-01-30,50976,50976,50976,50976
1989-01-31,50844,50844,50844,50844
1989-02-01,51052,51052,51052,51052
1989-02-02,50592,50592,50592,50592
1989-02-03,50522,50522,50522,50522
1989-02-06,50602,50602,50602,50602
1989-02-07,50479,50479,50479,50479
1989-02-08,50950,50950,50950,50950
1989-02-09,50261,50261,50261,50261
1989-02-10,49773,49773,49773,49773
1989-02-13,49191,49191,49191,49191
1989-02-14,48514,48514,48514,48514
1989-02-15,48372,48372,48372,48372
1989-02-16,48224,48224,48224,48224
1989-02-17,47773,47773,47773,47773
1989-02-20,48288,48288,48288,48288
1989-02-21,48932,48932,48932,48932
1989-02-22,48713,48713,48713,48713
1989-02-23,49263,49263,49263,49263
1989-02-24,49019,49019,49019,49019
1989-02-27,48918,48918,48918,48918
1989-02-28,49070,49070,49070,49070
1989-03-01,49170,49170,49170,49170
1989-03-02,49213,49213,49213,49213
1989-03-03,49298,49298,49298,49298
1989-03-06,49981,49981,49981,49981
1989-03-07,50538,50538,50538,50538
1989-03-08,50659,50659,50659,50659
1989-03-09,50711,50711,50711,50711
1989-03-10,50910,50910,50910,50910
1989-03-13,51161,51161,51161,51161
1989-03-14,51224,51224,51224,51224
1989-03-15,51063,51063,51063,51063
1989-03-16,50860,50860,50860,50860
1989-03-17,51667,51667,51667,51667
1989-03-20,51817,51817,51817,51817
1989-03-21,51626,51626,51626,51626
1989-03-22,51532,51532,51532,51532
1989-03-23,51352,51352,51352,51352
1989-03-27,51711,51711,51711,51711
1989-03-28,50827,50827,50827,50827
1989-03-29,50749,50749,50749,50749
1989-03-30,50159,50159,50159,50159
1989-03-31,51049,51049,51049,51049
1989-04-03,50728,50728,50728,50728
1989-04-04,50482,50482,50482,50482
1989-04-05,50489,50489,50489,50489
1989-04-06,50723,50723,50723,50723
1989-04-07,50800,50800,50800,50800
1989-04-10,51160,51160,51160,51160
1989-04-11,51033,51033,51033,51033
1989-04-12,51445,51445,51445,51445
1989-04-13,51379,51379,51379,51379
1989-04-14,50773,50773,50773,50773
1989-04-17,50861,50861,50861,50861
1989-04-18,50299,50299,50299,50299
1989-04-19,50656,50656,50656,50656
1989-04-20,50535,50535,50535,50535
1989-04-21,50470,50470,50470,50470
1989-04-24,50835,50835,50835,50835
1989-04-25,50523,50523,50523,50523
1989-04-26,50697,50697,50697,50697
1989-04-27,50424,50424,50424,50424
1989-04-28,50240,50240,50240,50240
1989-05-01,50574,50574,50574,50574
1989-05-02,50631,50631,50631,50631
1989-05-03,50702,50702,50702,50702
1989-05-04,50512,50512,50512,50512
1989-05-05,50599,50599,50599,50599
1989-05-08,50608,50608,50608,50608
1989-05-09,50837,50837,50837,50837
1989-05-10,50552,50552,50552,50552
1989-05-11,51291,51291,51291,51291
1989-05-12,51171,51171,51171,51171
1989-05-15,51301,51301,51301,51301
1989-05-16,51055,51055,51055,51055
1989-05-17,51746,51746,51746,51746
1989-05-18,51077,51077,51077,51077
1989-05-19,50639,50639,50639,50639
1989-05-22,51412,51412,51412,51412
1989-05-23,51477,51477,51477,51477
1989-05-24,51590,51590,51590,51590
1989-05-25,51658,51658,51658,51658
1989-05-26,51348,51348,51348,51348
1989-05-29,51784,51784,51784,51784
1989-05-30,51787,51787,51787,51787
1989-05-31,51596,51596,51596,51596
1989-06-01,51526,51526,51526,51526
1989-06-02,51582,51582,51582,51582
1989-06-05,52171,52171,52171,52171
1989-06-06,53799,53799,53799,53799
1989-06-07,53434,53434,53434,53434
1989-06-08,53314,53314,53314,53314
1989-06-09,52343,52343,52343,52343
1989-06-12,53616,53616,53616,53616
1989-06-13,53550,53550,53550,53550
1989-06-14,54055,54055,54055,54055
1989-06-15,53434,53434,53434,53434
1989-06-16,52758,52758,52758,52758
1989-06-19,52786,52786,52786,52786
1989-06-20,52824,52824,52824,52824
1989-06-21,52777,52777,52777,52777
1989-06-22,52153,52153,52153,52153
1989-06-23,52281,52281,52281,52281
1989-06-26,52835,52835,52835,52835
1989-06-27,53216,53216,53216,53216
1989-06-28,53743,53743,53743,53743
1989-06-29,53175,53175,53175,53175
1989-06-30,53751,53751,53751,53751
1989-07-03,53221,53221,53221,53221
1989-07-04,53298,53298,53298,53298
1989-07-05,53071,53071,53071,53071
1989-07-06,53336,53336,53336,53336
1989-07-07,53048,53048,53048,53048
1989-07-10,53269,53269,53269,53269
1989-07-11,53415,53415,53415,53415
1989-07-12,52608,52608,52608,52608
1989-07-13,52294,52294,52294,52294
1989-07-14,52114,52114,52114,52114
1989-07-17,52356,52356,52356,52356
1989-07-18,52675,52675,52675,52675
1989-07-19,52449,52449,52449,52449
1989-07-20,52336,52336,52336,52336
1989-07-21,52847,52847,52847,52847
1989-07-24,53088,53088,53088,53088
1989-07-25,52724,52724,52724,52724
1989-07-26,52331,52331,52331,52331
1989-07-27,51747,51747,51747,51747
1989-07-28,50969,50969,50969,50969
1989-07-31,50740,50740,50740,50740
1989-08-01,50220,50220,50220,50220
1989-08-02,50503,50503,50503,50503
1989-08-03,51236,51236,51236,51236
1989-08-04,51369,51369,51369,51369
1989-08-07,51243,51243,51243,51243
1989-08-08,50720,50720,50720,50720
1989-08-09,50870,50870,50870,50870
1989-08-10,51125,51125,51125,51125
1989-08-11,51507,51507,51507,51507
1989-08-14,51841,51841,51841,51841
1989-08-15,52376,52376,52376,52376
1989-08-16,52036,52036,52036,52036
1989-08-17,52436,52436,52436,52436
1989-08-18,52144,52144,52144,52144
1989-08-21,52399,52399,52399,52399
1989-08-22,52077,52077,52077,52077
1989-08-23,52023,52023,52023,52023
1989-08-24,51960,51960,51960,51960
1989-08-25,51630,51630,51630,51630
1989-08-28,51875,51875,51875,51875
1989-08-29,51872,51872,51872,51872
1989-08-30,51994,51994,51994,51994
1989-08-31,51913,51913,51913,51913
1989-09-01,52375,52375,52375,52375
1989-09-04,52392,52392,52392,52392
1989-09-05,52548,52548,52548,52548
1989-09-06,52660,52660,52660,52660
1989-09-07,52677,52677,52677,52677
1989-09-08,52728,52728,52728,52728
1989-09-11,52489,52489,52489,52489
1989-09-12,52721,52721,52721,52721
1989-09-13,52430,52430,52430,52430
1989-09-14,52706,52706,52706,52706
1989-09-15,53056,53056,53056,53056
1989-09-18,52448,52448,52448,52448
1989-09-19,52457,52457,52457,52457
1989-09-20,52736,52736,52736,52736
1989-09-21,52991,52991,52991,52991
1989-09-22,53156,53156,53156,53156
1989-09-25,52307,52307,52307,52307
1989-09-26,52181,52181,52181,52181
1989-09-27,51274,51274,51274,51274
1989-09-28,51468,51468,51468,51468
1989-09-29,50906,50906,50906,50906
1989-10-02,51125,51125,51125,51125
1989-10-03,51614,51614,51614,51614
1989-10-04,51770,51770,51770,51770
1989-10-05,51589,51589,51589,51589
1989-10-06,51691,51691,51691,51691
1989-10-09,51692,51692,51692,51692
1989-10-10,52107,52107,52107,52107
1989-10-11,52240,52240,52240,52240
1989-10-12,52285,52285,52285,52285
1989-10-13,51327,51327,51327,51327
1989-10-16,51973,51973,51973,51973
1989-10-17,52246,52246,52246,52246
1989-10-18,52046,52046,52046,52046
1989-10-19,51926,51926,51926,51926
1989-10-20,52179,52179,52179,52179
1989-10-23,51924,51924,51924,51924
1989-10-24,52166,52166,52166,52166
1989-10-25,52106,52106,52106,52106
1989-10-26,52663,52663,52663,52663
1989-10-27,53407,53407,53407,53407
1989-10-30,53595,53595,53595,53595
1989-10-31,53364,53364,53364,53364
1989-11-01,53585,53585,53585,53585
1989-11-02,54258,54258,54258,54258
1989-11-03,54114,54114,54114,54114
1989-11-06,54742,54742,54742,54742
1989-11-07,54965,54965,54965,54965
1989-11-08,55688,55688,55688,55688
1989-11-09,55253,55253,55253,55253
1989-11-10,55309,55309,55309,55309
1989-11-13,56130,56130,56130,56130
1989-11-14,56119,56119,56119,56119
1989-11-15,56053,56053,56053,56053
1989-11-16,56444,56444,56444,56444
1989-11-17,56912,56912,56912,56912
1989-11-20,57476,57476,57476,57476
1989-11-21,57887,57887,57887,57887
1989-11-22,58643,58643,58643,58643
1989-11-23,59333,59333,59333,59333
1989-11-24,60119,60119,60119,60119
1989-11-27,59285,59285,59285,59285
1989-11-28,59085,59085,59085,59085
1989-11-29,58220,58220,58220,58220
1989-11-30,58762,58762,58762,58762
1989-12-01,59308,59308,59308,59308
1989-12-04,57464,57464,57464,57464
1989-12-05,58001,58001,58001,58001
1989-12-06,58340,58340,58340,58340
1989-12-07,59052,59052,59052,59052
1989-12-08,59390,59390,59390,59390
1989-12-11,60161,60161,60161,60161
1989-12-12,60041,60041,60041,60041
1989-12-13,58421,58421,58421,58421
1989-12-14,58850,58850,58850,58850
1989-12-15,59486,59486,59486,59486
1989-12-18,59159,59159,59159,59159
1989-12-19,59280,59280,59280,59280
1989-12-20,59437,59437,59437,59437
1989-12-21,59127,59127,59127,59127
1989-12-22,58877,58877,58877,58877
1989-12-25,58935,58935,58935,58935
1989-12-26,57705,57705,57705,57705
1989-12-27,56891,56891,56891,56891
1989-12-28,57300,57300,57300,57300
1989-12-29,57943,57943,57943,57943
1990-01-02,58503,58503,58503,58503
1990-01-03,57329,57329,57329,57329
1990-01-04,57160,57160,57160,57160
1990-01-05,58681,58681,58681,58681
1990-01-08,57907,57907,57907,57907
1990-01-09,58846,58846,58846,58846
1990-01-10,59891,59891,59891,59891
1990-01-11,60100,60100,60100,60100
1990-01-12,60486,60486,60486,60486
1990-01-15,60507,60507,60507,60507
1990-01-16,59456,59456,59456,59456
1990-01-17,60071,60071,60071,60071
1990-01-18,60078,60078,60078,60078
1990-01-19,59825,59825,59825,59825
1990-01-22,59843,59843,59843,59843
1990-01-23,60229,60229,60229,60229
1990-01-24,60794,60794,60794,60794
1990-01-25,60093,60093,60093,60093
1990-01-26,59984,59984,59984,59984
1990-01-29,59848,59848,59848,59848
1990-01-30,60613,60613,60613,60613
1990-01-31,59426,59426,59426,59426
1990-02-01,60526,60526,60526,60526
1990-02-02,60854,60854,60854,60854
1990-02-05,61186,61186,61186,61186
1990-02-06,61174,61174,61174,61174
1990-02-07,60782,60782,60782,60782
1990-02-08,60816,60816,60816,60816
1990-02-09,60159,60159,60159,60159
1990-02-12,60497,60497,60497,60497
1990-02-13,60268,60268,60268,60268
1990-02-14,60199,60199,60199,60199
1990-02-15,59858,59858,59858,59858
1990-02-16,60063,60063,60063,60063
1990-02-19,60211,60211,60211,60211
1990-02-20,60832,60832,60832,60832
1990-02-21,60730,60730,60730,60730
1990-02-22,60946,60946,60946,60946
1990-02-23,61011,61011,61011,61011
1990-02-26,60653,60653,60653,60653
1990-02-27,60725,60725,60725,60725
1990-02-28,60589,60589,60589,60589
1990-03-01,60944,60944,60944,60944
1990-03-02,60608,60608,60608,60608
1990-03-05,60241,60241,60241,60241
1990-03-06,60563,60563,60563,60563
1990-03-07,60307,60307,60307,60307
1990-03-08,60417,60417,60417,60417
1990-03-09,60470,60470,60470,60470
1990-03-12,60940,60940,60940,60940
1990-03-13,60622,60622,60622,60622
1990-03-14,60536,60536,60536,60536
1990-03-15,60534,60534,60534,60534
1990-03-16,60982,60982,60982,60982
1990-03-19,61341,61341,61341,61341
1990-03-20,60628,60628,60628,60628
1990-03-21,60510,60510,60510,60510
1990-03-22,61050,61050,61050,61050
1990-03-23,59988,59988,59988,59988
1990-03-26,57705,57705,57705,57705
1990-03-27,57992,57992,57992,57992
1990-03-28,58539,58539,58539,58539
1990-03-29,58038,58038,58038,58038
1990-03-30,58677,58677,58677,58677
1990-04-02,58937,58937,58937,58937
1990-04-03,59936,59936,59936,59936
1990-04-04,59943,59943,59943,59943
1990-04-05,59053,59053,59053,59053
1990-04-06,59974,59974,59974,59974
1990-04-09,59424,59424,59424,59424
1990-04-10,59216,59216,59216,59216
1990-04-11,59211,59211,59211,59211
1990-04-12,59379,59379,59379,59379
1990-04-13,59612,59612,59612,59612
1990-04-16,59681,59681,59681,59681
1990-04-17,59856,59856,59856,59856
1990-04-18,59477,59477,59477,59477
1990-04-19,59187,59187,59187,59187
1990-04-20,59201,59201,59201,59201
1990-04-23,59769,59769,59769,59769
1990-04-24,59702,59702,59702,59702
1990-04-25,58982,58982,58982,58982
1990-04-26,59000,59000,59000,59000
1990-04-27,59103,59103,59103,59103
1990-04-30,58560,58560,58560,58560
1990-05-01,58745,58745,58745,58745
1990-05-02,58442,58442,58442,58442
1990-05-03,58721,58721,58721,58721
1990-05-04,58689,58689,58689,58689
1990-05-07,58800,58800,58800,58800
1990-05-08,58344,58344,58344,58344
1990-05-09,58029,58029,58029,58029
1990-05-10,58037,58037,58037,58037
1990-05-11,56300,56300,56300,56300
1990-05-14,56065,56065,56065,56065
1990-05-15,55577,55577,55577,55577
1990-05-16,55977,55977,55977,55977
1990-05-17,56144,56144,56144,56144
1990-05-18,57069,57069,57069,57069
1990-05-21,57246,57246,57246,57246
1990-05-22,56613,56613,56613,56613
1990-05-23,55204,55204,55204,55204
1990-05-24,55279,55279,55279,55279
1990-05-25,54883,54883,54883,54883
1990-05-28,54702,54702,54702,54702
1990-05-29,55477,55477,55477,55477
1990-05-30,55178,55196,55178,55178
1990-05-31,55341,55355,55341,55341
1990-06-01,54512,55531,54275,54512
1990-06-04,54491,54888,54255,54491
1990-06-05,54722,54936,54506,54722
1990-06-06,54458,54580,54290,54458
1990-06-07,53955,54491,53647,53955
1990-06-08,54475,54518,53942,54475
1990-06-11,54934,55198,54409,54934
1990-06-12,54781,55217,54781,54781
1990-06-13,54659,55000,53517,54659
1990-06-14,53765,54395,52318,53765
1990-06-15,53142,53723,53142,53142
1990-06-18,53530,53904,53132,53530
1990-06-19,53411,53731,53263,53411
1990-06-20,53788,54138,53259,53788
1990-06-21,54132,54251,53928,54132
1990-06-22,54103,54246,53832,54103
1990-06-25,54851,55143,54268,54851
1990-06-26,54125,54843,54125,54125
1990-06-27,54050,54166,53923,54050
1990-06-28,53723,54269,53709,53723
1990-06-29,54305,54452,53477,54305
1990-07-02,53964,54422,53928,53964
1990-07-03,54495,54877,54042,54495
1990-07-04,54265,54490,54066,54265
1990-07-05,54266,54653,53927,54266
1990-07-06,54606,54733,54279,54606
1990-07-09,54033,54714,53923,54033
1990-07-10,52581,54089,52522,52581
1990-07-11,52418,52731,52165,52418
1990-07-12,52689,52901,52049,52689
1990-07-13,53927,54245,52587,53927
1990-07-16,53686,53921,53573,53686
1990-07-17,53363,53878,53363,53363
1990-07-18,53334,53535,52842,53334
1990-07-19,53357,53683,53357,53357
1990-07-20,53627,53946,53395,53627
1990-07-23,54542,54860,53535,54542
1990-07-24,54617,54945,54391,54617
1990-07-25,55602,55789,54636,55602
1990-07-26,55427,55893,55275,55427
1990-07-27,54665,55708,54626,54665
1990-07-30,54364,54959,54252,54364
1990-07-31,53982,54670,53951,53982
1990-08-01,54906,55296,54022,54906
1990-08-02,56278,58619,54493,56278
1990-08-03,56342,57434,55412,56342
1990-08-06,57790,57927,56362,57790
1990-08-07,58217,58366,56942,58217
1990-08-08,57309,58442,57153,57309
1990-08-09,57709,57924,57096,57709
1990-08-10,59634,59673,57718,59634
1990-08-13,60741,60993,58938,60741
1990-08-14,60140,62412,60051,60140
1990-08-15,59374,61174,58427,59374
1990-08-16,60308,60487,58912,60308
1990-08-17,60383,61239,60069,60383
1990-08-20,59971,61069,59495,59971
1990-08-21,59630,60976,58829,59630
1990-08-22,60454,60574,59413,60454
1990-08-23,60138,60750,59653,60138
1990-08-24,60149,60766,59661,60149
1990-08-27,56175,60578,55748,56175
1990-08-28,54882,56381,54292,54882
1990-08-29,55600,56263,54804,55600
1990-08-30,55957,56349,55385,55957
1990-08-31,55001,56114,54860,55001
1990-09-03,55485,55871,55008,55485
1990-09-04,55071,56128,54658,55071
1990-09-05,55023,55203,54229,55023
1990-09-06,54826,55604,54483,54826
1990-09-07,54572,54599,54572,54572
1990-09-10,52958,54421,52353,52958
1990-09-11,53257,53333,53224,53257
1990-09-12,52829,53391,52367,52829
1990-09-13,52290,52982,52262,52290
1990-09-14,52643,53341,51938,52643
1990-09-17,53330,53669,52509,53330
1990-09-18,53588,54191,52815,53588
1990-09-19,53001,53874,52830,53001
1990-09-20,53622,53634,52567,53622
1990-09-21,53099,53864,53045,53099
1990-09-24,55326,55366,52868,55326
1990-09-25,54845,55849,54502,54845
1990-09-26,55698,55991,54690,55698
1990-09-27,55951,56310,55363,55951
1990-09-28,55802,56471,55566,55802
1990-10-01,53015,55902,52825,53015
1990-10-02,53149,53360,52821,53149
1990-10-03,53559,53714,53022,53559
1990-10-04,52471,53598,52372,52471
1990-10-05,52087,52674,52048,52087
1990-10-08,51424,51981,50648,51424
1990-10-09,50848,51974,50234,50848
1990-10-10,50284,51489,50175,50284
1990-10-11,50629,50991,50166,50629
1990-10-12,50071,50758,49749,50071
1990-10-15,47970,49994,47688,47970
1990-10-16,46022,49126,45905,46022
1990-10-17,45798,46289,45344,45798
1990-10-18,46152,46453,45443,46152
1990-10-19,46942,47571,46153,46942
1990-10-22,46575,47338,46224,46575
1990-10-23,47531,47619,46663,47531
1990-10-24,47248,48122,47072,47248
1990-10-25,48248,48248,47300,48248
1990-10-26,47544,48641,47336,47544
1990-10-29,48114,48122,47083,48114
1990-10-30,48713,49082,48083,48713
1990-10-31,49432,49577,48720,49432
1990-11-01,49783,50108,49356,49783
1990-11-02,48494,48947,48119,48494
1990-11-05,47894,49181,47574,47894
1990-11-06,49389,49453,47937,49389
1990-11-07,49735,50122,48927,49735
1990-11-08,50387,50582,49773,50387
1990-11-09,49857,50873,49597,49857
1990-11-12,48915,49671,48857,48915
1990-11-13,49937,50025,48839,49937
1990-11-14,48651,49961,48647,48651
1990-11-15,49092,49189,48655,49092
1990-11-16,49030,49376,48489,49030
1990-11-19,49107,49393,48279,49107
1990-11-20,48641,49277,48529,48641
1990-11-21,48184,48660,48062,48184
1990-11-22,48275,48501,48114,48275
1990-11-23,48774,48973,48129,48774
1990-11-26,49820,50044,48800,49820
1990-11-27,49383,49902,49281,49383
1990-11-28,50126,50165,49362,50126
1990-11-29,51523,51874,50037,51523
1990-11-30,50615,52272,50568,50615
1990-12-03,50553,51381,50160,50553
1990-12-04,49981,50957,49900,49981
1990-12-05,49819,50817,49805,49819
1990-12-06,49011,50303,48429,49011
1990-12-07,48260,49390,48249,48260
1990-12-10,49273,49417,48354,49273
1990-12-11,49234,49460,48758,49234
1990-12-12,48849,49247,48827,48849
1990-12-13,49310,49398,48748,49310
1990-12-14,49944,50163,49169,49944
1990-12-17,50112,50325,49922,50112
1990-12-18,49800,50318,49800,49800
1990-12-19,51456,51556,49837,51456
1990-12-20,52047,52109,51286,52047
1990-12-21,51653,52353,51265,51653
1990-12-24,52031,52224,51755,52031
1990-12-25,52826,53030,52186,52826
1990-12-26,52312,52982,52067,52312
1990-12-27,52440,52715,52189,52440
1990-12-28,52943,53104,52004,52943
1990-12-31,53144,53483,52634,53144
1991-01-02,52162,53282,52082,52162
1991-01-03,51397,52260,50916,51397
1991-01-04,51866,52365,51459,51866
1991-01-07,53475,53812,52546,53475
1991-01-08,53276,53374,52888,53276
1991-01-09,53496,53679,50637,53496
1991-01-10,52316,53583,52151,52316
1991-01-11,52402,52826,52246,52402
1991-01-14,53810,54254,52777,53810
1991-01-15,54110,54449,53754,54110
1991-01-16,55110,55356,53960,55110
1991-01-17,49367,56222,49367,49367
1991-01-18,49361,51881,49279,49361
1991-01-21,50193,50570,49670,50193
1991-01-22,50405,50558,49814,50405
1991-01-23,49820,50708,49820,49820
1991-01-24,49302,49852,48975,49302
1991-01-25,49735,49939,49292,49735
1991-01-28,49535,49985,49505,49535
1991-01-29,49672,49792,49262,49672
1991-01-30,48213,49690,48163,48213
1991-01-31,48036,48771,47951,48036
1991-02-01,48055,48674,47856,48055
1991-02-04,48074,48644,47846,48074
1991-02-05,47356,48189,47356,47356
1991-02-06,46396,47349,46396,46396
1991-02-07,47126,47320,46468,47126
1991-02-08,47160,47448,47003,47160
1991-02-11,46735,47233,46692,46735
1991-02-12,47175,47608,46405,47175
1991-02-13,47519,47661,47059,47519
1991-02-14,47683,47935,47421,47683
1991-02-15,47419,47722,46840,47419
1991-02-18,47372,47577,47202,47372
1991-02-19,47831,48021,47348,47831
1991-02-20,47784,48089,47707,47784
1991-02-21,47421,47793,47248,47421
1991-02-22,47134,47511,46753,47134
1991-02-25,47948,47948,47205,47948
1991-02-26,47560,48134,47407,47560
1991-02-27,47715,47927,47499,47715
1991-02-28,48665,48902,47705,48665
1991-03-01,49344,49501,48774,49344
1991-03-04,49683,49892,49268,49683
1991-03-05,49561,49851,49087,49561
1991-03-06,49685,50487,49504,49685
1991-03-07,49640,49957,49590,49640
1991-03-08,50408,50543,49611,50408
1991-03-11,50434,51291,50127,50434
1991-03-12,49512,50505,49325,49512
1991-03-13,49748,50243,49318,49748
1991-03-14,49581,49903,49437,49581
1991-03-15,50194,50362,49459,50194
1991-03-18,49944,50432,49854,49944
1991-03-19,49999,50677,49712,49999
1991-03-20,50067,50866,50058,50067
1991-03-21,49494,50235,49490,49494
1991-03-22,49816,50086,49526,49816
1991-03-25,49871,50126,49578,49871
1991-03-26,49492,49914,49324,49492
1991-03-27,49523,49607,49134,49523
1991-03-28,50285,50388,49592,50285
1991-03-29,49998,50346,49944,49998
1991-04-01,49974,50449,49801,49974
1991-04-02,49258,49975,49164,49258
1991-04-03,49340,49547,49198,49340
1991-04-04,48704,49472,48635,48704
1991-04-05,49012,49115,48546,49012
1991-04-08,49438,49643,48992,49438
1991-04-09,49036,49868,49036,49036
1991-04-10,50024,50254,49062,50024
1991-04-11,49205,50006,49101,49205
1991-04-12,49009,49309,48950,49009
1991-04-15,48352,48648,48312,48352
1991-04-16,48483,48803,48299,48483
1991-04-17,49095,49304,48479,49095
1991-04-18,49246,49475,48886,49246
1991-04-19,49290,49476,48950,49290
1991-04-22,49694,49839,49244,49694
1991-04-23,49073,49643,48976,49073
1991-04-24,49015,49253,48884,49015
1991-04-25,48690,49249,48433,48690
1991-04-26,48885,48956,48729,48885
1991-04-29,48136,49096,48117,48136
1991-04-30,48474,49174,48194,48474
1991-05-01,49118,49373,48543,49118
1991-05-02,49005,49166,48823,49005
1991-05-03,49080,49482,48905,49080
1991-05-06,49054,49162,48805,49054
1991-05-07,49112,49367,49011,49112
1991-05-08,49369,49488,49188,49369
1991-05-09,49350,49728,49335,49350
1991-05-10,49425,49627,49417,49425
1991-05-13,49873,50142,49572,49873
1991-05-14,49516,49866,49350,49516
1991-05-15,49264,49922,49214,49264
1991-05-16,48929,49425,48746,48929
1991-05-17,49063,49179,48846,49063
1991-05-20,49361,49407,49047,49361
1991-05-21,48912,49371,48912,48912
1991-05-22,48974,49299,48974,48974
1991-05-23,48867,49128,48808,48867
1991-05-24,49217,49340,48935,49217
1991-05-27,49283,49401,49260,49283
1991-05-28,49883,50091,48868,49883
1991-05-29,49751,49939,49525,49751
1991-05-30,49949,50150,49345,49949
1991-05-31,49997,50130,49667,49997
1991-06-03,50364,50687,49848,50364
1991-06-04,50221,50461,50136,50221
1991-06-05,50429,50591,50209,50429
1991-06-06,50781,50883,50499,50781
1991-06-07,51350,51532,50832,51350
1991-06-10,52685,52987,51399,52685
1991-06-11,52272,52805,52238,52272
1991-06-12,52288,52738,52203,52288
1991-06-13,52165,52614,52143,52165
1991-06-14,51524,52233,51385,51524
1991-06-17,51689,51876,51658,51689
1991-06-18,51862,52508,51453,51862
1991-06-19,51558,51965,51441,51558
1991-06-20,50913,51625,50816,50913
1991-06-21,50953,51195,50676,50953
1991-06-24,50455,51104,50051,50455
1991-06-25,50285,50576,50276,50285
1991-06-26,50560,50844,50265,50560
1991-06-27,50408,50764,50380,50408
1991-06-28,50574,51073,50474,50574
1991-07-01,50957,51099,50749,50957
1991-07-02,51023,51134,50840,51023
1991-07-03,51582,51676,51064,51582
1991-07-04,51405,51661,51401,51405
1991-07-05,51171,51573,51171,51171
1991-07-08,51256,51573,51214,51256
1991-07-09,51228,51437,51046,51228
1991-07-10,51199,51485,51111,51199
1991-07-11,50926,51264,50759,50926
1991-07-12,50255,51306,50149,50255
1991-07-15,50576,50701,50227,50576
1991-07-16,50589,50604,50468,50589
1991-07-17,50564,50677,50470,50564
1991-07-18,50521,50862,50477,50521
1991-07-19,50486,50775,50486,50486
1991-07-22,50527,50969,50306,50527
1991-07-23,50357,50687,50243,50357
1991-07-24,50058,50577,49891,50058
1991-07-25,50572,50739,50082,50572
1991-07-26,50380,50777,50073,50380
1991-07-29,50127,50703,50075,50127
1991-07-30,50083,50228,49720,50083
1991-07-31,49936,50196,49814,49936
1991-08-01,49972,50145,49893,49972
1991-08-02,48839,50090,48617,48839
1991-08-05,48695,49123,48620,48695
1991-08-06,48402,48883,48402,48402
1991-08-07,48458,48663,48310,48458
1991-08-08,48555,48838,48205,48555
1991-08-09,48953,49047,48535,48953
1991-08-12,48757,49015,48678,48757
1991-08-13,48633,48827,48606,48633
1991-08-14,48862,49005,48490,48862
1991-08-15,48933,49133,48769,48933
1991-08-16,49137,49253,48879,49137
1991-08-19,49504,50483,49101,49504
1991-08-20,48836,49614,48537,48836
1991-08-21,48510,49229,48510,48510
1991-08-22,48433,48875,48433,48433
1991-08-23,48390,48552,48199,48390
1991-08-26,48571,48650,48434,48571
1991-08-27,48497,48680,48497,48497
1991-08-28,48355,48831,48296,48355
1991-08-29,48150,48447,47966,48150
1991-08-30,47640,48198,47326,47640
1991-09-02,47537,47688,47507,47537
1991-09-03,47258,47719,47246,47258
1991-09-04,47234,47527,47190,47234
1991-09-05,47068,47265,46990,47068
1991-09-06,47293,47573,47087,47293
1991-09-09,47205,47558,47173,47205
1991-09-10,47074,47411,47074,47074
1991-09-11,46509,47170,46254,46509
1991-09-12,46130,49128,46077,46130
1991-09-13,46123,46347,45993,46123
1991-09-16,45998,46341,45998,45998
1991-09-17,46365,46440,46015,46365
1991-09-18,46750,46947,46429,46750
1991-09-19,46815,47149,46815,46815
1991-09-20,46731,46955,46723,46731
1991-09-23,46573,46813,46419,46573
1991-09-24,47210,47301,46666,47210
1991-09-25,46926,47244,46895,46926
1991-09-26,46904,47126,46904,46904
1991-09-27,46452,46990,46385,46452
1991-09-30,47066,47286,46411,47066
1991-10-01,47204,47221,46808,47204
1991-10-02,47031,47388,46932,47031
1991-10-03,46678,47113,46598,46678
1991-10-04,46510,46749,46098,46510
1991-10-07,46485,46606,46351,46485
1991-10-08,46496,46691,46363,46496
1991-10-09,46578,46813,46474,46578
1991-10-10,46641,47006,46492,46641
1991-10-11,46537,46781,46371,46537
1991-10-14,46385,46690,46301,46385
1991-10-15,46443,46747,46400,46443
1991-10-16,46481,46550,46303,46481
1991-10-17,46547,46710,46332,46547
1991-10-18,46980,47034,46474,46980
1991-10-21,47497,47657,46914,47497
1991-10-22,47698,47827,47228,47698
1991-10-23,47644,47986,47493,47644
1991-10-24,47478,47657,47287,47478
1991-10-25,47373,47663,47373,47373
1991-10-28,47385,47613,47219,47385
1991-10-29,46859,47497,46704,46859
1991-10-30,46873,47288,46846,46873
1991-10-31,46787,47077,46637,46787
1991-11-01,46056,46823,46018,46056
1991-11-04,46042,46309,45840,46042
1991-11-05,46040,46335,45953,46040
1991-11-06,46041,46215,45843,46041
1991-11-07,45893,46176,45764,45893
1991-11-08,46118,46224,45843,46118
1991-11-11,46152,46268,45908,46152
1991-11-12,46217,46231,45838,46217
1991-11-13,46318,46465,46110,46318
1991-11-14,45978,46313,45947,45978
1991-11-15,46419,46764,45856,46419
1991-11-18,46687,46926,46247,46687
1991-11-19,47114,47312,46522,47114
1991-11-20,47154,47289,46861,47154
1991-11-21,47597,47889,46879,47597
1991-11-22,47710,47754,47432,47710
1991-11-25,47010,47572,46919,47010
1991-11-26,47575,48078,46802,47575
1991-11-27,47724,47958,47118,47724
1991-11-28,47463,47843,47209,47463
1991-11-29,47790,47821,47374,47790
1991-12-02,47667,47957,47599,47667
1991-12-03,47006,47662,46877,47006
1991-12-04,47101,47377,46848,47101
1991-12-05,47165,47244,46769,47165
1991-12-06,47149,47362,47014,47149
1991-12-09,47286,47652,47092,47286
1991-12-10,47354,47641,47106,47354
1991-12-11,47299,47750,47096,47299
1991-12-12,46257,47360,45982,46257
1991-12-13,46322,46424,45847,46322
1991-12-16,46069,46428,45947,46069
1991-12-17,45721,46062,45639,45721
1991-12-18,46063,46098,45689,46063
1991-12-19,45806,46218,45751,45806
1991-12-20,45709,45984,45527,45709
1991-12-23,45530,45800,45300,45530
1991-12-24,45829,45849,45495,45829
1991-12-25,45480,45793,45372,45480
1991-12-26,44866,45480,44546,44866
1991-12-27,44519,44993,44324,44519
1991-12-30,44281,44848,44106,44281
1991-12-31,44192,44420,43992,44192
1992-01-01,44192,44227,44192,44192
1992-01-02,43796,44264,43348,43796
1992-01-03,43679,44157,43620,43679
1992-01-06,43111,43799,43069,43111
1992-01-07,43331,43665,42766,43331
1992-01-08,43567,43965,43100,43567
1992-01-09,44911,45239,43512,44911
1992-01-10,45206,45535,44669,45206
1992-01-13,44920,45283,44739,44920
1992-01-14,44992,45149,44430,44992
1992-01-15,45476,45853,44805,45476
1992-01-16,45671,46021,45195,45671
1992-01-17,43919,45902,43919,43919
1992-01-20,44092,44750,43262,44092
1992-01-21,44175,44360,43725,44175
1992-01-22,44061,44207,43804,44061
1992-01-23,43899,44330,43580,43899
1992-01-24,43781,44213,43491,43781
1992-01-27,44421,44670,44087,44421
1992-01-28,44705,44887,44313,44705
1992-01-29,44757,45022,44295,44757
1992-01-30,44517,44990,44384,44517
1992-01-31,44872,45049,44063,44872
1992-02-03,44889,45069,44696,44889
1992-02-04,44872,45095,44737,44872
1992-02-05,44588,44918,44394,44588
1992-02-06,44661,44760,44477,44661
1992-02-07,44422,44776,44356,44422
1992-02-10,45029,45115,44361,45029
1992-02-11,45293,45406,44831,45293
1992-02-12,45565,45707,45039,45565
1992-02-13,45357,45665,45244,45357
1992-02-14,45144,45539,45014,45144
1992-02-17,44933,45415,44723,44933
1992-02-18,45141,45384,44849,45141
1992-02-19,45199,45375,45004,45199
1992-02-20,45373,45566,44883,45373
1992-02-21,45237,45524,45009,45237
1992-02-24,45164,45388,44970,45164
1992-02-25,45359,45581,45093,45359
1992-02-26,45108,45428,45065,45108
1992-02-27,45626,45843,45065,45626
1992-02-28,45683,45783,45429,45683
1992-03-02,45546,45793,45161,45546
1992-03-03,45906,46055,45498,45906
1992-03-04,46095,46292,45561,46095
1992-03-05,46339,46452,46083,46339
1992-03-06,46020,46428,45771,46020
1992-03-09,45989,46129,45710,45989
1992-03-10,46321,46436,45889,46321
1992-03-11,46693,46893,45561,46693
1992-03-12,46570,47116,46410,46570
1992-03-13,46336,46758,46087,46336
1992-03-16,45937,46685,45710,45937
1992-03-17,45175,46015,45016,45175
1992-03-18,44780,45403,44622,44780
1992-03-19,45233,45371,44692,45233
1992-03-20,45251,45697,44924,45251
1992-03-23,45055,45437,45052,45055
1992-03-24,45310,45392,45019,45310
1992-03-25,45506,45722,45207,45506
1992-03-26,45610,45744,45159,45610
1992-03-27,45513,45702,45240,45513
1992-03-30,45364,45928,45249,45364
1992-03-31,45536,45779,45169,45536
1992-04-01,46039,46392,45399,46039
1992-04-02,45498,46177,45474,45498
1992-04-03,45449,45743,45210,45449
1992-04-06,45241,45548,44967,45241
1992-04-07,45089,45297,44901,45089
1992-04-08,44759,45130,44436,44759
1992-04-09,44818,44948,44618,44818
1992-04-10,45275,45402,44760,45275
1992-04-13,45124,45649,45027,45124
1992-04-14,45120,45218,44892,45120
1992-04-15,44769,45422,44626,44769
1992-04-16,45148,45168,44719,45148
1992-04-17,45191,45293,45037,45191
1992-04-20,45226,45363,45081,45226
1992-04-21,45641,45859,45171,45641
1992-04-22,45413,45828,45165,45413
1992-04-23,45515,45701,45295,45515
1992-04-24,45199,45576,45001,45199
1992-04-27,44678,45391,44605,44678
1992-04-28,44728,44979,44530,44728
1992-04-29,44806,44973,44356,44806
1992-04-30,44858,45012,44705,44858
1992-05-01,44842,44955,44709,44842
1992-05-04,44829,44953,44520,44829
1992-05-05,44734,44906,44600,44734
1992-05-06,44492,44761,44448,44492
1992-05-07,44387,44707,44352,44387
1992-05-08,44726,44942,44201,44726
1992-05-11,44688,44885,44628,44688
1992-05-12,43712,44728,43606,43712
1992-05-13,43494,43858,43317,43494
1992-05-14,43997,44031,43440,43997
1992-05-15,43901,44225,43871,43901
1992-05-18,43844,43875,43537,43599
1992-05-19,43603,43997,43473,43611
1992-05-20,43676,43775,43445,43726
1992-05-21,43749,43963,43706,43871
1992-05-22,43858,43871,43569,43601
1992-05-25,43575,43806,43422,43716
1992-05-26,43696,43819,43440,43795
1992-05-27,43741,44172,43697,43905
1992-05-28,43898,43989,43495,43638
1992-05-29,43554,43604,42895,42929
1992-06-01,42943,43090,42582,42858
1992-06-02,42862,43320,42848,43228
1992-06-03,43228,43473,42903,43130
1992-06-04,43134,43434,42968,43050
1992-06-05,43040,43194,42812,42905
1992-06-08,42867,43150,42816,42981
1992-06-09,42967,43133,42846,43070
1992-06-10,43063,43239,42981,43033
1992-06-11,43033,43152,42668,42976
1992-06-12,42942,43538,42851,43361
1992-06-15,43329,43612,43220,43429
1992-06-16,43426,43569,43199,43237
1992-06-17,43226,43658,43094,43454
1992-06-18,43458,43576,43140,43404
1992-06-19,43435,43798,43136,43272
1992-06-22,43351,43684,43298,43607
1992-06-23,43590,43851,43487,43787
1992-06-24,43800,43818,43233,43284
1992-06-25,43284,43528,42833,42884
1992-06-26,42895,43297,42884,43016
1992-06-29,43018,43206,42553,43148
1992-06-30,43144,43381,42981,43064
1992-07-01,43060,43163,42767,43108
1992-07-02,43080,43236,42672,43053
1992-07-03,43063,43243,42871,43160
1992-07-06,43198,43267,42894,43040
1992-07-07,43044,43129,42650,42923
1992-07-08,42902,43476,42808,43297
1992-07-09,43287,43802,43054,43758
1992-07-10,43721,44023,43517,43587
1992-07-13,43574,43787,43392,43521
1992-07-14,43525,43941,43490,43878
1992-07-15,43902,44243,43799,44210
1992-07-16,44227,44392,43996,44169
1992-07-17,44169,44726,43899,44375
1992-07-20,44444,45011,44286,44935
1992-07-21,44939,45090,44643,44746
1992-07-22,44739,45703,44696,45442
1992-07-23,45485,45751,45256,45327
1992-07-24,45309,46044,45204,46026
1992-07-27,45844,45956,45538,45587
1992-07-28,45573,45909,45499,45737
1992-07-29,45744,45906,45392,45576
1992-07-30,45562,45700,45359,45468
1992-07-31,45482,45637,45336,45433
1992-08-03,45458,45556,44744,44884
1992-08-04,44854,44961,44663,44903
1992-08-05,44899,44998,44369,44594
1992-08-06,44601,44614,44326,44557
1992-08-07,44564,44842,44536,44676
1992-08-10,44705,44963,44684,44798
1992-08-11,44794,44827,44374,44468
1992-08-12,44468,44595,43014,43258
1992-08-13,43316,43383,42049,42329
1992-08-14,42330,42769,42065,42231
1992-08-17,42399,42740,42248,42388
1992-08-18,42401,42523,42124,42407
1992-08-19,42404,42840,42390,42747
1992-08-20,42723,42785,42390,42694
1992-08-21,42694,42713,42285,42344
1992-08-24,42345,42878,42089,42547
1992-08-25,42543,42685,42355,42382
1992-08-26,42405,42640,42161,42336
1992-08-27,42330,42411,42154,42278
1992-08-28,42271,42358,41748,41748
1992-08-31,41749,42283,41666,42108
1992-09-01,42101,42252,41751,41762
1992-09-02,41762,41931,41509,41738
1992-09-03,41728,42434,41602,42231
1992-09-04,42220,42527,41943,41957
1992-09-07,42069,42425,42029,42348
1992-09-08,42314,42431,41896,42022
1992-09-09,42012,42273,41883,42123
1992-09-10,42137,42347,41938,42310
1992-09-11,42225,42483,41988,42348
1992-09-14,42570,43483,42307,43012
1992-09-15,43029,43082,42694,43042
1992-09-16,43060,43904,42866,43630
1992-09-17,43647,44081,43139,43211
1992-09-18,43246,43872,43178,43664
1992-09-21,43449,43449,42820,42945
1992-09-22,42952,42973,41884,42259
1992-09-23,42344,42608,41622,41914
1992-09-24,41861,42221,41687,42049
1992-09-25,41979,42324,41897,42189
1992-09-28,42120,42131,41489,41585
1992-09-29,41592,41887,41256,41569
1992-09-30,41552,41917,41327,41726
1992-10-01,41709,41975,41578,41643
1992-10-02,41617,41950,41471,41563
1992-10-05,41478,42322,41384,41997
1992-10-06,41983,42107,41828,41895
1992-10-07,41900,42247,41723,42209
1992-10-08,42219,42746,42163,42617
1992-10-09,42607,42801,42377,42667
1992-10-12,42568,42635,41621,41806
1992-10-13,41782,42091,41567,41700
1992-10-14,41700,41835,41229,41253
1992-10-15,41263,41314,40955,41103
1992-10-16,41113,41228,40771,40835
1992-10-19,40973,41343,40879,41333
1992-10-20,41316,42138,41237,42044
1992-10-21,42000,42216,41772,42113
1992-10-22,42068,42113,41261,41350
1992-10-23,41332,41919,41133,41716
1992-10-26,41769,41877,41436,41500
1992-10-27,41548,41629,41122,41198
1992-10-28,41220,41921,41040,41736
1992-10-29,41715,41939,41568,41814
1992-10-30,41790,41928,41472,41904
1992-11-02,41840,42258,41771,41936
1992-11-03,41979,42107,41157,41338
1992-11-04,41291,41717,41149,41454
1992-11-05,41492,41751,41156,41339
1992-11-06,41332,41560,40988,41413
1992-11-09,41485,41659,41139,41384
1992-11-10,41378,41475,40800,40953
1992-11-11,40913,41328,40798,41138
1992-11-12,41108,41420,41085,41136
1992-11-13,41308,41788,41183,41654
1992-11-16,41702,42112,41649,41709
1992-11-17,41695,41728,41433,41672
1992-11-18,41672,41732,41348,41392
1992-11-19,41375,41567,41132,41322
1992-11-20,41338,45302,41312,41665
1992-11-23,41694,41771,41388,41457
1992-11-24,41436,41693,41347,41423
1992-11-25,41413,41464,41183,41238
1992-11-26,41238,41543,41204,41507
1992-11-27,41504,41695,41373,41595
1992-11-30,41561,41740,41487,41677
1992-12-01,41637,41765,41511,41571
1992-12-02,41588,41872,41495,41768
1992-12-03,41765,41914,41698,41775
1992-12-04,41765,41927,41728,41927
1992-12-07,41879,41963,41221,41558
1992-12-08,41584,41755,41360,41496
1992-12-09,41533,41567,41272,41382
1992-12-10,41418,41546,41049,41263
1992-12-11,41264,41577,41197,41502
1992-12-14,41452,41575,41345,41380
1992-12-15,41374,41622,41259,41464
1992-12-16,41481,41761,41225,41479
1992-12-17,41496,41659,41404,41504
1992-12-18,41523,41731,41411,41468
1992-12-21,41456,41544,40840,41076
1992-12-22,41066,41323,40818,41089
1992-12-23,41140,41275,40944,41225
1992-12-24,41225,41341,41109,41246
1992-12-25,41228,41326,41164,41268
1992-12-28,41221,41675,41221,41582
1992-12-29,41583,41623,41321,41487
1992-12-30,41477,41602,41278,41494
1992-12-31,41494,41587,41377,41558
1993-01-04,41588,41588,40880,41136
1993-01-05,41129,41290,40892,41059
1993-01-06,41069,41317,40907,41239
1993-01-07,41268,41380,41031,41222
1993-01-08,41228,41405,41021,41278
1993-01-11,41199,42114,40799,41033
1993-01-12,41030,41412,40891,41154
1993-01-13,41163,41438,41090,41201
1993-01-14,41169,41318,41043,41206
1993-01-15,41206,41354,41112,41272
1993-01-18,41212,41336,41081,41182
1993-01-19,41194,41742,41147,41206
1993-01-20,41200,41280,40961,41088
1993-01-21,41081,41304,41004,41129
1993-01-22,41117,41285,41043,41085
1993-01-25,41013,41273,40323,40529
1993-01-26,40545,40994,40539,40902
1993-01-27,40872,41123,40844,40887
1993-01-28,40891,41127,40747,40986
1993-01-29,41006,41410,40862,41081
1993-02-01,41058,41267,41016,41220
1993-02-02,41200,41297,40940,41056
1993-02-03,41072,41145,40709,40862
1993-02-04,40865,40955,40721,40917
1993-02-05,40949,40988,40711,40778
1993-02-08,40796,40847,40528,40547
1993-02-09,40549,40658,39724,39774
1993-02-10,39774,40238,39569,40204
1993-02-11,40280,40472,39596,40148
1993-02-12,40124,40128,39446,39653
1993-02-15,39718,39834,39458,39739
1993-02-16,39781,39894,39417,39824
1993-02-17,39519,39894,39310,39519
1993-02-18,39499,39619,39196,39313
1993-02-19,39287,39570,38952,38994
1993-02-22,38963,39069,37985,38116
1993-02-23,38084,38691,37991,38651
1993-02-24,38684,38773,38411,38697
1993-02-25,38730,38919,38577,38628
1993-02-26,38654,38890,38554,38777
1993-03-01,38971,39126,38734,39004
1993-03-02,39014,39019,38604,38721
1993-03-03,38688,38769,38316,38332
1993-03-04,38326,38487,38133,38391
1993-03-05,38430,38873,38206,38744
1993-03-08,38687,38754,38033,38177
1993-03-09,38145,38575,38013,38458
1993-03-10,38419,38720,38367,38479
1993-03-11,38437,38660,38308,38428
1993-03-12,38422,38730,38313,38680
1993-03-15,38713,39070,38604,39008
1993-03-16,39011,39036,38184,38485
1993-03-17,38469,38679,38278,38532
1993-03-18,38512,38694,38160,38197
1993-03-19,38259,38578,38166,38476
1993-03-22,38508,39132,38288,38420
1993-03-23,38444,38532,38121,38429
1993-03-24,38452,39149,38310,39050
1993-03-25,39030,39085,38702,38957
1993-03-26,38992,39022,38449,38685
1993-03-29,38607,38874,38561,38761
1993-03-30,38742,39346,38695,39202
1993-03-31,39202,39239,38608,38635
1993-04-01,38615,38776,38219,38577
1993-04-02,38588,39127,38311,38646
1993-04-05,38696,38810,38402,38498
1993-04-06,38478,38798,38379,38437
1993-04-07,38447,38613,38180,38295
1993-04-08,38312,38442,37887,38193
1993-04-09,38193,38311,38105,38160
1993-04-12,38177,38188,37873,37930
1993-04-13,37952,38234,37868,38234
1993-04-14,38233,38726,38087,38499
1993-04-15,38499,38702,37851,38131
1993-04-16,38088,38222,37811,37962
1993-04-19,37749,37914,37567,37723
1993-04-20,37747,37865,37453,37480
1993-04-21,37435,37776,37239,37477
1993-04-22,37477,37827,37036,37376
1993-04-23,37544,38357,37395,38257
1993-04-26,38091,38940,38040,38907
1993-04-27,38903,39215,38401,39124
1993-04-28,39086,39656,38937,39485
1993-04-29,39455,39860,39374,39569
1993-04-30,39536,39679,38820,39467
1993-05-03,39414,39747,39114,39132
1993-05-04,39132,39538,38811,38965
1993-05-05,38965,39259,38690,38991
1993-05-06,38977,39348,38871,39205
1993-05-07,39159,39602,39079,39239
1993-05-10,39260,39981,39069,39720
1993-05-11,39677,39837,39436,39629
1993-05-12,39594,40343,39540,40188
1993-05-13,40170,41500,40170,41161
1993-05-14,41142,41264,40531,40653
1993-05-17,40785,41098,40634,40826
1993-05-18,40804,42056,40516,42002
1993-05-19,42024,42851,41176,41263
1993-05-20,41291,41639,41061,41383
1993-05-21,41346,41684,40884,41654
1993-05-24,41712,42145,41058,41348
1993-05-25,41344,41551,41024,41332
1993-05-26,41332,41477,40489,40638
1993-05-27,40627,41147,40351,40870
1993-05-28,40950,41173,40235,40301
1993-05-31,40655,40764,40451,40572
1993-06-01,40530,40621,39355,39446
1993-06-02,39465,39866,39190,39555
1993-06-03,39647,40272,39537,40074
1993-06-04,40074,40721,39852,40550
1993-06-07,40611,40619,39894,40046
1993-06-08,40031,40135,39522,39533
1993-06-09,39605,39714,39248,39359
1993-06-10,39333,39501,38969,39088
1993-06-11,39077,39496,38557,38804
1993-06-14,38913,38971,37891,38340
1993-06-15,38325,39175,38202,39157
1993-06-16,39198,39482,38961,39399
1993-06-17,39373,39889,39237,39775
1993-06-18,39808,40902,39665,40625
1993-06-21,40636,41457,40477,40885
1993-06-22,40833,41160,40642,40870
1993-06-23,40804,40937,40098,40588
1993-06-24,40626,40928,40381,40633
1993-06-25,40682,40746,39543,40011
1993-06-28,39798,40180,39533,39854
1993-06-29,39948,40498,39723,40223
1993-06-30,40247,40618,39789,40456
1993-07-01,40471,41785,40226,41603
1993-07-02,41587,42397,41460,41827
1993-07-05,42060,42314,41859,42264
1993-07-06,42210,42783,41767,42764
1993-07-07,42790,42913,42144,42691
1993-07-08,42719,43080,42393,42687
1993-07-09,42609,43218,42199,42998
1993-07-12,43179,43594,42883,43083
1993-07-13,43075,43100,42195,42594
1993-07-14,42590,43110,41572,41849
1993-07-15,41769,42785,41730,42527
1993-07-16,42545,42660,42048,42162
1993-07-19,42265,42867,42186,42460
1993-07-20,42452,42757,42236,42369
1993-07-21,42326,42661,41995,42018
1993-07-22,42045,42260,41120,41319
1993-07-23,41260,42197,41241,41691
1993-07-26,41572,42089,41322,41901
1993-07-27,41874,42074,41425,41515
1993-07-28,41527,41835,41224,41627
1993-07-29,41686,42580,41418,42539
1993-07-30,42552,42715,41870,42714
1993-08-02,42441,42894,41963,42294
1993-08-03,42287,42552,41943,42036
1993-08-04,42113,42334,41777,41924
1993-08-05,41799,41887,38631,39317
1993-08-06,39325,40024,38777,39310
1993-08-09,39266,40274,39191,40142
1993-08-10,40195,40308,39448,39848
1993-08-11,39852,39887,38695,38887
1993-08-12,38876,38971,37587,37823
1993-08-13,37864,38023,37375,37671
1993-08-16,37488,37997,37191,37885
1993-08-17,37862,38100,37343,37539
1993-08-18,37547,38162,37528,38028
1993-08-19,38049,39647,37775,39233
1993-08-20,39207,39330,38657,38975
1993-08-23,38883,38992,38314,38406
1993-08-24,38428,38847,38327,38532
1993-08-25,38551,39182,38481,39061
1993-08-26,39039,39244,38146,38401
1993-08-27,38445,38559,38172,38291
1993-08-30,38291,38786,38238,38402
1993-08-31,38425,39046,38413,38982
1993-09-01,38993,39205,38774,38912
1993-09-02,38886,39141,38258,38476
1993-09-03,38382,38582,37874,38098
1993-09-06,38174,38236,37866,38030
1993-09-07,38056,38059,36379,36442
1993-09-08,36435,37182,36426,37076
1993-09-09,37136,37397,36854,37297
1993-09-10,37350,37651,36921,37079
1993-09-13,37146,37160,36159,36521
1993-09-14,36460,36586,35934,36529
1993-09-15,36518,36975,36421,36738
1993-09-16,36633,37048,36268,36716
1993-09-17,36751,37081,36533,36604
1993-09-20,36689,37087,36553,36946
1993-09-21,36995,38774,36856,38740
1993-09-22,38692,38718,37276,37613
1993-09-23,37605,38216,37476,37774
1993-09-24,37767,38068,37654,37849
1993-09-27,37855,38029,37351,37588
1993-09-28,37588,37595,37217,37303
1993-09-29,37296,37572,36866,37079
1993-09-30,37111,37765,36979,37687
1993-10-01,37669,37911,37443,37619
1993-10-04,37704,38057,36854,37272
1993-10-05,37310,37455,37048,37365
1993-10-06,37360,37781,37182,37682
1993-10-07,37675,37803,37327,37388
1993-10-08,37378,38208,37374,38161
1993-10-11,38093,38464,38052,38207
1993-10-12,38207,39003,37896,38770
1993-10-13,38766,38911,38520,38667
1993-10-14,38652,39443,38493,39132
1993-10-15,39096,39199,38866,39027
1993-10-18,38962,39695,38918,39549
1993-10-19,39560,39578,38930,39471
1993-10-20,39453,40109,39293,39956
1993-10-21,39918,40565,39825,40002
1993-10-22,40030,40201,39578,39982
1993-10-25,40033,40430,39918,40113
1993-10-26,40113,40129,39613,39964
1993-10-27,39964,40419,39861,40076
1993-10-28,40091,40360,39586,39893
1993-10-29,39870,40225,39811,40019
1993-11-01,40044,40101,38905,39118
1993-11-02,39112,39339,38754,39081
1993-11-03,39041,39594,38839,39570
1993-11-04,39588,40400,39492,40224
1993-11-05,40193,41151,40136,40772
1993-11-08,40720,41039,40333,40428
1993-11-09,40406,40800,40267,40597
1993-11-10,40570,40592,39886,40339
1993-11-11,40332,40423,39894,39988
1993-11-12,39988,40251,39330,39445
1993-11-15,39541,40130,39344,39998
1993-11-16,39975,40078,39746,39896
1993-11-17,39887,40309,39622,40167
1993-11-18,40174,40549,39786,40312
1993-11-19,40331,41100,40241,41005
1993-11-22,40927,41136,40704,40998
1993-11-23,40979,41163,40618,40956
1993-11-24,40835,40859,40511,40754
1993-11-25,40762,40925,40683,40864
1993-11-26,40860,41034,40789,40996
1993-11-29,41002,41244,40273,40404
1993-11-30,40369,40550,40205,40374
1993-12-01,40341,40955,40092,40785
1993-12-02,40781,40852,40481,40670
1993-12-03,40651,41063,40503,40869
1993-12-06,40789,40889,40503,40534
1993-12-07,40519,40689,40259,40530
1993-12-08,40526,41809,40388,41752
1993-12-09,41714,41787,41355,41470
1993-12-10,41458,41875,41342,41797
1993-12-13,41811,42373,41717,42085
1993-12-14,42085,42395,41990,42282
1993-12-15,42294,42607,42057,42465
1993-12-16,42439,42631,42174,42212
1993-12-17,42224,42691,42026,42628
1993-12-20,42606,43200,42511,43020
1993-12-21,42973,43187,42866,43018
1993-12-22,43033,43153,42488,42617
1993-12-23,42606,42810,42413,42669
1993-12-24,42662,42929,42504,42805
1993-12-27,42747,43243,42747,43190
1993-12-28,43190,43353,42946,43141
1993-12-29,43081,43812,42821,43575
1993-12-30,43598,44028,43378,43658
1993-12-31,43638,43716,43517,43658
1994-01-03,43619,44412,43583,44316
1994-01-04,44362,44813,44184,44299
1994-01-05,44291,44831,43838,44124
1994-01-06,44163,44311,43288,43769
1994-01-07,43714,44045,43116,43200
1994-01-10,43172,43224,42418,43164
1994-01-11,43220,43639,43035,43566
1994-01-12,43603,43654,43130,43325
1994-01-13,43290,43797,43103,43565
1994-01-14,43553,43627,43132,43173
1994-01-17,43342,43763,43305,43439
1994-01-18,43427,43718,43209,43469
1994-01-19,43465,43700,43200,43688
1994-01-20,43688,43935,43073,43122
1994-01-21,43107,43217,42116,42512
1994-01-24,42688,42796,42246,42557
1994-01-25,42610,42790,42267,42324
1994-01-26,42313,42421,41874,42305
1994-01-27,42225,42300,40621,40761
1994-01-28,40733,41619,40727,41365
1994-01-31,41720,41728,40849,41466
1994-02-01,41428,41842,40987,41348
1994-02-02,41340,41810,41302,41569
1994-02-03,41548,41890,41422,41860
1994-02-04,41892,42527,41690,42236
1994-02-07,42310,42375,41098,41170
1994-02-08,41075,41570,40980,41523
1994-02-09,41573,41621,40856,41525
1994-02-10,41502,41687,41043,41259
1994-02-11,41294,41374,40576,40595
1994-02-14,40301,40760,38673,39270
1994-02-15,39117,40082,38673,39736
1994-02-16,39767,39949,39403,39767
1994-02-17,39801,40400,39597,39837
1994-02-18,39857,40102,39198,39718
1994-02-21,39828,40541,39684,40415
1994-02-22,40381,40403,39650,39875
1994-02-23,39867,40212,39411,39890
1994-02-24,39856,40106,39412,39484
1994-02-25,39424,39859,39337,39646
1994-02-28,39497,39954,39385,39822
1994-03-01,39805,40068,39507,39542
1994-03-02,39546,39627,38635,39323
1994-03-03,39365,39430,38825,39203
1994-03-04,39188,39853,39037,39761
1994-03-07,39680,39958,39632,39665
1994-03-08,39688,39811,39382,39608
1994-03-09,39627,40208,39389,40069
1994-03-10,40061,40858,39890,40667
1994-03-11,40644,40934,40367,40398
1994-03-14,40805,41157,40605,40986
1994-03-15,40986,41279,40845,40980
1994-03-16,41030,41054,40695,40766
1994-03-17,40751,40927,40401,40427
1994-03-18,40420,41098,40401,41032
1994-03-21,41032,41223,40852,40892
1994-03-22,40801,41318,40767,41238
1994-03-23,41199,41398,41052,41076
1994-03-24,41096,41663,40780,40875
1994-03-25,40930,41350,40646,40935
1994-03-28,40919,41143,40310,40352
1994-03-29,40379,40521,39702,39757
1994-03-30,39753,40102,39539,39674
1994-03-31,39709,40303,39641,40198
1994-04-01,40198,40503,40089,40316
1994-04-04,40710,40840,39750,39922
1994-04-05,39937,40269,39540,40126
1994-04-06,40137,40420,40008,40231
1994-04-07,40238,40418,39867,40334
1994-04-08,40411,40661,40240,40416
1994-04-11,40479,40502,38974,39122
1994-04-12,39122,39336,38859,39268
1994-04-13,39294,39370,39016,39088
1994-04-14,39100,39810,38752,39423
1994-04-15,39430,39443,38982,39097
1994-04-18,38932,39252,38768,38888
1994-04-19,38858,38944,38146,38377
1994-04-20,38401,38528,38290,38360
1994-04-21,38330,38803,38233,38634
1994-04-22,38637,38723,38157,38248
1994-04-25,38223,38643,38074,38472
1994-04-26,38483,38615,38365,38440
1994-04-27,38425,38732,38204,38283
1994-04-28,38260,38403,37971,38071
1994-04-29,38043,38487,37866,38254
1994-05-02,38372,38421,38126,38193
1994-05-03,38212,38321,37794,37907
1994-05-04,37910,38415,37760,38308
1994-05-05,38329,38607,38241,38427
1994-05-06,38400,39513,38238,39242
1994-05-09,39231,39304,38948,39169
1994-05-10,39186,39749,39125,39544
1994-05-11,39498,40017,39318,39803
1994-05-12,39784,39995,39355,39604
1994-05-13,39600,40096,39515,39972
1994-05-16,40023,40200,39509,40041
1994-05-17,40033,40161,39648,39872
1994-05-18,39822,40191,39297,39466
1994-05-19,39447,39980,39417,39748
1994-05-20,39707,40190,39698,40145
1994-05-23,40086,40605,39905,40564
1994-05-24,40556,40658,40261,40488
1994-05-25,40511,40585,40224,40327
1994-05-26,40327,40377,39890,40153
1994-05-27,40122,40369,39965,40084
1994-05-30,40012,40320,40004,40240
1994-05-31,40236,40603,40162,40477
1994-06-01,40477,40605,39905,40073
1994-06-02,40046,40297,39940,40222
1994-06-03,40249,40393,39949,40093
1994-06-06,40352,40379,39804,39991
1994-06-07,40030,40136,39588,39737
1994-06-08,39741,39986,39530,39697
1994-06-09,39701,40049,39492,39773
1994-06-10,39770,39897,39571,39672
1994-06-13,39664,39776,39298,39407
1994-06-14,39407,39574,39263,39475
1994-06-15,39533,39786,39338,39704
1994-06-16,39684,40016,39624,39847
1994-06-17,39839,40378,39775,40223
1994-06-20,39787,40207,39567,39691
1994-06-21,39692,39808,39191,39434
1994-06-22,39481,39856,39023,39406
1994-06-23,39445,39572,39191,39509
1994-06-24,39490,39647,39040,39254
1994-06-27,39134,39134,38269,38687
1994-06-28,38661,38891,38457,38538
1994-06-29,38538,38612,37842,37990
1994-06-30,37961,38394,37922,37936
1994-07-01,37994,38523,37757,38167
1994-07-04,38130,38527,38015,38256
1994-07-05,38241,38616,38058,38175
1994-07-06,38170,38212,37459,37978
1994-07-07,38110,38160,37793,37921
1994-07-08,37863,38009,37497,37676
1994-07-11,37755,37892,37480,37752
1994-07-12,37690,37752,37297,37541
1994-07-13,37572,37763,37382,37656
1994-07-14,37630,37882,37511,37832
1994-07-15,37836,37851,37516,37731
1994-07-18,37653,38138,37644,37997
1994-07-19,38005,38381,37678,38297
1994-07-20,38305,38518,37957,38046
1994-07-21,38030,38253,37673,38079
1994-07-22,38091,38137,37775,38057
1994-07-25,37961,38103,37855,37923
1994-07-26,37942,38081,37746,38012
1994-07-27,37981,38320,37819,38120
1994-07-28,38124,38837,37968,38491
1994-07-29,38456,38675,38184,38335
1994-08-01,37829,38131,37752,38093
1994-08-02,38077,38406,37897,38084
1994-08-03,38077,38154,37808,37887
1994-08-04,37842,37979,37465,37975
1994-08-05,37960,38207,37769,37846
1994-08-08,37822,38430,37799,38226
1994-08-09,38211,38395,38135,38209
1994-08-10,38228,38397,38149,38238
1994-08-11,38268,38283,37814,37918
1994-08-12,37922,38029,37528,37698
1994-08-15,37694,37818,37549,37782
1994-08-16,37778,38009,37591,37932
1994-08-17,37963,38129,37720,37750
1994-08-18,37728,37820,37495,37600
1994-08-19,37593,37713,37377,37674
1994-08-22,37641,37667,37243,37322
1994-08-23,37334,37631,37236,37336
1994-08-24,37328,38066,37211,38015
1994-08-25,38015,38273,37948,38164
1994-08-26,38183,38660,37961,38476
1994-08-29,38414,38920,38186,38666
1994-08-30,38631,38675,38378,38429
1994-08-31,38421,38730,38339,38619
1994-09-01,38658,38729,38308,38560
1994-09-02,38545,38799,38284,38342
1994-09-05,38409,38492,38216,38409
1994-09-06,38366,38387,38100,38267
1994-09-07,38286,38841,38274,38710
1994-09-08,38675,38964,38579,38849
1994-09-09,38801,38907,38588,38842
1994-09-12,38817,38843,38621,38761
1994-09-13,38738,38776,38366,38562
1994-09-14,38536,38716,38362,38510
1994-09-15,38510,38657,38366,38561
1994-09-16,38551,38649,38402,38531
1994-09-19,38504,38571,38297,38440
1994-09-20,38479,38791,38352,38437
1994-09-21,38480,38798,38381,38495
1994-09-22,38511,38846,38475,38843
1994-09-23,38871,38877,38595,38719
1994-09-26,38694,39073,38484,38892
1994-09-27,38868,39044,38691,38916
1994-09-28,38911,39321,38858,39018
1994-09-29,38927,39036,38779,38948
1994-09-30,38976,39184,38819,39144
1994-10-03,38968,39416,38687,39285
1994-10-04,39290,39299,38919,39068
1994-10-05,39047,39235,38915,38993
1994-10-06,39014,39156,38925,39156
1994-10-07,39140,39486,39012,39327
1994-10-10,39392,39487,39128,39173
1994-10-11,39169,39295,38733,38863
1994-10-12,38855,38923,38644,38671
1994-10-13,38717,38877,38367,38397
1994-10-14,38395,38468,37965,38047
1994-10-17,38138,38210,37752,38078
1994-10-18,38148,38347,37940,37961
1994-10-19,37977,38045,37694,37971
1994-10-20,37961,38138,37869,37884
1994-10-21,37881,38105,37684,37947
1994-10-24,38006,38062,37750,37780
1994-10-25,37799,37823,37548,37715
1994-10-26,37743,37828,37549,37629
1994-10-27,37629,37772,37558,37668
1994-10-28,37655,37762,37481,37657
1994-10-31,37680,37740,37073,37183
1994-11-01,37190,37268,36872,37129
1994-11-02,37118,37622,36852,37479
1994-11-03,37479,37698,37312,37453
1994-11-04,37453,37634,37353,37353
1994-11-07,37366,37376,37129,37197
1994-11-08,37208,37403,37059,37277
1994-11-09,37269,37623,37132,37507
1994-11-10,37487,37738,37396,37604
1994-11-11,37597,37732,37405,37615
1994-11-14,37599,37923,37573,37773
1994-11-15,37792,38160,37773,38139
1994-11-16,38138,38153,37895,37965
1994-11-17,37950,37976,37782,37870
1994-11-18,37870,37993,37668,37842
1994-11-21,37872,37908,37599,37679
1994-11-22,37659,37776,37518,37693
1994-11-23,37684,37866,37563,37841
1994-11-24,37849,37914,37727,37832
1994-11-25,37822,38018,37698,37999
1994-11-28,37968,38092,37724,37755
1994-11-29,37826,38030,37729,37893
1994-11-30,37904,38010,37612,37686
1994-12-01,37681,37801,37510,37671
1994-12-02,37693,38112,37630,37843
1994-12-05,37858,37965,37613,37728
1994-12-06,37705,37850,37551,37646
1994-12-07,37651,37795,37475,37616
1994-12-08,37632,37927,37575,37895
1994-12-09,37896,37938,37556,37748
1994-12-12,37779,37842,37626,37756
1994-12-13,37745,38092,37647,37867
1994-12-14,37898,38193,37826,37982
1994-12-15,37986,38176,37927,38163
1994-12-16,38114,38194,37906,37976
1994-12-19,37955,38064,37852,38022
1994-12-20,38014,38319,37956,38225
1994-12-21,38240,38352,38172,38324
1994-12-22,38381,38396,38108,38146
1994-12-23,38116,38224,38027,38037
1994-12-26,38178,38201,38069,38069
1994-12-27,38126,38300,38126,38254
1994-12-28,38238,38367,37670,38053
1994-12-29,38072,38497,37958,38082
1994-12-30,38094,38267,38009,38145
1995-01-02,38175,38443,38156,38344
1995-01-03,38370,38396,38058,38192
1995-01-04,38202,38534,37866,37920
1995-01-05,37966,38006,37712,37873
1995-01-06,37874,38090,37564,37653
1995-01-09,37630,37713,37116,37280
1995-01-10,37295,37589,37235,37472
1995-01-11,37450,37630,37289,37626
1995-01-12,37649,37883,37400,37476
1995-01-13,37506,37675,37225,37291
1995-01-16,37344,37403,36953,37151
1995-01-17,37152,37689,37146,37672
1995-01-18,37649,38185,37554,38087
1995-01-19,38033,38268,37784,37940
1995-01-20,37955,38258,37881,38228
1995-01-23,38281,38631,37798,37983
1995-01-24,38006,38127,37776,38032
1995-01-25,38016,38056,37792,37870
1995-01-26,37866,38003,37754,37904
1995-01-27,37907,37953,37101,37438
1995-01-30,37451,37521,36837,37057
1995-01-31,37051,37388,36867,37316
1995-02-01,37309,37469,37081,37286
1995-02-02,37293,37452,37182,37414
1995-02-03,37399,37529,37251,37495
1995-02-06,37455,37455,37131,37285
1995-02-07,37296,37327,37113,37215
1995-02-08,37212,37306,36932,37131
1995-02-09,37131,37352,36992,37159
1995-02-10,37148,37395,37058,37165
1995-02-13,37160,37163,36850,37032
1995-02-14,37032,37228,36950,37034
1995-02-15,37036,37192,36904,36971
1995-02-16,36978,36994,36587,36646
1995-02-17,36689,36934,36463,36788
1995-02-20,36764,36917,36649,36896
1995-02-21,36885,36958,36663,36695
1995-02-22,36702,36936,36640,36782
1995-02-23,36782,36927,36588,36649
1995-02-24,36657,36939,36375,36492
1995-02-27,36645,36744,36255,36501
1995-02-28,36529,36626,36303,36425
1995-03-01,36391,36454,36076,36233
1995-03-02,36233,36279,35654,35833
1995-03-03,35852,35941,35278,35419
1995-03-06,35342,35389,34922,35150
1995-03-07,35173,35233,34112,34591
1995-03-08,34605,34898,34009,34654
1995-03-09,34719,35131,34373,34532
1995-03-10,34679,35076,34490,34687
1995-03-13,34640,35069,34391,34905
1995-03-14,34924,35182,34855,35003
1995-03-15,34992,35036,34468,34546
1995-03-16,34549,34727,34149,34646
1995-03-17,34670,34697,34019,34139
1995-03-20,34054,34357,33946,34173
1995-03-21,34166,34249,33810,34036
1995-03-22,34086,34120,33814,34037
1995-03-23,34010,34050,33711,33798
1995-03-24,33810,34067,33760,33952
1995-03-27,33960,34307,33785,34112
1995-03-28,34090,34322,33859,33995
1995-03-29,33984,34063,33575,33741
1995-03-30,33733,34711,33606,34533
1995-03-31,34535,34673,33539,33817
1995-04-03,33881,34128,33599,33623
1995-04-04,33602,33978,33575,33717
1995-04-05,33725,34033,33573,33982
1995-04-06,33974,34076,33335,33355
1995-04-07,33446,33588,32777,32922
1995-04-10,33054,33152,31391,32662
1995-04-11,32693,33057,32418,32569
1995-04-12,32573,32922,32402,32618
1995-04-13,32649,32662,32284,32598
1995-04-14,32618,32805,32404,32566
1995-04-17,32375,32394,31842,32219
1995-04-18,32184,32286,31780,31933
1995-04-19,31938,32333,31553,32052
1995-04-20,31989,32806,31856,32589
1995-04-21,32542,32858,32139,32197
1995-04-24,31984,32614,31984,32378
1995-04-25,32378,32615,31764,31948
1995-04-26,31912,32811,31636,32254
1995-04-27,32328,32584,32032,32532
1995-04-28,32545,32797,32348,32563
1995-05-01,32563,32597,32226,32357
1995-05-02,32366,32573,32317,32493
1995-05-03,32454,32660,32207,32577
1995-05-04,32574,32900,32476,32785
1995-05-05,32785,32972,32620,32808
1995-05-08,32513,32650,32242,32374
1995-05-09,32398,32578,31766,31933
1995-05-10,31967,32206,31796,32146
1995-05-11,32154,33039,32058,32823
1995-05-12,32794,33433,32683,33232
1995-05-15,33335,33587,33163,33216
1995-05-16,33237,33476,33030,33280
1995-05-17,33242,33362,33025,33260
1995-05-18,33264,33591,33112,33233
1995-05-19,33199,33333,33081,33181
1995-05-22,33228,33573,33139,33322
1995-05-23,33334,33472,33177,33358
1995-05-24,33395,33498,33280,33448
1995-05-25,33487,33506,32579,32661
1995-05-26,32718,32757,31823,31912
1995-05-29,31732,32176,31539,32031
1995-05-30,32077,32201,31738,31834
1995-05-31,31889,32732,31691,32455
1995-06-01,32435,32889,32424,32538
1995-06-02,32465,32692,32064,32312
1995-06-05,32285,32641,32186,32610
1995-06-06,32649,32757,32463,32558
1995-06-07,32508,32771,32419,32755
1995-06-08,32720,32854,32590,32654
1995-06-09,32642,32825,32549,32679
1995-06-12,32687,32778,32413,32520
1995-06-13,32508,32700,32335,32684
1995-06-14,32727,32855,32567,32687
1995-06-15,32679,33126,32432,33034
1995-06-16,33027,33100,32880,32987
1995-06-19,32863,33226,32834,33075
1995-06-20,33083,33158,32911,32989
1995-06-21,32969,32997,32741,32749
1995-06-22,32746,32993,32695,32906
1995-06-23,32901,33002,32778,32847
1995-06-26,32794,32921,32668,32798
1995-06-27,32794,32843,32626,32766
1995-06-28,32750,33284,32502,33087
1995-06-29,33110,33185,32617,32711
1995-06-30,32711,32936,32421,32499
1995-07-03,32595,32622,32493,32559
1995-07-04,32548,32631,32467,32578
1995-07-05,32593,32693,32479,32558
1995-07-06,32566,32774,32536,32646
1995-07-07,32635,33603,32635,33419
1995-07-10,33464,33752,33417,33488
1995-07-11,33492,33780,33442,33759
1995-07-12,33775,34178,33621,33877
1995-07-13,33936,34452,33808,33886
1995-07-14,33909,34217,33774,34119
1995-07-17,34180,34648,34169,34640
1995-07-18,34620,34667,34250,34365
1995-07-19,34400,34455,33523,33853
1995-07-20,33853,34097,33779,33968
1995-07-21,33971,34336,33944,34158
1995-07-24,34228,34287,33673,33891
1995-07-25,33880,34038,33654,33930
1995-07-26,33895,34066,33771,33956
1995-07-27,33956,34011,33646,33764
1995-07-28,33771,33941,33609,33742
1995-07-31,33781,33896,33635,33820
1995-08-01,33812,33862,33547,33722
1995-08-02,33688,34919,33688,34885
1995-08-03,34863,34936,34502,34688
1995-08-04,34735,35135,34714,35033
1995-08-07,35067,35151,34840,35058
1995-08-08,35074,35316,34917,35169
1995-08-09,35169,35296,35049,35208
1995-08-10,35208,35693,35157,35623
1995-08-11,35563,36078,35563,36016
1995-08-14,36150,36215,35737,35956
1995-08-15,35968,37510,35807,37429
1995-08-16,37456,38080,37118,37476
1995-08-17,37457,37779,36960,37325
1995-08-18,37445,37710,37085,37465
1995-08-21,37461,37658,36883,37345
1995-08-22,37322,37376,36961,37105
1995-08-23,37132,37322,36737,36962
1995-08-24,36971,37382,36765,37027
1995-08-25,37039,37161,36854,36998
1995-08-28,36998,37063,36739,37048
1995-08-29,37044,37517,36940,37475
1995-08-30,37497,37904,37435,37772
1995-08-31,37798,37892,36920,37245
1995-09-01,37211,37441,36897,37051
1995-09-04,37042,37114,36796,37049
1995-09-05,37076,37280,36983,37084
1995-09-06,37076,37657,37039,37553
1995-09-07,37572,37944,37307,37862
1995-09-08,37892,38367,37666,38026
1995-09-11,37949,38243,37784,38224
1995-09-12,38227,38960,38197,38874
1995-09-13,38838,39586,38738,39432
1995-09-14,39416,39887,39304,39396
1995-09-15,39430,40099,39423,40068
1995-09-18,40112,40228,39741,39741
1995-09-19,39865,40341,39705,40213
1995-09-20,40233,40314,39261,39345
1995-09-21,39402,39516,37354,38011
1995-09-22,37942,38709,37564,38269
1995-09-25,38368,38806,38230,38466
1995-09-26,38459,38811,38088,38707
1995-09-27,38710,38718,38135,38453
1995-09-28,38503,38556,37927,37981
1995-09-29,37974,38297,37333,38258
1995-10-02,38220,38586,38220,38285
1995-10-03,38275,38861,38181,38779
1995-10-04,38811,38894,38451,38574
1995-10-05,38528,38671,37934,38102
1995-10-06,38099,38627,38089,38473
1995-10-09,38697,38877,38337,38654
1995-10-10,38636,38873,38500,38819
1995-10-11,38788,38923,38518,38837
1995-10-12,38856,38949,38412,38480
1995-10-13,38507,38761,38382,38746
1995-10-16,38716,38736,38418,38599
1995-10-17,38584,38663,38340,38465
1995-10-18,38469,38759,38135,38635
1995-10-19,38620,38712,38262,38290
1995-10-20,38297,38484,38122,38306
1995-10-23,38286,38292,37957,38163
1995-10-24,38197,38430,38038,38392
1995-10-25,38401,38925,38296,38676
1995-10-26,38728,39037,38630,38756
1995-10-27,38775,38927,38468,38897
1995-10-30,38895,39044,38735,38937
1995-10-31,38930,39197,38680,39005
1995-11-01,38997,39457,38928,39438
1995-11-02,39447,39817,39412,39790
1995-11-03,39801,39839,39561,39662
1995-11-06,39762,39773,39223,39492
1995-11-07,39484,39745,38984,39624
1995-11-08,39602,40017,39192,39479
1995-11-09,39468,39491,38474,38696
1995-11-10,38712,39298,38583,39222
1995-11-13,39219,39593,38946,39402
1995-11-14,39434,39442,38899,39171
1995-11-15,39093,39133,38776,39042
1995-11-16,39034,39498,38961,39333
1995-11-17,39306,39540,38955,39482
1995-11-20,39495,39698,38986,39074
1995-11-21,39094,39409,39005,39067
1995-11-22,39040,39200,38472,38585
1995-11-23,38593,38593,38363,38524
1995-11-24,38539,38933,38506,38896
1995-11-27,38975,39225,38807,39158
1995-11-28,39155,39451,38976,39316
1995-11-29,39386,39612,39228,39443
1995-11-30,39474,39601,39175,39565
1995-12-01,39525,39577,39013,39020
1995-12-04,39137,39210,38773,39092
1995-12-05,39088,39248,38995,39174
1995-12-06,39166,39493,39049,39452
1995-12-07,39455,39558,39204,39424
1995-12-08,39391,39525,39188,39417
1995-12-11,39390,39439,39169,39233
1995-12-12,39256,39598,39208,39495
1995-12-13,39475,39518,39227,39257
1995-12-14,39261,39328,39028,39179
1995-12-15,39160,39472,39133,39372
1995-12-18,39387,39452,39156,39294
1995-12-19,39322,39519,39315,39475
1995-12-20,39467,39615,39318,39510
1995-12-21,39523,39591,39340,39450
1995-12-22,39450,39781,39427,39578
1995-12-25,39495,39675,39495,39571
1995-12-26,39609,39784,39551,39625
1995-12-27,39628,39831,39612,39762
1995-12-28,39732,39793,39475,39684
1995-12-29,39673,40020,39642,39981
1996-01-02,40025,40611,39884,40570
1996-01-03,40552,41415,40498,41321
1996-01-04,41316,41973,41206,41436
1996-01-05,41459,41759,41108,41605
1996-01-08,41745,41895,41416,41677
1996-01-09,41654,41761,41199,41385
1996-01-10,41398,42145,41209,41877
1996-01-11,41862,41910,41618,41719
1996-01-12,41702,42156,41566,41659
1996-01-15,41693,41757,41299,41641
1996-01-16,41661,42183,41655,42183
1996-01-17,42199,42387,41805,42201
1996-01-18,42201,42251,41705,41870
1996-01-19,41800,42236,41697,42038
1996-01-22,42020,42721,42004,42620
1996-01-23,42617,42724,42434,42685
1996-01-24,42714,43262,42637,43085
1996-01-25,43037,43596,42902,43447
1996-01-26,43514,43660,43117,43237
1996-01-29,43263,43441,42994,43311
1996-01-30,43258,43678,43211,43333
1996-01-31,43386,43511,43008,43484
1996-02-01,43411,44055,43245,44014
1996-02-02,44075,44733,43969,44167
1996-02-05,44146,44236,43324,43496
1996-02-06,43448,43543,43212,43317
1996-02-07,43235,44046,43043,43319
1996-02-08,43339,43802,43301,43802
1996-02-09,43841,43980,43169,43359
1996-02-12,43387,43412,42672,42837
1996-02-13,42837,43154,42753,43090
1996-02-14,43073,43287,42840,42921
1996-02-15,42921,42998,42507,42527
1996-02-16,42567,42887,42347,42619
1996-02-19,42605,42794,41965,42166
1996-02-20,42141,43144,42014,42142
1996-02-21,42176,42294,41658,42162
1996-02-22,42208,42433,41830,41948
1996-02-23,41932,41977,41523,41710
1996-02-26,41739,41799,41474,41599
1996-02-27,41632,41830,41175,41515
1996-02-28,41547,41850,41248,41830
1996-02-29,41830,42248,41720,42047
1996-03-01,42031,42324,41857,41970
1996-03-04,41979,42023,41163,41445
1996-03-05,41425,41539,41167,41386
1996-03-06,41384,41500,41321,41422
1996-03-07,41433,41654,41226,41615
1996-03-08,41611,42119,41595,41947
1996-03-11,42115,42245,41533,41679
1996-03-12,41711,42015,41622,41715
1996-03-13,41699,41890,41654,41701
1996-03-14,41701,41841,41579,41733
1996-03-15,41675,41955,41645,41881
1996-03-18,41932,42015,41579,41927
1996-03-19,41927,42083,41828,41932
1996-03-20,41944,42131,41778,42102
1996-03-21,42117,42563,41977,42480
1996-03-22,42476,42622,42288,42517
1996-03-25,42394,42480,42106,42307
1996-03-26,42299,42680,42233,42564
1996-03-27,42576,42748,42520,42613
1996-03-28,42628,42657,41964,42094
1996-03-29,42102,42435,42054,42354
1996-04-01,42389,42539,42305,42474
1996-04-02,42442,42475,42178,42342
1996-04-03,42335,42502,42027,42132
1996-04-04,42139,42261,42001,42219
1996-04-05,42219,42488,42219,42460
1996-04-08,42510,42849,42326,42825
1996-04-09,42841,43038,42567,42699
1996-04-10,42740,42904,42591,42790
1996-04-11,42798,43065,42677,42907
1996-04-12,42919,43025,42711,42856
1996-04-15,42937,43004,42477,42651
1996-04-16,42659,42672,42182,42289
1996-04-17,42278,42454,42189,42288
1996-04-18,42272,42311,41443,41634
1996-04-19,41654,41912,41547,41885
1996-04-22,41968,42014,41582,41758
1996-04-23,41782,41844,41592,41742
1996-04-24,41745,41816,41565,41588
1996-04-25,41600,42072,41519,41952
1996-04-26,41952,42015,40972,41127
1996-04-29,41075,41235,40525,40923
1996-04-30,40950,41152,40534,41097
1996-05-01,41097,41417,40984,41374
1996-05-02,41364,41502,40961,41077
1996-05-03,41093,41366,40950,41181
1996-05-06,41173,41321,41036,41317
1996-05-07,41282,41436,41218,41432
1996-05-08,41440,41804,41223,41291
1996-05-09,41283,41404,41046,41050
1996-05-10,41088,41416,41041,41168
1996-05-13,41362,41401,40926,41076
1996-05-14,41103,41585,40942,41431
1996-05-15,41463,41986,41382,41933
1996-05-16,41946,41950,41675,41809
1996-05-17,41769,42037,41681,41886
1996-05-20,41812,42050,41764,41814
1996-05-21,41825,41925,41646,41917
1996-05-22,41917,42029,41701,41926
1996-05-23,41910,41930,41661,41840
1996-05-24,41810,42177,41775,42132
1996-05-27,42167,42179,42026,42151
1996-05-28,42155,42663,42119,42576
1996-05-29,42573,42674,42248,42267
1996-05-30,42267,42329,41741,42097
1996-05-31,42062,42439,42050,42222
1996-06-03,42223,42351,41995,42316
1996-06-04,42293,42625,42144,42214
1996-06-05,42156,42375,42016,42107
1996-06-06,42096,42471,41785,42090
1996-06-07,42094,42333,41872,42074
1996-06-10,42086,42286,41962,42071
1996-06-11,42082,42212,41874,42077
1996-06-12,42069,42136,41829,41863
1996-06-13,41851,42048,41699,41760
1996-06-14,41760,42050,41323,41996
1996-06-17,41804,41988,41785,41932
1996-06-18,41952,41986,41395,41527
1996-06-19,41549,41808,41430,41484
1996-06-20,41484,41600,41359,41562
1996-06-21,41585,42009,41543,41989
1996-06-24,41858,42006,41747,41901
1996-06-25,41878,42098,41789,41799
1996-06-26,41788,42117,41788,41942
1996-06-27,41988,41989,41605,41646
1996-06-28,41700,42034,41651,41708
1996-07-01,41723,41921,41659,41799
1996-07-02,41799,42167,41796,42138
1996-07-03,42110,42333,42058,42060
1996-07-04,42064,42084,41939,42040
1996-07-05,42059,42314,42032,42264
1996-07-08,42274,42497,42166,42222
1996-07-09,42218,42447,42035,42217
1996-07-10,42221,42327,42059,42192
1996-07-11,42192,42353,42088,42286
1996-07-12,42250,42557,42180,42485
1996-07-15,42362,42557,42213,42361
1996-07-16,42358,42385,41625,41902
1996-07-17,41845,42029,41559,41626
1996-07-18,41649,41774,41320,41563
1996-07-19,41563,41765,41411,41418
1996-07-22,41492,41611,41199,41306
1996-07-23,41325,41567,41127,41438
1996-07-24,41428,41904,41344,41756
1996-07-25,41726,41774,41468,41655
1996-07-26,41632,41900,41575,41696
1996-07-29,41714,41830,41435,41577
1996-07-30,41569,41670,41403,41488
1996-07-31,41477,41515,40930,41310
1996-08-01,41293,41541,41104,41336
1996-08-02,41317,41458,41167,41335
1996-08-05,41324,41682,41260,41419
1996-08-06,41446,41701,41368,41443
1996-08-07,41435,41906,41428,41889
1996-08-08,41893,42049,41755,42026
1996-08-09,42030,42081,41759,41913
1996-08-12,41900,41947,41613,41704
1996-08-13,41684,41830,41585,41717
1996-08-14,41690,41837,41581,41762
1996-08-15,41758,41799,41577,41675
1996-08-16,41659,41676,41513,41590
1996-08-19,41582,41784,41555,41713
1996-08-20,41717,42064,41664,41972
1996-08-21,41972,42075,41802,41927
1996-08-22,41907,42070,41812,41925
1996-08-23,41933,42153,41813,41961
1996-08-26,41937,41968,41612,41913
1996-08-27,41921,42026,41766,41844
1996-08-28,41882,42246,41824,42056
1996-08-29,42063,42117,41901,41996
1996-08-30,42004,42125,41873,42098
1996-09-02,42101,42229,42051,42184
1996-09-03,42184,42395,42099,42190
1996-09-04,42190,42248,41835,41935
1996-09-05,41946,42201,41918,42089
1996-09-06,42097,42184,41965,42042
1996-09-09,42019,42084,41723,41879
1996-09-10,41871,42147,41696,42023
1996-09-11,42034,42334,42015,42174
1996-09-12,42193,42193,41935,42118
1996-09-13,42072,42352,42026,42200
1996-09-16,42208,42341,42068,42187
1996-09-17,42187,42321,42083,42193
1996-09-18,42193,42250,41670,41817
1996-09-19,41817,41948,41693,41849
1996-09-20,41876,42041,41757,41902
1996-09-23,41884,41945,41785,41905
1996-09-24,41924,42005,41684,41776
1996-09-25,41799,42255,41795,42209
1996-09-26,42217,42313,41906,42169
1996-09-27,42150,42248,41992,42141
1996-09-30,42148,42404,42019,42127
1996-10-01,42112,42217,41827,42180
1996-10-02,42199,42615,42135,42458
1996-10-03,42458,42510,42190,42328
1996-10-04,42317,42539,42306,42523
1996-10-07,42484,42558,42199,42264
1996-10-08,42298,42576,42216,42561
1996-10-09,42533,42589,42323,42512
1996-10-10,42458,42585,42325,42437
1996-10-11,42426,42591,42345,42489
1996-10-14,42548,42667,42455,42587
1996-10-15,42594,42843,42583,42756
1996-10-16,42756,42839,42642,42762
1996-10-17,42754,42773,42543,42675
1996-10-18,42671,42830,42572,42723
1996-10-21,42716,43086,42690,43018
1996-10-22,42999,43372,42883,43116
1996-10-23,43085,43409,42940,43308
1996-10-24,43289,43333,43104,43212
1996-10-25,43197,43398,43169,43387
1996-10-28,43360,43792,43332,43727
1996-10-29,43746,44020,43368,43474
1996-10-30,43482,43548,43153,43404
1996-10-31,43430,43430,42903,43058
1996-11-01,43088,43126,42639,42839
1996-11-04,42752,43176,42661,43071
1996-11-05,43109,43335,42946,43232
1996-11-06,43240,43429,42956,43058
1996-11-07,43039,43039,42136,42492
1996-11-08,42469,42554,42144,42368
1996-11-11,42309,42478,42143,42357
1996-11-12,42357,42753,42229,42641
1996-11-13,42611,42857,42535,42776
1996-11-14,42793,42839,42325,42472
1996-11-15,42449,42544,41943,42178
1996-11-18,42195,42403,42047,42232
1996-11-19,42198,42333,42053,42174
1996-11-20,42181,42403,41966,42139
1996-11-21,42181,42275,41763,41889
1996-11-22,41886,42038,41829,41901
1996-11-25,41933,42259,41872,42159
1996-11-26,42159,42236,41983,42165
1996-11-27,42126,42418,42090,42246
1996-11-28,42231,42408,42065,42317
1996-11-29,42314,42409,42125,42267
1996-12-02,42247,42429,42018,42177
1996-12-03,42166,42166,41355,41721
1996-12-04,41740,42087,41654,41908
1996-12-05,41897,41926,41253,41643
1996-12-06,41605,41998,41536,41611
1996-12-09,41701,41856,41544,41738
1996-12-10,41731,41859,41581,41777
1996-12-11,41758,41816,41488,41649
1996-12-12,41630,41877,41399,41741
1996-12-13,41773,42085,41575,41966
1996-12-16,41996,42044,41823,41872
1996-12-17,41861,42059,41731,41931
1996-12-18,41916,42038,41750,41952
1996-12-19,41948,42164,41808,42036
1996-12-20,42030,42225,41993,42078
1996-12-23,42071,42156,41950,42039
1996-12-24,42039,42223,42039,42153
1996-12-25,42168,42259,42113,42230
1996-12-26,42241,42435,42128,42398
1996-12-27,42372,42924,42330,42550
1996-12-30,42604,42925,42604,42857
1996-12-31,42908,43021,42499,42628
1997-01-02,42610,42733,42088,42217
1997-01-03,42235,42297,41954,41954
1997-01-06,42193,42273,41229,41392
1997-01-07,41389,41539,41162,41329
1997-01-08,41318,41467,40954,41165
1997-01-09,41201,41624,41033,41605
1997-01-10,41579,41729,41295,41639
1997-01-13,41627,41911,41526,41724
1997-01-14,41638,41858,41270,41318
1997-01-15,41364,41644,41078,41160
1997-01-16,41136,41477,41048,41282
1997-01-17,41299,41702,41269,41677
1997-01-20,41718,41875,41480,41682
1997-01-21,41646,41888,41501,41566
1997-01-22,41577,41818,41377,41692
1997-01-23,41706,42180,41364,41961
1997-01-24,41977,42318,41645,41865
1997-01-27,42014,42602,41899,42542
1997-01-28,42542,43155,42512,42713
1997-01-29,42695,43164,42595,42878
1997-01-30,42840,42999,41923,42069
1997-01-31,42029,42231,41596,41767
1997-02-03,41748,42186,41710,42136
1997-02-04,42157,42389,42039,42128
1997-02-05,42126,42580,42018,42445
1997-02-06,42491,42659,42205,42415
1997-02-07,42439,42524,41386,41970
1997-02-10,41404,42054,41346,41876
1997-02-11,41839,41974,41471,41873
1997-02-12,41859,42799,41547,42564
1997-02-13,42589,42788,42280,42372
1997-02-14,42331,42973,42321,42821
1997-02-17,42875,42968,42564,42759
1997-02-18,42828,43156,42648,42799
1997-02-19,42854,43098,42646,42928
1997-02-20,42949,43133,42249,42888
1997-02-21,42919,43645,42877,43384
1997-02-24,43330,43411,42866,43130
1997-02-25,43151,43262,42867,43046
1997-02-26,42993,43285,42548,43195
1997-02-27,43241,43867,42763,43291
1997-02-28,43293,43682,43098,43596
1997-03-03,43751,44082,43428,43853
1997-03-04,43878,44268,43659,43812
1997-03-05,43804,43862,42576,42712
1997-03-06,42768,43023,42508,42622
1997-03-07,42580,42836,42313,42482
1997-03-10,42538,42782,42433,42755
1997-03-11,42762,43084,42652,43032
1997-03-12,43032,43489,42865,42961
1997-03-13,43066,43659,42804,43597
1997-03-14,43633,43836,43273,43437
1997-03-17,43425,43556,42858,42986
1997-03-18,43003,43055,42277,42760
1997-03-19,42836,43394,42740,43183
1997-03-20,43198,43673,42995,43457
1997-03-21,43457,43493,43048,43282
1997-03-24,43288,43358,42823,42998
1997-03-25,43003,43434,42879,43012
1997-03-26,42982,43575,42878,43444
1997-03-27,43437,43528,42894,43165
1997-03-28,43179,43376,43105,43366
1997-03-31,43355,43482,42978,43424
1997-04-01,43457,43542,42557,42819
1997-04-02,42883,43223,42766,42990
1997-04-03,42948,42981,42495,42721
1997-04-04,42738,43358,42552,43308
1997-04-07,43347,43896,43248,43715
1997-04-08,43718,44168,43548,43987
1997-04-09,43990,44256,43861,44101
1997-04-10,44118,44226,43624,43776
1997-04-11,43825,43996,43421,43719
1997-04-14,43729,43864,43502,43786
1997-04-15,43793,43810,42867,43067
1997-04-16,43067,43150,42383,42936
1997-04-17,42946,43320,42719,43096
1997-04-18,43130,43203,42891,42923
1997-04-21,42914,43140,42697,42961
1997-04-22,42957,43310,42903,43056
1997-04-23,43098,43126,42857,42996
1997-04-24,42992,43094,42802,42937
1997-04-25,42951,43198,42777,43165
1997-04-28,43169,43487,42867,43059
1997-04-29,43025,43125,42895,43084
1997-04-30,43091,43313,43022,43093
1997-05-01,43108,43266,42828,43035
1997-05-02,43035,43188,42924,43061
1997-05-05,43024,43450,42985,43380
1997-05-06,43397,43440,42461,42651
1997-05-07,42624,42947,42448,42684
1997-05-08,42735,42776,42249,42474
1997-05-09,42491,42494,41210,41736
1997-05-12,41646,41675,40867,41462
1997-05-13,41393,41637,41114,41365
1997-05-14,41351,41548,40588,40629
1997-05-15,40524,40839,39887,40188
1997-05-16,40237,40582,39547,39795
1997-05-19,39749,39971,39373,39461
1997-05-20,39468,39471,38326,38622
1997-05-21,38611,39233,38593,39153
1997-05-22,39085,39930,39034,39736
1997-05-23,39787,39802,39301,39541
1997-05-26,39764,39999,39588,39838
1997-05-27,39821,40169,39699,40094
1997-05-28,40053,40244,39418,39853
1997-05-29,39843,40297,39658,40182
1997-05-30,40188,40385,39941,40002
1997-06-02,40016,40144,39873,40029
1997-06-03,40056,40126,39658,39788
1997-06-04,39788,40036,39601,39675
1997-06-05,39641,39702,39222,39662
1997-06-06,39611,39945,39193,39193
1997-06-09,39233,39233,38515,38849
1997-06-10,38870,38917,38442,38592
1997-06-11,38534,38706,37919,38215
1997-06-12,38163,39570,38163,38994
1997-06-13,38965,39283,38844,39137
1997-06-16,39107,39164,38654,38753
1997-06-17,38753,38880,38550,38658
1997-06-18,38641,38845,38431,38477
1997-06-19,38510,38856,38369,38839
1997-06-20,38817,39003,38613,38767
1997-06-23,38916,39122,38744,38951
1997-06-24,38917,39037,38649,38745
1997-06-25,38738,38752,38250,38345
1997-06-26,38362,38600,38144,38245
1997-06-27,38262,38652,38155,38306
1997-06-30,38358,38425,38130,38225
1997-07-01,38249,38506,38192,38360
1997-07-02,38387,38393,37782,37878
1997-07-03,37918,38080,36766,36980
1997-07-04,36934,37110,36504,37029
1997-07-07,37022,37022,35230,35794
1997-07-08,35727,36296,35632,36188
1997-07-09,36067,36211,35536,35831
1997-07-10,35811,36246,35786,36147
1997-07-11,36115,36687,36108,36670
1997-07-14,36649,36714,36347,36393
1997-07-15,36309,37104,36303,36738
1997-07-16,36686,37204,36497,36722
1997-07-17,36646,37633,36633,37461
1997-07-18,37455,38031,37280,37948
1997-07-21,37953,38052,37670,37784
1997-07-22,37774,38088,37278,37408
1997-07-23,37424,37632,37216,37321
1997-07-24,37344,38053,37100,37484
1997-07-25,37513,38164,37436,38074
1997-07-28,38045,38701,38002,38668
1997-07-29,38674,38684,38311,38547
1997-07-30,38517,38979,38445,38493
1997-07-31,38519,38738,38243,38430
1997-08-01,38455,38762,38105,38409
1997-08-04,38469,38569,38182,38223
1997-08-05,38223,38401,37918,38204
1997-08-06,38239,38252,37655,37728
1997-08-07,37744,38267,37566,38083
1997-08-08,38121,38181,36986,37446
1997-08-11,37415,38151,37399,38120
1997-08-12,38117,38163,37709,38007
1997-08-13,38030,38341,37700,37822
1997-08-14,37773,38496,37741,38144
1997-08-15,38279,38435,37824,38233
1997-08-18,38201,38511,37704,37874
1997-08-19,37948,38271,37826,38179
1997-08-20,38192,38277,37741,37789
1997-08-21,37786,38154,37720,37895
1997-08-22,37875,38635,37526,38616
1997-08-25,38461,38558,38231,38512
1997-08-26,38512,38615,38138,38427
1997-08-27,38427,38782,38425,38608
1997-08-28,38618,38764,38412,38478
1997-08-29,38488,39291,38456,39143
1997-09-01,39249,39281,39018,39192
1997-09-02,39201,39530,38991,39144
1997-09-03,39121,39163,38773,38867
1997-09-04,38851,39143,38635,38893
1997-09-05,38909,39103,38757,39047
1997-09-08,39040,39063,38720,38958
1997-09-09,39000,39000,37973,38145
1997-09-10,38116,38431,38100,38281
1997-09-11,38255,38922,38030,38750
1997-09-12,38744,39351,38661,39176
1997-09-15,39119,39168,38556,38784
1997-09-16,38746,39022,38560,38851
1997-09-17,38829,38877,38398,38688
1997-09-18,38598,39209,38560,39028
1997-09-19,39066,39399,38934,39145
1997-09-22,39046,39499,38979,39101
1997-09-23,39079,39312,38875,39251
1997-09-24,39242,39374,38382,38823
1997-09-25,38855,39709,38658,39581
1997-09-26,39594,39646,39167,39555
1997-09-29,39468,39759,39445,39629
1997-09-30,39632,40470,39573,40271
1997-10-01,40248,40990,40158,40313
1997-10-02,40347,40650,39934,40307
1997-10-03,40290,40879,40264,40835
1997-10-06,40748,40788,40345,40507
1997-10-07,40467,40638,40252,40539
1997-10-08,40539,40676,40089,40326
1997-10-09,40343,40525,39361,39677
1997-10-10,39657,39709,39141,39544
1997-10-13,39628,39868,39565,39689
1997-10-14,39719,39931,39643,39868
1997-10-15,39783,39812,39383,39531
1997-10-16,39534,39616,38820,38965
1997-10-17,38997,39293,38882,39237
1997-10-20,39202,39447,39104,39164
1997-10-21,39177,39212,38827,38968
1997-10-22,38950,39079,38833,38906
1997-10-23,38954,39465,38902,39406
1997-10-24,39418,39578,37560,37692
1997-10-27,37906,38134,37493,37881
1997-10-28,37978,38034,37050,38011
1997-10-29,38034,38168,37479,37842
1997-10-30,37867,38324,37483,37944
1997-10-31,37944,38030,37240,37459
1997-11-03,37511,38097,37377,38022
1997-11-04,38022,38553,37883,38259
1997-11-05,38234,38689,38151,38555
1997-11-06,38552,38630,38218,38472
1997-11-07,38501,38790,38032,38533
1997-11-10,38369,38595,38192,38542
1997-11-11,38527,39284,38459,38626
1997-11-12,38613,39048,38461,38861
1997-11-13,38820,38943,38419,38684
1997-11-14,38657,38846,37653,37994
1997-11-17,38116,38392,37645,38117
1997-11-18,38147,38665,37978,38650
1997-11-19,38656,39037,38465,38586
1997-11-20,38595,38602,38076,38082
1997-11-21,38082,38549,37970,38535
1997-11-24,38544,38850,38347,38382
1997-11-25,38397,38752,38058,38191
1997-11-26,38203,38224,37496,37653
1997-11-27,37691,37781,37505,37531
1997-11-28,37531,37946,37457,37946
1997-12-01,37862,38052,37671,37719
1997-12-02,37742,37973,37535,37751
1997-12-03,37743,37848,37256,37611
1997-12-04,37617,37637,36928,36986
1997-12-05,36988,37592,36900,37503
1997-12-08,37345,37739,37191,37489
1997-12-09,37517,37561,36491,36643
1997-12-10,36640,37150,36390,37060
1997-12-11,37046,37221,36616,36834
1997-12-12,36795,36990,36616,36823
1997-12-15,36815,37452,36796,37169
1997-12-16,37121,37383,36992,37041
1997-12-17,37027,37529,35990,36690
1997-12-18,36719,37332,36414,36941
1997-12-19,36907,37432,36777,37322
1997-12-22,37411,38032,37295,37839
1997-12-23,37861,38219,37741,37968
1997-12-24,38041,38558,38041,38417
1997-12-25,38432,38578,38432,38513
1997-12-26,38572,38646,38378,38416
1997-12-29,38412,38442,37577,37606
1997-12-30,37662,37849,37460,37762
1997-12-31,37746,37767,37307,37720
1998-01-02,37677,38189,37597,38125
1998-01-05,38128,38362,37461,37608
1998-01-06,37594,37947,37248,37588
1998-01-07,37672,37713,36990,37299
1998-01-08,37478,37810,36839,37221
1998-01-09,37221,37326,36416,36743
1998-01-12,36808,37108,36635,36863
1998-01-13,36866,37294,36684,37109
1998-01-14,37121,37546,36767,36883
1998-01-15,36852,37207,36666,37035
1998-01-16,37018,37784,36862,37458
1998-01-19,37405,37431,36794,37062
1998-01-20,37145,37771,36920,37270
1998-01-21,37230,37496,36904,37119
1998-01-22,37122,37516,36810,36899
1998-01-23,36922,37627,36557,37571
1998-01-26,37393,38399,37203,37539
1998-01-27,37632,37930,37496,37662
1998-01-28,37586,38185,37335,38103
1998-01-29,38094,38282,37702,38070
1998-01-30,38128,38773,37974,38379
1998-02-02,38203,38469,38108,38270
1998-02-03,38246,38308,37000,37118
1998-02-04,37153,37364,36610,36993
1998-02-05,37005,37496,36412,36882
1998-02-06,36858,37474,36852,36895
1998-02-09,37058,37640,37022,37153
1998-02-10,37195,37293,36840,36991
1998-02-11,36994,37300,36885,37022
1998-02-12,37046,37298,36662,37211
1998-02-13,37157,37545,37054,37492
1998-02-16,37571,37734,37444,37509
1998-02-17,37524,37876,37486,37665
1998-02-18,37695,37793,37352,37591
1998-02-19,37612,37732,37462,37612
1998-02-20,37666,38061,37579,37951
1998-02-23,38058,38184,37312,37474
1998-02-24,37530,37614,37115,37253
1998-02-25,37256,37659,36952,37490
1998-02-26,37439,37776,37275,37439
1998-02-27,37412,37913,37210,37691
1998-03-02,37696,37767,37302,37581
1998-03-03,37587,37650,37306,37551
1998-03-04,37536,37634,37186,37478
1998-03-05,37478,37645,37256,37489
1998-03-06,37442,37765,37196,37558
1998-03-09,37522,37797,37495,37605
1998-03-10,37590,37702,37404,37685
1998-03-11,37685,38136,37521,38089
1998-03-12,38059,38142,37785,37988
1998-03-13,37950,38020,37675,37743
1998-03-16,37729,38195,37642,38132
1998-03-17,38150,38156,37533,37571
1998-03-18,37611,38122,37273,37817
1998-03-19,37840,38210,37612,38099
1998-03-20,38019,38189,37571,38012
1998-03-23,37947,39072,37947,38965
1998-03-24,38956,39273,38538,39003
1998-03-25,38997,39006,38425,38494
1998-03-26,38530,38779,38390,38690
1998-03-27,38655,39656,38517,39429
1998-03-30,39337,40069,39245,39761
1998-03-31,39764,40361,39543,40023
1998-04-01,39951,40258,39910,40013
1998-04-02,39983,40421,39800,40368
1998-04-03,40368,41703,40208,41626
1998-04-06,41617,42389,41328,41595
1998-04-07,41568,41644,40845,41297
1998-04-08,41303,41410,40334,40600
1998-04-09,40622,41121,39829,40467
1998-04-10,40390,40603,39568,39904
1998-04-13,39907,40311,39541,40248
1998-04-14,40198,40364,39793,39874
1998-04-15,39815,40048,39601,40008
1998-04-16,39941,40662,39722,40566
1998-04-17,40548,40733,40335,40498
1998-04-20,40532,40759,40410,40647
1998-04-21,40623,40992,40317,40756
1998-04-22,40747,40995,40498,40818
1998-04-23,40815,41053,40497,40778
1998-04-24,40759,41078,40469,40965
1998-04-27,40949,41392,40819,40918
1998-04-28,40934,41033,40454,40678
1998-04-29,40643,41134,40535,40991
1998-04-30,40981,41197,40496,40665
1998-05-01,40659,40896,40046,40287
1998-05-04,40338,40677,40213,40439
1998-05-05,40395,40453,39782,39867
1998-05-06,39867,40307,39693,40003
1998-05-07,39967,40167,39432,39761
1998-05-08,39764,39917,39597,39802
1998-05-11,39872,39970,39462,39868
1998-05-12,39877,40039,39744,39877
1998-05-13,39874,40253,39565,39974
1998-05-14,39953,40093,39496,39942
1998-05-15,39941,40638,39829,40460
1998-05-18,40530,40859,40385,40735
1998-05-19,40636,41022,40464,40696
1998-05-20,40618,40859,40442,40703
1998-05-21,40643,40882,40435,40612
1998-05-22,40635,40907,40561,40686
1998-05-25,40833,41106,40768,41011
1998-05-26,41037,41202,40536,40692
1998-05-27,40649,40693,39885,40355
1998-05-28,40376,40886,40177,40633
1998-05-29,40582,40843,40184,40612
1998-06-01,40559,40821,40189,40238
1998-06-02,40244,40522,39949,40404
1998-06-03,40360,40769,40062,40611
1998-06-04,40493,40650,40221,40638
1998-06-05,40620,40845,40282,40752
1998-06-08,40724,41665,40580,41656
1998-06-09,41612,41863,40972,41120
1998-06-10,41164,41590,40651,41471
1998-06-11,41480,41718,41072,41270
1998-06-12,41242,41732,41063,41191
1998-06-15,41292,41914,41212,41594
1998-06-16,41623,41714,40684,41310
1998-06-17,41259,41498,39819,40069
1998-06-18,39992,40560,39857,40384
1998-06-19,40370,40930,39330,40918
1998-06-22,40929,41061,40517,40693
1998-06-23,40679,41122,40549,41051
1998-06-24,41004,41499,40871,41324
1998-06-25,41295,41801,41057,41748
1998-06-26,41751,41923,41441,41721
1998-06-29,41954,42145,41442,41613
1998-06-30,41751,41766,40893,41152
1998-07-01,41167,41341,40786,40890
1998-07-02,40890,41629,40768,41304
1998-07-03,41277,41433,40745,41059
1998-07-06,41339,41474,40876,41041
1998-07-07,41055,41168,40640,40889
1998-07-08,40862,41212,40619,40844
1998-07-09,40903,41233,40725,41109
1998-07-10,41115,41200,40700,41076
1998-07-13,41500,41723,40941,41117
1998-07-14,41073,41368,40896,40985
1998-07-15,41044,41406,40966,41193
1998-07-16,41260,41409,40850,41071
1998-07-17,41080,41080,41011,41011
1998-07-20,40967,41219,40825,41124
1998-07-21,41136,41496,40998,41324
1998-07-22,41437,41455,41411,41411
1998-07-23,41437,41749,41132,41423
1998-07-24,41444,41610,40912,41248
1998-07-27,41167,41481,41106,41325
1998-07-28,41368,41389,40991,41142
1998-07-29,41072,41511,40952,41256
1998-07-30,41268,41682,40992,41493
1998-07-31,41481,41862,41318,41427
1998-08-03,41459,41765,41139,41278
1998-08-04,41297,41872,41012,41789
1998-08-05,41824,41836,41296,41412
1998-08-06,41371,41667,41321,41443
1998-08-07,41509,41886,41456,41872
1998-08-10,41886,42067,41689,42009
1998-08-11,41930,42104,41697,41772
1998-08-12,41761,41853,41210,41287
1998-08-13,41217,41578,40956,41328
1998-08-14,41302,41649,41126,41548
1998-08-17,41522,41655,41299,41606
1998-08-18,41598,41633,41152,41253
1998-08-19,41210,41411,40681,40687
1998-08-20,40718,40884,40300,40701
1998-08-21,40769,41490,40591,41135
1998-08-24,41217,41277,40800,40871
1998-08-25,40826,41115,40740,40754
1998-08-26,40797,41193,40463,40645
1998-08-27,40647,40647,39157,39212
1998-08-28,39265,39507,38717,38854
1998-08-31,38744,39280,38325,38489
1998-09-01,38461,38878,37638,38071
1998-09-02,38071,38821,38015,38570
1998-09-03,38710,38766,37301,38235
1998-09-04,38121,38835,37818,38318
1998-09-07,38556,38579,37609,37999
1998-09-08,37962,38106,37590,37748
1998-09-09,37740,39166,37361,38723
1998-09-10,38695,39100,38307,39026
1998-09-11,38907,39135,37587,38419
1998-09-14,38521,38846,38157,38308
1998-09-15,38386,38852,38350,38826
1998-09-16,38849,39230,38556,38616
1998-09-17,38566,38674,38189,38395
1998-09-18,38386,38712,38174,38628
1998-09-21,38879,39092,38610,38842
1998-09-22,38824,39268,38650,38941
1998-09-23,39010,39492,38873,39256
1998-09-24,39227,40055,39149,39603
1998-09-25,39656,40276,39491,40012
1998-09-28,39984,40262,39632,40135
1998-09-29,40158,40452,39308,39537
1998-09-30,39551,40594,39460,40479
1998-10-01,40479,40859,40194,40722
1998-10-02,40671,41019,40000,40691
1998-10-05,40942,40951,39678,39777
1998-10-06,39753,39777,38436,38539
1998-10-07,38554,38903,35738,36487
1998-10-08,36780,37185,33905,35491
1998-10-09,35389,35945,34438,34572
1998-10-12,34765,35123,34219,34750
1998-10-13,34756,35648,34733,35200
1998-10-14,35289,35582,34969,35079
1998-10-15,35100,35257,34522,34579
1998-10-16,34609,35010,34084,34531
1998-10-19,34600,34735,33756,33830
1998-10-20,33801,35031,33785,34478
1998-10-21,34283,34680,34200,34530
1998-10-22,34574,34918,34252,34287
1998-10-23,34336,34977,34257,34544
1998-10-26,34656,34869,34343,34860
1998-10-27,34845,35069,34533,34598
1998-10-28,34609,34730,34333,34533
1998-10-29,34515,34550,34002,34237
1998-10-30,34304,34354,33750,33848
1998-11-02,33772,33948,33188,33292
1998-11-03,33234,33695,33074,33287
1998-11-04,33250,34081,33209,33884
1998-11-05,33887,34666,33887,34621
1998-11-06,34627,34870,34533,34843
1998-11-09,34931,35704,34837,35629
1998-11-10,35603,36091,35412,35813
1998-11-11,35808,35934,35336,35674
1998-11-12,35660,36682,35570,36108
1998-11-13,36114,36424,35955,36294
1998-11-16,36158,36198,35243,35423
1998-11-17,35482,35924,35200,35598
1998-11-18,35520,36231,35520,36121
1998-11-19,36154,36352,35046,35342
1998-11-20,35442,35799,35239,35600
1998-11-23,35683,36008,35534,35865
1998-11-24,35873,36094,35609,35846
1998-11-25,35852,36223,35591,36063
1998-11-26,36081,36335,35897,36119
1998-11-27,36134,36531,36100,36356
1998-11-30,36481,36691,35890,35999
1998-12-01,35979,36146,35686,35828
1998-12-02,35766,35883,35092,35165
1998-12-03,35151,35262,34404,34496
1998-12-04,34453,34883,34246,34696
1998-12-07,34690,35536,34494,35285
1998-12-08,35344,35508,34891,34947
1998-12-09,34950,35009,34548,34604
1998-12-10,34639,34807,34383,34398
1998-12-11,34451,34721,33689,33869
1998-12-14,33858,34033,33488,33637
1998-12-15,33613,34313,33584,34114
1998-12-16,34123,34536,33798,34462
1998-12-17,34536,34609,33727,33864
1998-12-18,33872,33983,33339,33547
1998-12-21,33631,33747,33217,33527
1998-12-22,33478,33937,33333,33572
1998-12-23,33598,33598,33030,33197
1998-12-24,33174,33398,32991,33228
1998-12-25,33208,33400,33042,33392
1998-12-28,33280,33441,33076,33211
1998-12-29,33234,33283,32956,33016
1998-12-30,33070,33177,32904,32994
1998-12-31,33045,33045,32308,32602
1999-01-04,32625,33002,31979,32112
1999-01-05,32075,32275,31741,31938
1999-01-06,31938,32580,31938,32439
1999-01-07,32459,32616,31680,32361
1999-01-08,32349,32706,32183,32295
1999-01-11,32234,32291,31584,31785
1999-01-12,31805,32915,31782,32391
1999-01-13,32405,32540,31961,32426
1999-01-14,32483,32684,32205,32558
1999-01-15,32572,32732,32016,32692
1999-01-18,32727,32999,32474,32755
1999-01-19,32741,32953,32404,32466
1999-01-20,32492,32669,32337,32379
1999-01-21,32376,32936,32230,32660
1999-01-22,32697,32959,32583,32758
1999-01-25,32724,32859,32592,32801
1999-01-26,32758,32778,32456,32521
1999-01-27,32555,32892,32404,32741
1999-01-28,32698,33214,32463,33032
1999-01-29,33032,33316,32981,33245
1999-02-01,33173,33255,32953,33198
1999-02-02,33160,33227,32295,32338
1999-02-03,32330,32570,32105,32430
1999-02-04,32494,32752,32204,32405
1999-02-05,32361,32916,32266,32679
1999-02-08,32664,33226,32508,33148
1999-02-09,33134,33145,32710,32787
1999-02-10,32721,33244,32669,32839
1999-02-11,32824,33031,32632,32956
1999-02-12,32948,33267,32795,32995
1999-02-15,32972,33539,32897,33403
1999-02-16,33446,33949,33420,33836
1999-02-17,33848,34091,33618,33845
1999-02-18,33825,34331,33756,34180
1999-02-19,34230,34903,34133,34857
1999-02-22,34744,35215,34452,34709
1999-02-23,34772,34955,34356,34675
1999-02-24,34647,35109,34573,34926
1999-02-25,34946,34976,34195,34420
1999-02-26,34405,34684,33890,34091
1999-03-01,34209,34351,34033,34287
1999-03-02,34261,34847,34244,34433
1999-03-03,34424,34961,34363,34947
1999-03-04,34932,35660,34843,35459
1999-03-05,35514,35576,35108,35340
1999-03-08,35328,35462,34907,35394
1999-03-09,35439,35803,35223,35302
1999-03-10,35299,35363,34882,35060
1999-03-11,35051,35480,34904,35024
1999-03-12,34995,35335,34554,34672
1999-03-15,34728,34880,33620,33739
1999-03-16,33733,33965,33110,33331
1999-03-17,33378,33868,33198,33548
1999-03-18,33562,33702,33068,33224
1999-03-19,33233,33406,33105,33251
1999-03-22,33240,33665,33220,33575
1999-03-23,33618,33848,33244,33553
1999-03-24,33582,33684,33264,33488
1999-03-25,33517,33588,33256,33466
1999-03-26,33443,33734,33249,33596
1999-03-29,33672,33775,33513,33668
1999-03-30,33664,33782,33462,33572
1999-03-31,33555,33755,32995,33240
1999-04-01,33246,33848,33108,33848
1999-04-02,33854,33862,33566,33689
1999-04-05,33784,34022,33592,33860
1999-04-06,33863,33890,33517,33724
1999-04-07,33715,34100,33700,33990
1999-04-08,34007,34103,33718,33965
1999-04-09,33993,34198,33717,33995
1999-04-12,33973,34108,33840,34008
1999-04-13,34008,34172,33833,33901
1999-04-14,33887,34015,33318,33387
1999-04-15,33393,33800,33384,33800
1999-04-16,33809,33812,33338,33385
1999-04-19,33438,33690,33257,33419
1999-04-20,33425,33803,33386,33788
1999-04-21,33782,34029,33633,33961
1999-04-22,33967,34085,33771,33837
1999-04-23,33854,33990,33700,33769
1999-04-26,33772,33809,33329,33506
1999-04-27,33540,34012,33443,33883
1999-04-28,33872,33883,33355,33637
1999-04-29,33638,34121,33607,34024
1999-04-30,34047,34459,33815,34210
1999-05-03,34225,34452,34151,34412
1999-05-04,34424,34605,34336,34456
1999-05-05,34473,34853,34332,34578
1999-05-06,34575,34978,34424,34845
1999-05-07,34845,34879,33613,34120
1999-05-10,34131,34170,33423,33483
1999-05-11,33494,33805,33421,33616
1999-05-12,33619,33794,33315,33465
1999-05-13,33437,33910,33437,33777
1999-05-14,33788,33952,33549,33864
1999-05-17,33888,34088,33823,33877
1999-05-18,33870,34012,33628,33743
1999-05-19,33762,34019,33649,33913
1999-05-20,33905,34168,33794,34089
1999-05-21,34086,34204,33649,33799
1999-05-24,33837,33901,33388,33521
1999-05-25,33538,33569,33031,33031
1999-05-26,33044,33137,32729,32886
1999-05-27,32903,33010,32316,32533
1999-05-28,32501,32859,32407,32794
1999-05-31,32862,32922,32698,32814
1999-06-01,32817,32892,32071,32275
1999-06-02,32256,32412,31996,32209
1999-06-03,32246,32459,31905,32242
1999-06-04,32253,32480,32171,32382
1999-06-07,32443,32472,31887,32052
1999-06-08,32055,32182,31058,31217
1999-06-09,31241,31395,30618,30856
1999-06-10,30877,30951,30372,30687
1999-06-11,30697,30961,30518,30706
1999-06-14,30761,31442,30640,31376
1999-06-15,31397,31404,31153,31166
1999-06-16,31142,31203,30950,31085
1999-06-17,31097,31129,30740,30829
1999-06-18,30834,31360,30799,31220
1999-06-21,31310,31789,31271,31664
1999-06-22,31651,31706,31358,31395
1999-06-23,31419,31756,31379,31753
1999-06-24,31730,31924,31677,31785
1999-06-25,31764,31825,31322,31483
1999-06-28,31515,31674,31365,31613
1999-06-29,31611,31718,31475,31507
1999-06-30,31539,31790,31414,31758
1999-07-01,31719,31889,31670,31792
1999-07-02,31779,31916,31738,31802
1999-07-05,31865,32248,31817,32050
1999-07-06,31815,32050,31213,31359
1999-07-07,31342,31585,31156,31411
1999-07-08,31403,31598,31317,31391
1999-07-09,31422,31637,31281,31412
1999-07-12,31414,31475,31143,31189
1999-07-13,31210,31210,30796,30979
1999-07-14,30994,31282,30530,30625
1999-07-15,30610,30725,30408,30702
1999-07-16,30697,30932,30577,30658
1999-07-19,30695,30701,29773,29892
1999-07-20,29922,30255,29782,30099
1999-07-21,30124,30274,29929,30134
1999-07-22,30122,30294,29638,29868
1999-07-23,29866,29978,29589,29642
1999-07-26,29736,29749,29213,29640
1999-07-27,29619,29759,29449,29552
1999-07-28,29545,29625,29222,29465
1999-07-29,29455,29615,29150,29600
1999-07-30,29615,29727,29153,29278
1999-08-02,29390,29393,28969,29161
1999-08-03,29161,29594,29117,29499
1999-08-04,29504,29618,29064,29249
1999-08-05,29214,29518,28974,29234
1999-08-06,29268,29435,29078,29386
1999-08-09,29529,29697,29420,29576
1999-08-10,29568,29721,29335,29546
1999-08-11,29556,29984,29381,29841
1999-08-12,29838,30230,29815,30025
1999-08-13,30062,30293,29837,30149
1999-08-16,30122,30161,29601,29765
1999-08-17,29757,29884,29570,29757
1999-08-18,29788,29884,28957,29029
1999-08-19,29037,29134,28503,28828
1999-08-20,28797,28936,28595,28608
1999-08-23,28655,28686,28290,28346
1999-08-24,28326,28706,27950,28065
1999-08-25,28020,28314,27910,28010
1999-08-26,28018,28382,27940,28159
1999-08-27,28166,28414,28166,28240
1999-08-30,28110,28233,28017,28054
1999-08-31,28047,28238,27725,27996
1999-09-01,27999,28095,27519,27688
1999-09-02,27647,27886,27563,27847
1999-09-03,27855,28163,27842,27902
1999-09-06,27859,28022,27795,27911
1999-09-07,27903,28435,27824,28319
1999-09-08,28287,28485,28211,28436
1999-09-09,28430,28448,27592,27735
1999-09-10,27759,28196,27653,27896
1999-09-13,27903,27964,27172,27313
1999-09-14,27326,27532,26987,27219
1999-09-15,27219,27255,26546,26840
1999-09-16,26815,27000,26462,26915
1999-09-17,26916,27380,26821,27323
1999-09-20,27454,27568,26965,27037
1999-09-21,27047,27374,26566,27290
1999-09-22,27311,27605,27170,27509
1999-09-23,27522,27781,27213,27590
1999-09-24,27603,28222,27567,27913
1999-09-27,28281,29998,28206,29876
1999-09-28,29859,34658,29845,32881
1999-09-29,32898,34230,31547,32285
1999-09-30,32193,33020,31319,31751
1999-10-01,31713,32485,31378,31939
1999-10-04,31967,33747,31815,33659
1999-10-05,33703,36058,33699,34634
1999-10-06,34448,35009,33714,34851
1999-10-07,34985,35310,33853,34547
1999-10-08,34518,34922,33910,34298
1999-10-11,34311,34327,33617,33985
1999-10-12,33972,34418,33540,33581
1999-10-13,33637,34910,33581,34137
1999-10-14,34189,34743,33314,33556
1999-10-15,33566,33760,32991,33138
1999-10-18,33087,33376,32456,32744
1999-10-19,32738,32851,32155,32425
1999-10-20,32342,32975,32272,32440
1999-10-21,32388,32561,31800,32097
1999-10-22,32260,32327,31730,31950
1999-10-25,31897,32100,31320,31379
1999-10-26,31373,31479,30131,30180
1999-10-27,30171,30565,29798,30541
1999-10-28,30582,31458,30547,31299
1999-10-29,31326,31479,30947,31065
1999-11-01,31132,31171,29904,30143
1999-11-02,30094,30686,30018,30273
1999-11-03,30287,30679,30099,30491
1999-11-04,30575,30873,30242,30628
1999-11-05,30634,30878,30405,30690
1999-11-08,30593,30788,30299,30411
1999-11-09,30397,30756,30357,30640
1999-11-10,30616,31243,30471,31153
1999-11-11,31168,31256,30772,30786
1999-11-12,30794,30872,30502,30604
1999-11-15,30730,30745,30292,30482
1999-11-16,30497,31188,30474,31140
1999-11-17,31120,31309,30914,31011
1999-11-18,31020,31198,30932,31090
1999-11-19,31076,31338,31007,31305
1999-11-22,31304,31381,30747,30773
1999-11-23,30785,31126,30623,31070
1999-11-24,31039,31296,30914,31231
1999-11-25,31234,31245,31013,31072
1999-11-26,31087,31202,30114,30296
1999-11-29,30398,30768,29438,29747
1999-11-30,29779,30007,29458,29666
1999-12-01,29680,29894,29409,29703
1999-12-02,29700,29700,29034,29230
1999-12-03,29232,29263,28586,28707
1999-12-06,28793,28883,28027,28449
1999-12-07,28419,29013,28366,28950
1999-12-08,28994,29340,28816,29018
1999-12-09,29012,29071,28435,28442
1999-12-10,28436,28819,28395,28485
1999-12-13,28456,28911,28453,28849
1999-12-14,28874,29053,28769,28941
1999-12-15,28935,29347,28888,29298
1999-12-16,29309,29318,28746,29066
1999-12-17,29069,29483,28922,29188
1999-12-20,29163,29320,29004,29101
1999-12-21,29119,29311,28749,29289
1999-12-22,29283,29650,28942,29162
1999-12-23,29150,29325,28978,29243
1999-12-24,29258,29621,29090,29581
1999-12-27,29529,29581,29304,29377
1999-12-28,29391,29708,29357,29613
1999-12-29,29610,29779,29477,29644
1999-12-30,29653,29811,29446,29462
1999-12-31,29491,29491,29345,29385
2000-01-03,29357,29435,29228,29300
2000-01-04,29271,29358,28757,29137
2000-01-05,29125,29312,28939,29268
2000-01-06,29262,29664,29122,29574
2000-01-07,29565,29887,29416,29636
2000-01-10,29665,29709,29336,29544
2000-01-11,29521,30086,29521,30018
2000-01-12,29984,30051,29695,29874
2000-01-13,29863,30179,29679,30115
2000-01-14,30097,30209,29906,30020
2000-01-17,30037,30228,29758,29897
2000-01-18,29914,30484,29880,30464
2000-01-19,30479,30690,30188,30447
2000-01-20,30476,30490,30234,30361
2000-01-21,30382,30416,30001,30221
2000-01-24,30382,30405,30030,30355
2000-01-25,30338,30767,30243,30285
2000-01-26,30401,30401,30035,30198
2000-01-27,30192,30370,29867,30136
2000-01-28,30119,30593,29912,30288
2000-01-31,30360,30472,30094,30370
2000-02-01,30375,30586,30269,30432
2000-02-02,30441,31055,30420,30760
2000-02-03,30763,31069,30633,30886
2000-02-04,30866,32425,30834,32335
2000-02-07,33123,34666,32607,32673
2000-02-08,32670,33337,32214,32631
2000-02-09,32622,33967,32456,33389
2000-02-10,33375,34556,33169,34556
2000-02-11,34389,34706,33487,33740
2000-02-14,33751,33810,32977,33426
2000-02-15,33432,33604,32682,32857
2000-02-16,32857,33121,32273,32969
2000-02-17,33005,34126,32781,33263
2000-02-18,33264,33815,33021,33697
2000-02-21,33717,33993,33454,33934
2000-02-22,33772,33778,33754,33754
2000-02-23,33772,33934,33222,33313
2000-02-24,33301,33540,32950,33170
2000-02-25,33179,33215,32091,32219
2000-02-28,32228,32264,31496,31941
2000-02-29,31935,32339,31876,32145
2000-03-01,32145,32183,31071,31148
2000-03-02,31171,31540,30482,31014
2000-03-03,30991,31293,30879,31059
2000-03-06,31061,31133,30521,30858
2000-03-07,30916,31404,30760,30939
2000-03-08,30996,31441,30756,30874
2000-03-09,30859,31228,30655,30994
2000-03-10,30994,31202,30553,30647
2000-03-13,30827,30847,30385,30630
2000-03-14,30598,30734,30196,30353
2000-03-15,30350,30785,30200,30477
2000-03-16,30480,30578,30060,30167
2000-03-17,30153,30589,29853,30311
2000-03-20,30328,30740,30208,30377
2000-03-21,30371,31093,30237,30933
2000-03-22,30904,31022,30641,30774
2000-03-23,30788,31115,30379,30602
2000-03-24,30577,30645,30342,30396
2000-03-27,30375,30820,29832,29852
2000-03-28,29869,29974,29418,29526
2000-03-29,29526,29711,28938,29170
2000-03-30,29184,29349,28926,29103
2000-03-31,29122,29410,28135,28636
2000-04-03,28562,29436,28562,29135
2000-04-04,29154,30254,28981,29911
2000-04-05,29900,29926,29434,29477
2000-04-06,29463,29534,29124,29322
2000-04-07,29330,29602,29257,29469
2000-04-10,29544,30102,29438,29952
2000-04-11,29945,30347,29849,30063
2000-04-12,30063,30174,29488,29787
2000-04-13,29809,29938,29562,29773
2000-04-14,29781,30122,29500,29592
2000-04-17,29643,29960,29176,29367
2000-04-18,29356,29531,29212,29392
2000-04-19,29380,29518,29199,29375
2000-04-20,29406,29596,29256,29535
2000-04-21,29540,29593,29459,29552
2000-04-24,29566,29659,29387,29542
2000-04-25,29511,29565,29327,29551
2000-04-26,29543,29613,29148,29261
2000-04-27,29266,29470,29197,29443
2000-04-28,29440,29747,29273,29555
2000-05-01,29656,29855,29362,29708
2000-05-02,29713,30051,29604,29864
2000-05-03,29883,30336,29845,30294
2000-05-04,30327,30598,30115,30199
2000-05-05,30199,30553,30046,30245
2000-05-08,30306,30385,30004,30103
2000-05-09,30081,30419,29998,30259
2000-05-10,30243,30414,30120,30375
2000-05-11,30389,30541,29824,29897
2000-05-12,29897,30127,29679,29891
2000-05-15,30017,30184,29946,30093
2000-05-16,30041,30379,29895,30178
2000-05-17,30200,30228,29667,29839
2000-05-18,29904,29910,29523,29672
2000-05-19,29610,29835,29065,29304
2000-05-22,29217,29612,29181,29506
2000-05-23,29512,29548,29135,29170
2000-05-24,29175,29500,29055,29456
2000-05-25,29440,29559,28926,28976
2000-05-26,28979,29205,28922,29112
2000-05-29,29139,29307,29057,29091
2000-05-30,29093,29376,28954,29051
2000-05-31,29056,29408,28910,29262
2000-06-01,29265,29811,29251,29572
2000-06-02,29577,30529,29476,30348
2000-06-05,30143,30787,30076,30600
2000-06-06,30597,30934,30210,30543
2000-06-07,30555,30641,29934,30227
2000-06-08,30241,30337,29975,30134
2000-06-09,30085,30648,30042,30303
2000-06-12,30400,30610,30179,30604
2000-06-13,30610,31284,30368,30517
2000-06-14,30517,31143,30348,31071
2000-06-15,31074,31208,30437,30822
2000-06-16,30828,30994,30616,30735
2000-06-19,30681,30739,30161,30282
2000-06-20,30270,30331,30042,30173
2000-06-21,30153,30261,30064,30169
2000-06-22,30151,30251,29667,29822
2000-06-23,29828,30007,29529,29631
2000-06-26,29591,30011,29375,29973
2000-06-27,29964,30120,29850,30084
2000-06-28,30073,30886,30035,30886
2000-06-29,30862,30862,30149,30407
2000-06-30,30410,30748,30251,30737
2000-07-03,30637,30703,30367,30393
2000-07-04,30387,30645,30275,30389
2000-07-05,30415,30715,30332,30355
2000-07-06,30363,30671,30268,30432
2000-07-07,30427,30600,30362,30551
2000-07-10,30559,30570,30257,30359
2000-07-11,30359,30392,30134,30218
2000-07-12,30226,30479,30077,30300
2000-07-13,30286,30446,30030,30268
2000-07-14,30254,30444,30143,30292
2000-07-17,30197,30814,30068,30596
2000-07-18,30579,30684,30412,30542
2000-07-19,30542,30575,29896,30191
2000-07-20,30183,30368,29991,30150
2000-07-21,30103,30544,30020,30497
2000-07-24,30447,30521,30311,30338
2000-07-25,30333,30735,30281,30409
2000-07-26,30406,30602,30356,30502
2000-07-27,30493,30678,30289,30363
2000-07-28,30360,30559,30193,30449
2000-07-31,30488,30513,30222,30301
2000-08-01,30276,30482,30171,30259
2000-08-02,30257,30451,29926,30184
2000-08-03,30190,30259,29509,29642
2000-08-04,29642,29810,29454,29640
2000-08-07,29596,29844,29547,29831
2000-08-08,29825,29913,29520,29653
2000-08-09,29626,29680,29260,29367
2000-08-10,29357,29702,29208,29610
2000-08-11,29607,29928,29474,29824
2000-08-14,29813,30206,29794,30030
2000-08-15,30028,30088,29841,29915
2000-08-16,29907,30109,29832,30063
2000-08-17,30049,30222,30005,30112
2000-08-18,30104,30226,29749,29953
2000-08-21,29931,29964,29698,29882
2000-08-22,29887,29977,29544,29615
2000-08-23,29615,29634,28965,28975
2000-08-24,28997,29220,28898,29133
2000-08-25,29133,29370,29071,29266
2000-08-28,29207,29255,29044,29160
2000-08-29,29157,29285,28851,28957
2000-08-30,28949,29187,28839,29170
2000-08-31,29146,29646,29075,29590
2000-09-01,29618,29618,29189,29298
2000-09-04,29300,29396,29201,29277
2000-09-05,29308,29455,29031,29124
2000-09-06,29143,29280,28896,29008
2000-09-07,29032,29119,28563,28745
2000-09-08,28801,29044,28707,28936
2000-09-11,28928,29083,28821,28956
2000-09-12,28968,29481,28891,29135
2000-09-13,29127,29333,29068,29198
2000-09-14,29174,29382,29074,29278
2000-09-15,29262,29410,29030,29144
2000-09-18,29131,29320,28970,29029
2000-09-19,29021,29151,28935,29088
2000-09-20,29085,29245,28614,28664
2000-09-21,28702,28891,28600,28822
2000-09-22,28833,29663,28825,29330
2000-09-25,29379,29553,29264,29526
2000-09-26,29526,29625,29335,29479
2000-09-27,29474,30002,29435,29870
2000-09-28,29861,29937,29567,29614
2000-09-29,29598,29678,29429,29592
2000-10-02,29606,29956,29554,29719
2000-10-03,29727,29732,29471,29596
2000-10-04,29599,29705,29406,29558
2000-10-05,29560,29820,29457,29471
2000-10-06,29408,29534,29259,29311
2000-10-09,29359,29474,29332,29406
2000-10-10,29422,29451,29063,29354
2000-10-11,29378,29624,29071,29170
2000-10-12,29179,29795,29041,29752
2000-10-13,29749,29890,29208,29362
2000-10-16,29335,29460,29192,29354
2000-10-17,29368,29384,29039,29265
2000-10-18,29257,29555,29003,29114
2000-10-19,29109,29447,29087,29314
2000-10-20,29317,29640,29260,29515
2000-10-23,29501,29572,29201,29228
2000-10-24,29228,29363,29055,29090
2000-10-25,29079,29211,28665,28830
2000-10-26,28833,28954,28605,28724
2000-10-27,28697,28944,28456,28716
2000-10-30,28716,28945,28701,28795
2000-10-31,28801,29011,28645,28855
2000-11-01,28855,28886,28491,28536
2000-11-02,28568,28889,28468,28574
2000-11-03,28584,28875,28272,28342
2000-11-06,28429,28545,28349,28429
2000-11-07,28437,28641,28232,28246
2000-11-08,28277,28556,28267,28408
2000-11-09,28411,28582,28229,28501
2000-11-10,28499,28651,28429,28534
2000-11-13,28569,28579,28351,28423
2000-11-14,28446,28641,28372,28595
2000-11-15,28581,28857,28554,28840
2000-11-16,28832,29215,28743,28945
2000-11-17,28950,29060,28808,28887
2000-11-20,28898,29326,28892,29223
2000-11-21,29250,29464,29096,29253
2000-11-22,29243,29400,29124,29357
2000-11-23,29352,29443,29235,29307
2000-11-24,29304,29635,29262,29572
2000-11-27,29552,29912,29456,29848
2000-11-28,29859,29905,29548,29600
2000-11-29,29677,29854,29547,29654
2000-11-30,29668,29899,29415,29737
2000-12-01,29844,30481,29772,29940
2000-12-04,29997,30165,29847,30043
2000-12-05,30048,30189,29872,30014
2000-12-06,30008,30332,29892,30294
2000-12-07,30269,30473,30211,30222
2000-12-08,30216,30426,30164,30239
2000-12-11,30337,30359,29846,29952
2000-12-12,29928,30318,29914,30211
2000-12-13,30201,30467,30126,30206
2000-12-14,30201,30485,30138,30216
2000-12-15,30198,30530,30132,30464
2000-12-18,30300,30489,30174,30267
2000-12-19,30291,30408,30113,30337
2000-12-20,30337,30832,30324,30801
2000-12-21,30828,30876,30510,30767
2000-12-22,30746,30925,30622,30890
2000-12-25,30794,30915,30786,30832
2000-12-26,30873,31208,30873,31146
2000-12-27,31135,31481,31119,31450
2000-12-28,31414,31665,31066,31170
2000-12-29,31157,31358,31045,31118
2001-01-02,31178,31390,30582,30741
2001-01-03,30763,30902,30407,30490
2001-01-04,30403,30996,30389,30924
2001-01-05,30905,31334,30859,31210
2001-01-08,31232,31350,30984,31106
2001-01-09,31096,31264,30861,31250
2001-01-10,31256,31300,30781,30793
2001-01-11,30820,31151,30762,31053
2001-01-12,31061,31312,30958,31263
2001-01-15,31243,31461,31209,31324
2001-01-16,31329,31411,30786,30972
2001-01-17,30993,31362,30754,31319
2001-01-18,31337,31568,31082,31223
2001-01-19,31262,31459,30911,30993
2001-01-22,30947,31284,30841,31015
2001-01-23,31004,31559,30996,31149
2001-01-24,31107,31380,30991,31182
2001-01-25,31152,31197,30734,30912
2001-01-26,30928,30994,30647,30819
2001-01-29,30891,30988,30544,30688
2001-01-30,30675,31098,30594,30772
2001-01-31,30754,31058,30659,30897
2001-02-01,30949,31217,30711,31056
2001-02-02,30994,31043,30717,30897
2001-02-05,30896,30957,30390,30427
2001-02-06,30427,30676,30080,30217
2001-02-07,30230,30692,30194,30599
2001-02-08,30588,30659,30321,30392
2001-02-09,30407,30741,30219,30610
2001-02-12,30596,30831,30570,30669
2001-02-13,30651,30735,30291,30408
2001-02-14,30463,30476,30213,30228
2001-02-15,30210,30291,29478,29517
2001-02-16,29514,29968,29131,29942
2001-02-19,29985,30163,29877,30098
2001-02-20,30096,30143,29512,29604
2001-02-21,29632,30228,29538,30092
2001-02-22,30105,30363,29847,30277
2001-02-23,30238,30479,30067,30266
2001-02-26,30259,31096,30238,31056
2001-02-27,31032,31360,30885,31117
2001-02-28,31093,31407,30782,31319
2001-03-01,31316,31405,31044,31158
2001-03-02,31145,31548,30900,31248
2001-03-05,31272,31401,31061,31309
2001-03-06,31347,31360,30821,30953
2001-03-07,30995,31541,30821,31455
2001-03-08,31434,31929,31330,31848
2001-03-09,31927,32589,31807,32518
2001-03-12,32489,33105,32348,32774
2001-03-13,32785,32843,31996,32017
2001-03-14,32114,32342,31725,31815
2001-03-15,31808,32103,31566,31857
2001-03-16,31868,32107,31668,31775
2001-03-19,31856,32123,31759,32016
2001-03-20,32011,32290,31891,31961
2001-03-21,31946,32530,31906,32411
2001-03-22,32411,32607,32257,32315
2001-03-23,32307,32426,32069,32149
2001-03-26,32150,32399,32062,32183
2001-03-27,32170,32390,31762,31900
2001-03-28,31916,31951,31633,31755
2001-03-29,31766,32161,31742,32001
2001-03-30,32006,32540,31922,32519
2001-04-02,32573,32625,32180,32359
2001-04-03,32354,32559,32093,32223
2001-04-04,32243,32708,32233,32372
2001-04-05,32385,32437,31866,32027
2001-04-06,32037,32417,31957,32132
2001-04-09,32215,32735,32179,32299
2001-04-10,32325,32385,31886,31990
2001-04-11,32003,32383,31865,32253
2001-04-12,32240,32406,31810,32113
2001-04-13,32129,32294,32092,32272
2001-04-16,32280,32866,32251,32717
2001-04-17,32710,32812,32041,32137
2001-04-18,32145,32223,31580,31858
2001-04-19,31852,32235,31729,32066
2001-04-20,32097,32489,32061,32392
2001-04-23,32159,32387,31885,31885
2001-04-24,31927,32277,31865,32277
2001-04-25,32263,32409,31944,32008
2001-04-26,32009,32569,31952,32518
2001-04-27,32512,33113,32489,32703
2001-04-30,32714,32753,32423,32585
2001-05-01,32606,32622,32135,32215
2001-05-02,32244,32427,32127,32157
2001-05-03,32194,32350,32087,32264
2001-05-04,32266,32421,32075,32256
2001-05-07,32254,32343,32133,32205
2001-05-08,32178,32407,32071,32076
2001-05-09,32095,33034,32090,32935
2001-05-10,32967,33092,32725,32951
2001-05-11,32930,33065,32767,32800
2001-05-14,32800,33100,32779,33084
2001-05-15,33054,33125,32855,33076
2001-05-16,33060,33627,32992,33589
2001-05-17,33527,33748,33383,33471
2001-05-18,33485,35453,33415,35315
2001-05-21,35105,35384,34592,34957
2001-05-22,34982,35105,34532,35007
2001-05-23,35001,35007,33779,34057
2001-05-24,34014,34519,33054,33437
2001-05-25,33407,33869,33111,33454
2001-05-28,33413,33663,33266,33576
2001-05-29,33579,33752,32759,32898
2001-05-30,32873,33135,31846,31970
2001-05-31,31978,32176,31472,31670
2001-06-01,31697,31909,31428,31807
2001-06-04,31820,31964,31595,31642
2001-06-05,31646,32044,31515,31996
2001-06-06,31993,32208,31934,31960
2001-06-07,31933,32029,31799,31972
2001-06-08,31991,33145,31975,33017
2001-06-11,33040,33158,32481,32633
2001-06-12,32644,33204,32484,33032
2001-06-13,33046,33359,32739,33246
2001-06-14,33240,33606,32974,33398
2001-06-15,33398,33534,32985,33291
2001-06-18,33352,33780,33306,33610
2001-06-19,33562,33756,33434,33568
2001-06-20,33601,33780,33370,33707
2001-06-21,33750,33969,33635,33961
2001-06-22,33963,34271,33746,33888
2001-06-25,33839,34066,33761,33890
2001-06-26,33890,34474,33762,34166
2001-06-27,34149,34392,33672,33820
2001-06-28,33803,33878,33344,33538
2001-06-29,33548,33937,33391,33736
2001-07-02,33741,33817,33271,33393
2001-07-03,33401,33475,33180,33299
2001-07-04,33286,33473,33243,33321
2001-07-05,33310,33595,33273,33318
2001-07-06,33315,33620,33223,33471
2001-07-09,33462,33542,33294,33367
2001-07-10,33388,33596,33340,33342
2001-07-11,33350,33525,33130,33383
2001-07-12,33396,33399,32873,32994
2001-07-13,33010,33403,33008,33369
2001-07-16,33287,33723,33287,33488
2001-07-17,33492,33568,33345,33479
2001-07-18,33485,33645,33391,33520
2001-07-19,33520,33669,33020,33184
2001-07-20,33173,33396,32957,33182
2001-07-23,33208,33447,33203,33417
2001-07-24,33406,33526,33234,33421
2001-07-25,33445,33514,32971,33074
2001-07-26,33080,33182,32866,32956
2001-07-27,32951,33081,32767,33038
2001-07-30,32968,33370,32936,33159
2001-07-31,33162,33381,33033,33333
2001-08-01,33300,33485,33217,33306
2001-08-02,33312,33404,33002,33076
2001-08-03,33079,33260,32983,33163
2001-08-06,33168,33329,33021,33135
2001-08-07,33138,33143,32926,33053
2001-08-08,33027,33172,32677,33134
2001-08-09,33156,33455,33045,33274
2001-08-10,33274,33812,33171,33425
2001-08-13,33359,33797,33340,33772
2001-08-14,33772,33860,33316,33633
2001-08-15,33636,33669,32759,32972
2001-08-16,32991,33203,32775,33111
2001-08-17,33095,33804,32963,33544
2001-08-20,33547,33594,33242,33304
2001-08-21,33301,33424,32775,32847
2001-08-22,32885,33269,32863,33020
2001-08-23,33000,33175,32883,32989
2001-08-24,33008,33066,32621,32715
2001-08-27,32745,32878,32520,32677
2001-08-28,32671,32868,32547,32648
2001-08-29,32640,32897,32480,32858
2001-08-30,32861,32891,32599,32827
2001-08-31,32835,32876,32321,32561
2001-09-03,32635,32712,32397,32446
2001-09-04,32443,32570,32303,32421
2001-09-05,32431,32900,32357,32784
2001-09-06,32787,33109,32762,32944
2001-09-07,32959,33129,32672,32748
2001-09-10,32795,32952,32660,32852
2001-09-11,32846,34544,32804,34083
2001-09-12,34240,34661,32864,33218
2001-09-13,33221,33495,32975,33397
2001-09-14,33397,34254,33096,33480
2001-09-17,33723,34727,33443,34082
2001-09-18,34050,34091,33601,33707
2001-09-19,33738,34195,33578,34092
2001-09-20,34092,34166,33327,33527
2001-09-21,33544,34433,33544,33945
2001-09-24,33933,34179,33640,33955
2001-09-25,33949,34171,33547,33981
2001-09-26,34022,34589,33899,34427
2001-09-27,34433,35048,34380,34881
2001-09-28,34866,34988,34475,34957
2001-10-01,34850,35127,34720,35021
2001-10-02,35032,35261,34819,34927
2001-10-03,34906,35157,34827,34878
2001-10-04,34880,35124,34669,34879
2001-10-05,34885,35192,34851,35035
2001-10-08,34965,35253,34734,34948
2001-10-09,34925,34988,34539,34550
2001-10-10,34562,34777,34120,34252
2001-10-11,34252,34294,33755,34102
2001-10-12,34108,34496,34032,34419
2001-10-15,34306,34568,33944,33972
2001-10-16,33972,34294,33887,34083
2001-10-17,34089,34314,34012,34211
2001-10-18,34200,34404,33590,33797
2001-10-19,33800,33892,33564,33863
2001-10-22,33859,33945,33545,33702
2001-10-23,33691,33962,33555,33784
2001-10-24,33815,33916,33711,33781
2001-10-25,33784,34054,33765,34029
2001-10-26,34038,34149,33867,33989
2001-10-29,33995,34070,33853,33972
2001-10-30,33959,34257,33950,34155
2001-10-31,34153,34343,34019,34190
2001-11-01,34204,34262,33899,34112
2001-11-02,34129,34186,33968,34031
2001-11-05,34106,34129,33824,33911
2001-11-06,33925,33964,33678,33882
2001-11-07,33888,33998,33748,33873
2001-11-08,33949,33990,33126,33319
2001-11-09,33211,33417,33174,33361
2001-11-12,33387,33756,33365,33471
2001-11-13,33499,33782,33478,33752
2001-11-14,33750,34024,33626,33679
2001-11-15,33679,33875,33570,33615
2001-11-16,33620,33810,33561,33746
2001-11-19,33711,33942,33512,33614
2001-11-20,33608,33725,33418,33460
2001-11-21,33458,33749,33384,33616
2001-11-22,33621,33831,33514,33783
2001-11-23,33789,33978,33672,33879
2001-11-26,33901,33964,33755,33853
2001-11-27,33853,33994,33700,33880
2001-11-28,33872,33971,33688,33736
2001-11-29,33725,34017,33642,33905
2001-11-30,33869,34078,33741,33822
2001-12-03,33845,34424,33834,34405
2001-12-04,34383,34444,34163,34220
2001-12-05,34203,34275,33988,33996
2001-12-06,33996,34274,33921,34197
2001-12-07,34198,34490,34124,34427
2001-12-10,34418,34552,34196,34340
2001-12-11,34329,34459,34249,34349
2001-12-12,34335,34692,34209,34508
2001-12-13,34519,34701,34483,34538
2001-12-14,34546,35556,34522,35423
2001-12-17,35360,35598,35194,35400
2001-12-18,35393,35957,35390,35772
2001-12-19,35808,35986,35218,35284
2001-12-20,35325,35585,35260,35450
2001-12-21,35496,36144,35496,35982
2001-12-24,35996,36108,35935,36056
2001-12-25,36086,36595,35992,36493
2001-12-26,36516,36546,36263,36490
2001-12-27,36499,36960,36173,36438
2001-12-28,36449,36608,36181,36215
2001-12-31,36266,36694,36108,36685
2002-01-02,36663,36871,36438,36803
2002-01-03,36776,36842,36443,36622
2002-01-04,36645,36723,36336,36473
2002-01-07,36429,36841,36251,36467
2002-01-08,36495,37042,36481,36983
2002-01-09,37011,37681,36890,37607
2002-01-10,37659,38349,37363,37987
2002-01-11,37962,38081,37584,37938
2002-01-14,37879,37920,37556,37630
2002-01-15,37630,37636,37072,37317
2002-01-16,37258,37996,37194,37878
2002-01-17,37924,38162,37497,37668
2002-01-18,37657,37824,37489,37540
2002-01-21,37551,37583,37296,37419
2002-01-22,37427,38112,37427,37685
2002-01-23,37700,37886,37420,37495
2002-01-24,37528,37626,37341,37532
2002-01-25,37521,37619,37336,37516
2002-01-28,37619,37703,37098,37220
2002-01-29,37195,37639,36900,37529
2002-01-30,37549,37898,37152,37437
2002-01-31,37440,38146,37334,37945
2002-02-01,37983,38176,37672,38049
2002-02-04,38024,38412,37903,38285
2002-02-05,38308,40011,38280,39829
2002-02-06,39826,40730,39525,39614
2002-02-07,39590,40383,39464,40062
2002-02-08,40244,41300,40138,40857
2002-02-11,40888,40912,39707,39888
2002-02-12,39830,40268,39633,39789
2002-02-13,39771,39902,39148,39875
2002-02-14,39875,39905,39362,39592
2002-02-15,39558,40072,39432,39453
2002-02-18,39614,39650,39337,39466
2002-02-19,39475,39830,38959,39111
2002-02-20,39113,39323,38799,38936
2002-02-21,38945,39417,38772,39242
2002-02-22,39221,39516,39009,39192
2002-02-25,39235,39255,38846,39107
2002-02-26,39119,40096,39037,40032
2002-02-27,40020,40348,39713,39756
2002-02-28,39766,39914,39501,39624
2002-03-01,39559,39888,39292,39728
2002-03-04,39756,39789,39107,39196
2002-03-05,39216,39459,38795,38810
2002-03-06,38801,38990,38229,38282
2002-03-07,38310,38380,36777,36856
2002-03-08,36926,37330,36624,37201
2002-03-11,37154,37761,37061,37293
2002-03-12,37307,37930,37163,37877
2002-03-13,37836,38105,37833,37976
2002-03-14,37985,37997,37317,37573
2002-03-15,37552,37674,37284,37431
2002-03-18,37413,38451,37401,38391
2002-03-19,38369,38831,38192,38625
2002-03-20,38670,38760,38275,38395
2002-03-21,38380,38760,38318,38663
2002-03-22,38654,39523,38566,39496
2002-03-25,39438,39823,39385,39741
2002-03-26,39750,39768,39127,39424
2002-03-27,39460,40166,39265,40065
2002-03-28,40047,40322,39801,40101
2002-03-29,40110,40293,39958,40147
2002-04-01,40314,40465,40100,40431
2002-04-02,40446,40855,40188,40743
2002-04-03,40736,40843,39896,40139
2002-04-04,40097,40268,39396,39802
2002-04-05,39780,39819,39224,39466
2002-04-08,39500,39566,39152,39487
2002-04-09,39508,39553,39011,39039
2002-04-10,38991,39437,38643,39403
2002-04-11,39394,39866,39330,39765
2002-04-12,39744,39901,39524,39827
2002-04-15,39688,39877,39394,39580
2002-04-16,39586,39596,38955,39089
2002-04-17,39056,39506,39032,39448
2002-04-18,39433,39690,39326,39442
2002-04-19,39442,39572,39274,39367
2002-04-22,39409,39524,39222,39329
2002-04-23,39342,39589,39169,39503
2002-04-24,39481,39781,39318,39357
2002-04-25,39382,39714,39182,39562
2002-04-26,39547,39844,39188,39762
2002-04-29,39757,39883,39559,39782
2002-04-30,39789,39867,39369,39588
2002-05-01,39575,39747,39240,39324
2002-05-02,39303,39449,39053,39324
2002-05-03,39324,39773,39201,39577
2002-05-06,39418,39782,39393,39754
2002-05-07,39671,40116,39508,39806
2002-05-08,39871,40204,39592,39686
2002-05-09,39673,39825,39586,39690
2002-05-10,39659,39904,39513,39655
2002-05-13,39594,39755,39428,39685
2002-05-14,39673,39829,39386,39501
2002-05-15,39510,39576,39218,39394
2002-05-16,39394,39768,39301,39657
2002-05-17,39648,39663,38953,39136
2002-05-20,39098,39670,39018,39548
2002-05-21,39557,39775,39029,39210
2002-05-22,39213,39838,39089,39420
2002-05-23,39427,40405,39134,40228
2002-05-24,40238,40248,39903,39951
2002-05-27,40026,40149,39888,39910
2002-05-28,39949,40539,39834,40363
2002-05-29,40363,40739,40180,40411
2002-05-30,40356,40392,39771,40022
2002-05-31,40045,40842,39921,40491
2002-06-03,40748,40767,40341,40509
2002-06-04,40519,41067,40205,40215
2002-06-05,40277,40487,39843,39954
2002-06-06,39797,40434,39774,40332
2002-06-07,40369,40712,40239,40252
2002-06-10,40359,40453,39592,39770
2002-06-11,39754,40227,39639,40202
2002-06-12,40187,40418,39999,40092
2002-06-13,40098,40174,39591,39693
2002-06-14,39715,40046,39499,39600
2002-06-17,39812,39876,39380,39397
2002-06-18,39394,39792,39350,39754
2002-06-19,39729,40034,39546,39700
2002-06-20,39690,40006,39639,39964
2002-06-21,39964,40110,39131,39282
2002-06-24,39221,39973,39149,39212
2002-06-25,39204,39409,38681,38953
2002-06-26,38974,39271,38210,38302
2002-06-27,38302,38459,37960,38074
2002-06-28,38055,38401,37521,37575
2002-07-01,37532,37753,37133,37668
2002-07-02,37725,37879,37417,37474
2002-07-03,37489,37724,37152,37214
2002-07-04,37252,37409,37207,37269
2002-07-05,37269,37525,37264,37450
2002-07-08,37308,37355,36894,36993
2002-07-09,37024,37425,36934,37354
2002-07-10,37373,37445,36979,37162
2002-07-11,37142,37291,36661,37019
2002-07-12,37060,37070,36725,36895
2002-07-15,37012,37171,36653,36988
2002-07-16,36923,37134,36676,36834
2002-07-17,36824,37017,36744,36914
2002-07-18,36935,37236,36832,37006
2002-07-19,36965,37575,36857,37507
2002-07-22,37498,37762,37452,37515
2002-07-23,37525,37745,36494,36774
2002-07-24,36790,36922,35725,36220
2002-07-25,36220,36345,35982,36075
2002-07-26,36127,36571,35788,36047
2002-07-29,36181,36353,35831,36158
2002-07-30,36173,36687,36167,36604
2002-07-31,36616,36718,36146,36357
2002-08-01,36338,36408,35763,36318
2002-08-02,36278,36646,36152,36489
2002-08-05,36359,36957,36313,36846
2002-08-06,36840,37099,36686,36968
2002-08-07,36974,37891,36934,37706
2002-08-08,37728,37861,37437,37558
2002-08-09,37571,37844,37190,37753
2002-08-12,37595,37984,37241,37341
2002-08-13,37360,37513,37272,37337
2002-08-14,37261,37359,36198,36543
2002-08-15,36577,37141,36447,36904
2002-08-16,36939,37137,36632,36884
2002-08-19,36705,37162,36053,36357
2002-08-20,36351,36791,36293,36701
2002-08-21,36685,36685,36295,36459
2002-08-22,36459,36905,36275,36782
2002-08-23,36742,36920,36367,36684
2002-08-26,36687,37115,36583,37024
2002-08-27,37017,37094,36567,36925
2002-08-28,36959,37043,36664,36829
2002-08-29,36860,37085,36513,37085
2002-08-30,37101,37193,36797,37016
2002-09-02,36960,37120,36782,36866
2002-09-03,36844,36869,36580,36736
2002-09-04,36733,37200,36647,37087
2002-09-05,37093,37757,37011,37738
2002-09-06,37738,38013,37560,37923
2002-09-09,37737,38609,37721,38157
2002-09-10,38128,38544,37531,38065
2002-09-11,38037,38190,37790,38183
2002-09-12,38122,38487,38027,38310
2002-09-13,38250,38870,38071,38508
2002-09-16,38546,38888,38447,38787
2002-09-17,38794,38922,38244,38792
2002-09-18,38833,39081,38567,38869
2002-09-19,38863,39310,38835,39228
2002-09-20,39215,39956,39167,39703
2002-09-23,39768,40075,39562,39907
2002-09-24,39904,40384,39779,40190
2002-09-25,40154,40232,39513,39554
2002-09-26,39545,39766,38933,39007
2002-09-27,39023,39526,39003,39157
2002-09-30,39226,39496,38936,39380
2002-10-01,39344,39549,39190,39222
2002-10-02,39254,39715,39166,39656
2002-10-03,39656,39831,39272,39423
2002-10-04,39400,39699,39292,39670
2002-10-07,39664,40087,39622,40050
2002-10-08,40030,40088,39486,39534
2002-10-09,39512,39663,39251,39438
2002-10-10,39438,39609,39001,39138
2002-10-11,39144,39483,39060,39252
2002-10-14,39342,39539,39233,39496
2002-10-15,39500,39660,38878,39050
2002-10-16,39069,39234,38821,39121
2002-10-17,39127,39225,38499,38922
2002-10-18,38919,39278,38846,39219
2002-10-21,39200,39347,38669,38822
2002-10-22,38816,39181,38788,39131
2002-10-23,39141,39175,38685,38810
2002-10-24,38847,38888,38313,38735
2002-10-25,38754,38996,38554,38996
2002-10-28,38881,39243,38823,38965
2002-10-29,38974,39187,38779,38980
2002-10-30,38977,39023,38764,38861
2002-10-31,38864,38981,38681,38890
2002-11-01,38890,39190,38843,39091
2002-11-04,38935,38978,38707,38860
2002-11-05,38856,38922,38649,38678
2002-11-06,38681,38926,38642,38748
2002-11-07,38711,38954,38676,38861
2002-11-08,38862,39135,38371,38476
2002-11-11,38485,38572,38133,38439
2002-11-12,38446,38813,38271,38797
2002-11-13,38791,38988,38092,38279
2002-11-14,38288,38463,38127,38315
2002-11-15,38318,38603,38293,38583
2002-11-18,38547,38814,38502,38611
2002-11-19,38621,39031,38532,38941
2002-11-20,38943,39236,38863,38950
2002-11-21,38931,39118,38755,38923
2002-11-22,38920,39542,38803,39394
2002-11-25,39350,39395,38704,38809
2002-11-26,38809,38897,38575,38650
2002-11-27,38644,38855,38525,38769
2002-11-28,38769,38883,38652,38820
2002-11-29,38823,39136,38792,39037
2002-12-02,39011,39642,38986,39538
2002-12-03,39535,39972,39396,39928
2002-12-04,39931,40288,39691,40112
2002-12-05,40128,40578,40004,40476
2002-12-06,40485,40788,39919,40258
2002-12-09,40275,40292,39753,40165
2002-12-10,40188,40267,39826,40027
2002-12-11,40015,40143,39834,40096
2002-12-12,40106,40840,39967,40635
2002-12-13,40645,41014,39750,40094
2002-12-16,40148,40851,40082,40815
2002-12-17,40815,41206,40589,40797
2002-12-18,40791,41573,40693,41549
2002-12-19,41655,42839,41305,41545
2002-12-20,41598,42065,40921,40958
2002-12-23,40953,41674,40892,41617
2002-12-24,41595,41932,41384,41706
2002-12-25,41672,41716,41259,41443
2002-12-26,41443,42007,41321,41889
2002-12-27,41886,42116,41593,41830
2002-12-30,41955,41976,40543,40715
2002-12-31,40701,41184,40452,41167
2003-01-02,41150,41551,40636,41461
2003-01-03,41458,42187,41130,42003
2003-01-06,41930,42397,41678,41830
2003-01-07,41848,41998,41455,41786
2003-01-08,41800,42192,41472,42051
2003-01-09,42072,42416,41881,42101
2003-01-10,42090,42467,41819,42243
2003-01-13,42208,42218,41856,42120
2003-01-14,42124,42166,41399,41469
2003-01-15,41486,41838,41172,41386
2003-01-16,41401,42202,41248,42143
2003-01-17,42084,42244,41853,41917
2003-01-20,41928,42167,41906,41997
2003-01-21,42026,42319,41980,42279
2003-01-22,42214,42714,42199,42706
2003-01-23,42700,43300,42607,42876
2003-01-24,42901,43551,42750,43365
2003-01-27,43357,44209,43240,43741
2003-01-28,43775,43901,43307,43790
2003-01-29,43787,43838,43173,43345
2003-01-30,43305,44117,43080,44000
2003-01-31,44028,44292,43822,44120
2003-02-03,44272,44686,44064,44636
2003-02-04,44595,45681,44579,45677
2003-02-05,45706,46344,44572,44595
2003-02-06,44527,45018,44116,44367
2003-02-07,44289,44963,43892,44431
2003-02-10,44522,45005,43870,43954
2003-02-11,43973,44287,43825,43959
2003-02-12,43963,44198,42559,42727
2003-02-13,42783,43156,42065,43001
2003-02-14,42987,43125,42002,42162
2003-02-17,42200,42270,41101,41629
2003-02-18,41663,41726,40742,40903
2003-02-19,40880,41527,40617,41520
2003-02-20,41516,42008,41423,41660
2003-02-21,41664,41972,41577,41652
2003-02-24,41854,42113,41441,42021
2003-02-25,42028,42527,41088,41226
2003-02-26,41223,41650,41129,41429
2003-02-27,41439,41754,40534,40588
2003-02-28,40615,41461,40534,41283
2003-03-03,41311,41328,40667,41110
2003-03-04,41113,41712,41020,41561
2003-03-05,41600,41858,41236,41451
2003-03-06,41469,41841,41337,41799
2003-03-07,41788,41898,40616,40991
2003-03-10,41102,41447,41066,41408
2003-03-11,41402,41541,40796,41048
2003-03-12,41025,41117,40486,40529
2003-03-13,40549,40789,39209,39656
2003-03-14,39599,40094,39236,39737
2003-03-17,39513,40658,39342,39889
2003-03-18,39879,40453,39636,40132
2003-03-19,40122,40583,39885,40499
2003-03-20,40513,40555,39717,39926
2003-03-21,39920,40438,39552,39562
2003-03-24,39470,39914,39424,39800
2003-03-25,39762,39971,39314,39436
2003-03-26,39439,39780,39367,39603
2003-03-27,39587,40003,39326,39464
2003-03-28,39460,39860,39444,39719
2003-03-31,39679,40085,39550,39754
2003-04-01,39763,39996,39366,39501
2003-04-02,39490,39539,38954,39214
2003-04-03,39224,39240,38577,38789
2003-04-04,38792,39058,38613,39029
2003-04-07,38876,38896,38419,38630
2003-04-08,38656,38868,38237,38699
2003-04-09,38667,39265,38612,39208
2003-04-10,39215,39306,38766,39011
2003-04-11,39024,39527,38879,39506
2003-04-14,39284,39458,38984,39059
2003-04-15,39062,39212,38712,39042
2003-04-16,39052,39185,38824,38994
2003-04-17,38991,39222,38811,39101
2003-04-18,39085,39163,39069,39148
2003-04-21,39041,40238,39005,40174
2003-04-22,40197,40291,39798,39907
2003-04-23,39887,40299,39806,39839
2003-04-24,39856,40128,39694,40103
2003-04-25,40080,40336,40000,40020
2003-04-28,39961,40297,39670,40202
2003-04-29,40206,40212,39830,40013
2003-04-30,40013,40476,39913,40320
2003-05-01,40333,40674,40050,40488
2003-05-02,40495,40727,40353,40550
2003-05-05,40550,40671,40483,40542
2003-05-06,40542,40719,40229,40410
2003-05-07,40423,40562,39436,39766
2003-05-08,39954,41008,39747,40740
2003-05-09,40751,40934,40574,40876
2003-05-12,40854,41176,40642,41004
2003-05-13,41053,41165,40632,40811
2003-05-14,40833,41162,40577,40960
2003-05-15,40949,41220,40675,40961
2003-05-16,40989,41360,40822,41140
2003-05-19,40968,42921,40954,42862
2003-05-20,42873,43335,42593,42891
2003-05-21,42898,43707,42362,43633
2003-05-22,43678,43803,42924,43108
2003-05-23,43119,43397,42796,43048
2003-05-26,42996,43405,42935,43321
2003-05-27,43253,43692,42738,42767
2003-05-28,42771,43362,42407,43188
2003-05-29,43188,43727,42782,43481
2003-05-30,43514,43656,43075,43486
2003-06-02,43769,43773,42636,43400
2003-06-03,43411,43645,43171,43515
2003-06-04,43472,43606,42817,42900
2003-06-05,42882,43583,42646,43282
2003-06-06,43288,43483,42945,43118
2003-06-09,43155,43341,42599,42678
2003-06-10,42671,42696,41281,41434
2003-06-11,41441,42704,41350,41739
2003-06-12,41742,41918,41335,41536
2003-06-13,41538,41930,41353,41850
2003-06-16,41842,42524,41814,42247
2003-06-17,42247,43143,42188,42813
2003-06-18,42873,43039,42042,42111
2003-06-19,42143,42961,42111,42813
2003-06-20,42831,42908,42083,42226
2003-06-23,42252,42405,41173,41475
2003-06-24,41496,42061,40741,40890
2003-06-25,40916,41158,40754,40946
2003-06-26,40939,41187,40781,41051
2003-06-27,41069,41435,40991,41250
2003-06-30,41061,41709,41026,41455
2003-07-01,41431,42084,41149,41843
2003-07-02,41832,42039,41406,41479
2003-07-03,41497,41650,41189,41455
2003-07-04,41455,41579,41360,41360
2003-07-07,41388,41551,41010,41151
2003-07-08,41111,41209,40542,40675
2003-07-09,40685,40852,40379,40559
2003-07-10,40552,40669,40201,40602
2003-07-11,40613,40658,40280,40646
2003-07-14,40602,40899,40381,40844
2003-07-15,40862,41133,39897,40324
2003-07-16,40310,40708,40270,40530
2003-07-17,40540,40981,40458,40921
2003-07-18,40918,41149,40741,41110
2003-07-21,41162,41704,41017,41642
2003-07-22,41632,42070,41355,41741
2003-07-23,41706,42690,41657,42679
2003-07-24,42757,43267,42407,42990
2003-07-25,43011,43250,42699,43012
2003-07-28,43121,43869,42857,43543
2003-07-29,43495,43564,42932,43344
2003-07-30,43296,43397,42729,42805
2003-07-31,42815,43339,42535,42751
2003-08-01,42793,42824,41525,41743
2003-08-04,42010,42035,42010,42021
2003-08-05,42010,42241,41757,42117
2003-08-06,42142,42387,41914,42271
2003-08-07,42271,42271,41788,41933
2003-08-08,41962,42568,41940,42439
2003-08-11,42564,42981,42239,42857
2003-08-12,42857,42973,42443,42512
2003-08-13,42523,43275,42290,43173
2003-08-14,43165,43724,41923,43505
2003-08-15,43569,43680,43153,43275
2003-08-18,43283,43334,42738,42797
2003-08-19,42800,43166,42555,42794
2003-08-20,42780,43248,42704,43191
2003-08-21,43203,43242,42180,42511
2003-08-22,42519,42807,42085,42614
2003-08-25,42638,42746,42287,42370
2003-08-26,42370,42925,42178,42759
2003-08-27,42748,44029,42609,43706
2003-08-28,43710,43728,43243,43334
2003-08-29,43353,43985,43158,43857
2003-09-01,43867,44152,43601,43776
2003-09-02,43791,44246,43113,43214
2003-09-03,43228,43503,42842,43282
2003-09-04,43328,43709,43127,43567
2003-09-05,43582,44269,43238,44003
2003-09-08,43796,43800,43796,43796
2003-09-09,43796,44695,43688,44660
2003-09-10,44672,44699,44128,44516
2003-09-11,44512,44653,43777,44483
2003-09-12,44490,44772,43943,43954
2003-09-15,44047,44262,43773,43888
2003-09-16,43884,44046,43247,43312
2003-09-17,43338,43794,43208,43693
2003-09-18,43689,43816,43176,43399
2003-09-19,43357,43640,43182,43525
2003-09-22,42822,43552,42506,43424
2003-09-23,43436,43451,42717,43187
2003-09-24,43206,43564,42891,43548
2003-09-25,43574,43880,42977,43178
2003-09-26,43166,43290,42383,42471
2003-09-29,42611,42703,42109,42333
2003-09-30,42349,43212,42253,42920
2003-10-01,42908,42935,42355,42477
2003-10-02,42469,42891,42198,42318
2003-10-03,42353,42646,40599,40950
2003-10-06,40987,41422,40972,41347
2003-10-07,41359,41655,41009,41357
2003-10-08,41350,41417,40989,41057
2003-10-09,41074,41237,40083,40351
2003-10-10,40325,40584,40053,40546
2003-10-13,40527,40853,40036,40768
2003-10-14,40768,41178,40701,40837
2003-10-15,40815,41007,40658,40833
2003-10-16,40874,41003,40555,40797
2003-10-17,40793,40862,40198,40579
2003-10-20,40412,41317,40390,41183
2003-10-21,41190,41814,40918,41697
2003-10-22,41716,42213,41572,42019
2003-10-23,42036,42132,41971,42091
2003-10-24,42036,42787,41971,42373
2003-10-27,42445,42445,41764,42060
2003-10-28,42041,42098,41371,41397
2003-10-29,41401,41868,40935,41836
2003-10-30,41852,42302,41417,41671
2003-10-31,41655,42648,41469,42199
2003-11-03,42271,42504,41703,41815
2003-11-04,41797,41876,41326,41524
2003-11-05,41547,42190,41532,41869
2003-11-06,41881,42220,41740,41862
2003-11-07,41843,41979,41442,41846
2003-11-10,41545,42126,41489,41964
2003-11-11,41976,42257,41884,42104
2003-11-12,42143,43084,42051,42842
2003-11-13,42865,43032,42522,42631
2003-11-14,42650,43110,42575,43026
2003-11-17,42832,43675,42019,42463
2003-11-18,42467,43108,42448,43027
2003-11-19,42991,43393,42753,43095
2003-11-20,43140,43256,42602,42951
2003-11-21,42967,43270,42664,43031
2003-11-24,43035,43144,42551,42807
2003-11-25,42771,43221,42693,42764
2003-11-26,42779,43696,42703,43183
2003-11-27,43195,43321,43074,43085
2003-11-28,43081,43663,43073,43570
2003-12-01,43590,44104,43424,44080
2003-12-02,43963,44298,43572,43742
2003-12-03,43766,43916,43352,43748
2003-12-04,43772,43802,43266,43546
2003-12-05,43546,43791,43071,43729
2003-12-08,43713,44011,43374,43648
2003-12-09,43669,43922,43498,43627
2003-12-10,43652,44463,43652,43849
2003-12-11,43906,43948,43562,43717
2003-12-12,43693,44067,43623,44055
2003-12-15,44288,44312,43284,44025
2003-12-16,44012,44191,43717,43753
2003-12-17,43744,44309,43718,44280
2003-12-18,44321,44329,43929,44087
2003-12-19,44182,44244,43929,44097
2003-12-22,44036,44240,43951,44069
2003-12-23,44052,44112,43852,44079
2003-12-24,44079,44203,44008,44170
2003-12-25,44191,44296,44124,44132
2003-12-26,44128,44361,44044,44274
2003-12-29,44027,44423,43965,44374
2003-12-30,44350,44680,44263,44533
2003-12-31,44512,44691,44312,44525
2004-01-01,44491,44574,44442,44562
2004-01-02,44562,44666,44305,44391
2004-01-05,44400,45046,44089,44962
2004-01-06,44975,45728,44674,44808
2004-01-07,44804,45060,44522,44600
2004-01-08,44583,45114,44226,44959
2004-01-09,44946,45592,44822,45425
2004-01-12,44970,45636,44953,45277
2004-01-13,45269,45439,44848,44998
2004-01-14,44998,45120,44234,44527
2004-01-15,44538,44629,43236,43413
2004-01-16,43440,43656,42999,43309
2004-01-19,43448,43797,43268,43639
2004-01-20,43639,44266,43424,44138
2004-01-21,44166,44257,43553,43900
2004-01-22,43876,43950,43332,43397
2004-01-23,43393,43723,43069,43480
2004-01-26,43408,43456,42888,42896
2004-01-27,42908,43455,42691,43296
2004-01-28,43304,43868,43142,43497
2004-01-29,43501,43583,42001,42323
2004-01-30,42311,42634,42119,42513
2004-02-02,42468,42588,41618,42013
2004-02-03,42001,42628,41976,42121
2004-02-04,42113,42274,41952,42201
2004-02-05,42213,42277,41829,42026
2004-02-06,42011,42980,41899,42536
2004-02-09,42621,43045,42445,42935
2004-02-10,42935,43258,42817,42850
2004-02-11,42883,43404,42685,43313
2004-02-12,43358,43555,43163,43432
2004-02-13,43424,43915,42853,43239
2004-02-16,43466,43474,43046,43374
2004-02-17,43386,43970,43305,43867
2004-02-18,43871,44057,43624,43774
2004-02-19,43790,44028,43651,43862
2004-02-20,43821,44089,42993,43300
2004-02-23,43456,43456,43062,43187
2004-02-24,43175,43702,43118,43682
2004-02-25,43682,43822,42751,43116
2004-02-26,43125,43502,42825,43288
2004-02-27,43276,43417,42685,43207
2004-03-01,42966,43867,42934,43534
2004-03-02,43518,43746,43028,43272
2004-03-03,43248,43309,42679,43238
2004-03-04,43242,43681,43101,43615
2004-03-05,43631,45017,43576,44909
2004-03-08,44768,44956,44490,44587
2004-03-09,44607,45089,44536,44762
2004-03-10,44758,45062,44040,44282
2004-03-11,44302,44618,43938,44562
2004-03-12,44577,44669,43722,43763
2004-03-15,43711,44283,43564,44006
2004-03-16,44006,44175,43594,43825
2004-03-17,43737,44126,43382,44041
2004-03-18,44054,44143,43306,43854
2004-03-19,43907,44153,43659,43930
2004-03-22,43878,44722,43878,44544
2004-03-23,44548,44853,44252,44782
2004-03-24,44755,44835,44080,44130
2004-03-25,44114,44321,43876,44150
2004-03-26,44113,44804,43769,44712
2004-03-29,44540,44605,43822,44077
2004-03-30,44081,44553,43952,44519
2004-03-31,44531,44595,43709,44445
2004-04-01,44420,44577,44013,44180
2004-04-02,44099,44789,43571,43839
2004-04-05,43956,44102,43502,43572
2004-04-06,43626,44536,43568,44345
2004-04-07,44329,44568,43996,44538
2004-04-08,44521,44796,44354,44520
2004-04-09,44533,44849,44442,44724
2004-04-12,44561,44752,43932,44166
2004-04-13,44174,44341,43178,43337
2004-04-14,43345,43680,42950,43498
2004-04-15,43510,43669,42860,43101
2004-04-16,43125,43551,43004,43136
2004-04-19,43065,43812,43013,43343
2004-04-20,43327,43614,42771,42929
2004-04-21,42921,43148,42377,42627
2004-04-22,42643,43169,42623,43100
2004-04-23,43104,43273,42859,43098
2004-04-26,43011,43236,42878,43083
2004-04-27,43079,43750,42998,43644
2004-04-28,43624,43707,42131,42369
2004-04-29,42291,42655,41752,42613
2004-04-30,42586,43119,42488,42731
2004-05-03,42739,42972,42474,42662
2004-05-04,42655,43190,42601,42850
2004-05-05,42861,43138,42314,42761
2004-05-06,42761,43000,42333,42521
2004-05-07,42552,43099,42303,42496
2004-05-10,42631,43111,42152,43056
2004-05-11,43007,43077,42537,42627
2004-05-12,42691,43354,42523,42706
2004-05-13,42676,43130,42572,42905
2004-05-14,42946,43140,42721,42963
2004-05-17,42810,43548,42795,43323
2004-05-18,43327,43430,42774,43087
2004-05-19,43031,43222,42704,43130
2004-05-20,43096,43356,42684,42817
2004-05-21,42767,43356,42625,43222
2004-05-24,43090,43636,43040,43564
2004-05-25,43568,43881,43296,43335
2004-05-26,43375,43383,43368,43379
2004-05-27,43861,43869,43853,43853
2004-05-28,43861,43920,43243,43302
2004-05-31,43383,43655,43074,43252
2004-06-01,43232,43675,43095,43596
2004-06-02,43557,43877,42889,42943
2004-06-03,42951,43670,42865,43064
2004-06-04,43080,43527,42803,43477
2004-06-07,43332,43417,42930,43112
2004-06-08,43108,43391,42842,42861
2004-06-09,42889,42948,42070,42289
2004-06-10,42285,42406,41932,42134
2004-06-11,42165,42472,41998,42371
2004-06-14,42463,42812,42172,42513
2004-06-15,42561,42573,42561,42573
2004-06-16,42561,42689,42140,42319
2004-06-17,42426,42465,42426,42434
2004-06-18,42426,43077,42192,42937
2004-06-21,42906,43049,42608,42903
2004-06-22,42858,43262,42609,43162
2004-06-23,43079,43138,42624,42811
2004-06-24,42787,43175,42496,43031
2004-06-25,43019,43476,42995,43292
2004-06-28,43282,43676,43152,43214
2004-06-29,43218,43446,42255,42407
2004-06-30,42407,43241,42388,42887
2004-07-01,42871,42913,42481,42869
2004-07-02,42909,43383,42407,43039
2004-07-05,43120,43504,43062,43346
2004-07-06,43382,43679,42428,42869
2004-07-07,42877,43701,42813,43612
2004-07-08,43604,44458,43398,44307
2004-07-09,44315,44319,43762,44055
2004-07-12,44016,44184,43769,44031
2004-07-13,44060,44272,43541,43657
2004-07-14,43625,44229,43561,44178
2004-07-15,44178,44408,43903,44329
2004-07-16,44376,44384,44045,44166
2004-07-19,44142,44250,43707,43917
2004-07-20,43905,44146,43199,43401
2004-07-21,43385,43781,43329,43657
2004-07-22,43657,43729,43165,43318
2004-07-23,43306,43453,42671,42922
2004-07-26,42962,43069,42763,42912
2004-07-27,42892,43191,42745,42998
2004-07-28,43001,43514,42851,43444
2004-07-29,43432,43728,43245,43475
2004-07-30,43456,43707,43272,43569
2004-08-02,43444,43856,43271,43408
2004-08-03,43396,43597,43034,43549
2004-08-04,43549,43820,43462,43532
2004-08-05,43532,43897,43437,43865
2004-08-06,43869,44223,43298,44165
2004-08-09,44002,44323,43849,44264
2004-08-10,44272,44434,44034,44313
2004-08-11,44273,44281,43510,43796
2004-08-12,43812,44057,43692,43748
2004-08-13,43696,44209,43647,44131
2004-08-16,43974,44624,43959,44460
2004-08-17,44444,44553,44116,44430
2004-08-18,44389,44462,43976,44181
2004-08-19,44194,44653,44150,44455
2004-08-20,44467,45268,44301,45061
2004-08-23,44907,45002,44689,44846
2004-08-24,44838,44965,44049,44159
2004-08-25,44145,44969,44121,44734
2004-08-26,44746,44958,44297,44588
2004-08-27,44569,44693,43917,44140
2004-08-30,44228,44984,44156,44642
2004-08-31,44646,44966,44443,44675
2004-09-01,44671,44807,44478,44665
2004-09-02,44657,44729,44338,44427
2004-09-03,44419,44516,43701,44181
2004-09-06,44354,44397,44028,44209
2004-09-07,44221,44253,43329,43475
2004-09-08,43467,43721,43226,43671
2004-09-09,43663,43911,43537,43683
2004-09-10,43679,44261,43545,44002
2004-09-13,43993,44537,43842,44400
2004-09-14,44373,44567,44170,44419
2004-09-15,44413,44653,44117,44472
2004-09-16,44463,44571,44137,44306
2004-09-17,44298,44791,44168,44435
2004-09-20,44571,44638,44260,44497
2004-09-21,44434,45000,44409,44840
2004-09-22,44860,45046,44639,44994
2004-09-23,45026,45481,44746,45404
2004-09-24,45404,45495,44985,45152
2004-09-27,45199,45600,44965,45414
2004-09-28,45422,45991,45385,45889
2004-09-29,45876,45971,45476,45746
2004-09-30,45763,46057,45544,45993
2004-10-01,45993,46308,45862,46287
2004-10-04,46362,46416,45694,45867
2004-10-05,45846,46607,45627,46469
2004-10-06,46477,46708,46245,46451
2004-10-07,46455,46683,46301,46455
2004-10-08,46464,46628,45927,46258
2004-10-11,45817,46268,45805,46048
2004-10-12,46237,46329,45281,46237
2004-10-13,46208,46229,44980,45656
2004-10-14,45664,45839,45262,45814
2004-10-15,45806,45969,45561,45749
2004-10-18,45611,45893,45450,45479
2004-10-19,45381,45597,45148,45428
2004-10-20,45449,46055,45432,45871
2004-10-21,45879,45958,45308,45508
2004-10-22,45529,45663,45308,45430
2004-10-25,45365,45830,45285,45651
2004-10-26,45690,45799,45232,45603
2004-10-27,45607,45658,45053,45070
2004-10-28,45138,45295,44791,45035
2004-10-29,45044,45380,44941,45273
2004-11-01,45325,45738,45248,45415
2004-11-02,45410,45549,44305,44730
2004-11-03,44678,45398,44492,45398
2004-11-04,45368,45862,45184,45505
2004-11-05,45513,45824,45149,45738
2004-11-08,44835,45875,44822,45502
2004-11-09,45536,46092,45480,45983
2004-11-10,45957,46571,45737,46441
2004-11-11,46445,46450,46136,46313
2004-11-12,46309,46375,45966,46199
2004-11-15,46204,46407,45884,45932
2004-11-16,45954,46416,45902,46271
2004-11-17,46262,46536,46007,46198
2004-11-18,46229,46329,45873,46148
2004-11-19,46087,46151,45707,46036
2004-11-22,45912,46313,45761,46259
2004-11-23,46240,46428,46091,46149
2004-11-24,46146,46384,45969,46127
2004-11-25,46136,46411,46021,46301
2004-11-26,46297,46622,46155,46374
2004-11-29,46574,46663,46146,46617
2004-11-30,46608,46659,46022,46352
2004-12-01,46356,46790,46256,46513
2004-12-02,46504,46715,46069,46319
2004-12-03,46332,46636,45951,46483
2004-12-06,46483,46883,46199,46667
2004-12-07,46644,46735,46254,46334
2004-12-08,46391,46409,45253,45761
2004-12-09,45753,45857,45236,45735
2004-12-10,45701,46179,45553,45646
2004-12-13,45705,46038,45540,45989
2004-12-14,45914,46162,45774,45917
2004-12-15,45958,46050,45640,45870
2004-12-16,45813,46179,45582,45750
2004-12-17,45750,46040,45591,45923
2004-12-20,45608,46214,45586,46058
2004-12-21,46071,46158,45855,46053
2004-12-22,46075,46137,45624,45771
2004-12-23,45775,46024,45571,45731
2004-12-24,45726,45883,45695,45849
2004-12-27,45868,46069,45666,45755
2004-12-28,45790,45960,45629,45677
2004-12-29,45668,45897,45140,45239
2004-12-30,45266,45440,44883,45084
2004-12-31,45053,45120,44762,44888
2005-01-03,44876,44905,43838,44022
2005-01-04,44088,44739,43827,44675
2005-01-05,44658,44740,44201,44350
2005-01-06,44376,44748,44087,44225
2005-01-07,44187,44294,43517,43876
2005-01-10,43855,44053,43581,43617
2005-01-11,43732,43982,43457,43618
2005-01-12,43593,43761,43231,43593
2005-01-13,43593,43725,43295,43494
2005-01-14,43499,43621,43014,43140
2005-01-17,43031,43139,42927,43065
2005-01-18,43052,43519,43005,43248
2005-01-19,43225,43623,43173,43458
2005-01-20,43434,43756,43178,43649
2005-01-21,43634,43973,43515,43797
2005-01-24,43853,44033,43727,43804
2005-01-25,43830,44175,43759,43914
2005-01-26,43902,44030,43530,43895
2005-01-27,43891,44223,43760,43934
2005-01-28,43872,44276,43611,44056
2005-01-31,44137,44182,43423,43770
2005-02-01,43775,43860,43532,43627
2005-02-02,43629,43786,43532,43699
2005-02-03,43674,43903,43293,43520
2005-02-04,43543,43664,42899,43110
2005-02-07,43292,43437,43025,43362
2005-02-08,43358,43731,43228,43603
2005-02-09,43605,43698,43405,43591
2005-02-10,43582,44178,43553,44158
2005-02-11,44166,44520,43980,44443
2005-02-14,44324,44750,44186,44737
2005-02-15,44716,44733,44289,44383
2005-02-16,44396,44847,44362,44791
2005-02-17,44799,45145,44609,45059
2005-02-18,45072,45217,44828,45096
2005-02-21,45073,45307,44976,45083
2005-02-22,45061,45275,44668,45174
2005-02-23,45174,45707,44232,45518
2005-02-24,45518,45804,45383,45674
2005-02-25,45704,45913,45389,45719
2005-02-28,45538,45763,45351,45501
2005-03-01,45532,45558,44906,45160
2005-03-02,45147,45384,44918,45262
2005-03-03,45257,45506,45021,45238
2005-03-04,45256,45725,45167,45407
2005-03-07,45415,45752,45311,45683
2005-03-08,45674,46121,45551,46077
2005-03-09,46081,46129,45634,45773
2005-03-10,45768,46083,45688,45981
2005-03-11,46012,46390,45784,46328
2005-03-14,46258,46505,46165,46236
2005-03-15,46196,46367,45887,46041
2005-03-16,46072,46245,45862,46170
2005-03-17,46161,46343,45740,45789
2005-03-18,45794,46047,45670,45972
2005-03-21,46016,46046,45109,45300
2005-03-22,45347,45451,44996,45068
2005-03-23,45047,45191,44737,45005
2005-03-24,45025,45341,45003,45163
2005-03-25,45146,45290,45120,45269
2005-03-28,45239,45723,45182,45567
2005-03-29,45597,45865,45584,45799
2005-03-30,45816,45944,45615,45774
2005-03-31,45804,45939,45536,45845
2005-04-01,45867,46026,45497,45803
2005-04-04,46053,46113,45738,45914
2005-04-05,45905,46117,45846,45940
2005-04-06,45965,46398,45812,46345
2005-04-07,46343,46352,46002,46226
2005-04-08,46234,46318,45928,45954
2005-04-11,45977,46317,45977,46099
2005-04-12,46124,46382,45994,46078
2005-04-13,46118,46177,45821,45992
2005-04-14,46009,46164,45669,45835
2005-04-15,45845,45914,45632,45772
2005-04-18,45459,45932,45409,45890
2005-04-19,45843,46408,45704,46231
2005-04-20,46270,46498,46163,46416
2005-04-21,46437,46630,46146,46198
2005-04-22,46212,46312,45877,46021
2005-04-25,45541,46052,45524,45903
2005-04-26,45942,46387,45715,46326
2005-04-27,46317,46467,45684,45725
2005-04-28,45802,46002,45549,45708
2005-04-29,45718,45784,45322,45462
2005-05-02,45756,45809,44965,45134
2005-05-03,45136,45205,44737,44911
2005-05-04,44856,44956,44579,44798
2005-05-05,44870,45088,44616,44881
2005-05-06,44900,45135,44378,44666
2005-05-09,44800,45009,44690,44972
2005-05-10,44980,45188,44959,44978
2005-05-11,44978,45252,44851,45181
2005-05-12,45181,45449,44807,45103
2005-05-13,45091,45179,44852,45070
2005-05-16,45129,45187,44726,44772
2005-05-17,44797,45125,44665,44915
2005-05-18,44962,45177,44874,45078
2005-05-19,45078,45297,45044,45254
2005-05-20,45252,45329,45022,45142
2005-05-23,45153,45270,44822,44878
2005-05-24,44898,45009,44759,44908
2005-05-25,44954,45166,44767,45148
2005-05-26,45105,45277,44991,45065
2005-05-27,45091,45364,45005,45326
2005-05-30,45352,45427,45116,45179
2005-05-31,45183,45274,44721,45245
2005-06-01,45249,45320,44919,45103
2005-06-02,45057,45853,44940,45608
2005-06-03,45649,45745,45410,45435
2005-06-06,45482,45665,45407,45504
2005-06-07,45499,45648,45157,45188
2005-06-08,45233,45546,45190,45378
2005-06-09,45410,45680,45289,45460
2005-06-10,45460,46411,45347,46394
2005-06-13,46344,47154,45983,46907
2005-06-14,46940,46953,46515,46679
2005-06-15,46662,46987,46532,46773
2005-06-16,46777,47592,46718,47463
2005-06-17,47394,47814,47329,47514
2005-06-20,47526,48026,47509,47843
2005-06-21,47847,47916,47167,47437
2005-06-22,47498,47718,47418,47663
2005-06-23,47637,48139,47341,48007
2005-06-24,48038,48492,47849,47986
2005-06-27,48278,48327,47894,47966
2005-06-28,47975,48171,47814,47880
2005-06-29,47871,48326,47724,48251
2005-06-30,48256,48631,48097,48176
2005-07-01,48176,48477,47587,47734
2005-07-04,47851,47941,47517,47682
2005-07-05,47670,47729,47075,47288
2005-07-06,47288,47611,47174,47463
2005-07-07,47493,47881,47222,47512
2005-07-08,47533,47690,47321,47440
2005-07-11,47435,47698,47391,47554
2005-07-12,47537,47698,47112,47256
2005-07-13,47265,47584,47260,47427
2005-07-14,47457,47574,46954,47141
2005-07-15,47116,47308,46829,47246
2005-07-18,47132,47351,46939,47065
2005-07-19,47069,47470,47027,47282
2005-07-20,47299,47967,47286,47682
2005-07-21,47657,47747,46691,46922
2005-07-22,46922,47379,46909,47260
2005-07-25,47456,47630,47300,47408
2005-07-26,47394,47670,47327,47604
2005-07-27,47571,47825,47466,47770
2005-07-28,47757,48118,47597,47954
2005-07-29,47962,48383,47853,48344
2005-08-01,48347,48508,48054,48479
2005-08-02,48477,48503,47946,48096
2005-08-03,48105,48563,48066,48440
2005-08-04,48484,48980,48355,48654
2005-08-05,48659,49130,48602,48950
2005-08-08,49107,49243,48565,48736
2005-08-09,48747,48769,48477,48672
2005-08-10,48617,48634,48133,48348
2005-08-11,48341,49112,48195,48829
2005-08-12,48849,49230,48687,48753
2005-08-15,48806,48843,48197,48302
2005-08-16,48337,48954,48069,48826
2005-08-17,48856,48937,48075,48319
2005-08-18,48290,48876,48198,48547
2005-08-19,48560,48622,48115,48154
2005-08-22,48281,48353,47897,48055
2005-08-23,48022,48448,47977,48236
2005-08-24,48214,48538,47990,48147
2005-08-25,48164,48325,48053,48212
2005-08-26,48212,48330,47790,48131
2005-08-29,48140,48638,48044,48303
2005-08-30,48334,48540,47786,47912
2005-08-31,47933,48301,47918,48102
2005-09-01,48102,48943,48089,48628
2005-09-02,48610,48969,48472,48837
2005-09-05,48722,48825,48449,48556
2005-09-06,48539,48806,48498,48653
2005-09-07,48599,49061,48535,48897
2005-09-08,48893,49578,48840,49382
2005-09-09,49387,49458,49124,49240
2005-09-12,48766,49626,48744,49556
2005-09-13,49543,49775,49174,49351
2005-09-14,49357,49717,49267,49704
2005-09-15,49690,50398,49535,50330
2005-09-16,50335,51214,50263,51209
2005-09-19,51188,52138,51110,51808
2005-09-20,51759,52392,51647,51918
2005-09-21,51938,52511,51724,52507
2005-09-22,52508,53110,51566,51951
2005-09-23,51930,52113,51500,52090
2005-09-26,52327,52408,51526,52281
2005-09-27,52285,52654,51810,52317
2005-09-28,52312,53172,52075,53025
2005-09-29,53006,53581,52748,53355
2005-09-30,53388,53742,53075,53204
2005-10-03,53695,53790,52797,53148
2005-10-04,53157,53622,53048,53243
2005-10-05,53266,53389,52650,52904
2005-10-06,52890,53673,52811,53471
2005-10-07,53586,54178,53421,53928
2005-10-10,53685,54454,53657,54165
2005-10-11,54248,54633,53803,54406
2005-10-12,54443,55075,53773,53802
2005-10-13,53788,54429,53753,53987
2005-10-14,53963,54123,53107,53503
2005-10-17,53503,54564,53416,54410
2005-10-18,54419,54789,54400,54553
2005-10-19,54508,54621,53276,53583
2005-10-20,53588,53705,53049,53160
2005-10-21,53146,54183,52985,54077
2005-10-24,54053,54077,53462,53668
2005-10-25,53617,54386,53580,54289
2005-10-26,54294,54757,54251,54484
2005-10-27,54475,54751,54424,54661
2005-10-28,54656,54766,54134,54728
2005-10-31,54703,54890,54056,54089
2005-11-01,54155,54410,53349,53547
2005-11-02,53561,54137,53494,54032
2005-11-03,54083,54387,53740,53929
2005-11-04,53929,54534,53645,53932
2005-11-07,53947,54031,53685,53990
2005-11-08,54013,54236,53771,54081
2005-11-09,54095,54973,53964,54782
2005-11-10,54768,55465,54740,55173
2005-11-11,55178,55330,54669,55213
2005-11-14,55180,55800,55138,55528
2005-11-15,55551,56004,55381,55619
2005-11-16,55619,57066,55477,57058
2005-11-17,57087,57803,56736,57522
2005-11-18,57667,58242,57580,57811
2005-11-21,57855,58390,57672,58381
2005-11-22,58400,59011,58290,58672
2005-11-23,58643,58667,57665,58375
2005-11-24,58360,58761,58316,58628
2005-11-25,58618,59330,58603,59291
2005-11-28,59315,59780,58942,59186
2005-11-29,59252,59903,58893,59759
2005-11-30,59765,59810,58739,59121
2005-12-01,59106,60652,58710,60652
2005-12-02,60697,61135,60263,60617
2005-12-05,60898,61671,60816,61487
2005-12-06,61502,61746,60950,61719
2005-12-07,61689,62400,61366,62291
2005-12-08,62277,62678,61793,62618
2005-12-09,62604,63961,62569,63441
2005-12-12,63468,65373,63060,63174
2005-12-13,63177,63648,62173,62189
2005-12-14,62168,62246,59056,59268
2005-12-15,59299,59455,57857,58429
2005-12-16,58419,58977,57024,58165
2005-12-19,58334,59263,57881,58436
2005-12-20,58490,59318,57624,57648
2005-12-21,57695,58083,57184,58030
2005-12-22,58057,58817,57852,58732
2005-12-23,58797,59071,58327,58392
2005-12-26,58537,58815,58517,58550
2005-12-27,58595,59607,58585,59587
2005-12-28,59582,60870,59487,60762
2005-12-29,60777,61022,60081,60755
2005-12-30,60760,61109,60006,60988
2006-01-02,60954,61037,60753,60959
2006-01-03,60934,61978,60733,61953
2006-01-04,61948,62168,60920,61957
2006-01-05,62010,62149,60557,60813
2006-01-06,60802,61725,60553,61696
2006-01-09,61732,63043,61074,62711
2006-01-10,62818,62935,61724,61963
2006-01-11,61973,62650,61845,62623
2006-01-12,62623,62841,61831,62586
2006-01-13,62470,63733,62351,63558
2006-01-16,63427,64619,63199,64534
2006-01-17,64556,65001,63662,63932
2006-01-18,64000,64507,62482,62612
2006-01-19,62623,64511,62203,64364
2006-01-20,64318,65423,63784,63790
2006-01-23,63785,64295,63318,63893
2006-01-24,63921,64146,63231,63976
2006-01-25,64003,65564,64017,65145
2006-01-26,65173,65339,64254,65127
2006-01-27,65138,65812,64564,65532
2006-01-30,65543,66987,65350,66879
2006-01-31,66803,67189,66350,66645
2006-02-01,66604,67341,66328,67186
2006-02-02,67176,68115,66958,67753
2006-02-03,67782,68522,67252,67406
2006-02-06,67400,68217,67411,67811
2006-02-07,67776,67979,64718,64750
2006-02-08,64714,65656,64457,65217
2006-02-09,65311,67357,65123,66983
2006-02-10,66979,67574,64330,64898
2006-02-13,64921,65160,63398,63388
2006-02-14,63409,64342,62831,64269
2006-02-15,64236,64518,63172,63575
2006-02-16,63575,64506,63134,64170
2006-02-17,64175,65670,64212,65189
2006-02-20,65172,65877,65137,65694
2006-02-21,65683,66142,65356,65700
2006-02-22,65737,66008,64957,65643
2006-02-23,65648,65724,64174,64299
2006-02-24,64277,65446,63765,65266
2006-02-27,65227,65505,64063,64473
2006-02-28,64446,65130,64285,64976
2006-03-01,64976,65795,64823,65405
2006-03-02,65399,66007,65190,65803
2006-03-03,65849,66528,65727,65736
2006-03-06,65919,66644,64900,65252
2006-03-07,65188,65689,64612,65140
2006-03-08,65077,65262,63440,64041
2006-03-09,64030,64761,63543,64468
2006-03-10,64484,64886,63463,64200
2006-03-13,64379,65141,64291,64840
2006-03-14,64876,64980,64078,64813
2006-03-15,64863,65421,64669,64953
2006-03-16,64859,65313,64124,64812
2006-03-17,64841,64989,64128,64095
2006-03-20,64242,64754,63622,64403
2006-03-21,64448,65058,63874,64668
2006-03-22,64646,64996,64005,64334
2006-03-23,64316,64932,63751,64804
2006-03-24,64803,65946,64707,65761
2006-03-27,65670,66328,65163,66111
2006-03-28,66157,66778,65755,66554
2006-03-29,66542,67600,65963,67459
2006-03-30,67464,69143,67263,69008
2006-03-31,69037,69208,68157,68625
2006-04-03,68601,69815,68502,69231
2006-04-04,69237,69455,68700,68878
2006-04-05,68802,69328,68074,69019
2006-04-06,69072,70271,68955,70050
2006-04-07,70156,70534,68910,69555
2006-04-10,69466,71107,69470,70933
2006-04-11,70939,71574,70137,70164
2006-04-12,70164,71136,70161,70833
2006-04-13,70833,71000,70128,70632
2006-04-14,70656,71224,70641,71125
2006-04-17,70893,72517,70821,72276
2006-04-18,72364,73008,72116,72687
2006-04-19,72700,75109,72631,75015
2006-04-20,74915,76069,71500,72208
2006-04-21,72232,74218,71795,73865
2006-04-24,73295,74176,71006,71162
2006-04-25,71243,72923,70972,72301
2006-04-26,72295,73576,72195,73274
2006-04-27,73279,73729,72046,72301
2006-04-28,72381,74617,72368,74445
2006-05-01,74111,74840,74027,74546
2006-05-02,74638,75712,74280,75596
2006-05-03,75649,76871,75006,75745
2006-05-04,75758,77014,75253,76876
2006-05-05,76862,77864,75901,76795
2006-05-08,76448,76835,74734,75759
2006-05-09,75789,77947,75764,77747
2006-05-10,77672,78281,76762,78116
2006-05-11,78318,80711,78291,79542
2006-05-12,79163,80056,78228,78587
2006-05-15,78280,79182,74819,75165
2006-05-16,75152,76238,74358,75567
2006-05-17,75424,78206,75288,76479
2006-05-18,76548,76901,75104,75507
2006-05-19,75564,76572,72958,73396
2006-05-22,73594,74151,71862,73069
2006-05-23,73128,75215,72377,75063
2006-05-24,75083,75480,71826,72438
2006-05-25,72485,73063,71704,72650
2006-05-26,72619,73569,71999,73403
2006-05-29,73390,73508,72580,73078
2006-05-30,73097,74424,72791,73141
2006-05-31,73183,73937,71725,72410
2006-06-01,72354,72663,70241,70898
2006-06-02,70745,71527,69672,71255
2006-06-05,71210,72186,71227,71497
2006-06-06,71417,71844,70751,71325
2006-06-07,71348,71568,69812,71119
2006-06-08,71085,71270,69438,69825
2006-06-09,69819,70226,68478,69191
2006-06-12,69247,69932,68725,69257
2006-06-13,69275,69364,64789,64890
2006-06-14,65191,65540,62571,64296
2006-06-15,64349,66292,63666,65379
2006-06-16,65373,67232,65311,66856
2006-06-19,66361,66981,65425,65685
2006-06-20,65662,66286,64782,66182
2006-06-21,65958,67825,65673,67354
2006-06-22,67353,68528,67383,67350
2006-06-23,67442,68275,66563,67931
2006-06-26,67920,68374,67190,67995
2006-06-27,68006,69267,67620,67588
2006-06-28,67582,68213,67097,67454
2006-06-29,67477,68908,67393,68697
2006-06-30,68667,70468,68670,70100
2006-07-03,70095,71790,70003,71535
2006-07-04,71579,71705,70642,71342
2006-07-05,71423,72846,71459,72665
2006-07-06,72560,73200,71827,72888
2006-07-07,72842,73101,71557,71829
2006-07-10,71734,71986,70734,71218
2006-07-11,71182,73526,71009,73182
2006-07-12,73185,75773,73092,75113
2006-07-13,75062,76294,74325,76110
2006-07-14,76456,77718,76237,77137
2006-07-17,77221,78800,75326,75270
2006-07-18,75226,76619,73710,73956
2006-07-19,73975,75663,72727,74970
2006-07-20,74976,75419,73458,73570
2006-07-21,73629,73874,71668,72001
2006-07-24,71994,72300,70265,71401
2006-07-25,71414,72857,71386,72475
2006-07-26,72475,72799,71609,72309
2006-07-27,72315,74017,72328,73321
2006-07-28,73334,73890,72272,72842
2006-07-31,72842,73383,71981,72717
2006-08-01,72692,74351,72441,74092
2006-08-02,74105,75240,73855,74539
2006-08-03,74557,74949,73687,74075
2006-08-04,74067,75057,73627,73887
2006-08-07,73710,74995,73611,74552
2006-08-08,74604,74886,73753,74183
2006-08-09,74202,75460,73546,74927
2006-08-10,74986,75257,73182,73148
2006-08-11,73123,74911,72724,73525
2006-08-14,73859,73978,72723,73350
2006-08-15,73337,73409,72048,72497
2006-08-16,72497,73253,72386,72788
2006-08-17,72811,72959,71124,71150
2006-08-18,71118,71757,70364,71171
2006-08-21,71093,72850,71044,72697
2006-08-22,72739,73057,72282,72602
2006-08-23,72568,73384,72326,72329
2006-08-24,72253,72925,72123,72358
2006-08-25,72371,73277,72018,73050
2006-08-28,73001,73212,71794,71903
2006-08-29,71867,72257,70983,71396
2006-08-30,71384,72649,71404,72392
2006-08-31,72431,73681,72331,73514
2006-09-01,73394,73723,72769,73231
2006-09-04,73107,73382,72607,72629
2006-09-05,72691,74334,72522,74077
2006-09-06,74042,74592,73794,73909
2006-09-07,73856,74397,71630,71732
2006-09-08,71769,72118,70839,71362
2006-09-11,71362,71504,68643,69513
2006-09-12,69490,70546,68729,69184
2006-09-13,69207,69758,68217,69225
2006-09-14,69243,70012,67739,67726
2006-09-15,67663,68711,67234,68096
2006-09-18,68033,69558,68095,69361
2006-09-19,69254,69505,67659,67683
2006-09-20,67631,68812,67171,67623
2006-09-21,67594,68241,67341,67896
2006-09-22,67937,69061,67934,68514
2006-09-25,68449,68782,67841,68310
2006-09-26,68316,69612,68281,69206
2006-09-27,69218,70595,69010,70470
2006-09-28,70664,71574,70671,70909
2006-09-29,70927,71203,70156,70642
2006-10-02,70612,71481,69999,69984
2006-10-03,69996,70393,67710,67774
2006-10-04,67680,68663,66099,66670
2006-10-05,66692,67601,66142,67472
2006-10-06,67477,68302,66600,68228
2006-10-09,67671,69279,67727,68620
2006-10-10,68685,69292,68088,68517
2006-10-11,68511,69270,68164,68581
2006-10-12,68599,69173,68224,69002
2006-10-13,68973,70719,68841,70504
2006-10-16,70528,71055,70403,70870
2006-10-17,70882,71219,69532,69950
2006-10-18,69921,70856,69797,70086
2006-10-19,70020,71072,69630,70724
2006-10-20,70843,71333,70202,70199
2006-10-23,70211,70481,69114,69349
2006-10-24,69318,69772,68568,69653
2006-10-25,69676,70498,69099,70382
2006-10-26,70335,71045,70125,70537
2006-10-27,70543,70777,69911,70472
2006-10-30,69859,71738,69915,70916
2006-10-31,70940,71132,70380,70866
2006-11-01,70878,72509,70761,72308
2006-11-02,72225,73343,71887,72947
2006-11-03,73019,74348,72794,74051
2006-11-06,73882,74368,73679,73634
2006-11-07,73629,74049,73377,73492
2006-11-08,73538,73769,72204,72513
2006-11-09,72518,75017,72519,74667
2006-11-10,74631,74995,73540,73923
2006-11-13,73828,74239,73177,73921
2006-11-14,73855,73969,72888,72928
2006-11-15,72934,73798,72724,73371
2006-11-16,73437,74183,73062,73029
2006-11-17,73089,73367,72692,73126
2006-11-20,73226,74015,73212,73444
2006-11-21,73462,74256,73468,73803
2006-11-22,73947,74166,73086,73461
2006-11-23,73467,73624,73166,73331
2006-11-24,73337,74118,73323,73884
2006-11-27,73661,74545,73645,74360
2006-11-28,74331,74536,73521,74215
2006-11-29,74236,74422,73769,74029
2006-11-30,73993,75154,73915,75012
2006-12-01,74968,75253,74348,74482
2006-12-04,74469,74937,74054,74440
2006-12-05,74418,74671,73464,73875
2006-12-06,73849,73960,72511,72644
2006-12-07,72654,72894,72006,72777
2006-12-08,72975,73570,72701,72674
2006-12-11,72693,73802,72563,73656
2006-12-12,73661,73858,73327,73483
2006-12-13,73465,74075,73176,73850
2006-12-14,73810,74067,73647,73667
2006-12-15,73614,74218,72569,72597
2006-12-18,72486,72981,72284,72661
2006-12-19,72726,73611,72621,73446
2006-12-20,73489,73817,73140,73390
2006-12-21,73415,73712,73112,73140
2006-12-22,73139,73871,73154,73702
2006-12-25,73695,73878,73270,73637
2006-12-26,73662,74895,73683,74335
2006-12-27,74355,74675,74133,74433
2006-12-28,74513,75573,74407,75504
2006-12-29,75430,75847,75245,75726
2007-01-01,75745,75821,75725,75752
2007-01-02,75739,76247,75529,76038
2007-01-03,76027,76985,74786,74905
2007-01-04,74851,75312,74018,74013
2007-01-05,73965,74151,71491,71966
2007-01-08,71997,72453,71669,72366
2007-01-09,72397,73452,72337,73144
2007-01-10,73179,73374,72568,73154
2007-01-11,73094,74235,72863,73618
2007-01-12,73643,75588,73607,75351
2007-01-15,75352,75713,75077,75413
2007-01-16,75401,75743,75087,75394
2007-01-17,75358,76476,74835,76184
2007-01-18,76172,77237,76021,76029
2007-01-19,76023,77215,76008,76962
2007-01-22,76975,77867,76875,76881
2007-01-23,76973,78836,77025,78610
2007-01-24,78560,78827,77274,78441
2007-01-25,78474,79142,77749,78269
2007-01-26,78252,78701,77910,78470
2007-01-29,78402,79007,78210,78268
2007-01-30,78290,78757,78121,78644
2007-01-31,78664,79417,78157,78719
2007-02-01,78725,79617,78560,79361
2007-02-02,79302,79816,77847,78441
2007-02-05,78417,78678,77955,77992
2007-02-06,78025,79221,77608,78460
2007-02-07,78455,79293,78387,78597
2007-02-08,78593,80147,78512,79934
2007-02-09,79916,81315,79806,81050
2007-02-12,81131,81596,80368,80680
2007-02-13,80533,81089,80270,80448
2007-02-14,80425,81282,80336,80739
2007-02-15,80752,80864,79108,79762
2007-02-16,79810,80010,78942,79783
2007-02-19,79854,80472,79705,80242
2007-02-20,80150,80589,78784,78968
2007-02-21,78838,82563,78868,82086
2007-02-22,82079,82731,81817,82318
2007-02-23,82319,83290,81729,82574
2007-02-26,82539,83387,82427,82856
2007-02-27,82749,82941,80075,80074
2007-02-28,80102,80396,77988,79324
2007-03-01,79305,80512,77738,78038
2007-03-02,78074,78386,74654,75094
2007-03-05,74919,78203,73327,73466
2007-03-06,73431,75580,73122,75377
2007-03-07,75273,75883,74867,75248
2007-03-08,75318,76996,74845,76215
2007-03-09,76250,77809,76228,76844
2007-03-12,76903,77485,75760,76600
2007-03-13,76537,76724,74675,74620
2007-03-14,74723,75457,73897,75321
2007-03-15,75340,76332,75325,75946
2007-03-16,75946,76600,75516,76122
2007-03-19,75805,77125,75819,76764
2007-03-20,76856,77715,76795,77127
2007-03-21,77127,78165,77140,78025
2007-03-22,77998,78686,77860,78312
2007-03-23,78329,78484,77237,77531
2007-03-26,77400,78597,77449,78329
2007-03-27,78353,78787,77987,78300
2007-03-28,78293,78816,77532,77737
2007-03-29,77946,78266,77230,78053
2007-03-30,78097,78710,77807,78100
2007-04-02,77921,78517,77205,78168
2007-04-03,78458,79350,78071,78972
2007-04-04,78976,80304,78789,79941
2007-04-05,79763,80219,79733,80055
2007-04-06,80034,80536,79915,80381
2007-04-09,80338,80888,79921,80017
2007-04-10,80134,81177,80023,80546
2007-04-11,80493,81360,80274,80776
2007-04-12,80727,81141,79885,80466
2007-04-13,80399,81897,80073,81698
2007-04-16,81808,82812,81459,82650
2007-04-17,82604,82743,81558,81769
2007-04-18,81784,82090,81160,81771
2007-04-19,81595,81884,80171,80851
2007-04-20,81043,82516,80839,82040
2007-04-23,82051,82545,81581,81650
2007-04-24,81872,82258,80747,80961
2007-04-25,81012,81576,80743,81282
2007-04-26,81282,81937,80222,80660
2007-04-27,80640,81594,80136,81412
2007-04-30,81126,81470,80875,80980
2007-05-01,81252,81372,80148,80604
2007-05-02,80727,80983,80123,80806
2007-05-03,80792,82220,80749,82118
2007-05-04,82113,83081,81838,82670
2007-05-07,82629,82905,82312,82579
2007-05-08,82615,82766,81699,82166
2007-05-09,82171,82459,80897,81602
2007-05-10,81644,81912,79739,79824
2007-05-11,79686,80890,79616,80597
2007-05-14,80557,81230,80178,80592
2007-05-15,80486,81104,80041,80729
2007-05-16,80919,81034,79663,79864
2007-05-17,79884,80377,79276,79661
2007-05-18,79648,80361,79254,80042
2007-05-21,80048,80754,79839,80479
2007-05-22,80493,80823,79997,80051
2007-05-23,80105,80773,80023,80349
2007-05-24,80505,80636,79056,79352
2007-05-25,79312,79987,79021,79802
2007-05-28,79796,80198,79599,79730
2007-05-29,79724,80553,79366,79789
2007-05-30,79955,80207,79262,79364
2007-05-31,79444,80673,79378,80360
2007-06-01,80457,82082,80427,81859
2007-06-04,81852,82116,81404,81600
2007-06-05,81611,82096,81107,81245
2007-06-06,81232,81686,80458,81129
2007-06-07,81019,81680,79659,79738
2007-06-08,79800,80251,78437,78844
2007-06-11,78564,79842,78595,79477
2007-06-12,79444,79709,78610,78647
2007-06-13,78647,80010,78594,79715
2007-06-14,79782,80478,79479,80019
2007-06-15,80059,81039,80043,80847
2007-06-18,80873,81511,80860,81039
2007-06-19,81045,81720,80673,81485
2007-06-20,81485,81805,80894,80805
2007-06-21,80824,81225,80122,80566
2007-06-22,80553,81402,80588,80955
2007-06-25,80870,81108,80187,80522
2007-06-26,80502,80646,78892,78861
2007-06-27,78835,79191,78299,78973
2007-06-28,78941,80150,78875,79795
2007-06-29,79808,80545,79719,79906
2007-07-02,79815,80667,79643,80348
2007-07-03,80342,80738,79755,79939
2007-07-04,79933,80353,79938,80169
2007-07-05,80162,80605,79368,79837
2007-07-06,79811,80963,79665,80830
2007-07-09,80902,81899,80801,81386
2007-07-10,81386,81613,80718,80713
2007-07-11,80458,81072,80301,80842
2007-07-12,80813,81981,80808,81607
2007-07-13,81582,81840,81148,81302
2007-07-16,81268,81499,80829,81001
2007-07-17,80962,81673,80728,81176
2007-07-18,81176,82138,81072,81951
2007-07-19,81951,82788,81837,82675
2007-07-20,82689,83276,82513,82857
2007-07-23,83076,83305,82387,82428
2007-07-24,82401,83014,81861,81830
2007-07-25,81905,82103,80711,81258
2007-07-26,81292,81637,78371,78488
2007-07-27,78333,79550,77903,78395
2007-07-30,78143,79279,77983,79164
2007-07-31,79218,79853,78564,78541
2007-08-01,78559,79385,77616,79237
2007-08-02,79237,79551,78541,79180
2007-08-03,79194,80035,78850,79429
2007-08-06,78877,80059,78817,79814
2007-08-07,79814,79986,78993,79780
2007-08-08,79813,81001,79719,80661
2007-08-09,80655,80814,78082,78134
2007-08-10,78114,79963,77266,79599
2007-08-13,79525,79703,78859,79076
2007-08-14,79036,79541,78603,78624
2007-08-15,78617,78822,77356,77722
2007-08-16,77780,77875,72061,74485
2007-08-17,74589,76266,72185,75117
2007-08-20,75020,76089,74636,75535
2007-08-21,75314,75977,74723,75146
2007-08-22,74995,76368,74867,76192
2007-08-23,76016,77777,76047,76739
2007-08-24,76628,77922,75982,77730
2007-08-27,77805,78092,77145,77128
2007-08-28,77222,77295,75601,75630
2007-08-29,75872,77609,75406,77504
2007-08-30,77386,77529,76573,77017
2007-08-31,77057,78477,76988,77860
2007-09-03,77903,78209,77732,77870
2007-09-04,77910,79545,77578,79282
2007-09-05,79359,79415,78202,78497
2007-09-06,78427,80551,78256,80191
2007-09-07,80215,80726,79273,79416
2007-09-10,79018,80303,78828,79846
2007-09-11,79824,81526,79705,81420
2007-09-12,81397,81516,80576,81203
2007-09-13,81243,81995,80832,81393
2007-09-14,81238,82584,80852,81525
2007-09-17,81454,82979,81351,82515
2007-09-18,82558,84143,82046,83929
2007-09-19,83835,84287,83553,83671
2007-09-20,83577,84743,83619,84053
2007-09-21,84031,85343,83987,84393
2007-09-24,84312,84734,83534,83848
2007-09-25,83855,84042,82641,83860
2007-09-26,83809,85126,83738,84035
2007-09-27,84035,85016,83972,84825
2007-09-28,84833,85962,84686,85369
2007-10-01,85340,86644,85274,86435
2007-10-02,86450,86563,83924,84603
2007-10-03,84566,85549,84565,84893
2007-10-04,84842,86069,84016,85866
2007-10-05,85851,86991,85141,86819
2007-10-08,86923,87037,85836,86057
2007-10-09,86006,86630,85231,86388
2007-10-10,86388,87553,86394,86739
2007-10-11,86798,88774,86730,87663
2007-10-12,87715,88551,87427,88098
2007-10-15,87982,89644,87864,89042
2007-10-16,89087,89977,87965,88790
2007-10-17,88821,89454,87805,87956
2007-10-18,87986,88792,87759,88511
2007-10-19,88519,89020,87161,87570
2007-10-22,87157,87449,84679,86341
2007-10-23,86310,87508,86139,87145
2007-10-24,87130,87322,86117,87123
2007-10-25,87138,87942,86883,87801
2007-10-26,87785,89812,87582,89623
2007-10-29,89529,91181,89445,90704
2007-10-30,90657,90928,89475,89541
2007-10-31,89557,91999,89157,91772
2007-11-01,91676,92312,89833,90174
2007-11-02,90119,92822,90183,92687
2007-11-05,92623,92907,91515,92263
2007-11-06,92297,94617,92211,94559
2007-11-07,94578,96187,93599,93838
2007-11-08,93655,95323,92725,93632
2007-11-09,93779,94707,91772,92083
2007-11-12,91665,92008,87338,87934
2007-11-13,87870,89293,86677,88747
2007-11-14,88866,91191,88731,90385
2007-11-15,90247,91330,86526,87027
2007-11-16,86934,88218,86517,87261
2007-11-19,87196,88168,85377,85723
2007-11-20,85748,88448,84845,88326
2007-11-21,88428,88488,86158,86908
2007-11-22,86752,87859,86604,87272
2007-11-23,87218,89478,86930,89164
2007-11-26,85086,90825,85094,88182
2007-11-27,88481,90152,87172,88269
2007-11-28,88592,89636,86236,88674
2007-11-29,88447,90922,87000,87113
2007-11-30,87118,88196,86457,86998
2007-12-03,87036,87596,85903,87404
2007-12-04,87402,88531,86497,88072
2007-12-05,87944,89274,87514,88202
2007-12-06,88091,89581,87143,89264
2007-12-07,89363,89875,88295,88768
2007-12-10,88558,90653,88567,90275
2007-12-11,90257,90876,88101,88173
2007-12-12,88205,91770,88175,91260
2007-12-13,91190,91335,88921,89329
2007-12-14,89422,90509,89018,90135
2007-12-17,90095,90411,89047,89268
2007-12-18,89500,91471,89365,90932
2007-12-19,90978,91196,90052,90893
2007-12-20,90935,91071,89606,90057
2007-12-21,90046,92720,90026,92499
2007-12-24,92527,93248,92195,92810
2007-12-25,92715,92859,91745,92025
2007-12-26,92025,94494,92083,94255
2007-12-27,94206,95085,93726,93734
2007-12-28,93826,94901,93307,94410
2007-12-31,94514,94747,92725,92835
2008-01-01,93052,93175,92766,92988
2008-01-02,93013,94728,93003,93882
2008-01-03,93847,95243,93325,94309
2008-01-04,94350,94804,92569,93464
2008-01-07,93241,94375,93141,93639
2008-01-08,93577,96485,93485,95531
2008-01-09,95516,97825,95374,96297
2008-01-10,96582,97941,95170,97633
2008-01-11,97537,98471,96605,97574
2008-01-14,97329,98514,97075,97881
2008-01-15,97757,98284,95521,95586
2008-01-16,95488,95933,93128,94281
2008-01-17,94422,95561,93432,93706
2008-01-18,93469,95329,92779,94362
2008-01-21,94353,94599,90968,91787
2008-01-22,91753,95656,89932,94746
2008-01-23,94772,95564,92141,94823
2008-01-24,94938,97248,94471,96958
2008-01-25,97185,99534,97218,97435
2008-01-28,97417,99276,97189,99140
2008-01-29,99140,99837,98146,98879
2008-01-30,98719,99775,98257,98702
2008-01-31,98591,98952,97224,98374
2008-02-01,98429,99737,96156,97015
2008-02-04,96924,97651,95352,96509
2008-02-05,96350,96832,94558,94724
2008-02-06,94680,96901,94231,95848
2008-02-07,96028,98039,95441,97687
2008-02-08,97678,99025,97183,98538
2008-02-11,99110,99462,97561,98872
2008-02-12,98791,99044,96853,97151
2008-02-13,97250,98478,96119,97997
2008-02-14,98143,99027,97691,97965
2008-02-15,97973,98772,96716,97262
2008-02-18,97302,98205,97255,98046
2008-02-19,97953,100117,97814,99918
2008-02-20,99940,102313,98794,102099
2008-02-21,102000,102680,101161,101291
2008-02-22,101408,102040,100000,101363
2008-02-25,101361,102529,100498,101474
2008-02-26,101555,101868,100108,101763
2008-02-27,101634,102722,101265,101909
2008-02-28,101844,102301,101313,102025
2008-02-29,102045,102197,100415,100975
2008-03-03,100846,102301,100444,101556
2008-03-04,101723,102157,98826,99497
2008-03-05,99570,103104,99538,102771
2008-03-06,102782,102964,99378,100444
2008-03-07,100413,101126,99320,99955
2008-03-10,99692,100292,98126,98983
2008-03-11,98974,101188,98601,100579
2008-03-12,100657,100803,99629,99814
2008-03-13,99527,100615,98259,99928
2008-03-14,99997,100887,99004,99159
2008-03-17,97890,100054,96809,97614
2008-03-18,97474,100365,96390,97934
2008-03-19,98140,98762,93006,93114
2008-03-20,93010,93253,90369,90405
2008-03-21,90323,98202,90095,91506
2008-03-24,91294,93392,90560,92129
2008-03-25,92037,94085,91832,93866
2008-03-26,93764,94709,93274,94425
2008-03-27,94397,95143,93963,94371
2008-03-28,94427,94899,92063,92200
2008-03-31,91996,93639,91257,91438
2008-04-01,91429,91971,88693,89935
2008-04-02,89917,92789,89811,92383
2008-04-03,92401,93045,91178,92322
2008-04-04,92322,93144,92038,92678
2008-04-07,92227,95482,92217,94171
2008-04-08,94153,94812,92986,93897
2008-04-09,93824,95240,92448,95005
2008-04-10,94977,95144,93061,94465
2008-04-11,94455,94883,92827,93369
2008-04-14,93683,93998,92257,93427
2008-04-15,93390,94887,92743,94498
2008-04-16,94480,96267,94001,96180
2008-04-17,96152,97413,96022,96326
2008-04-18,96247,97095,94408,94943
2008-04-21,95035,95984,94191,94332
2008-04-22,94341,95217,94034,94399
2008-04-23,94344,95120,92603,93328
2008-04-24,93409,94067,92270,92309
2008-04-25,92389,93683,91908,92410
2008-04-28,92419,93621,92528,92882
2008-04-29,92990,93171,90252,90503
2008-04-30,90511,91683,89822,90370
2008-05-01,90835,91548,88135,88946
2008-05-02,88895,90502,88844,90122
2008-05-05,90036,91749,90150,91567
2008-05-06,91600,92420,91017,91644
2008-05-07,91653,92485,90786,90756
2008-05-08,90817,91996,89714,91459
2008-05-09,91547,91901,89859,90891
2008-05-12,91024,92167,90872,91541
2008-05-13,91568,92008,89956,90696
2008-05-14,90601,91620,90533,90718
2008-05-15,90726,93103,90481,92148
2008-05-16,92174,94386,91814,93762
2008-05-19,93690,95042,93799,94300
2008-05-20,94282,95859,93895,95141
2008-05-21,95150,96206,94804,95892
2008-05-22,95929,96446,95204,95824
2008-05-23,95870,96073,95150,95470
2008-05-26,95479,96165,95469,95928
2008-05-27,95919,96332,94287,94334
2008-05-28,94353,94675,92828,94177
2008-05-29,94213,94666,92203,92451
2008-05-30,92504,93996,91703,93462
2008-06-02,93276,93807,92522,92917
2008-06-03,92873,93758,92282,92504
2008-06-04,92574,93043,91731,92394
2008-06-05,92381,93251,91837,92946
2008-06-06,92938,94769,92916,94552
2008-06-09,94164,96179,94264,94845
2008-06-10,94800,95424,92734,93046
2008-06-11,93029,94545,93083,93962
2008-06-12,93945,94355,92503,93638
2008-06-13,93629,94379,93095,94112
2008-06-16,94073,96722,93960,95365
2008-06-17,95365,95984,94626,95210
2008-06-18,95210,96733,95105,96287
2008-06-19,96269,97971,95549,96968
2008-06-20,96923,97551,96581,96652
2008-06-23,96562,97700,94702,95227
2008-06-24,95260,96400,95195,95913
2008-06-25,95865,96062,94650,95488
2008-06-26,95453,98208,95404,97819
2008-06-27,97865,98738,97402,98379
2008-06-30,98436,98874,97518,98038
2008-07-01,98038,100123,97606,99574
2008-07-02,99556,100386,99191,99959
2008-07-03,99931,100655,98747,99563
2008-07-04,99600,99979,99195,99579
2008-07-07,99542,99696,98035,99190
2008-07-08,99153,99572,97892,98782
2008-07-09,98791,99568,98440,99047
2008-07-10,99065,101495,99096,101304
2008-07-11,101312,102872,100807,102355
2008-07-14,102249,103569,101745,103136
2008-07-15,103195,103419,101424,102182
2008-07-16,102182,102524,100600,100744
2008-07-17,100763,103552,100807,101629
2008-07-18,101600,102768,101528,102062
2008-07-21,102053,103421,102146,102718
2008-07-22,102718,103768,101087,101408
2008-07-23,101342,101909,99027,99287
2008-07-24,99250,100242,98640,99525
2008-07-25,99469,100517,99094,100160
2008-07-28,100142,100620,99405,99951
2008-07-29,99908,100310,98946,99102
2008-07-30,99148,99455,96819,97897
2008-07-31,97879,99648,97924,98433
2008-08-01,98451,98691,97083,97922
2008-08-04,97922,98699,96715,96729
2008-08-05,96702,96956,94511,94564
2008-08-06,94556,96655,94567,96321
2008-08-07,96312,96933,95051,95463
2008-08-08,95248,95690,93618,94234
2008-08-11,94388,95215,90311,90519
2008-08-12,90511,91042,88429,88555
2008-08-13,88523,90759,87515,90378
2008-08-14,90378,91700,88224,88374
2008-08-15,88423,88586,85622,86790
2008-08-18,86798,88570,86873,87890
2008-08-19,87920,89553,86245,89235
2008-08-20,89165,90057,88053,89245
2008-08-21,89245,90895,88912,90554
2008-08-22,90613,91342,90187,90439
2008-08-25,90423,90882,89423,89771
2008-08-26,89763,91114,88589,90288
2008-08-27,90297,91235,90090,90502
2008-08-28,90469,92397,90271,91208
2008-08-29,91174,91500,90221,90274
2008-09-01,89892,90752,88252,88288
2008-09-02,88279,88583,86191,87457
2008-09-03,87377,87830,85939,86651
2008-09-04,86595,88395,84615,84492
2008-09-05,84628,87213,83941,86502
2008-09-08,87481,88917,86072,86786
2008-09-09,86658,87073,82864,82874
2008-09-10,82980,84373,80851,80900
2008-09-11,81028,81537,78248,80094
2008-09-12,80027,82762,79909,82392
2008-09-15,80834,83519,80654,82229
2008-09-16,82213,82845,80152,82218
2008-09-17,81676,91334,81667,89824
2008-09-18,90014,94447,89031,89436
2008-09-19,89470,94294,88783,93579
2008-09-22,93168,96015,91774,94854
2008-09-23,94908,95845,93261,93933
2008-09-24,94156,95539,92634,93589
2008-09-25,93597,94719,91897,93157
2008-09-26,93210,96241,91389,93084
2008-09-29,93836,96094,92015,93956
2008-09-30,93947,95035,91048,92223
2008-10-01,92215,94734,91679,91879
2008-10-02,91905,92659,87445,87959
2008-10-03,87926,89651,86061,87904
2008-10-06,87662,90210,85499,87125
2008-10-07,86911,91494,86844,89777
2008-10-08,90070,92431,87846,89889
2008-10-09,89861,91693,88623,90703
2008-10-10,90703,92354,82284,85282
2008-10-13,85545,87458,82554,84750
2008-10-14,84742,87955,84843,85363
2008-10-15,85379,86798,83967,84580
2008-10-16,84546,84884,78805,81697
2008-10-17,81777,82680,78128,79460
2008-10-20,79455,82723,79431,81003
2008-10-21,81146,82115,76965,77280
2008-10-22,77349,78122,70268,71062
2008-10-23,71164,72163,68061,70380
2008-10-24,70791,71134,62139,69128
2008-10-27,67872,70463,65192,67641
2008-10-28,67634,73752,67522,73477
2008-10-29,73522,75703,71421,73401
2008-10-30,73446,76779,71830,72682
2008-10-31,72484,73437,70071,71177
2008-11-03,71314,73420,71238,71516
2008-11-04,71614,76742,71179,76138
2008-11-05,75949,76882,72662,72836
2008-11-06,72732,74880,71357,71521
2008-11-07,71580,73042,70419,72432
2008-11-10,72929,76171,72431,73024
2008-11-11,73076,73688,70788,71411
2008-11-12,71399,72526,67389,67386
2008-11-13,67495,72142,66840,71931
2008-11-14,71731,73515,70382,71834
2008-11-17,71103,72849,70405,70890
2008-11-18,71007,72637,70458,71411
2008-11-19,71438,73933,70208,70186
2008-11-20,70261,72442,69511,70069
2008-11-21,69779,76822,69783,76459
2008-11-24,76603,80120,74866,79521
2008-11-25,79604,80086,76860,78140
2008-11-26,78092,78509,76550,77586
2008-11-27,77527,78019,77198,77692
2008-11-28,77695,78484,77234,77888
2008-12-01,77609,78275,71645,71713
2008-12-02,71747,73535,70757,72922
2008-12-03,72945,73103,70875,72119
2008-12-04,72068,73312,70404,70575
2008-12-05,70616,71344,68176,70155
2008-12-08,70057,73042,69921,71688
2008-12-09,71609,72314,70614,71375
2008-12-10,71496,75651,71483,74853
2008-12-11,75102,76356,74213,75237
2008-12-12,74812,75790,71699,74748
2008-12-15,74865,76637,74187,76112
2008-12-16,75845,76737,74685,76274
2008-12-17,76283,77101,75051,75593
2008-12-18,76205,76527,76175,76103
2008-12-19,76205,76532,73920,74589
2008-12-22,74630,76621,74730,76223
2008-12-23,76412,76649,75105,76161
2008-12-24,76254,77033,75494,76480
2008-12-25,76512,77253,75994,76289
2008-12-26,76264,78980,76109,78687
2008-12-29,78610,80771,78706,79262
2008-12-30,79555,80206,78020,78756
2008-12-31,78686,80333,77623,79503
2009-01-01,79771,80532,78948,79891
2009-01-02,79830,81025,79074,80688
2009-01-05,80326,81542,78710,80094
2009-01-06,80260,81676,78590,80894
2009-01-07,80848,81001,77326,77868
2009-01-08,78042,78704,76684,77979
2009-01-09,78015,78492,76520,76989
2009-01-12,76952,77242,72634,73133
2009-01-13,73047,74606,72408,73185
2009-01-14,73385,74498,71822,72211
2009-01-15,72155,73707,71649,73295
2009-01-16,73360,76526,73349,76356
2009-01-19,76575,77286,75129,75760
2009-01-20,75675,78095,74463,76814
2009-01-21,76764,77706,73676,76427
2009-01-22,76365,76985,74513,75951
2009-01-23,75977,80250,75196,79805
2009-01-26,79706,81954,78785,80376
2009-01-27,80354,81497,79376,79739
2009-01-28,79752,80773,78857,79978
2009-01-29,79939,81819,78106,81656
2009-01-30,81603,83831,80484,83402
2009-02-02,83439,83598,80586,80648
2009-02-03,80840,81655,79108,80464
2009-02-04,80527,81472,79729,80970
2009-02-05,80961,84324,80624,83352
2009-02-06,83288,84516,82010,83775
2009-02-09,83667,84070,80580,81811
2009-02-10,81798,83437,81112,82719
2009-02-11,82744,86417,81894,84878
2009-02-12,84782,86321,84140,86122
2009-02-13,86017,86743,85289,86497
2009-02-16,86171,86763,85789,86294
2009-02-17,86313,90026,86226,89519
2009-02-18,89490,92497,89058,92329
2009-02-19,92293,92481,90564,91834
2009-02-20,91742,94302,91320,92466
2009-02-23,93218,94527,91432,93724
2009-02-24,93774,95685,92659,93194
2009-02-25,93021,95160,92096,92666
2009-02-26,92730,93629,91604,92933
2009-02-27,93064,93659,90767,92073
2009-03-02,91838,93487,90075,89982
2009-03-03,90202,91179,88884,89988
2009-03-04,89894,91785,89486,89865
2009-03-05,89749,92013,89306,91313
2009-03-06,91421,92596,90354,92196
2009-03-09,92419,93101,90126,90990
2009-03-10,90971,91984,87702,88380
2009-03-11,88415,89228,87741,88217
2009-03-12,88199,91351,87163,90563
2009-03-13,90478,92301,89703,90819
2009-03-16,90912,91374,90070,90548
2009-03-17,90548,91176,90063,90140
2009-03-18,91279,91356,86461,90277
2009-03-19,90212,90831,88747,90549
2009-03-20,90616,91960,90016,91187
2009-03-23,90954,92653,90797,90922
2009-03-24,90932,92772,90106,90482
2009-03-25,90621,91551,89593,91057
2009-03-26,91122,92922,90902,92111
2009-03-27,92120,92441,89739,90125
2009-03-30,90366,90975,87772,89138
2009-03-31,89138,91734,89083,90614
2009-04-01,90624,92151,90399,91343
2009-04-02,91380,91872,88978,89854
2009-04-03,89945,90824,89320,89458
2009-04-06,89500,90096,87205,87749
2009-04-07,87801,89181,87449,88445
2009-04-08,88427,89129,87568,87709
2009-04-09,87718,88808,87789,88209
2009-04-10,88209,89015,88197,88259
2009-04-13,88408,90164,88426,89237
2009-04-14,89276,89892,87604,87809
2009-04-15,87801,89293,87529,88508
2009-04-16,88481,88648,86648,86863
2009-04-17,86852,88315,85618,86035
2009-04-20,86061,87107,85641,86602
2009-04-21,86602,87857,86307,87069
2009-04-22,87025,87492,86296,87137
2009-04-23,87119,89069,87105,88477
2009-04-24,88486,88799,87778,88611
2009-04-27,88213,89071,87473,87531
2009-04-28,87665,87782,85034,85902
2009-04-29,85902,87969,85692,87534
2009-04-30,87624,88385,86394,87314
2009-05-01,87266,88408,87321,87765
2009-05-04,87907,90203,87762,89163
2009-05-05,89260,90508,88606,88585
2009-05-06,89372,90270,88069,89525
2009-05-07,89571,92103,89537,90173
2009-05-08,90223,91389,89332,90304
2009-05-11,90414,90654,88715,88969
2009-05-12,88878,89898,88085,88866
2009-05-13,88829,89681,87889,88242
2009-05-14,88288,89033,87724,88713
2009-05-15,88760,89148,87575,88593
2009-05-18,88417,89638,87955,88301
2009-05-19,88244,89391,88085,88785
2009-05-20,88748,89818,88023,88912
2009-05-21,88856,90233,88457,90001
2009-05-22,89963,90935,89393,90633
2009-05-25,90595,91086,90152,90847
2009-05-26,90838,91031,89310,90359
2009-05-27,90312,91191,89730,90288
2009-05-28,90344,93390,90075,92965
2009-05-29,92927,93946,92264,93289
2009-06-01,93232,94911,92778,93981
2009-06-02,94006,94861,93241,93858
2009-06-03,93808,95258,92074,92280
2009-06-04,92241,94944,92316,94542
2009-06-05,94571,95827,93302,94231
2009-06-08,94145,94711,92996,93523
2009-06-09,93532,94155,92725,92867
2009-06-10,92895,94561,92961,93687
2009-06-11,93677,93968,92743,93072
2009-06-12,93149,93644,91955,92289
2009-06-15,92271,92456,90510,90744
2009-06-16,90799,91226,89619,90029
2009-06-17,90029,90737,88976,89777
2009-06-18,89739,90679,89562,90018
2009-06-19,90046,90841,89649,89839
2009-06-22,89841,90006,88006,88429
2009-06-23,88429,88599,86880,88074
2009-06-24,88074,89939,87860,89125
2009-06-25,89106,90554,89065,90044
2009-06-26,90082,90783,89131,89321
2009-06-29,89331,90520,88959,90079
2009-06-30,90060,90508,88922,89187
2009-07-01,89196,91246,89161,90828
2009-07-02,90818,91017,88970,89039
2009-07-03,89095,89828,88977,89452
2009-07-06,89557,89641,87298,88094
2009-07-07,88103,88834,87476,87584
2009-07-08,87529,87656,83088,84395
2009-07-09,84204,85608,83971,84710
2009-07-10,84710,85191,83459,84356
2009-07-13,84283,85691,83486,85542
2009-07-14,85532,86784,85228,86543
2009-07-15,86533,88968,85543,88430
2009-07-16,88421,88661,87082,87830
2009-07-17,87802,88595,87338,88209
2009-07-20,88293,90335,88317,89335
2009-07-21,89363,89925,88280,88794
2009-07-22,88775,89480,88108,88929
2009-07-23,88929,91069,88980,89913
2009-07-24,90008,90530,89714,90065
2009-07-27,90017,91292,89793,90683
2009-07-28,90673,91014,87848,88551
2009-07-29,88457,89096,87824,88283
2009-07-30,88320,89699,88099,89149
2009-07-31,89177,90576,88870,90282
2009-08-03,90344,91719,90107,91011
2009-08-04,90978,92562,90020,92093
2009-08-05,92102,92277,90995,91270
2009-08-06,91299,93087,91303,91818
2009-08-07,91779,93905,91149,93053
2009-08-10,93167,93316,91522,91697
2009-08-11,91716,91992,90326,90592
2009-08-12,90630,91666,89451,90878
2009-08-13,90896,92516,90647,90993
2009-08-14,90935,91580,89100,89771
2009-08-17,89667,89928,87654,88178
2009-08-18,88131,89521,88248,88744
2009-08-19,88762,89384,87488,88572
2009-08-20,88562,89355,88055,88487
2009-08-21,88459,90382,87722,89949
2009-08-24,89892,90730,88731,89057
2009-08-25,88943,90193,88519,88948
2009-08-26,88882,89500,88590,89057
2009-08-27,88953,89252,88105,88511
2009-08-28,88502,90227,88581,89345
2009-08-31,89184,89691,87976,88355
2009-09-01,88270,89366,88170,88788
2009-09-02,88818,90372,88251,90090
2009-09-03,90052,92307,89727,91683
2009-09-04,91673,92646,91432,92376
2009-09-07,92346,92960,92182,92448
2009-09-08,92448,93161,91600,91887
2009-09-09,91847,92733,90924,91291
2009-09-10,91186,91829,90492,91337
2009-09-11,91357,91883,90586,91130
2009-09-14,90848,91369,90121,90833
2009-09-15,90747,91877,90634,91597
2009-09-16,91567,92823,91392,92398
2009-09-17,92398,93284,92123,92082
2009-09-18,92072,92946,91893,91841
2009-09-21,92022,92553,91430,92235
2009-09-22,92225,93113,91656,92367
2009-09-23,92388,92966,91938,92075
2009-09-24,92075,92364,90495,90764
2009-09-25,90690,91363,88662,88855
2009-09-28,88789,89216,87578,88700
2009-09-29,88729,89888,88638,89267
2009-09-30,89282,90556,89147,90351
2009-10-01,90291,90963,89456,89436
2009-10-02,89436,90216,87984,89921
2009-10-05,89516,91228,89476,91050
2009-10-06,91021,92738,90600,92386
2009-10-07,92407,93152,91734,92441
2009-10-08,92451,93767,92366,93184
2009-10-09,93110,94539,92995,94101
2009-10-12,94070,95475,94075,94783
2009-10-13,94761,95818,94433,95382
2009-10-14,95372,95689,94528,94949
2009-10-15,94870,96283,94401,95053
2009-10-16,95064,95996,95042,95628
2009-10-19,95633,96539,95147,96238
2009-10-20,96291,96820,95531,95621
2009-10-21,95566,96874,95402,96364
2009-10-22,96289,97146,96108,96863
2009-10-23,96789,98108,96573,97052
2009-10-26,97079,97659,95664,95646
2009-10-27,95621,97020,95017,95362
2009-10-28,95320,95534,93026,93022
2009-10-29,93074,95874,93014,95493
2009-10-30,95550,95881,93389,94080
2009-11-02,93662,96429,92909,95699
2009-11-03,95638,98337,95040,97871
2009-11-04,97930,99774,97357,99008
2009-11-05,99120,99318,97852,98963
2009-11-06,98811,99246,97872,98432
2009-11-09,98645,100018,98402,99333
2009-11-10,99302,99626,98463,99262
2009-11-11,99267,100579,98569,100407
2009-11-12,100381,101360,99665,99734
2009-11-13,99699,100380,98921,100294
2009-11-16,100139,101734,100131,101617
2009-11-17,101455,102010,100478,101834
2009-11-18,101867,102867,101315,102198
2009-11-19,102245,102367,100336,101812
2009-11-20,101737,102496,100833,102249
2009-11-23,101960,104352,101753,103593
2009-11-24,103737,103987,102889,103509
2009-11-25,103494,104273,103093,103852
2009-11-26,103973,104510,102166,103160
2009-11-27,103208,103347,98003,101690
2009-11-30,101938,102513,100316,101755
2009-12-01,101769,104247,101535,103737
2009-12-02,103717,106328,103565,106188
2009-12-03,106245,107781,106085,106762
2009-12-04,106575,107735,104061,105005
2009-12-07,104649,104951,102081,103713
2009-12-08,103543,104322,99410,99859
2009-12-09,99808,100835,98096,99137
2009-12-10,99199,100483,98375,99789
2009-12-11,99747,101619,98909,99224
2009-12-14,99077,100158,98716,99657
2009-12-15,99736,101221,98740,100735
2009-12-16,100829,102421,100371,102132
2009-12-17,102140,102741,98482,98729
2009-12-18,98758,101165,98331,100434
2009-12-21,100470,101325,99173,99530
2009-12-22,99576,100288,98649,99481
2009-12-23,99459,100299,99112,99624
2009-12-24,99580,101366,99547,101101
2009-12-25,101057,101315,100714,100663
2009-12-28,101053,102005,100938,101403
2009-12-29,101284,101725,100732,100919
2009-12-30,100905,101584,100364,100883
2009-12-31,100952,102574,100973,101835
2010-01-01,101914,102107,101956,101961
2010-01-04,102015,104145,101461,103656
2010-01-05,103693,103843,102125,102591
2010-01-06,102530,105440,102284,105143
2010-01-07,105028,105774,104326,105572
2010-01-08,105492,106113,104047,105246
2010-01-11,105301,107391,105293,106143
2010-01-12,106060,106717,102300,102537
2010-01-13,102643,104187,102148,103991
2010-01-14,103965,105845,103105,104155
2010-01-15,104153,104607,102400,102561
2010-01-18,102538,103480,102406,102763
2010-01-19,102763,103928,102578,103644
2010-01-20,103679,104071,100918,101411
2010-01-21,101366,102392,98627,98992
2010-01-22,99003,99470,97468,98207
2010-01-25,98587,99688,98175,99028
2010-01-26,99068,99893,97296,98416
2010-01-27,98336,98800,97010,97791
2010-01-28,97787,98923,96424,97610
2010-01-29,97666,98901,96930,97550
2010-02-01,96901,100454,96958,100327
2010-02-02,100134,101246,99655,100722
2010-02-03,100645,101650,99926,100866
2010-02-04,100883,101130,93968,94525
2010-02-05,94571,95840,93142,95171
2010-02-08,95377,96152,94700,94957
2010-02-09,94897,97261,94740,96564
2010-02-10,96538,97113,95395,96480
2010-02-11,96343,98559,96360,98257
2010-02-12,98331,98537,96665,98338
2010-02-15,98436,99224,97984,99012
2010-02-16,99045,101399,98864,100889
2010-02-17,100851,102416,100625,101781
2010-02-18,100900,102643,99908,102490
2010-02-19,101971,103588,100963,102432
2010-02-22,102229,103797,101107,101437
2010-02-23,101494,102028,99133,99400
2010-02-24,99497,100041,98107,98859
2010-02-25,98885,99446,96846,98474
2010-02-26,98462,99596,98409,99165
2010-03-01,99152,100418,99105,99518
2010-03-02,99656,101306,99078,100662
2010-03-03,100732,101386,100421,100751
2010-03-04,100798,101436,99857,100787
2010-03-05,100842,103319,100731,102199
2010-03-08,102541,103009,100986,101261
2010-03-09,101382,101613,99572,100717
2010-03-10,100836,102240,99809,100286
2010-03-11,100258,100578,99550,100365
2010-03-12,100392,101514,99360,99685
2010-03-15,99692,100555,99570,100350
2010-03-16,100261,101997,99976,101538
2010-03-17,101470,102685,100948,101524
2010-03-18,101547,102056,100704,101718
2010-03-19,101662,102199,99613,100176
2010-03-22,100176,100464,98426,99272
2010-03-23,99254,100091,98912,99656
2010-03-24,99611,100803,99488,100254
2010-03-25,100219,101656,99827,101078
2010-03-26,101021,102734,100727,102235
2010-03-29,102078,103328,102128,102442
2010-03-30,102520,103228,102141,102321
2010-03-31,102334,104331,102291,103980
2010-04-01,103969,105945,103837,105628
2010-04-02,105617,106123,104913,105930
2010-04-05,106535,106891,105945,106531
2010-04-06,106576,106997,105327,106284
2010-04-07,106249,107926,106097,107131
2010-04-08,106981,107730,106218,107401
2010-04-09,107378,108580,107318,108045
2010-04-12,108019,109137,107418,107378
2010-04-13,107634,107965,106455,107217
2010-04-14,107194,108829,107230,107567
2010-04-15,107567,108301,107094,107701
2010-04-16,107747,108054,103954,104724
2010-04-19,104474,105096,103185,104916
2010-04-20,104928,106770,104783,106282
2010-04-21,106236,107354,105849,106639
2010-04-22,106650,107085,105188,106610
2010-04-23,106575,108924,106280,108644
2010-04-26,108724,109406,108301,108419
2010-04-27,108395,109341,107122,109212
2010-04-28,108709,110493,108349,109369
2010-04-29,109610,110252,109250,109683
2010-04-30,109707,111397,109357,110532
2010-05-03,110556,112489,110483,111713
2010-05-04,111725,112748,110097,110861
2010-05-05,110861,111395,108999,110210
2010-05-06,110246,111224,105526,109495
2010-05-07,109582,111381,108621,110586
2010-05-10,111524,112300,109896,112149
2010-05-11,112125,114495,111305,114211
2010-05-12,114236,116403,113634,115215
2010-05-13,115215,116009,113951,114129
2010-05-14,114141,115561,111890,113962
2010-05-17,113534,114486,112543,113178
2010-05-18,113250,113577,111676,112329
2010-05-19,112286,113024,108114,109216
2010-05-20,109287,109980,105103,105715
2010-05-21,105177,107287,104537,105764
2010-05-24,105987,108340,105952,107406
2010-05-25,107378,108687,106081,108465
2010-05-26,108393,110069,108111,108710
2010-05-27,108710,110552,108793,110246
2010-05-28,110162,111017,108945,110517
2010-05-31,110372,111432,110233,110885
2010-06-01,110747,112309,110353,111350
2010-06-02,111387,113037,110756,112686
2010-06-03,112771,113403,110812,111843
2010-06-04,111656,112203,110307,112038
2010-06-07,111825,114316,110626,113150
2010-06-08,113158,114458,112607,112993
2010-06-09,112939,113319,111856,112398
2010-06-10,112269,112683,110901,111213
2010-06-11,111100,112792,111153,112341
2010-06-14,112455,113427,111423,111808
2010-06-15,111741,113097,111338,112799
2010-06-16,112794,113416,112104,112415
2010-06-17,112361,113724,112285,113223
2010-06-18,113037,114619,112560,113913
2010-06-21,113433,115352,111926,112080
2010-06-22,112129,112970,111690,112179
2010-06-23,112092,112642,110306,111073
2010-06-24,111082,111782,109748,111392
2010-06-25,111405,112470,111110,111914
2010-06-28,111954,112653,110279,110518
2010-06-29,110453,110985,108808,109767
2010-06-30,109551,110566,109343,109723
2010-07-01,109673,110011,104792,105110
2010-07-02,104853,107360,105035,106218
2010-07-05,106170,106792,105801,105986
2010-07-06,105910,106710,104015,104381
2010-07-07,104292,105703,103285,105402
2010-07-08,105438,106789,105059,105891
2010-07-09,105745,107440,105671,107315
2010-07-12,107431,107903,105799,106000
2010-07-13,105900,107735,105981,107300
2010-07-14,107385,108125,106216,106791
2010-07-15,106755,107295,105044,105588
2010-07-16,105582,105953,102375,103315
2010-07-19,103287,103897,102096,102619
2010-07-20,102395,104464,102040,104247
2010-07-21,104200,104293,102946,103103
2010-07-22,103603,104596,102024,103881
2010-07-23,104043,105175,103442,103931
2010-07-26,104018,104661,102542,102680
2010-07-27,102903,103845,101737,102099
2010-07-28,101910,102663,101321,101651
2010-07-29,101537,102200,100711,101351
2010-07-30,101480,102398,100562,102046
2010-08-02,102082,103215,101761,102120
2010-08-03,102119,102556,101432,101635
2010-08-04,101679,103820,101234,103114
2010-08-05,103094,103636,102183,102478
2010-08-06,102404,103615,102111,102956
2010-08-09,102762,103733,102719,103052
2010-08-10,103140,103466,102147,102735
2010-08-11,102674,103008,101537,101854
2010-08-12,102068,104527,101808,104078
2010-08-13,104006,104954,103952,104596
2010-08-16,104702,105039,104206,104419
2010-08-17,104358,105089,104224,104619
2010-08-18,104619,105262,103826,104955
2010-08-19,104784,105752,104666,104952
2010-08-20,104854,105423,104557,105103
2010-08-23,105002,105291,104037,104087
2010-08-24,104124,104477,101440,103245
2010-08-25,103417,105300,103365,104731
2010-08-26,104795,105416,104254,104228
2010-08-27,104315,105758,104025,105312
2010-08-30,105442,106248,104419,104579
2010-08-31,104646,105449,103593,104809
2010-09-01,105115,105662,104739,104879
2010-09-02,104989,105666,104760,105413
2010-09-03,105412,106002,104537,105008
2010-09-06,105297,105536,104979,105187
2010-09-07,105162,105523,104352,105136
2010-09-08,104997,106086,104767,105244
2010-09-09,105202,105557,104141,104251
2010-09-10,104630,105441,104243,104859
2010-09-13,104804,105129,103858,104202
2010-09-14,104240,105972,103900,105298
2010-09-15,105471,108894,105198,108680
2010-09-16,108517,109574,107934,109280
2010-09-17,109117,110174,108996,109309
2010-09-20,109387,110107,109272,109401
2010-09-21,109606,109860,108283,109336
2010-09-22,109482,109855,108509,109103
2010-09-23,108997,109465,108592,108913
2010-09-24,109184,110392,108897,109093
2010-09-27,109258,109576,109003,109020
2010-09-28,109218,109932,107650,109710
2010-09-29,109612,110047,109165,109555
2010-09-30,109573,109817,108285,109207
2010-10-01,108962,109967,109004,109586
2010-10-04,109497,110441,109261,109543
2010-10-05,109688,111726,109523,111522
2010-10-06,111353,112361,111230,111796
2010-10-07,111553,112527,109333,109735
2010-10-08,109677,110744,109206,110262
2010-10-11,109784,111252,109611,111050
2010-10-12,111064,111478,109935,110357
2010-10-13,110370,112445,110383,112115
2010-10-14,112126,112662,111454,112398
2010-10-15,112081,112763,110935,111408
2010-10-18,111299,111676,109965,111215
2010-10-19,111187,111572,108329,108878
2010-10-20,109018,109292,108327,109068
2010-10-21,109012,109890,107104,107708
2010-10-22,107622,108128,106751,107968
2010-10-25,108020,108931,107457,108201
2010-10-26,108057,109318,107939,109031
2010-10-27,108943,109557,107601,108249
2010-10-28,108281,109029,107548,108798
2010-10-29,108838,109439,107765,109254
2010-11-01,108958,110672,108755,108722
2010-11-02,108655,109913,108776,109415
2010-11-03,109428,110356,107920,109200
2010-11-04,109308,112508,108265,112368
2010-11-05,112396,113724,111450,113214
2010-11-08,113289,114568,112473,114370
2010-11-09,114390,115572,113342,113565
2010-11-10,113740,115931,113582,115524
2010-11-11,115400,116611,115003,116243
2010-11-12,116246,116390,112294,112906
2010-11-15,112642,114140,112663,113032
2010-11-16,113105,113831,110980,111581
2010-11-17,111579,112132,111008,111231
2010-11-18,111117,113730,110744,113040
2010-11-19,112973,113900,111979,112872
2010-11-22,113044,113916,112528,113714
2010-11-23,113782,114647,113080,114391
2010-11-24,114445,115031,113993,114798
2010-11-25,114760,115050,114182,114863
2010-11-26,114876,115150,113401,114648
2010-11-29,114413,115465,113850,115118
2010-11-30,115275,116225,114615,115809
2010-12-01,115864,117379,115545,116798
2010-12-02,116815,117352,115902,116084
2010-12-03,116097,117096,115376,116804
2010-12-06,116839,117976,116319,117631
2010-12-07,117641,118466,116597,116960
2010-12-08,116896,117642,115409,116070
2010-12-09,116045,116895,115846,116088
2010-12-10,116153,116572,115231,116309
2010-12-13,116115,117426,115892,116246
2010-12-14,116715,116782,116754,116701
2010-12-15,116715,117371,116057,116173
2010-12-16,116271,116871,114786,115081
2010-12-17,115119,115893,114822,115430
2010-12-20,115318,116473,115181,115913
2010-12-21,115958,116513,115499,115976
2010-12-22,116033,116580,115549,115694
2010-12-23,115707,116017,113981,114463
2010-12-24,114448,115213,114335,114699
2010-12-27,114740,114837,113763,114528
2010-12-28,114534,116033,113784,115952
2010-12-29,115841,116010,115064,115165
2010-12-30,115165,115408,114449,114486
2010-12-31,114425,115556,114363,115259
2011-01-03,115231,116322,114739,115536
2011-01-04,115551,116491,112350,113200
2011-01-05,113110,114856,113106,114634
2011-01-06,114703,114890,113439,114250
2011-01-07,114258,114480,112650,113640
2011-01-10,113898,114443,113111,113715
2011-01-11,113649,115373,113612,114992
2011-01-12,114867,115474,114704,114971
2011-01-13,115090,115411,113410,113716
2011-01-14,113650,114832,112293,112910
2011-01-17,112678,113660,112004,112698
2011-01-18,112698,113432,112435,112962
2011-01-19,112927,113511,112135,112370
2011-01-20,112285,112668,111183,111650
2011-01-21,111645,112012,110645,110815
2011-01-24,110749,112034,109999,110005
2011-01-25,110062,111384,108981,109601
2011-01-26,109539,110858,109033,110693
2011-01-27,110657,111617,108528,108637
2011-01-28,108758,110537,107775,109592
2011-01-31,109714,110714,108602,109275
2011-02-01,109274,109854,108180,108972
2011-02-02,108979,109497,108481,108987
2011-02-03,108937,110739,108322,110446
2011-02-04,110429,111219,109706,110814
2011-02-07,110715,111403,110466,111002
2011-02-08,111145,112451,110842,112230
2011-02-09,112284,112848,112008,112220
2011-02-10,112220,113676,112056,113346
2011-02-11,113412,114232,113109,113070
2011-02-14,113290,113936,112770,113453
2011-02-15,113373,115458,113269,114976
2011-02-16,114998,115666,114355,115035
2011-02-17,114979,115503,114765,115238
2011-02-18,115229,115825,115162,115170
2011-02-21,115377,117141,115391,116849
2011-02-22,116834,117460,115458,115600
2011-02-23,115686,116763,115379,116287
2011-02-24,116394,116693,113862,114817
2011-02-25,114780,115947,114615,115033
2011-02-28,115071,115967,114334,115377
2011-03-01,115408,117577,115220,117341
2011-03-02,117297,117724,116836,117456
2011-03-03,117413,117657,116129,116677
2011-03-04,116631,118056,116370,117537
2011-03-07,117821,118614,117276,117771
2011-03-08,117650,118646,117407,118086
2011-03-09,118014,118804,117856,118195
2011-03-10,118218,118716,116458,117212
2011-03-11,117132,117853,115442,115950
2011-03-14,115982,117743,115189,116429
2011-03-15,116515,116812,111674,112506
2011-03-16,112534,113593,109176,109215
2011-03-17,108670,111402,107939,110579
2011-03-18,110776,115997,110920,114361
2011-03-21,114673,116496,114594,115500
2011-03-22,115747,115855,115417,115705
2011-03-23,115747,116660,115179,116189
2011-03-24,116289,117109,115278,115700
2011-03-25,115774,116865,115800,116164
2011-03-28,116119,116672,115209,115904
2011-03-29,116002,117296,115510,116843
2011-03-30,116759,118872,116714,117998
2011-03-31,117984,119457,117836,118962
2011-04-01,119486,120762,119107,119999
2011-04-04,120107,120912,120088,120828
2011-04-05,120857,123831,120563,123585
2011-04-06,124442,124825,124493,124602
2011-04-07,124442,125020,123229,123759
2011-04-08,123869,125699,123694,124772
2011-04-11,124988,125730,123535,123799
2011-04-12,124146,124636,120915,121397
2011-04-13,121579,123083,121269,122054
2011-04-14,121998,123262,120721,122943
2011-04-15,123002,123840,122184,123377
2011-04-18,123403,123921,122435,123277
2011-04-19,122152,123839,122112,123270
2011-04-20,123396,124715,123173,123764
2011-04-21,123627,124159,122553,122952
2011-04-22,122969,124076,122899,123373
2011-04-25,123035,124814,122983,123160
2011-04-26,123406,123551,122023,122821
2011-04-27,122408,125689,122433,125440
2011-04-28,125485,125874,124388,125144
2011-04-29,125175,127348,124732,126980
2011-05-02,126828,128014,125287,125429
2011-05-03,125443,125713,123597,124302
2011-05-04,124694,125060,121251,122069
2011-05-05,122146,122517,117098,118026
2011-05-06,118089,120816,118059,120507
2011-05-09,120525,121992,120285,121419
2011-05-10,121476,122786,120919,122439
2011-05-11,122485,123606,120909,121502
2011-05-12,121705,122439,119574,121859
2011-05-13,121660,122281,119654,120688
2011-05-16,120759,121741,120234,120402
2011-05-17,120387,122353,119773,120896
2011-05-18,120926,122468,120703,122186
2011-05-19,122203,122563,121361,121715
2011-05-20,121789,123849,121496,123479
2011-05-23,123259,124517,122498,124233
2011-05-24,124210,125501,123637,124879
2011-05-25,125050,125563,124470,124933
2011-05-26,124956,125465,123008,123473
2011-05-27,123497,124759,123296,123954
2011-05-30,124079,124671,123970,124482
2011-05-31,124482,125925,124216,124999
2011-06-01,125059,125486,123796,124582
2011-06-02,124556,125366,122980,123885
2011-06-03,124029,124903,122586,123641
2011-06-06,123637,124651,123445,123530
2011-06-07,123598,123825,123666,123639
2011-06-08,123598,124195,122113,122790
2011-06-09,122775,124213,122577,123951
2011-06-10,124044,124355,122329,122866
2011-06-13,123003,123563,121176,121481
2011-06-14,121481,122890,121442,122438
2011-06-15,122637,124175,122288,123992
2011-06-16,123887,124040,122808,123200
2011-06-17,123142,123205,122132,122076
2011-06-20,123195,124004,123044,123596
2011-06-21,123596,124297,123399,123996
2011-06-22,124056,124917,123614,124785
2011-06-23,124769,125291,121945,122462
2011-06-24,122356,122898,120484,120627
2011-06-27,120549,121583,120503,120886
2011-06-28,121058,121938,120791,121631
2011-06-29,121646,122504,121367,122073
2011-06-30,122088,122250,120608,120733
2011-07-01,120733,121321,119817,119992
2011-07-04,120023,121007,120021,120765
2011-07-05,120720,123068,120637,122878
2011-07-06,122908,124100,122227,123605
2011-07-07,123636,124632,123365,124342
2011-07-08,124402,124667,123370,124336
2011-07-11,124256,125254,123972,124599
2011-07-12,124754,125010,122520,123541
2011-07-13,123780,125527,123852,124816
2011-07-14,124674,126033,124432,125575
2011-07-15,125560,126197,124855,125951
2011-07-18,125966,127187,125795,126733
2011-07-19,126749,127270,125136,125647
2011-07-20,125662,126345,124733,126072
2011-07-21,126120,126511,124326,124539
2011-07-22,124587,125986,124585,125416
2011-07-25,125109,127296,125024,126364
2011-07-26,126332,126857,125515,126088
2011-07-27,126153,126763,125659,125637
2011-07-28,125653,126055,124733,125574
2011-07-29,125590,125996,124482,124774
2011-08-01,125882,126294,123584,124950
2011-08-02,125225,128212,125000,128094
2011-08-03,128210,129176,127339,127940
2011-08-04,127924,133733,127764,130299
2011-08-05,130398,131607,129321,130464
2011-08-08,129838,133819,129576,133434
2011-08-09,133449,137058,132434,134590
2011-08-10,134590,138194,133392,137853
2011-08-11,137853,139328,133166,135709
2011-08-12,135692,136026,132171,133865
2011-08-15,134204,135826,132946,135640
2011-08-16,135570,137320,135333,137034
2011-08-17,137148,137529,136261,136937
2011-08-18,136972,140018,136715,139561
2011-08-19,139506,143581,139439,141711
2011-08-22,142151,146055,142209,145678
2011-08-23,145700,147058,139800,140279
2011-08-24,140316,142421,134716,134705
2011-08-25,134722,137586,131247,137079
2011-08-26,137065,140231,135232,140029
2011-08-29,140264,141057,136421,137339
2011-08-30,137332,141147,136927,140683
2011-08-31,140895,141055,138904,139683
2011-09-01,139774,141033,139435,140308
2011-09-02,140308,144763,140229,144612
2011-09-05,144714,146508,143883,146070
2011-09-06,146152,147820,142791,145300
2011-09-07,144566,145796,138662,140303
2011-09-08,140267,145026,139459,144734
2011-09-09,144790,146321,141609,144034
2011-09-12,143986,144451,139205,139983
2011-09-13,139838,141744,138336,140981
2011-09-14,140981,141912,138552,139496
2011-09-15,139638,140299,135890,137189
2011-09-16,137260,140113,135372,139018
2011-09-19,139336,140738,135376,136096
2011-09-20,136180,138616,135438,137840
2011-09-21,137876,138755,135995,136108
2011-09-22,136162,137161,131171,132440
2011-09-23,132388,133872,124502,126762
2011-09-26,126763,127719,117099,124243
2011-09-27,124226,128227,123422,126678
2011-09-28,126586,127655,122182,123104
2011-09-29,123069,125235,121024,123959
2011-09-30,123991,125896,123606,125055
2011-10-03,125194,127990,124791,127096
2011-10-04,126797,128649,122749,124794
2011-10-05,124523,126577,122501,125917
2011-10-06,125966,126896,125117,126481
2011-10-07,126489,127932,124807,125696
2011-10-10,125696,128695,125622,128406
2011-10-11,128384,129161,126849,127427
2011-10-12,127689,130462,127347,129542
2011-10-13,129475,130004,126975,128081
2011-10-14,128047,130098,127830,129626
2011-10-17,129415,131243,127912,128141
2011-10-18,128392,128883,124875,127049
2011-10-19,127384,127753,125790,126068
2011-10-20,126085,126447,123309,124406
2011-10-21,124325,125936,123870,125106
2011-10-24,124934,126558,124776,125714
2011-10-25,125714,129874,125178,129540
2011-10-26,129368,131630,128969,131384
2011-10-27,131074,132929,129266,132470
2011-10-28,132470,133124,131286,132033
2011-10-31,131728,136360,131653,133925
2011-11-01,133962,135120,131555,134612
2011-11-02,134645,136140,134275,135434
2011-11-03,135627,138030,134460,137592
2011-11-04,137575,137797,136668,137160
2011-11-07,137098,140445,136928,140119
2011-11-08,140065,140340,138113,138610
2011-11-09,138647,139856,137294,137769
2011-11-10,137653,138075,134831,136577
2011-11-11,136579,138131,135641,137910
2011-11-14,137963,138704,136491,137276
2011-11-15,137194,137577,135560,137169
2011-11-16,137197,137470,135065,135706
2011-11-17,135784,136152,131751,132136
2011-11-18,132430,133215,131738,132511
2011-11-21,132629,133070,128200,129280
2011-11-22,129149,131365,128582,130732
2011-11-23,130748,131817,129834,130933
2011-11-24,130752,131548,130137,130610
2011-11-25,130600,131818,129402,130558
2011-11-28,130235,134208,129873,133427
2011-11-29,133392,134118,132548,133582
2011-11-30,133440,136054,132635,135333
2011-12-01,135483,136411,134657,135623
2011-12-02,135454,137415,135313,136075
2011-12-05,136169,137018,133691,133784
2011-12-06,133863,134685,132457,134261
2011-12-07,134256,135403,133731,135236
2011-12-08,135236,135554,132130,132726
2011-12-09,132610,133950,132259,132589
2011-12-12,132831,133177,128933,129738
2011-12-13,129795,130371,126529,127124
2011-12-14,127209,128027,122115,122834
2011-12-15,122879,124133,121668,122334
2011-12-16,122244,124658,122147,124230
2011-12-19,124319,125279,123495,124341
2011-12-20,124237,125915,124099,125679
2011-12-21,125689,127626,125129,126012
2011-12-22,126051,126301,124884,125312
2011-12-23,125517,126167,125105,125316
2011-12-26,125601,126031,124603,125107
2011-12-27,125107,125854,123686,123956
2011-12-28,123927,124539,120741,120927
2011-12-29,121235,121717,118435,119957
2011-12-30,119954,122025,119885,120303
2012-01-02,120691,120914,120061,120317
2012-01-03,120349,123310,120037,122939
2012-01-04,122872,124185,122111,123605
2012-01-05,123552,125505,123064,125161
2012-01-06,125022,125825,124038,124414
2012-01-09,124330,124920,123462,123643
2012-01-10,123765,126063,123532,125284
2012-01-11,125408,126734,124842,126194
2012-01-12,126085,127553,126092,126608
2012-01-13,126618,126761,125145,126033
2012-01-16,126423,126539,125435,126125
2012-01-17,126212,127971,125817,126803
2012-01-18,126862,127714,126193,127512
2012-01-19,127418,128184,127067,127836
2012-01-20,127794,128411,126844,128196
2012-01-23,127548,129420,127590,129057
2012-01-24,129114,129895,128635,129339
2012-01-25,129362,133145,128910,133015
2012-01-26,132973,134262,132247,133272
2012-01-27,133200,133565,131674,133237
2012-01-30,133174,133536,131641,131925
2012-01-31,131878,133400,131757,132549
2012-02-01,132480,133429,131874,132748
2012-02-02,132887,134261,132517,134073
2012-02-03,134089,134520,131903,131989
2012-02-06,132196,133317,131189,131642
2012-02-07,131553,134628,131377,134040
2012-02-08,133963,135080,132861,133510
2012-02-09,133488,135446,133160,134316
2012-02-10,134447,134773,132437,133476
2012-02-13,133322,134669,133187,133550
2012-02-14,133592,135368,133039,134832
2012-02-15,134795,136225,134721,135448
2012-02-16,135449,136531,134516,136314
2012-02-17,136341,137703,136118,136860
2012-02-20,137218,138529,137180,137969
2012-02-21,138040,140343,137862,140168
2012-02-22,140192,143134,140062,142673
2012-02-23,142468,143381,141873,142251
2012-02-24,142362,143828,142082,143568
2012-02-27,144739,145216,141783,142271
2012-02-28,142379,144093,141450,143644
2012-02-29,143540,144251,137179,137521
2012-03-01,137569,139997,137514,139099
2012-03-02,139267,140494,139104,140015
2012-03-05,139989,140231,137608,139063
2012-03-06,139056,139312,134282,135311
2012-03-07,135372,137087,134760,136671
2012-03-08,136602,139089,136483,138758
2012-03-09,138598,141493,138112,141139
2012-03-12,140810,141396,139188,139912
2012-03-13,139832,140685,137958,138848
2012-03-14,138820,139955,136793,137345
2012-03-15,137427,138842,136544,138404
2012-03-16,138437,139214,137481,138464
2012-03-19,137851,139041,137347,138557
2012-03-20,138411,138892,137437,137950
2012-03-21,138091,139292,137417,137535
2012-03-22,137589,138040,134757,135601
2012-03-23,135768,137527,135706,136777
2012-03-26,136977,140370,136265,139947
2012-03-27,140178,141434,139608,139662
2012-03-28,139763,140454,137024,137661
2012-03-29,137806,138023,135395,136840
2012-03-30,136906,138315,135962,138118
2012-04-02,137635,137744,137660,137602
2012-04-03,137635,138444,135973,136143
2012-04-04,136225,136638,132968,133482
2012-04-05,133459,134568,132630,134218
2012-04-06,134295,134812,133316,133693
2012-04-09,132928,134440,132772,133756
2012-04-10,133744,135275,132060,133867
2012-04-11,134021,134120,134037,134005
2012-04-12,134021,135843,133665,135405
2012-04-13,135422,136112,133622,134147
2012-04-16,134146,134328,132158,132805
2012-04-17,132739,133833,131851,133345
2012-04-18,133337,134689,133075,133305
2012-04-19,133354,134749,133051,133987
2012-04-20,134026,134649,133790,133896
2012-04-23,133894,134125,131556,132835
2012-04-24,132894,133965,132180,133446
2012-04-25,133456,134030,132395,133602
2012-04-26,133688,134435,133037,134063
2012-04-27,134306,134797,133195,133314
2012-04-30,133418,133866,131724,132728
2012-05-01,132760,133571,132421,132924
2012-05-02,133039,133495,132021,132463
2012-05-03,132376,132748,131065,131134
2012-05-04,131174,131747,130378,131098
2012-05-07,130953,131309,130331,130792
2012-05-08,130884,131186,127245,128127
2012-05-09,128214,128395,125713,126505
2012-05-10,126679,128054,126290,127333
2012-05-11,127291,127532,125613,126229
2012-05-14,126185,127074,124109,124290
2012-05-15,124283,125110,123643,123778
2012-05-16,123806,124826,122793,123505
2012-05-17,123525,125661,123544,124675
2012-05-18,124790,126726,124247,125768
2012-05-21,126039,126889,125698,126123
2012-05-22,126257,127146,124764,125309
2012-05-23,125354,125526,121703,123942
2012-05-24,124043,125387,123224,123875
2012-05-25,123974,125441,123660,125277
2012-05-28,125349,125798,124870,124977
2012-05-29,124957,125857,123025,123627
2012-05-30,123617,124077,120909,123510
2012-05-31,123515,123943,121813,122124
2012-06-01,122438,127434,120643,126784
2012-06-04,126911,127308,125975,126629
2012-06-05,126764,127572,126084,127299
2012-06-06,127294,129935,127237,128304
2012-06-07,128133,129723,125665,126436
2012-06-08,126592,126950,123961,126647
2012-06-11,126791,128046,125722,126710
2012-06-12,126623,128571,125895,127983
2012-06-13,128020,129173,127807,128449
2012-06-14,128412,129104,127583,128795
2012-06-15,128794,129159,127413,127970
2012-06-18,128449,129207,127105,128742
2012-06-19,128770,129059,127670,127650
2012-06-20,127695,129021,126407,127605
2012-06-21,127547,128079,125372,125566
2012-06-22,125562,126578,125146,126352
2012-06-25,126438,126915,124934,126149
2012-06-26,126109,126545,124533,124906
2012-06-27,124957,126156,124488,125423
2012-06-28,125432,125629,122883,123266
2012-06-29,123145,128369,122961,127488
2012-07-02,127584,127892,126432,126845
2012-07-03,126904,129715,126718,128898
2012-07-04,129065,129417,128483,128952
2012-07-05,128984,129645,127752,127996
2012-07-06,128202,128592,125530,126014
2012-07-09,126062,126904,125310,126250
2012-07-10,126202,127127,124263,124221
2012-07-11,124475,126076,124277,125678
2012-07-12,125619,125818,123265,124612
2012-07-13,124493,126553,124206,125773
2012-07-16,126026,126295,124768,125281
2012-07-17,125371,126415,124309,124998
2012-07-18,125159,125444,123803,123897
2012-07-19,123881,125051,123829,124231
2012-07-20,124274,124883,123626,124165
2012-07-23,124197,124372,122318,123433
2012-07-24,123478,124050,122563,123536
2012-07-25,123496,125973,123326,125302
2012-07-26,125343,126826,125037,126339
2012-07-27,126323,127899,126145,127294
2012-07-30,127360,127881,126186,126707
2012-07-31,126657,127386,125900,126045
2012-08-01,125998,126600,124631,125452
2012-08-02,125345,126321,123981,124233
2012-08-03,124365,126335,123946,125707
2012-08-06,126012,126351,125680,125944
2012-08-07,125981,127134,125556,126627
2012-08-08,126583,126876,125642,126401
2012-08-09,126341,127311,126135,126983
2012-08-10,127022,127281,125747,126728
2012-08-13,126810,127331,125929,126031
2012-08-14,126083,127127,125711,125779
2012-08-15,125878,126794,125498,126520
2012-08-16,126579,128380,126570,127952
2012-08-17,128094,128729,127987,128520
2012-08-20,128601,128916,128029,128671
2012-08-21,128814,130325,128423,129739
2012-08-22,129917,130549,129195,130064
2012-08-23,129367,131434,129335,131081
2012-08-24,131404,131690,130502,131292
2012-08-27,131415,132167,130974,130974
2012-08-28,131056,131333,130148,130836
2012-08-29,130929,131260,130187,130303
2012-08-30,130379,130734,129665,130163
2012-08-31,130224,132658,129150,132488
2012-09-03,132484,132739,131873,132392
2012-09-04,132498,133262,132325,132858
2012-09-05,132928,133103,132259,132685
2012-09-06,132782,135002,132637,134112
2012-09-07,134235,136150,133265,135816
2012-09-10,135873,136216,134941,135031
2012-09-11,135056,135541,134537,134617
2012-09-12,134743,135966,134417,134706
2012-09-13,134806,137410,132924,136953
2012-09-14,136909,139016,136799,138820
2012-09-17,138703,139933,138158,138617
2012-09-18,138670,139762,137744,139536
2012-09-19,138821,139017,138638,138704
2012-09-20,138821,139035,137281,138152
2012-09-21,138221,139861,138195,138516
2012-09-24,139335,139397,136954,137280
2012-09-25,137348,138329,136746,136898
2012-09-26,136988,137307,135232,136184
2012-09-27,136234,138298,136084,137853
2012-09-28,138010,138578,137647,137966
2012-10-01,138212,139840,137351,138162
2012-10-02,138927,139456,138227,138649
2012-10-03,138809,139883,138413,139615
2012-10-04,139564,141149,139506,140365
2012-10-05,140687,141059,139603,140067
2012-10-08,140125,140170,138076,138951
2012-10-09,139010,139586,137680,137979
2012-10-10,138054,138539,137609,137748
2012-10-11,137877,139306,137275,138434
2012-10-12,138665,139033,137365,137512
2012-10-15,137613,137748,136161,136652
2012-10-16,136631,137985,136567,137801
2012-10-17,137875,138319,137206,138056
2012-10-18,138230,138737,137703,138007
2012-10-19,137996,138410,136016,136329
2012-10-22,136409,138322,135836,138221
2012-10-23,138234,138353,135947,136225
2012-10-24,136466,137024,135537,135741
2012-10-25,135846,137909,135755,137373
2012-10-26,137560,137746,135797,136209
2012-10-29,136260,136950,135891,136314
2012-10-30,136472,136953,135531,136044
2012-10-31,136067,137954,136048,137222
2012-11-01,137275,138245,137147,137383
2012-11-02,137425,137825,134711,134964
2012-11-05,134904,135531,134297,135171
2012-11-06,135270,138281,134789,137839
2012-11-07,137920,139153,136092,137229
2012-11-08,137256,137835,136785,137537
2012-11-09,137589,138271,136692,137608
2012-11-12,137626,138193,137092,137312
2012-11-13,137387,137740,136418,136915
2012-11-14,136996,139045,136904,138387
2012-11-15,138540,140493,138142,139216
2012-11-16,139289,139721,138361,139165
2012-11-19,139537,141076,139399,140924
2012-11-20,140949,141606,140603,141145
2012-11-21,141214,142786,140674,142648
2012-11-22,142686,143337,142434,142474
2012-11-23,142541,144561,142084,144388
2012-11-26,144351,144652,143202,143419
2012-11-27,143466,144102,142876,143096
2012-11-28,143119,143274,139574,140823
2012-11-29,141144,142284,140994,141618
2012-11-30,141681,143235,140879,141385
2012-12-03,141300,142038,140831,141057
2012-12-04,141062,141205,138351,138895
2012-12-05,138987,140554,138517,139512
2012-12-06,139698,140279,138836,139942
2012-12-07,139990,141054,139130,140554
2012-12-10,140659,141303,140348,140963
2012-12-11,141046,141412,140483,141110
2012-12-12,141183,143232,140975,142380
2012-12-13,142511,142561,141022,141764
2012-12-14,141988,142543,141322,141491
2012-12-17,142999,143050,141321,142305
2012-12-18,142395,143138,139857,140735
2012-12-19,140652,141501,140447,140776
2012-12-20,140698,140826,137985,139024
2012-12-21,139070,139966,137393,139539
2012-12-24,139865,140945,139497,140596
2012-12-25,140712,141227,140352,140573
2012-12-26,140725,142390,140321,142062
2012-12-27,142121,143397,141642,143176
2012-12-28,143270,144111,142282,142413
2012-12-31,142052,145641,141969,145151
2013-01-01,145319,145427,144334,144982
2013-01-02,145202,147824,144587,147026
2013-01-03,147181,147473,144940,145187
2013-01-04,145041,146287,143562,146022
2013-01-07,145962,146538,144128,144583
2013-01-08,144617,145085,143856,144475
2013-01-09,144375,146129,144120,145470
2013-01-10,145672,148461,145566,148191
2013-01-11,148516,149595,147447,148303
2013-01-14,148411,149589,148328,149013
2013-01-15,149123,149777,148143,148874
2013-01-16,149078,149464,147330,148488
2013-01-17,148485,152199,147895,151651
2013-01-18,151720,152649,151295,151726
2013-01-21,151886,152437,150859,151468
2013-01-22,151530,152391,149523,150080
2013-01-23,150089,150407,148991,149527
2013-01-24,149434,151018,148846,150744
2013-01-25,150806,151870,150476,150767
2013-01-28,151036,151451,149778,150288
2013-01-29,150182,151165,149731,150867
2013-01-30,150970,153431,150800,152662
2013-01-31,152801,152940,151265,152241
2013-02-01,152286,155080,152258,154677
2013-02-04,154728,155431,154005,154462
2013-02-05,154531,157003,154044,156408
2013-02-06,156601,157328,156148,156873
2013-02-07,156963,157517,155610,156288
2013-02-08,156476,157060,153956,154640
2013-02-11,154644,155314,153368,154908
2013-02-12,155407,155604,153400,154331
2013-02-13,154300,154668,153243,153432
2013-02-14,153523,154162,151665,151732
2013-02-15,151730,152567,149556,150451
2013-02-18,150855,152387,150782,151217
2013-02-19,151313,151640,149644,150040
2013-02-20,150102,150847,146228,146471
2013-02-21,146342,147509,145509,146631
2013-02-22,146675,148093,145857,147529
2013-02-25,149553,149943,145090,145736
2013-02-26,146695,148713,145152,148311
2013-02-27,148311,148977,146363,147176
2013-02-28,147243,148130,145438,146227
2013-03-01,146266,147930,145143,147325
2013-03-04,147582,148376,146454,147059
2013-03-05,147067,147792,146786,146903
2013-03-06,146997,149063,146586,148757
2013-03-07,149002,149952,148456,149603
2013-03-08,149767,152231,149520,151541
2013-03-11,151534,152378,151276,152309
2013-03-12,152314,153870,151440,152960
2013-03-13,152939,153668,151991,152500
2013-03-14,152587,153401,151586,152729
2013-03-15,152836,153359,151557,151639
2013-03-18,150662,153425,150487,152656
2013-03-19,152849,153698,152626,153234
2013-03-20,153539,154520,152781,154141
2013-03-21,154232,154438,152829,153163
2013-03-22,153478,153753,151638,151936
2013-03-25,151994,153076,150223,151069
2013-03-26,151253,151557,150283,151049
2013-03-27,151093,151862,150081,151598
2013-03-28,151558,151708,149834,150295
2013-03-29,150389,151324,150011,150468
2013-04-01,151220,151252,148867,149115
2013-04-02,149035,149360,147044,147177
2013-04-03,147137,147728,143960,144958
2013-04-04,145013,149817,143272,149612
2013-04-05,149702,154531,148671,154215
2013-04-08,155621,156438,154972,156270
2013-04-09,156560,157616,155284,156908
2013-04-10,157197,157781,155234,155442
2013-04-11,155524,156402,154494,155626
2013-04-12,155721,155866,145335,145396
2013-04-15,145386,147545,129323,130233
2013-04-16,130555,137212,128012,133458
2013-04-17,133803,136504,133209,135208
2013-04-18,135215,138078,130917,136544
2013-04-19,136593,140878,136022,139683
2013-04-22,140175,143560,140044,141535
2013-04-23,141713,141859,139029,140415
2013-04-24,140487,142689,140338,142398
2013-04-25,142407,146041,141953,145713
2013-04-26,145772,147454,141626,143369
2013-04-29,143306,144816,142890,144284
2013-04-30,144542,144717,142499,143825
2013-05-01,143840,143906,140091,141941
2013-05-02,141846,144367,140946,143697
2013-05-03,143681,146228,143526,145573
2013-05-06,145854,146770,145544,146004
2013-05-07,145980,146225,142607,143709
2013-05-08,143757,146028,143136,145792
2013-05-09,145704,147830,144405,146618
2013-05-10,146783,147860,144536,147026
2013-05-13,147399,147561,145014,145550
2013-05-14,145552,146727,144544,145779
2013-05-15,145873,146264,142201,142356
2013-05-16,142466,143039,140242,141668
2013-05-17,141722,142433,139901,140316
2013-05-20,139067,143094,137735,142529
2013-05-21,142596,143676,139847,140955
2013-05-22,141133,145462,139632,141084
2013-05-23,141247,142113,139169,141754
2013-05-24,140393,140393,140393,140315
2013-05-27,140400,141210,139572,140864
2013-05-28,140985,142910,140489,141076
2013-05-29,141230,142166,139813,140804
2013-05-30,140862,143220,140117,142399
2013-05-31,142485,143705,139033,139278
2013-06-03,139473,140616,139182,140316
2013-06-04,140384,141253,139343,139899
2013-06-05,140025,141172,138596,138885
2013-06-06,139173,139406,136220,137217
2013-06-07,137739,138068,133920,134971
2013-06-10,135437,137389,135062,136990
2013-06-11,137130,137405,131900,132349
2013-06-12,132642,133870,132165,133256
2013-06-13,133120,133315,129561,132223
2013-06-14,132555,132790,130418,130790
2013-06-17,130983,132021,130570,130849
2013-06-18,131104,131699,129789,130487
2013-06-19,130498,132053,129605,130132
2013-06-20,130266,130932,124093,124328
2013-06-21,124339,127335,123374,126900
2013-06-24,127050,128130,124719,125332
2013-06-25,125210,126278,124107,124833
2013-06-26,125142,125545,119338,119665
2013-06-27,119980,121941,117786,118035
2013-06-28,118181,122573,116421,122229
2013-07-01,122589,125729,121853,124779
2013-07-02,124873,126582,124503,124945
2013-07-03,125039,125801,124066,125144
2013-07-04,125186,125815,124318,125019
2013-07-05,125124,125439,121947,123775
2013-07-08,123990,125323,123092,124751
2013-07-09,124875,127643,124481,126399
2013-07-10,126377,126627,124967,126001
2013-07-11,126065,128273,125611,127243
2013-07-12,127277,127823,126017,127414
2013-07-15,127636,128707,127563,128111
2013-07-16,128138,128867,127365,128062
2013-07-17,128155,129261,126756,126954
2013-07-18,127077,129645,126922,128915
2013-07-19,129159,130496,128778,130403
2013-07-22,130133,133218,130042,132953
2013-07-23,133016,134095,132287,133931
2013-07-24,134103,134588,131856,132393
2013-07-25,132461,132798,130849,132386
2013-07-26,132359,132902,128805,130996
2013-07-29,131087,131321,129551,129912
2013-07-30,130032,130830,129254,130011
2013-07-31,130069,131264,128210,129375
2013-08-01,129400,131218,129385,130240
2013-08-02,130185,130638,127683,129747
2013-08-05,129890,130395,127879,128014
2013-08-06,128120,128299,125236,125232
2013-08-07,125325,125443,123600,124022
2013-08-08,124081,127104,123781,126851
2013-08-09,126812,127491,125890,126407
2013-08-12,126690,129898,126603,129463
2013-08-13,129745,131069,129272,129727
2013-08-14,129844,131223,129228,130930
2013-08-15,130930,133791,129516,132908
2013-08-16,132835,134737,132222,134167
2013-08-19,134358,134941,133188,133271
2013-08-20,133395,133950,131564,133304
2013-08-21,133422,134908,132520,133376
2013-08-22,133424,136249,132517,135796
2013-08-23,135900,138177,135538,137904
2013-08-26,137768,138991,137046,138305
2013-08-27,138306,138547,137077,137298
2013-08-28,137472,139565,137301,138282
2013-08-29,138623,139319,137311,138329
2013-08-30,138452,138722,136627,136987
2013-09-02,137336,138655,135732,138523
2013-09-03,138647,140821,137874,140554
2013-09-04,140665,140951,138018,138750
2013-09-05,138818,139714,136655,136814
2013-09-06,137018,138000,135353,137835
2013-09-09,138696,139158,137483,138023
2013-09-10,138246,138552,136208,136811
2013-09-11,137005,137438,135979,136326
2013-09-12,136614,136712,131318,131371
2013-09-13,131425,132678,129735,131751
2013-09-16,131015,132079,129246,130085
2013-09-17,130172,131346,129515,129755
2013-09-18,129852,134250,128211,133758
2013-09-19,133928,136773,133497,135711
2013-09-20,135715,136076,131624,131572
2013-09-23,131563,132090,130261,130570
2013-09-24,130622,131483,128936,130591
2013-09-25,130673,132052,129842,131222
2013-09-26,131326,132510,130605,130931
2013-09-27,130994,132295,130301,131220
2013-09-30,130540,131517,129273,130412
2013-10-01,130478,131274,125792,126050
2013-10-02,126106,128906,125216,128046
2013-10-03,128099,128620,127195,128018
2013-10-04,128101,128582,126861,127750
2013-10-07,127552,128759,126851,127913
2013-10-08,127718,129110,127694,127664
2013-10-09,127779,128685,125970,127178
2013-10-10,127289,128206,126004,126217
2013-10-11,126445,127451,124083,125442
2013-10-14,125113,126680,124717,125500
2013-10-15,125602,126570,123446,125671
2013-10-16,125801,126742,125376,126586
2013-10-17,126609,129700,125380,129109
2013-10-18,129159,129909,128305,128549
2013-10-21,128805,129927,128530,129137
2013-10-22,129161,132003,128884,131407
2013-10-23,131525,131744,129328,129747
2013-10-24,129685,131693,129542,130979
2013-10-25,131125,132095,130007,131659
2013-10-28,132091,133011,131369,132023
2013-10-29,132049,132841,130733,131971
2013-10-30,131991,133533,131464,132196
2013-10-31,132252,132318,129652,130020
2013-11-01,130216,130431,128935,129725
2013-11-04,129931,130524,129432,129635
2013-11-05,129628,129868,128624,129187
2013-11-06,129239,130391,128887,130062
2013-11-07,130156,130972,127602,128114
2013-11-08,128225,128954,126920,127675
2013-11-11,127911,127950,126771,127267
2013-11-12,127292,128144,125661,126415
2013-11-13,126350,127221,126039,126586
2013-11-14,126909,129336,126861,128635
2013-11-15,128731,129474,128505,129096
2013-11-18,129411,129463,126998,127255
2013-11-19,127410,127988,126577,127609
2013-11-20,127697,127845,124190,124404
2013-11-21,124314,126119,124240,125469
2013-11-22,125692,126414,125573,125814
2013-11-25,125962,127401,124911,126805
2013-11-26,127314,127602,125556,125729
2013-11-27,125841,127709,125760,126491
2013-11-28,126432,127396,126163,127177
2013-11-29,127270,128563,126826,128191
2013-12-02,128346,128402,125393,125421
2013-12-03,125604,126471,124453,125183
2013-12-04,125456,127648,124235,127064
2013-12-05,127258,127361,124354,124641
2013-12-06,124663,127589,123951,126262
2013-12-09,126677,128391,126311,128137
2013-12-10,128171,130301,127813,129629
2013-12-11,129596,130010,128179,128345
2013-12-12,128236,129283,126091,126721
2013-12-13,126498,127917,123027,127630
2013-12-16,127206,128835,126450,127751
2013-12-17,127810,128587,126007,126241
2013-12-18,126252,128865,126075,126902
2013-12-19,127051,127717,123772,123864
2013-12-20,124068,125630,123552,125046
2013-12-23,125115,125472,124011,124686
2013-12-24,124799,125751,124626,125502
2013-12-25,125698,125919,125517,125667
2013-12-26,125747,127421,125625,126839
2013-12-27,126894,127972,126765,127654
2013-12-30,127605,128160,125599,125698
2013-12-31,125767,127411,124351,126949
2014-01-01,126987,127126,126846,126857
2014-01-02,126921,129388,126807,128231
2014-01-03,128271,129721,128030,129592
2014-01-06,129778,130692,128757,128911
2014-01-07,128998,130171,128135,128791
2014-01-08,128844,129197,127725,128272
2014-01-09,128501,129333,128118,128707
2014-01-10,128706,130239,128333,129666
2014-01-13,129854,130441,128401,129039
2014-01-14,129168,130103,128835,129655
2014-01-15,129804,129980,128838,129772
2014-01-16,129837,130257,129324,129536
2014-01-17,129568,130894,129261,130669
2014-01-20,130700,131378,130219,130532
2014-01-21,130646,131265,129155,129457
2014-01-22,129476,130001,129097,129162
2014-01-23,129270,131061,128731,130179
2014-01-24,130557,130823,129010,129610
2014-01-27,129750,130556,128511,128744
2014-01-28,128982,129723,128470,129066
2014-01-29,129406,129987,128598,129707
2014-01-30,129631,129825,127191,127584
2014-01-31,127740,128354,126597,126968
2014-02-03,126921,128268,126688,126712
2014-02-04,126953,127688,126491,127449
2014-02-05,127584,128511,126961,127414
2014-02-06,127632,128511,127338,128328
2014-02-07,128450,129832,128042,129628
2014-02-10,129930,130556,129598,130240
2014-02-11,130327,132711,130074,132373
2014-02-12,132595,132953,131555,132291
2014-02-13,132360,133234,131268,132962
2014-02-14,133104,134549,132576,134170
2014-02-17,134046,135607,133980,135426
2014-02-18,135476,136074,134424,135334
2014-02-19,135299,135490,133803,134018
2014-02-20,134205,135632,133345,135309
2014-02-21,135339,136302,134863,135624
2014-02-24,135857,137260,134896,136865
2014-02-25,137010,137368,136279,136939
2014-02-26,137012,137708,135296,136067
2014-02-27,136236,136358,135306,135866
2014-02-28,136001,136122,134723,134932
2014-03-03,134651,137412,134612,136916
2014-03-04,137022,137546,135609,136431
2014-03-05,136487,137407,136211,136832
2014-03-06,136836,139463,136449,139085
2014-03-07,139304,139440,137671,138396
2014-03-10,138066,138852,137008,138322
2014-03-11,138328,139754,138048,138877
2014-03-12,139011,140803,138433,140375
2014-03-13,140475,141344,139284,139375
2014-03-14,139616,140660,138940,140015
2014-03-17,140062,141083,138563,139049
2014-03-18,139118,139377,137129,137452
2014-03-19,137534,137862,135833,135996
2014-03-20,136065,136593,135225,135894
2014-03-21,135984,137385,135592,136404
2014-03-24,136417,136599,133718,133753
2014-03-25,133819,134818,133729,134013
2014-03-26,134095,134787,132507,133041
2014-03-27,133110,133436,131684,131870
2014-03-28,131952,133278,131725,133124
2014-03-31,133056,133879,132177,132433
2014-04-01,132528,133167,132088,132493
2014-04-02,132554,134354,132524,133882
2014-04-03,133985,134576,133197,133659
2014-04-04,133718,135315,133392,134562
2014-04-07,134563,134864,133562,133660
2014-04-08,133749,134863,132940,133150
2014-04-09,133219,134100,132658,133702
2014-04-10,133803,134723,133534,133823
2014-04-11,133907,134553,133525,133927
2014-04-14,134008,135599,133864,135161
2014-04-15,135210,135329,131508,132701
2014-04-16,132796,133671,132228,133090
2014-04-17,133156,133321,132256,132541
2014-04-18,132595,132832,132425,132575
2014-04-21,132679,133476,131569,132285
2014-04-22,132339,132594,131102,131656
2014-04-23,131734,132125,131040,131576
2014-04-24,131657,132693,129999,132237
2014-04-25,132319,133264,132026,133044
2014-04-28,133172,133469,132417,132834
2014-04-29,132929,133599,132049,132932
2014-04-30,133006,133112,131580,132002
2014-05-01,132043,132241,130703,131337
2014-05-02,131436,133472,131151,132741
2014-05-05,132838,134235,132760,133764
2014-05-06,133829,134098,132512,132933
2014-05-07,133015,133505,130914,131400
2014-05-08,131468,131772,130729,131017
2014-05-09,131069,131636,130803,131218
2014-05-12,131267,132942,130375,132273
2014-05-13,132338,132766,131876,132218
2014-05-14,132294,133304,132009,132996
2014-05-15,133093,133252,131220,131596
2014-05-16,131644,131772,130781,131215
2014-05-19,131302,132052,130924,131227
2014-05-20,131258,131562,130406,131094
2014-05-21,131153,131308,130197,130905
2014-05-22,130939,132531,130828,131585
2014-05-23,131671,131922,131219,131762
2014-05-26,131834,131962,131608,131772
2014-05-27,131823,131918,128936,128936
2014-05-28,128996,129240,127815,128086
2014-05-29,128142,128318,127101,127777
2014-05-30,127814,128123,126436,127154
2014-06-02,127387,127731,126527,127280
2014-06-03,127335,127891,127063,127570
2014-06-04,127614,128129,127577,127734
2014-06-05,127818,128996,127283,128303
2014-06-06,128393,128750,127746,128364
2014-06-09,128414,128833,128307,128359
2014-06-10,128404,129212,128149,128910
2014-06-11,128945,129248,128344,128662
2014-06-12,128735,129888,128518,129501
2014-06-13,129552,130401,129378,130271
2014-06-16,130352,130839,129404,129487
2014-06-17,129524,129962,128528,129748
2014-06-18,129796,130337,129434,130166
2014-06-19,130240,134782,130077,134506
2014-06-20,134607,134838,133214,134137
2014-06-23,134230,134380,133399,134258
2014-06-24,134324,135140,133842,134386
2014-06-25,134441,134831,133549,134323
2014-06-26,134394,134457,132936,133916
2014-06-27,133955,134066,133128,133288
2014-06-30,133385,134675,132836,134425
2014-07-01,134484,135189,134245,134616
2014-07-02,134668,135599,134326,134993
2014-07-03,135067,135176,133720,134775
2014-07-04,134840,135098,134565,134724
2014-07-07,134689,134815,133628,134366
2014-07-08,134450,134717,133356,133956
2014-07-09,134003,135329,133726,134890
2014-07-10,134964,136321,134073,135316
2014-07-11,135363,135749,135108,135640
2014-07-14,135714,135805,132352,132649
2014-07-15,132705,133471,131391,131538
2014-07-16,131586,132623,131477,132049
2014-07-17,132083,134089,131837,133356
2014-07-18,133448,133995,132294,132775
2014-07-21,132901,133637,132410,133019
2014-07-22,133037,133534,132209,132456
2014-07-23,132532,132970,132204,132346
2014-07-24,132397,132564,131104,131589
2014-07-25,131647,133324,131304,133099
2014-07-28,133149,133338,132496,132801
2014-07-29,132833,133755,132350,132559
2014-07-30,132667,133499,132381,133110
2014-07-31,133181,133470,131673,131808
2014-08-01,131848,133193,131525,132751
2014-08-04,132703,133034,131842,132112
2014-08-05,132168,132754,131922,132156
2014-08-06,132219,134125,131812,133299
2014-08-07,133363,134148,133193,133961
2014-08-08,134033,134448,133189,133560
2014-08-11,133613,134003,133281,133660
2014-08-12,133719,134748,133521,133835
2014-08-13,133922,134658,133662,134402
2014-08-14,134487,135066,134081,134514
2014-08-15,134567,134966,132717,133496
2014-08-18,133368,133617,132770,133147
2014-08-19,133182,133750,133035,133289
2014-08-20,133333,134138,133191,133972
2014-08-21,134053,134173,132193,132521
2014-08-22,132606,133290,132517,133089
2014-08-25,133765,133816,132529,132804
2014-08-26,132863,134247,132617,133348
2014-08-27,133420,133839,133144,133176
2014-08-28,133264,134621,133206,133725
2014-08-29,133785,134112,133305,133900
2014-09-01,133980,134419,133739,134334
2014-09-02,134368,134608,132750,132923
2014-09-03,132962,133565,132547,132973
2014-09-04,133026,134082,132507,132769
2014-09-05,132773,133614,132447,133276
2014-09-08,133304,133716,132170,133066
2014-09-09,133115,133641,132717,133282
2014-09-10,133339,134040,132857,133504
2014-09-11,133531,133666,132104,132858
2014-09-12,132913,132995,131721,131928
2014-09-15,131780,132843,131487,132150
2014-09-16,132193,132940,132011,132321
2014-09-17,132386,133351,132217,132508
2014-09-18,132581,133483,131936,133128
2014-09-19,133133,134227,132248,132479
2014-09-22,132622,132911,131731,132209
2014-09-23,132245,133939,131959,133160
2014-09-24,133220,133272,132334,132629
2014-09-25,132689,133071,131888,132809
2014-09-26,132853,134207,132435,133065
2014-09-29,133215,133866,132974,133038
2014-09-30,133112,133641,132169,132429
2014-10-01,132468,133363,132120,132114
2014-10-02,132194,132757,131206,131654
2014-10-03,131704,132166,130693,130723
2014-10-06,130751,131737,129909,131297
2014-10-07,131336,131640,130516,130563
2014-10-08,130616,132358,130499,131954
2014-10-09,131976,132743,131852,131983
2014-10-10,132034,132244,131538,131629
2014-10-13,131650,132858,131392,131978
2014-10-14,132062,132517,131682,131932
2014-10-15,131983,132183,131003,131509
2014-10-16,131568,132085,130691,131683
2014-10-17,131721,132470,131463,132289
2014-10-20,132455,133522,132243,133310
2014-10-21,133356,133879,132723,133552
2014-10-22,133630,133898,132900,132966
2014-10-23,132994,133569,132595,133324
2014-10-24,133381,133616,132706,133066
2014-10-27,133170,133459,132050,132190
2014-10-28,132224,133152,131939,132832
2014-10-29,132880,133110,131465,131916
2014-10-30,131999,132605,130338,130851
2014-10-31,130924,132232,130021,131717
2014-11-03,132058,133642,131021,132879
2014-11-04,132925,133096,132158,132664
2014-11-05,132729,132935,130267,130690
2014-11-06,130746,131804,130678,131489
2014-11-07,131558,135081,130661,134836
2014-11-10,134958,135100,131776,132190
2014-11-11,132250,135326,132166,134739
2014-11-12,134803,135076,133802,134218
2014-11-13,134284,135130,133627,134525
2014-11-14,134588,138818,133675,138146
2014-11-17,138402,138718,137202,138378
2014-11-18,138423,140765,137955,139835
2014-11-19,139905,141469,138386,139476
2014-11-20,139528,141674,139146,141054
2014-11-21,141113,142423,140027,141495
2014-11-24,141525,142218,140940,141498
2014-11-25,141595,142204,140700,141629
2014-11-26,141676,141805,140643,140985
2014-11-27,141046,141139,139242,140126
2014-11-28,140193,140730,138321,138423
2014-12-01,138642,144327,135909,143472
2014-12-02,143525,143566,141644,142800
2014-12-03,142861,145384,142467,144813
2014-12-04,144880,145403,144066,144324
2014-12-05,144359,145835,143918,144703
2014-12-08,144795,145516,143925,145179
2014-12-09,145260,147396,143941,147302
2014-12-10,147363,147553,144426,144425
2014-12-11,144526,147017,144251,145625
2014-12-12,145673,146202,144515,145145
2014-12-15,145540,145565,140167,140477
2014-12-16,140561,141460,138963,139266
2014-12-17,139337,141493,138967,141087
2014-12-18,141139,143840,141026,142281
2014-12-19,142409,143445,142191,142854
2014-12-22,141243,141260,141243,141158
2014-12-23,141205,142396,140923,141884
2014-12-24,141989,142327,141267,141359
2014-12-25,141449,141461,140851,140890
2014-12-26,140974,144296,140896,143956
2014-12-29,144002,144320,142261,142681
2014-12-30,142790,144225,141368,143370
2014-12-31,143448,143882,141457,141665
2015-01-01,141725,141797,141430,141520
2015-01-02,141601,143621,140981,143154
2015-01-05,143297,144507,142392,144046
2015-01-06,144130,144838,143246,144235
2015-01-07,144306,145386,144129,144412
2015-01-08,144418,145478,144296,144633
2015-01-09,144669,145284,144021,144884
2015-01-12,144871,146239,144499,145847
2015-01-13,145968,147272,144354,145077
2015-01-14,145117,145391,143057,144092
2015-01-15,144214,148218,143985,146606
2015-01-16,146671,150648,146105,150506
2015-01-19,150642,150687,149191,150076
2015-01-20,150152,153955,150125,153750
2015-01-21,153872,153929,151130,152448
2015-01-22,152565,154826,150396,154208
2015-01-23,154310,154728,151158,152356
2015-01-26,152457,152927,150779,151729
2015-01-27,151789,152807,150627,152300
2015-01-28,152318,152670,150671,150897
2015-01-29,150982,151557,148302,148617
2015-01-30,148750,150934,148074,150732
2015-02-02,150800,150917,148958,149791
2015-02-03,149890,150982,147526,148089
2015-02-04,148203,149420,147939,148768
2015-02-05,148883,149424,147565,148580
2015-02-06,148643,148975,146298,146717
2015-02-09,147104,147645,146579,146905
2015-02-10,147007,147968,146797,147281
2015-02-11,147320,148365,146418,146817
2015-02-12,146847,147277,144953,145445
2015-02-13,145508,146664,145356,145893
2015-02-16,145847,146713,145129,145848
2015-02-17,145905,146125,143269,144211
2015-02-18,144267,144487,142664,143985
2015-02-19,144043,145490,143407,143492
2015-02-20,143546,144085,142534,142961
2015-02-23,143068,143932,142006,142744
2015-02-24,142798,143611,142020,142764
2015-02-25,142828,144102,142743,143071
2015-02-26,143210,145096,143032,144379
2015-02-27,144448,145956,143715,144942
2015-03-02,145153,146660,144700,144943
2015-03-03,144986,145317,143347,144047
2015-03-04,144110,144748,143419,143574
2015-03-05,143661,145276,143601,143907
2015-03-06,143951,144224,140562,141012
2015-03-09,141065,142336,140931,141364
2015-03-10,141418,142319,140392,140660
2015-03-11,140727,141463,139280,140263
2015-03-12,140325,141476,139374,139890
2015-03-13,139945,141198,139669,140411
2015-03-16,140755,141132,139531,140003
2015-03-17,140129,140566,138574,139492
2015-03-18,139555,141390,138804,140193
2015-03-19,140253,141889,140044,141409
2015-03-20,141510,142894,141053,141891
2015-03-23,141992,142831,141484,142376
2015-03-24,142426,143056,141870,142868
2015-03-25,142898,143391,141959,142797
2015-03-26,142862,144583,142512,143552
2015-03-27,143631,143837,142076,142718
2015-03-30,142891,143047,141781,142385
2015-03-31,142391,142848,141520,142126
2015-04-01,142178,144599,141778,144143
2015-04-02,144185,144402,143125,143860
2015-04-03,143933,144209,142577,143965
2015-04-06,144049,145743,143916,145163
2015-04-07,145177,146126,144660,145334
2015-04-08,145419,145602,143939,144354
2015-04-09,144462,144656,143399,143967
2015-04-10,144087,145484,143829,145048
2015-04-13,145226,145419,143889,143940
2015-04-14,144018,144129,141747,142311
2015-04-15,142413,143445,142071,143176
2015-04-16,143279,144259,142507,142580
2015-04-17,142632,143642,142476,143133
2015-04-20,143143,143469,142141,142480
2015-04-21,142522,144117,142424,143789
2015-04-22,143897,144058,142148,142279
2015-04-23,142368,143209,142076,142713
2015-04-24,142791,142902,139891,140245
2015-04-27,140352,143608,140134,143044
2015-04-28,143096,144574,142792,143987
2015-04-29,144053,144379,142870,143348
2015-04-30,143414,143597,140676,141293
2015-05-01,141524,141524,141524,141524
2015-05-04,141627,143360,141516,142685
2015-05-05,142763,144355,142406,142955
2015-05-06,142997,143580,141940,142289
2015-05-07,142420,142509,140702,141692
2015-05-08,141800,143011,141629,142328
2015-05-11,142192,142986,141513,142077
2015-05-12,142175,143679,142012,143037
2015-05-13,143133,145308,142739,144805
2015-05-14,144894,146267,144484,145398
2015-05-15,145516,146322,145007,145953
2015-05-18,145892,147487,145825,146967
2015-05-19,147033,147165,145430,145715
2015-05-20,145788,147098,145618,146774
2015-05-21,146770,146949,145642,145896
2015-05-22,146005,146995,145688,146493
2015-05-25,146581,146920,146203,146687
2015-05-26,146745,147188,145840,146022
2015-05-27,146109,147256,145973,146810
2015-05-28,146897,147877,146798,147247
2015-05-29,147315,147914,146915,147654
2015-06-01,147771,149660,146939,148315
2015-06-02,148389,148851,147682,147949
2015-06-03,148084,148539,146707,147137
2015-06-04,147243,147605,145997,146191
2015-06-05,146291,147520,146237,147089
2015-06-08,147210,147856,145961,146081
2015-06-09,146140,146917,146106,146234
2015-06-10,146351,146651,144737,145421
2015-06-11,145502,146387,145413,145787
2015-06-12,145872,146509,145428,145678
2015-06-15,145670,146995,144921,146377
2015-06-16,146438,146834,145158,145715
2015-06-17,145837,146914,145556,146149
2015-06-18,146266,148196,145959,147738
2015-06-19,147802,148270,147179,147114
2015-06-22,147465,147777,145712,146225
2015-06-23,146305,146932,145691,146026
2015-06-24,146076,146246,145256,145531
2015-06-25,145592,145836,144739,144891
2015-06-26,144922,145644,144363,145521
2015-06-29,144211,145920,143929,144489
2015-06-30,144561,144734,142727,143484
2015-07-01,143486,144376,143386,143895
2015-07-02,143968,144265,142467,143422
2015-07-03,143500,144052,143142,143397
2015-07-06,142577,143920,142180,143385
2015-07-07,143463,143624,140334,141648
2015-07-08,141748,141782,139570,139666
2015-07-09,139767,141818,139517,140585
2015-07-10,140645,143045,140618,142779
2015-07-13,142032,143033,142032,142857
2015-07-14,142941,143063,142134,142475
2015-07-15,142609,142897,141756,142208
2015-07-16,142263,142507,141791,142119
2015-07-17,142192,142360,140236,140671
2015-07-20,140725,140799,135148,136166
2015-07-21,136276,138029,136158,136351
2015-07-22,136406,136700,134642,135530
2015-07-23,135650,136909,134597,135054
2015-07-24,135143,136364,133539,135965
2015-07-27,135997,136413,134174,134736
2015-07-28,134884,135891,134486,135227
2015-07-29,135336,136306,134809,135855
2015-07-30,135919,136381,134389,135001
2015-07-31,135221,136402,134199,135742
2015-08-03,135888,136263,134523,134644
2015-08-04,134753,135775,134072,135201
2015-08-05,135263,135809,134850,135446
2015-08-06,135610,136394,135200,135868
2015-08-07,136194,136986,135318,135856
2015-08-10,135686,138221,135511,137608
2015-08-11,137680,139709,136564,138687
2015-08-12,138770,139771,137843,139619
2015-08-13,139675,140103,138559,138674
2015-08-14,138746,139301,138127,138526
2015-08-17,138606,139580,138406,138951
2015-08-18,139007,139427,138060,138982
2015-08-19,139049,140585,138733,140349
2015-08-20,140410,142592,140303,142097
2015-08-21,142176,143648,140951,141611
2015-08-24,141251,142100,135095,136694
2015-08-25,136764,138895,135200,135573
2015-08-26,135580,136456,133558,134876
2015-08-27,134946,136515,134679,136075
2015-08-28,136119,138230,135849,137941
2015-08-31,137975,138066,136527,137531
2015-09-01,137597,138176,135966,136058
2015-09-02,136141,137295,135918,136401
2015-09-03,136461,136836,134535,135069
2015-09-04,135132,135278,133113,133443
2015-09-07,133407,134335,132937,133475
2015-09-08,133526,134984,133295,134317
2015-09-09,134420,135541,133355,133415
2015-09-10,133501,134782,132565,133886
2015-09-11,133973,134554,132591,133485
2015-09-14,133536,133740,132538,133282
2015-09-15,133364,133782,132036,133047
2015-09-16,133095,135777,132650,134903
2015-09-17,134968,136403,134638,135715
2015-09-18,135803,136827,134666,136621
2015-09-21,136597,137090,136105,136573
2015-09-22,136654,136741,134398,135027
2015-09-23,135128,136547,134419,135910
2015-09-24,135953,138591,135752,138502
2015-09-25,138567,138898,137673,138133
2015-09-28,138186,138281,135561,135696
2015-09-29,135761,135979,134420,134901
2015-09-30,134977,135432,133169,133569
2015-10-01,133650,134223,133229,133490
2015-10-02,133553,136757,132678,136441
2015-10-05,136572,137375,135883,136747
2015-10-06,136817,138492,136703,137916
2015-10-07,137928,138581,137051,137407
2015-10-08,137473,137930,136367,136542
2015-10-09,136602,139540,136544,139022
2015-10-12,139210,140477,138721,139655
2015-10-13,139750,140011,137909,139869
2015-10-14,139941,141402,139065,140779
2015-10-15,140843,141227,139637,140588
2015-10-16,140665,141322,139962,140545
2015-10-19,140658,140670,139655,139828
2015-10-20,139917,141519,139488,140872
2015-10-21,140945,141455,139578,139922
2015-10-22,139965,141107,139451,140630
2015-10-23,140737,142679,140366,141375
2015-10-26,141417,141492,140557,140829
2015-10-27,140921,140961,139709,140475
2015-10-28,140535,142380,139449,139903
2015-10-29,139992,140470,138623,138750
2015-10-30,138808,139385,137339,137737
2015-11-02,137742,137771,136635,136805
2015-11-03,136882,137395,134856,135255
2015-11-04,135326,136307,134525,134594
2015-11-05,134699,135511,134260,134346
2015-11-06,134406,136241,133413,134133
2015-11-09,134256,135373,133908,134509
2015-11-10,134569,134946,133946,134153
2015-11-11,134187,134508,133195,133322
2015-11-12,133421,134040,132138,133005
2015-11-13,133069,133492,132535,132847
2015-11-16,132585,134607,132466,133293
2015-11-17,133374,133835,131594,132052
2015-11-18,132117,132500,131506,132313
2015-11-19,132388,133298,131777,132899
2015-11-20,133002,133597,132148,132420
2015-11-23,132367,132513,131086,131270
2015-11-24,131352,132480,131295,131746
2015-11-25,131817,132224,131209,131407
2015-11-26,131449,131814,131171,131366
2015-11-27,131480,131686,129190,129849
2015-11-30,129941,131626,129283,131001
2015-12-01,131077,132150,130711,131361
2015-12-02,131453,131729,129603,129791
2015-12-03,129844,130784,128979,130170
2015-12-04,130224,134008,129912,133827
2015-12-07,133945,134011,131986,132117
2015-12-08,132172,132477,131246,132078
2015-12-09,132138,132565,130020,130223
2015-12-10,130307,130948,129893,130247
2015-12-11,130318,130826,128763,129811
2015-12-14,130040,130505,128247,128285
2015-12-15,128355,129802,128147,128985
2015-12-16,129073,131392,128972,130975
2015-12-17,131033,131454,128539,128863
2015-12-18,128921,130075,127769,129176
2015-12-21,129266,131024,129010,130613
2015-12-22,130698,131022,129742,129766
2015-12-23,129835,130196,129113,129289
2015-12-24,129343,129762,128871,129467
2015-12-25,129622,129622,129142,129490
2015-12-28,129407,129689,128365,128663
2015-12-29,128737,129571,128450,128754
2015-12-30,128790,129222,127695,127840
2015-12-31,127957,128110,127289,127554
2016-01-01,127547,127547,127547,127547
2016-01-04,127607,129178,127127,128233
2016-01-05,128297,129028,128041,128212
2016-01-06,128280,129901,127337,129536
2016-01-07,129570,130889,128653,130461
2016-01-08,130490,130857,129259,129624
2016-01-11,129688,130290,128510,128776
2016-01-12,128882,129181,127642,127829
2016-01-13,127897,129105,127616,128604
2016-01-14,128677,128872,126607,127218
2016-01-15,127270,128237,126758,127397
2016-01-18,127362,128235,126916,127704
2016-01-19,127756,129082,127574,127774
2016-01-20,127832,129149,127073,128686
2016-01-21,128767,129768,128148,129559
2016-01-22,129640,130730,129105,130399
2016-01-25,130296,131479,130075,131123
2016-01-26,131198,133136,130820,132591
2016-01-27,132654,133865,131955,133451
2016-01-28,133527,133598,132198,132438
2016-01-29,132502,135860,132133,135268
2016-02-01,135367,136811,135333,136461
2016-02-02,136538,136720,134847,135365
2016-02-03,135440,135480,133763,134632
2016-02-04,134719,135330,134204,134882
2016-02-05,134933,137437,134155,137146
2016-02-08,137210,139103,136171,137714
2016-02-09,137767,137940,136431,136827
2016-02-10,136877,137177,135347,135676
2016-02-11,135739,141207,135218,140149
2016-02-12,140201,140643,138627,140103
2016-02-15,140184,140630,137529,138550
2016-02-16,138631,138721,136649,136820
2016-02-17,136872,138630,136733,137821
2016-02-18,137897,140462,136797,139301
2016-02-19,139365,139725,137770,138178
2016-02-22,138425,138546,136138,136461
2016-02-23,136488,137608,136139,137532
2016-02-24,137583,139480,136985,137875
2016-02-25,137931,140014,136683,139299
2016-02-26,139363,140122,138014,139320
2016-02-29,139199,139979,138267,139507
2016-03-01,139583,141154,138984,140407
2016-03-02,140495,141399,139549,140616
2016-03-03,140709,143990,140627,143799
2016-03-04,143862,145162,142545,143178
2016-03-07,143292,144668,142924,143703
2016-03-08,143817,144429,141856,141990
2016-03-09,142052,142470,140438,141801
2016-03-10,141864,144751,141231,143741
2016-03-11,143830,145070,142106,142123
2016-03-14,142295,143267,139950,140544
2016-03-15,140605,140811,138637,139425
2016-03-16,139449,142329,139270,142142
2016-03-17,142178,142501,139845,140060
2016-03-18,140135,140960,139168,139950
2016-03-21,139941,140135,138225,139174
2016-03-22,139231,140781,139074,140225
2016-03-23,140286,140390,137030,137045
2016-03-24,137130,138081,136884,137296
2016-03-25,137429,137916,137210,137468
2016-03-28,137590,138643,137300,138458
2016-03-29,138522,140254,138160,139925
2016-03-30,140017,140116,137540,137653
2016-03-31,137692,139172,137666,138668
2016-04-01,138765,138796,135851,136449
2016-04-04,136565,136602,135065,135215
2016-04-05,135305,136781,135021,135807
2016-04-06,135826,136207,133422,134135
2016-04-07,134208,134661,133280,134199
2016-04-08,134262,134950,133755,133958
2016-04-11,134044,136007,133734,135711
2016-04-12,135773,136870,135423,136266
2016-04-13,136327,136602,135465,135871
2016-04-14,135932,135975,133659,134198
2016-04-15,134277,135034,133567,134136
2016-04-18,133567,134880,132763,133961
2016-04-19,134011,137506,133931,136473
2016-04-20,136561,137608,135691,136618
2016-04-21,136724,139378,136452,136631
2016-04-22,136705,138803,136022,137703
2016-04-25,137487,138094,136725,137598
2016-04-26,137661,138604,136507,138300
2016-04-27,138408,139596,138033,138833
2016-04-28,138928,139079,135485,136838
2016-04-29,136913,138625,136374,137549
2016-05-02,137525,138930,137148,137372
2016-05-03,137452,137703,136213,137032
2016-05-04,137107,137834,136155,136865
2016-05-05,136913,137737,136105,137016
2016-05-06,137077,138435,136252,137977
2016-05-09,138039,138325,136684,136845
2016-05-10,136938,138734,136629,138311
2016-05-11,138374,139175,137905,138448
2016-05-12,138534,139452,137623,137692
2016-05-13,137740,139059,137677,138270
2016-05-16,138281,140173,137977,138820
2016-05-17,138883,139787,138750,139614
2016-05-18,139683,139929,138288,138595
2016-05-19,138658,138947,136833,137888
2016-05-20,137951,139084,137860,137885
2016-05-23,137890,138022,136092,136360
2016-05-24,136462,136769,134873,134890
2016-05-25,134964,135517,134360,134861
2016-05-26,134887,135387,133766,133868
2016-05-27,133930,134415,133040,133609
2016-05-30,133879,134579,133018,133910
2016-05-31,133964,135106,133952,134442
2016-06-01,134540,135177,132201,132794
2016-06-02,132905,133025,131378,131768
2016-06-03,131842,133392,131064,132508
2016-06-06,132470,134113,132315,133872
2016-06-07,133939,134215,132944,133453
2016-06-08,133539,135213,132996,134970
2016-06-09,135031,136160,133797,135858
2016-06-10,135920,136600,135148,136246
2016-06-13,136244,136848,134852,136362
2016-06-14,136450,136659,135139,136387
2016-06-15,136448,137290,135663,136858
2016-06-16,136918,137510,133272,133280
2016-06-17,133370,135493,133326,135144
2016-06-20,135515,136086,133613,134018
2016-06-21,134079,134398,132381,132804
2016-06-22,132864,133173,131877,132148
2016-06-23,132209,134187,131871,133220
2016-06-24,133294,136533,128853,134429
2016-06-27,134368,136494,133579,135075
2016-06-28,135123,135240,133576,134806
2016-06-29,134880,136277,134549,135556
2016-06-30,135616,136775,134602,136474
2016-07-01,136568,137929,135911,137559
2016-07-04,137619,139367,137295,138484
2016-07-05,138536,138549,136378,137874
2016-07-06,137968,138670,137429,138137
2016-07-07,138197,138564,136292,137040
2016-07-08,137115,137514,135580,137364
2016-07-11,137330,139761,137330,139265
2016-07-12,139327,140720,138808,139369
2016-07-13,139404,140471,138677,140259
2016-07-14,140321,140964,139498,140560
2016-07-15,140636,141538,139672,140205
2016-07-18,140976,141477,139821,141009
2016-07-19,141058,141821,140281,141310
2016-07-20,141373,141700,140050,140541
2016-07-21,140603,141379,139271,140794
2016-07-22,140850,141455,139822,140203
2016-07-25,140312,140812,138914,139090
2016-07-26,139193,139391,137227,138122
2016-07-27,138178,141292,138074,141171
2016-07-28,141221,141275,139690,140551
2016-07-29,140612,140719,137699,137818
2016-08-01,137895,138801,137729,138505
2016-08-02,138556,138866,137408,137520
2016-08-03,137589,138287,137240,137443
2016-08-04,137507,138079,136654,137713
2016-08-05,137779,138130,135840,135974
2016-08-08,135891,137230,135823,136754
2016-08-09,136804,136896,136022,136564
2016-08-10,136602,137461,135993,136337
2016-08-11,136398,137173,135861,136449
2016-08-12,136491,137305,134996,135293
2016-08-15,135156,135918,135083,135551
2016-08-16,135617,136112,134536,134960
2016-08-17,135025,135868,134429,135142
2016-08-18,135237,135778,134752,135026
2016-08-19,135078,135430,134123,134417
2016-08-22,134749,135406,133998,134281
2016-08-23,134351,134569,133882,134020
2016-08-24,134081,134515,132916,132961
2016-08-25,133009,133441,132552,132838
2016-08-26,132890,134793,132710,134482
2016-08-29,134558,135381,134106,134800
2016-08-30,134876,135787,134742,134936
2016-08-31,135005,135830,134919,135318
2016-09-01,135377,136194,134963,135602
2016-09-02,135643,137987,135390,137733
2016-09-05,137755,137987,136848,137169
2016-09-06,137254,138146,136829,137628
2016-09-07,137708,137877,136460,136801
2016-09-08,136872,137248,136413,137100
2016-09-09,137174,137788,136294,136335
2016-09-12,136395,136541,134328,135157
2016-09-13,135239,135833,134764,135221
2016-09-14,135276,136625,135179,135434
2016-09-15,135506,135794,134012,134204
2016-09-16,134231,134402,133383,133993
2016-09-19,133971,134578,133545,133843
2016-09-20,133901,134368,133481,133657
2016-09-21,133728,135508,132914,134033
2016-09-22,134133,135465,133464,134643
2016-09-23,134740,135387,134459,135030
2016-09-26,135125,135270,133937,134184
2016-09-27,134246,134940,132980,133277
2016-09-28,133327,133623,132635,132982
2016-09-29,133046,134593,132987,133351
2016-09-30,133380,134501,133183,133330
2016-10-03,133379,133942,132959,133256
2016-10-04,133355,134282,130130,130432
2016-10-05,130489,131715,130230,131035
2016-10-06,131109,131540,130010,130351
2016-10-07,130424,130693,128318,129292
2016-10-10,129688,130769,129368,130445
2016-10-11,130529,131134,129463,129658
2016-10-12,129713,130999,129537,130743
2016-10-13,130812,131236,129946,130377
2016-10-14,130461,131197,130132,130225
2016-10-17,130158,130929,130139,130465
2016-10-18,130482,131459,130150,131084
2016-10-19,131165,131589,130453,131253
2016-10-20,131321,132127,131170,131546
2016-10-21,131574,131901,131040,131437
2016-10-24,131552,132295,131182,131677
2016-10-25,131736,133153,131667,132750
2016-10-26,132798,133150,132214,132310
2016-10-27,132363,133832,132117,133506
2016-10-28,133554,134429,132940,133575
2016-10-31,133622,134125,133067,133872
2016-11-01,133902,135236,133644,134093
2016-11-02,134179,135106,133730,133901
2016-11-03,133960,134482,132649,134089
2016-11-04,134155,134609,133708,134438
2016-11-07,134527,136236,133628,133811
2016-11-08,133883,135158,133686,134076
2016-11-09,134142,136082,133398,135000
2016-11-10,135057,137057,133877,134470
2016-11-11,134530,134994,130030,130748
2016-11-14,130608,132773,130301,132336
2016-11-15,132408,134267,132115,134065
2016-11-16,134186,134628,133494,133462
2016-11-17,133500,134691,133139,133856
2016-11-18,133955,134328,133129,134047
2016-11-21,134072,134963,133788,134441
2016-11-22,134540,135246,134176,134678
2016-11-23,134729,134968,133177,133545
2016-11-24,133608,134494,133149,134045
2016-11-25,134201,134600,133315,133736
2016-11-28,133845,134310,133231,133444
2016-11-29,133579,134256,133246,133479
2016-11-30,133547,134515,133356,134255
2016-12-01,134287,134651,133021,133628
2016-12-02,133669,134058,133034,133634
2016-12-05,133622,134495,132595,133197
2016-12-06,133307,133874,132969,133326
2016-12-07,133412,134582,133183,133480
2016-12-08,133537,134031,133226,133420
2016-12-09,133495,134307,133248,133557
2016-12-12,133467,134252,133246,133647
2016-12-13,133723,134057,133111,133356
2016-12-14,133422,134532,133238,133737
2016-12-15,133794,134495,132765,133335
2016-12-16,133347,134289,133276,133782
2016-12-19,133696,133991,132932,133294
2016-12-20,133326,134023,132960,133342
2016-12-21,133446,133756,132826,132791
2016-12-22,132878,133298,132582,132527
2016-12-23,132661,133191,132545,132925
2016-12-26,132987,133095,132608,132706
2016-12-27,132774,134818,132742,133595
2016-12-28,133738,134563,133668,133739
2016-12-29,133860,135229,133378,134872
2016-12-30,134948,135834,134286,134571
2017-01-02,134829,135597,134461,135330
2017-01-03,135441,136762,134879,136409
2017-01-04,136474,137400,136024,136315
2017-01-05,136373,137045,136066,136044
2017-01-06,136119,137372,135865,137103
2017-01-09,137119,138096,137002,136973
2017-01-10,137038,137637,136599,137431
2017-01-11,137494,138414,136464,137493
2017-01-12,137558,137905,136780,137074
2017-01-13,137173,137630,136867,137098
2017-01-16,137204,137592,136653,137336
2017-01-17,137403,137853,136884,136997
2017-01-18,137048,138201,136975,137981
2017-01-19,138083,138672,137514,138333
2017-01-20,138385,138953,138090,138587
2017-01-23,138361,138584,137239,137216
2017-01-24,137297,137883,137071,137522
2017-01-25,137610,137839,135786,135908
2017-01-26,135970,136492,135576,136052
2017-01-27,136128,137215,135862,137061
2017-01-30,137147,137212,135699,135945
2017-01-31,135977,137095,135866,136470
2017-02-01,136533,137523,136316,136952
2017-02-02,137021,137552,136690,137103
2017-02-03,137153,137595,136363,137471
2017-02-06,137133,138185,136993,137995
2017-02-07,138072,138723,137699,138494
2017-02-08,138572,139147,138240,139026
2017-02-09,139066,139869,138631,139169
2017-02-10,139218,140029,138856,139678
2017-02-13,139856,140384,138971,139344
2017-02-14,139408,140565,139186,140332
2017-02-15,140372,140876,139810,140690
2017-02-16,140760,141056,140226,140238
2017-02-17,140351,140551,139386,139395
2017-02-20,139409,140227,139278,139981
2017-02-21,140054,140691,139452,140427
2017-02-22,140503,140643,139649,140127
2017-02-23,140215,141023,139899,140589
2017-02-24,140690,141535,140643,140961
2017-02-27,140910,141840,140719,141196
2017-02-28,141208,141445,139832,140709
2017-03-01,140786,142181,140606,142035
2017-03-02,142112,142453,140921,141169
2017-03-03,141233,141485,140065,140689
2017-03-06,140741,140890,139508,139510
2017-03-07,139587,139870,138428,138549
2017-03-08,138592,139021,138082,138090
2017-03-09,138146,138746,137773,137949
2017-03-10,138037,138922,137867,138201
2017-03-13,138312,138854,137959,138261
2017-03-14,138353,138736,137338,137484
2017-03-15,137582,138542,136641,138188
2017-03-16,138304,139756,138145,138951
2017-03-17,139006,139338,138357,138480
2017-03-20,138531,139174,138384,138791
2017-03-21,138869,139544,138258,139023
2017-03-22,139085,139316,138393,138805
2017-03-23,138847,139069,138100,138061
2017-03-24,138154,138904,138038,138447
2017-03-27,138383,139140,137799,138719
2017-03-28,138807,139225,138488,139069
2017-03-29,139113,139280,138663,139004
2017-03-30,139079,139407,138497,139093
2017-03-31,139144,139360,138750,139082
2017-04-03,139147,139266,138668,138916
2017-04-04,138992,139223,138623,139006
2017-04-05,139133,139299,138552,138927
2017-04-06,139001,139088,138350,138644
2017-04-07,138719,140414,138435,139273
2017-04-10,139344,139862,138833,139118
2017-04-11,139206,139872,138847,139637
2017-04-12,139711,140361,139379,140196
2017-04-13,140272,140672,139854,140425
2017-04-14,140461,140682,139524,139584
2017-04-17,139723,140695,139428,139847
2017-04-18,139921,140299,139257,139756
2017-04-19,139830,140054,139085,139209
2017-04-20,139311,140201,139162,140075
2017-04-21,140139,140466,139635,140046
2017-04-24,141854,142079,139485,139951
2017-04-25,139983,140782,139890,140334
2017-04-26,140397,141268,140198,140858
2017-04-27,140935,141227,140460,140587
2017-04-28,140699,141499,140464,141381
2017-05-01,141152,141514,140257,140532
2017-05-02,140558,141027,140416,140710
2017-05-03,140754,140888,139275,139538
2017-05-04,139613,140143,137879,138018
2017-05-05,138074,138849,137710,138362
2017-05-08,138728,139163,138179,138810
2017-05-09,138885,139598,138665,139146
2017-05-10,139210,139495,138909,139284
2017-05-11,139343,139634,138960,139391
2017-05-12,139456,139996,139017,139207
2017-05-15,139116,140308,138993,139948
2017-05-16,140012,140501,139735,139849
2017-05-17,139913,140390,139559,139659
2017-05-18,139729,140243,138927,138978
2017-05-19,139041,139838,138878,139649
2017-05-22,139762,140338,139222,140207
2017-05-23,140296,140424,139822,139797
2017-05-24,139855,140533,139647,140261
2017-05-25,140311,140785,140172,140374
2017-05-26,140437,141252,139963,141003
2017-05-29,141054,141250,140801,140897
2017-05-30,140964,141067,139757,139946
2017-05-31,140015,140975,139731,140454
2017-06-01,140529,141315,140415,140874
2017-06-02,140949,141361,140209,141266
2017-06-05,141272,141878,141118,141284
2017-06-06,141373,141789,140872,141525
2017-06-07,141602,141725,140861,141273
2017-06-08,141362,141560,140236,140473
2017-06-09,140675,140831,139596,139732
2017-06-12,139785,139997,138777,139051
2017-06-13,139162,139574,138780,139318
2017-06-14,139388,139880,137901,138163
2017-06-15,138201,139262,137840,139025
2017-06-16,139101,139971,138865,138907
2017-06-19,138946,139388,138597,138607
2017-06-20,138651,139368,138437,138511
2017-06-21,138548,139114,138316,138747
2017-06-22,138834,139505,138740,139168
2017-06-23,139231,140129,139071,139799
2017-06-26,139673,139983,138135,139123
2017-06-27,139217,140337,138919,140085
2017-06-28,140118,140731,139906,140205
2017-06-29,140282,140740,139267,139688
2017-06-30,139745,139837,139065,139449
2017-07-03,139227,139668,138188,138328
2017-07-04,138382,138821,138203,138585
2017-07-05,138658,139022,138249,138908
2017-07-06,138970,139070,138408,138643
2017-07-07,138711,139454,137818,138114
2017-07-10,138241,138671,137545,138426
2017-07-11,138490,138826,138186,138653
2017-07-12,138715,138799,137776,137998
2017-07-13,138087,138471,137847,137890
2017-07-14,137941,138515,137540,138240
2017-07-17,138328,139256,138176,138960
2017-07-18,139010,139423,138573,139180
2017-07-19,139256,139385,138533,138896
2017-07-20,138973,139434,138523,139218
2017-07-21,139299,139610,138916,139397
2017-07-24,139388,139700,138865,139402
2017-07-25,139452,140008,139157,139688
2017-07-26,139750,140437,139167,140139
2017-07-27,140203,140968,139880,139976
2017-07-28,140101,140761,139618,140399
2017-07-31,140437,140662,139881,139912
2017-08-01,139974,140459,139676,139984
2017-08-02,140059,140601,139823,140190
2017-08-03,140254,140343,139390,139535
2017-08-04,139609,140340,139076,139225
2017-08-07,139233,139608,139167,139209
2017-08-08,139290,139785,138553,139004
2017-08-09,139056,140671,138785,140563
2017-08-10,140627,141080,140264,140469
2017-08-11,140520,140941,139984,140699
2017-08-14,140582,141151,140314,140517
2017-08-15,140547,140973,140330,140691
2017-08-16,140780,141458,140584,141329
2017-08-17,141391,141875,140942,141071
2017-08-18,141134,141594,140236,140185
2017-08-21,140467,140871,140087,140689
2017-08-22,140823,141026,140345,140711
2017-08-23,140768,141026,140428,140601
2017-08-24,140736,141002,140447,140890
2017-08-25,140930,141769,140282,141161
2017-08-28,141001,143375,140956,143050
2017-08-29,143177,143887,142489,143683
2017-08-30,143725,144537,143472,144221
2017-08-31,144323,145596,143759,145323
2017-09-01,145395,146322,144709,146034
2017-09-04,144945,146882,144826,146399
2017-09-05,146467,146483,145192,145614
2017-09-06,145726,146136,145237,145673
2017-09-07,145735,146475,145458,146264
2017-09-08,146328,146460,144939,145173
2017-09-11,145721,146004,144592,145152
2017-09-12,145229,146834,144733,146623
2017-09-13,146767,146960,145977,146023
2017-09-14,146130,147007,145852,146529
2017-09-15,146593,147457,145746,146222
2017-09-18,146327,146766,145585,145768
2017-09-19,145879,146372,145621,146301
2017-09-20,146319,146591,145668,145944
2017-09-21,145995,146363,144763,145187
2017-09-22,145250,145460,144818,145222
2017-09-25,145287,146461,144901,146370
2017-09-26,146435,146559,145140,145158
2017-09-27,145234,145893,144496,144491
2017-09-28,144556,144983,144412,144559
2017-09-29,144622,145068,143850,143856
2017-10-02,144009,144162,143201,143274
2017-10-03,143313,143836,143220,143363
2017-10-04,143479,144122,143404,143666
2017-10-05,143729,144060,142947,143004
2017-10-06,143055,143849,142901,143637
2017-10-09,143802,144767,143447,144622
2017-10-10,144687,145302,144534,144762
2017-10-11,144825,145433,144408,145258
2017-10-12,145334,145652,144925,145165
2017-10-13,145269,145923,144439,145858
2017-10-16,146140,146140,144907,145161
2017-10-17,145263,145414,144029,144148
2017-10-18,144211,144839,144106,144625
2017-10-19,144689,145206,144278,145096
2017-10-20,145147,145625,144996,145317
2017-10-23,145599,145907,144803,145368
2017-10-24,145431,145878,145132,145361
2017-10-25,145445,145811,144870,145234
2017-10-26,145306,145572,144248,144369
2017-10-27,144431,144958,144259,144655
2017-10-30,144825,144997,144231,144376
2017-10-31,144453,144608,143869,144434
2017-11-01,144496,146084,144260,145434
2017-11-02,145512,145977,145333,145509
2017-11-03,145585,145798,144614,144806
2017-11-06,144705,146053,144693,145699
2017-11-07,145775,146116,145108,145343
2017-11-08,145387,146300,145131,145861
2017-11-09,145926,146182,145486,145739
2017-11-10,145815,145968,144599,144871
2017-11-13,144861,145427,144595,145205
2017-11-14,145253,145575,144353,145203
2017-11-15,145234,145409,144122,144220
2017-11-16,144282,144845,144194,144498
2017-11-17,144535,145248,144226,145056
2017-11-20,145093,145229,143519,143751
2017-11-21,143800,144353,143540,143860
2017-11-22,144002,144231,143551,143645
2017-11-23,143709,143888,143226,143548
2017-11-24,143613,144100,143350,143632
2017-11-27,143567,144175,143451,143745
2017-11-28,143797,144319,143703,144209
2017-11-29,144262,144663,143482,143627
2017-11-30,143661,144149,142947,143398
2017-12-01,143462,144051,143257,143509
2017-12-04,144049,144651,143373,143398
2017-12-05,143449,143807,142278,142478
2017-12-06,142543,142638,141777,141811
2017-12-07,141866,142172,140715,140953
2017-12-08,141023,141842,140905,141596
2017-12-11,141646,141984,140839,141004
2017-12-12,141081,141376,140546,141204
2017-12-13,141269,141587,140339,141263
2017-12-14,141312,141887,140598,140728
2017-12-15,140825,141666,140679,141296
2017-12-18,141386,142152,141137,141937
2017-12-19,141995,142611,141907,142377
2017-12-20,142427,143644,142368,143435
2017-12-21,143499,143900,143294,143495
2017-12-22,143547,144590,143367,144362
2017-12-25,144477,144541,144377,144378
2017-12-26,144454,145359,144260,145210
2017-12-27,145275,146048,145078,145844
2017-12-28,145919,146245,145484,146125
2017-12-29,146174,147311,145857,146747
2018-01-01,146751,146791,146725,146708
2018-01-02,146751,148100,146654,147897
2018-01-03,147959,148459,147151,147679
2018-01-04,147743,149526,147165,149077
2018-01-05,149128,149649,148737,149218
2018-01-08,149270,149566,148847,149267
2018-01-09,149337,149489,147406,147834
2018-01-10,147900,147939,146579,146679
2018-01-11,146751,147697,146603,147063
2018-01-12,147140,148750,147039,148596
2018-01-15,148650,148905,147839,148059
2018-01-16,148141,148822,147408,147779
2018-01-17,147843,148472,147452,147503
2018-01-18,147602,148176,147247,147362
2018-01-19,147438,147984,147205,147467
2018-01-22,147370,148164,147197,147913
2018-01-23,147975,148652,147119,147902
2018-01-24,147951,148458,147264,148306
2018-01-25,148375,148768,147006,147485
2018-01-26,147511,148233,146536,146719
2018-01-29,146727,146966,145965,145994
2018-01-30,146043,146378,145021,145555
2018-01-31,145612,147042,145423,146817
2018-02-01,146860,147666,146488,147507
2018-02-02,147579,148308,146429,146741
2018-02-05,146761,147277,145861,146061
2018-02-06,146114,146683,144485,145062
2018-02-07,145119,145588,143406,144125
2018-02-08,144221,144379,143160,143387
2018-02-09,143439,144021,142075,143183
2018-02-12,143258,144323,142967,143641
2018-02-13,143708,144051,142468,143299
2018-02-14,143348,145163,141732,144453
2018-02-15,144503,144560,143451,143566
2018-02-16,143642,144318,143013,143268
2018-02-19,143324,143781,143130,143503
2018-02-20,143558,143874,142501,142640
2018-02-21,142689,143555,142470,142694
2018-02-22,142761,142824,141568,142131
2018-02-23,142194,142295,141531,142030
2018-02-26,142137,142961,141921,142538
2018-02-27,142585,143031,141167,141470
2018-02-28,141531,141685,140481,140563
2018-03-01,140620,140738,139049,139865
2018-03-02,139901,140009,139057,139793
2018-03-05,139751,140254,139381,140176
2018-03-06,140236,141891,140093,141582
2018-03-07,141644,141752,140214,140549
2018-03-08,140612,140943,139901,140319
2018-03-09,140450,141571,140344,141325
2018-03-12,141392,141556,140145,140731
2018-03-13,140785,141869,140663,141301
2018-03-14,141361,141622,140500,140831
2018-03-15,140881,140927,139546,139915
2018-03-16,139977,140077,138992,139139
2018-03-19,139225,139818,138252,139661
2018-03-20,139715,140210,139098,139641
2018-03-21,139683,141669,139453,141224
2018-03-22,141277,141361,139784,139860
2018-03-23,139906,142016,139322,141033
2018-03-26,141102,142763,140866,142613
2018-03-27,142662,143340,141553,141596
2018-03-28,141659,142325,141088,141529
2018-03-29,141579,141789,140505,140900
2018-03-30,141013,141179,140596,140688
2018-04-02,140788,142283,140729,141981
2018-04-03,142043,142475,141594,142026
2018-04-04,142093,143290,141798,142320
2018-04-05,142368,142607,141647,142389
2018-04-06,142452,142995,141885,142499
2018-04-09,142552,143020,142188,142604
2018-04-10,142664,143881,142473,143538
2018-04-11,143654,145755,143456,144464
2018-04-12,144518,144633,143028,143270
2018-04-13,143334,144796,143249,144360
2018-04-16,144469,144847,143843,144121
2018-04-17,144168,144453,143336,144106
2018-04-18,144167,145310,144035,144645
2018-04-19,144694,145444,144065,144419
2018-04-20,144484,144710,143596,143683
2018-04-23,143707,144115,143276,143919
2018-04-24,144035,145236,143922,144748
2018-04-25,144798,145003,144040,144743
2018-04-26,144799,144983,143784,143910
2018-04-27,143974,144532,143719,144126
2018-04-30,144205,144549,143332,143763
2018-05-01,143828,143867,142879,143200
2018-05-02,143255,144034,143195,143269
2018-05-03,143318,143983,143103,143161
2018-05-04,143280,143526,142485,143441
2018-05-07,143505,143733,143188,143322
2018-05-08,143383,143611,142603,143379
2018-05-09,143436,144549,143150,144023
2018-05-10,144071,144808,143962,144492
2018-05-11,144567,144930,144102,144128
2018-05-14,144206,144829,143923,143907
2018-05-15,143958,144327,142260,142376
2018-05-16,142419,142827,141678,142414
2018-05-17,142523,143093,142207,142880
2018-05-18,143004,143282,142685,143021
2018-05-21,143112,143644,142736,143496
2018-05-22,143552,143777,142928,143137
2018-05-23,143214,143532,141661,142321
2018-05-24,142423,142768,141547,142500
2018-05-25,142564,143093,142219,142322
2018-05-28,142611,142969,141717,141981
2018-05-29,142039,142138,140837,141153
2018-05-30,141270,142242,140903,141682
2018-05-31,141738,142203,141189,141181
2018-06-01,141215,142244,141195,141594
2018-06-04,141606,142162,141436,141828
2018-06-05,141888,142485,141620,142287
2018-06-06,142388,143151,142296,142780
2018-06-07,142897,143415,142119,142158
2018-06-08,142260,142497,141639,142170
2018-06-11,142181,143197,141843,142997
2018-06-12,143062,143423,142743,142979
2018-06-13,143043,143781,142979,143340
2018-06-14,143404,144236,142948,144008
2018-06-15,144058,144354,141035,141534
2018-06-18,141646,141811,141102,141260
2018-06-19,141317,141479,139576,140226
2018-06-20,140302,140593,139881,139870
2018-06-21,139934,140311,139193,139324
2018-06-22,139385,139990,139189,139483
2018-06-25,139507,139851,138361,138846
2018-06-26,138963,139053,137511,138513
2018-06-27,138570,138865,137705,137991
2018-06-28,138042,138235,137641,137862
2018-06-29,137913,139144,137671,138574
2018-07-02,138714,139056,137358,137679
2018-07-03,137735,139012,137144,138494
2018-07-04,138568,139209,138436,138747
2018-07-05,138862,139349,138353,139073
2018-07-06,139140,139304,138476,138526
2018-07-09,138683,139859,138438,139361
2018-07-10,139425,140043,138832,139305
2018-07-11,139371,139473,138426,139077
2018-07-12,139141,140431,139011,140324
2018-07-13,140385,140630,139268,139439
2018-07-16,139491,140089,139095,139246
2018-07-17,139337,139931,138336,138493
2018-07-18,138550,138878,137896,138390
2018-07-19,138518,138604,136969,137459
2018-07-20,137523,137965,136618,137162
2018-07-23,137348,137348,136226,136285
2018-07-24,136353,136570,135580,136113
2018-07-25,136176,137020,136114,136622
2018-07-26,136679,136920,135798,135941
2018-07-27,135992,136191,135298,135786
2018-07-30,135844,135990,135391,135638
2018-07-31,135681,137361,135318,136851
2018-08-01,136916,137214,135687,135782
2018-08-02,135858,136340,134772,134787
2018-08-03,134864,135682,134609,134950
2018-08-06,134934,135599,134386,134360
2018-08-07,134459,135264,134381,134829
2018-08-08,134889,135279,134073,134629
2018-08-09,134692,135201,134318,134614
2018-08-10,134674,134944,133609,134307
2018-08-13,134382,134385,131863,132104
2018-08-14,132130,133008,131881,132660
2018-08-15,132711,132923,129843,130028
2018-08-16,130112,131062,128305,130124
2018-08-17,130203,131066,129683,130859
2018-08-20,130941,131684,130650,130990
2018-08-21,131041,131974,130869,131859
2018-08-22,131938,132527,131563,132107
2018-08-23,132164,132500,131483,131858
2018-08-24,131907,134456,131782,134093
2018-08-27,134164,134647,133649,134516
2018-08-28,134563,134919,133408,133494
2018-08-29,133551,134887,133494,134660
2018-08-30,134769,134929,133097,133110
2018-08-31,133169,134144,132972,133327
2018-09-03,133423,133685,132717,133328
2018-09-04,133400,133626,132448,132721
2018-09-05,132782,133870,132683,133411
2018-09-06,133468,134306,132584,132863
2018-09-07,132923,133440,132345,132745
2018-09-10,132704,133165,132203,132824
2018-09-11,132892,133855,132275,133671
2018-09-12,133772,134439,132863,134106
2018-09-13,134207,135306,134029,134382
2018-09-14,134471,135194,133637,133698
2018-09-17,133642,134892,133543,134293
2018-09-18,134368,135106,133786,134540
2018-09-19,134653,135500,134534,135126
2018-09-20,135190,135890,134815,135736
2018-09-21,135835,136666,134311,134970
2018-09-24,135033,135600,134409,135177
2018-09-25,135237,135835,135039,135663
2018-09-26,135715,135866,134566,134594
2018-09-27,134669,135200,133727,134039
2018-09-28,134100,135640,133854,135471
2018-10-01,135535,135817,134980,135294
2018-10-02,135396,137297,135229,136697
2018-10-03,136739,137539,136666,137083
2018-10-04,137141,137455,136198,136608
2018-10-05,136660,137250,136281,136720
2018-10-08,136771,137081,133707,134474
2018-10-09,134524,135061,133958,134305
2018-10-10,134380,134765,133722,134091
2018-10-11,134144,137549,133592,137254
2018-10-12,137327,137463,136318,136595
2018-10-15,136530,137823,136530,137078
2018-10-16,137141,138277,137096,137397
2018-10-17,137448,137947,136932,137609
2018-10-18,137688,138001,137056,137422
2018-10-19,137542,138427,137418,137958
2018-10-22,137949,138418,137458,137789
2018-10-23,137892,139135,137594,138320
2018-10-24,138362,138920,138057,138373
2018-10-25,138442,138845,138105,138432
2018-10-26,138491,138742,137807,137955
2018-10-29,138057,138552,137445,138075
2018-10-30,138161,138522,137609,138270
2018-10-31,138381,138461,137056,137095
2018-11-01,137191,139401,137083,138924
2018-11-02,139005,139730,138789,139492
2018-11-05,139539,139819,138962,139318
2018-11-06,139420,139916,138825,139042
2018-11-07,139139,139722,138950,139143
2018-11-08,139239,139664,138706,139468
2018-11-09,139558,139600,137309,137632
2018-11-12,137688,138132,136529,136585
2018-11-13,136677,137422,136511,136769
2018-11-14,136815,138028,136362,137553
2018-11-15,137589,138104,136961,137818
2018-11-16,137894,138269,137497,137794
2018-11-19,137823,137997,137355,137684
2018-11-20,137786,138095,137189,137743
2018-11-21,137770,139004,137497,138561
2018-11-22,138620,138894,138468,138531
2018-11-23,138634,138805,137636,138062
2018-11-26,138159,139138,138054,138776
2018-11-27,138832,139185,137907,138190
2018-11-28,138254,139263,137868,138778
2018-11-29,138830,139284,138574,138801
2018-11-30,138903,139040,138167,138635
2018-12-03,138663,140292,138663,139837
2018-12-04,139889,140174,139500,139634
2018-12-05,139680,140212,139410,139993
2018-12-06,140044,140128,139187,139373
2018-12-07,139462,140892,139386,140648
2018-12-10,140674,141143,140201,140952
2018-12-11,141042,141331,140659,140819
2018-12-12,140883,141462,140819,141039
2018-12-13,141102,141467,140805,141077
2018-12-14,141146,141235,140043,140366
2018-12-17,140314,140771,140130,140514
2018-12-18,140578,140732,140063,140534
2018-12-19,140599,141225,139395,139751
2018-12-20,139807,140942,139329,140145
2018-12-21,140197,140482,139577,139671
2018-12-24,139348,140520,139172,140079
2018-12-25,140176,140201,139598,139876
2018-12-26,139992,141246,139744,141030
2018-12-27,141105,141677,140481,141412
2018-12-28,141476,141683,140762,141207
2018-12-31,141440,141440,140211,140475
2019-01-01,140543,140832,140543,140667
2019-01-02,140665,140791,139717,139764
2019-01-03,139864,139915,134841,139278
2019-01-04,139403,140481,138509,139430
2019-01-07,139472,140284,139239,140049
2019-01-08,140162,140239,139154,139723
2019-01-09,139791,140095,139387,139793
2019-01-10,139884,140032,139331,139428
2019-01-11,139491,140357,139407,139745
2019-01-14,139709,140157,139394,139613
2019-01-15,139674,140572,139635,140101
2019-01-16,140181,141249,139714,141079
2019-01-17,141127,141281,140372,141038
2019-01-18,141137,141406,140167,140597
2019-01-21,140639,140893,139975,140313
2019-01-22,140396,140702,139764,140504
2019-01-23,140567,141063,140433,140531
2019-01-24,140595,140787,140013,140374
2019-01-25,140474,142788,140277,142746
2019-01-28,142729,142851,141853,142459
2019-01-29,142544,143604,142200,143364
2019-01-30,143489,144097,143282,143795
2019-01-31,143908,144084,143326,143855
2019-02-01,143948,144529,143342,144287
2019-02-04,144328,144729,143887,144098
2019-02-05,144199,144709,144117,144590
2019-02-06,144634,144687,143593,143621
2019-02-07,143682,144062,143110,143819
2019-02-08,143879,144506,143522,144171
2019-02-11,144324,144658,143891,144298
2019-02-12,144390,145274,144308,144788
2019-02-13,144830,146078,144703,144933
2019-02-14,144993,145515,144685,144920
2019-02-15,145004,146065,144618,145892
2019-02-18,145937,146878,145864,146672
2019-02-19,146782,148457,146293,148307
2019-02-20,148422,149367,148112,148285
2019-02-21,148388,148619,146357,146457
2019-02-22,146507,147497,146401,146951
2019-02-25,146954,147675,146787,147384
2019-02-26,147433,147499,146667,146910
2019-02-27,146973,147058,146114,146429
2019-02-28,146496,147028,145965,146248
2019-03-01,146325,146885,144470,144723
2019-03-04,144583,145287,143628,143750
2019-03-05,143772,144344,143522,144065
2019-03-06,144087,144362,143413,143688
2019-03-07,143736,144035,143215,143427
2019-03-08,143448,144532,143206,144274
2019-03-11,144284,144448,143511,143808
2019-03-12,143843,144955,143815,144890
2019-03-13,144924,145804,144780,145484
2019-03-14,145519,145769,144267,144770
2019-03-15,144805,145742,144622,145011
2019-03-18,145059,145761,144802,145229
2019-03-19,145270,146122,145069,145484
2019-03-20,145545,146044,144779,145234
2019-03-21,145281,145935,144451,145060
2019-03-22,145108,145500,144008,144326
2019-03-25,144282,145648,144119,145332
2019-03-26,145376,145703,144922,145512
2019-03-27,145543,145733,144505,144715
2019-03-28,144746,144810,142562,142726
2019-03-29,142757,144073,142319,143194
2019-04-01,143177,143883,143057,143342
2019-04-02,143377,143938,143092,143866
2019-04-03,143930,144391,143554,143759
2019-04-04,143806,144459,142897,144259
2019-04-05,144293,144534,143571,144288
2019-04-08,144302,145237,144050,144593
2019-04-09,144634,145288,144412,144894
2019-04-10,144929,145342,144626,145165
2019-04-11,145214,145404,143913,144292
2019-04-12,144340,145074,144185,144528
2019-04-15,144532,144702,143662,144254
2019-04-16,144289,144327,142573,142989
2019-04-17,143032,143377,142565,142684
2019-04-18,142776,142962,142247,142750
2019-04-19,142813,142864,142698,142686
2019-04-22,142749,143319,142574,142663
2019-04-23,142723,142790,141757,142290
2019-04-24,142324,143392,141866,143045
2019-04-25,143109,143167,142421,142526
2019-04-26,142574,143839,142467,143476
2019-04-29,143539,143630,142838,142836
2019-04-30,142896,143249,142532,143004
2019-05-01,143025,143114,142048,142152
2019-05-02,142199,142472,141223,141637
2019-05-03,141684,142631,141508,142078
2019-05-06,141498,142389,141395,141788
2019-05-07,141835,142242,141393,141586
2019-05-08,141633,142319,140942,140988
2019-05-09,141016,141174,140524,140928
2019-05-10,140943,141494,140860,141355
2019-05-13,141158,142191,140452,142066
2019-05-14,142087,142607,141863,142114
2019-05-15,142161,142467,141760,142047
2019-05-16,142107,142197,141134,141298
2019-05-17,141345,141468,140199,140577
2019-05-20,140691,141061,140105,140599
2019-05-21,140646,141069,140317,140829
2019-05-22,140857,141035,140418,140513
2019-05-23,140561,141255,140271,140654
2019-05-24,140708,140898,140303,140384
2019-05-27,140459,141013,140413,140745
2019-05-28,140779,140958,139767,139878
2019-05-29,139945,140506,139840,140247
2019-05-30,140281,141528,139926,141204
2019-05-31,141266,141828,140653,141323
2019-06-03,141500,143377,141317,143137
2019-06-04,143199,143637,142701,143310
2019-06-05,143344,145150,143185,144249
2019-06-06,144296,144984,143784,144697
2019-06-07,144793,145583,144281,144989
2019-06-10,145540,145701,143867,143960
2019-06-11,144007,144447,143508,143943
2019-06-12,143997,145035,143867,144635
2019-06-13,144697,145538,144470,145433
2019-06-14,145502,146993,145234,145601
2019-06-17,145448,145908,144743,145404
2019-06-18,145438,146630,145189,145999
2019-06-19,146046,147246,145391,147009
2019-06-20,147057,149626,146738,148960
2019-06-21,149006,151198,148599,150133
2019-06-24,150251,152508,150090,152247
2019-06-25,152332,153914,151667,152533
2019-06-26,152581,152605,150820,151778
2019-06-27,151856,152225,151044,151912
2019-06-28,151974,153381,151547,152030
2019-07-01,152374,152649,149896,150073
2019-07-02,150107,153204,149991,152996
2019-07-03,153059,154777,152224,152953
2019-07-04,152984,153187,152063,152543
2019-07-05,152621,153541,150582,151720
2019-07-08,151818,152777,151239,151662
2019-07-09,151725,152297,150893,152093
2019-07-10,152136,153940,151330,153905
2019-07-11,153896,154334,152049,152263
2019-07-12,152306,153044,151856,152708
2019-07-15,152724,153117,151914,152558
2019-07-16,152606,153088,151814,152135
2019-07-17,152198,154204,151569,153966
2019-07-18,153969,155307,152694,155127
2019-07-19,155160,155809,153305,153475
2019-07-22,153626,154415,153472,153642
2019-07-23,153663,154564,152974,153393
2019-07-24,153427,154384,153266,154187
2019-07-25,154250,155035,153407,153632
2019-07-26,153664,154757,153580,154108
2019-07-29,154205,155396,153965,155176
2019-07-30,155225,155610,154515,155284
2019-07-31,155401,155609,153520,153716
2019-08-01,153836,155305,151980,155097
2019-08-02,155146,155216,153120,153507
2019-08-05,153558,155843,152960,155086
2019-08-06,155124,157012,154624,156963
2019-08-07,156975,159932,156631,159497
2019-08-08,159561,159957,158076,159144
2019-08-09,159219,159912,157819,158184
2019-08-12,158071,159692,157045,159109
2019-08-13,159158,161349,157737,160217
2019-08-14,160251,161188,158909,160549
2019-08-15,160587,161743,160169,161584
2019-08-16,161647,162049,160024,160954
2019-08-19,161007,161242,159170,159386
2019-08-20,159465,160399,159198,160010
2019-08-21,160062,160482,159418,160107
2019-08-22,160172,160347,158982,159289
2019-08-23,159355,161454,159130,160883
2019-08-26,160526,162928,159961,162066
2019-08-27,162100,163390,161382,162978
2019-08-28,163038,163610,162100,163249
2019-08-29,163321,164183,162070,162679
2019-08-30,162708,163063,161470,161579
2019-09-02,161519,162683,161048,162537
2019-09-03,162572,164134,161813,163869
2019-09-04,163915,165490,162945,165134
2019-09-05,165122,165236,161777,162427
2019-09-06,162440,162973,160673,161066
2019-09-09,160965,162148,160490,160695
2019-09-10,160761,161020,159626,159747
2019-09-11,159768,161530,159645,161387
2019-09-12,161452,163897,160810,162016
2019-09-13,162066,162958,160668,160857
2019-09-16,160266,162694,159998,161975
2019-09-17,161995,162960,161612,162299
2019-09-18,162334,163478,160902,162002
2019-09-19,162036,162413,161098,161870
2019-09-20,161915,163207,161778,163102
2019-09-23,163132,164016,162869,163697
2019-09-24,163716,164482,163204,163948
2019-09-25,164013,164543,161867,162013
2019-09-26,162077,162809,161673,162237
2019-09-27,162270,162459,160779,161523
2019-09-30,161543,161859,158392,159110
2019-10-01,159137,160118,158131,159349
2019-10-02,159369,161179,158984,160721
2019-10-03,160764,161815,160097,160868
2019-10-04,160918,161661,160298,160860
2019-10-07,160925,161161,159918,160185
2019-10-08,160235,161436,159726,161179
2019-10-09,161229,162529,161013,161757
2019-10-10,161806,162531,160961,161250
2019-10-11,161315,162238,159995,161381
2019-10-14,161418,161994,160683,161837
2019-10-15,161855,162075,160615,161177
2019-10-16,161228,162127,160585,162014
2019-10-17,162057,162488,161492,162073
2019-10-18,162123,162321,161346,161513
2019-10-21,161639,162245,160983,161142
2019-10-22,161208,161635,160986,161349
2019-10-23,161399,162485,161183,162129
2019-10-24,162164,163400,161737,163318
2019-10-25,163353,164769,163078,163427
2019-10-28,163511,164025,162261,162569
2019-10-29,162619,162802,161673,161958
2019-10-30,161992,162939,161716,162763
2019-10-31,162782,163711,162570,163408
2019-11-01,163453,163853,162670,163783
2019-11-04,163787,164191,163394,163840
2019-11-05,163918,164105,161579,161925
2019-11-06,161954,162663,161662,162399
2019-11-07,162432,162487,159802,160443
2019-11-08,160492,160966,159221,159346
2019-11-11,159278,159841,158004,158714
2019-11-12,158777,159128,157898,158733
2019-11-13,158753,159735,158657,159178
2019-11-14,159270,159820,159006,159477
2019-11-15,159496,159773,158850,159535
2019-11-18,159687,160006,158796,159882
2019-11-19,159915,160109,159343,159796
2019-11-20,159822,160354,159318,159805
2019-11-21,159831,160083,158927,159061
2019-11-22,159103,159883,158791,158836
2019-11-25,158959,159070,158372,158451
2019-11-26,158490,159547,158271,159292
2019-11-27,159343,159486,158724,159275
2019-11-28,159306,159747,159146,159661
2019-11-29,159711,160631,159313,160561
2019-12-02,160631,160706,159297,159351
2019-12-03,159351,160989,159304,160467
2019-12-04,160501,161165,160161,160464
2019-12-05,160514,160958,160349,160504
2019-12-06,160526,160748,158413,158488
2019-12-09,158654,158968,158408,158635
2019-12-10,158682,159633,158572,159165
2019-12-11,159228,160459,159048,160064
2019-12-12,160105,161515,159844,160613
2019-12-13,160657,161569,160178,161367
2019-12-16,161417,162058,161116,161563
2019-12-17,161635,162224,161473,161577
2019-12-18,161656,161982,161163,161589
2019-12-19,161646,162031,161247,161739
2019-12-20,161742,161978,161439,161747
2019-12-23,161723,162552,161716,162458
2019-12-24,162516,164153,162394,163955
2019-12-25,164045,164658,163849,163872
2019-12-26,163969,165848,163823,165641
2019-12-27,165616,165914,165038,165255
2019-12-30,165380,165783,164771,164927
2019-12-31,164961,165760,164687,164762
2020-01-01,164827,165014,164786,164886
2020-01-02,165014,166327,164787,165972
2020-01-03,166027,167790,165793,167676
2020-01-06,167587,170717,167245,169662
2020-01-07,169689,170987,168693,170654
2020-01-08,170689,173548,169295,169779
2020-01-09,169863,170557,168302,169997
2020-01-10,170018,171176,169281,170981
2020-01-13,171048,171165,169867,170135
2020-01-14,170178,170276,169107,170026
2020-01-15,170092,171257,170012,170994
2020-01-16,171030,171319,170428,170966
2020-01-17,170986,171971,170803,171400
2020-01-20,171466,172366,171279,172317
2020-01-21,172358,172457,170275,171165
2020-01-22,171206,171507,170597,171172
2020-01-23,171221,171550,170150,171069
2020-01-24,171125,172245,170576,171594
2020-01-27,171280,172710,170974,172229
2020-01-28,172268,172462,170922,171024
2020-01-29,171091,172081,170722,171822
2020-01-30,171906,172391,171369,171489
2020-01-31,171546,172441,171340,172304
2020-02-03,172394,172545,170743,171318
2020-02-04,171374,171554,169562,170021
2020-02-05,170077,171135,169719,170818
2020-02-06,170890,172378,170720,172289
2020-02-07,172329,172624,171767,172250
2020-02-10,172488,173000,172143,172516
2020-02-11,172582,172806,171724,172072
2020-02-12,172128,172790,171811,172349
2020-02-13,172421,173249,172215,173053
2020-02-14,173093,174009,172803,173863
2020-02-17,173961,174151,173432,173698
2020-02-18,173732,176276,173613,175907
2020-02-19,175951,179506,175845,179416
2020-02-20,179481,181812,178540,181540
2020-02-21,181582,184117,181466,183345
2020-02-24,183429,187957,182805,183664
2020-02-25,183706,183905,179381,180115
2020-02-26,180176,182367,179896,181143
2020-02-27,181194,182207,179592,180188
2020-02-28,180256,180782,169078,171263
2020-03-02,170235,173847,169585,172123
2020-03-03,172182,176906,171823,175713
2020-03-04,175759,177457,175479,175950
2020-03-05,176016,178157,175596,177499
2020-03-06,177529,178025,173836,176256
2020-03-09,175636,177376,169987,171918
2020-03-10,172008,174862,170737,174178
2020-03-11,174272,175454,170370,170854
2020-03-12,170964,172535,164107,164982
2020-03-13,165052,171586,162313,165028
2020-03-16,165108,167276,152915,160257
2020-03-17,160317,166509,156338,164563
2020-03-18,164619,165872,159552,160578
2020-03-19,160617,164194,159738,162876
2020-03-20,162945,166803,161662,165974
2020-03-23,166358,173733,163338,172730
2020-03-24,172796,182563,172062,179691
2020-03-25,181034,182819,176561,179589
2020-03-26,179855,180378,175776,178505
2020-03-27,178740,179634,174408,175347
2020-03-30,175168,176638,172900,174836
2020-03-31,174957,176503,169053,168967
2020-04-01,169648,172438,168153,170351
2020-04-02,170541,174954,169600,174017
2020-04-03,174141,176120,173080,175408
2020-04-06,175497,182289,173257,181322
2020-04-07,181505,182637,178739,179021
2020-04-08,179182,180779,178354,178976
2020-04-09,179065,183223,178844,182563
2020-04-10,182717,184114,181854,183127
2020-04-13,183413,185376,181447,184557
2020-04-14,184611,187466,183996,185077
2020-04-15,185224,186235,182954,184392
2020-04-16,184528,187229,183818,185275
2020-04-17,185430,185766,180742,181067
2020-04-20,183212,183412,180130,182381
2020-04-21,182535,182642,178466,181646
2020-04-22,181822,185294,180777,184619
2020-04-23,184815,187248,183854,186151
2020-04-24,186284,186982,183754,185726
2020-04-27,185888,186130,182956,183794
2020-04-28,183848,184103,180644,182466
2020-04-29,182617,183139,180918,182686
2020-04-30,182797,183771,179941,180672
2020-05-01,180835,182316,178513,181635
2020-05-04,180225,183013,180225,181558
2020-05-05,181662,182467,180579,181759
2020-05-06,181765,182045,178393,178802
2020-05-07,178858,183142,178592,182298
2020-05-08,182428,183535,181483,181431
2020-05-11,181562,183682,181375,182569
2020-05-12,182736,183628,182018,182335
2020-05-13,182375,183999,181771,183592
2020-05-14,183730,186177,182835,185503
2020-05-15,185605,188048,185114,186362
2020-05-18,186650,189446,182345,185835
2020-05-19,185934,188499,185392,187748
2020-05-20,187916,188895,187350,187812
2020-05-21,187903,188501,184956,185820
2020-05-22,185946,187135,185277,186591
2020-05-25,186775,186897,185418,186217
2020-05-26,186284,187209,183711,183898
2020-05-27,183968,184793,182581,184066
2020-05-28,184147,186142,183870,184947
2020-05-29,184982,187339,183964,186442
2020-06-01,186199,187662,185944,187120
2020-06-02,187179,189537,186827,187682
2020-06-03,187780,188371,183682,184877
2020-06-04,185003,187738,184828,187004
2020-06-05,187089,187459,183362,184668
2020-06-08,184911,185903,183318,184056
2020-06-09,184195,185607,182801,184587
2020-06-10,184725,186450,183455,186151
2020-06-11,186235,186436,184096,184526
2020-06-12,184586,187014,183902,185673
2020-06-15,185775,186414,183109,184998
2020-06-16,185165,186258,184491,185235
2020-06-17,185381,185565,183937,184714
2020-06-18,184773,185844,183428,184149
2020-06-19,184295,186580,184134,186258
2020-06-22,186402,188362,186149,187505
2020-06-23,187678,188708,187135,188237
2020-06-24,188428,189916,188037,188462
2020-06-25,188578,189556,188171,188996
2020-06-26,189127,189976,187228,189830
2020-06-29,189893,191323,189489,190521
2020-06-30,190647,192539,190159,192107
2020-07-01,192221,192778,189069,190207
2020-07-02,190270,191411,189275,190828
2020-07-03,190891,191235,190531,190790
2020-07-06,190827,192152,190626,191533
2020-07-07,191594,193354,191012,192892
2020-07-08,193018,195364,192674,193982
2020-07-09,194114,194848,192738,193288
2020-07-10,193343,193680,191757,192222
2020-07-13,192311,194487,187748,193362
2020-07-14,193414,194288,192385,193989
2020-07-15,194016,194286,192434,193501
2020-07-16,193588,193918,192612,192717
2020-07-17,192791,194082,192584,193630
2020-07-20,193850,195320,193466,194880
2020-07-21,194967,197342,194586,196611
2020-07-22,196644,200663,196438,200517
2020-07-23,200600,202883,199609,201612
2020-07-24,201700,202150,200395,201712
2020-07-27,201507,205130,201447,204621
2020-07-28,204662,208566,201501,205788
2020-07-29,205874,207663,204266,206671
2020-07-30,206751,207001,203826,204823
2020-07-31,204845,209322,204563,209054
2020-08-03,209218,210537,208044,209401
2020-08-04,209476,213571,208841,213398
2020-08-05,213479,216647,212190,215114
2020-08-06,215179,218208,214836,217702
2020-08-07,217691,218811,213578,215486
2020-08-10,215621,216945,213937,214763
2020-08-11,214843,215414,202568,203538
2020-08-12,203645,208317,199062,204833
2020-08-13,204894,210306,204425,208771
2020-08-14,208860,209966,205770,207176
2020-08-17,207310,210959,205633,210369
2020-08-18,210455,212548,208590,210951
2020-08-19,211099,211450,204242,204632
2020-08-20,204699,207264,204028,205891
2020-08-21,205962,206784,202320,205152
2020-08-24,205396,207422,203902,204343
2020-08-25,204410,205629,203786,205079
2020-08-26,205111,207189,202459,207000
2020-08-27,207080,208894,203267,205570
2020-08-28,205644,207858,205375,206942
2020-08-31,207012,209247,206792,208326
2020-09-01,208442,211006,208031,208720
2020-09-02,208797,209380,205221,206243
2020-09-03,206302,207299,203955,204939
2020-09-04,205010,206527,203937,205403
2020-09-07,205414,206292,204438,204937
2020-09-08,205062,205713,202077,204744
2020-09-09,204806,207209,203640,206606
2020-09-10,206701,208785,205970,206535
2020-09-11,206565,207837,205629,205917
2020-09-14,206226,207373,205567,206781
2020-09-15,206857,208236,205408,205918
2020-09-16,206046,207196,205192,205590
2020-09-17,205649,206175,202191,203594
2020-09-18,203647,204892,203032,203843
2020-09-21,203694,204197,196843,200060
2020-09-22,200132,201078,198296,199313
2020-09-23,199383,200354,195686,196298
2020-09-24,196423,197843,194666,196798
2020-09-25,196886,197567,195330,196525
2020-09-28,196369,198745,194795,198345
2020-09-29,198508,200677,198007,200429
2020-09-30,200508,200805,198633,198757
2020-10-01,198902,201834,198791,201026
2020-10-02,201131,201516,199198,199901
2020-10-05,200029,202841,199212,202233
2020-10-06,202319,203036,198030,198286
2020-10-07,198420,200736,197869,199914
2020-10-08,199988,201414,199506,200717
2020-10-09,200799,203920,200637,203682
2020-10-12,204056,204404,202108,202333
2020-10-13,202506,203010,199205,199448
2020-10-14,199451,201251,198353,199907
2020-10-15,199919,201349,198898,201210
2020-10-16,201282,201487,200016,200143
2020-10-19,200169,202067,199954,200698
2020-10-20,200785,201906,200038,201090
2020-10-21,201138,202411,200745,201233
2020-10-22,201285,201420,198633,199545
2020-10-23,199615,200451,198627,199025
2020-10-26,199210,200321,197977,199366
2020-10-27,199407,200098,198598,199128
2020-10-28,199196,199514,194969,195755
2020-10-29,195770,196762,194037,195348
2020-10-30,195426,197643,194436,196565
2020-11-02,196491,198733,196095,198455
2020-11-03,198485,199804,197366,199403
2020-11-04,199524,200546,197431,198816
2020-11-05,198933,202460,198429,201691
2020-11-06,201754,202605,200136,201650
2020-11-09,201719,203447,195323,196198
2020-11-10,196265,198792,195926,197526
2020-11-11,197676,198510,195835,196576
2020-11-12,196649,198188,196203,197275
2020-11-13,197359,198693,196752,197527
2020-11-16,198085,198591,195510,197452
2020-11-17,197553,197767,195657,195773
2020-11-18,195921,196199,193897,194350
2020-11-19,194378,194610,192783,193509
2020-11-20,193605,195047,193127,194250
2020-11-23,194258,194774,191214,192094
2020-11-24,192178,192188,188417,188683
2020-11-25,188803,189723,188212,188761
2020-11-26,188832,189665,188322,188752
2020-11-27,188841,188914,184781,186144
2020-11-30,186178,186296,183333,185245
2020-12-01,185330,189664,185213,189272
2020-12-02,189369,191841,188705,191061
2020-12-03,191189,192311,189342,191088
2020-12-04,191221,192059,190583,191369
2020-12-07,191400,194365,190082,193750
2020-12-08,193839,195237,193553,194698
2020-12-09,194830,194917,190418,191662
2020-12-10,191807,193008,190891,191331
2020-12-11,191411,191943,189885,191277
2020-12-14,191323,195345,188803,190039
2020-12-15,190107,192636,189938,192091
2020-12-16,192157,193134,191167,192879
2020-12-17,193054,195248,192355,194353
2020-12-18,194452,195267,194031,194291
2020-12-21,194453,197282,192670,193826
2020-12-22,193913,194810,192615,192720
2020-12-23,192820,194306,192290,193889
2020-12-24,194003,195145,193774,194392
2020-12-25,194550,194634,194071,194110
2020-12-28,194343,196815,193818,194250
2020-12-29,194490,195387,193960,194481
2020-12-30,194611,195594,193371,195393
2020-12-31,195499,196318,194441,195959
2021-01-01,195972,196065,195891,195884
2021-01-04,195888,200623,195698,200245
2021-01-05,200357,200881,199401,200208
2021-01-06,200341,201565,196424,197599
2021-01-07,197750,199241,197393,198550
2021-01-08,198626,199102,190263,192095
2021-01-11,192070,193232,189283,192103
2021-01-12,192189,194194,191272,192383
2021-01-13,192465,193376,191515,191575
2021-01-14,191711,192672,190847,191576
2021-01-15,191661,192525,189313,189728
2021-01-18,189579,190983,188126,190467
2021-01-19,190510,191977,190342,191125
2021-01-20,191211,193849,190256,193734
2021-01-21,193802,193962,192521,193432
2021-01-22,193540,193689,190679,192239
2021-01-25,192405,193815,191776,192466
2021-01-26,192537,193122,191693,191702
2021-01-27,191772,192685,190716,191899
2021-01-28,191942,194439,191293,191995
2021-01-29,192089,196486,191969,193249
2021-02-01,193282,196176,193282,195143
2021-02-02,195237,195508,192161,192839
2021-02-03,192928,193663,192253,192503
2021-02-04,192627,192726,188139,189264
2021-02-05,189312,191358,189066,190872
2021-02-08,190953,193495,190791,192543
2021-02-09,192621,193409,191642,192132
2021-02-10,192273,194085,191941,192720
2021-02-11,192793,193390,190729,191144
2021-02-12,191264,192115,190211,191336
2021-02-15,191495,192189,190967,191599
2021-02-16,191682,192927,189181,190227
2021-02-17,190334,190482,187312,187943
2021-02-18,188066,189216,187136,187556
2021-02-19,187651,188948,185976,187909
2021-02-22,187923,190423,187807,190095
2021-02-23,190163,190931,188979,189957
2021-02-24,190043,191614,189092,191040
2021-02-25,191145,191318,187808,187979
2021-02-26,188048,188623,183124,184755
2021-03-01,184773,187555,183696,184091
2021-03-02,184148,185612,182267,185373
2021-03-03,185452,185866,182323,183021
2021-03-04,183081,185327,182403,183166
2021-03-05,183283,184784,182023,184271
2021-03-08,184424,185900,182627,183186
2021-03-09,183315,187113,183225,186077
2021-03-10,186143,187215,185777,187077
2021-03-11,187171,188966,186770,186842
2021-03-12,186912,188342,185323,188178
2021-03-15,188350,189493,187997,188936
2021-03-16,188989,189723,188244,188651
2021-03-17,188733,190694,188267,189864
2021-03-18,189940,191461,187737,189036
2021-03-19,189089,190253,188361,189934
2021-03-22,189990,189990,187741,189197
2021-03-23,189265,189365,187457,187456
2021-03-24,187560,189135,187226,188541
2021-03-25,188617,190501,188051,188521
2021-03-26,188564,190402,188183,189884
2021-03-29,189985,190176,187166,187865
2021-03-30,188001,188353,185230,185867
2021-03-31,185970,189787,185700,188994
2021-04-01,189113,191451,188860,191226
2021-04-02,191398,191689,190865,191348
2021-04-05,191308,191507,189946,190307
2021-04-06,190370,191767,190295,191287
2021-04-07,191376,191527,190140,190813
2021-04-08,190898,192102,190244,191737
2021-04-09,191899,192038,190308,191130
2021-04-12,191285,191400,189023,189479
2021-04-13,189547,191102,188431,190272
2021-04-14,190339,190549,188899,189074
2021-04-15,189125,192543,188808,191725
2021-04-16,191789,194190,191579,193174
2021-04-19,193259,193894,191132,191540
2021-04-20,191591,192553,191045,192208
2021-04-21,192291,194360,191927,193779
2021-04-22,193814,194236,192212,192556
2021-04-23,192636,193206,191130,191755
2021-04-26,192017,192699,191181,192456
2021-04-27,192560,193496,192131,193004
2021-04-28,193173,193714,192078,193429
2021-04-29,193478,194297,191768,192992
2021-04-30,193026,193743,192069,193254
2021-05-03,193311,195856,193081,195497
2021-05-04,195566,196362,193687,194442
2021-05-05,194512,195280,193580,195035
2021-05-06,195122,198368,194754,197917
2021-05-07,198080,200093,197635,198799
2021-05-10,198968,200600,198776,199654
2021-05-11,199742,200323,197173,199497
2021-05-12,199569,200862,198745,199026
2021-05-13,199087,200254,198321,199844
2021-05-14,199930,201866,199450,201498
2021-05-17,201415,203997,201202,203780
2021-05-18,203871,204581,202932,203517
2021-05-19,203604,205622,202287,204101
2021-05-20,204207,205128,203236,204134
2021-05-21,204243,205414,203572,204901
2021-05-24,204958,205599,204230,204295
2021-05-25,204449,206719,203611,206480
2021-05-26,206580,208317,206288,206977
2021-05-27,207035,208518,206508,208263
2021-05-28,208319,209344,207154,209121
2021-05-31,209087,209630,208293,209050
2021-06-01,209051,209842,207016,207943
2021-06-02,208019,209324,207783,208998
2021-06-03,209069,209365,205412,206220
2021-06-04,206310,207547,204532,207049
2021-06-07,207090,207629,205961,207403
2021-06-08,207491,208228,206155,207219
2021-06-09,207274,207576,206533,206961
2021-06-10,207050,207840,205008,207474
2021-06-11,207541,208265,205637,205823
2021-06-14,205874,206032,202488,205361
2021-06-15,205418,205787,203844,204557
2021-06-16,204607,205031,199752,200488
2021-06-17,200549,202003,194904,195312
2021-06-18,195449,198030,194040,194308
2021-06-21,194545,196869,194033,196634
2021-06-22,196728,197718,195929,196758
2021-06-23,196809,198813,196643,197276
2021-06-24,197342,198194,196566,196764
2021-06-25,196841,197974,196691,197247
2021-06-28,197275,197651,195986,196670
2021-06-29,196753,196810,193629,194556
2021-06-30,194635,197092,193750,196613
2021-07-01,196688,198681,196074,198041
2021-07-02,198139,199817,197925,198383
2021-07-05,198498,199134,198255,198798
2021-07-06,198836,200810,198018,198725
2021-07-07,198778,200375,198102,199494
2021-07-08,199628,199726,196862,197870
2021-07-09,197958,199710,197677,199088
2021-07-12,199287,199521,197653,199236
2021-07-13,199438,200530,198730,199930
2021-07-14,199991,201710,199604,200867
2021-07-15,201018,201396,200138,200900
2021-07-16,201016,201440,199124,199285
2021-07-19,199154,199718,196534,198337
2021-07-20,198471,199993,198328,198776
2021-07-21,198865,199331,197718,198766
2021-07-22,198976,199258,197719,198945
2021-07-23,199039,199766,197949,199104
2021-07-26,199276,199736,198123,198258
2021-07-27,198363,198641,197031,197417
2021-07-28,197445,198866,197391,198555
2021-07-29,198637,200856,198482,200066
2021-07-30,200142,200724,198663,198951
2021-08-02,198997,199234,197697,198182
2021-08-03,198234,198326,197135,197366
2021-08-04,197450,199364,197146,198304
2021-08-05,198463,198880,197248,197926
2021-08-06,198063,198137,193902,194407
2021-08-09,194408,194566,185780,190684
2021-08-10,190776,191888,189893,191113
2021-08-11,191195,193714,190753,193339
2021-08-12,193408,194160,192465,193413
2021-08-13,193495,195260,193361,194902
2021-08-16,195246,195397,193687,195181
2021-08-17,195213,196279,194851,195614
2021-08-18,195707,196720,195389,196150
2021-08-19,196231,196737,194900,195257
2021-08-20,195360,196216,195088,195520
2021-08-23,195590,198373,195097,197971
2021-08-24,198007,198310,197523,197600
2021-08-25,197672,197880,196208,196917
2021-08-26,196986,197794,196055,197241
2021-08-27,197329,199820,197081,199520
2021-08-30,199632,200055,198628,198899
2021-08-31,198998,199856,197919,199424
2021-09-01,199614,200382,198990,199488
2021-09-02,199555,199895,198592,198822
2021-09-03,198952,201159,198783,200493
2021-09-06,200525,200863,199991,200220
2021-09-07,200296,200715,197540,197820
2021-09-08,197877,198658,196615,197134
2021-09-09,197245,197967,195946,196801
2021-09-10,196889,198347,196347,196499
2021-09-13,196448,197784,196148,197215
2021-09-14,197303,198348,196202,197873
2021-09-15,197925,198057,195768,196070
2021-09-16,196185,196461,191588,192248
2021-09-17,192474,194434,192161,192836
2021-09-20,192977,193582,191508,192952
2021-09-21,193039,194757,192782,193716
2021-09-22,193814,195885,193538,194046
2021-09-23,194116,195227,191761,192197
2021-09-24,192285,194215,192118,193719
2021-09-27,193754,194924,193538,194203
2021-09-28,194287,194957,192750,193283
2021-09-29,193333,194481,192838,193264
2021-09-30,193325,196695,192895,195422
2021-10-01,195568,195741,194425,195489
2021-10-04,195499,196412,194278,196171
2021-10-05,196238,196560,194841,196097
2021-10-06,196201,196729,194749,196337
2021-10-07,196413,196689,195275,195835
2021-10-08,195945,199030,195759,197080
2021-10-11,197095,199381,196641,198659
2021-10-12,198737,201020,198569,199867
2021-10-13,199948,203731,199512,202986
2021-10-14,203051,204565,202725,204047
2021-10-15,204142,204707,201807,201856
2021-10-18,201886,202580,201221,201665
2021-10-19,201749,203922,201441,202287
2021-10-20,202358,204261,202262,203564
2021-10-21,203655,204565,202277,203128
2021-10-22,203194,206192,202609,203376
2021-10-25,203677,205843,203385,205478
2021-10-26,205553,205867,203636,204593
2021-10-27,204659,204870,202570,204455
2021-10-28,204530,205386,203360,204202
2021-10-29,204307,204654,201842,203240
2021-11-01,203262,205119,203084,204366
2021-11-02,204430,204620,203158,203662
2021-11-03,203723,203844,200703,201618
2021-11-04,201726,204735,201637,203691
2021-11-05,203793,206237,203467,206126
2021-11-08,206195,206921,205626,206456
2021-11-09,206546,206909,205210,206661
2021-11-10,206770,212078,205864,210566
2021-11-11,210675,212679,210213,212307
2021-11-12,212393,212728,210459,212221
2021-11-15,212384,213073,211281,212495
2021-11-16,212580,214517,211987,212427
2021-11-17,212504,214119,212373,212968
2021-11-18,213010,213688,212116,212332
2021-11-19,212400,213202,210097,210300
2021-11-22,210316,211147,207104,207229
2021-11-23,207392,208402,204831,205902
2021-11-24,205934,206847,205099,206404
2021-11-25,206507,207139,206179,206297
2021-11-26,206354,206815,201822,203012
2021-11-29,203140,204313,202411,202491
2021-11-30,202608,203831,200152,200667
2021-12-01,200866,203590,200576,200860
2021-12-02,200952,201514,199167,200090
2021-12-03,200116,201354,199739,201205
2021-12-06,201199,202333,200937,201756
2021-12-07,201809,203071,201371,202589
2021-12-08,202661,203455,202355,202609
2021-12-09,202684,203153,201083,201298
2021-12-10,201401,203035,201002,202101
2021-12-13,201958,203492,201949,202856
2021-12-14,202924,203382,200676,201254
2021-12-15,201363,203050,199938,202488
2021-12-16,202611,204659,202535,204545
2021-12-17,204602,205795,204237,204343
2021-12-20,204320,204803,203237,203318
2021-12-21,203409,204757,203170,203974
2021-12-22,204108,206072,203837,205728
2021-12-23,205815,207286,205699,206832
2021-12-24,206923,208943,206060,206866
2021-12-27,206854,208374,206541,208043
2021-12-28,208138,209045,207161,207337
2021-12-29,207408,207707,205511,207339
2021-12-30,207454,209159,206798,208789
2021-12-31,208897,210639,208752,210411
2022-01-03,210483,211123,207317,207633
2022-01-04,207738,210935,207667,210635
2022-01-05,210769,211766,209981,210093
2022-01-06,210203,210416,206792,207341
2022-01-07,207470,208036,206611,207485
2022-01-10,207699,208176,206248,207494
2022-01-11,207565,210242,207412,209965
2022-01-12,210038,210310,208791,209304
2022-01-13,209378,209495,206739,208054
2022-01-14,208127,208243,206797,207526
2022-01-17,207573,208703,207301,208456
2022-01-18,208584,209181,207052,207821
2022-01-19,207888,210720,207025,210302
2022-01-20,210386,210921,209573,209810
2022-01-21,209890,210048,207757,208403
2022-01-24,208424,210231,208312,209922
2022-01-25,209991,211201,209182,210367
2022-01-26,210452,211202,207868,208516
2022-01-27,208567,209178,206552,207242
2022-01-28,207358,207976,205235,206399
2022-01-31,206424,207667,206080,206808
2022-02-01,206916,207608,206271,206558
2022-02-02,206637,207122,205669,206723
2022-02-03,206814,207718,205396,207439
2022-02-04,207497,208728,206585,208223
2022-02-07,208313,209933,208138,209529
2022-02-08,209542,211379,209454,210917
2022-02-09,210988,212012,210626,211657
2022-02-10,211743,213510,211415,211827
2022-02-11,211934,214980,211332,214658
2022-02-14,214476,216576,213449,216155
2022-02-15,216248,216904,213324,214266
2022-02-16,214358,216187,214030,215817
2022-02-17,215878,218728,215383,218132
2022-02-18,218182,218801,217261,218255
2022-02-21,218163,219275,216970,218698
2022-02-22,218719,219634,217512,218409
2022-02-23,218471,219964,217505,219420
2022-02-24,219480,226485,217321,219845
2022-02-25,219967,221871,217662,218127
2022-02-28,217081,222774,217052,219434
2022-03-01,219533,223942,218997,223437
2022-03-02,223547,224362,220616,222683
2022-03-03,222795,224481,222248,223483
2022-03-04,223569,226396,222953,225939
2022-03-07,226061,230574,225978,230339
2022-03-08,230391,239439,228766,237062
2022-03-09,237137,238574,228707,230596
2022-03-10,230714,233169,228734,231794
2022-03-11,231906,233391,229003,232835
2022-03-14,232999,233564,230109,230414
2022-03-15,230494,231254,225265,226777
2022-03-16,226889,228935,225354,228654
2022-03-17,228777,231470,228632,230336
2022-03-18,230430,231208,228417,228901
2022-03-21,228989,231866,228626,231233
2022-03-22,231309,233475,230743,232041
2022-03-23,232176,235976,231947,235468
2022-03-24,235538,240494,234904,239448
2022-03-25,239577,239903,237144,238929
2022-03-28,238866,241360,237469,238141
2022-03-29,238273,238939,231740,235736
2022-03-30,235843,236533,233367,235341
2022-03-31,235548,237079,233948,235603
2022-04-01,235672,237843,234997,235716
2022-04-04,236109,237731,234921,237243
2022-04-05,237339,238991,235920,237669
2022-04-06,237798,239331,237209,238278
2022-04-07,238360,240224,237485,239323
2022-04-08,239390,242633,238910,242030
2022-04-11,241517,247523,241400,244777
2022-04-12,244932,247661,244422,246449
2022-04-13,246574,249707,246390,248500
2022-04-14,248559,248792,246588,248308
2022-04-15,248471,250186,248342,249483
2022-04-18,249666,252793,249061,251218
2022-04-19,251316,254309,250474,251335
2022-04-20,251411,252325,248681,250273
2022-04-21,250389,251302,248210,250436
2022-04-22,250535,251205,247711,248249
2022-04-25,248283,249202,241381,243068
2022-04-26,243219,244320,241703,242334
2022-04-27,242446,244251,241199,242156
2022-04-28,242234,248401,241952,247829
2022-04-29,247913,250040,245750,246214
2022-05-02,246162,247234,241247,242392
2022-05-03,242454,244096,240705,242934
2022-05-04,243055,244056,242113,242754
2022-05-05,242859,248021,242815,244149
2022-05-06,244344,246584,243879,245830
2022-05-09,245836,246555,241130,241406
2022-05-10,241518,243314,239304,239713
2022-05-11,239810,241660,238635,240683
2022-05-12,240778,241491,233376,233727
2022-05-13,233818,236044,232329,233923
2022-05-16,234202,235905,231077,235535
2022-05-17,235619,237691,234518,234723
2022-05-18,234843,235220,232543,232830
2022-05-19,232944,235933,231718,235337
2022-05-20,235367,236836,234759,236029
2022-05-23,236237,238102,235395,236960
2022-05-24,237057,237228,235197,236604
2022-05-25,236878,237035,234636,235879
2022-05-26,236000,236390,233423,235244
2022-05-27,235283,236500,234608,235561
2022-05-30,235544,237784,234843,236760
2022-05-31,236824,238713,236195,236371
2022-06-01,236414,240749,236206,240176
2022-06-02,240282,243024,239626,242476
2022-06-03,242609,243530,241701,242173
2022-06-06,242232,243173,241727,242746
2022-06-07,242822,246076,242702,245498
2022-06-08,245569,249300,245465,248736
2022-06-09,248847,249421,246167,248187
2022-06-10,248257,251935,244644,251517
2022-06-13,251496,253164,243988,244449
2022-06-14,244544,246613,243534,244847
2022-06-15,244965,247164,244132,245296
2022-06-16,245425,246659,241071,245507
2022-06-17,245535,249774,244484,248221
2022-06-20,248254,249117,247420,248316
2022-06-21,248431,251051,247597,250309
2022-06-22,250435,251135,248214,250309
2022-06-23,250425,250535,245896,245872
2022-06-24,245957,247695,244909,246877
2022-06-27,246880,248951,245942,246747
2022-06-28,246907,248741,246485,247540
2022-06-29,247720,250716,246677,248203
2022-06-30,248305,248907,244736,245187
2022-07-01,245259,245703,241142,244762
2022-07-04,245098,245799,243421,245479
2022-07-05,245586,247102,239225,239741
2022-07-06,239712,240414,234945,236240
2022-07-07,236419,237769,235559,236488
2022-07-08,236697,238221,235428,237077
2022-07-11,237068,239467,236867,238222
2022-07-12,238316,239234,235878,236195
2022-07-13,236195,239662,235038,238422
2022-07-14,238511,239471,236309,237420
2022-07-15,237536,238621,235446,236531
2022-07-18,236605,238361,235552,235952
2022-07-19,236080,236815,235026,236385
2022-07-20,236549,236874,233966,234427
2022-07-21,234509,236783,233079,235928
2022-07-22,236118,237213,234302,234862
2022-07-25,235064,236692,234249,234952
2022-07-26,235088,236136,234185,235032
2022-07-27,235168,237599,234441,236767
2022-07-28,236852,237080,234599,235661
2022-07-29,235820,236512,233883,235158
2022-08-01,235305,235482,232516,233185
2022-08-02,233254,235611,231344,234378
2022-08-03,234447,236890,233486,236204
2022-08-04,236314,239377,235802,237920
2022-08-05,238053,240763,237362,239509
2022-08-08,239672,241734,239376,241460
2022-08-09,241596,242985,240194,242368
2022-08-10,242502,243025,237459,238090
2022-08-11,238218,238377,236583,237950
2022-08-12,238075,240701,237614,240500
2022-08-15,240513,240670,235638,237242
2022-08-16,237256,239349,236448,238262
2022-08-17,238361,239833,237690,237892
2022-08-18,238148,239476,237724,238903
2022-08-19,238961,240859,238643,238941
2022-08-22,239272,240249,236854,238642
2022-08-23,238744,239793,237838,239066
2022-08-24,239143,240386,238145,240055
2022-08-25,240133,241085,239527,239966
2022-08-26,240087,240957,237702,238830
2022-08-29,239225,241683,238511,240862
2022-08-30,240944,241305,238881,239162
2022-08-31,239300,239388,236896,237606
2022-09-01,237760,238475,236354,237960
2022-09-02,238026,240754,237469,239997
2022-09-05,240042,241106,239673,240189
2022-09-06,240318,244018,240252,242933
2022-09-07,243060,247692,242405,246864
2022-09-08,246970,248051,245349,246136
2022-09-09,246221,247111,243775,244620
2022-09-12,244087,247225,244062,246177
2022-09-13,246345,246816,243412,245963
2022-09-14,246114,246735,242445,242924
2022-09-15,243046,243159,238285,238854
2022-09-16,238964,240341,237050,239370
2022-09-19,239512,240235,238043,239948
2022-09-20,240003,240450,238660,239222
2022-09-21,239333,242416,238876,240985
2022-09-22,241125,242237,235283,237766
2022-09-23,237901,238358,234297,235545
2022-09-26,235755,237784,233942,234606
2022-09-27,234801,237278,234620,235682
2022-09-28,235864,239537,233543,239202
2022-09-29,239252,240254,237340,239814
2022-09-30,239910,242410,239825,240255
2022-10-03,240042,246282,239984,245555
2022-10-04,245679,249695,245391,248631
2022-10-05,248791,249153,245941,248082
2022-10-06,248287,249587,247344,248200
2022-10-07,248299,248587,245642,246159
2022-10-10,246346,247223,242685,243064
2022-10-11,243130,245172,241997,242855
2022-10-12,243038,246358,242640,245696
2022-10-13,245815,246872,241723,245286
2022-10-14,245331,246533,243510,244465
2022-10-17,243762,248042,243720,245862
2022-10-18,245961,247229,245276,246500
2022-10-19,246624,246842,243867,244121
2022-10-20,244130,246373,243185,244321
2022-10-21,244463,248807,241446,244594
2022-10-24,244613,248112,242331,245732
2022-10-25,245687,246526,243921,244454
2022-10-26,244502,246432,243362,243563
2022-10-27,243654,244135,241721,243130
2022-10-28,243261,244339,241615,242430
2022-10-31,242742,244250,242374,242848
2022-11-01,242919,244812,242345,244264
2022-11-02,244322,244446,241662,241849
2022-11-03,241888,242106,239236,241336
2022-11-04,241415,246871,241139,246399
2022-11-07,247391,247570,244868,245640
2022-11-08,245703,249905,243950,249438
2022-11-09,249576,251411,248113,249866
2022-11-10,249985,252407,246296,247337
2022-11-11,247510,249799,244324,245783
2022-11-14,245365,249432,244806,247434
2022-11-15,247672,249095,245664,247759
2022-11-16,247787,248984,246857,247506
2022-11-17,247544,247719,245655,246764
2022-11-18,246802,247480,244904,245576
2022-11-21,245755,247707,244749,246918
2022-11-22,247031,247650,245245,245712
2022-11-23,245918,246522,243135,244166
2022-11-24,244270,244662,242382,243255
2022-11-25,243323,244611,242757,244279
2022-11-28,244734,244821,241516,241863
2022-11-29,241997,243334,241318,242637
2022-11-30,242696,245882,242456,244018
2022-12-01,244228,245175,241698,243913
2022-12-02,243991,244136,239732,241445
2022-12-05,241923,243500,241278,241786
2022-12-06,241731,243335,241249,242324
2022-12-07,242505,244347,242106,243948
2022-12-08,244055,244939,243430,244414
2022-12-09,244533,246262,243113,245346
2022-12-12,245458,245821,244428,245155
2022-12-13,245244,248464,243664,245357
2022-12-14,245522,245805,243079,244758
2022-12-15,244843,245686,241480,244793
2022-12-16,245127,245637,243048,244995
2022-12-19,243867,245262,243325,244602
2022-12-20,244728,245650,237273,239284
2022-12-21,239436,241003,238548,240298
2022-12-22,240359,240593,236320,236777
2022-12-23,237068,239540,236933,238747
2022-12-26,238768,239571,237935,238831
2022-12-27,238978,244226,238551,241937
2022-12-28,242098,243429,240760,242541
2022-12-29,242805,242827,240898,241328
2022-12-30,241410,241573,237829,239197
2023-01-02,239264,239264,238244,238411
2023-01-03,238673,241179,237329,241054
2023-01-04,241169,246415,240438,246042
2023-01-05,246111,246480,243934,244525
2023-01-06,244562,247944,244190,246402
2023-01-09,246181,248516,245942,246854
2023-01-10,246884,248433,245998,247806
2023-01-11,248201,250194,247233,248291
2023-01-12,248475,248719,244566,244859
2023-01-13,244914,245801,243358,245556
2023-01-16,245499,246734,244658,246544
2023-01-17,246670,246935,244323,244502
2023-01-18,244527,250016,244471,245409
2023-01-19,245534,248442,243861,248080
2023-01-20,248167,251529,247888,249646
2023-01-23,249551,252474,249042,252197
2023-01-24,252275,252544,251027,252016
2023-01-25,252074,252750,249423,252125
2023-01-26,252203,252471,250368,251140
2023-01-27,251218,251303,249049,250264
2023-01-30,250101,251419,249167,250770
2023-01-31,250876,251622,247900,250849
2023-02-01,250881,251815,248348,251334
2023-02-02,251431,252491,245605,246020
2023-02-03,246081,246953,243976,244700
2023-02-06,246474,248685,245466,247810
2023-02-07,247811,248257,244822,245424
2023-02-08,245550,247008,245096,246350
2023-02-09,246413,247459,244499,244808
2023-02-10,244937,245636,242733,245013
2023-02-13,245053,247309,244835,245365
2023-02-14,245423,247358,244240,246729
2023-02-15,246905,247030,244293,246070
2023-02-16,246263,247086,245330,245757
2023-02-17,245934,247471,245331,246990
2023-02-20,247069,247868,246764,247136
2023-02-21,247223,248719,246574,247699
2023-02-22,247727,248162,246020,246462
2023-02-23,246511,247313,245196,245255
2023-02-24,245469,247420,244811,247125
2023-02-27,247216,247907,246325,247271
2023-02-28,247378,249306,246870,248807
2023-03-01,249014,251008,248230,249910
2023-03-02,249989,251559,249757,250960
2023-03-03,251038,252273,250527,252019
2023-03-06,252077,252404,250953,251031
2023-03-07,251018,251638,248337,248647
2023-03-08,248718,249882,248060,249102
2023-03-09,249149,249882,247287,249266
2023-03-10,249336,252447,248700,252145
2023-03-13,252167,255493,250274,254883
2023-03-14,254923,256829,254298,255544
2023-03-15,255377,257078,253683,255705
2023-03-16,255843,256896,253644,256714
2023-03-17,256808,262433,255877,261982
2023-03-20,263537,263646,258882,259593
2023-03-21,259626,260642,256541,257031
2023-03-22,257088,259671,256335,258769
2023-03-23,259064,261863,257303,260588
2023-03-24,260762,260946,257628,258497
2023-03-27,258154,258796,255665,257580
2023-03-28,257685,258516,255493,258238
2023-03-29,258295,261271,258094,260865
2023-03-30,260870,262908,259616,262680
2023-03-31,262723,264412,261299,261422
2023-04-03,261868,263597,260122,262713
2023-04-04,262892,266958,262360,266025
2023-04-05,266105,266862,263638,265500
2023-04-06,265537,265679,263396,264552
2023-04-07,264596,266001,264221,265319
2023-04-10,265356,266358,263667,266251
2023-04-11,266302,268339,265657,268055
2023-04-12,268055,270375,266681,268206
2023-04-13,268339,271228,268001,270433
2023-04-14,270452,271145,266236,268034
2023-04-17,268235,269890,266538,267957
2023-04-18,267978,269651,267398,268899
2023-04-19,269079,269575,265280,268594
2023-04-20,268645,270363,268089,268781
2023-04-21,268842,269238,264910,266006
2023-04-24,265944,267555,265358,267048
2023-04-25,267089,268741,265241,266810
2023-04-26,266982,267756,265275,266033
2023-04-27,266093,268029,264825,266235
2023-04-28,266254,271632,265381,271115
2023-05-01,271231,274280,270398,272637
2023-05-02,272676,275603,272121,275225
2023-05-03,275285,275541,271983,274324
2023-05-04,274373,278983,273379,275292
2023-05-05,275391,275491,269590,272079
2023-05-08,271904,273762,271675,273225
2023-05-09,273286,275401,272700,275059
2023-05-10,275130,275719,271915,272708
2023-05-11,272772,273765,270080,271091
2023-05-12,271321,273611,269674,272853
2023-05-15,272757,275122,272491,274379
2023-05-16,274475,275062,270908,271206
2023-05-17,271288,273094,271059,272778
2023-05-18,272848,273011,270497,271437
2023-05-19,271476,273372,270759,272781
2023-05-22,272987,273882,271912,273216
2023-05-23,273308,273851,270574,273639
2023-05-24,273753,275103,272605,272883
2023-05-25,272954,274046,270914,271797
2023-05-26,271912,273925,271164,273684
2023-05-29,273858,274004,272624,272852
2023-05-30,272908,274557,271528,273853
2023-05-31,273935,275873,273089,273316
2023-06-01,273378,275145,273251,274431
2023-06-02,274493,276021,272581,272546
2023-06-05,272704,274173,271668,273699
2023-06-06,273781,274722,272240,274092
2023-06-07,274173,274374,271840,271742
2023-06-08,271840,273949,271677,273342
2023-06-09,273424,274438,272793,273189
2023-06-12,273372,274071,272248,273241
2023-06-13,273331,274752,271928,272435
2023-06-14,272550,273786,271548,272070
2023-06-15,272115,275106,271554,274622
2023-06-16,274687,277932,274055,277540
2023-06-19,277633,277983,276257,276878
2023-06-20,276930,277491,273185,273826
2023-06-21,273952,275269,273156,274167
2023-06-22,274202,274364,273030,273625
2023-06-23,273972,277398,273012,275922
2023-06-26,275877,277068,275669,275734
2023-06-27,276030,277020,275007,275606
2023-06-28,275672,276175,274586,275494
2023-06-29,275559,276765,274104,276176
2023-06-30,276252,277539,275026,277035
2023-07-03,277166,279015,276514,277939
2023-07-04,278081,278964,277421,278079
2023-07-05,278172,279242,276994,276952
2023-07-06,277036,277377,274586,275240
2023-07-07,275335,276479,273401,273531
2023-07-10,273801,275053,271995,272015
2023-07-11,272059,272786,271000,271156
2023-07-12,271219,272065,269630,270995
2023-07-13,271057,271939,270033,270558
2023-07-14,270580,272189,269257,271207
2023-07-17,271311,271940,270243,271288
2023-07-18,271211,275306,270942,274576
2023-07-19,274682,276797,274579,276008
2023-07-20,276109,276832,275738,275887
2023-07-21,275958,278792,275620,278062
2023-07-24,277912,278300,276321,276294
2023-07-25,276530,277957,276373,276725
2023-07-26,276851,277498,275829,276455
2023-07-27,276551,277461,269937,271154
2023-07-28,271380,276694,269929,276541
2023-07-31,276286,280864,275395,279522
2023-08-01,279620,280183,278208,278594
2023-08-02,278741,279342,276996,277180
2023-08-03,277232,278466,275191,275504
2023-08-04,275750,276682,274679,275348
2023-08-07,275490,276123,274554,275781
2023-08-08,275940,277408,275149,276005
2023-08-09,276049,276700,274953,275062
2023-08-10,275151,277679,275070,276737
2023-08-11,276792,277967,276620,277355
2023-08-14,277454,278048,276620,277527
2023-08-15,277636,277882,276379,276802
2023-08-16,276891,277923,276661,276716
2023-08-17,276861,277791,275007,275242
2023-08-18,275355,275908,273693,274573
2023-08-21,274602,277349,274070,276835
2023-08-22,277046,277597,275934,276730
2023-08-23,276829,277952,276393,277354
2023-08-24,277319,280273,277109,279440
2023-08-25,279528,280558,278527,280318
2023-08-28,280412,282069,280242,281226
2023-08-29,281428,283744,281139,282578
2023-08-30,282644,284374,282384,283990
2023-08-31,284015,284315,282103,282277
2023-09-01,282352,283859,281660,283568
2023-09-04,283635,284806,283274,283887
2023-09-05,283953,285119,283731,284434
2023-09-06,284523,284665,282674,282925
2023-09-07,283019,283495,282093,282635
2023-09-08,282807,284666,281970,283609
2023-09-11,282120,283149,281208,281655
2023-09-12,281791,282362,280634,281400
2023-09-13,281465,282476,280990,280973
2023-09-14,281077,281843,280114,281725
2023-09-15,281833,285412,281537,284383
2023-09-18,284237,285585,284003,285362
2023-09-19,285480,286258,285164,285470
2023-09-20,285538,287727,285046,286234
2023-09-21,286335,286464,282558,283161
2023-09-22,283336,286143,283201,285610
2023-09-25,285647,286681,284993,285047
2023-09-26,285300,285414,282945,283223
2023-09-27,283318,283613,280225,280507
2023-09-28,280572,280763,277473,278336
2023-09-29,278430,280382,275951,276046
2023-10-02,276317,276545,273689,273853
2023-10-03,273962,274507,269434,271609
2023-10-04,271674,272597,270695,271545
2023-10-05,271640,271748,269461,270260
2023-10-06,270343,273921,270210,273599
2023-10-09,273216,276908,273106,276327
2023-10-10,276412,277117,275957,276583
2023-10-11,276666,280116,276325,279512
2023-10-12,279595,281300,279305,279919
2023-10-13,279729,289252,279655,288989
2023-10-16,288947,289534,285373,286949
2023-10-17,287049,289271,285937,287999
2023-10-18,288094,293822,287975,291709
2023-10-19,291824,296303,291342,295615
2023-10-20,295765,299341,295481,296772
2023-10-23,296808,297401,294320,295281
2023-10-24,295376,296347,292683,295423
2023-10-25,295480,297919,294404,297324
2023-10-26,297428,299890,296514,298382
2023-10-27,298498,300510,296034,300096
2023-10-30,300132,300469,297325,297547
2023-10-31,297637,303411,297380,300806
2023-11-01,300938,301060,297791,299181
2023-11-02,299268,299459,297666,298682
2023-11-03,298778,299713,296882,297588
2023-11-06,297634,298204,296374,296727
2023-11-07,296818,296905,294487,295988
2023-11-08,296108,296807,294152,294357
2023-11-09,294443,297017,293589,296354
2023-11-10,296431,296753,293040,293424
2023-11-13,293492,295487,292708,295180
2023-11-14,295296,297233,294768,295169
2023-11-15,295203,297216,295047,296535
2023-11-16,296599,298987,295857,298547
2023-11-17,298726,299256,296179,296249
2023-11-20,296355,296585,291815,293385
2023-11-21,293470,296954,292853,296452
2023-11-22,296577,299105,295716,297546
2023-11-23,297637,298410,297130,297892
2023-11-24,297993,299591,297301,299174
2023-11-27,299258,301198,298842,299566
2023-11-28,299652,301382,298314,300897
2023-11-29,300983,301715,300247,300928
2023-11-30,301007,302368,300012,301760
2023-12-01,301841,304424,301435,304029
2023-12-04,304112,309087,297292,298638
2023-12-05,298772,300243,295946,297053
2023-12-06,297159,299295,296907,298317
2023-12-07,298402,298656,287708,292252
2023-12-08,292340,294449,289063,290351
2023-12-11,290231,292379,289161,289580
2023-12-12,289685,290058,287831,287844
2023-12-13,287930,290010,287325,289669
2023-12-14,289730,290641,286631,288846
2023-12-15,288890,289874,286739,286886
2023-12-18,286905,290694,286794,289101
2023-12-19,289321,294460,288487,293382
2023-12-20,293467,294033,291201,291454
2023-12-21,291814,292026,289978,290674
2023-12-22,290758,294352,290697,292364
2023-12-25,292400,292708,291825,292220
2023-12-26,292215,294669,291967,294270
2023-12-27,294459,296429,293920,294644
2023-12-28,294702,295435,291570,291997
2023-12-29,292100,293343,290631,290949
2024-01-01,290507,290641,290507,290557
2024-01-02,290600,294235,290528,292250
2024-01-03,292339,294196,291229,292453
2024-01-04,292524,295973,291825,295428
2024-01-05,295522,297802,294742,295840
2024-01-08,295840,296321,291263,292378
2024-01-09,292508,293884,291539,293244
2024-01-10,293322,295531,292916,295002
2024-01-11,295029,297144,293831,294827
2024-01-12,294892,298300,294603,296859
2024-01-15,296935,300032,296666,299401
2024-01-16,299455,299821,297795,298466
2024-01-17,298573,299851,296896,297165
2024-01-18,297235,299842,296825,299671
2024-01-19,299677,301910,299289,300623
2024-01-22,300950,301028,298337,299338
2024-01-23,299423,301415,298761,300923
2024-01-24,301091,301195,295885,297035
2024-01-25,297075,298506,296900,298196
2024-01-26,298330,299263,297982,299037
2024-01-29,299001,301527,298742,299751
2024-01-30,299847,301859,299069,300598
2024-01-31,300664,301603,298654,299598
2024-02-01,299711,301630,297993,300804
2024-02-02,301035,302621,299667,302466
2024-02-05,302466,303449,299133,301026
2024-02-06,301106,302001,300587,301166
2024-02-07,301241,302108,300642,301522
2024-02-08,301599,303894,301254,303693
2024-02-09,303801,304122,301736,302207
2024-02-12,302142,302375,300603,301605
2024-02-13,301691,303257,299559,300505
2024-02-14,300552,300883,298968,299899
2024-02-15,299967,300988,298990,300351
2024-02-16,300437,302718,300256,302388
2024-02-19,302206,303440,301917,302672
2024-02-20,302751,304656,302630,303582
2024-02-21,303662,304800,303373,304433
2024-02-22,304509,305508,304144,304655
2024-02-23,304716,306975,303834,306376
2024-02-26,306360,306693,305194,306040
2024-02-27,306063,306522,305353,305521
2024-02-28,305596,307187,305144,306475
2024-02-29,306583,306963,304198,306524
2024-03-01,306581,313513,306473,312738
2024-03-04,312766,319007,312119,318189
2024-03-05,318255,321740,317480,319194
2024-03-06,319289,321272,318029,320836
2024-03-07,320861,321183,318126,319655
2024-03-08,319828,323026,317920,320246
2024-03-11,320285,321351,319160,320685
2024-03-12,320758,321415,317665,318669
2024-03-13,318739,321600,317813,321192
2024-03-14,321293,321489,319226,320645
2024-03-15,320772,323220,320413,321219
2024-03-18,321243,322746,319764,322155
2024-03-19,322211,325719,322043,325401
2024-03-20,325533,331109,325285,330579
2024-03-21,330681,335913,328560,330641
2024-03-22,330786,331304,326550,327823
2024-03-25,327928,329982,327234,328791
2024-03-26,328873,332787,328024,330142
2024-03-27,330245,332236,329509,332034
2024-03-28,332122,338470,330966,338099
2024-03-29,338092,338307,337548,337870
2024-04-01,337872,342960,337660,341409
2024-04-02,341530,345812,340600,345532
2024-04-03,345580,349087,343987,348707
2024-04-04,348845,349272,344758,346556
2024-04-05,346641,353315,342320,353162
2024-04-08,353110,357140,349320,355020
2024-04-09,355090,359220,354711,357053
2024-04-10,357141,359286,353708,357324
2024-04-11,357469,364386,356494,363555
2024-04-12,363644,371849,357623,359164
2024-04-15,358821,368178,358587,367446
2024-04-16,367634,370773,364781,368580
2024-04-17,368670,370659,363565,364212
2024-04-18,364336,369510,364051,367837
2024-04-19,367947,372671,366794,369781
2024-04-22,369841,369901,359979,360249
2024-04-23,360351,361370,354742,359483
2024-04-24,359553,362282,357925,359703
2024-04-25,359780,364768,358403,362912
2024-04-26,363011,370319,362042,370056
2024-04-29,369131,371936,361041,365079
2024-04-30,365175,366711,360639,360688
2024-05-01,360770,365944,355303,358238
2024-05-02,358300,363179,352465,353764
2024-05-03,353964,354339,347280,352241
2024-05-06,352039,358496,351721,357559
2024-05-07,357646,359404,356331,357971
2024-05-08,357999,360881,357518,358817
2024-05-09,358952,364953,358241,364751
2024-05-10,364796,370441,364243,367521
2024-05-13,367617,368717,364312,364879
2024-05-14,364942,369228,364670,368690
2024-05-15,368855,370113,366317,369478
2024-05-16,369560,370128,367501,369162
2024-05-17,369256,377135,369165,375878
2024-05-20,375828,381532,375671,379044
2024-05-21,379112,380707,376091,378030
2024-05-22,378233,379151,371949,372835
2024-05-23,372942,373685,365257,365465
2024-05-24,365497,368764,365161,366358
2024-05-27,366532,369812,365991,368737
2024-05-28,368813,371291,367173,371047
2024-05-29,371123,371545,367034,368484
2024-05-30,368530,368816,364500,367691
2024-05-31,367785,370377,364898,366045
2024-06-03,366115,367509,364065,366775
2024-06-04,367006,367885,358753,360203
2024-06-05,360323,368189,360059,367416
2024-06-06,367544,370978,366439,369685
2024-06-07,369779,371611,358337,359275
2024-06-10,359543,363341,358919,362702
2024-06-11,362877,364523,361174,363992
2024-06-12,363950,365794,361838,364015
2024-06-13,364061,365448,359890,361689
2024-06-14,361738,367501,361336,367069
2024-06-17,367121,367519,364287,365526
2024-06-18,365781,368148,364735,367631
2024-06-19,367756,368548,366889,367743
2024-06-20,367792,375499,367490,375001
2024-06-21,375055,376607,369638,370980
2024-06-24,371073,372818,369378,372304
2024-06-25,372399,372683,369847,370343
2024-06-26,370478,371680,368176,369248
2024-06-27,369507,374536,368372,374145
2024-06-28,374240,375538,373043,374190
2024-07-01,374372,376864,373334,376281
2024-07-02,376518,377351,374754,376042
2024-07-03,376149,381809,375807,380883
2024-07-04,380979,381480,379386,379924
2024-07-05,379977,384667,378845,384357
2024-07-08,384369,384692,377981,379303
2024-07-09,379641,381661,378875,381313
2024-07-10,381456,385651,381049,383321
2024-07-11,383387,387229,378998,383473
2024-07-12,383561,384771,378284,380698
2024-07-15,380740,384785,379327,382719
2024-07-16,382805,391163,382700,390897
2024-07-17,390975,393337,383468,383783
2024-07-18,383999,387145,382266,384780
2024-07-19,384839,384921,376955,378100
2024-07-22,378022,379827,374057,376232
2024-07-23,376329,377013,373722,374696
2024-07-24,374927,375949,368843,368900
2024-07-25,368988,369378,360361,363912
2024-07-26,363933,367845,362418,366900
2024-07-29,367118,370288,364749,367146
2024-07-30,367205,370907,365879,367889
2024-07-31,368270,371525,362520,366934
2024-08-01,367131,370029,364026,365399
2024-08-02,365321,368178,353452,358046
2024-08-05,357993,358344,335735,347571
2024-08-06,347223,352599,344538,344935
2024-08-07,345194,354618,344434,349545
2024-08-08,349549,357605,347023,357485
2024-08-09,357541,358448,355065,356398
2024-08-12,356744,364145,356062,363527
2024-08-13,364035,364764,361303,361905
2024-08-14,361996,365032,358119,360526
2024-08-15,360619,366994,360099,366703
2024-08-16,366816,370622,364709,370072
2024-08-19,370333,371008,363343,367041
2024-08-20,366917,370090,364218,364980
2024-08-21,365174,367597,363226,364740
2024-08-22,364989,366013,361506,363241
2024-08-23,363462,366202,361681,362677
2024-08-26,362257,364472,360601,363884
2024-08-27,364071,364771,361662,363235
2024-08-28,363478,364180,360823,362077
2024-08-29,362096,367014,361459,365524
2024-08-30,365580,367310,363687,365843
2024-09-02,365953,367987,363384,367146
2024-09-03,367196,367460,359714,362481
2024-09-04,362676,363269,358430,358611
2024-09-05,358691,362796,357453,360971
2024-09-06,361060,361466,353946,355252
2024-09-09,355181,359193,354465,358638
2024-09-10,358856,359936,356767,358279
2024-09-11,358558,358802,353995,357533
2024-09-12,357563,364282,357329,362771
2024-09-13,362903,364373,360368,362988
2024-09-16,362775,363923,360324,362917
2024-09-17,362998,366138,361308,365856
2024-09-18,365926,367692,362534,364026
2024-09-19,364120,371117,362876,368838
2024-09-20,368933,378202,367478,377326
2024-09-23,377431,379881,375376,377282
2024-09-24,377501,381721,376616,380462
2024-09-25,380579,385276,379722,384587
2024-09-26,384668,387491,383822,386929
2024-09-27,387013,390875,375608,377936
2024-09-30,378113,380918,375528,378347
2024-10-01,378451,383684,377831,382190
2024-10-02,382396,389657,379747,389242
2024-10-03,389452,391392,386998,390111
2024-10-04,390208,396500,386908,394563
2024-10-07,394641,395435,390664,391512
2024-10-08,391611,393017,386061,388481
2024-10-09,388555,390452,386870,389307
2024-10-10,389348,391209,387849,390460
2024-10-11,390531,396664,390363,396087
2024-10-14,396289,398565,394455,396614
2024-10-15,396719,398567,394344,397055
2024-10-16,397268,401352,396389,399725
2024-10-17,399846,404775,399690,404434
2024-10-18,404515,407249,403782,406871
2024-10-21,406787,411513,406396,410101
2024-10-22,410290,415450,409716,415200
2024-10-23,415276,421123,413716,414608
2024-10-24,414730,417487,413597,415219
2024-10-25,415436,418624,412794,418474
2024-10-28,418665,421275,416195,420300
2024-10-29,420393,425855,419846,425463
2024-10-30,425599,427744,424082,427615
2024-10-31,427606,428383,416122,417144
2024-11-01,417067,421453,416869,418552
2024-11-04,418615,418793,415158,416133
2024-11-05,416309,417857,414794,415981
2024-11-06,416055,422680,409392,411098
2024-11-07,411203,414329,408566,413747
2024-11-08,413890,415190,408690,409624
2024-11-11,409763,411232,401386,402362
2024-11-12,402432,404296,398762,401651
2024-11-13,401760,405512,399960,399895
2024-11-14,399943,402077,396049,400608
2024-11-15,400868,402398,394577,395297
2024-11-18,395560,405281,395458,403817
2024-11-19,403866,407573,402159,407023
2024-11-20,407081,412551,406435,411956
2024-11-21,411821,413412,410189,412039
2024-11-22,412299,420112,411235,419746
2024-11-25,418411,419419,403413,404410
2024-11-26,404721,405450,401496,403126
2024-11-27,403159,403466,397357,398569
2024-11-28,398360,402609,397100,400211
2024-11-29,400287,400639,396043,397368
2024-12-02,397396,398063,393905,394585
2024-12-03,394812,397999,392697,395409
2024-12-04,395477,400559,395176,399031
2024-12-05,399165,399614,393948,394842
2024-12-06,395078,398089,392159,395015
2024-12-09,395153,404508,393406,402047
2024-12-10,402169,410027,401798,409084
2024-12-11,409207,415225,405359,414064
2024-12-12,414173,415053,407297,409055
2024-12-13,409197,411799,406532,406940
2024-12-16,406952,410509,406322,408831
2024-12-17,408932,409843,404296,405986
2024-12-18,406066,407750,400080,400161
2024-12-19,400298,412164,399593,408329
2024-12-20,408436,411971,407299,409918
2024-12-23,410195,412810,409503,410499
2024-12-24,410771,412188,410273,410743
2024-12-25,410815,411730,410319,411318
2024-12-26,410946,417135,410920,415943
2024-12-27,416080,416452,411581,413488
2024-12-30,413313,414864,407534,408766
2024-12-31,408814,414038,406544,412411
2025-01-01,412592,412710,411713,411597
2025-01-02,412749,419732,411744,418616
2025-01-03,418681,419489,414375,415054
2025-01-06,415021,417360,410546,415510
2025-01-07,415574,420204,415235,418665
2025-01-08,418645,422883,418060,421450
2025-01-09,421593,422579,419093,422088
2025-01-10,422289,426208,421217,424153
2025-01-13,424178,425373,418318,419102
2025-01-14,419326,423136,418773,422884
2025-01-15,422971,423279,418230,421946
2025-01-16,422030,424607,418598,421053
2025-01-17,421307,424771,420503,422252
2025-01-20,422352,424330,419235,421377
2025-01-21,421508,427132,419784,426893
2025-01-22,426895,432230,426361,431533
2025-01-23,431440,431537,427103,429782
2025-01-24,429991,435585,429288,432260
2025-01-27,431546,431892,421345,423125
2025-01-28,423451,430488,423296,429715
2025-01-29,429815,430877,426092,428251
2025-01-30,428316,432000,425761,431214
2025-01-31,431284,436002,430211,434659
2025-02-03,434001,437765,431493,435553
2025-02-04,435776,440883,435434,438672
2025-02-05,438459,439700,435750,437407
2025-02-06,437489,438220,430729,432510
2025-02-07,432594,437994,431704,433163
2025-02-10,432782,442610,432667,441981
2025-02-11,441916,447477,439186,441771
2025-02-12,441857,449480,440627,448380
2025-02-13,448434,451011,445990,447316
2025-02-14,447403,449069,438180,439207
2025-02-17,438991,441251,437555,438995
2025-02-18,439037,446688,438223,446244
2025-02-19,446342,447524,442721,444269
2025-02-20,444315,444640,438888,439692
2025-02-21,439804,443207,437004,438320
2025-02-24,438655,442925,435209,442059
2025-02-25,442111,443585,430042,434177
2025-02-26,434352,436973,431754,434742
2025-02-27,434872,435505,429304,430860
2025-02-28,431076,431810,426417,430483
2025-03-03,430180,435356,428991,432325
2025-03-04,432541,437320,428569,436937
2025-03-05,437041,437520,431135,434471
2025-03-06,434618,436572,427169,430931
2025-03-07,430803,432775,427351,430986
2025-03-10,430613,430889,423788,425224
2025-03-11,424948,432264,422511,430763
2025-03-12,430871,436213,430444,434890
2025-03-13,435203,441946,433429,441724
2025-03-14,441640,447255,440876,443547
2025-03-17,444247,448003,443300,447633
2025-03-18,447734,455328,447302,452897
2025-03-19,452955,456256,452091,453079
2025-03-20,453152,454039,449109,452992
2025-03-21,453046,454024,446513,451455
2025-03-24,451689,454560,451340,453640
2025-03-25,453708,455324,451432,452503
2025-03-26,452719,455972,452548,454639
2025-03-27,454730,462234,453706,461684
2025-03-28,461469,464855,460126,462140
2025-03-31,462160,469303,459078,468369
2025-04-01,468451,471973,464083,465762
2025-04-02,465958,470754,464706,467535
2025-04-03,467859,468434,445090,455069
2025-04-04,455155,456013,439125,446188
2025-04-07,441987,449295,431990,441038
2025-04-08,441089,445142,434526,436260
2025-04-09,436341,458927,432242,455347
2025-04-10,455434,460687,451135,458676
2025-04-11,458925,467046,456897,464429
2025-04-14,467069,467198,456875,458965
2025-04-15,459146,463059,458403,462861
2025-04-16,462996,475342,461904,474250
2025-04-17,474204,478695,466605,473858
2025-04-18,473973,474228,472930,473076
2025-04-21,473163,483051,471532,482062
2025-04-22,482406,490131,476023,478704
2025-04-23,478589,482854,464402,471708
2025-04-24,471802,481187,470337,477623
2025-04-25,477718,481192,469159,477009
2025-04-28,476989,478956,469449,474898
2025-04-29,474920,475663,469339,472244
2025-04-30,472213,473961,467301,470504
2025-05-01,470638,471355,462793,471355
2025-05-02,471355,473928,466155,469476
2025-05-05,469036,480058,468762,479188
2025-05-06,479170,489222,478178,488734
2025-05-07,488770,489763,480844,483927
2025-05-08,483933,490254,479361,482397
2025-05-09,482354,485991,477962,483234
2025-05-12,484814,486310,474949,480256
2025-05-13,480256,483005,475730,479346
2025-05-14,479346,480243,464558,466296
2025-05-15,466292,472198,455737,472045
2025-05-16,471976,473163,459462,466421
2025-05-19,465604,472065,465107,467834
2025-05-20,467913,476466,463247,475438
2025-05-21,475447,477627,472869,476318
2025-05-22,476318,479288,471700,474681
2025-05-23,474509,480304,472563,478652
2025-05-26,478366,478943,475211,477539
2025-05-27,477539,477990,473393,476405
2025-05-28,476362,479653,474753,476089
2025-05-29,476072,479929,473797,478414
2025-05-30,478497,478835,471102,473872
2025-06-02,474053,482912,472935,482618
2025-06-03,482226,483546,478662,482936
2025-06-04,482931,485146,480620,481574
2025-06-05,481556,487044,480444,481261
2025-06-06,481216,486135,478857,479545
2025-06-09,479644,482168,475993,480855
2025-06-10,481172,484029,478473,481431
2025-06-11,481431,486419,479982,485010
2025-06-12,484994,487270,481115,485837
2025-06-13,485833,497503,484812,494606
2025-06-16,494180,499278,486643,489885
2025-06-17,489831,493231,488713,492157
2025-06-18,492228,493306,488096,488904
2025-06-19,489005,492011,486220,490305
2025-06-20,490305,492514,485548,492083
2025-06-23,491729,500084,491426,492381
2025-06-24,492377,492774,477244,481786
2025-06-25,481778,485388,481028,484073
2025-06-26,484095,484528,477720,480548
2025-06-27,480583,480880,471117,473676
2025-06-30,473113,476910,469809,475738
2025-07-01,475738,480897,475318,478855
2025-07-02,478828,482759,477954,482420
2025-07-03,482418,484151,479414,482064
2025-07-04,482056,482954,480959,482288
2025-07-07,481887,487915,477043,487412
2025-07-08,487424,488691,483000,484063
2025-07-09,483915,485825,481598,484860
2025-07-10,484860,487546,483588,486182
2025-07-11,486215,496594,485562,494712
2025-07-14,494225,497710,492654,494001
2025-07-15,494017,499118,493623,494871
2025-07-16,494895,497807,492895,494965
2025-07-17,494968,496738,491996,496294
2025-07-18,496267,499017,495208,498550
2025-07-21,496110,501531,495222,500657
2025-07-22,500741,503401,498817,503219
2025-07-23,503236,504018,495512,496214
2025-07-24,496208,497060,491901,495149
2025-07-25,495149,496903,491244,492841
2025-07-28,493335,495523,489589,492437
2025-07-29,492399,494833,491145,493858
2025-07-30,493481,494724,488172,489686
2025-07-31,489687,497733,489227,496124
2025-08-01,496091,498939,494162,495605
2025-08-04,495521,498025,494088,496308
2025-08-05,496254,500212,494459,499126
2025-08-06,499082,499666,495382,496504
2025-08-07,496531,500480,495641,499704
2025-08-08,499784,502990,497933,502115
2025-08-11,501677,502963,494537,495184
2025-08-12,495134,498133,493739,494981
2025-08-13,495113,496730,493838,494658
2025-08-14,494664,495464,489660,492944
2025-08-15,492877,493441,489681,490953
2025-08-18,490803,495030,489707,492857
2025-08-19,492855,494155,489028,489800
2025-08-20,489800,493863,488601,493036
2025-08-21,493233,496302,491706,495364
2025-08-22,495364,497202,493650,495542
2025-08-25,495447,498465,494488,497474
2025-08-26,497174,500397,494645,500285
2025-08-27,500299,501071,498633,500811
2025-08-28,500823,503047,498429,502089
2025-08-29,502089,507633,500665,507025
2025-09-01,507131,512641,506283,511669
2025-09-02,511669,525272,511203,524358
2025-09-03,524358,529629,523604,527121
2025-09-04,527162,528748,520304,526411
2025-09-05,526393,530406,525157,528713
2025-09-08,532301,538452,530133,536182
2025-09-09,536200,539736,534135,534428
2025-09-10,534496,539604,533486,536875
2025-09-11,536875,537867,533334,534906
2025-09-12,534949,539971,534518,537983
2025-09-15,538308,543243,535092,542295
2025-09-16,542247,544005,539337,540585
2025-09-17,540571,541270,533037,538046
2025-09-18,538137,542037,535780,539426
2025-09-19,539435,545481,537869,545263
2025-09-22,545248,553901,544811,553426
2025-09-23,553426,559906,552217,555860
2025-09-24,555772,561067,553402,556209
2025-09-25,555956,563240,554586,561621
2025-09-26,561555,566174,559175,562184
2025-09-29,562061,569833,561521,569579
2025-09-30,569579,574594,561109,570815
2025-10-01,570815,573362,567032,568538
2025-10-02,568457,573196,563270,567852
2025-10-03,567935,573750,566787,573173
2025-10-06,580033,595837,579231,595623
2025-10-07,595464,605622,593205,605327
2025-10-08,605347,620245,604808,617014
2025-10-09,616993,619888,603729,608743
2025-10-10,608783,612404,602773,607496
2025-10-13,609957,626772,609302,625982
2025-10-14,625961,635148,620859,628980
2025-10-15,628968,638548,628225,635638
2025-10-16,635596,651513,634433,651114
2025-10-17,651100,657691,629775,640195
2025-10-20,639579,660372,635992,656706
2025-10-21,656706,659599,620329,626665
2025-10-22,626743,631576,607795,622974
2025-10-23,623090,634184,618930,629490
2025-10-24,629531,633020,618717,628647
2025-10-27,629357,629728,607919,608804
2025-10-28,608784,612666,590628,601154
2025-10-29,601001,613729,595950,600112
2025-10-30,600143,620703,596275,620369
2025-10-31,620320,623508,612272,616370
2025-11-03,616772,621170,611028,617268
2025-11-04,617227,617828,603019,604237
2025-11-05,604240,615269,602390,613464
2025-11-06,613737,617721,606199,608715
2025-11-07,608715,616540,608159,613644
2025-11-10,613204,634722,613204,634493
2025-11-11,634454,640135,630798,636254
2025-11-12,636234,651305,633477,649437
2025-11-13,649407,656377,639799,644690
2025-11-14,644719,650470,620946,630479
2025-11-17,629908,634863,622004,627872
2025-11-18,628044,634948,619719,632575
2025-11-19,632538,647460,630674,640869
2025-11-20,640869,647438,635451,642038
2025-11-21,642038,643333,630417,635886
2025-11-24,636943,649609,632427,648920
2025-11-25,648900,651121,640975,644687
2025-11-26,644665,653292,644238,651420
2025-11-27,651420,651832,646253,649870
2025-11-28,649808,660781,649641,660718
2025-12-01,660422,662582,653784,657821
2025-12-02,657694,660104,649019,655736
2025-12-03,655645,659504,650771,652591
2025-12-04,652559,654956,647694,652726
2025-12-05,652726,660784,649937,652042
2025-12-08,651391,656045,650296,653123
2025-12-09,653060,662324,650793,660026
2025-12-10,660070,661181,655108,659762
2025-12-11,659780,666552,654179,665894
2025-12-12,665893,678677,663235,670425
2025-12-15,670360,674935,665514,668389
2025-12-16,668290,670764,661008,665914
2025-12-17,665828,676838,665488,675384
2025-12-18,675050,680170,669516,673911
2025-12-19,673974,685956,671150,684500
2025-12-22,684196,698654,683133,697941
2025-12-23,698281,703334,692847,700446
2025-12-24,700708,705659,693295,698532
2025-12-25,698129,698711,697322,697928
2025-12-26,698577,712282,697370,709652
2025-12-29,709426,712356,672267,676086
2025-12-30,676086,687073,674656,678496
2025-12-31,678702,684040,669336,676025
2026-01-01,676068,676197,675939,676025
2026-01-02,676089,690651,675857,679173
2026-01-05,678870,697998,678567,695614
2026-01-06,695647,704695,693063,704099
2026-01-07,703937,705102,692914,698702
2026-01-08,698680,703212,690960,702593
2026-01-09,702593,713654,699417,712145
2026-01-12,712979,731980,712611,727178
2026-01-13,727270,736557,723915,730044
2026-01-14,729953,739264,728170,733431
2026-01-15,732984,733303,726013,732334
2026-01-16,732453,733134,717232,726578
2026-01-19,725751,739694,724947,738582
2026-01-20,738465,753768,735940,753425
2026-01-21,753321,773143,752353,765016
2026-01-22,764895,782744,755396,781914
2026-01-23,781894,789405,773905,775912
2026-01-26,772922,787870,768438,772512
2026-01-27,772462,790484,772267,788401
2026-01-28,788150,831522,786484,830699
2026-01-29,830699,856495,781100,823383
2026-01-30,823784,835736,726029,753035
2026-02-02,752791,757307,681134,725281
2026-02-03,725258,777684,724979,770334
2026-02-04,770309,796673,760434,778736
2026-02-05,778562,788158,747540,750202
2026-02-06,750211,780921,729292,779966
2026-02-09,779966,794331,777833,788598
2026-02-10,788693,791538,771684,775839
2026-02-11,775914,785675,771846,779184
2026-02-12,779184,781412,743933,751838
2026-02-13,751838,771217,747078,770108
2026-02-16,769806,770736,760883,766420
2026-02-17,766420,768433,742572,747907
2026-02-18,747871,773884,743646,770441
2026-02-19,770445,779162,767206,774203
2026-02-20,774388,791642,772886,791557
2026-02-22,791241,797814,791088,797814
2026-02-23,790791,810417,790437,808636
2026-02-24,810087,810500,799010,807780
