Date,Open,High,Low,Close
1971-01-05,357.81,357.81,357.81,357.81
1971-01-06,357.86,357.86,357.86,357.86
1971-01-07,357.87,357.87,357.87,357.87
1971-01-08,357.82,357.82,357.82,357.82
1971-01-11,357.95,357.95,357.95,357.95
1971-01-12,358.06,358.06,358.06,358.06
1971-01-13,358.44,358.44,358.44,358.44
1971-01-14,358.4,358.4,358.4,358.4
1971-01-15,358.4,358.4,358.4,358.4
1971-01-18,358.29,358.29,358.29,358.29
1971-01-19,358.35,358.35,358.35,358.35
1971-01-20,358.4,358.4,358.4,358.4
1971-01-21,358.27,358.27,358.27,358.27
1971-01-22,357.9,357.9,357.9,357.9
1971-01-25,357.73,357.73,357.73,357.73
1971-01-26,357.78,357.78,357.78,357.78
1971-01-27,357.79,357.79,357.79,357.79
1971-01-28,357.83,357.83,357.83,357.83
1971-01-29,357.72,357.72,357.72,357.72
1971-02-01,357.67,357.67,357.67,357.67
1971-02-02,357.55,357.55,357.55,357.55
1971-02-03,357.54,357.54,357.54,357.54
1971-02-04,357.51,357.51,357.51,357.51
1971-02-05,357.53,357.53,357.53,357.53
1971-02-08,357.49,357.49,357.49,357.49
1971-02-09,357.5,357.5,357.5,357.5
1971-02-10,357.5,357.5,357.5,357.5
1971-02-11,357.5,357.5,357.5,357.5
1971-02-16,357.53,357.53,357.53,357.53
1971-02-17,357.53,357.53,357.53,357.53
1971-02-18,357.53,357.53,357.53,357.53
1971-02-19,357.56,357.56,357.56,357.56
1971-02-22,357.6,357.6,357.6,357.6
1971-02-23,357.55,357.55,357.55,357.55
1971-02-24,357.6,357.6,357.6,357.6
1971-02-25,357.56,357.56,357.56,357.56
1971-02-26,357.56,357.56,357.56,357.56
1971-03-01,357.63,357.63,357.63,357.63
1971-03-02,357.56,357.56,357.56,357.56
1971-03-03,357.49,357.49,357.49,357.49
1971-03-04,357.45,357.45,357.45,357.45
1971-03-05,357.59,357.59,357.59,357.59
1971-03-08,357.55,357.55,357.55,357.55
1971-03-09,357.46,357.46,357.46,357.46
1971-03-10,357.59,357.59,357.59,357.59
1971-03-11,357.56,357.56,357.56,357.56
1971-03-12,357.58,357.58,357.58,357.58
1971-03-15,357.54,357.54,357.54,357.54
1971-03-16,357.49,357.49,357.49,357.49
1971-03-17,357.53,357.53,357.53,357.53
1971-03-18,357.56,357.56,357.56,357.56
1971-03-19,357.56,357.56,357.56,357.56
1971-03-22,357.44,357.44,357.44,357.44
1971-03-23,357.53,357.53,357.53,357.53
1971-03-24,357.53,357.53,357.53,357.53
1971-03-25,357.47,357.47,357.47,357.47
1971-03-26,357.47,357.47,357.47,357.47
1971-03-29,357.44,357.44,357.44,357.44
1971-03-30,357.49,357.49,357.49,357.49
1971-03-31,357.42,357.42,357.42,357.42
1971-04-01,357.49,357.49,357.49,357.49
1971-04-02,357.53,357.53,357.53,357.53
1971-04-05,357.5,357.5,357.5,357.5
1971-04-06,357.46,357.46,357.46,357.46
1971-04-07,357.55,357.55,357.55,357.55
1971-04-08,357.55,357.55,357.55,357.55
1971-04-09,357.5,357.5,357.5,357.5
1971-04-12,357.5,357.5,357.5,357.5
1971-04-13,357.62,357.62,357.62,357.62
1971-04-14,357.58,357.58,357.58,357.58
1971-04-15,357.5,357.5,357.5,357.5
1971-04-16,357.54,357.54,357.54,357.54
1971-04-19,357.49,357.49,357.49,357.49
1971-04-20,357.49,357.49,357.49,357.49
1971-04-21,357.49,357.49,357.49,357.49
1971-04-22,357.49,357.49,357.49,357.49
1971-04-23,357.49,357.49,357.49,357.49
1971-04-26,357.5,357.5,357.5,357.5
1971-04-27,357.49,357.49,357.49,357.49
1971-04-28,357.5,357.5,357.5,357.5
1971-04-29,357.41,357.41,357.41,357.41
1971-04-30,357.4,357.4,357.4,357.4
1971-05-03,357.41,357.41,357.41,357.41
1971-05-04,357.4,357.4,357.4,357.4
1971-05-05,357.4,357.4,357.4,357.4
1971-05-06,357.41,357.41,357.41,357.41
1971-05-07,357.41,357.41,357.41,357.41
1971-05-10,357.14,357.14,357.14,357.14
1971-05-11,357.44,357.44,357.44,357.44
1971-05-12,357.53,357.53,357.53,357.53
1971-05-13,357.49,357.49,357.49,357.49
1971-05-14,357.49,357.49,357.49,357.49
1971-05-17,357.4,357.4,357.4,357.4
1971-05-18,357.44,357.44,357.44,357.44
1971-05-19,357.4,357.4,357.4,357.4
1971-05-20,357.46,357.46,357.46,357.46
1971-05-21,357.4,357.4,357.4,357.4
1971-05-24,357.4,357.4,357.4,357.4
1971-05-25,357.4,357.4,357.4,357.4
1971-05-26,357.44,357.44,357.44,357.44
1971-05-27,357.4,357.4,357.4,357.4
1971-05-28,357.4,357.4,357.4,357.4
1971-06-01,357.46,357.46,357.46,357.46
1971-06-02,357.4,357.4,357.4,357.4
1971-06-03,357.46,357.46,357.46,357.46
1971-06-04,357.4,357.4,357.4,357.4
1971-06-07,357.4,357.4,357.4,357.4
1971-06-08,357.4,357.4,357.4,357.4
1971-06-09,357.4,357.4,357.4,357.4
1971-06-10,357.4,357.4,357.4,357.4
1971-06-11,357.4,357.4,357.4,357.4
1971-06-14,357.4,357.4,357.4,357.4
1971-06-15,357.46,357.46,357.46,357.46
1971-06-16,357.46,357.46,357.46,357.46
1971-06-17,357.46,357.46,357.46,357.46
1971-06-18,357.4,357.4,357.4,357.4
1971-06-21,357.4,357.4,357.4,357.4
1971-06-22,357.4,357.4,357.4,357.4
1971-06-23,357.4,357.4,357.4,357.4
1971-06-24,357.4,357.4,357.4,357.4
1971-06-25,357.4,357.4,357.4,357.4
1971-06-28,357.37,357.37,357.37,357.37
1971-06-29,357.39,357.39,357.39,357.39
1971-06-30,357.4,357.4,357.4,357.4
1971-07-01,357.4,357.4,357.4,357.4
1971-07-02,357.4,357.4,357.4,357.4
1971-07-06,357.45,357.45,357.45,357.45
1971-07-07,357.46,357.46,357.46,357.46
1971-07-08,357.46,357.46,357.46,357.46
1971-07-09,357.4,357.4,357.4,357.4
1971-07-12,357.41,357.41,357.41,357.41
1971-07-13,357.44,357.44,357.44,357.44
1971-07-14,357.4,357.4,357.4,357.4
1971-07-15,357.4,357.4,357.4,357.4
1971-07-16,357.4,357.4,357.4,357.4
1971-07-19,357.39,357.39,357.39,357.39
1971-07-20,357.39,357.39,357.39,357.39
1971-07-21,357.4,357.4,357.4,357.4
1971-07-22,357.37,357.37,357.37,357.37
1971-07-23,357.36,357.36,357.36,357.36
1971-07-26,357.4,357.4,357.4,357.4
1971-07-27,357.37,357.37,357.37,357.37
1971-07-28,357.4,357.4,357.4,357.4
1971-07-29,357.4,357.4,357.4,357.4
1971-07-30,357.39,357.39,357.39,357.39
1971-08-02,357.41,357.41,357.41,357.41
1971-08-03,357.37,357.37,357.37,357.37
1971-08-04,357.37,357.37,357.37,357.37
1971-08-05,357.37,357.37,357.37,357.37
1971-08-06,357.37,357.37,357.37,357.37
1971-08-09,357.35,357.35,357.35,357.35
1971-08-10,357.39,357.39,357.39,357.39
1971-08-11,357.35,357.35,357.35,357.35
1971-08-12,357.4,357.4,357.4,357.4
1971-08-13,357.35,357.35,357.35,357.35
1971-08-31,339.85,339.85,339.85,339.85
1971-09-01,341.01,341.01,341.01,341.01
1971-09-02,338.98,338.98,338.98,338.98
1971-09-03,340.14,340.14,340.14,340.14
1971-09-07,339.79,339.79,339.79,339.79
1971-09-08,339.39,339.39,339.39,339.39
1971-09-09,339.07,339.07,339.07,339.07
1971-09-10,338.81,338.81,338.81,338.81
1971-09-13,338.98,338.98,338.98,338.98
1971-09-14,338.24,338.24,338.24,338.24
1971-09-15,338.41,338.41,338.41,338.41
1971-09-16,337.84,337.84,337.84,337.84
1971-09-17,337.95,337.95,337.95,337.95
1971-09-20,337.27,337.27,337.27,337.27
1971-09-21,337.34,337.34,337.34,337.34
1971-09-22,337.44,337.44,337.44,337.44
1971-09-23,337.27,337.27,337.27,337.27
1971-09-24,336.98,336.98,336.98,336.98
1971-09-27,336.25,336.25,336.25,336.25
1971-09-28,336.36,336.36,336.36,336.36
1971-09-29,335.57,335.57,335.57,335.57
1971-09-30,335.35,335.35,335.35,335.35
1971-10-01,333.39,333.39,333.39,333.39
1971-10-04,333.17,333.17,333.17,333.17
1971-10-05,333.14,333.14,333.14,333.14
1971-10-06,332.65,332.65,332.65,332.65
1971-10-07,332.61,332.61,332.61,332.61
1971-10-08,332.37,332.37,332.37,332.37
1971-10-12,330.52,330.52,330.52,330.52
1971-10-13,331.4,331.4,331.4,331.4
1971-10-14,330.85,330.85,330.85,330.85
1971-10-15,330.58,330.58,330.58,330.58
1971-10-18,329.6,329.6,329.6,329.6
1971-10-19,330.85,330.85,330.85,330.85
1971-10-20,331.07,331.07,331.07,331.07
1971-10-21,330.79,330.79,330.79,330.79
1971-10-22,330.36,330.36,330.36,330.36
1971-10-26,329.0,329.0,329.0,329.0
1971-10-27,329.54,329.54,329.54,329.54
1971-10-28,329.71,329.71,329.71,329.71
1971-10-29,329.5,329.5,329.5,329.5
1971-11-01,329.45,329.45,329.45,329.45
1971-11-03,329.5,329.5,329.5,329.5
1971-11-04,330.87,330.87,330.87,330.87
1971-11-05,329.16,329.16,329.16,329.16
1971-11-08,329.22,329.22,329.22,329.22
1971-11-09,329.16,329.16,329.16,329.16
1971-11-10,329.11,329.11,329.11,329.11
1971-11-11,329.11,329.11,329.11,329.11
1971-11-12,329.49,329.49,329.49,329.49
1971-11-15,328.73,328.73,328.73,328.73
1971-11-16,328.62,328.62,328.62,328.62
1971-11-17,328.8,328.8,328.8,328.8
1971-11-18,328.68,328.68,328.68,328.68
1971-11-19,328.4,328.4,328.4,328.4
1971-11-22,328.41,328.41,328.41,328.41
1971-11-23,328.19,328.19,328.19,328.19
1971-11-24,328.04,328.04,328.04,328.04
1971-11-26,327.6,327.6,327.6,327.6
1971-11-29,327.06,327.06,327.06,327.06
1971-11-30,327.44,327.44,327.44,327.44
1971-12-01,327.6,327.6,327.6,327.6
1971-12-02,326.0,326.0,326.0,326.0
1971-12-03,325.1,325.1,325.1,325.1
1971-12-06,326.53,326.53,326.53,326.53
1971-12-07,323.62,323.62,323.62,323.62
1971-12-08,323.5,323.5,323.5,323.5
1971-12-09,323.52,323.52,323.52,323.52
1971-12-10,323.1,323.1,323.1,323.1
1971-12-13,322.79,322.79,322.79,322.79
1971-12-14,322.58,322.58,322.58,322.58
1971-12-15,321.54,321.54,321.54,321.54
1971-12-16,320.0,320.0,320.0,320.0
1971-12-17,320.36,320.36,320.36,320.36
1971-12-21,314.98,314.98,314.98,314.98
1971-12-22,314.96,314.96,314.96,314.96
1971-12-23,315.01,315.01,315.01,315.01
1971-12-24,315.21,315.21,315.21,315.21
1971-12-27,314.96,314.96,314.96,314.96
1971-12-28,315.01,315.01,315.01,315.01
1971-12-29,315.21,315.21,315.21,315.21
1971-12-30,315.01,315.01,315.01,315.01
1971-12-31,315.01,315.01,315.01,315.01
1972-01-03,314.86,314.86,314.86,314.86
1972-01-04,314.96,314.96,314.96,314.96
1972-01-05,314.86,314.86,314.86,314.86
1972-01-06,312.01,312.01,312.01,312.01
1972-01-07,312.5,312.5,312.5,312.5
1972-01-10,312.99,312.99,312.99,312.99
1972-01-11,314.47,314.47,314.47,314.47
1972-01-12,313.48,313.48,313.48,313.48
1972-01-13,313.97,313.97,313.97,313.97
1972-01-14,312.99,312.99,312.99,312.99
1972-01-17,313.38,313.38,313.38,313.38
1972-01-18,312.89,312.89,312.89,312.89
1972-01-19,312.79,312.79,312.79,312.79
1972-01-20,312.01,312.01,312.01,312.01
1972-01-21,312.3,312.3,312.3,312.3
1972-01-24,312.21,312.21,312.21,312.21
1972-01-25,311.82,311.82,311.82,311.82
1972-01-26,311.53,311.53,311.53,311.53
1972-01-27,310.08,310.08,310.08,310.08
1972-01-28,310.46,310.46,310.46,310.46
1972-01-31,310.56,310.56,310.56,310.56
1972-02-01,310.37,310.37,310.37,310.37
1972-02-02,308.55,308.55,308.55,308.55
1972-02-03,309.12,309.12,309.12,309.12
1972-02-04,308.64,308.64,308.64,308.64
1972-02-07,308.17,308.17,308.17,308.17
1972-02-08,307.69,307.69,307.69,307.69
1972-02-09,304.79,304.79,304.79,304.79
1972-02-10,304.69,304.69,304.69,304.69
1972-02-11,304.69,304.69,304.69,304.69
1972-02-14,304.23,304.23,304.23,304.23
1972-02-15,304.14,304.14,304.14,304.14
1972-02-16,303.95,303.95,303.95,303.95
1972-02-17,303.95,303.95,303.95,303.95
1972-02-18,303.49,303.49,303.49,303.49
1972-02-22,302.85,302.85,302.85,302.85
1972-02-23,302.48,302.48,302.48,302.48
1972-02-24,302.11,302.11,302.11,302.11
1972-02-25,302.48,302.48,302.48,302.48
1972-02-28,303.95,303.95,303.95,303.95
1972-02-29,303.4,303.4,303.4,303.4
1972-03-01,303.21,303.21,303.21,303.21
1972-03-02,303.03,303.03,303.03,303.03
1972-03-03,302.66,302.66,302.66,302.66
1972-03-06,302.75,302.75,302.75,302.75
1972-03-07,302.3,302.3,302.3,302.3
1972-03-08,302.02,302.02,302.02,302.02
1972-03-09,301.66,301.66,301.66,301.66
1972-03-10,301.93,301.93,301.93,301.93
1972-03-13,302.3,302.3,302.3,302.3
1972-03-14,302.21,302.21,302.21,302.21
1972-03-15,302.11,302.11,302.11,302.11
1972-03-16,302.02,302.02,302.02,302.02
1972-03-17,302.11,302.11,302.11,302.11
1972-03-20,302.3,302.3,302.3,302.3
1972-03-21,302.11,302.11,302.11,302.11
1972-03-22,302.11,302.11,302.11,302.11
1972-03-23,301.93,301.93,301.93,301.93
1972-03-24,302.3,302.3,302.3,302.3
1972-03-27,302.57,302.57,302.57,302.57
1972-03-28,302.85,302.85,302.85,302.85
1972-03-29,303.77,303.77,303.77,303.77
1972-03-30,303.77,303.77,303.77,303.77
1972-03-31,304.32,304.32,304.32,304.32
1972-04-03,304.14,304.14,304.14,304.14
1972-04-04,304.97,304.97,304.97,304.97
1972-04-05,305.16,305.16,305.16,305.16
1972-04-06,304.88,304.88,304.88,304.88
1972-04-07,303.21,303.21,303.21,303.21
1972-04-10,302.11,302.11,302.11,302.11
1972-04-11,302.3,302.3,302.3,302.3
1972-04-12,302.43,302.43,302.43,302.43
1972-04-13,302.57,302.57,302.57,302.57
1972-04-14,302.94,302.94,302.94,302.94
1972-04-17,302.57,302.57,302.57,302.57
1972-04-18,302.39,302.39,302.39,302.39
1972-04-19,302.94,302.94,302.94,302.94
1972-04-20,303.03,303.03,303.03,303.03
1972-04-21,303.21,303.21,303.21,303.21
1972-04-24,305.16,305.16,305.16,305.16
1972-04-25,304.32,304.32,304.32,304.32
1972-04-26,303.77,303.77,303.77,303.77
1972-04-27,304.23,304.23,304.23,304.23
1972-04-28,304.88,304.88,304.88,304.88
1972-05-01,304.41,304.41,304.41,304.41
1972-05-02,304.23,304.23,304.23,304.23
1972-05-03,304.32,304.32,304.32,304.32
1972-05-04,304.23,304.23,304.23,304.23
1972-05-05,304.32,304.32,304.32,304.32
1972-05-08,305.06,305.06,305.06,305.06
1972-05-09,304.97,304.97,304.97,304.97
1972-05-10,303.77,303.77,303.77,303.77
1972-05-11,303.58,303.58,303.58,303.58
1972-05-12,303.86,303.86,303.86,303.86
1972-05-15,304.32,304.32,304.32,304.32
1972-05-16,304.41,304.41,304.41,304.41
1972-05-17,304.51,304.51,304.51,304.51
1972-05-18,304.6,304.6,304.6,304.6
1972-05-19,304.04,304.04,304.04,304.04
1972-05-22,304.41,304.41,304.41,304.41
1972-05-23,304.23,304.23,304.23,304.23
1972-05-24,304.32,304.32,304.32,304.32
1972-05-25,304.32,304.32,304.32,304.32
1972-05-26,304.41,304.41,304.41,304.41
1972-05-30,305.34,305.34,305.34,305.34
1972-05-31,304.69,304.69,304.69,304.69
1972-06-01,304.41,304.41,304.41,304.41
1972-06-02,304.23,304.23,304.23,304.23
1972-06-05,304.69,304.69,304.69,304.69
1972-06-06,304.51,304.51,304.51,304.51
1972-06-07,304.41,304.41,304.41,304.41
1972-06-08,304.32,304.32,304.32,304.32
1972-06-09,304.23,304.23,304.23,304.23
1972-06-12,304.51,304.51,304.51,304.51
1972-06-13,304.04,304.04,304.04,304.04
1972-06-14,303.95,303.95,303.95,303.95
1972-06-15,304.04,304.04,304.04,304.04
1972-06-16,303.95,303.95,303.95,303.95
1972-06-19,303.86,303.86,303.86,303.86
1972-06-20,303.4,303.4,303.4,303.4
1972-06-21,302.94,302.94,302.94,302.94
1972-06-22,302.07,302.07,302.07,302.07
1972-06-23,294.12,294.12,294.12,294.12
1972-06-26,298.51,298.51,298.51,298.51
1972-06-27,298.51,298.51,298.51,298.51
1972-06-28,296.74,296.74,296.74,296.74
1972-06-29,300.75,300.75,300.75,300.75
1972-06-30,300.93,300.93,300.93,300.93
1972-07-03,300.84,300.84,300.84,300.84
1972-07-05,300.03,300.03,300.03,300.03
1972-07-06,300.57,300.57,300.57,300.57
1972-07-07,300.93,300.93,300.93,300.93
1972-07-10,301.3,301.3,301.3,301.3
1972-07-11,301.57,301.57,301.57,301.57
1972-07-12,301.2,301.2,301.2,301.2
1972-07-13,301.02,301.02,301.02,301.02
1972-07-14,301.2,301.2,301.2,301.2
1972-07-17,301.02,301.02,301.02,301.02
1972-07-18,300.75,300.75,300.75,300.75
1972-07-19,301.2,301.2,301.2,301.2
1972-07-20,300.93,300.93,300.93,300.93
1972-07-21,301.11,301.11,301.11,301.11
1972-07-24,301.2,301.2,301.2,301.2
1972-07-25,300.75,300.75,300.75,300.75
1972-07-26,301.2,301.2,301.2,301.2
1972-07-27,301.2,301.2,301.2,301.2
1972-07-28,301.2,301.2,301.2,301.2
1972-07-31,301.39,301.39,301.39,301.39
1972-08-01,301.2,301.2,301.2,301.2
1972-08-02,301.2,301.2,301.2,301.2
1972-08-03,301.2,301.2,301.2,301.2
1972-08-04,300.93,300.93,300.93,300.93
1972-08-07,301.11,301.11,301.11,301.11
1972-08-08,301.2,301.2,301.2,301.2
1972-08-09,301.2,301.2,301.2,301.2
1972-08-10,301.11,301.11,301.11,301.11
1972-08-11,301.11,301.11,301.11,301.11
1972-08-14,301.11,301.11,301.11,301.11
1972-08-15,301.2,301.2,301.2,301.2
1972-08-16,301.2,301.2,301.2,301.2
1972-08-17,301.2,301.2,301.2,301.2
1972-08-18,301.2,301.2,301.2,301.2
1972-08-21,301.11,301.11,301.11,301.11
1972-08-22,301.2,301.2,301.2,301.2
1972-08-23,301.2,301.2,301.2,301.2
1972-08-24,301.2,301.2,301.2,301.2
1972-08-25,301.2,301.2,301.2,301.2
1972-08-28,301.2,301.2,301.2,301.2
1972-08-29,301.2,301.2,301.2,301.2
1972-08-30,301.11,301.11,301.11,301.11
1972-08-31,301.11,301.11,301.11,301.11
1972-09-01,301.11,301.11,301.11,301.11
1972-09-05,301.2,301.2,301.2,301.2
1972-09-06,301.2,301.2,301.2,301.2
1972-09-07,301.11,301.11,301.11,301.11
1972-09-08,301.11,301.11,301.11,301.11
1972-09-11,301.2,301.2,301.2,301.2
1972-09-12,301.11,301.11,301.11,301.11
1972-09-13,301.11,301.11,301.11,301.11
1972-09-14,301.11,301.11,301.11,301.11
1972-09-15,301.11,301.11,301.11,301.11
1972-09-18,301.11,301.11,301.11,301.11
1972-09-19,301.11,301.11,301.11,301.11
1972-09-20,301.11,301.11,301.11,301.11
1972-09-21,301.11,301.11,301.11,301.11
1972-09-22,301.11,301.11,301.11,301.11
1972-09-25,301.11,301.11,301.11,301.11
1972-09-26,301.11,301.11,301.11,301.11
1972-09-27,301.02,301.02,301.02,301.02
1972-09-28,301.11,301.11,301.11,301.11
1972-09-29,301.11,301.11,301.11,301.11
1972-10-02,301.11,301.11,301.11,301.11
1972-10-03,301.11,301.11,301.11,301.11
1972-10-04,301.11,301.11,301.11,301.11
1972-10-05,301.11,301.11,301.11,301.11
1972-10-06,300.93,300.93,300.93,300.93
1972-10-10,300.93,300.93,300.93,300.93
1972-10-11,301.02,301.02,301.02,301.02
1972-10-12,301.02,301.02,301.02,301.02
1972-10-13,301.11,301.11,301.11,301.11
1972-10-16,301.11,301.11,301.11,301.11
1972-10-17,301.11,301.11,301.11,301.11
1972-10-18,301.11,301.11,301.11,301.11
1972-10-19,301.02,301.02,301.02,301.02
1972-10-20,300.75,300.75,300.75,300.75
1972-10-24,301.02,301.02,301.02,301.02
1972-10-25,301.2,301.2,301.2,301.2
1972-10-26,300.84,300.84,300.84,300.84
1972-10-27,300.48,300.48,300.48,300.48
1972-10-30,301.02,301.02,301.02,301.02
1972-10-31,301.11,301.11,301.11,301.11
1972-11-01,301.02,301.02,301.02,301.02
1972-11-02,300.66,300.66,300.66,300.66
1972-11-03,299.94,299.94,299.94,299.94
1972-11-06,301.02,301.02,301.02,301.02
1972-11-08,301.02,301.02,301.02,301.02
1972-11-09,301.02,301.02,301.02,301.02
1972-11-10,300.93,300.93,300.93,300.93
1972-11-13,301.02,301.02,301.02,301.02
1972-11-14,301.02,301.02,301.02,301.02
1972-11-15,301.11,301.11,301.11,301.11
1972-11-16,301.11,301.11,301.11,301.11
1972-11-17,301.02,301.02,301.02,301.02
1972-11-20,301.11,301.11,301.11,301.11
1972-11-21,301.11,301.11,301.11,301.11
1972-11-22,301.11,301.11,301.11,301.11
1972-11-24,301.02,301.02,301.02,301.02
1972-11-27,301.11,301.11,301.11,301.11
1972-11-28,301.2,301.2,301.2,301.2
1972-11-29,301.11,301.11,301.11,301.11
1972-11-30,301.11,301.11,301.11,301.11
1972-12-01,301.11,301.11,301.11,301.11
1972-12-04,301.11,301.11,301.11,301.11
1972-12-05,301.11,301.11,301.11,301.11
1972-12-06,301.11,301.11,301.11,301.11
1972-12-07,301.11,301.11,301.11,301.11
1972-12-08,301.11,301.11,301.11,301.11
1972-12-11,301.07,301.07,301.07,301.07
1972-12-12,301.11,301.11,301.11,301.11
1972-12-13,301.11,301.11,301.11,301.11
1972-12-14,301.11,301.11,301.11,301.11
1972-12-15,301.11,301.11,301.11,301.11
1972-12-18,301.11,301.11,301.11,301.11
1972-12-19,301.11,301.11,301.11,301.11
1972-12-20,301.11,301.11,301.11,301.11
1972-12-21,301.11,301.11,301.11,301.11
1972-12-22,301.11,301.11,301.11,301.11
1972-12-26,301.39,301.39,301.39,301.39
1972-12-27,302.02,302.02,302.02,302.02
1972-12-28,302.02,302.02,302.02,302.02
1972-12-29,301.66,301.66,301.66,301.66
1973-01-02,301.39,301.39,301.39,301.39
1973-01-03,301.43,301.43,301.43,301.43
1973-01-04,301.2,301.2,301.2,301.2
1973-01-05,301.3,301.3,301.3,301.3
1973-01-08,302.21,302.21,302.21,302.21
1973-01-09,302.07,302.07,302.07,302.07
1973-01-10,301.84,301.84,301.84,301.84
1973-01-11,301.48,301.48,301.48,301.48
1973-01-12,301.66,301.66,301.66,301.66
1973-01-15,301.66,301.66,301.66,301.66
1973-01-16,301.93,301.93,301.93,301.93
1973-01-17,302.11,302.11,302.11,302.11
1973-01-18,302.21,302.21,302.21,302.21
1973-01-19,302.57,302.57,302.57,302.57
1973-01-22,302.48,302.48,302.48,302.48
1973-01-23,301.66,301.66,301.66,301.66
1973-01-24,302.11,302.11,302.11,302.11
1973-01-25,301.84,301.84,301.84,301.84
1973-01-26,301.75,301.75,301.75,301.75
1973-01-29,301.66,301.66,301.66,301.66
1973-01-30,301.39,301.39,301.39,301.39
1973-01-31,301.39,301.39,301.39,301.39
1973-02-01,300.93,300.93,300.93,300.93
1973-02-02,299.58,299.58,299.58,299.58
1973-02-05,300.75,300.75,300.75,300.75
1973-02-06,299.85,299.85,299.85,299.85
1973-02-07,299.85,299.85,299.85,299.85
1973-02-08,299.4,299.4,299.4,299.4
1973-02-09,293.26,293.26,293.26,293.26
1973-02-13,266.67,266.67,266.67,266.67
1973-02-14,265.96,265.96,265.96,265.96
1973-02-15,263.02,263.02,263.02,263.02
1973-02-16,263.85,263.85,263.85,263.85
1973-02-20,265.96,265.96,265.96,265.96
1973-02-21,264.9,264.9,264.9,264.9
1973-02-22,265.46,265.46,265.46,265.46
1973-02-23,264.9,264.9,264.9,264.9
1973-02-26,265.6,265.6,265.6,265.6
1973-02-27,265.96,265.96,265.96,265.96
1973-02-28,265.67,265.67,265.67,265.67
1973-03-01,265.6,265.6,265.6,265.6
1973-03-02,262.12,262.12,262.12,262.12
1973-03-05,259.07,259.07,259.07,259.07
1973-03-06,261.78,261.78,261.78,261.78
1973-03-07,261.92,261.92,261.92,261.92
1973-03-08,261.44,261.44,261.44,261.44
1973-03-09,260.42,260.42,260.42,260.42
1973-03-12,257.07,257.07,257.07,257.07
1973-03-13,254.97,254.97,254.97,254.97
1973-03-14,254.45,254.45,254.45,254.45
1973-03-15,255.75,255.75,255.75,255.75
1973-03-16,260.08,260.08,260.08,260.08
1973-03-19,263.16,263.16,263.16,263.16
1973-03-20,263.16,263.16,263.16,263.16
1973-03-21,263.16,263.16,263.16,263.16
1973-03-22,263.5,263.5,263.5,263.5
1973-03-23,266.03,266.03,266.03,266.03
1973-03-26,265.53,265.53,265.53,265.53
1973-03-27,265.39,265.39,265.39,265.39
1973-03-28,265.6,265.6,265.6,265.6
1973-03-29,265.67,265.67,265.67,265.67
1973-03-30,265.96,265.96,265.96,265.96
1973-04-02,266.03,266.03,266.03,266.03
1973-04-03,265.46,265.46,265.46,265.46
1973-04-04,264.97,264.97,264.97,264.97
1973-04-05,264.55,264.55,264.55,264.55
1973-04-06,264.76,264.76,264.76,264.76
1973-04-09,265.53,265.53,265.53,265.53
1973-04-10,265.53,265.53,265.53,265.53
1973-04-11,265.67,265.67,265.67,265.67
1973-04-12,266.03,266.03,266.03,266.03
1973-04-13,265.89,265.89,265.89,265.89
1973-04-16,265.6,265.6,265.6,265.6
1973-04-17,265.46,265.46,265.46,265.46
1973-04-18,265.46,265.46,265.46,265.46
1973-04-19,265.53,265.53,265.53,265.53
1973-04-20,265.6,265.6,265.6,265.6
1973-04-23,265.6,265.6,265.6,265.6
1973-04-24,265.46,265.46,265.46,265.46
1973-04-25,265.46,265.46,265.46,265.46
1973-04-26,265.6,265.6,265.6,265.6
1973-04-27,265.6,265.6,265.6,265.6
1973-04-30,265.53,265.53,265.53,265.53
1973-05-01,265.53,265.53,265.53,265.53
1973-05-02,265.53,265.53,265.53,265.53
1973-05-03,265.53,265.53,265.53,265.53
1973-05-04,265.53,265.53,265.53,265.53
1973-05-07,265.53,265.53,265.53,265.53
1973-05-08,265.67,265.67,265.67,265.67
1973-05-09,265.04,265.04,265.04,265.04
1973-05-10,265.04,265.04,265.04,265.04
1973-05-11,265.46,265.46,265.46,265.46
1973-05-14,264.76,264.76,264.76,264.76
1973-05-15,262.47,262.47,262.47,262.47
1973-05-16,262.95,262.95,262.95,262.95
1973-05-17,264.48,264.48,264.48,264.48
1973-05-18,264.27,264.27,264.27,264.27
1973-05-21,262.95,262.95,262.95,262.95
1973-05-22,263.57,263.57,263.57,263.57
1973-05-23,264.2,264.2,264.2,264.2
1973-05-24,264.55,264.55,264.55,264.55
1973-05-25,264.83,264.83,264.83,264.83
1973-05-29,264.9,264.9,264.9,264.9
1973-05-30,264.83,264.83,264.83,264.83
1973-05-31,264.69,264.69,264.69,264.69
1973-06-01,264.06,264.06,264.06,264.06
1973-06-04,262.88,262.88,262.88,262.88
1973-06-05,262.88,262.88,262.88,262.88
1973-06-06,264.13,264.13,264.13,264.13
1973-06-07,264.27,264.27,264.27,264.27
1973-06-08,264.41,264.41,264.41,264.41
1973-06-11,264.69,264.69,264.69,264.69
1973-06-12,264.69,264.69,264.69,264.69
1973-06-13,264.62,264.62,264.62,264.62
1973-06-14,264.69,264.69,264.69,264.69
1973-06-15,264.69,264.69,264.69,264.69
1973-06-18,264.69,264.69,264.69,264.69
1973-06-19,264.83,264.83,264.83,264.83
1973-06-20,264.97,264.97,264.97,264.97
1973-06-21,265.04,265.04,265.04,265.04
1973-06-22,265.04,265.04,265.04,265.04
1973-06-25,265.18,265.18,265.18,265.18
1973-06-26,265.18,265.18,265.18,265.18
1973-06-27,265.18,265.18,265.18,265.18
1973-06-28,265.18,265.18,265.18,265.18
1973-06-29,263.16,263.16,263.16,263.16
1973-07-02,265.25,265.25,265.25,265.25
1973-07-03,265.04,265.04,265.04,265.04
1973-07-05,265.11,265.11,265.11,265.11
1973-07-06,262.12,262.12,262.12,262.12
1973-07-09,259.4,259.4,259.4,259.4
1973-07-10,263.16,263.16,263.16,263.16
1973-07-11,264.83,264.83,264.83,264.83
1973-07-12,264.76,264.76,264.76,264.76
1973-07-13,265.04,265.04,265.04,265.04
1973-07-16,265.11,265.11,265.11,265.11
1973-07-17,265.25,265.25,265.25,265.25
1973-07-18,265.11,265.11,265.11,265.11
1973-07-19,265.18,265.18,265.18,265.18
1973-07-20,265.6,265.6,265.6,265.6
1973-07-23,266.17,266.17,266.17,266.17
1973-07-24,265.6,265.6,265.6,265.6
1973-07-25,265.53,265.53,265.53,265.53
1973-07-26,265.6,265.6,265.6,265.6
1973-07-27,264.76,264.76,264.76,264.76
1973-07-30,263.57,263.57,263.57,263.57
1973-07-31,263.44,263.44,263.44,263.44
1973-08-01,263.44,263.44,263.44,263.44
1973-08-02,264.76,264.76,264.76,264.76
1973-08-03,265.39,265.39,265.39,265.39
1973-08-06,265.11,265.11,265.11,265.11
1973-08-07,265.25,265.25,265.25,265.25
1973-08-08,265.18,265.18,265.18,265.18
1973-08-09,265.11,265.11,265.11,265.11
1973-08-10,265.25,265.25,265.25,265.25
1973-08-13,265.46,265.46,265.46,265.46
1973-08-14,265.46,265.46,265.46,265.46
1973-08-15,265.46,265.46,265.46,265.46
1973-08-16,265.39,265.39,265.39,265.39
1973-08-17,265.53,265.53,265.53,265.53
1973-08-20,265.6,265.6,265.6,265.6
1973-08-21,265.18,265.18,265.18,265.18
1973-08-22,265.25,265.25,265.25,265.25
1973-08-23,265.25,265.25,265.25,265.25
1973-08-24,265.25,265.25,265.25,265.25
1973-08-27,265.32,265.32,265.32,265.32
1973-08-28,265.32,265.32,265.32,265.32
1973-08-29,265.32,265.32,265.32,265.32
1973-08-30,265.39,265.39,265.39,265.39
1973-08-31,265.39,265.39,265.39,265.39
1973-09-04,265.46,265.46,265.46,265.46
1973-09-05,265.39,265.39,265.39,265.39
1973-09-06,265.39,265.39,265.39,265.39
1973-09-07,265.39,265.39,265.39,265.39
1973-09-10,265.39,265.39,265.39,265.39
1973-09-11,265.46,265.46,265.46,265.46
1973-09-12,265.6,265.6,265.6,265.6
1973-09-13,265.6,265.6,265.6,265.6
1973-09-14,265.6,265.6,265.6,265.6
1973-09-17,265.53,265.53,265.53,265.53
1973-09-18,265.53,265.53,265.53,265.53
1973-09-19,265.46,265.46,265.46,265.46
1973-09-20,265.39,265.39,265.39,265.39
1973-09-21,265.25,265.25,265.25,265.25
1973-09-24,265.39,265.39,265.39,265.39
1973-09-25,265.46,265.46,265.46,265.46
1973-09-26,265.53,265.53,265.53,265.53
1973-09-27,265.6,265.6,265.6,265.6
1973-09-28,265.6,265.6,265.6,265.6
1973-10-01,265.6,265.6,265.6,265.6
1973-10-02,265.75,265.75,265.75,265.75
1973-10-03,265.89,265.89,265.89,265.89
1973-10-04,265.96,265.96,265.96,265.96
1973-10-05,266.17,266.17,266.17,266.17
1973-10-09,266.31,266.31,266.31,266.31
1973-10-10,266.31,266.31,266.31,266.31
1973-10-11,266.24,266.24,266.24,266.24
1973-10-12,266.24,266.24,266.24,266.24
1973-10-15,266.45,266.45,266.45,266.45
1973-10-16,266.45,266.45,266.45,266.45
1973-10-17,266.38,266.38,266.38,266.38
1973-10-18,266.31,266.31,266.31,266.31
1973-10-19,266.38,266.38,266.38,266.38
1973-10-23,266.45,266.45,266.45,266.45
1973-10-24,266.38,266.38,266.38,266.38
1973-10-25,266.45,266.45,266.45,266.45
1973-10-26,266.67,266.67,266.67,266.67
1973-10-29,266.74,266.74,266.74,266.74
1973-10-30,266.95,266.95,266.95,266.95
1973-10-31,266.95,266.95,266.95,266.95
1973-11-01,270.27,270.27,270.27,270.27
1973-11-02,276.01,276.01,276.01,276.01
1973-11-05,275.18,275.18,275.18,275.18
1973-11-07,275.18,275.18,275.18,275.18
1973-11-08,275.25,275.25,275.25,275.25
1973-11-09,275.33,275.33,275.33,275.33
1973-11-12,275.25,275.25,275.25,275.25
1973-11-13,280.19,280.19,280.19,280.19
1973-11-14,280.66,280.66,280.66,280.66
1973-11-15,280.27,280.27,280.27,280.27
1973-11-16,280.11,280.11,280.11,280.11
1973-11-19,280.11,280.11,280.11,280.11
1973-11-20,280.43,280.43,280.43,280.43
1973-11-21,280.11,280.11,280.11,280.11
1973-11-23,280.66,280.66,280.66,280.66
1973-11-26,280.11,280.11,280.11,280.11
1973-11-27,280.11,280.11,280.11,280.11
1973-11-28,279.8,279.8,279.8,279.8
1973-11-29,280.11,280.11,280.11,280.11
1973-11-30,280.11,280.11,280.11,280.11
1973-12-03,280.11,280.11,280.11,280.11
1973-12-04,280.11,280.11,280.11,280.11
1973-12-05,280.11,280.11,280.11,280.11
1973-12-06,280.11,280.11,280.11,280.11
1973-12-07,280.11,280.11,280.11,280.11
1973-12-10,280.11,280.11,280.11,280.11
1973-12-11,280.11,280.11,280.11,280.11
1973-12-12,280.03,280.03,280.03,280.03
1973-12-13,280.11,280.11,280.11,280.11
1973-12-14,280.11,280.11,280.11,280.11
1973-12-17,280.11,280.11,280.11,280.11
1973-12-18,280.11,280.11,280.11,280.11
1973-12-19,280.11,280.11,280.11,280.11
1973-12-20,280.11,280.11,280.11,280.11
1973-12-21,280.11,280.11,280.11,280.11
1973-12-24,280.35,280.35,280.35,280.35
1973-12-26,280.27,280.27,280.27,280.27
1973-12-27,280.66,280.66,280.66,280.66
1973-12-28,280.43,280.43,280.43,280.43
1973-12-31,280.27,280.27,280.27,280.27
1974-01-02,280.82,280.82,280.82,280.82
1974-01-03,283.69,283.69,283.69,283.69
1974-01-04,282.09,282.09,282.09,282.09
1974-01-07,300.3,300.3,300.3,300.3
1974-01-08,299.94,299.94,299.94,299.94
1974-01-09,299.94,299.94,299.94,299.94
1974-01-10,299.94,299.94,299.94,299.94
1974-01-11,300.03,300.03,300.03,300.03
1974-01-14,300.12,300.12,300.12,300.12
1974-01-15,300.12,300.12,300.12,300.12
1974-01-16,300.12,300.12,300.12,300.12
1974-01-17,300.12,300.12,300.12,300.12
1974-01-18,300.12,300.12,300.12,300.12
1974-01-21,305.34,305.34,305.34,305.34
1974-01-22,304.88,304.88,304.88,304.88
1974-01-23,303.58,303.58,303.58,303.58
1974-01-24,300.12,300.12,300.12,300.12
1974-01-25,299.8,299.8,299.8,299.8
1974-01-28,299.85,299.85,299.85,299.85
1974-01-29,300.03,300.03,300.03,300.03
1974-01-30,299.22,299.22,299.22,299.22
1974-01-31,298.77,298.77,298.77,298.77
1974-02-01,298.86,298.86,298.86,298.86
1974-02-04,297.0,297.0,297.0,297.0
1974-02-05,293.69,293.69,293.69,293.69
1974-02-06,297.62,297.62,297.62,297.62
1974-02-07,296.82,296.82,296.82,296.82
1974-02-08,296.3,296.3,296.3,296.3
1974-02-11,295.51,295.51,295.51,295.51
1974-02-13,291.89,291.89,291.89,291.89
1974-02-14,291.55,291.55,291.55,291.55
1974-02-15,293.17,293.17,293.17,293.17
1974-02-19,290.11,290.11,290.11,290.11
1974-02-20,289.02,289.02,289.02,289.02
1974-02-21,282.09,282.09,282.09,282.09
1974-02-22,280.58,280.58,280.58,280.58
1974-02-25,283.37,283.37,283.37,283.37
1974-02-26,286.53,286.53,286.53,286.53
1974-02-27,287.03,287.03,287.03,287.03
1974-02-28,288.43,288.43,288.43,288.43
1974-03-01,292.06,292.06,292.06,292.06
1974-03-04,292.74,292.74,292.74,292.74
1974-03-05,289.44,289.44,289.44,289.44
1974-03-06,287.03,287.03,287.03,287.03
1974-03-07,286.86,286.86,286.86,286.86
1974-03-08,287.19,287.19,287.19,287.19
1974-03-11,285.71,285.71,285.71,285.71
1974-03-12,281.69,281.69,281.69,281.69
1974-03-13,282.33,282.33,282.33,282.33
1974-03-14,282.89,282.89,282.89,282.89
1974-03-15,282.49,282.49,282.49,282.49
1974-03-18,281.93,281.93,281.93,281.93
1974-03-19,280.98,280.98,280.98,280.98
1974-03-20,280.19,280.19,280.19,280.19
1974-03-21,279.1,279.1,279.1,279.1
1974-03-22,276.78,276.78,276.78,276.78
1974-03-25,275.18,275.18,275.18,275.18
1974-03-26,274.88,274.88,274.88,274.88
1974-03-27,275.48,275.48,275.48,275.48
1974-03-28,274.42,274.42,274.42,274.42
1974-03-29,276.09,276.09,276.09,276.09
1974-04-01,280.11,280.11,280.11,280.11
1974-04-02,275.48,275.48,275.48,275.48
1974-04-03,275.86,275.86,275.86,275.86
1974-04-04,278.32,278.32,278.32,278.32
1974-04-05,279.33,279.33,279.33,279.33
1974-04-08,278.01,278.01,278.01,278.01
1974-04-09,279.25,279.25,279.25,279.25
1974-04-10,278.01,278.01,278.01,278.01
1974-04-11,276.78,276.78,276.78,276.78
1974-04-12,278.55,278.55,278.55,278.55
1974-04-15,278.55,278.55,278.55,278.55
1974-04-16,276.93,276.93,276.93,276.93
1974-04-17,276.4,276.4,276.4,276.4
1974-04-18,276.4,276.4,276.4,276.4
1974-04-19,276.93,276.93,276.93,276.93
1974-04-22,277.39,277.39,277.39,277.39
1974-04-23,275.56,275.56,275.56,275.56
1974-04-24,276.24,276.24,276.24,276.24
1974-04-25,278.16,278.16,278.16,278.16
1974-04-26,279.8,279.8,279.8,279.8
1974-04-29,279.33,279.33,279.33,279.33
1974-04-30,279.64,279.64,279.64,279.64
1974-05-01,279.41,279.41,279.41,279.41
1974-05-02,279.96,279.96,279.96,279.96
1974-05-03,279.8,279.8,279.8,279.8
1974-05-06,279.41,279.41,279.41,279.41
1974-05-07,279.56,279.56,279.56,279.56
1974-05-08,277.62,277.62,277.62,277.62
1974-05-09,277.62,277.62,277.62,277.62
1974-05-10,277.62,277.62,277.62,277.62
1974-05-13,277.62,277.62,277.62,277.62
1974-05-14,277.78,277.78,277.78,277.78
1974-05-15,277.39,277.39,277.39,277.39
1974-05-16,277.62,277.62,277.62,277.62
1974-05-17,277.7,277.7,277.7,277.7
1974-05-20,278.24,278.24,278.24,278.24
1974-05-21,279.1,279.1,279.1,279.1
1974-05-22,279.88,279.88,279.88,279.88
1974-05-23,279.56,279.56,279.56,279.56
1974-05-24,279.49,279.49,279.49,279.49
1974-05-28,279.33,279.33,279.33,279.33
1974-05-29,279.72,279.72,279.72,279.72
1974-05-30,280.9,280.9,280.9,280.9
1974-05-31,281.93,281.93,281.93,281.93
1974-06-03,283.69,283.69,283.69,283.69
1974-06-04,282.89,282.89,282.89,282.89
1974-06-05,281.85,281.85,281.85,281.85
1974-06-06,281.93,281.93,281.93,281.93
1974-06-07,282.65,282.65,282.65,282.65
1974-06-10,282.17,282.17,282.17,282.17
1974-06-11,282.25,282.25,282.25,282.25
1974-06-12,282.97,282.97,282.97,282.97
1974-06-13,282.49,282.49,282.49,282.49
1974-06-14,282.57,282.57,282.57,282.57
1974-06-17,282.73,282.73,282.73,282.73
1974-06-18,282.73,282.73,282.73,282.73
1974-06-19,282.65,282.65,282.65,282.65
1974-06-20,282.89,282.89,282.89,282.89
1974-06-21,283.21,283.21,283.21,283.21
1974-06-24,283.61,283.61,283.61,283.61
1974-06-25,283.85,283.85,283.85,283.85
1974-06-26,284.09,284.09,284.09,284.09
1974-06-27,283.93,283.93,283.93,283.93
1974-06-28,284.25,284.25,284.25,284.25
1974-07-01,285.31,285.31,285.31,285.31
1974-07-02,286.61,286.61,286.61,286.61
1974-07-03,285.88,285.88,285.88,285.88
1974-07-05,287.36,287.36,287.36,287.36
1974-07-08,287.94,287.94,287.94,287.94
1974-07-09,288.43,288.43,288.43,288.43
1974-07-10,290.7,290.7,290.7,290.7
1974-07-11,291.97,291.97,291.97,291.97
1974-07-12,289.18,289.18,289.18,289.18
1974-07-15,288.85,288.85,288.85,288.85
1974-07-16,288.1,288.1,288.1,288.1
1974-07-17,289.94,289.94,289.94,289.94
1974-07-18,290.36,290.36,290.36,290.36
1974-07-19,290.7,290.7,290.7,290.7
1974-07-22,291.29,291.29,291.29,291.29
1974-07-23,292.74,292.74,292.74,292.74
1974-07-24,292.83,292.83,292.83,292.83
1974-07-25,293.94,293.94,293.94,293.94
1974-07-26,295.42,295.42,295.42,295.42
1974-07-29,298.24,298.24,298.24,298.24
1974-07-30,297.53,297.53,297.53,297.53
1974-07-31,298.24,298.24,298.24,298.24
1974-08-01,299.58,299.58,299.58,299.58
1974-08-02,300.12,300.12,300.12,300.12
1974-08-05,300.21,300.21,300.21,300.21
1974-08-06,300.75,300.75,300.75,300.75
1974-08-07,302.11,302.11,302.11,302.11
1974-08-08,302.75,302.75,302.75,302.75
1974-08-09,302.57,302.57,302.57,302.57
1974-08-12,302.11,302.11,302.11,302.11
1974-08-13,301.84,301.84,301.84,301.84
1974-08-14,302.48,302.48,302.48,302.48
1974-08-15,302.75,302.75,302.75,302.75
1974-08-16,302.94,302.94,302.94,302.94
1974-08-19,303.12,303.12,303.12,303.12
1974-08-20,303.12,303.12,303.12,303.12
1974-08-21,303.49,303.49,303.49,303.49
1974-08-22,303.86,303.86,303.86,303.86
1974-08-23,303.12,303.12,303.12,303.12
1974-08-26,302.85,302.85,302.85,302.85
1974-08-27,302.11,302.11,302.11,302.11
1974-08-28,302.48,302.48,302.48,302.48
1974-08-29,302.94,302.94,302.94,302.94
1974-08-30,302.94,302.94,302.94,302.94
1974-09-03,302.66,302.66,302.66,302.66
1974-09-04,302.75,302.75,302.75,302.75
1974-09-05,302.57,302.57,302.57,302.57
1974-09-06,302.66,302.66,302.66,302.66
1974-09-09,302.48,302.48,302.48,302.48
1974-09-10,302.75,302.75,302.75,302.75
1974-09-11,302.11,302.11,302.11,302.11
1974-09-12,301.2,301.2,301.2,301.2
1974-09-13,299.58,299.58,299.58,299.58
1974-09-16,299.4,299.4,299.4,299.4
1974-09-17,296.12,296.12,296.12,296.12
1974-09-18,296.03,296.03,296.03,296.03
1974-09-19,296.82,296.82,296.82,296.82
1974-09-20,295.86,295.86,295.86,295.86
1974-09-23,295.86,295.86,295.86,295.86
1974-09-24,294.81,294.81,294.81,294.81
1974-09-25,296.21,296.21,296.21,296.21
1974-09-26,296.74,296.74,296.74,296.74
1974-09-27,296.74,296.74,296.74,296.74
1974-09-30,298.33,298.33,298.33,298.33
1974-10-01,298.15,298.15,298.15,298.15
1974-10-02,297.97,297.97,297.97,297.97
1974-10-03,299.04,299.04,299.04,299.04
1974-10-04,299.04,299.04,299.04,299.04
1974-10-07,300.03,300.03,300.03,300.03
1974-10-08,299.76,299.76,299.76,299.76
1974-10-09,298.69,298.69,298.69,298.69
1974-10-10,298.77,298.77,298.77,298.77
1974-10-11,299.13,299.13,299.13,299.13
1974-10-15,299.13,299.13,299.13,299.13
1974-10-16,299.04,299.04,299.04,299.04
1974-10-17,298.95,298.95,298.95,298.95
1974-10-18,299.31,299.31,299.31,299.31
1974-10-21,299.67,299.67,299.67,299.67
1974-10-22,299.94,299.94,299.94,299.94
1974-10-23,299.67,299.67,299.67,299.67
1974-10-24,299.94,299.94,299.94,299.94
1974-10-25,299.85,299.85,299.85,299.85
1974-10-28,300.12,300.12,300.12,300.12
1974-10-29,299.94,299.94,299.94,299.94
1974-10-30,299.94,299.94,299.94,299.94
1974-10-31,299.94,299.94,299.94,299.94
1974-11-01,300.48,300.48,300.48,300.48
1974-11-04,300.48,300.48,300.48,300.48
1974-11-06,300.48,300.48,300.48,300.48
1974-11-07,299.76,299.76,299.76,299.76
1974-11-08,299.67,299.67,299.67,299.67
1974-11-12,300.3,300.3,300.3,300.3
1974-11-13,300.12,300.12,300.12,300.12
1974-11-14,300.3,300.3,300.3,300.3
1974-11-15,299.94,299.94,299.94,299.94
1974-11-18,299.67,299.67,299.67,299.67
1974-11-19,299.94,299.94,299.94,299.94
1974-11-20,299.94,299.94,299.94,299.94
1974-11-21,299.94,299.94,299.94,299.94
1974-11-22,299.85,299.85,299.85,299.85
1974-11-25,300.21,300.21,300.21,300.21
1974-11-26,300.12,300.12,300.12,300.12
1974-11-27,299.85,299.85,299.85,299.85
1974-11-29,300.3,300.3,300.3,300.3
1974-12-02,300.39,300.39,300.39,300.39
1974-12-03,300.03,300.03,300.03,300.03
1974-12-04,299.76,299.76,299.76,299.76
1974-12-05,300.03,300.03,300.03,300.03
1974-12-06,299.94,299.94,299.94,299.94
1974-12-09,299.85,299.85,299.85,299.85
1974-12-10,299.76,299.76,299.76,299.76
1974-12-11,299.76,299.76,299.76,299.76
1974-12-12,300.03,300.03,300.03,300.03
1974-12-13,300.03,300.03,300.03,300.03
1974-12-16,300.3,300.3,300.3,300.3
1974-12-17,300.48,300.48,300.48,300.48
1974-12-18,300.66,300.66,300.66,300.66
1974-12-19,300.84,300.84,300.84,300.84
1974-12-20,301.11,301.11,301.11,301.11
1974-12-23,301.02,301.02,301.02,301.02
1974-12-24,301.2,301.2,301.2,301.2
1974-12-26,301.11,301.11,301.11,301.11
1974-12-27,300.75,300.75,300.75,300.75
1974-12-30,300.57,300.57,300.57,300.57
1974-12-31,301.02,301.02,301.02,301.02
1975-01-02,300.66,300.66,300.66,300.66
1975-01-03,300.84,300.84,300.84,300.84
1975-01-06,301.02,301.02,301.02,301.02
1975-01-07,300.93,300.93,300.93,300.93
1975-01-08,300.75,300.75,300.75,300.75
1975-01-09,300.84,300.84,300.84,300.84
1975-01-10,300.84,300.84,300.84,300.84
1975-01-13,300.93,300.93,300.93,300.93
1975-01-14,300.93,300.93,300.93,300.93
1975-01-15,301.02,301.02,301.02,301.02
1975-01-16,300.75,300.75,300.75,300.75
1975-01-17,300.84,300.84,300.84,300.84
1975-01-20,301.02,301.02,301.02,301.02
1975-01-21,300.84,300.84,300.84,300.84
1975-01-22,300.3,300.3,300.3,300.3
1975-01-23,299.67,299.67,299.67,299.67
1975-01-24,295.33,295.33,295.33,295.33
1975-01-27,294.99,294.99,294.99,294.99
1975-01-28,297.44,297.44,297.44,297.44
1975-01-29,297.35,297.35,297.35,297.35
1975-01-30,297.8,297.8,297.8,297.8
1975-01-31,297.97,297.97,297.97,297.97
1975-02-03,297.44,297.44,297.44,297.44
1975-02-04,297.09,297.09,297.09,297.09
1975-02-05,297.27,297.27,297.27,297.27
1975-02-06,297.0,297.0,297.0,297.0
1975-02-07,295.6,295.6,295.6,295.6
1975-02-10,292.4,292.4,292.4,292.4
1975-02-11,291.63,291.63,291.63,291.63
1975-02-13,292.83,292.83,292.83,292.83
1975-02-14,293.26,293.26,293.26,293.26
1975-02-18,293.34,293.34,293.34,293.34
1975-02-19,291.55,291.55,291.55,291.55
1975-02-20,291.12,291.12,291.12,291.12
1975-02-21,289.52,289.52,289.52,289.52
1975-02-24,285.88,285.88,285.88,285.88
1975-02-25,285.96,285.96,285.96,285.96
1975-02-26,285.63,285.63,285.63,285.63
1975-02-27,285.88,285.88,285.88,285.88
1975-02-28,286.45,286.45,286.45,286.45
1975-03-03,285.39,285.39,285.39,285.39
1975-03-04,284.66,284.66,284.66,284.66
1975-03-05,285.23,285.23,285.23,285.23
1975-03-06,285.71,285.71,285.71,285.71
1975-03-07,285.96,285.96,285.96,285.96
1975-03-10,286.21,286.21,286.21,286.21
1975-03-11,286.12,286.12,286.12,286.12
1975-03-12,287.27,287.27,287.27,287.27
1975-03-13,288.85,288.85,288.85,288.85
1975-03-14,288.1,288.1,288.1,288.1
1975-03-17,286.53,286.53,286.53,286.53
1975-03-18,287.19,287.19,287.19,287.19
1975-03-19,288.18,288.18,288.18,288.18
1975-03-20,287.19,287.19,287.19,287.19
1975-03-21,287.44,287.44,287.44,287.44
1975-03-24,287.77,287.77,287.77,287.77
1975-03-25,290.02,290.02,290.02,290.02
1975-03-26,290.53,290.53,290.53,290.53
1975-03-27,292.06,292.06,292.06,292.06
1975-03-28,292.48,292.48,292.48,292.48
1975-03-31,294.03,294.03,294.03,294.03
1975-04-01,290.87,290.87,290.87,290.87
1975-04-02,291.55,291.55,291.55,291.55
1975-04-03,292.31,292.31,292.31,292.31
1975-04-04,292.23,292.23,292.23,292.23
1975-04-07,291.97,291.97,291.97,291.97
1975-04-08,291.89,291.89,291.89,291.89
1975-04-09,291.89,291.89,291.89,291.89
1975-04-10,291.8,291.8,291.8,291.8
1975-04-11,291.12,291.12,291.12,291.12
1975-04-14,291.29,291.29,291.29,291.29
1975-04-15,290.95,290.95,290.95,290.95
1975-04-16,291.38,291.38,291.38,291.38
1975-04-17,291.72,291.72,291.72,291.72
1975-04-18,291.8,291.8,291.8,291.8
1975-04-21,292.83,292.83,292.83,292.83
1975-04-22,292.83,292.83,292.83,292.83
1975-04-23,292.74,292.74,292.74,292.74
1975-04-24,292.83,292.83,292.83,292.83
1975-04-25,293.69,293.69,293.69,293.69
1975-04-28,294.55,294.55,294.55,294.55
1975-04-29,293.86,293.86,293.86,293.86
1975-04-30,292.23,292.23,292.23,292.23
1975-05-01,292.14,292.14,292.14,292.14
1975-05-02,290.36,290.36,290.36,290.36
1975-05-05,290.44,290.44,290.44,290.44
1975-05-06,291.38,291.38,291.38,291.38
1975-05-07,291.21,291.21,291.21,291.21
1975-05-08,291.38,291.38,291.38,291.38
1975-05-09,291.46,291.46,291.46,291.46
1975-05-12,291.29,291.29,291.29,291.29
1975-05-13,291.46,291.46,291.46,291.46
1975-05-14,291.8,291.8,291.8,291.8
1975-05-15,291.63,291.63,291.63,291.63
1975-05-16,291.55,291.55,291.55,291.55
1975-05-19,291.8,291.8,291.8,291.8
1975-05-20,292.23,292.23,292.23,292.23
1975-05-21,292.06,292.06,292.06,292.06
1975-05-22,291.89,291.89,291.89,291.89
1975-05-23,291.04,291.04,291.04,291.04
1975-05-27,291.29,291.29,291.29,291.29
1975-05-28,290.7,290.7,290.7,290.7
1975-05-29,291.38,291.38,291.38,291.38
1975-05-30,291.55,291.55,291.55,291.55
1975-06-02,291.46,291.46,291.46,291.46
1975-06-03,291.04,291.04,291.04,291.04
1975-06-04,291.29,291.29,291.29,291.29
1975-06-05,292.23,292.23,292.23,292.23
1975-06-06,291.8,291.8,291.8,291.8
1975-06-09,291.8,291.8,291.8,291.8
1975-06-10,291.89,291.89,291.89,291.89
1975-06-11,291.89,291.89,291.89,291.89
1975-06-12,292.48,292.48,292.48,292.48
1975-06-13,292.65,292.65,292.65,292.65
1975-06-16,294.12,294.12,294.12,294.12
1975-06-17,293.43,293.43,293.43,293.43
1975-06-18,294.12,294.12,294.12,294.12
1975-06-19,294.12,294.12,294.12,294.12
1975-06-20,293.94,293.94,293.94,293.94
1975-06-23,294.72,294.72,294.72,294.72
1975-06-24,295.33,295.33,295.33,295.33
1975-06-25,297.0,297.0,297.0,297.0
1975-06-26,295.77,295.77,295.77,295.77
1975-06-27,296.03,296.03,296.03,296.03
1975-06-30,295.68,295.68,295.68,295.68
1975-07-01,295.68,295.68,295.68,295.68
1975-07-02,295.51,295.51,295.51,295.51
1975-07-03,295.42,295.42,295.42,295.42
1975-07-07,295.51,295.51,295.51,295.51
1975-07-08,295.68,295.68,295.68,295.68
1975-07-09,295.95,295.95,295.95,295.95
1975-07-10,296.12,296.12,296.12,296.12
1975-07-11,296.12,296.12,296.12,296.12
1975-07-14,295.86,295.86,295.86,295.86
1975-07-15,295.86,295.86,295.86,295.86
1975-07-16,296.03,296.03,296.03,296.03
1975-07-17,296.3,296.3,296.3,296.3
1975-07-18,296.21,296.21,296.21,296.21
1975-07-21,296.12,296.12,296.12,296.12
1975-07-22,296.47,296.47,296.47,296.47
1975-07-23,296.82,296.82,296.82,296.82
1975-07-24,297.62,297.62,297.62,297.62
1975-07-25,296.65,296.65,296.65,296.65
1975-07-28,297.8,297.8,297.8,297.8
1975-07-29,297.35,297.35,297.35,297.35
1975-07-30,297.44,297.44,297.44,297.44
1975-07-31,297.71,297.71,297.71,297.71
1975-08-01,297.89,297.89,297.89,297.89
1975-08-04,297.97,297.97,297.97,297.97
1975-08-05,297.97,297.97,297.97,297.97
1975-08-06,298.06,298.06,298.06,298.06
1975-08-07,297.97,297.97,297.97,297.97
1975-08-08,297.62,297.62,297.62,297.62
1975-08-11,297.8,297.8,297.8,297.8
1975-08-12,298.06,298.06,298.06,298.06
1975-08-13,297.97,297.97,297.97,297.97
1975-08-14,297.97,297.97,297.97,297.97
1975-08-15,297.97,297.97,297.97,297.97
1975-08-18,298.15,298.15,298.15,298.15
1975-08-19,298.06,298.06,298.06,298.06
1975-08-20,297.97,297.97,297.97,297.97
1975-08-21,297.89,297.89,297.89,297.89
1975-08-22,297.97,297.97,297.97,297.97
1975-08-25,298.06,298.06,298.06,298.06
1975-08-26,298.15,298.15,298.15,298.15
1975-08-27,297.97,297.97,297.97,297.97
1975-08-28,298.06,298.06,298.06,298.06
1975-08-29,297.97,297.97,297.97,297.97
1975-09-02,297.97,297.97,297.97,297.97
1975-09-03,297.8,297.8,297.8,297.8
1975-09-04,297.89,297.89,297.89,297.89
1975-09-05,297.97,297.97,297.97,297.97
1975-09-08,297.97,297.97,297.97,297.97
1975-09-09,298.06,298.06,298.06,298.06
1975-09-10,297.97,297.97,297.97,297.97
1975-09-11,298.06,298.06,298.06,298.06
1975-09-12,298.06,298.06,298.06,298.06
1975-09-15,298.06,298.06,298.06,298.06
1975-09-16,298.06,298.06,298.06,298.06
1975-09-17,298.33,298.33,298.33,298.33
1975-09-18,300.48,300.48,300.48,300.48
1975-09-19,301.57,301.57,301.57,301.57
1975-09-22,302.94,302.94,302.94,302.94
1975-09-23,303.31,303.31,303.31,303.31
1975-09-24,303.12,303.12,303.12,303.12
1975-09-25,302.66,302.66,302.66,302.66
1975-09-26,301.75,301.75,301.75,301.75
1975-09-29,303.21,303.21,303.21,303.21
1975-09-30,302.85,302.85,302.85,302.85
1975-10-01,302.57,302.57,302.57,302.57
1975-10-02,302.66,302.66,302.66,302.66
1975-10-03,303.03,303.03,303.03,303.03
1975-10-06,303.12,303.12,303.12,303.12
1975-10-07,302.94,302.94,302.94,302.94
1975-10-08,303.12,303.12,303.12,303.12
1975-10-09,303.03,303.03,303.03,303.03
1975-10-10,302.94,302.94,302.94,302.94
1975-10-14,302.66,302.66,302.66,302.66
1975-10-15,302.94,302.94,302.94,302.94
1975-10-16,302.94,302.94,302.94,302.94
1975-10-17,302.76,302.76,302.76,302.76
1975-10-20,302.48,302.48,302.48,302.48
1975-10-21,301.11,301.11,301.11,301.11
1975-10-22,301.57,301.57,301.57,301.57
1975-10-23,301.84,301.84,301.84,301.84
1975-10-24,301.66,301.66,301.66,301.66
1975-10-27,301.57,301.57,301.57,301.57
1975-10-28,301.48,301.48,301.48,301.48
1975-10-29,301.57,301.57,301.57,301.57
1975-10-30,301.66,301.66,301.66,301.66
1975-10-31,301.75,301.75,301.75,301.75
1975-11-03,301.75,301.75,301.75,301.75
1975-11-05,301.84,301.84,301.84,301.84
1975-11-06,301.75,301.75,301.75,301.75
1975-11-07,301.75,301.75,301.75,301.75
1975-11-10,302.3,302.3,302.3,302.3
1975-11-12,301.93,301.93,301.93,301.93
1975-11-13,302.21,302.21,302.21,302.21
1975-11-14,302.57,302.57,302.57,302.57
1975-11-17,302.66,302.66,302.66,302.66
1975-11-18,302.94,302.94,302.94,302.94
1975-11-19,303.12,303.12,303.12,303.12
1975-11-20,302.94,302.94,302.94,302.94
1975-11-21,303.12,303.12,303.12,303.12
1975-11-24,302.94,302.94,302.94,302.94
1975-11-25,303.12,303.12,303.12,303.12
1975-11-26,303.21,303.21,303.21,303.21
1975-11-28,303.12,303.12,303.12,303.12
1975-12-01,304.41,304.41,304.41,304.41
1975-12-02,304.41,304.41,304.41,304.41
1975-12-03,305.06,305.06,305.06,305.06
1975-12-04,304.97,304.97,304.97,304.97
1975-12-05,306.75,306.75,306.75,306.75
1975-12-08,306.84,306.84,306.84,306.84
1975-12-09,306.19,306.19,306.19,306.19
1975-12-10,306.09,306.09,306.09,306.09
1975-12-11,305.9,305.9,305.9,305.9
1975-12-12,305.9,305.9,305.9,305.9
1975-12-15,306.0,306.0,306.0,306.0
1975-12-16,305.53,305.53,305.53,305.53
1975-12-17,305.62,305.62,305.62,305.62
1975-12-18,305.62,305.62,305.62,305.62
1975-12-19,306.09,306.09,306.09,306.09
1975-12-22,306.09,306.09,306.09,306.09
1975-12-23,306.0,306.0,306.0,306.0
1975-12-24,305.9,305.9,305.9,305.9
1975-12-26,305.9,305.9,305.9,305.9
1975-12-29,305.25,305.25,305.25,305.25
1975-12-30,305.06,305.06,305.06,305.06
1975-12-31,305.16,305.16,305.16,305.16
1976-01-02,305.06,305.06,305.06,305.06
1976-01-05,305.16,305.16,305.16,305.16
1976-01-06,305.06,305.06,305.06,305.06
1976-01-07,305.25,305.25,305.25,305.25
1976-01-08,305.62,305.62,305.62,305.62
1976-01-09,306.0,306.0,306.0,306.0
1976-01-12,305.16,305.16,305.16,305.16
1976-01-13,305.25,305.25,305.25,305.25
1976-01-14,305.34,305.34,305.34,305.34
1976-01-15,305.25,305.25,305.25,305.25
1976-01-16,305.25,305.25,305.25,305.25
1976-01-19,304.14,304.14,304.14,304.14
1976-01-20,303.86,303.86,303.86,303.86
1976-01-21,304.41,304.41,304.41,304.41
1976-01-22,304.14,304.14,304.14,304.14
1976-01-23,304.04,304.04,304.04,304.04
1976-01-26,303.77,303.77,303.77,303.77
1976-01-27,303.67,303.67,303.67,303.67
1976-01-28,303.58,303.58,303.58,303.58
1976-01-29,303.67,303.67,303.67,303.67
1976-01-30,303.67,303.67,303.67,303.67
1976-02-02,303.21,303.21,303.21,303.21
1976-02-03,302.76,302.76,302.76,302.76
1976-02-04,300.57,300.57,300.57,300.57
1976-02-05,300.57,300.57,300.57,300.57
1976-02-06,301.39,301.39,301.39,301.39
1976-02-09,300.75,300.75,300.75,300.75
1976-02-10,300.66,300.66,300.66,300.66
1976-02-11,300.12,300.12,300.12,300.12
1976-02-13,300.75,300.75,300.75,300.75
1976-02-17,301.57,301.57,301.57,301.57
1976-02-18,301.66,301.66,301.66,301.66
1976-02-19,301.75,301.75,301.75,301.75
1976-02-20,302.11,302.11,302.11,302.11
1976-02-23,302.57,302.57,302.57,302.57
1976-02-24,302.02,302.02,302.02,302.02
1976-02-25,302.02,302.02,302.02,302.02
1976-02-26,302.11,302.11,302.11,302.11
1976-02-27,302.11,302.11,302.11,302.11
1976-03-01,301.66,301.66,301.66,301.66
1976-03-02,301.66,301.66,301.66,301.66
1976-03-03,301.57,301.57,301.57,301.57
1976-03-04,301.66,301.66,301.66,301.66
1976-03-05,301.57,301.57,301.57,301.57
1976-03-08,300.75,300.75,300.75,300.75
1976-03-09,301.11,301.11,301.11,301.11
1976-03-10,301.3,301.3,301.3,301.3
1976-03-11,301.3,301.3,301.3,301.3
1976-03-12,300.84,300.84,300.84,300.84
1976-03-15,300.66,300.66,300.66,300.66
1976-03-16,300.57,300.57,300.57,300.57
1976-03-17,299.94,299.94,299.94,299.94
1976-03-18,299.94,299.94,299.94,299.94
1976-03-19,299.67,299.67,299.67,299.67
1976-03-22,299.85,299.85,299.85,299.85
1976-03-23,299.76,299.76,299.76,299.76
1976-03-24,299.76,299.76,299.76,299.76
1976-03-25,299.67,299.67,299.67,299.67
1976-03-26,299.58,299.58,299.58,299.58
1976-03-29,299.67,299.67,299.67,299.67
1976-03-30,299.85,299.85,299.85,299.85
1976-03-31,299.58,299.58,299.58,299.58
1976-04-01,299.49,299.49,299.49,299.49
1976-04-02,299.31,299.31,299.31,299.31
1976-04-05,299.31,299.31,299.31,299.31
1976-04-06,299.04,299.04,299.04,299.04
1976-04-07,298.86,298.86,298.86,298.86
1976-04-08,297.44,297.44,297.44,297.44
1976-04-09,297.89,297.89,297.89,297.89
1976-04-12,298.42,298.42,298.42,298.42
1976-04-13,298.6,298.6,298.6,298.6
1976-04-14,298.06,298.06,298.06,298.06
1976-04-15,299.4,299.4,299.4,299.4
1976-04-16,299.31,299.31,299.31,299.31
1976-04-19,300.03,300.03,300.03,300.03
1976-04-20,299.49,299.49,299.49,299.49
1976-04-21,299.58,299.58,299.58,299.58
1976-04-22,299.67,299.67,299.67,299.67
1976-04-23,299.76,299.76,299.76,299.76
1976-04-26,299.85,299.85,299.85,299.85
1976-04-27,299.31,299.31,299.31,299.31
1976-04-28,299.22,299.22,299.22,299.22
1976-04-29,299.31,299.31,299.31,299.31
1976-04-30,299.04,299.04,299.04,299.04
1976-05-03,298.95,298.95,298.95,298.95
1976-05-04,297.89,297.89,297.89,297.89
1976-05-05,297.97,297.97,297.97,297.97
1976-05-06,298.24,298.24,298.24,298.24
1976-05-07,298.51,298.51,298.51,298.51
1976-05-10,298.42,298.42,298.42,298.42
1976-05-11,298.42,298.42,298.42,298.42
1976-05-12,298.69,298.69,298.69,298.69
1976-05-13,298.95,298.95,298.95,298.95
1976-05-14,298.78,298.78,298.78,298.78
1976-05-17,299.31,299.31,299.31,299.31
1976-05-18,299.13,299.13,299.13,299.13
1976-05-19,299.22,299.22,299.22,299.22
1976-05-20,299.4,299.4,299.4,299.4
1976-05-21,299.58,299.58,299.58,299.58
1976-05-24,299.58,299.58,299.58,299.58
1976-05-25,299.58,299.58,299.58,299.58
1976-05-26,299.76,299.76,299.76,299.76
1976-05-27,299.67,299.67,299.67,299.67
1976-05-28,300.03,300.03,300.03,300.03
1976-06-01,300.39,300.39,300.39,300.39
1976-06-02,300.3,300.3,300.3,300.3
1976-06-03,300.48,300.48,300.48,300.48
1976-06-04,300.39,300.39,300.39,300.39
1976-06-07,300.3,300.3,300.3,300.3
1976-06-08,300.12,300.12,300.12,300.12
1976-06-09,299.94,299.94,299.94,299.94
1976-06-10,299.94,299.94,299.94,299.94
1976-06-11,300.03,300.03,300.03,300.03
1976-06-14,299.94,299.94,299.94,299.94
1976-06-15,299.76,299.76,299.76,299.76
1976-06-16,299.85,299.85,299.85,299.85
1976-06-17,300.03,300.03,300.03,300.03
1976-06-18,299.31,299.31,299.31,299.31
1976-06-21,299.31,299.31,299.31,299.31
1976-06-22,299.22,299.22,299.22,299.22
1976-06-23,296.82,296.82,296.82,296.82
1976-06-24,297.27,297.27,297.27,297.27
1976-06-25,297.8,297.8,297.8,297.8
1976-06-28,296.03,296.03,296.03,296.03
1976-06-29,297.0,297.0,297.0,297.0
1976-06-30,297.97,297.97,297.97,297.97
1976-07-01,296.91,296.91,296.91,296.91
1976-07-02,297.18,297.18,297.18,297.18
1976-07-06,296.38,296.38,296.38,296.38
1976-07-07,296.65,296.65,296.65,296.65
1976-07-08,296.47,296.47,296.47,296.47
1976-07-09,296.74,296.74,296.74,296.74
1976-07-12,296.38,296.38,296.38,296.38
1976-07-13,294.9,294.9,294.9,294.9
1976-07-14,292.65,292.65,292.65,292.65
1976-07-15,293.17,293.17,293.17,293.17
1976-07-16,294.03,294.03,294.03,294.03
1976-07-19,293.69,293.69,293.69,293.69
1976-07-20,293.34,293.34,293.34,293.34
1976-07-21,293.6,293.6,293.6,293.6
1976-07-22,293.69,293.69,293.69,293.69
1976-07-23,293.94,293.94,293.94,293.94
1976-07-26,293.51,293.51,293.51,293.51
1976-07-27,293.86,293.86,293.86,293.86
1976-07-28,293.51,293.51,293.51,293.51
1976-07-29,293.6,293.6,293.6,293.6
1976-07-30,293.26,293.26,293.26,293.26
1976-08-02,292.91,292.91,292.91,292.91
1976-08-03,292.91,292.91,292.91,292.91
1976-08-04,292.83,292.83,292.83,292.83
1976-08-05,293.0,293.0,293.0,293.0
1976-08-06,293.0,293.0,293.0,293.0
1976-08-09,292.65,292.65,292.65,292.65
1976-08-10,292.83,292.83,292.83,292.83
1976-08-11,292.57,292.57,292.57,292.57
1976-08-12,292.65,292.65,292.65,292.65
1976-08-13,291.12,291.12,291.12,291.12
1976-08-16,290.36,290.36,290.36,290.36
1976-08-17,287.85,287.85,287.85,287.85
1976-08-18,288.27,288.27,288.27,288.27
1976-08-19,288.77,288.77,288.77,288.77
1976-08-20,289.35,289.35,289.35,289.35
1976-08-23,289.77,289.77,289.77,289.77
1976-08-24,288.43,288.43,288.43,288.43
1976-08-25,288.85,288.85,288.85,288.85
1976-08-26,288.93,288.93,288.93,288.93
1976-08-27,288.6,288.6,288.6,288.6
1976-08-30,288.77,288.77,288.77,288.77
1976-08-31,289.35,289.35,289.35,289.35
1976-09-01,288.93,288.93,288.93,288.93
1976-09-02,288.68,288.68,288.68,288.68
1976-09-03,287.77,287.77,287.77,287.77
1976-09-07,287.77,287.77,287.77,287.77
1976-09-08,287.6,287.6,287.6,287.6
1976-09-09,286.04,286.04,286.04,286.04
1976-09-10,286.94,286.94,286.94,286.94
1976-09-13,286.62,286.62,286.62,286.62
1976-09-14,286.53,286.53,286.53,286.53
1976-09-15,286.12,286.12,286.12,286.12
1976-09-16,286.7,286.7,286.7,286.7
1976-09-17,287.27,287.27,287.27,287.27
1976-09-20,287.11,287.11,287.11,287.11
1976-09-21,288.02,288.02,288.02,288.02
1976-09-22,287.11,287.11,287.11,287.11
1976-09-23,287.77,287.77,287.77,287.77
1976-09-24,287.85,287.85,287.85,287.85
1976-09-27,287.6,287.6,287.6,287.6
1976-09-28,287.52,287.52,287.52,287.52
1976-09-29,287.77,287.77,287.77,287.77
1976-09-30,286.86,286.86,286.86,286.86
1976-10-01,287.11,287.11,287.11,287.11
1976-10-04,287.27,287.27,287.27,287.27
1976-10-05,287.44,287.44,287.44,287.44
1976-10-06,288.02,288.02,288.02,288.02
1976-10-07,288.1,288.1,288.1,288.1
1976-10-08,288.77,288.77,288.77,288.77
1976-10-12,289.86,289.86,289.86,289.86
1976-10-13,290.36,290.36,290.36,290.36
1976-10-14,292.31,292.31,292.31,292.31
1976-10-15,293.0,293.0,293.0,293.0
1976-10-18,292.48,292.48,292.48,292.48
1976-10-19,292.23,292.23,292.23,292.23
1976-10-20,292.14,292.14,292.14,292.14
1976-10-21,292.74,292.74,292.74,292.74
1976-10-22,293.69,293.69,293.69,293.69
1976-10-25,293.34,293.34,293.34,293.34
1976-10-26,293.77,293.77,293.77,293.77
1976-10-27,293.17,293.17,293.17,293.17
1976-10-28,293.6,293.6,293.6,293.6
1976-10-29,294.38,294.38,294.38,294.38
1976-11-01,295.86,295.86,295.86,295.86
1976-11-03,295.16,295.16,295.16,295.16
1976-11-04,295.33,295.33,295.33,295.33
1976-11-05,294.99,294.99,294.99,294.99
1976-11-08,293.77,293.77,293.77,293.77
1976-11-09,294.29,294.29,294.29,294.29
1976-11-10,294.38,294.38,294.38,294.38
1976-11-12,294.64,294.64,294.64,294.64
1976-11-15,294.72,294.72,294.72,294.72
1976-11-16,295.16,295.16,295.16,295.16
1976-11-17,295.07,295.07,295.07,295.07
1976-11-18,295.16,295.16,295.16,295.16
1976-11-19,295.42,295.42,295.42,295.42
1976-11-22,295.07,295.07,295.07,295.07
1976-11-23,295.42,295.42,295.42,295.42
1976-11-24,295.42,295.42,295.42,295.42
1976-11-26,295.51,295.51,295.51,295.51
1976-11-29,295.68,295.68,295.68,295.68
1976-11-30,297.09,297.09,297.09,297.09
1976-12-01,296.91,296.91,296.91,296.91
1976-12-02,296.82,296.82,296.82,296.82
1976-12-03,297.89,297.89,297.89,297.89
1976-12-06,296.56,296.56,296.56,296.56
1976-12-07,296.38,296.38,296.38,296.38
1976-12-08,296.3,296.3,296.3,296.3
1976-12-09,295.77,295.77,295.77,295.77
1976-12-10,294.81,294.81,294.81,294.81
1976-12-13,294.72,294.72,294.72,294.72
1976-12-14,295.33,295.33,295.33,295.33
1976-12-15,294.72,294.72,294.72,294.72
1976-12-16,295.51,295.51,295.51,295.51
1976-12-17,294.64,294.64,294.64,294.64
1976-12-20,293.6,293.6,293.6,293.6
1976-12-21,293.94,293.94,293.94,293.94
1976-12-22,293.86,293.86,293.86,293.86
1976-12-23,293.43,293.43,293.43,293.43
1976-12-24,293.51,293.51,293.51,293.51
1976-12-27,292.31,292.31,292.31,292.31
1976-12-28,292.14,292.14,292.14,292.14
1976-12-29,292.91,292.91,292.91,292.91
1976-12-30,293.0,293.0,293.0,293.0
1976-12-31,293.08,293.08,293.08,293.08
1977-01-03,292.48,292.48,292.48,292.48
1977-01-04,291.72,291.72,291.72,291.72
1977-01-05,292.31,292.31,292.31,292.31
1977-01-06,292.91,292.91,292.91,292.91
1977-01-07,292.83,292.83,292.83,292.83
1977-01-10,292.48,292.48,292.48,292.48
1977-01-11,292.48,292.48,292.48,292.48
1977-01-12,292.4,292.4,292.4,292.4
1977-01-13,292.57,292.57,292.57,292.57
1977-01-14,292.06,292.06,292.06,292.06
1977-01-17,291.72,291.72,291.72,291.72
1977-01-18,291.21,291.21,291.21,291.21
1977-01-19,289.6,289.6,289.6,289.6
1977-01-20,290.28,290.28,290.28,290.28
1977-01-21,290.44,290.44,290.44,290.44
1977-01-24,290.11,290.11,290.11,290.11
1977-01-25,289.27,289.27,289.27,289.27
1977-01-26,288.18,288.18,288.18,288.18
1977-01-27,289.1,289.1,289.1,289.1
1977-01-28,289.52,289.52,289.52,289.52
1977-01-31,288.43,288.43,288.43,288.43
1977-02-01,288.02,288.02,288.02,288.02
1977-02-02,288.27,288.27,288.27,288.27
1977-02-03,288.35,288.35,288.35,288.35
1977-02-04,288.1,288.1,288.1,288.1
1977-02-07,287.94,287.94,287.94,287.94
1977-02-08,287.11,287.11,287.11,287.11
1977-02-09,285.96,285.96,285.96,285.96
1977-02-10,285.63,285.63,285.63,285.63
1977-02-11,285.06,285.06,285.06,285.06
1977-02-14,281.69,281.69,281.69,281.69
1977-02-15,283.93,283.93,283.93,283.93
1977-02-16,283.77,283.77,283.77,283.77
1977-02-17,282.97,282.97,282.97,282.97
1977-02-18,283.45,283.45,283.45,283.45
1977-02-22,283.37,283.37,283.37,283.37
1977-02-23,283.45,283.45,283.45,283.45
1977-02-24,283.53,283.53,283.53,283.53
1977-02-25,282.01,282.01,282.01,282.01
1977-02-28,282.81,282.81,282.81,282.81
1977-03-01,282.49,282.49,282.49,282.49
1977-03-02,281.53,281.53,281.53,281.53
1977-03-03,281.29,281.29,281.29,281.29
1977-03-04,282.09,282.09,282.09,282.09
1977-03-07,281.93,281.93,281.93,281.93
1977-03-08,282.09,282.09,282.09,282.09
1977-03-09,282.33,282.33,282.33,282.33
1977-03-10,282.01,282.01,282.01,282.01
1977-03-11,282.01,282.01,282.01,282.01
1977-03-14,281.21,281.21,281.21,281.21
1977-03-15,281.53,281.53,281.53,281.53
1977-03-16,281.85,281.85,281.85,281.85
1977-03-17,281.69,281.69,281.69,281.69
1977-03-18,280.82,280.82,280.82,280.82
1977-03-21,279.1,279.1,279.1,279.1
1977-03-22,278.94,278.94,278.94,278.94
1977-03-23,277.24,277.24,277.24,277.24
1977-03-24,278.47,278.47,278.47,278.47
1977-03-25,278.32,278.32,278.32,278.32
1977-03-28,276.85,276.85,276.85,276.85
1977-03-29,276.63,276.63,276.63,276.63
1977-03-30,277.24,277.24,277.24,277.24
1977-03-31,277.55,277.55,277.55,277.55
1977-04-01,276.17,276.17,276.17,276.17
1977-04-04,274.65,274.65,274.65,274.65
1977-04-05,273.0,273.0,273.0,273.0
1977-04-06,273.22,273.22,273.22,273.22
1977-04-07,273.6,273.6,273.6,273.6
1977-04-08,273.22,273.22,273.22,273.22
1977-04-11,271.3,271.3,271.3,271.3
1977-04-12,270.71,270.71,270.71,270.71
1977-04-13,272.55,272.55,272.55,272.55
1977-04-14,273.37,273.37,273.37,273.37
1977-04-15,273.82,273.82,273.82,273.82
1977-04-18,275.33,275.33,275.33,275.33
1977-04-19,275.79,275.79,275.79,275.79
1977-04-20,278.78,278.78,278.78,278.78
1977-04-21,276.85,276.85,276.85,276.85
1977-04-22,277.78,277.78,277.78,277.78
1977-04-25,278.01,278.01,278.01,278.01
1977-04-26,278.32,278.32,278.32,278.32
1977-04-27,278.01,278.01,278.01,278.01
1977-04-28,277.09,277.09,277.09,277.09
1977-04-29,277.78,277.78,277.78,277.78
1977-05-02,278.01,278.01,278.01,278.01
1977-05-03,278.16,278.16,278.16,278.16
1977-05-04,276.7,276.7,276.7,276.7
1977-05-05,275.94,275.94,275.94,275.94
1977-05-06,276.85,276.85,276.85,276.85
1977-05-09,278.01,278.01,278.01,278.01
1977-05-10,277.47,277.47,277.47,277.47
1977-05-11,277.93,277.93,277.93,277.93
1977-05-12,278.01,278.01,278.01,278.01
1977-05-13,277.62,277.62,277.62,277.62
1977-05-16,277.7,277.7,277.7,277.7
1977-05-17,277.55,277.55,277.55,277.55
1977-05-18,277.39,277.39,277.39,277.39
1977-05-19,276.97,276.97,276.97,276.97
1977-05-20,277.24,277.24,277.24,277.24
1977-05-23,277.55,277.55,277.55,277.55
1977-05-24,277.78,277.78,277.78,277.78
1977-05-25,277.39,277.39,277.39,277.39
1977-05-26,277.12,277.12,277.12,277.12
1977-05-27,277.28,277.28,277.28,277.28
1977-05-31,277.28,277.28,277.28,277.28
1977-06-01,277.32,277.32,277.32,277.32
1977-06-02,276.55,276.55,276.55,276.55
1977-06-03,276.28,276.28,276.28,276.28
1977-06-06,275.18,275.18,275.18,275.18
1977-06-07,275.56,275.56,275.56,275.56
1977-06-08,274.42,274.42,274.42,274.42
1977-06-09,273.75,273.75,273.75,273.75
1977-06-10,273.67,273.67,273.67,273.67
1977-06-13,271.81,271.81,271.81,271.81
1977-06-14,272.33,272.33,272.33,272.33
1977-06-15,272.78,272.78,272.78,272.78
1977-06-16,272.44,272.44,272.44,272.44
1977-06-17,272.7,272.7,272.7,272.7
1977-06-20,272.78,272.78,272.78,272.78
1977-06-21,272.44,272.44,272.44,272.44
1977-06-22,271.74,271.74,271.74,271.74
1977-06-23,271.81,271.81,271.81,271.81
1977-06-24,272.0,272.0,272.0,272.0
1977-06-27,271.48,271.48,271.48,271.48
1977-06-28,270.86,270.86,270.86,270.86
1977-06-29,267.45,267.45,267.45,267.45
1977-06-30,267.59,267.59,267.59,267.59
1977-07-01,267.13,267.13,267.13,267.13
1977-07-05,264.9,264.9,264.9,264.9
1977-07-06,265.39,265.39,265.39,265.39
1977-07-07,264.69,264.69,264.69,264.69
1977-07-08,264.76,264.76,264.76,264.76
1977-07-11,263.09,263.09,263.09,263.09
1977-07-12,264.48,264.48,264.48,264.48
1977-07-13,264.27,264.27,264.27,264.27
1977-07-15,265.32,265.32,265.32,265.32
1977-07-18,263.99,263.99,263.99,263.99
1977-07-19,264.27,264.27,264.27,264.27
1977-07-20,264.83,264.83,264.83,264.83
1977-07-21,264.76,264.76,264.76,264.76
1977-07-22,264.24,264.24,264.24,264.24
1977-07-25,264.34,264.34,264.34,264.34
1977-07-26,264.41,264.41,264.41,264.41
1977-07-27,264.76,264.76,264.76,264.76
1977-07-28,265.96,265.96,265.96,265.96
1977-07-29,266.81,266.81,266.81,266.81
1977-08-01,267.13,267.13,267.13,267.13
1977-08-02,266.52,266.52,266.52,266.52
1977-08-03,265.57,265.57,265.57,265.57
1977-08-04,265.53,265.53,265.53,265.53
1977-08-05,265.85,265.85,265.85,265.85
1977-08-08,266.24,266.24,266.24,266.24
1977-08-09,265.96,265.96,265.96,265.96
1977-08-10,266.06,266.06,266.06,266.06
1977-08-11,265.96,265.96,265.96,265.96
1977-08-12,266.38,266.38,266.38,266.38
1977-08-15,267.92,267.92,267.92,267.92
1977-08-16,267.67,267.67,267.67,267.67
1977-08-17,266.74,266.74,266.74,266.74
1977-08-18,266.74,266.74,266.74,266.74
1977-08-19,267.27,267.27,267.27,267.27
1977-08-22,266.7,266.7,266.7,266.7
1977-08-23,266.77,266.77,266.77,266.77
1977-08-24,266.21,266.21,266.21,266.21
1977-08-25,267.31,267.31,267.31,267.31
1977-08-26,267.09,267.09,267.09,267.09
1977-08-29,267.06,267.06,267.06,267.06
1977-08-30,267.4,267.4,267.4,267.4
1977-08-31,267.5,267.5,267.5,267.5
1977-09-01,268.17,268.17,268.17,268.17
1977-09-02,267.97,267.97,267.97,267.97
1977-09-06,267.59,267.59,267.59,267.59
1977-09-07,266.81,266.81,266.81,266.81
1977-09-08,266.88,266.88,266.88,266.88
1977-09-09,266.84,266.84,266.84,266.84
1977-09-12,266.67,266.67,266.67,266.67
1977-09-13,266.84,266.84,266.84,266.84
1977-09-14,267.13,267.13,267.13,267.13
1977-09-15,267.06,267.06,267.06,267.06
1977-09-16,267.09,267.09,267.09,267.09
1977-09-19,266.92,266.92,266.92,266.92
1977-09-20,266.88,266.88,266.88,266.88
1977-09-21,266.88,266.88,266.88,266.88
1977-09-22,266.81,266.81,266.81,266.81
1977-09-23,266.81,266.81,266.81,266.81
1977-09-26,266.7,266.7,266.7,266.7
1977-09-27,266.63,266.63,266.63,266.63
1977-09-28,266.67,266.67,266.67,266.67
1977-09-29,265.11,265.11,265.11,265.11
1977-09-30,263.71,263.71,263.71,263.71
1977-10-03,260.72,260.72,260.72,260.72
1977-10-04,260.82,260.82,260.82,260.82
1977-10-05,261.1,261.1,261.1,261.1
1977-10-06,258.55,258.55,258.55,258.55
1977-10-07,257.6,257.6,257.6,257.6
1977-10-11,257.8,257.8,257.8,257.8
1977-10-12,256.81,256.81,256.81,256.81
1977-10-13,254.97,254.97,254.97,254.97
1977-10-14,253.0,253.0,253.0,253.0
1977-10-17,252.53,252.53,252.53,252.53
1977-10-18,252.21,252.21,252.21,252.21
1977-10-19,254.45,254.45,254.45,254.45
1977-10-20,254.19,254.19,254.19,254.19
1977-10-21,254.32,254.32,254.32,254.32
1977-10-24,251.95,251.95,251.95,251.95
1977-10-25,252.33,252.33,252.33,252.33
1977-10-26,251.6,251.6,251.6,251.6
1977-10-27,250.31,250.31,250.31,250.31
1977-10-28,250.5,250.5,250.5,250.5
1977-10-31,249.13,249.13,249.13,249.13
1977-11-01,246.73,246.73,246.73,246.73
1977-11-02,248.32,248.32,248.32,248.32
1977-11-03,247.74,247.74,247.74,247.74
1977-11-04,249.0,249.0,249.0,249.0
1977-11-07,248.69,248.69,248.69,248.69
1977-11-09,247.1,247.1,247.1,247.1
1977-11-10,246.18,246.18,246.18,246.18
1977-11-14,245.1,245.1,245.1,245.1
1977-11-15,245.28,245.28,245.28,245.28
1977-11-16,245.25,245.25,245.25,245.25
1977-11-17,245.4,245.4,245.4,245.4
1977-11-18,243.49,243.49,243.49,243.49
1977-11-21,242.78,242.78,242.78,242.78
1977-11-22,240.64,240.64,240.64,240.64
1977-11-23,239.75,239.75,239.75,239.75
1977-11-25,239.98,239.98,239.98,239.98
1977-11-28,240.24,240.24,240.24,240.24
1977-11-29,243.66,243.66,243.66,243.66
1977-11-30,244.02,244.02,244.02,244.02
1977-12-01,243.07,243.07,243.07,243.07
1977-12-02,242.51,242.51,242.51,242.51
1977-12-05,242.01,242.01,242.01,242.01
1977-12-06,241.6,241.6,241.6,241.6
1977-12-07,241.43,241.43,241.43,241.43
1977-12-08,241.72,241.72,241.72,241.72
1977-12-09,242.37,242.37,242.37,242.37
1977-12-12,241.78,241.78,241.78,241.78
1977-12-13,240.53,240.53,240.53,240.53
1977-12-14,237.81,237.81,237.81,237.81
1977-12-15,239.12,239.12,239.12,239.12
1977-12-16,240.59,240.59,240.59,240.59
1977-12-19,241.02,241.02,241.02,241.02
1977-12-20,240.5,240.5,240.5,240.5
1977-12-21,240.38,240.38,240.38,240.38
1977-12-22,241.55,241.55,241.55,241.55
1977-12-23,241.66,241.66,241.66,241.66
1977-12-27,241.37,241.37,241.37,241.37
1977-12-28,240.44,240.44,240.44,240.44
1977-12-29,240.04,240.04,240.04,240.04
1977-12-30,239.98,239.98,239.98,239.98
1978-01-03,237.59,237.59,237.59,237.59
1978-01-04,237.42,237.42,237.42,237.42
1978-01-05,241.08,241.08,241.08,241.08
1978-01-06,240.38,240.38,240.38,240.38
1978-01-09,241.46,241.46,241.46,241.46
1978-01-10,241.49,241.49,241.49,241.49
1978-01-11,240.5,240.5,240.5,240.5
1978-01-12,241.6,241.6,241.6,241.6
1978-01-13,241.49,241.49,241.49,241.49
1978-01-16,241.6,241.6,241.6,241.6
1978-01-17,242.01,242.01,242.01,242.01
1978-01-18,242.42,242.42,242.42,242.42
1978-01-19,242.13,242.13,242.13,242.13
1978-01-20,241.85,241.85,241.85,241.85
1978-01-23,241.46,241.46,241.46,241.46
1978-01-24,241.66,241.66,241.66,241.66
1978-01-25,241.25,241.25,241.25,241.25
1978-01-26,240.56,240.56,240.56,240.56
1978-01-27,241.37,241.37,241.37,241.37
1978-01-30,241.78,241.78,241.78,241.78
1978-01-31,241.6,241.6,241.6,241.6
1978-02-01,241.6,241.6,241.6,241.6
1978-02-02,241.81,241.81,241.81,241.81
1978-02-03,241.84,241.84,241.84,241.84
1978-02-06,241.14,241.14,241.14,241.14
1978-02-07,241.43,241.43,241.43,241.43
1978-02-08,241.49,241.49,241.49,241.49
1978-02-09,241.55,241.55,241.55,241.55
1978-02-10,241.58,241.58,241.58,241.58
1978-02-14,240.7,240.7,240.7,240.7
1978-02-15,240.67,240.67,240.67,240.67
1978-02-16,240.15,240.15,240.15,240.15
1978-02-17,239.81,239.81,239.81,239.81
1978-02-21,238.41,238.41,238.41,238.41
1978-02-22,238.83,238.83,238.83,238.83
1978-02-23,238.15,238.15,238.15,238.15
1978-02-24,240.21,240.21,240.21,240.21
1978-02-27,239.23,239.23,239.23,239.23
1978-02-28,238.1,238.1,238.1,238.1
1978-03-01,238.27,238.27,238.27,238.27
1978-03-02,238.41,238.41,238.41,238.41
1978-03-03,237.02,237.02,237.02,237.02
1978-03-06,236.41,236.41,236.41,236.41
1978-03-07,235.57,235.57,235.57,235.57
1978-03-08,234.41,234.41,234.41,234.41
1978-03-09,235.02,235.02,235.02,235.02
1978-03-10,235.9,235.9,235.9,235.9
1978-03-13,234.03,234.03,234.03,234.03
1978-03-14,233.05,233.05,233.05,233.05
1978-03-15,233.05,233.05,233.05,233.05
1978-03-16,235.63,235.63,235.63,235.63
1978-03-17,231.0,231.0,231.0,231.0
1978-03-20,231.16,231.16,231.16,231.16
1978-03-21,230.63,230.63,230.63,230.63
1978-03-22,230.36,230.36,230.36,230.36
1978-03-23,230.02,230.02,230.02,230.02
1978-03-24,228.0,228.0,228.0,228.0
1978-03-27,225.23,225.23,225.23,225.23
1978-03-28,225.02,225.02,225.02,225.02
1978-03-29,222.27,222.27,222.27,222.27
1978-03-30,222.37,222.37,222.37,222.37
1978-03-31,229.89,229.89,229.89,229.89
1978-04-03,218.34,218.34,218.34,218.34
1978-04-04,219.3,219.3,219.3,219.3
1978-04-05,218.96,218.96,218.96,218.96
1978-04-06,218.63,218.63,218.63,218.63
1978-04-07,220.12,220.12,220.12,220.12
1978-04-10,219.83,219.83,219.83,219.83
1978-04-11,219.33,219.33,219.33,219.33
1978-04-12,218.72,218.72,218.72,218.72
1978-04-13,219.35,219.35,219.35,219.35
1978-04-14,219.4,219.4,219.4,219.4
1978-04-17,220.6,220.6,220.6,220.6
1978-04-18,221.53,221.53,221.53,221.53
1978-04-19,221.88,221.88,221.88,221.88
1978-04-20,226.76,226.76,226.76,226.76
1978-04-21,225.89,225.89,225.89,225.89
1978-04-24,228.1,228.1,228.1,228.1
1978-04-25,227.58,227.58,227.58,227.58
1978-04-26,225.63,225.63,225.63,225.63
1978-04-27,222.22,222.22,222.22,222.22
1978-04-28,224.97,224.97,224.97,224.97
1978-05-01,225.78,225.78,225.78,225.78
1978-05-02,226.07,226.07,226.07,226.07
1978-05-03,226.14,226.14,226.14,226.14
1978-05-04,224.77,224.77,224.77,224.77
1978-05-05,224.59,224.59,224.59,224.59
1978-05-08,225.12,225.12,225.12,225.12
1978-05-09,225.38,225.38,225.38,225.38
1978-05-10,224.92,224.92,224.92,224.92
1978-05-11,225.23,225.23,225.23,225.23
1978-05-12,225.63,225.63,225.63,225.63
1978-05-15,226.22,226.22,226.22,226.22
1978-05-16,228.41,228.41,228.41,228.41
1978-05-17,227.95,227.95,227.95,227.95
1978-05-18,227.53,227.53,227.53,227.53
1978-05-19,228.0,228.0,228.0,228.0
1978-05-22,228.83,228.83,228.83,228.83
1978-05-23,229.04,229.04,229.04,229.04
1978-05-24,228.41,228.41,228.41,228.41
1978-05-25,225.84,225.84,225.84,225.84
1978-05-26,225.68,225.68,225.68,225.68
1978-05-29,225.05,225.05,225.05,225.05
1978-05-31,221.34,221.34,221.34,221.34
1978-06-01,221.51,221.51,221.51,221.51
1978-06-02,221.24,221.24,221.24,221.24
1978-06-05,220.99,220.99,220.99,220.99
1978-06-06,220.99,220.99,220.99,220.99
1978-06-07,220.99,220.99,220.99,220.99
1978-06-08,220.9,220.9,220.9,220.9
1978-06-09,220.6,220.6,220.6,220.6
1978-06-12,218.01,218.01,218.01,218.01
1978-06-13,216.92,216.92,216.92,216.92
1978-06-14,215.38,215.38,215.38,215.38
1978-06-15,216.17,216.17,216.17,216.17
1978-06-16,215.89,215.89,215.89,215.89
1978-06-19,213.49,213.49,213.49,213.49
1978-06-20,211.15,211.15,211.15,211.15
1978-06-21,210.66,210.66,210.66,210.66
1978-06-22,211.1,211.1,211.1,211.1
1978-06-23,207.47,207.47,207.47,207.47
1978-06-26,206.06,206.06,206.06,206.06
1978-06-27,205.93,205.93,205.93,205.93
1978-06-28,205.97,205.97,205.97,205.97
1978-06-29,205.21,205.21,205.21,205.21
1978-06-30,203.71,203.71,203.71,203.71
1978-07-03,202.43,202.43,202.43,202.43
1978-07-05,201.61,201.61,201.61,201.61
1978-07-06,203.09,203.09,203.09,203.09
1978-07-07,202.35,202.35,202.35,202.35
1978-07-10,201.69,201.69,201.69,201.69
1978-07-11,202.86,202.86,202.86,202.86
1978-07-12,203.29,203.29,203.29,203.29
1978-07-13,202.65,202.65,202.65,202.65
1978-07-14,202.59,202.59,202.59,202.59
1978-07-17,203.79,203.79,203.79,203.79
1978-07-18,202.55,202.55,202.55,202.55
1978-07-19,201.53,201.53,201.53,201.53
1978-07-20,201.57,201.57,201.57,201.57
1978-07-21,200.94,200.94,200.94,200.94
1978-07-24,198.02,198.02,198.02,198.02
1978-07-25,195.47,195.47,195.47,195.47
1978-07-26,194.1,194.1,194.1,194.1
1978-07-27,193.65,193.65,193.65,193.65
1978-07-28,190.59,190.59,190.59,190.59
1978-07-31,189.14,189.14,189.14,189.14
1978-08-01,186.57,186.57,186.57,186.57
1978-08-02,186.29,186.29,186.29,186.29
1978-08-03,188.32,188.32,188.32,188.32
1978-08-04,190.19,190.19,190.19,190.19
1978-08-07,188.79,188.79,188.79,188.79
1978-08-08,187.34,187.34,187.34,187.34
1978-08-09,187.62,187.62,187.62,187.62
1978-08-10,186.67,186.67,186.67,186.67
1978-08-11,185.53,185.53,185.53,185.53
1978-08-14,183.76,183.76,183.76,183.76
1978-08-15,185.29,185.29,185.29,185.29
1978-08-16,184.64,184.64,184.64,184.64
1978-08-17,188.32,188.32,188.32,188.32
1978-08-18,188.86,188.86,188.86,188.86
1978-08-21,193.01,193.01,193.01,193.01
1978-08-22,191.31,191.31,191.31,191.31
1978-08-23,191.9,191.9,191.9,191.9
1978-08-24,191.02,191.02,191.02,191.02
1978-08-25,192.57,192.57,192.57,192.57
1978-08-28,193.35,193.35,193.35,193.35
1978-08-29,189.39,189.39,189.39,189.39
1978-08-30,189.07,189.07,189.07,189.07
1978-08-31,190.51,190.51,190.51,190.51
1978-09-01,190.8,190.8,190.8,190.8
1978-09-05,190.15,190.15,190.15,190.15
1978-09-06,190.0,190.0,190.0,190.0
1978-09-07,191.05,191.05,191.05,191.05
1978-09-08,192.9,192.9,192.9,192.9
1978-09-11,191.9,191.9,191.9,191.9
1978-09-12,191.5,191.5,191.5,191.5
1978-09-13,189.9,189.9,189.9,189.9
1978-09-14,190.15,190.15,190.15,190.15
1978-09-15,189.85,189.85,189.85,189.85
1978-09-18,190.8,190.8,190.8,190.8
1978-09-19,190.3,190.3,190.3,190.3
1978-09-20,188.8,188.8,188.8,188.8
1978-09-21,187.75,187.75,187.75,187.75
1978-09-22,188.25,188.25,188.25,188.25
1978-09-25,187.65,187.65,187.65,187.65
1978-09-26,189.15,189.15,189.15,189.15
1978-09-27,189.1,189.1,189.1,189.1
1978-09-28,189.2,189.2,189.2,189.2
1978-09-29,189.19,189.19,189.19,189.19
1978-10-02,188.85,188.85,188.85,188.85
1978-10-03,187.5,187.5,187.5,187.5
1978-10-04,187.0,187.0,187.0,187.0
1978-10-05,187.3,187.3,187.3,187.3
1978-10-06,188.4,188.4,188.4,188.4
1978-10-10,187.9,187.9,187.9,187.9
1978-10-11,185.85,185.85,185.85,185.85
1978-10-12,186.6,186.6,186.6,186.6
1978-10-13,185.9,185.9,185.9,185.9
1978-10-16,183.85,183.85,183.85,183.85
1978-10-17,182.25,182.25,182.25,182.25
1978-10-18,182.3,182.3,182.3,182.3
1978-10-19,183.25,183.25,183.25,183.25
1978-10-20,181.8,181.8,181.8,181.8
1978-10-23,181.55,181.55,181.55,181.55
1978-10-24,182.55,182.55,182.55,182.55
1978-10-25,179.55,179.55,179.55,179.55
1978-10-26,178.3,178.3,178.3,178.3
1978-10-27,179.0,179.0,179.0,179.0
1978-10-30,177.05,177.05,177.05,177.05
1978-10-31,179.5,179.5,179.5,179.5
1978-11-01,186.0,186.0,186.0,186.0
1978-11-02,187.85,187.85,187.85,187.85
1978-11-03,189.0,189.0,189.0,189.0
1978-11-06,190.25,190.25,190.25,190.25
1978-11-08,187.25,187.25,187.25,187.25
1978-11-09,187.9,187.9,187.9,187.9
1978-11-10,188.6,188.6,188.6,188.6
1978-11-13,188.45,188.45,188.45,188.45
1978-11-14,188.95,188.95,188.95,188.95
1978-11-15,191.0,191.0,191.0,191.0
1978-11-16,194.1,194.1,194.1,194.1
1978-11-17,195.6,195.6,195.6,195.6
1978-11-20,194.8,194.8,194.8,194.8
1978-11-21,195.0,195.0,195.0,195.0
1978-11-22,194.2,194.2,194.2,194.2
1978-11-24,195.05,195.05,195.05,195.05
1978-11-27,196.0,196.0,196.0,196.0
1978-11-28,196.75,196.75,196.75,196.75
1978-11-29,197.0,197.0,197.0,197.0
1978-11-30,199.1,199.1,199.1,199.1
1978-12-01,201.7,201.7,201.7,201.7
1978-12-04,197.65,197.65,197.65,197.65
1978-12-05,197.5,197.5,197.5,197.5
1978-12-06,197.55,197.55,197.55,197.55
1978-12-07,198.65,198.65,198.65,198.65
1978-12-08,198.1,198.1,198.1,198.1
1978-12-11,196.0,196.0,196.0,196.0
1978-12-12,196.35,196.35,196.35,196.35
1978-12-13,196.25,196.25,196.25,196.25
1978-12-14,195.55,195.55,195.55,195.55
1978-12-15,195.8,195.8,195.8,195.8
1978-12-18,193.05,193.05,193.05,193.05
1978-12-19,193.3,193.3,193.3,193.3
1978-12-20,194.6,194.6,194.6,194.6
1978-12-21,195.2,195.2,195.2,195.2
1978-12-22,194.1,194.1,194.1,194.1
1978-12-26,195.0,195.0,195.0,195.0
1978-12-27,194.5,194.5,194.5,194.5
1978-12-28,193.95,193.95,193.95,193.95
1978-12-29,194.3,194.3,194.3,194.3
1979-01-02,194.58,194.58,194.58,194.58
1979-01-03,196.6,196.6,196.6,196.6
1979-01-04,196.4,196.4,196.4,196.4
1979-01-05,196.65,196.65,196.65,196.65
1979-01-08,195.65,195.65,195.65,195.65
1979-01-09,196.65,196.65,196.65,196.65
1979-01-10,196.65,196.65,196.65,196.65
1979-01-11,198.25,198.25,198.25,198.25
1979-01-12,197.6,197.6,197.6,197.6
1979-01-15,197.8,197.8,197.8,197.8
1979-01-16,197.15,197.15,197.15,197.15
1979-01-17,196.8,196.8,196.8,196.8
1979-01-18,196.75,196.75,196.75,196.75
1979-01-19,198.25,198.25,198.25,198.25
1979-01-22,197.63,197.63,197.63,197.63
1979-01-23,197.9,197.9,197.9,197.9
1979-01-24,197.7,197.7,197.7,197.7
1979-01-25,199.0,199.0,199.0,199.0
1979-01-26,199.55,199.55,199.55,199.55
1979-01-29,200.1,200.1,200.1,200.1
1979-01-30,200.75,200.75,200.75,200.75
1979-01-31,202.2,202.2,202.2,202.2
1979-02-01,202.75,202.75,202.75,202.75
1979-02-02,201.6,201.6,201.6,201.6
1979-02-05,199.85,199.85,199.85,199.85
1979-02-06,199.05,199.05,199.05,199.05
1979-02-07,196.0,196.0,196.0,196.0
1979-02-08,197.7,197.7,197.7,197.7
1979-02-09,198.8,198.8,198.8,198.8
1979-02-13,199.7,199.7,199.7,199.7
1979-02-14,200.4,200.4,200.4,200.4
1979-02-15,200.25,200.25,200.25,200.25
1979-02-16,200.7,200.7,200.7,200.7
1979-02-20,201.05,201.05,201.05,201.05
1979-02-21,201.85,201.85,201.85,201.85
1979-02-22,201.4,201.4,201.4,201.4
1979-02-23,201.4,201.4,201.4,201.4
1979-02-26,202.08,202.08,202.08,202.08
1979-02-27,201.9,201.9,201.9,201.9
1979-02-28,202.65,202.65,202.65,202.65
1979-03-01,203.75,203.75,203.75,203.75
1979-03-02,204.9,204.9,204.9,204.9
1979-03-05,204.73,204.73,204.73,204.73
1979-03-06,204.5,204.5,204.5,204.5
1979-03-07,204.0,204.0,204.0,204.0
1979-03-08,204.18,204.18,204.18,204.18
1979-03-09,204.7,204.7,204.7,204.7
1979-03-12,205.73,205.73,205.73,205.73
1979-03-13,208.65,208.65,208.65,208.65
1979-03-14,207.28,207.28,207.28,207.28
1979-03-15,206.95,206.95,206.95,206.95
1979-03-16,207.45,207.45,207.45,207.45
1979-03-19,207.0,207.0,207.0,207.0
1979-03-20,207.17,207.17,207.17,207.17
1979-03-21,206.95,206.95,206.95,206.95
1979-03-22,205.5,205.5,205.5,205.5
1979-03-23,205.9,205.9,205.9,205.9
1979-03-26,206.8,206.8,206.8,206.8
1979-03-27,207.15,207.15,207.15,207.15
1979-03-28,207.88,207.88,207.88,207.88
1979-03-29,208.37,208.37,208.37,208.37
1979-03-30,209.58,209.58,209.58,209.58
1979-04-02,211.65,211.65,211.65,211.65
1979-04-03,214.4,214.4,214.4,214.4
1979-04-04,215.28,215.28,215.28,215.28
1979-04-05,215.23,215.23,215.23,215.23
1979-04-06,214.9,214.9,214.9,214.9
1979-04-09,213.5,213.5,213.5,213.5
1979-04-10,212.75,212.75,212.75,212.75
1979-04-11,213.5,213.5,213.5,213.5
1979-04-12,215.75,215.75,215.75,215.75
1979-04-13,215.9,215.9,215.9,215.9
1979-04-16,216.45,216.45,216.45,216.45
1979-04-17,218.0,218.0,218.0,218.0
1979-04-18,215.4,215.4,215.4,215.4
1979-04-19,216.18,216.18,216.18,216.18
1979-04-20,218.3,218.3,218.3,218.3
1979-04-23,218.35,218.35,218.35,218.35
1979-04-24,218.45,218.45,218.45,218.45
1979-04-25,218.2,218.2,218.2,218.2
1979-04-26,218.1,218.1,218.1,218.1
1979-04-27,219.9,219.9,219.9,219.9
1979-04-30,221.8,221.8,221.8,221.8
1979-05-01,224.4,224.4,224.4,224.4
1979-05-02,224.95,224.95,224.95,224.95
1979-05-03,224.8,224.8,224.8,224.8
1979-05-04,221.5,221.5,221.5,221.5
1979-05-07,214.8,214.8,214.8,214.8
1979-05-08,215.15,215.15,215.15,215.15
1979-05-09,213.15,213.15,213.15,213.15
1979-05-10,214.58,214.58,214.58,214.58
1979-05-11,215.13,215.13,215.13,215.13
1979-05-14,214.0,214.0,214.0,214.0
1979-05-15,214.2,214.2,214.2,214.2
1979-05-16,214.35,214.35,214.35,214.35
1979-05-17,216.7,216.7,216.7,216.7
1979-05-18,218.8,218.8,218.8,218.8
1979-05-21,218.8,218.8,218.8,218.8
1979-05-22,219.4,219.4,219.4,219.4
1979-05-23,219.15,219.15,219.15,219.15
1979-05-24,218.65,218.65,218.65,218.65
1979-05-25,219.75,219.75,219.75,219.75
1979-05-28,220.45,220.45,220.45,220.45
1979-05-29,222.05,222.05,222.05,222.05
1979-05-31,220.35,220.35,220.35,220.35
1979-06-01,221.28,221.28,221.28,221.28
1979-06-04,219.75,219.75,219.75,219.75
1979-06-05,221.15,221.15,221.15,221.15
1979-06-06,220.35,220.35,220.35,220.35
1979-06-07,219.55,219.55,219.55,219.55
1979-06-08,218.6,218.6,218.6,218.6
1979-06-11,218.83,218.83,218.83,218.83
1979-06-12,219.7,219.7,219.7,219.7
1979-06-13,220.15,220.15,220.15,220.15
1979-06-14,220.18,220.18,220.18,220.18
1979-06-15,218.8,218.8,218.8,218.8
1979-06-18,219.9,219.9,219.9,219.9
1979-06-19,218.65,218.65,218.65,218.65
1979-06-20,219.0,219.0,219.0,219.0
1979-06-21,218.95,218.95,218.95,218.95
1979-06-22,215.8,215.8,215.8,215.8
1979-06-25,213.24,213.24,213.24,213.24
1979-06-26,215.9,215.9,215.9,215.9
1979-06-27,216.4,216.4,216.4,216.4
1979-06-28,216.55,216.55,216.55,216.55
1979-06-29,217.8,217.8,217.8,217.8
1979-07-02,218.3,218.3,218.3,218.3
1979-07-03,218.4,218.4,218.4,218.4
1979-07-05,217.0,217.0,217.0,217.0
1979-07-06,217.5,217.5,217.5,217.5
1979-07-09,217.5,217.5,217.5,217.5
1979-07-10,217.68,217.68,217.68,217.68
1979-07-11,217.45,217.45,217.45,217.45
1979-07-12,217.25,217.25,217.25,217.25
1979-07-13,217.35,217.35,217.35,217.35
1979-07-16,216.8,216.8,216.8,216.8
1979-07-17,216.45,216.45,216.45,216.45
1979-07-18,213.6,213.6,213.6,213.6
1979-07-19,216.0,216.0,216.0,216.0
1979-07-20,217.1,217.1,217.1,217.1
1979-07-23,215.75,215.75,215.75,215.75
1979-07-24,214.4,214.4,214.4,214.4
1979-07-25,215.25,215.25,215.25,215.25
1979-07-26,215.03,215.03,215.03,215.03
1979-07-27,215.4,215.4,215.4,215.4
1979-07-30,215.8,215.8,215.8,215.8
1979-07-31,216.7,216.7,216.7,216.7
1979-08-01,216.05,216.05,216.05,216.05
1979-08-02,216.55,216.55,216.55,216.55
1979-08-03,216.9,216.9,216.9,216.9
1979-08-06,216.45,216.45,216.45,216.45
1979-08-07,216.5,216.5,216.5,216.5
1979-08-08,216.5,216.5,216.5,216.5
1979-08-09,216.05,216.05,216.05,216.05
1979-08-10,215.9,215.9,215.9,215.9
1979-08-13,216.58,216.58,216.58,216.58
1979-08-14,216.8,216.8,216.8,216.8
1979-08-15,216.85,216.85,216.85,216.85
1979-08-16,216.98,216.98,216.98,216.98
1979-08-17,217.3,217.3,217.3,217.3
1979-08-20,217.38,217.38,217.38,217.38
1979-08-21,217.85,217.85,217.85,217.85
1979-08-22,219.5,219.5,219.5,219.5
1979-08-23,219.12,219.12,219.12,219.12
1979-08-24,219.25,219.25,219.25,219.25
1979-08-27,220.95,220.95,220.95,220.95
1979-08-28,220.55,220.55,220.55,220.55
1979-08-29,221.93,221.93,221.93,221.93
1979-08-30,219.95,219.95,219.95,219.95
1979-08-31,220.4,220.4,220.4,220.4
1979-09-04,221.05,221.05,221.05,221.05
1979-09-05,221.5,221.5,221.5,221.5
1979-09-06,220.85,220.85,220.85,220.85
1979-09-07,220.8,220.8,220.8,220.8
1979-09-10,220.9,220.9,220.9,220.9
1979-09-11,221.55,221.55,221.55,221.55
1979-09-12,222.2,222.2,222.2,222.2
1979-09-13,223.6,223.6,223.6,223.6
1979-09-14,223.4,223.4,223.4,223.4
1979-09-17,223.48,223.48,223.48,223.48
1979-09-18,223.8,223.8,223.8,223.8
1979-09-19,223.43,223.43,223.43,223.43
1979-09-20,220.3,220.3,220.3,220.3
1979-09-21,222.45,222.45,222.45,222.45
1979-09-24,223.1,223.1,223.1,223.1
1979-09-25,222.8,222.8,222.8,222.8
1979-09-26,222.6,222.6,222.6,222.6
1979-09-27,223.55,223.55,223.55,223.55
1979-09-28,224.5,224.5,224.5,224.5
1979-10-01,225.25,225.25,225.25,225.25
1979-10-02,225.35,225.35,225.35,225.35
1979-10-03,224.45,224.45,224.45,224.45
1979-10-04,223.4,223.4,223.4,223.4
1979-10-05,224.15,224.15,224.15,224.15
1979-10-09,226.0,226.0,226.0,226.0
1979-10-10,225.6,225.6,225.6,225.6
1979-10-11,226.4,226.4,226.4,226.4
1979-10-12,227.5,227.5,227.5,227.5
1979-10-15,229.8,229.8,229.8,229.8
1979-10-16,232.0,232.0,232.0,232.0
1979-10-17,234.1,234.1,234.1,234.1
1979-10-18,232.18,232.18,232.18,232.18
1979-10-19,230.65,230.65,230.65,230.65
1979-10-22,233.8,233.8,233.8,233.8
1979-10-23,235.4,235.4,235.4,235.4
1979-10-24,234.5,234.5,234.5,234.5
1979-10-25,233.9,233.9,233.9,233.9
1979-10-26,234.3,234.3,234.3,234.3
1979-10-29,235.98,235.98,235.98,235.98
1979-10-30,238.1,238.1,238.1,238.1
1979-10-31,237.85,237.85,237.85,237.85
1979-11-01,238.15,238.15,238.15,238.15
1979-11-02,234.55,234.55,234.55,234.55
1979-11-05,237.1,237.1,237.1,237.1
1979-11-07,240.2,240.2,240.2,240.2
1979-11-08,241.3,241.3,241.3,241.3
1979-11-09,243.55,243.55,243.55,243.55
1979-11-13,246.6,246.6,246.6,246.6
1979-11-14,243.35,243.35,243.35,243.35
1979-11-15,247.2,247.2,247.2,247.2
1979-11-16,246.5,246.5,246.5,246.5
1979-11-19,245.25,245.25,245.25,245.25
1979-11-20,246.2,246.2,246.2,246.2
1979-11-21,248.1,248.1,248.1,248.1
1979-11-23,249.0,249.0,249.0,249.0
1979-11-26,250.85,250.85,250.85,250.85
1979-11-27,249.45,249.45,249.45,249.45
1979-11-28,248.95,248.95,248.95,248.95
1979-11-29,248.85,248.85,248.85,248.85
1979-11-30,249.55,249.55,249.55,249.55
1979-12-03,248.89,248.89,248.89,248.89
1979-12-04,247.5,247.5,247.5,247.5
1979-12-05,245.7,245.7,245.7,245.7
1979-12-06,243.6,243.6,243.6,243.6
1979-12-07,240.2,240.2,240.2,240.2
1979-12-10,232.65,232.65,232.65,232.65
1979-12-11,233.3,233.3,233.3,233.3
1979-12-12,237.9,237.9,237.9,237.9
1979-12-13,240.7,240.7,240.7,240.7
1979-12-14,242.55,242.55,242.55,242.55
1979-12-17,240.1,240.1,240.1,240.1
1979-12-18,239.4,239.4,239.4,239.4
1979-12-19,239.0,239.0,239.0,239.0
1979-12-20,236.6,236.6,236.6,236.6
1979-12-21,239.9,239.9,239.9,239.9
1979-12-24,239.8,239.8,239.8,239.8
1979-12-26,239.05,239.05,239.05,239.05
1979-12-27,239.8,239.8,239.8,239.8
1979-12-28,240.55,240.55,240.55,240.55
1979-12-31,240.3,240.3,240.3,240.3
1980-01-02,238.45,238.45,238.45,238.45
1980-01-03,238.35,238.35,238.35,238.35
1980-01-04,234.8,234.8,234.8,234.8
1980-01-07,231.55,231.55,231.55,231.55
1980-01-08,234.75,234.75,234.75,234.75
1980-01-09,234.95,234.95,234.95,234.95
1980-01-10,235.8,235.8,235.8,235.8
1980-01-11,236.05,236.05,236.05,236.05
1980-01-14,236.2,236.2,236.2,236.2
1980-01-15,239.65,239.65,239.65,239.65
1980-01-16,238.15,238.15,238.15,238.15
1980-01-17,239.9,239.9,239.9,239.9
1980-01-18,239.65,239.65,239.65,239.65
1980-01-21,241.0,241.0,241.0,241.0
1980-01-22,239.7,239.7,239.7,239.7
1980-01-23,237.25,237.25,237.25,237.25
1980-01-24,239.35,239.35,239.35,239.35
1980-01-25,239.6,239.6,239.6,239.6
1980-01-28,240.22,240.22,240.22,240.22
1980-01-29,239.35,239.35,239.35,239.35
1980-01-30,239.5,239.5,239.5,239.5
1980-01-31,239.33,239.33,239.33,239.33
1980-02-01,240.45,240.45,240.45,240.45
1980-02-04,240.29,240.29,240.29,240.29
1980-02-05,240.1,240.1,240.1,240.1
1980-02-06,240.1,240.1,240.1,240.1
1980-02-07,240.09,240.09,240.09,240.09
1980-02-08,241.65,241.65,241.65,241.65
1980-02-11,241.4,241.4,241.4,241.4
1980-02-13,242.1,242.1,242.1,242.1
1980-02-14,243.39,243.39,243.39,243.39
1980-02-15,243.2,243.2,243.2,243.2
1980-02-19,245.36,245.36,245.36,245.36
1980-02-20,246.05,246.05,246.05,246.05
1980-02-21,246.09,246.09,246.09,246.09
1980-02-22,247.45,247.45,247.45,247.45
1980-02-25,248.35,248.35,248.35,248.35
1980-02-26,248.08,248.08,248.08,248.08
1980-02-27,248.45,248.45,248.45,248.45
1980-02-28,248.4,248.4,248.4,248.4
1980-02-29,251.65,251.65,251.65,251.65
1980-03-03,247.85,247.85,247.85,247.85
1980-03-04,246.4,246.4,246.4,246.4
1980-03-05,246.88,246.88,246.88,246.88
1980-03-06,248.1,248.1,248.1,248.1
1980-03-07,247.85,247.85,247.85,247.85
1980-03-10,247.93,247.93,247.93,247.93
1980-03-11,247.3,247.3,247.3,247.3
1980-03-12,247.5,247.5,247.5,247.5
1980-03-13,248.1,248.1,248.1,248.1
1980-03-14,249.05,249.05,249.05,249.05
1980-03-17,248.9,248.9,248.9,248.9
1980-03-18,249.1,249.1,249.1,249.1
1980-03-19,248.65,248.65,248.65,248.65
1980-03-20,248.7,248.7,248.7,248.7
1980-03-21,248.92,248.92,248.92,248.92
1980-03-24,249.15,249.15,249.15,249.15
1980-03-25,249.07,249.07,249.07,249.07
1980-03-26,249.1,249.1,249.1,249.1
1980-03-27,249.9,249.9,249.9,249.9
1980-03-28,249.65,249.65,249.65,249.65
1980-03-31,249.95,249.95,249.95,249.95
1980-04-01,254.65,254.65,254.65,254.65
1980-04-02,257.15,257.15,257.15,257.15
1980-04-03,257.2,257.2,257.2,257.2
1980-04-04,258.75,258.75,258.75,258.75
1980-04-07,261.4,261.4,261.4,261.4
1980-04-08,258.2,258.2,258.2,258.2
1980-04-09,251.8,251.8,251.8,251.8
1980-04-10,249.5,249.5,249.5,249.5
1980-04-11,252.5,252.5,252.5,252.5
1980-04-14,251.35,251.35,251.35,251.35
1980-04-15,252.7,252.7,252.7,252.7
1980-04-16,249.1,249.1,249.1,249.1
1980-04-17,248.7,248.7,248.7,248.7
1980-04-18,249.4,249.4,249.4,249.4
1980-04-21,249.8,249.8,249.8,249.8
1980-04-22,250.0,250.0,250.0,250.0
1980-04-23,243.25,243.25,243.25,243.25
1980-04-24,244.65,244.65,244.65,244.65
1980-04-25,246.0,246.0,246.0,246.0
1980-04-28,241.3,241.3,241.3,241.3
1980-04-29,239.3,239.3,239.3,239.3
1980-04-30,239.35,239.35,239.35,239.35
1980-05-01,240.5,240.5,240.5,240.5
1980-05-02,240.35,240.35,240.35,240.35
1980-05-05,237.2,237.2,237.2,237.2
1980-05-06,231.8,231.8,231.8,231.8
1980-05-07,231.85,231.85,231.85,231.85
1980-05-08,233.6,233.6,233.6,233.6
1980-05-09,231.8,231.8,231.8,231.8
1980-05-12,226.8,226.8,226.8,226.8
1980-05-13,227.75,227.75,227.75,227.75
1980-05-14,227.2,227.2,227.2,227.2
1980-05-15,227.8,227.8,227.8,227.8
1980-05-16,229.6,229.6,229.6,229.6
1980-05-19,229.0,229.0,229.0,229.0
1980-05-20,226.75,226.75,226.75,226.75
1980-05-21,224.4,224.4,224.4,224.4
1980-05-22,224.05,224.05,224.05,224.05
1980-05-23,221.25,221.25,221.25,221.25
1980-05-27,219.2,219.2,219.2,219.2
1980-05-28,223.5,223.5,223.5,223.5
1980-05-29,223.8,223.8,223.8,223.8
1980-05-30,223.0,223.0,223.0,223.0
1980-06-02,223.55,223.55,223.55,223.55
1980-06-03,222.7,222.7,222.7,222.7
1980-06-04,221.4,221.4,221.4,221.4
1980-06-05,220.35,220.35,220.35,220.35
1980-06-06,219.3,219.3,219.3,219.3
1980-06-09,216.35,216.35,216.35,216.35
1980-06-10,215.8,215.8,215.8,215.8
1980-06-11,217.75,217.75,217.75,217.75
1980-06-12,216.5,216.5,216.5,216.5
1980-06-13,216.0,216.0,216.0,216.0
1980-06-16,216.0,216.0,216.0,216.0
1980-06-17,216.0,216.0,216.0,216.0
1980-06-18,215.75,215.75,215.75,215.75
1980-06-19,216.35,216.35,216.35,216.35
1980-06-20,217.2,217.2,217.2,217.2
1980-06-23,216.07,216.07,216.07,216.07
1980-06-24,216.6,216.6,216.6,216.6
1980-06-25,217.95,217.95,217.95,217.95
1980-06-26,217.2,217.2,217.2,217.2
1980-06-27,217.55,217.55,217.55,217.55
1980-06-30,219.9,219.9,219.9,219.9
1980-07-01,219.5,219.5,219.5,219.5
1980-07-02,218.8,218.8,218.8,218.8
1980-07-03,219.0,219.0,219.0,219.0
1980-07-07,217.9,217.9,217.9,217.9
1980-07-08,219.1,219.1,219.1,219.1
1980-07-09,218.15,218.15,218.15,218.15
1980-07-10,216.85,216.85,216.85,216.85
1980-07-11,217.7,217.7,217.7,217.7
1980-07-14,218.25,218.25,218.25,218.25
1980-07-15,219.4,219.4,219.4,219.4
1980-07-16,218.8,218.8,218.8,218.8
1980-07-17,218.5,218.5,218.5,218.5
1980-07-18,220.27,220.27,220.27,220.27
1980-07-21,220.38,220.38,220.38,220.38
1980-07-22,221.0,221.0,221.0,221.0
1980-07-23,224.15,224.15,224.15,224.15
1980-07-24,223.2,223.2,223.2,223.2
1980-07-25,225.4,225.4,225.4,225.4
1980-07-28,227.4,227.4,227.4,227.4
1980-07-29,226.8,226.8,226.8,226.8
1980-07-30,227.05,227.05,227.05,227.05
1980-07-31,227.4,227.4,227.4,227.4
1980-08-01,227.0,227.0,227.0,227.0
1980-08-04,226.05,226.05,226.05,226.05
1980-08-05,226.25,226.25,226.25,226.25
1980-08-06,225.3,225.3,225.3,225.3
1980-08-07,225.7,225.7,225.7,225.7
1980-08-08,226.3,226.3,226.3,226.3
1980-08-11,225.78,225.78,225.78,225.78
1980-08-12,222.9,222.9,222.9,222.9
1980-08-13,224.0,224.0,224.0,224.0
1980-08-14,224.4,224.4,224.4,224.4
1980-08-15,225.75,225.75,225.75,225.75
1980-08-18,226.3,226.3,226.3,226.3
1980-08-19,224.38,224.38,224.38,224.38
1980-08-20,224.15,224.15,224.15,224.15
1980-08-21,224.75,224.75,224.75,224.75
1980-08-22,223.8,223.8,223.8,223.8
1980-08-25,223.2,223.2,223.2,223.2
1980-08-26,219.4,219.4,219.4,219.4
1980-08-27,219.68,219.68,219.68,219.68
1980-08-28,218.0,218.0,218.0,218.0
1980-08-29,219.1,219.1,219.1,219.1
1980-09-02,215.93,215.93,215.93,215.93
1980-09-03,216.7,216.7,216.7,216.7
1980-09-04,217.2,217.2,217.2,217.2
1980-09-05,218.0,218.0,218.0,218.0
1980-09-08,216.7,216.7,216.7,216.7
1980-09-09,216.8,216.8,216.8,216.8
1980-09-10,216.55,216.55,216.55,216.55
1980-09-11,214.47,214.47,214.47,214.47
1980-09-12,213.2,213.2,213.2,213.2
1980-09-15,212.65,212.65,212.65,212.65
1980-09-16,211.47,211.47,211.47,211.47
1980-09-17,211.95,211.95,211.95,211.95
1980-09-18,212.98,212.98,212.98,212.98
1980-09-19,210.8,210.8,210.8,210.8
1980-09-22,214.8,214.8,214.8,214.8
1980-09-23,218.15,218.15,218.15,218.15
1980-09-24,214.45,214.45,214.45,214.45
1980-09-25,215.0,215.0,215.0,215.0
1980-09-26,211.7,211.7,211.7,211.7
1980-09-29,212.4,212.4,212.4,212.4
1980-09-30,210.85,210.85,210.85,210.85
1980-10-01,208.5,208.5,208.5,208.5
1980-10-02,208.15,208.15,208.15,208.15
1980-10-03,207.6,207.6,207.6,207.6
1980-10-06,207.9,207.9,207.9,207.9
1980-10-07,208.85,208.85,208.85,208.85
1980-10-08,208.35,208.35,208.35,208.35
1980-10-09,208.95,208.95,208.95,208.95
1980-10-10,209.0,209.0,209.0,209.0
1980-10-14,206.5,206.5,206.5,206.5
1980-10-15,207.3,207.3,207.3,207.3
1980-10-16,208.15,208.15,208.15,208.15
1980-10-17,208.2,208.2,208.2,208.2
1980-10-20,208.65,208.65,208.65,208.65
1980-10-21,207.95,207.95,207.95,207.95
1980-10-22,209.35,209.35,209.35,209.35
1980-10-23,210.4,210.4,210.4,210.4
1980-10-24,212.75,212.75,212.75,212.75
1980-10-27,213.75,213.75,213.75,213.75
1980-10-28,213.25,213.25,213.25,213.25
1980-10-29,210.0,210.0,210.0,210.0
1980-10-30,210.5,210.5,210.5,210.5
1980-10-31,211.05,211.05,211.05,211.05
1980-11-03,210.8,210.8,210.8,210.8
1980-11-05,211.35,211.35,211.35,211.35
1980-11-06,212.65,212.65,212.65,212.65
1980-11-07,213.1,213.1,213.1,213.1
1980-11-10,209.5,209.5,209.5,209.5
1980-11-12,213.1,213.1,213.1,213.1
1980-11-13,212.3,212.3,212.3,212.3
1980-11-14,212.9,212.9,212.9,212.9
1980-11-17,213.6,213.6,213.6,213.6
1980-11-18,213.3,213.3,213.3,213.3
1980-11-19,212.65,212.65,212.65,212.65
1980-11-20,213.7,213.7,213.7,213.7
1980-11-21,213.8,213.8,213.8,213.8
1980-11-24,213.35,213.35,213.35,213.35
1980-11-25,213.65,213.65,213.65,213.65
1980-11-26,216.45,216.45,216.45,216.45
1980-11-28,216.6,216.6,216.6,216.6
1980-12-01,217.85,217.85,217.85,217.85
1980-12-02,216.55,216.55,216.55,216.55
1980-12-03,213.55,213.55,213.55,213.55
1980-12-04,211.0,211.0,211.0,211.0
1980-12-05,211.6,211.6,211.6,211.6
1980-12-08,208.5,208.5,208.5,208.5
1980-12-09,209.1,209.1,209.1,209.1
1980-12-10,210.1,210.1,210.1,210.1
1980-12-11,210.45,210.45,210.45,210.45
1980-12-12,210.5,210.5,210.5,210.5
1980-12-15,209.4,209.4,209.4,209.4
1980-12-16,208.75,208.75,208.75,208.75
1980-12-17,208.9,208.9,208.9,208.9
1980-12-18,209.5,209.5,209.5,209.5
1980-12-19,208.2,208.2,208.2,208.2
1980-12-22,207.65,207.65,207.65,207.65
1980-12-23,207.9,207.9,207.9,207.9
1980-12-24,208.0,208.0,208.0,208.0
1980-12-26,208.4,208.4,208.4,208.4
1980-12-29,206.65,206.65,206.65,206.65
1980-12-30,203.1,203.1,203.1,203.1
1980-12-31,203.1,203.1,203.1,203.1
1981-01-02,202.5,202.5,202.5,202.5
1981-01-05,199.05,199.05,199.05,199.05
1981-01-06,199.7,199.7,199.7,199.7
1981-01-07,201.05,201.05,201.05,201.05
1981-01-08,201.7,201.7,201.7,201.7
1981-01-09,203.0,203.0,203.0,203.0
1981-01-12,204.1,204.1,204.1,204.1
1981-01-13,203.3,203.3,203.3,203.3
1981-01-14,203.05,203.05,203.05,203.05
1981-01-15,201.75,201.75,201.75,201.75
1981-01-16,202.9,202.9,202.9,202.9
1981-01-19,202.3,202.3,202.3,202.3
1981-01-20,200.65,200.65,200.65,200.65
1981-01-21,199.2,199.2,199.2,199.2
1981-01-22,200.85,200.85,200.85,200.85
1981-01-23,202.75,202.75,202.75,202.75
1981-01-26,203.55,203.55,203.55,203.55
1981-01-27,202.5,202.5,202.5,202.5
1981-01-28,204.5,204.5,204.5,204.5
1981-01-29,204.6,204.6,204.6,204.6
1981-01-30,206.7,206.7,206.7,206.7
1981-02-02,203.15,203.15,203.15,203.15
1981-02-03,204.05,204.05,204.05,204.05
1981-02-04,202.9,202.9,202.9,202.9
1981-02-05,202.95,202.95,202.95,202.95
1981-02-06,203.8,203.8,203.8,203.8
1981-02-09,203.9,203.9,203.9,203.9
1981-02-10,203.9,203.9,203.9,203.9
1981-02-11,203.9,203.9,203.9,203.9
1981-02-13,207.45,207.45,207.45,207.45
1981-02-17,206.8,206.8,206.8,206.8
1981-02-18,206.55,206.55,206.55,206.55
1981-02-19,206.8,206.8,206.8,206.8
1981-02-20,206.8,206.8,206.8,206.8
1981-02-23,208.05,208.05,208.05,208.05
1981-02-24,207.0,207.0,207.0,207.0
1981-02-25,207.3,207.3,207.3,207.3
1981-02-26,207.9,207.9,207.9,207.9
1981-02-27,209.7,209.7,209.7,209.7
1981-03-02,211.1,211.1,211.1,211.1
1981-03-03,208.6,208.6,208.6,208.6
1981-03-04,208.6,208.6,208.6,208.6
1981-03-05,208.9,208.9,208.9,208.9
1981-03-06,209.0,209.0,209.0,209.0
1981-03-09,206.0,206.0,206.0,206.0
1981-03-10,207.0,207.0,207.0,207.0
1981-03-11,207.6,207.6,207.6,207.6
1981-03-12,207.6,207.6,207.6,207.6
1981-03-13,207.55,207.55,207.55,207.55
1981-03-16,207.27,207.27,207.27,207.27
1981-03-17,207.7,207.7,207.7,207.7
1981-03-18,207.6,207.6,207.6,207.6
1981-03-19,208.75,208.75,208.75,208.75
1981-03-20,208.25,208.25,208.25,208.25
1981-03-23,208.6,208.6,208.6,208.6
1981-03-24,208.55,208.55,208.55,208.55
1981-03-25,208.85,208.85,208.85,208.85
1981-03-26,211.45,211.45,211.45,211.45
1981-03-27,211.8,211.8,211.8,211.8
1981-03-30,211.4,211.4,211.4,211.4
1981-03-31,211.25,211.25,211.25,211.25
1981-04-01,212.4,212.4,212.4,212.4
1981-04-02,213.8,213.8,213.8,213.8
1981-04-03,213.2,213.2,213.2,213.2
1981-04-06,214.0,214.0,214.0,214.0
1981-04-07,213.1,213.1,213.1,213.1
1981-04-08,213.45,213.45,213.45,213.45
1981-04-09,214.1,214.1,214.1,214.1
1981-04-10,215.17,215.17,215.17,215.17
1981-04-13,216.25,216.25,216.25,216.25
1981-04-14,215.22,215.22,215.22,215.22
1981-04-15,216.7,216.7,216.7,216.7
1981-04-16,216.8,216.8,216.8,216.8
1981-04-17,217.5,217.5,217.5,217.5
1981-04-20,218.2,218.2,218.2,218.2
1981-04-21,218.35,218.35,218.35,218.35
1981-04-22,216.85,216.85,216.85,216.85
1981-04-23,215.2,215.2,215.2,215.2
1981-04-24,214.3,214.3,214.3,214.3
1981-04-27,212.1,212.1,212.1,212.1
1981-04-28,212.3,212.3,212.3,212.3
1981-04-29,214.7,214.7,214.7,214.7
1981-04-30,215.78,215.78,215.78,215.78
1981-05-01,215.75,215.75,215.75,215.75
1981-05-04,217.1,217.1,217.1,217.1
1981-05-05,217.8,217.8,217.8,217.8
1981-05-06,216.9,216.9,216.9,216.9
1981-05-07,217.9,217.9,217.9,217.9
1981-05-08,217.6,217.6,217.6,217.6
1981-05-11,217.95,217.95,217.95,217.95
1981-05-12,219.75,219.75,219.75,219.75
1981-05-13,220.45,220.45,220.45,220.45
1981-05-14,222.35,222.35,222.35,222.35
1981-05-15,223.05,223.05,223.05,223.05
1981-05-18,221.97,221.97,221.97,221.97
1981-05-19,221.0,221.0,221.0,221.0
1981-05-20,220.8,220.8,220.8,220.8
1981-05-21,222.5,222.5,222.5,222.5
1981-05-22,222.5,222.5,222.5,222.5
1981-05-26,224.35,224.35,224.35,224.35
1981-05-27,224.95,224.95,224.95,224.95
1981-05-28,224.0,224.0,224.0,224.0
1981-05-29,223.9,223.9,223.9,223.9
1981-06-01,222.5,222.5,222.5,222.5
1981-06-02,223.85,223.85,223.85,223.85
1981-06-03,223.4,223.4,223.4,223.4
1981-06-04,226.4,226.4,226.4,226.4
1981-06-05,227.8,227.8,227.8,227.8
1981-06-08,227.9,227.9,227.9,227.9
1981-06-09,228.1,228.1,228.1,228.1
1981-06-10,225.45,225.45,225.45,225.45
1981-06-11,226.1,226.1,226.1,226.1
1981-06-12,224.15,224.15,224.15,224.15
1981-06-15,219.7,219.7,219.7,219.7
1981-06-16,220.15,220.15,220.15,220.15
1981-06-17,220.9,220.9,220.9,220.9
1981-06-18,222.1,222.1,222.1,222.1
1981-06-19,223.35,223.35,223.35,223.35
1981-06-22,222.52,222.52,222.52,222.52
1981-06-23,221.8,221.8,221.8,221.8
1981-06-24,222.8,222.8,222.8,222.8
1981-06-25,225.45,225.45,225.45,225.45
1981-06-26,224.85,224.85,224.85,224.85
1981-06-29,225.85,225.85,225.85,225.85
1981-06-30,226.85,226.85,226.85,226.85
1981-07-01,228.25,228.25,228.25,228.25
1981-07-02,226.75,226.75,226.75,226.75
1981-07-03,228.5,228.5,228.5,228.5
1981-07-06,229.83,229.83,229.83,229.83
1981-07-07,228.75,228.75,228.75,228.75
1981-07-08,229.45,229.45,229.45,229.45
1981-07-09,228.85,228.85,228.85,228.85
1981-07-10,228.3,228.3,228.3,228.3
1981-07-13,228.3,228.3,228.3,228.3
1981-07-14,231.0,231.0,231.0,231.0
1981-07-15,230.6,230.6,230.6,230.6
1981-07-16,231.28,231.28,231.28,231.28
1981-07-17,231.97,231.97,231.97,231.97
1981-07-20,233.0,233.0,233.0,233.0
1981-07-21,234.35,234.35,234.35,234.35
1981-07-22,234.5,234.5,234.5,234.5
1981-07-23,234.9,234.9,234.9,234.9
1981-07-24,234.52,234.52,234.52,234.52
1981-07-27,236.1,236.1,236.1,236.1
1981-07-28,237.25,237.25,237.25,237.25
1981-07-29,237.85,237.85,237.85,237.85
1981-07-30,238.8,238.8,238.8,238.8
1981-07-31,240.4,240.4,240.4,240.4
1981-08-03,245.4,245.4,245.4,245.4
1981-08-04,246.1,246.1,246.1,246.1
1981-08-05,240.9,240.9,240.9,240.9
1981-08-06,239.9,239.9,239.9,239.9
1981-08-07,234.9,234.9,234.9,234.9
1981-08-10,236.1,236.1,236.1,236.1
1981-08-11,235.75,235.75,235.75,235.75
1981-08-12,230.2,230.2,230.2,230.2
1981-08-13,231.7,231.7,231.7,231.7
1981-08-14,233.75,233.75,233.75,233.75
1981-08-17,229.8,229.8,229.8,229.8
1981-08-18,229.2,229.2,229.2,229.2
1981-08-19,230.35,230.35,230.35,230.35
1981-08-20,228.9,228.9,228.9,228.9
1981-08-21,227.25,227.25,227.25,227.25
1981-08-24,228.4,228.4,228.4,228.4
1981-08-25,230.6,230.6,230.6,230.6
1981-08-26,230.1,230.1,230.1,230.1
1981-08-27,230.95,230.95,230.95,230.95
1981-08-28,229.1,229.1,229.1,229.1
1981-08-31,230.5,230.5,230.5,230.5
1981-09-01,230.95,230.95,230.95,230.95
1981-09-02,229.7,229.7,229.7,229.7
1981-09-03,230.4,230.4,230.4,230.4
1981-09-04,229.7,229.7,229.7,229.7
1981-09-08,232.5,232.5,232.5,232.5
1981-09-09,233.8,233.8,233.8,233.8
1981-09-10,230.9,230.9,230.9,230.9
1981-09-11,231.35,231.35,231.35,231.35
1981-09-14,230.2,230.2,230.2,230.2
1981-09-15,225.7,225.7,225.7,225.7
1981-09-16,226.95,226.95,226.95,226.95
1981-09-17,226.3,226.3,226.3,226.3
1981-09-18,226.3,226.3,226.3,226.3
1981-09-21,224.2,224.2,224.2,224.2
1981-09-22,226.8,226.8,226.8,226.8
1981-09-23,227.9,227.9,227.9,227.9
1981-09-24,229.1,229.1,229.1,229.1
1981-09-25,229.7,229.7,229.7,229.7
1981-09-28,232.45,232.45,232.45,232.45
1981-09-29,231.9,231.9,231.9,231.9
1981-09-30,232.3,232.3,232.3,232.3
1981-10-01,233.1,233.1,233.1,233.1
1981-10-02,232.05,232.05,232.05,232.05
1981-10-05,227.6,227.6,227.6,227.6
1981-10-06,230.4,230.4,230.4,230.4
1981-10-07,228.5,228.5,228.5,228.5
1981-10-08,228.35,228.35,228.35,228.35
1981-10-09,226.55,226.55,226.55,226.55
1981-10-13,228.6,228.6,228.6,228.6
1981-10-14,228.75,228.75,228.75,228.75
1981-10-15,230.6,230.6,230.6,230.6
1981-10-16,230.6,230.6,230.6,230.6
1981-10-19,232.35,232.35,232.35,232.35
1981-10-20,232.7,232.7,232.7,232.7
1981-10-21,233.7,233.7,233.7,233.7
1981-10-22,233.65,233.65,233.65,233.65
1981-10-23,232.3,232.3,232.3,232.3
1981-10-26,236.15,236.15,236.15,236.15
1981-10-27,234.75,234.75,234.75,234.75
1981-10-28,234.05,234.05,234.05,234.05
1981-10-29,234.35,234.35,234.35,234.35
1981-10-30,232.8,232.8,232.8,232.8
1981-11-02,229.15,229.15,229.15,229.15
1981-11-04,227.3,227.3,227.3,227.3
1981-11-05,228.5,228.5,228.5,228.5
1981-11-06,229.05,229.05,229.05,229.05
1981-11-09,226.78,226.78,226.78,226.78
1981-11-10,229.85,229.85,229.85,229.85
1981-11-12,227.25,227.25,227.25,227.25
1981-11-13,227.35,227.35,227.35,227.35
1981-11-16,225.7,225.7,225.7,225.7
1981-11-17,224.25,224.25,224.25,224.25
1981-11-18,222.2,222.2,222.2,222.2
1981-11-19,220.3,220.3,220.3,220.3
1981-11-20,218.65,218.65,218.65,218.65
1981-11-23,217.6,217.6,217.6,217.6
1981-11-24,215.9,215.9,215.9,215.9
1981-11-25,216.6,216.6,216.6,216.6
1981-11-27,215.65,215.65,215.65,215.65
1981-11-30,214.2,214.2,214.2,214.2
1981-12-01,216.4,216.4,216.4,216.4
1981-12-02,214.7,214.7,214.7,214.7
1981-12-03,216.65,216.65,216.65,216.65
1981-12-04,216.5,216.5,216.5,216.5
1981-12-07,217.55,217.55,217.55,217.55
1981-12-08,218.0,218.0,218.0,218.0
1981-12-09,218.4,218.4,218.4,218.4
1981-12-10,218.6,218.6,218.6,218.6
1981-12-11,219.3,219.3,219.3,219.3
1981-12-14,220.75,220.75,220.75,220.75
1981-12-15,217.5,217.5,217.5,217.5
1981-12-16,218.3,218.3,218.3,218.3
1981-12-17,218.45,218.45,218.45,218.45
1981-12-18,219.0,219.0,219.0,219.0
1981-12-21,220.05,220.05,220.05,220.05
1981-12-22,219.35,219.35,219.35,219.35
1981-12-23,220.7,220.7,220.7,220.7
1981-12-24,222.1,222.1,222.1,222.1
1981-12-28,222.8,222.8,222.8,222.8
1981-12-29,222.3,222.3,222.3,222.3
1981-12-30,219.8,219.8,219.8,219.8
1981-12-31,219.8,219.8,219.8,219.8
1982-01-04,218.75,218.75,218.75,218.75
1982-01-05,219.7,219.7,219.7,219.7
1982-01-06,219.6,219.6,219.6,219.6
1982-01-07,222.0,222.0,222.0,222.0
1982-01-08,221.4,221.4,221.4,221.4
1982-01-11,223.3,223.3,223.3,223.3
1982-01-12,223.05,223.05,223.05,223.05
1982-01-13,224.35,224.35,224.35,224.35
1982-01-14,224.5,224.5,224.5,224.5
1982-01-15,224.5,224.5,224.5,224.5
1982-01-18,225.35,225.35,225.35,225.35
1982-01-19,224.5,224.5,224.5,224.5
1982-01-20,225.5,225.5,225.5,225.5
1982-01-21,225.65,225.65,225.65,225.65
1982-01-22,227.4,227.4,227.4,227.4
1982-01-25,229.4,229.4,229.4,229.4
1982-01-26,228.25,228.25,228.25,228.25
1982-01-27,229.6,229.6,229.6,229.6
1982-01-28,231.0,231.0,231.0,231.0
1982-01-29,231.0,231.0,231.0,231.0
1982-02-01,232.6,232.6,232.6,232.6
1982-02-02,233.25,233.25,233.25,233.25
1982-02-03,234.8,234.8,234.8,234.8
1982-02-04,233.15,233.15,233.15,233.15
1982-02-05,233.5,233.5,233.5,233.5
1982-02-08,234.75,234.75,234.75,234.75
1982-02-09,236.5,236.5,236.5,236.5
1982-02-10,236.35,236.35,236.35,236.35
1982-02-11,235.75,235.75,235.75,235.75
1982-02-12,237.0,237.0,237.0,237.0
1982-02-15,240.6,240.6,240.6,240.6
1982-02-16,240.65,240.65,240.65,240.65
1982-02-17,240.35,240.35,240.35,240.35
1982-02-18,235.5,235.5,235.5,235.5
1982-02-19,233.6,233.6,233.6,233.6
1982-02-22,232.1,232.1,232.1,232.1
1982-02-23,234.9,234.9,234.9,234.9
1982-02-24,234.45,234.45,234.45,234.45
1982-02-25,236.05,236.05,236.05,236.05
1982-02-26,237.25,237.25,237.25,237.25
1982-03-01,238.3,238.3,238.3,238.3
1982-03-02,237.7,237.7,237.7,237.7
1982-03-03,236.6,236.6,236.6,236.6
1982-03-04,236.55,236.55,236.55,236.55
1982-03-05,233.9,233.9,233.9,233.9
1982-03-08,234.3,234.3,234.3,234.3
1982-03-09,237.55,237.55,237.55,237.55
1982-03-10,237.25,237.25,237.25,237.25
1982-03-11,239.4,239.4,239.4,239.4
1982-03-12,240.1,240.1,240.1,240.1
1982-03-15,240.5,240.5,240.5,240.5
1982-03-16,241.6,241.6,241.6,241.6
1982-03-17,241.4,241.4,241.4,241.4
1982-03-18,242.1,242.1,242.1,242.1
1982-03-19,244.0,244.0,244.0,244.0
1982-03-22,245.3,245.3,245.3,245.3
1982-03-23,244.9,244.9,244.9,244.9
1982-03-24,243.6,243.6,243.6,243.6
1982-03-25,245.35,245.35,245.35,245.35
1982-03-26,247.1,247.1,247.1,247.1
1982-03-29,247.2,247.2,247.2,247.2
1982-03-30,245.3,245.3,245.3,245.3
1982-03-31,248.25,248.25,248.25,248.25
1982-04-01,246.2,246.2,246.2,246.2
1982-04-02,245.6,245.6,245.6,245.6
1982-04-05,248.4,248.4,248.4,248.4
1982-04-06,248.4,248.4,248.4,248.4
1982-04-07,245.9,245.9,245.9,245.9
1982-04-08,248.75,248.75,248.75,248.75
1982-04-09,248.05,248.05,248.05,248.05
1982-04-12,248.0,248.0,248.0,248.0
1982-04-13,246.7,246.7,246.7,246.7
1982-04-14,247.45,247.45,247.45,247.45
1982-04-15,248.4,248.4,248.4,248.4
1982-04-16,247.8,247.8,247.8,247.8
1982-04-19,245.0,245.0,245.0,245.0
1982-04-20,243.15,243.15,243.15,243.15
1982-04-21,243.2,243.2,243.2,243.2
1982-04-22,242.8,242.8,242.8,242.8
1982-04-23,241.15,241.15,241.15,241.15
1982-04-26,238.4,238.4,238.4,238.4
1982-04-27,238.0,238.0,238.0,238.0
1982-04-28,237.25,237.25,237.25,237.25
1982-04-29,235.9,235.9,235.9,235.9
1982-04-30,235.85,235.85,235.85,235.85
1982-05-03,236.6,236.6,236.6,236.6
1982-05-04,237.55,237.55,237.55,237.55
1982-05-05,234.1,234.1,234.1,234.1
1982-05-06,233.55,233.55,233.55,233.55
1982-05-07,232.92,232.92,232.92,232.92
1982-05-10,233.3,233.3,233.3,233.3
1982-05-11,232.85,232.85,232.85,232.85
1982-05-12,233.8,233.8,233.8,233.8
1982-05-13,235.2,235.2,235.2,235.2
1982-05-14,235.25,235.25,235.25,235.25
1982-05-17,236.85,236.85,236.85,236.85
1982-05-18,237.25,237.25,237.25,237.25
1982-05-19,238.95,238.95,238.95,238.95
1982-05-20,238.3,238.3,238.3,238.3
1982-05-21,237.6,237.6,237.6,237.6
1982-05-24,238.4,238.4,238.4,238.4
1982-05-25,240.2,240.2,240.2,240.2
1982-05-26,240.4,240.4,240.4,240.4
1982-05-27,242.9,242.9,242.9,242.9
1982-05-28,243.3,243.3,243.3,243.3
1982-06-01,244.3,244.3,244.3,244.3
1982-06-02,244.7,244.7,244.7,244.7
1982-06-03,243.2,243.2,243.2,243.2
1982-06-04,243.65,243.65,243.65,243.65
1982-06-07,245.65,245.65,245.65,245.65
1982-06-08,247.0,247.0,247.0,247.0
1982-06-09,248.95,248.95,248.95,248.95
1982-06-10,249.3,249.3,249.3,249.3
1982-06-11,247.55,247.55,247.55,247.55
1982-06-14,250.65,250.65,250.65,250.65
1982-06-15,251.65,251.65,251.65,251.65
1982-06-16,252.85,252.85,252.85,252.85
1982-06-17,254.5,254.5,254.5,254.5
1982-06-18,255.15,255.15,255.15,255.15
1982-06-21,257.15,257.15,257.15,257.15
1982-06-22,254.5,254.5,254.5,254.5
1982-06-23,256.0,256.0,256.0,256.0
1982-06-24,252.4,252.4,252.4,252.4
1982-06-25,257.7,257.7,257.7,257.7
1982-06-28,258.95,258.95,258.95,258.95
1982-06-29,255.55,255.55,255.55,255.55
1982-06-30,255.0,255.0,255.0,255.0
1982-07-01,255.95,255.95,255.95,255.95
1982-07-02,257.0,257.0,257.0,257.0
1982-07-05,256.45,256.45,256.45,256.45
1982-07-06,257.7,257.7,257.7,257.7
1982-07-07,259.0,259.0,259.0,259.0
1982-07-08,257.85,257.85,257.85,257.85
1982-07-09,255.8,255.8,255.8,255.8
1982-07-12,254.25,254.25,254.25,254.25
1982-07-13,257.5,257.5,257.5,257.5
1982-07-14,256.35,256.35,256.35,256.35
1982-07-15,255.95,255.95,255.95,255.95
1982-07-16,254.05,254.05,254.05,254.05
1982-07-19,254.65,254.65,254.65,254.65
1982-07-20,253.75,253.75,253.75,253.75
1982-07-21,252.05,252.05,252.05,252.05
1982-07-22,251.85,251.85,251.85,251.85
1982-07-23,249.2,249.2,249.2,249.2
1982-07-26,250.95,250.95,250.95,250.95
1982-07-27,252.3,252.3,252.3,252.3
1982-07-28,254.8,254.8,254.8,254.8
1982-07-29,256.6,256.6,256.6,256.6
1982-07-30,258.1,258.1,258.1,258.1
1982-08-02,256.6,256.6,256.6,256.6
1982-08-03,257.85,257.85,257.85,257.85
1982-08-04,260.35,260.35,260.35,260.35
1982-08-05,259.85,259.85,259.85,259.85
1982-08-06,260.1,260.1,260.1,260.1
1982-08-09,262.3,262.3,262.3,262.3
1982-08-10,263.9,263.9,263.9,263.9
1982-08-11,263.4,263.4,263.4,263.4
1982-08-12,263.2,263.2,263.2,263.2
1982-08-13,262.1,262.1,262.1,262.1
1982-08-16,264.05,264.05,264.05,264.05
1982-08-17,264.05,264.05,264.05,264.05
1982-08-18,259.2,259.2,259.2,259.2
1982-08-19,258.35,258.35,258.35,258.35
1982-08-20,254.75,254.75,254.75,254.75
1982-08-23,254.6,254.6,254.6,254.6
1982-08-24,251.5,251.5,251.5,251.5
1982-08-25,251.0,251.0,251.0,251.0
1982-08-26,253.2,253.2,253.2,253.2
1982-08-27,256.6,256.6,256.6,256.6
1982-08-30,260.95,260.95,260.95,260.95
1982-08-31,261.1,261.1,261.1,261.1
1982-09-01,259.1,259.1,259.1,259.1
1982-09-02,256.2,256.2,256.2,256.2
1982-09-03,257.8,257.8,257.8,257.8
1982-09-06,257.35,257.35,257.35,257.35
1982-09-07,257.45,257.45,257.45,257.45
1982-09-08,259.5,259.5,259.5,259.5
1982-09-09,258.65,258.65,258.65,258.65
1982-09-10,262.65,262.65,262.65,262.65
1982-09-13,264.0,264.0,264.0,264.0
1982-09-14,263.25,263.25,263.25,263.25
1982-09-15,263.4,263.4,263.4,263.4
1982-09-16,263.4,263.4,263.4,263.4
1982-09-17,263.2,263.2,263.2,263.2
1982-09-20,264.5,264.5,264.5,264.5
1982-09-21,265.1,265.1,265.1,265.1
1982-09-22,262.65,262.65,262.65,262.65
1982-09-23,264.95,264.95,264.95,264.95
1982-09-24,266.25,266.25,266.25,266.25
1982-09-27,269.8,269.8,269.8,269.8
1982-09-28,270.0,270.0,270.0,270.0
1982-09-29,268.85,268.85,268.85,268.85
1982-09-30,268.3,268.3,268.3,268.3
1982-10-01,268.9,268.9,268.9,268.9
1982-10-04,273.5,273.5,273.5,273.5
1982-10-05,273.8,273.8,273.8,273.8
1982-10-06,273.95,273.95,273.95,273.95
1982-10-07,270.1,270.1,270.1,270.1
1982-10-08,267.7,267.7,267.7,267.7
1982-10-12,262.6,262.6,262.6,262.6
1982-10-13,266.65,266.65,266.65,266.65
1982-10-14,268.5,268.5,268.5,268.5
1982-10-15,269.7,269.7,269.7,269.7
1982-10-18,268.55,268.55,268.55,268.55
1982-10-19,268.3,268.3,268.3,268.3
1982-10-20,270.4,270.4,270.4,270.4
1982-10-21,273.0,273.0,273.0,273.0
1982-10-22,273.45,273.45,273.45,273.45
1982-10-25,276.55,276.55,276.55,276.55
1982-10-26,276.05,276.05,276.05,276.05
1982-10-27,276.05,276.05,276.05,276.05
1982-10-28,277.45,277.45,277.45,277.45
1982-10-29,277.1,277.1,277.1,277.1
1982-11-01,276.9,276.9,276.9,276.9
1982-11-02,277.05,277.05,277.05,277.05
1982-11-03,276.52,276.52,276.52,276.52
1982-11-04,277.65,277.65,277.65,277.65
1982-11-05,275.8,275.8,275.8,275.8
1982-11-08,276.0,276.0,276.0,276.0
1982-11-09,271.15,271.15,271.15,271.15
1982-11-10,268.1,268.1,268.1,268.1
1982-11-11,267.3,267.3,267.3,267.3
1982-11-12,268.5,268.5,268.5,268.5
1982-11-15,267.35,267.35,267.35,267.35
1982-11-16,263.7,263.7,263.7,263.7
1982-11-17,263.3,263.3,263.3,263.3
1982-11-18,262.7,262.7,262.7,262.7
1982-11-19,257.85,257.85,257.85,257.85
1982-11-22,254.65,254.65,254.65,254.65
1982-11-23,257.05,257.05,257.05,257.05
1982-11-24,250.7,250.7,250.7,250.7
1982-11-25,248.9,248.9,248.9,248.9
1982-11-26,250.2,250.2,250.2,250.2
1982-11-29,250.35,250.35,250.35,250.35
1982-11-30,249.2,249.2,249.2,249.2
1982-12-01,248.6,248.6,248.6,248.6
1982-12-02,248.1,248.1,248.1,248.1
1982-12-03,246.6,246.6,246.6,246.6
1982-12-06,245.1,245.1,245.1,245.1
1982-12-07,242.75,242.75,242.75,242.75
1982-12-08,242.15,242.15,242.15,242.15
1982-12-09,245.7,245.7,245.7,245.7
1982-12-10,244.25,244.25,244.25,244.25
1982-12-13,247.3,247.3,247.3,247.3
1982-12-14,244.3,244.3,244.3,244.3
1982-12-15,244.95,244.95,244.95,244.95
1982-12-16,243.3,243.3,243.3,243.3
1982-12-17,244.15,244.15,244.15,244.15
1982-12-20,244.45,244.45,244.45,244.45
1982-12-21,242.1,242.1,242.1,242.1
1982-12-22,240.5,240.5,240.5,240.5
1982-12-23,238.1,238.1,238.1,238.1
1982-12-24,238.1,238.1,238.1,238.1
1982-12-27,237.5,237.5,237.5,237.5
1982-12-28,234.65,234.65,234.65,234.65
1982-12-29,232.8,232.8,232.8,232.8
1982-12-30,234.5,234.5,234.5,234.5
1982-12-31,234.7,234.7,234.7,234.7
1983-01-03,232.0,232.0,232.0,232.0
1983-01-04,229.8,229.8,229.8,229.8
1983-01-05,229.1,229.1,229.1,229.1
1983-01-06,229.8,229.8,229.8,229.8
1983-01-07,229.1,229.1,229.1,229.1
1983-01-10,226.75,226.75,226.75,226.75
1983-01-11,228.8,228.8,228.8,228.8
1983-01-12,230.55,230.55,230.55,230.55
1983-01-13,229.1,229.1,229.1,229.1
1983-01-14,230.5,230.5,230.5,230.5
1983-01-17,229.6,229.6,229.6,229.6
1983-01-18,232.15,232.15,232.15,232.15
1983-01-19,234.95,234.95,234.95,234.95
1983-01-20,235.3,235.3,235.3,235.3
1983-01-21,236.35,236.35,236.35,236.35
1983-01-24,240.2,240.2,240.2,240.2
1983-01-25,235.85,235.85,235.85,235.85
1983-01-26,235.35,235.35,235.35,235.35
1983-01-27,235.85,235.85,235.85,235.85
1983-01-28,236.4,236.4,236.4,236.4
1983-01-31,239.85,239.85,239.85,239.85
1983-02-01,239.4,239.4,239.4,239.4
1983-02-02,242.2,242.2,242.2,242.2
1983-02-03,238.85,238.85,238.85,238.85
1983-02-04,240.3,240.3,240.3,240.3
1983-02-07,237.45,237.45,237.45,237.45
1983-02-08,237.45,237.45,237.45,237.45
1983-02-09,236.6,236.6,236.6,236.6
1983-02-10,235.1,235.1,235.1,235.1
1983-02-11,234.7,234.7,234.7,234.7
1983-02-14,234.8,234.8,234.8,234.8
1983-02-15,234.1,234.1,234.1,234.1
1983-02-16,232.6,232.6,232.6,232.6
1983-02-17,233.2,233.2,233.2,233.2
1983-02-18,233.6,233.6,233.6,233.6
1983-02-21,233.6,233.6,233.6,233.6
1983-02-22,233.8,233.8,233.8,233.8
1983-02-23,235.05,235.05,235.05,235.05
1983-02-24,234.2,234.2,234.2,234.2
1983-02-25,235.05,235.05,235.05,235.05
1983-02-28,237.85,237.85,237.85,237.85
1983-03-01,239.0,239.0,239.0,239.0
1983-03-02,237.3,237.3,237.3,237.3
1983-03-03,236.4,236.4,236.4,236.4
1983-03-04,235.8,235.8,235.8,235.8
1983-03-07,235.7,235.7,235.7,235.7
1983-03-08,238.7,238.7,238.7,238.7
1983-03-09,237.7,237.7,237.7,237.7
1983-03-10,237.05,237.05,237.05,237.05
1983-03-11,238.45,238.45,238.45,238.45
1983-03-14,237.5,237.5,237.5,237.5
1983-03-15,237.25,237.25,237.25,237.25
1983-03-16,237.25,237.25,237.25,237.25
1983-03-17,239.1,239.1,239.1,239.1
1983-03-18,240.3,240.3,240.3,240.3
1983-03-21,240.85,240.85,240.85,240.85
1983-03-22,239.4,239.4,239.4,239.4
1983-03-23,238.8,238.8,238.8,238.8
1983-03-24,237.25,237.25,237.25,237.25
1983-03-25,237.1,237.1,237.1,237.1
1983-03-28,240.1,240.1,240.1,240.1
1983-03-29,240.05,240.05,240.05,240.05
1983-03-30,239.8,239.8,239.8,239.8
1983-03-31,239.0,239.0,239.0,239.0
1983-04-01,239.95,239.95,239.95,239.95
1983-04-04,239.0,239.0,239.0,239.0
1983-04-05,237.65,237.65,237.65,237.65
1983-04-06,237.05,237.05,237.05,237.05
1983-04-07,237.9,237.9,237.9,237.9
1983-04-08,239.3,239.3,239.3,239.3
1983-04-11,237.95,237.95,237.95,237.95
1983-04-12,238.05,238.05,238.05,238.05
1983-04-13,238.5,238.5,238.5,238.5
1983-04-14,238.25,238.25,238.25,238.25
1983-04-15,237.6,237.6,237.6,237.6
1983-04-18,237.8,237.8,237.8,237.8
1983-04-19,237.05,237.05,237.05,237.05
1983-04-20,237.38,237.38,237.38,237.38
1983-04-21,236.4,236.4,236.4,236.4
1983-04-22,236.85,236.85,236.85,236.85
1983-04-25,236.25,236.25,236.25,236.25
1983-04-26,237.35,237.35,237.35,237.35
1983-04-27,236.25,236.25,236.25,236.25
1983-04-28,238.2,238.2,238.2,238.2
1983-04-29,238.3,238.3,238.3,238.3
1983-05-02,237.6,237.6,237.6,237.6
1983-05-03,237.65,237.65,237.65,237.65
1983-05-04,236.25,236.25,236.25,236.25
1983-05-05,235.2,235.2,235.2,235.2
1983-05-06,234.7,234.7,234.7,234.7
1983-05-09,232.65,232.65,232.65,232.65
1983-05-10,232.5,232.5,232.5,232.5
1983-05-11,230.9,230.9,230.9,230.9
1983-05-12,231.5,231.5,231.5,231.5
1983-05-13,231.3,231.3,231.3,231.3
1983-05-16,233.3,233.3,233.3,233.3
1983-05-17,233.4,233.4,233.4,233.4
1983-05-18,232.75,232.75,232.75,232.75
1983-05-19,234.4,234.4,234.4,234.4
1983-05-20,234.1,234.1,234.1,234.1
1983-05-23,235.4,235.4,235.4,235.4
1983-05-24,236.6,236.6,236.6,236.6
1983-05-25,236.3,236.3,236.3,236.3
1983-05-26,236.55,236.55,236.55,236.55
1983-05-27,237.97,237.97,237.97,237.97
1983-05-30,238.65,238.65,238.65,238.65
1983-05-31,238.85,238.85,238.85,238.85
1983-06-01,239.85,239.85,239.85,239.85
1983-06-02,238.35,238.35,238.35,238.35
1983-06-03,239.0,239.0,239.0,239.0
1983-06-06,240.5,240.5,240.5,240.5
1983-06-07,240.35,240.35,240.35,240.35
1983-06-08,241.38,241.38,241.38,241.38
1983-06-09,242.7,242.7,242.7,242.7
1983-06-10,242.18,242.18,242.18,242.18
1983-06-13,242.55,242.55,242.55,242.55
1983-06-14,243.05,243.05,243.05,243.05
1983-06-15,242.45,242.45,242.45,242.45
1983-06-16,240.55,240.55,240.55,240.55
1983-06-17,239.9,239.9,239.9,239.9
1983-06-20,239.25,239.25,239.25,239.25
1983-06-21,239.6,239.6,239.6,239.6
1983-06-22,237.4,237.4,237.4,237.4
1983-06-23,237.5,237.5,237.5,237.5
1983-06-24,237.3,237.3,237.3,237.3
1983-06-27,239.4,239.4,239.4,239.4
1983-06-28,238.8,238.8,238.8,238.8
1983-06-29,239.35,239.35,239.35,239.35
1983-06-30,239.28,239.28,239.28,239.28
1983-07-01,239.15,239.15,239.15,239.15
1983-07-04,239.45,239.45,239.45,239.45
1983-07-05,240.7,240.7,240.7,240.7
1983-07-06,239.5,239.5,239.5,239.5
1983-07-07,240.85,240.85,240.85,240.85
1983-07-08,241.35,241.35,241.35,241.35
1983-07-11,241.65,241.65,241.65,241.65
1983-07-12,240.65,240.65,240.65,240.65
1983-07-13,239.8,239.8,239.8,239.8
1983-07-14,240.1,240.1,240.1,240.1
1983-07-15,241.25,241.25,241.25,241.25
1983-07-18,240.8,240.8,240.8,240.8
1983-07-19,240.8,240.8,240.8,240.8
1983-07-20,239.3,239.3,239.3,239.3
1983-07-21,239.6,239.6,239.6,239.6
1983-07-22,240.25,240.25,240.25,240.25
1983-07-25,240.55,240.55,240.55,240.55
1983-07-26,240.6,240.6,240.6,240.6
1983-07-27,240.87,240.87,240.87,240.87
1983-07-28,240.8,240.8,240.8,240.8
1983-07-29,241.75,241.75,241.75,241.75
1983-08-01,243.7,243.7,243.7,243.7
1983-08-02,243.15,243.15,243.15,243.15
1983-08-03,243.25,243.25,243.25,243.25
1983-08-04,243.6,243.6,243.6,243.6
1983-08-05,243.9,243.9,243.9,243.9
1983-08-08,244.25,244.25,244.25,244.25
1983-08-09,243.98,243.98,243.98,243.98
1983-08-10,245.8,245.8,245.8,245.8
1983-08-11,246.35,246.35,246.35,246.35
1983-08-12,247.05,247.05,247.05,247.05
1983-08-15,246.9,246.9,246.9,246.9
1983-08-16,243.15,243.15,243.15,243.15
1983-08-17,243.6,243.6,243.6,243.6
1983-08-18,242.98,242.98,242.98,242.98
1983-08-19,244.0,244.0,244.0,244.0
1983-08-22,243.1,243.1,243.1,243.1
1983-08-23,243.25,243.25,243.25,243.25
1983-08-24,242.9,242.9,242.9,242.9
1983-08-25,243.2,243.2,243.2,243.2
1983-08-26,245.65,245.65,245.65,245.65
1983-08-29,246.15,246.15,246.15,246.15
1983-08-30,246.25,246.25,246.25,246.25
1983-08-31,246.45,246.45,246.45,246.45
1983-09-01,246.5,246.5,246.5,246.5
1983-09-02,246.8,246.8,246.8,246.8
1983-09-05,246.9,246.9,246.9,246.9
1983-09-06,245.85,245.85,245.85,245.85
1983-09-07,245.7,245.7,245.7,245.7
1983-09-08,244.6,244.6,244.6,244.6
1983-09-09,244.55,244.55,244.55,244.55
1983-09-12,243.42,243.42,243.42,243.42
1983-09-13,244.2,244.2,244.2,244.2
1983-09-14,245.3,245.3,245.3,245.3
1983-09-15,244.65,244.65,244.65,244.65
1983-09-16,243.55,243.55,243.55,243.55
1983-09-19,241.7,241.7,241.7,241.7
1983-09-20,242.5,242.5,242.5,242.5
1983-09-21,242.25,242.25,242.25,242.25
1983-09-22,242.8,242.8,242.8,242.8
1983-09-23,239.6,239.6,239.6,239.6
1983-09-26,238.05,238.05,238.05,238.05
1983-09-27,237.9,237.9,237.9,237.9
1983-09-28,236.9,236.9,236.9,236.9
1983-09-29,236.8,236.8,236.8,236.8
1983-09-30,235.65,235.65,235.65,235.65
1983-10-03,234.15,234.15,234.15,234.15
1983-10-04,234.1,234.1,234.1,234.1
1983-10-05,232.9,232.9,232.9,232.9
1983-10-06,232.4,232.4,232.4,232.4
1983-10-07,230.85,230.85,230.85,230.85
1983-10-11,232.05,232.05,232.05,232.05
1983-10-12,234.28,234.28,234.28,234.28
1983-10-13,233.15,233.15,233.15,233.15
1983-10-14,232.8,232.8,232.8,232.8
1983-10-17,232.95,232.95,232.95,232.95
1983-10-18,232.3,232.3,232.3,232.3
1983-10-19,232.65,232.65,232.65,232.65
1983-10-20,232.5,232.5,232.5,232.5
1983-10-21,232.38,232.38,232.38,232.38
1983-10-24,233.5,233.5,233.5,233.5
1983-10-25,232.45,232.45,232.45,232.45
1983-10-26,232.95,232.95,232.95,232.95
1983-10-27,232.6,232.6,232.6,232.6
1983-10-28,232.7,232.7,232.7,232.7
1983-10-31,234.05,234.05,234.05,234.05
1983-11-01,234.77,234.77,234.77,234.77
1983-11-02,234.45,234.45,234.45,234.45
1983-11-03,234.35,234.35,234.35,234.35
1983-11-04,236.65,236.65,236.65,236.65
1983-11-07,237.0,237.0,237.0,237.0
1983-11-08,237.4,237.4,237.4,237.4
1983-11-09,235.4,235.4,235.4,235.4
1983-11-10,234.45,234.45,234.45,234.45
1983-11-11,235.25,235.25,235.25,235.25
1983-11-14,234.65,234.65,234.65,234.65
1983-11-15,234.45,234.45,234.45,234.45
1983-11-16,235.4,235.4,235.4,235.4
1983-11-17,236.25,236.25,236.25,236.25
1983-11-18,235.9,235.9,235.9,235.9
1983-11-21,235.2,235.2,235.2,235.2
1983-11-22,234.5,234.5,234.5,234.5
1983-11-23,235.05,235.05,235.05,235.05
1983-11-25,235.1,235.1,235.1,235.1
1983-11-28,234.85,234.85,234.85,234.85
1983-11-29,234.6,234.6,234.6,234.6
1983-11-30,232.5,232.5,232.5,232.5
1983-12-01,232.53,232.53,232.53,232.53
1983-12-02,233.4,233.4,233.4,233.4
1983-12-05,235.2,235.2,235.2,235.2
1983-12-06,234.2,234.2,234.2,234.2
1983-12-07,234.05,234.05,234.05,234.05
1983-12-08,234.03,234.03,234.03,234.03
1983-12-09,236.9,236.9,236.9,236.9
1983-12-12,236.65,236.65,236.65,236.65
1983-12-13,236.25,236.25,236.25,236.25
1983-12-14,235.08,235.08,235.08,235.08
1983-12-15,234.9,234.9,234.9,234.9
1983-12-16,235.5,235.5,235.5,235.5
1983-12-19,236.1,236.1,236.1,236.1
1983-12-20,234.8,234.8,234.8,234.8
1983-12-21,234.7,234.7,234.7,234.7
1983-12-22,234.05,234.05,234.05,234.05
1983-12-23,233.9,233.9,233.9,233.9
1983-12-27,233.8,233.8,233.8,233.8
1983-12-28,233.4,233.4,233.4,233.4
1983-12-29,232.2,232.2,232.2,232.2
1983-12-30,231.7,231.7,231.7,231.7
1984-01-03,232.45,232.45,232.45,232.45
1984-01-04,233.42,233.42,233.42,233.42
1984-01-05,232.7,232.7,232.7,232.7
1984-01-06,232.7,232.7,232.7,232.7
1984-01-09,233.3,233.3,233.3,233.3
1984-01-10,233.45,233.45,233.45,233.45
1984-01-11,234.45,234.45,234.45,234.45
1984-01-12,234.87,234.87,234.87,234.87
1984-01-13,233.4,233.4,233.4,233.4
1984-01-16,233.3,233.3,233.3,233.3
1984-01-17,234.28,234.28,234.28,234.28
1984-01-18,233.6,233.6,233.6,233.6
1984-01-19,233.35,233.35,233.35,233.35
1984-01-20,234.5,234.5,234.5,234.5
1984-01-23,233.85,233.85,233.85,233.85
1984-01-24,234.35,234.35,234.35,234.35
1984-01-25,234.2,234.2,234.2,234.2
1984-01-26,234.1,234.1,234.1,234.1
1984-01-27,234.28,234.28,234.28,234.28
1984-01-30,234.58,234.58,234.58,234.58
1984-01-31,234.67,234.67,234.67,234.67
1984-02-01,234.25,234.25,234.25,234.25
1984-02-02,233.6,233.6,233.6,233.6
1984-02-03,232.7,232.7,232.7,232.7
1984-02-06,233.1,233.1,233.1,233.1
1984-02-07,234.5,234.5,234.5,234.5
1984-02-08,234.15,234.15,234.15,234.15
1984-02-09,233.88,233.88,233.88,233.88
1984-02-10,234.6,234.6,234.6,234.6
1984-02-13,233.2,233.2,233.2,233.2
1984-02-14,233.95,233.95,233.95,233.95
1984-02-15,233.2,233.2,233.2,233.2
1984-02-16,232.85,232.85,232.85,232.85
1984-02-17,233.2,233.2,233.2,233.2
1984-02-20,234.1,234.1,234.1,234.1
1984-02-21,234.1,234.1,234.1,234.1
1984-02-22,233.2,233.2,233.2,233.2
1984-02-23,233.6,233.6,233.6,233.6
1984-02-24,233.2,233.2,233.2,233.2
1984-02-27,233.3,233.3,233.3,233.3
1984-02-28,233.52,233.52,233.52,233.52
1984-02-29,233.43,233.43,233.43,233.43
1984-03-01,233.43,233.43,233.43,233.43
1984-03-02,228.2,228.2,228.2,228.2
1984-03-05,223.35,223.35,223.35,223.35
1984-03-06,223.35,223.35,223.35,223.35
1984-03-07,223.25,223.25,223.25,223.25
1984-03-08,224.55,224.55,224.55,224.55
1984-03-09,224.8,224.8,224.8,224.8
1984-03-12,224.83,224.83,224.83,224.83
1984-03-13,223.15,223.15,223.15,223.15
1984-03-14,223.7,223.7,223.7,223.7
1984-03-15,224.1,224.1,224.1,224.1
1984-03-16,225.85,225.85,225.85,225.85
1984-03-19,225.8,225.8,225.8,225.8
1984-03-20,226.0,226.0,226.0,226.0
1984-03-21,226.8,226.8,226.8,226.8
1984-03-22,226.45,226.45,226.45,226.45
1984-03-23,225.63,225.63,225.63,225.63
1984-03-26,224.67,224.67,224.67,224.67
1984-03-27,224.45,224.45,224.45,224.45
1984-03-28,224.7,224.7,224.7,224.7
1984-03-29,224.05,224.05,224.05,224.05
1984-03-30,224.75,224.75,224.75,224.75
1984-04-02,224.65,224.65,224.65,224.65
1984-04-03,225.1,225.1,225.1,225.1
1984-04-04,225.35,225.35,225.35,225.35
1984-04-05,225.6,225.6,225.6,225.6
1984-04-06,225.35,225.35,225.35,225.35
1984-04-09,225.5,225.5,225.5,225.5
1984-04-10,225.18,225.18,225.18,225.18
1984-04-11,222.7,222.7,222.7,222.7
1984-04-12,224.1,224.1,224.1,224.1
1984-04-13,224.7,224.7,224.7,224.7
1984-04-16,225.42,225.42,225.42,225.42
1984-04-17,225.05,225.05,225.05,225.05
1984-04-18,224.8,224.8,224.8,224.8
1984-04-19,225.1,225.1,225.1,225.1
1984-04-20,225.1,225.1,225.1,225.1
1984-04-23,224.75,224.75,224.75,224.75
1984-04-24,225.85,225.85,225.85,225.85
1984-04-25,225.6,225.6,225.6,225.6
1984-04-26,225.75,225.75,225.75,225.75
1984-04-27,226.55,226.55,226.55,226.55
1984-04-30,227.0,227.0,227.0,227.0
1984-05-01,226.95,226.95,226.95,226.95
1984-05-02,227.05,227.05,227.05,227.05
1984-05-03,226.4,226.4,226.4,226.4
1984-05-04,226.85,226.85,226.85,226.85
1984-05-07,229.0,229.0,229.0,229.0
1984-05-08,229.15,229.15,229.15,229.15
1984-05-09,228.87,228.87,228.87,228.87
1984-05-10,229.2,229.2,229.2,229.2
1984-05-11,230.3,230.3,230.3,230.3
1984-05-14,231.2,231.2,231.2,231.2
1984-05-15,231.75,231.75,231.75,231.75
1984-05-16,231.1,231.1,231.1,231.1
1984-05-17,232.33,232.33,232.33,232.33
1984-05-18,233.35,233.35,233.35,233.35
1984-05-21,233.0,233.0,233.0,233.0
1984-05-22,233.25,233.25,233.25,233.25
1984-05-23,232.37,232.37,232.37,232.37
1984-05-24,231.83,231.83,231.83,231.83
1984-05-25,231.7,231.7,231.7,231.7
1984-05-29,231.8,231.8,231.8,231.8
1984-05-30,231.48,231.48,231.48,231.48
1984-05-31,231.58,231.58,231.58,231.58
1984-06-01,230.1,230.1,230.1,230.1
1984-06-04,229.7,229.7,229.7,229.7
1984-06-05,230.45,230.45,230.45,230.45
1984-06-06,230.5,230.5,230.5,230.5
1984-06-07,231.35,231.35,231.35,231.35
1984-06-08,231.72,231.72,231.72,231.72
1984-06-11,231.93,231.93,231.93,231.93
1984-06-12,232.65,232.65,232.65,232.65
1984-06-13,232.4,232.4,232.4,232.4
1984-06-14,231.65,231.65,231.65,231.65
1984-06-15,233.0,233.0,233.0,233.0
1984-06-18,233.45,233.45,233.45,233.45
1984-06-19,232.95,232.95,232.95,232.95
1984-06-20,234.55,234.55,234.55,234.55
1984-06-21,234.85,234.85,234.85,234.85
1984-06-22,235.95,235.95,235.95,235.95
1984-06-25,237.95,237.95,237.95,237.95
1984-06-26,237.95,237.95,237.95,237.95
1984-06-27,238.0,238.0,238.0,238.0
1984-06-28,237.3,237.3,237.3,237.3
1984-06-29,237.3,237.3,237.3,237.3
1984-07-02,238.5,238.5,238.5,238.5
1984-07-03,239.63,239.63,239.63,239.63
1984-07-04,240.55,240.55,240.55,240.55
1984-07-05,240.35,240.35,240.35,240.35
1984-07-06,241.25,241.25,241.25,241.25
1984-07-09,242.63,242.63,242.63,242.63
1984-07-10,241.45,241.45,241.45,241.45
1984-07-11,242.1,242.1,242.1,242.1
1984-07-12,242.68,242.68,242.68,242.68
1984-07-13,241.45,241.45,241.45,241.45
1984-07-16,240.7,240.7,240.7,240.7
1984-07-17,242.35,242.35,242.35,242.35
1984-07-18,243.85,243.85,243.85,243.85
1984-07-19,243.12,243.12,243.12,243.12
1984-07-20,245.2,245.2,245.2,245.2
1984-07-23,246.95,246.95,246.95,246.95
1984-07-24,246.18,246.18,246.18,246.18
1984-07-25,245.6,245.6,245.6,245.6
1984-07-26,243.65,243.65,243.65,243.65
1984-07-27,245.4,245.4,245.4,245.4
1984-07-30,246.05,246.05,246.05,246.05
1984-07-31,245.3,245.3,245.3,245.3
1984-08-01,245.75,245.75,245.75,245.75
1984-08-02,245.42,245.42,245.42,245.42
1984-08-03,241.8,241.8,241.8,241.8
1984-08-06,243.15,243.15,243.15,243.15
1984-08-07,244.5,244.5,244.5,244.5
1984-08-08,243.1,243.1,243.1,243.1
1984-08-09,243.35,243.35,243.35,243.35
1984-08-10,242.5,242.5,242.5,242.5
1984-08-13,244.08,244.08,244.08,244.08
1984-08-14,241.7,241.7,241.7,241.7
1984-08-15,241.9,241.9,241.9,241.9
1984-08-16,240.8,240.8,240.8,240.8
1984-08-17,241.1,241.1,241.1,241.1
1984-08-20,241.05,241.05,241.05,241.05
1984-08-21,242.15,242.15,242.15,242.15
1984-08-22,241.3,241.3,241.3,241.3
1984-08-23,240.6,240.6,240.6,240.6
1984-08-24,241.2,241.2,241.2,241.2
1984-08-27,241.6,241.6,241.6,241.6
1984-08-28,241.2,241.2,241.2,241.2
1984-08-29,240.6,240.6,240.6,240.6
1984-08-30,241.25,241.25,241.25,241.25
1984-08-31,241.9,241.9,241.9,241.9
1984-09-04,243.75,243.75,243.75,243.75
1984-09-05,244.7,244.7,244.7,244.7
1984-09-06,244.1,244.1,244.1,244.1
1984-09-07,245.8,245.8,245.8,245.8
1984-09-10,245.6,245.6,245.6,245.6
1984-09-11,245.55,245.55,245.55,245.55
1984-09-12,244.95,244.95,244.95,244.95
1984-09-13,245.8,245.8,245.8,245.8
1984-09-14,245.65,245.65,245.65,245.65
1984-09-17,247.2,247.2,247.2,247.2
1984-09-18,246.18,246.18,246.18,246.18
1984-09-19,245.75,245.75,245.75,245.75
1984-09-20,246.9,246.9,246.9,246.9
1984-09-21,244.4,244.4,244.4,244.4
1984-09-24,244.2,244.2,244.2,244.2
1984-09-25,246.0,246.0,246.0,246.0
1984-09-26,245.15,245.15,245.15,245.15
1984-09-27,245.1,245.1,245.1,245.1
1984-09-28,246.9,246.9,246.9,246.9
1984-10-01,246.4,246.4,246.4,246.4
1984-10-02,246.0,246.0,246.0,246.0
1984-10-03,245.75,245.75,245.75,245.75
1984-10-04,246.2,246.2,246.2,246.2
1984-10-05,246.95,246.95,246.95,246.95
1984-10-08,247.5,247.5,247.5,247.5
1984-10-09,247.6,247.6,247.6,247.6
1984-10-10,247.05,247.05,247.05,247.05
1984-10-11,248.0,248.0,248.0,248.0
1984-10-12,248.1,248.1,248.1,248.1
1984-10-15,248.8,248.8,248.8,248.8
1984-10-16,248.98,248.98,248.98,248.98
1984-10-17,249.1,249.1,249.1,249.1
1984-10-18,248.9,248.9,248.9,248.9
1984-10-19,247.25,247.25,247.25,247.25
1984-10-22,247.3,247.3,247.3,247.3
1984-10-23,244.6,244.6,244.6,244.6
1984-10-24,244.12,244.12,244.12,244.12
1984-10-25,244.05,244.05,244.05,244.05
1984-10-26,245.5,245.5,245.5,245.5
1984-10-29,246.65,246.65,246.65,246.65
1984-10-30,245.6,245.6,245.6,245.6
1984-10-31,245.7,245.7,245.7,245.7
1984-11-01,244.3,244.3,244.3,244.3
1984-11-02,242.0,242.0,242.0,242.0
1984-11-05,242.05,242.05,242.05,242.05
1984-11-07,240.8,240.8,240.8,240.8
1984-11-08,240.95,240.95,240.95,240.95
1984-11-09,241.0,241.0,241.0,241.0
1984-11-12,240.25,240.25,240.25,240.25
1984-11-13,240.45,240.45,240.45,240.45
1984-11-14,242.45,242.45,242.45,242.45
1984-11-15,242.5,242.5,242.5,242.5
1984-11-16,242.8,242.8,242.8,242.8
1984-11-19,243.65,243.65,243.65,243.65
1984-11-20,244.8,244.8,244.8,244.8
1984-11-21,245.53,245.53,245.53,245.53
1984-11-23,245.4,245.4,245.4,245.4
1984-11-26,246.15,246.15,246.15,246.15
1984-11-27,245.4,245.4,245.4,245.4
1984-11-28,245.45,245.45,245.45,245.45
1984-11-29,245.8,245.8,245.8,245.8
1984-11-30,247.5,247.5,247.5,247.5
1984-12-03,248.2,248.2,248.2,248.2
1984-12-04,246.45,246.45,246.45,246.45
1984-12-05,246.8,246.8,246.8,246.8
1984-12-06,246.55,246.55,246.55,246.55
1984-12-07,247.4,247.4,247.4,247.4
1984-12-10,246.82,246.82,246.82,246.82
1984-12-11,247.0,247.0,247.0,247.0
1984-12-12,247.25,247.25,247.25,247.25
1984-12-13,247.55,247.55,247.55,247.55
1984-12-14,247.75,247.75,247.75,247.75
1984-12-17,247.55,247.55,247.55,247.55
1984-12-18,246.75,246.75,246.75,246.75
1984-12-19,247.76,247.76,247.76,247.76
1984-12-20,248.1,248.1,248.1,248.1
1984-12-21,247.95,247.95,247.95,247.95
1984-12-24,248.1,248.1,248.1,248.1
1984-12-26,249.05,249.05,249.05,249.05
1984-12-27,250.2,250.2,250.2,250.2
1984-12-28,250.45,250.45,250.45,250.45
1984-12-31,251.6,251.6,251.6,251.6
1985-01-02,251.8,251.8,251.8,251.8
1985-01-03,252.45,252.45,252.45,252.45
1985-01-04,253.2,253.2,253.2,253.2
1985-01-07,255.95,255.95,255.95,255.95
1985-01-08,253.75,253.75,253.75,253.75
1985-01-09,255.1,255.1,255.1,255.1
1985-01-10,253.7,253.7,253.7,253.7
1985-01-11,253.83,253.83,253.83,253.83
1985-01-14,255.4,255.4,255.4,255.4
1985-01-15,254.7,254.7,254.7,254.7
1985-01-16,254.95,254.95,254.95,254.95
1985-01-17,254.55,254.55,254.55,254.55
1985-01-18,254.58,254.58,254.58,254.58
1985-01-22,254.0,254.0,254.0,254.0
1985-01-23,254.4,254.4,254.4,254.4
1985-01-24,253.7,253.7,253.7,253.7
1985-01-25,253.95,253.95,253.95,253.95
1985-01-28,254.18,254.18,254.18,254.18
1985-01-29,254.35,254.35,254.35,254.35
1985-01-30,254.5,254.5,254.5,254.5
1985-01-31,254.8,254.8,254.8,254.8
1985-02-01,256.75,256.75,256.75,256.75
1985-02-04,259.42,259.42,259.42,259.42
1985-02-05,259.7,259.7,259.7,259.7
1985-02-06,259.53,259.53,259.53,259.53
1985-02-07,260.65,260.65,260.65,260.65
1985-02-08,260.7,260.7,260.7,260.7
1985-02-11,261.65,261.65,261.65,261.65
1985-02-12,262.6,262.6,262.6,262.6
1985-02-13,262.8,262.8,262.8,262.8
1985-02-14,260.5,260.5,260.5,260.5
1985-02-15,257.85,257.85,257.85,257.85
1985-02-18,255.5,255.5,255.5,255.5
1985-02-19,260.7,260.7,260.7,260.7
1985-02-20,261.3,261.3,261.3,261.3
1985-02-21,261.8,261.8,261.8,261.8
1985-02-22,262.8,262.8,262.8,262.8
1985-02-25,262.65,262.65,262.65,262.65
1985-02-26,261.05,261.05,261.05,261.05
1985-02-27,259.3,259.3,259.3,259.3
1985-02-28,259.45,259.45,259.45,259.45
1985-03-01,260.35,260.35,260.35,260.35
1985-03-04,260.1,260.1,260.1,260.1
1985-03-05,261.0,261.0,261.0,261.0
1985-03-06,261.2,261.2,261.2,261.2
1985-03-07,261.0,261.0,261.0,261.0
1985-03-08,261.63,261.63,261.63,261.63
1985-03-11,259.25,259.25,259.25,259.25
1985-03-12,260.1,260.1,260.1,260.1
1985-03-13,260.25,260.25,260.25,260.25
1985-03-14,260.55,260.55,260.55,260.55
1985-03-15,260.55,260.55,260.55,260.55
1985-03-18,259.9,259.9,259.9,259.9
1985-03-19,256.3,256.3,256.3,256.3
1985-03-20,256.4,256.4,256.4,256.4
1985-03-21,254.1,254.1,254.1,254.1
1985-03-22,255.65,255.65,255.65,255.65
1985-03-25,256.65,256.65,256.65,256.65
1985-03-26,255.4,255.4,255.4,255.4
1985-03-27,251.95,251.95,251.95,251.95
1985-03-28,253.0,253.0,253.0,253.0
1985-03-29,251.0,251.0,251.0,251.0
1985-04-01,252.45,252.45,252.45,252.45
1985-04-02,254.3,254.3,254.3,254.3
1985-04-03,253.15,253.15,253.15,253.15
1985-04-04,254.5,254.5,254.5,254.5
1985-04-05,254.85,254.85,254.85,254.85
1985-04-08,255.5,255.5,255.5,255.5
1985-04-09,254.9,254.9,254.9,254.9
1985-04-10,254.25,254.25,254.25,254.25
1985-04-11,251.7,251.7,251.7,251.7
1985-04-12,251.35,251.35,251.35,251.35
1985-04-15,249.95,249.95,249.95,249.95
1985-04-16,249.55,249.55,249.55,249.55
1985-04-17,249.55,249.55,249.55,249.55
1985-04-18,247.6,247.6,247.6,247.6
1985-04-19,247.4,247.4,247.4,247.4
1985-04-22,248.8,248.8,248.8,248.8
1985-04-23,250.0,250.0,250.0,250.0
1985-04-24,251.3,251.3,251.3,251.3
1985-04-25,252.35,252.35,252.35,252.35
1985-04-26,252.95,252.95,252.95,252.95
1985-04-29,252.7,252.7,252.7,252.7
1985-04-30,251.5,251.5,251.5,251.5
1985-05-01,252.75,252.75,252.75,252.75
1985-05-02,252.95,252.95,252.95,252.95
1985-05-03,253.85,253.85,253.85,253.85
1985-05-06,254.55,254.55,254.55,254.55
1985-05-07,252.9,252.9,252.9,252.9
1985-05-08,253.25,253.25,253.25,253.25
1985-05-09,251.55,251.55,251.55,251.55
1985-05-10,252.4,252.4,252.4,252.4
1985-05-13,251.35,251.35,251.35,251.35
1985-05-14,249.6,249.6,249.6,249.6
1985-05-15,251.0,251.0,251.0,251.0
1985-05-16,251.5,251.5,251.5,251.5
1985-05-17,250.7,250.7,250.7,250.7
1985-05-20,249.65,249.65,249.65,249.65
1985-05-21,250.25,250.25,250.25,250.25
1985-05-22,250.75,250.75,250.75,250.75
1985-05-23,251.3,251.3,251.3,251.3
1985-05-24,251.1,251.1,251.1,251.1
1985-05-28,251.6,251.6,251.6,251.6
1985-05-29,251.75,251.75,251.75,251.75
1985-05-30,251.6,251.6,251.6,251.6
1985-05-31,251.2,251.2,251.2,251.2
1985-06-03,248.6,248.6,248.6,248.6
1985-06-04,249.1,249.1,249.1,249.1
1985-06-05,249.45,249.45,249.45,249.45
1985-06-06,247.7,247.7,247.7,247.7
1985-06-07,249.55,249.55,249.55,249.55
1985-06-10,250.5,250.5,250.5,250.5
1985-06-11,249.9,249.9,249.9,249.9
1985-06-12,249.85,249.85,249.85,249.85
1985-06-13,249.8,249.8,249.8,249.8
1985-06-14,248.75,248.75,248.75,248.75
1985-06-17,248.7,248.7,248.7,248.7
1985-06-18,247.55,247.55,247.55,247.55
1985-06-19,247.7,247.7,247.7,247.7
1985-06-20,248.35,248.35,248.35,248.35
1985-06-21,248.15,248.15,248.15,248.15
1985-06-24,248.8,248.8,248.8,248.8
1985-06-25,249.0,249.0,249.0,249.0
1985-06-26,248.45,248.45,248.45,248.45
1985-06-27,249.0,249.0,249.0,249.0
1985-06-28,248.4,248.4,248.4,248.4
1985-07-01,247.95,247.95,247.95,247.95
1985-07-02,248.35,248.35,248.35,248.35
1985-07-03,248.05,248.05,248.05,248.05
1985-07-04,248.8,248.8,248.8,248.8
1985-07-05,247.0,247.0,247.0,247.0
1985-07-08,246.05,246.05,246.05,246.05
1985-07-09,244.25,244.25,244.25,244.25
1985-07-10,243.45,243.45,243.45,243.45
1985-07-11,243.0,243.0,243.0,243.0
1985-07-12,240.95,240.95,240.95,240.95
1985-07-15,237.65,237.65,237.65,237.65
1985-07-16,237.9,237.9,237.9,237.9
1985-07-17,236.5,236.5,236.5,236.5
1985-07-18,238.2,238.2,238.2,238.2
1985-07-19,238.75,238.75,238.75,238.75
1985-07-22,240.05,240.05,240.05,240.05
1985-07-23,238.0,238.0,238.0,238.0
1985-07-24,239.75,239.75,239.75,239.75
1985-07-25,238.9,238.9,238.9,238.9
1985-07-26,239.25,239.25,239.25,239.25
1985-07-29,237.15,237.15,237.15,237.15
1985-07-30,237.4,237.4,237.4,237.4
1985-07-31,236.45,236.45,236.45,236.45
1985-08-01,237.65,237.65,237.65,237.65
1985-08-02,237.45,237.45,237.45,237.45
1985-08-05,237.5,237.5,237.5,237.5
1985-08-06,238.45,238.45,238.45,238.45
1985-08-07,238.4,238.4,238.4,238.4
1985-08-08,238.5,238.5,238.5,238.5
1985-08-09,238.55,238.55,238.55,238.55
1985-08-12,237.3,237.3,237.3,237.3
1985-08-13,237.35,237.35,237.35,237.35
1985-08-14,238.0,238.0,238.0,238.0
1985-08-15,237.15,237.15,237.15,237.15
1985-08-16,236.85,236.85,236.85,236.85
1985-08-19,236.85,236.85,236.85,236.85
1985-08-20,237.4,237.4,237.4,237.4
1985-08-21,237.0,237.0,237.0,237.0
1985-08-22,235.85,235.85,235.85,235.85
1985-08-23,236.5,236.5,236.5,236.5
1985-08-26,236.89,236.89,236.89,236.89
1985-08-27,237.38,237.38,237.38,237.38
1985-08-28,237.0,237.0,237.0,237.0
1985-08-29,237.12,237.12,237.12,237.12
1985-08-30,239.0,239.0,239.0,239.0
1985-09-03,239.5,239.5,239.5,239.5
1985-09-04,239.6,239.6,239.6,239.6
1985-09-05,239.95,239.95,239.95,239.95
1985-09-06,243.6,243.6,243.6,243.6
1985-09-09,243.45,243.45,243.45,243.45
1985-09-10,242.75,242.75,242.75,242.75
1985-09-11,243.55,243.55,243.55,243.55
1985-09-12,243.2,243.2,243.2,243.2
1985-09-13,242.0,242.0,242.0,242.0
1985-09-16,241.35,241.35,241.35,241.35
1985-09-17,241.7,241.7,241.7,241.7
1985-09-18,242.25,242.25,242.25,242.25
1985-09-19,242.05,242.05,242.05,242.05
1985-09-20,240.1,240.1,240.1,240.1
1985-09-23,231.9,231.9,231.9,231.9
1985-09-24,229.8,229.8,229.8,229.8
1985-09-25,226.9,226.9,226.9,226.9
1985-09-26,220.3,220.3,220.3,220.3
1985-09-27,220.1,220.1,220.1,220.1
1985-09-30,216.5,216.5,216.5,216.5
1985-10-01,215.0,215.0,215.0,215.0
1985-10-02,214.1,214.1,214.1,214.1
1985-10-03,212.79,212.79,212.79,212.79
1985-10-04,213.45,213.45,213.45,213.45
1985-10-07,215.45,215.45,215.45,215.45
1985-10-08,216.0,216.0,216.0,216.0
1985-10-09,214.8,214.8,214.8,214.8
1985-10-10,215.4,215.4,215.4,215.4
1985-10-11,214.65,214.65,214.65,214.65
1985-10-15,215.45,215.45,215.45,215.45
1985-10-16,217.3,217.3,217.3,217.3
1985-10-17,215.15,215.15,215.15,215.15
1985-10-18,215.15,215.15,215.15,215.15
1985-10-21,215.7,215.7,215.7,215.7
1985-10-22,216.1,216.1,216.1,216.1
1985-10-23,215.9,215.9,215.9,215.9
1985-10-24,216.7,216.7,216.7,216.7
1985-10-25,214.9,214.9,214.9,214.9
1985-10-28,213.5,213.5,213.5,213.5
1985-10-29,212.43,212.43,212.43,212.43
1985-10-30,211.5,211.5,211.5,211.5
1985-10-31,211.55,211.55,211.55,211.55
1985-11-01,209.0,209.0,209.0,209.0
1985-11-04,207.9,207.9,207.9,207.9
1985-11-05,208.0,208.0,208.0,208.0
1985-11-06,205.25,205.25,205.25,205.25
1985-11-07,205.6,205.6,205.6,205.6
1985-11-08,205.85,205.85,205.85,205.85
1985-11-11,204.15,204.15,204.15,204.15
1985-11-12,205.86,205.86,205.86,205.86
1985-11-13,204.0,204.0,204.0,204.0
1985-11-14,203.57,203.57,203.57,203.57
1985-11-15,204.3,204.3,204.3,204.3
1985-11-18,203.45,203.45,203.45,203.45
1985-11-19,203.0,203.0,203.0,203.0
1985-11-20,203.45,203.45,203.45,203.45
1985-11-21,202.1,202.1,202.1,202.1
1985-11-22,201.35,201.35,201.35,201.35
1985-11-25,200.8,200.8,200.8,200.8
1985-11-26,201.0,201.0,201.0,201.0
1985-11-27,201.05,201.05,201.05,201.05
1985-11-28,202.05,202.05,202.05,202.05
1985-11-29,202.1,202.1,202.1,202.1
1985-12-02,204.03,204.03,204.03,204.03
1985-12-03,204.75,204.75,204.75,204.75
1985-12-04,202.65,202.65,202.65,202.65
1985-12-05,203.0,203.0,203.0,203.0
1985-12-06,203.4,203.4,203.4,203.4
1985-12-09,203.5,203.5,203.5,203.5
1985-12-10,203.6,203.6,203.6,203.6
1985-12-11,203.9,203.9,203.9,203.9
1985-12-12,202.05,202.05,202.05,202.05
1985-12-13,202.8,202.8,202.8,202.8
1985-12-16,202.6,202.6,202.6,202.6
1985-12-17,201.95,201.95,201.95,201.95
1985-12-18,203.15,203.15,203.15,203.15
1985-12-19,202.97,202.97,202.97,202.97
1985-12-20,202.7,202.7,202.7,202.7
1985-12-23,202.45,202.45,202.45,202.45
1985-12-24,202.75,202.75,202.75,202.75
1985-12-26,202.8,202.8,202.8,202.8
1985-12-27,202.2,202.2,202.2,202.2
1985-12-30,201.05,201.05,201.05,201.05
1985-12-31,200.25,200.25,200.25,200.25
1986-01-02,199.15,199.55,198.69,199.15
1986-01-03,202.53,202.77,199.0,202.53
1986-01-06,201.9,202.68,201.6,201.9
1986-01-07,201.7,201.7,200.98,201.7
1986-01-08,202.1,202.1,201.2,202.1
1986-01-09,202.1,202.64,201.56,202.1
1986-01-10,202.01,202.28,201.56,202.01
1986-01-13,202.7,203.27,202.37,202.7
1986-01-14,202.6,202.91,202.51,202.6
1986-01-15,202.5,202.73,202.15,202.5
1986-01-16,202.55,202.55,202.55,202.55
1986-01-17,202.52,202.73,201.88,202.52
1986-01-20,202.32,202.86,202.24,202.32
1986-01-21,202.35,202.6,201.92,202.35
1986-01-22,201.7,202.41,201.07,201.7
1986-01-23,202.05,202.19,201.52,202.05
1986-01-24,196.05,199.59,195.68,196.05
1986-01-27,195.75,196.4,195.46,195.75
1986-01-28,195.65,196.18,194.97,195.65
1986-01-29,194.1,194.21,193.0,194.1
1986-01-30,193.05,194.21,192.73,193.05
1986-01-31,192.3,193.09,192.19,192.3
1986-02-03,191.55,191.61,190.17,191.55
1986-02-04,192.05,192.41,191.07,192.05
1986-02-05,190.65,192.91,190.4,190.65
1986-02-06,190.48,191.16,189.72,190.48
1986-02-07,191.35,191.35,190.26,191.35
1986-02-10,188.15,189.81,187.7,188.15
1986-02-11,187.45,188.29,186.98,187.45
1986-02-12,186.72,186.76,185.46,186.72
1986-02-13,182.64,184.47,182.36,182.64
1986-02-14,182.0,182.81,181.56,182.0
1986-02-17,179.99,180.98,179.85,179.99
1986-02-18,181.05,182.54,180.93,181.05
1986-02-19,177.48,179.09,177.16,177.48
1986-02-20,181.1,181.42,178.46,181.1
1986-02-21,182.98,184.38,182.14,182.98
1986-02-24,182.15,183.08,181.47,182.15
1986-02-25,180.95,181.96,180.35,180.95
1986-02-26,181.15,182.01,180.98,181.15
1986-02-27,180.15,181.33,177.79,180.15
1986-02-28,180.55,180.57,179.36,180.55
1986-03-03,179.65,180.21,179.5,179.65
1986-03-04,179.0,179.4,178.46,179.0
1986-03-05,180.48,180.66,178.81,180.48
1986-03-06,179.3,181.29,179.3,179.3
1986-03-07,179.45,179.94,178.96,179.45
1986-03-10,180.7,180.8,179.22,180.7
1986-03-11,179.9,180.35,179.63,179.9
1986-03-12,180.39,180.44,179.36,180.39
1986-03-13,179.5,180.26,179.14,179.5
1986-03-14,176.67,177.61,175.82,176.67
1986-03-17,175.59,175.77,174.96,175.59
1986-03-18,175.19,175.55,174.74,175.19
1986-03-19,177.07,177.3,176.09,177.07
1986-03-20,176.13,176.71,175.86,176.13
1986-03-21,175.86,176.44,175.68,175.86
1986-03-24,178.73,179.09,177.07,178.73
1986-03-25,180.03,180.35,179.32,180.03
1986-03-26,179.63,180.88,179.58,179.63
1986-03-27,179.54,179.94,179.18,179.54
1986-03-28,168.4,168.64,167.5,168.4
1986-03-31,170.52,170.52,168.94,170.52
1986-04-01,177.75,178.86,177.52,177.75
1986-04-02,179.22,179.58,178.28,179.22
1986-04-03,179.4,180.12,179.14,179.4
1986-04-04,180.21,180.7,179.5,180.21
1986-04-07,182.9,183.17,180.62,182.9
1986-04-08,179.99,181.51,179.36,179.99
1986-04-09,179.9,180.39,179.5,179.9
1986-04-10,179.14,180.12,178.96,179.14
1986-04-11,178.1,178.51,177.52,178.1
1986-04-14,179.09,179.72,178.06,179.09
1986-04-15,178.46,179.32,177.97,178.46
1986-04-16,176.58,177.92,176.18,176.58
1986-04-17,175.59,176.18,175.05,175.59
1986-04-18,174.16,176.0,173.93,174.16
1986-04-21,171.96,172.36,171.29,171.96
1986-04-22,169.72,170.39,169.09,169.72
1986-04-23,168.01,168.37,166.98,168.01
1986-04-24,168.64,169.04,167.7,168.64
1986-04-25,168.51,170.3,168.06,168.51
1986-04-28,167.03,167.88,166.53,167.03
1986-04-29,167.54,167.89,166.98,167.54
1986-04-30,167.54,168.59,167.42,167.54
1986-05-01,169.44,169.67,168.68,169.44
1986-05-02,169.32,170.78,169.15,169.32
1986-05-05,165.23,167.74,164.88,165.23
1986-05-06,166.34,168.12,164.85,166.34
1986-05-07,165.29,166.4,164.99,165.29
1986-05-08,163.47,164.64,163.09,163.47
1986-05-09,162.19,163.18,161.63,162.19
1986-05-12,161.05,161.49,160.0,161.05
1986-05-13,163.27,163.59,160.73,163.27
1986-05-14,163.24,164.03,162.83,163.24
1986-05-15,163.47,163.59,162.48,163.47
1986-05-16,165.29,165.73,164.7,165.29
1986-05-19,167.83,168.68,167.54,167.83
1986-05-20,168.39,168.47,166.4,168.39
1986-05-21,168.62,169.44,168.33,168.62
1986-05-22,169.29,169.99,168.73,169.29
1986-05-23,169.49,170.69,168.88,169.49
1986-05-26,169.58,169.73,169.38,169.58
1986-05-27,169.17,170.02,169.03,169.17
1986-05-28,168.97,169.09,167.97,168.97
1986-05-29,170.99,170.99,169.49,170.99
1986-05-30,174.17,174.49,171.98,174.17
1986-06-02,178.57,179.21,178.27,178.57
1986-06-03,171.69,172.62,170.99,171.69
1986-06-04,171.34,171.63,170.2,171.34
1986-06-05,169.09,170.84,168.88,169.09
1986-06-06,167.27,168.68,167.19,167.27
1986-06-09,167.71,168.31,167.19,167.71
1986-06-10,166.57,168.39,166.43,166.57
1986-06-11,166.05,166.78,165.64,166.05
1986-06-12,165.84,166.57,165.35,165.84
1986-06-13,165.23,166.4,165.08,165.23
1986-06-16,165.49,165.58,164.99,165.49
1986-06-17,167.42,167.54,166.19,167.42
1986-06-18,167.77,167.97,166.19,167.77
1986-06-19,166.83,167.25,166.31,166.83
1986-06-20,167.48,167.83,167.19,167.48
1986-06-23,168.09,169.29,167.83,168.09
1986-06-24,166.89,167.13,166.05,166.89
1986-06-25,165.7,166.49,165.52,165.7
1986-06-26,165.99,166.34,165.84,165.99
1986-06-27,165.37,165.99,165.02,165.37
1986-06-30,163.47,164.29,163.39,163.47
1986-07-01,162.63,163.74,162.25,162.63
1986-07-02,163.04,163.97,162.95,163.04
1986-07-03,161.37,162.07,160.99,161.37
1986-07-04,160.49,160.99,160.24,160.49
1986-07-07,160.58,160.73,159.03,160.58
1986-07-08,160.7,161.19,159.03,160.7
1986-07-09,160.99,161.9,159.5,160.99
1986-07-10,160.17,160.73,160.0,160.17
1986-07-11,161.28,161.28,160.49,161.28
1986-07-14,160.29,161.49,160.14,160.29
1986-07-15,159.32,160.23,158.97,159.32
1986-07-16,158.45,158.8,157.98,158.45
1986-07-17,157.19,157.39,156.72,157.19
1986-07-18,156.34,157.77,156.28,156.34
1986-07-21,154.94,155.79,154.73,154.94
1986-07-22,156.28,156.9,154.82,156.28
1986-07-23,157.48,158.45,155.73,157.48
1986-07-24,156.63,156.99,155.99,156.63
1986-07-25,158.18,158.48,156.78,158.18
1986-07-28,156.28,157.77,155.85,156.28
1986-07-29,155.52,156.34,155.44,155.52
1986-07-30,155.7,156.28,155.41,155.7
1986-07-31,153.8,154.38,153.45,153.8
1986-08-01,153.89,154.15,153.13,153.89
1986-08-04,155.0,155.32,154.15,155.0
1986-08-05,153.84,153.84,153.84,153.84
1986-08-06,154.24,154.73,153.97,154.24
1986-08-07,153.68,153.97,153.39,153.68
1986-08-08,153.97,154.18,153.59,153.97
1986-08-11,153.62,153.89,153.42,153.62
1986-08-12,154.65,154.79,153.8,154.65
1986-08-13,154.18,154.47,153.89,154.18
1986-08-14,153.68,154.09,153.48,153.68
1986-08-15,153.83,154.33,153.54,153.83
1986-08-18,153.97,154.38,153.62,153.97
1986-08-19,153.33,154.73,153.21,153.33
1986-08-20,153.27,153.45,152.69,153.27
1986-08-21,153.18,153.68,152.89,153.18
1986-08-22,153.27,153.68,152.78,153.27
1986-08-25,153.68,153.83,153.54,153.68
1986-08-26,154.79,154.88,153.83,154.79
1986-08-27,154.65,155.29,154.47,154.65
1986-08-28,155.93,156.34,154.53,155.93
1986-08-29,154.47,156.28,154.15,154.47
1986-09-01,153.59,154.0,153.59,153.59
1986-09-02,154.23,154.34,153.74,154.23
1986-09-03,154.49,155.49,154.24,154.49
1986-09-04,154.89,155.15,154.14,154.89
1986-09-05,155.09,155.64,154.6,155.09
1986-09-08,155.95,156.24,155.2,155.95
1986-09-09,155.65,156.0,155.49,155.65
1986-09-10,154.6,155.56,154.14,154.6
1986-09-11,156.19,156.34,155.04,156.19
1986-09-12,155.35,157.2,154.79,155.35
1986-09-15,154.85,155.09,154.35,154.85
1986-09-16,156.16,156.29,155.56,156.16
1986-09-17,154.65,155.86,154.51,154.65
1986-09-18,153.3,154.45,153.24,153.3
1986-09-19,152.06,153.6,151.55,152.06
1986-09-22,153.3,154.01,152.9,153.3
1986-09-23,154.28,154.68,153.27,154.28
1986-09-24,154.35,154.65,153.47,154.35
1986-09-25,154.45,154.78,153.94,154.45
1986-09-26,154.01,154.41,153.74,154.01
1986-09-29,153.5,153.91,153.27,153.5
1986-09-30,154.01,154.35,153.2,154.01
1986-10-01,154.11,154.51,153.87,154.11
1986-10-02,153.57,154.41,153.54,153.57
1986-10-03,153.6,154.21,153.3,153.6
1986-10-06,153.87,154.31,153.6,153.87
1986-10-07,153.87,154.28,153.1,153.87
1986-10-08,154.01,154.11,153.87,154.01
1986-10-09,154.65,154.68,153.54,154.65
1986-10-10,154.11,155.05,153.91,154.11
1986-10-13,154.01,154.51,153.74,154.01
1986-10-14,153.74,154.45,153.6,153.74
1986-10-15,153.91,154.35,153.57,153.91
1986-10-16,153.91,154.11,153.74,153.91
1986-10-17,154.01,154.21,153.74,154.01
1986-10-20,154.51,154.78,154.01,154.51
1986-10-21,154.95,155.32,154.45,154.95
1986-10-22,155.39,155.46,154.78,155.39
1986-10-23,157.88,158.01,155.89,157.88
1986-10-24,161.0,161.64,159.83,161.0
1986-10-27,160.3,160.94,159.49,160.3
1986-10-28,159.66,160.16,158.48,159.66
1986-10-29,160.2,160.67,159.09,160.2
1986-10-30,161.58,161.81,159.32,161.58
1986-10-31,163.29,164.03,160.94,163.29
1986-11-03,163.7,164.27,163.29,163.7
1986-11-04,163.66,164.07,163.26,163.66
1986-11-05,164.33,164.74,162.59,164.33
1986-11-06,163.06,163.83,162.55,163.06
1986-11-07,162.82,163.73,162.48,162.82
1986-11-10,162.42,162.62,162.01,162.42
1986-11-11,161.81,162.42,161.74,161.81
1986-11-12,160.43,161.51,160.2,160.43
1986-11-13,160.84,161.81,160.2,160.84
1986-11-14,161.44,161.91,161.04,161.44
1986-11-17,162.69,162.89,161.81,162.69
1986-11-18,162.42,162.96,162.42,162.42
1986-11-19,162.11,163.22,161.98,162.11
1986-11-20,162.38,162.42,162.08,162.38
1986-11-21,163.56,163.73,162.75,163.56
1986-11-24,163.83,164.3,163.46,163.83
1986-11-25,162.11,163.83,161.88,162.11
1986-11-26,162.42,163.26,161.78,162.42
1986-11-27,162.35,162.55,161.78,162.35
1986-11-28,161.48,161.78,161.24,161.48
1986-12-01,161.78,161.78,160.87,161.78
1986-12-02,161.64,162.11,161.24,161.64
1986-12-03,161.78,161.95,161.64,161.78
1986-12-04,162.25,162.42,161.48,162.25
1986-12-05,161.71,162.55,161.48,161.71
1986-12-08,162.11,162.35,161.78,162.11
1986-12-09,162.08,162.38,161.71,162.08
1986-12-10,162.08,162.45,162.08,162.08
1986-12-11,162.08,162.38,162.08,162.08
1986-12-12,162.65,162.79,162.38,162.65
1986-12-15,162.65,162.79,162.38,162.65
1986-12-16,163.26,163.36,163.16,163.26
1986-12-17,162.99,163.32,162.99,162.99
1986-12-18,162.38,162.65,162.25,162.38
1986-12-19,162.65,162.65,162.45,162.65
1986-12-22,162.08,162.65,161.88,162.08
1986-12-23,162.08,162.25,161.71,162.08
1986-12-24,161.0,161.37,161.0,161.0
1986-12-29,158.31,159.02,158.11,158.31
1986-12-30,159.36,160.16,159.19,159.36
1986-12-31,157.47,159.36,157.24,157.47
1987-01-02,158.02,158.48,157.59,158.02
1987-01-05,159.13,159.29,158.48,159.13
1987-01-06,158.75,159.08,158.65,158.75
1987-01-07,157.75,158.37,157.26,157.75
1987-01-08,158.21,158.59,158.02,158.21
1987-01-09,158.02,158.43,157.81,158.02
1987-01-12,156.78,158.1,156.72,156.78
1987-01-13,155.61,156.18,155.23,155.61
1987-01-14,153.36,154.37,153.25,153.36
1987-01-15,153.04,154.15,151.93,153.04
1987-01-16,153.2,154.2,153.04,153.2
1987-01-19,150.79,151.22,150.3,150.79
1987-01-20,152.6,152.82,152.04,152.6
1987-01-21,153.74,154.37,153.36,153.74
1987-01-22,151.87,152.5,151.28,151.87
1987-01-23,152.93,153.47,151.87,152.93
1987-01-26,152.5,152.77,152.04,152.5
1987-01-27,151.66,152.39,151.66,151.66
1987-01-28,151.93,152.17,150.11,151.93
1987-01-29,151.98,152.23,151.39,151.98
1987-01-30,153.58,153.96,151.6,153.58
1987-02-02,152.71,153.2,152.66,152.71
1987-02-03,152.23,152.33,151.76,152.23
1987-02-04,152.55,152.98,152.28,152.55
1987-02-05,153.58,153.58,152.77,153.58
1987-02-06,154.26,154.91,153.47,154.26
1987-02-09,152.17,154.74,151.93,152.17
1987-02-10,152.5,153.2,152.23,152.5
1987-02-11,153.58,153.85,152.98,153.58
1987-02-12,154.07,154.07,153.15,154.07
1987-02-13,153.58,154.07,153.36,153.58
1987-02-16,153.47,153.63,153.04,153.47
1987-02-17,153.2,153.36,152.88,153.2
1987-02-18,153.74,153.85,153.09,153.74
1987-02-19,153.9,154.8,153.74,153.9
1987-02-20,153.47,153.85,153.31,153.47
1987-02-23,153.52,153.69,153.25,153.52
1987-02-24,153.8,154.01,153.53,153.8
1987-02-25,153.58,153.85,153.2,153.58
1987-02-26,153.04,153.36,152.77,153.04
1987-02-27,153.15,153.47,152.98,153.15
1987-03-02,153.42,153.47,153.2,153.42
1987-03-03,153.58,153.63,153.31,153.58
1987-03-04,153.58,153.63,153.2,153.58
1987-03-05,153.74,154.26,153.53,153.74
1987-03-06,153.36,153.63,153.15,153.36
1987-03-09,153.58,153.9,153.36,153.58
1987-03-10,153.47,153.9,153.31,153.47
1987-03-11,153.69,153.74,153.25,153.69
1987-03-12,153.58,153.63,153.36,153.58
1987-03-13,152.39,153.36,152.33,152.39
1987-03-16,151.44,152.33,151.28,151.44
1987-03-17,151.55,151.66,150.95,151.55
1987-03-18,151.87,152.09,151.55,151.87
1987-03-19,151.33,151.55,151.17,151.33
1987-03-20,151.6,151.66,151.28,151.6
1987-03-23,150.19,150.79,149.95,150.19
1987-03-24,149.35,149.95,148.13,149.35
1987-03-25,149.3,149.84,148.43,149.3
1987-03-26,149.35,149.68,148.76,149.35
1987-03-27,147.05,149.41,146.94,147.05
1987-03-30,146.16,146.73,144.48,146.16
1987-03-31,145.78,146.56,145.07,145.78
1987-04-01,147.0,147.38,146.16,147.0
1987-04-02,146.46,147.7,146.05,146.46
1987-04-03,145.94,146.35,145.34,145.94
1987-04-06,145.78,146.51,145.67,145.78
1987-04-07,145.56,145.89,144.8,145.56
1987-04-08,145.78,147.38,145.07,145.78
1987-04-09,143.85,146.05,143.75,143.85
1987-04-10,142.77,143.96,141.44,142.77
1987-04-13,141.99,142.66,141.55,141.99
1987-04-14,140.58,142.15,140.22,140.58
1987-04-15,141.66,143.04,140.22,141.66
1987-04-16,142.82,143.8,141.66,142.82
1987-04-17,142.99,143.15,142.15,142.99
1987-04-20,142.04,143.2,141.93,142.04
1987-04-21,142.5,142.61,141.66,142.5
1987-04-22,142.09,142.93,141.88,142.09
1987-04-23,140.58,142.28,140.58,140.58
1987-04-24,139.25,140.36,138.87,139.25
1987-04-27,139.3,139.41,137.11,139.3
1987-04-28,139.85,140.41,138.82,139.85
1987-04-29,138.49,141.06,138.38,138.49
1987-04-30,140.74,141.01,137.98,140.74
1987-05-01,139.68,141.34,139.63,139.68
1987-05-04,139.03,139.95,138.76,139.03
1987-05-05,139.09,139.2,137.92,139.09
1987-05-06,138.87,139.36,138.03,138.87
1987-05-07,139.14,139.56,138.48,139.14
1987-05-08,139.73,139.9,138.68,139.73
1987-05-11,139.49,140.19,139.39,139.49
1987-05-12,139.83,139.95,139.22,139.83
1987-05-13,140.29,140.88,139.49,140.29
1987-05-14,139.14,140.29,139.07,139.14
1987-05-15,139.58,140.0,138.85,139.58
1987-05-18,140.1,140.32,139.0,140.1
1987-05-19,139.49,140.32,139.39,139.49
1987-05-20,139.73,139.95,139.09,139.73
1987-05-21,140.58,140.78,139.73,140.58
1987-05-22,140.83,140.88,140.0,140.83
1987-05-25,141.0,141.39,140.54,141.0
1987-05-26,144.39,144.42,140.78,144.39
1987-05-27,143.39,144.59,142.61,143.39
1987-05-28,143.49,143.66,142.93,143.49
1987-05-29,143.88,144.42,143.39,143.88
1987-06-01,144.98,145.86,143.78,144.98
1987-06-02,140.95,145.59,140.88,140.95
1987-06-03,143.37,143.46,140.75,143.37
1987-06-04,144.37,144.64,143.39,144.37
1987-06-05,143.88,144.42,142.93,143.88
1987-06-08,143.34,144.15,142.34,143.34
1987-06-09,142.05,143.32,142.0,142.05
1987-06-10,141.93,142.78,141.49,141.93
1987-06-11,142.41,143.0,142.12,142.41
1987-06-12,143.88,143.93,142.15,143.88
1987-06-15,144.88,144.91,143.88,144.88
1987-06-16,144.78,144.98,143.68,144.78
1987-06-17,145.03,145.39,144.34,145.03
1987-06-18,144.59,145.2,144.1,144.59
1987-06-19,144.73,145.1,144.15,144.73
1987-06-22,146.25,146.35,145.98,146.25
1987-06-23,146.08,146.83,145.39,146.08
1987-06-24,144.59,146.2,144.25,144.59
1987-06-25,146.13,146.44,144.59,146.13
1987-06-26,146.32,146.35,145.34,146.32
1987-06-29,146.74,146.79,145.78,146.74
1987-06-30,146.83,147.25,146.2,146.83
1987-07-01,146.88,146.93,146.08,146.88
1987-07-02,147.4,147.49,146.64,147.4
1987-07-03,148.79,148.84,147.22,148.79
1987-07-06,148.88,149.62,148.64,148.88
1987-07-07,150.18,150.35,148.47,150.18
1987-07-08,150.35,150.89,149.74,150.35
1987-07-09,150.13,150.37,148.98,150.13
1987-07-10,150.74,151.23,150.25,150.74
1987-07-13,150.86,151.54,150.69,150.86
1987-07-14,151.13,151.23,150.32,151.13
1987-07-15,148.79,151.4,148.18,148.79
1987-07-16,150.79,150.84,148.84,150.79
1987-07-17,152.91,152.99,150.69,152.91
1987-07-20,152.6,153.45,152.13,152.6
1987-07-21,151.76,152.74,151.59,151.76
1987-07-22,152.28,152.6,151.13,152.28
1987-07-23,151.18,152.23,150.5,151.18
1987-07-24,149.4,151.16,149.4,149.4
1987-07-27,150.59,150.69,148.71,150.59
1987-07-28,150.13,151.08,149.98,150.13
1987-07-29,150.79,150.79,149.79,150.79
1987-07-30,149.49,150.86,149.3,149.49
1987-07-31,149.98,150.08,148.79,149.98
1987-08-03,151.28,151.5,149.79,151.28
1987-08-04,151.79,152.08,150.94,151.79
1987-08-05,150.81,151.79,150.42,150.81
1987-08-06,151.4,151.5,150.5,151.4
1987-08-07,151.74,151.81,150.94,151.74
1987-08-10,150.98,151.79,150.64,150.98
1987-08-11,151.18,151.94,150.74,151.18
1987-08-12,151.08,151.59,150.98,151.08
1987-08-13,151.5,151.57,151.06,151.5
1987-08-14,149.98,152.47,149.4,149.98
1987-08-17,149.18,150.45,149.13,149.18
1987-08-18,146.2,149.25,145.51,146.2
1987-08-19,143.73,146.3,143.68,143.73
1987-08-20,144.64,144.98,143.39,144.64
1987-08-21,142.15,144.78,142.1,142.15
1987-08-24,141.93,143.37,140.78,141.93
1987-08-25,143.59,143.73,141.78,143.59
1987-08-26,142.88,144.2,142.54,142.88
1987-08-27,141.68,143.05,141.63,141.68
1987-08-28,141.8,143.34,141.15,141.8
1987-08-31,142.44,142.59,141.58,142.44
1987-09-01,141.39,142.12,141.29,141.39
1987-09-02,140.68,141.29,140.54,140.68
1987-09-03,141.0,141.68,140.29,141.0
1987-09-04,141.9,142.2,140.54,141.9
1987-09-07,141.78,142.39,141.49,141.78
1987-09-08,141.54,141.93,141.27,141.54
1987-09-09,141.87,142.2,140.84,141.87
1987-09-10,142.34,142.8,141.7,142.34
1987-09-11,143.8,144.04,140.77,143.8
1987-09-14,144.51,144.87,143.17,144.51
1987-09-15,143.44,144.71,143.44,143.44
1987-09-16,143.71,144.34,143.27,143.71
1987-09-17,143.54,144.21,142.97,143.54
1987-09-18,142.47,143.6,142.34,142.47
1987-09-21,142.97,143.54,142.74,142.97
1987-09-22,144.27,144.31,142.74,144.27
1987-09-23,143.84,144.47,143.57,143.84
1987-09-24,143.24,144.07,143.17,143.24
1987-09-25,143.37,143.94,143.0,143.37
1987-09-28,144.3,144.34,143.74,144.3
1987-09-29,146.51,146.51,144.17,146.51
1987-09-30,146.44,146.81,145.51,146.44
1987-10-01,146.11,147.51,145.97,146.11
1987-10-02,146.88,146.88,145.67,146.88
1987-10-05,146.54,147.41,146.44,146.54
1987-10-06,146.57,146.98,146.11,146.57
1987-10-07,145.07,146.68,144.94,145.07
1987-10-08,144.34,145.51,143.77,144.34
1987-10-09,143.6,144.37,143.34,143.6
1987-10-12,142.97,144.14,142.94,142.97
1987-10-13,143.97,144.21,142.64,143.97
1987-10-14,142.24,144.27,142.14,142.24
1987-10-15,142.04,142.67,141.5,142.04
1987-10-16,142.34,142.97,142.04,142.34
1987-10-19,142.27,142.34,140.27,142.27
1987-10-20,143.94,144.37,141.6,143.94
1987-10-21,144.51,144.71,143.07,144.51
1987-10-22,144.84,144.94,143.34,144.84
1987-10-23,141.54,144.67,141.54,141.54
1987-10-26,142.3,142.47,140.94,142.3
1987-10-27,140.97,142.27,140.74,140.97
1987-10-28,138.57,141.2,137.93,138.57
1987-10-29,138.63,138.93,136.73,138.63
1987-10-30,138.3,139.17,137.97,138.3
1987-11-02,136.9,137.93,136.63,136.9
1987-11-03,137.3,137.73,135.9,137.3
1987-11-04,136.53,137.5,136.33,136.53
1987-11-05,134.86,136.53,134.33,134.86
1987-11-06,134.79,135.6,134.26,134.79
1987-11-09,134.26,135.03,133.93,134.26
1987-11-10,134.66,135.36,133.06,134.66
1987-11-11,134.86,135.5,133.96,134.86
1987-11-12,135.73,136.56,134.49,135.73
1987-11-13,135.56,136.23,135.46,135.56
1987-11-16,136.13,137.43,135.76,136.13
1987-11-17,135.53,137.43,135.29,135.53
1987-11-18,135.13,136.13,134.93,135.13
1987-11-19,135.33,136.06,134.43,135.33
1987-11-20,135.4,135.96,133.86,135.4
1987-11-23,134.66,135.13,134.16,134.66
1987-11-24,134.59,135.5,134.46,134.59
1987-11-25,134.83,134.86,134.16,134.83
1987-11-26,134.43,134.79,134.36,134.43
1987-11-27,133.29,134.36,133.23,133.29
1987-11-30,132.29,132.79,131.82,132.29
1987-12-01,133.29,133.36,131.99,133.29
1987-12-02,132.39,133.89,132.32,132.39
1987-12-03,132.79,133.06,131.76,132.79
1987-12-04,132.46,133.63,131.79,132.46
1987-12-07,132.93,132.99,132.32,132.93
1987-12-08,132.52,133.29,132.49,132.52
1987-12-09,132.09,132.53,131.82,132.09
1987-12-10,129.05,132.23,128.89,129.05
1987-12-11,128.25,129.05,127.92,128.25
1987-12-14,127.95,128.35,127.32,127.95
1987-12-15,127.52,128.12,126.65,127.52
1987-12-16,126.85,127.79,126.75,126.85
1987-12-17,125.75,126.69,125.72,125.75
1987-12-18,126.95,127.32,125.38,126.95
1987-12-21,126.45,127.22,126.39,126.45
1987-12-22,126.25,126.99,126.08,126.25
1987-12-23,126.45,127.12,125.75,126.45
1987-12-24,125.45,126.65,125.45,125.45
1987-12-25,125.12,125.92,125.05,125.12
1987-12-28,123.45,123.92,122.75,123.45
1987-12-29,123.42,123.72,122.98,123.42
1987-12-30,123.15,123.68,123.15,123.15
1987-12-31,121.01,123.25,120.78,121.01
1988-01-04,123.15,123.25,120.18,123.15
1988-01-05,128.22,128.32,122.78,128.22
1988-01-06,129.32,131.69,126.62,129.32
1988-01-07,130.26,130.72,127.69,130.26
1988-01-08,128.32,130.29,128.15,128.32
1988-01-11,128.49,128.69,127.69,128.49
1988-01-12,127.34,128.44,127.02,127.34
1988-01-13,127.25,127.49,125.28,127.25
1988-01-14,125.97,127.21,125.92,125.97
1988-01-15,131.02,131.02,125.95,131.02
1988-01-18,129.69,131.84,129.39,129.69
1988-01-19,128.46,129.88,128.22,128.46
1988-01-20,127.21,128.97,127.02,127.21
1988-01-21,127.19,127.78,126.34,127.19
1988-01-22,127.19,128.03,126.92,127.19
1988-01-25,128.03,128.07,127.29,128.03
1988-01-26,127.56,128.19,127.25,127.56
1988-01-27,127.02,128.03,126.88,127.02
1988-01-28,126.97,127.29,126.73,126.97
1988-01-29,127.97,128.03,126.92,127.97
1988-02-01,129.34,129.59,128.19,129.34
1988-02-02,128.19,129.32,128.07,128.19
1988-02-03,128.19,128.44,127.58,128.19
1988-02-04,127.88,129.2,127.78,127.88
1988-02-05,129.34,129.39,127.6,129.34
1988-02-08,128.87,129.54,128.44,128.87
1988-02-09,128.68,129.34,128.68,128.68
1988-02-10,128.97,129.2,128.54,128.97
1988-02-11,129.3,129.34,128.78,129.3
1988-02-12,130.98,131.88,129.17,130.98
1988-02-15,130.04,131.59,129.93,130.04
1988-02-16,130.34,130.63,129.98,130.34
1988-02-17,130.08,130.59,129.93,130.08
1988-02-18,130.24,130.37,129.54,130.24
1988-02-19,130.18,130.69,129.69,130.18
1988-02-22,129.24,130.02,129.07,129.24
1988-02-23,128.87,129.34,128.24,128.87
1988-02-24,128.71,128.97,128.46,128.71
1988-02-25,128.42,129.73,128.07,128.42
1988-02-26,128.34,128.66,127.97,128.34
1988-02-29,128.19,128.46,127.83,128.19
1988-03-01,128.38,128.68,128.15,128.38
1988-03-02,129.42,129.59,128.27,129.42
1988-03-03,129.1,129.42,128.87,129.1
1988-03-04,128.58,129.26,128.56,128.58
1988-03-07,127.76,128.91,127.64,127.76
1988-03-08,127.8,128.32,127.44,127.8
1988-03-09,128.13,128.24,127.64,128.13
1988-03-10,127.88,128.39,127.6,127.88
1988-03-11,127.25,127.93,126.98,127.25
1988-03-14,126.86,127.34,126.34,126.86
1988-03-15,127.34,127.41,126.68,127.34
1988-03-16,127.49,127.58,127.09,127.49
1988-03-17,128.68,128.87,126.98,128.68
1988-03-18,127.88,128.68,127.85,127.88
1988-03-21,126.92,127.93,126.59,126.92
1988-03-22,126.97,127.34,126.68,126.97
1988-03-23,126.73,127.17,126.63,126.73
1988-03-24,125.48,126.78,125.38,125.48
1988-03-25,125.07,125.97,124.93,125.07
1988-03-28,123.75,124.97,123.68,123.75
1988-03-29,125.04,125.14,123.56,125.04
1988-03-30,124.93,125.85,124.44,124.93
1988-03-31,124.29,125.58,123.78,124.29
1988-04-01,123.89,124.53,123.78,123.89
1988-04-04,124.11,124.58,123.27,124.11
1988-04-05,125.22,125.34,124.11,125.22
1988-04-06,125.97,126.39,124.68,125.97
1988-04-07,125.63,126.12,125.32,125.63
1988-04-08,125.65,125.83,124.87,125.65
1988-04-11,126.31,126.92,125.53,126.31
1988-04-12,126.73,126.76,126.19,126.73
1988-04-13,126.41,126.98,125.92,126.41
1988-04-14,123.58,126.39,122.99,123.58
1988-04-15,123.92,124.19,123.62,123.92
1988-04-18,124.24,124.53,123.56,124.24
1988-04-19,124.24,124.5,123.99,124.24
1988-04-20,124.21,124.24,123.72,124.21
1988-04-21,124.36,124.38,123.92,124.36
1988-04-22,124.75,124.87,124.17,124.75
1988-04-25,124.6,125.09,123.99,124.6
1988-04-26,124.99,125.16,124.19,124.99
1988-04-27,124.83,125.32,124.68,124.83
1988-04-28,124.48,124.93,124.29,124.48
1988-04-29,125.09,125.16,124.34,125.09
1988-05-02,124.79,125.36,124.73,124.79
1988-05-03,125.14,125.14,124.6,125.14
1988-05-04,124.68,125.34,124.53,124.68
1988-05-05,125.04,125.04,124.4,125.04
1988-05-06,124.73,125.04,124.53,124.73
1988-05-09,124.77,124.93,124.44,124.77
1988-05-10,124.34,124.77,124.14,124.34
1988-05-11,124.46,124.48,124.05,124.46
1988-05-12,124.46,124.68,124.21,124.46
1988-05-13,124.73,124.77,124.4,124.73
1988-05-16,124.89,125.02,124.58,124.89
1988-05-17,125.62,126.93,124.58,125.62
1988-05-18,124.92,125.62,124.72,124.92
1988-05-19,124.84,124.99,124.54,124.84
1988-05-20,124.79,125.12,124.68,124.79
1988-05-23,124.48,124.87,124.33,124.48
1988-05-24,124.18,124.45,123.94,124.18
1988-05-25,124.38,124.43,124.05,124.38
1988-05-26,124.48,124.68,124.25,124.48
1988-05-27,124.87,125.07,124.43,124.87
1988-05-30,124.97,125.18,124.84,124.97
1988-05-31,125.17,125.28,124.68,125.17
1988-06-01,125.38,125.4,124.89,125.38
1988-06-02,126.18,126.67,125.33,126.18
1988-06-03,126.02,126.33,125.17,126.02
1988-06-06,125.69,126.41,125.67,125.69
1988-06-07,125.39,125.82,125.33,125.39
1988-06-08,125.53,125.62,124.94,125.53
1988-06-09,124.58,125.57,124.48,124.58
1988-06-10,124.79,125.04,124.48,124.79
1988-06-13,125.08,125.26,124.94,125.08
1988-06-14,126.47,127.77,124.82,126.47
1988-06-15,126.28,126.52,125.98,126.28
1988-06-16,125.54,126.23,125.4,125.54
1988-06-17,125.72,125.87,125.49,125.72
1988-06-20,126.26,126.82,125.72,126.26
1988-06-21,126.38,126.56,126.07,126.38
1988-06-22,128.86,128.91,126.41,128.86
1988-06-23,128.55,129.78,128.14,128.55
1988-06-24,130.43,130.88,128.39,130.43
1988-06-27,131.14,131.73,130.58,131.14
1988-06-28,132.97,133.07,129.63,132.97
1988-06-29,132.58,134.02,131.97,132.58
1988-06-30,133.12,133.87,131.78,133.12
1988-07-01,134.39,134.72,133.23,134.39
1988-07-04,135.34,135.49,134.49,135.34
1988-07-05,133.97,135.51,133.67,133.97
1988-07-06,132.92,133.87,132.92,132.92
1988-07-07,132.72,133.18,131.29,132.72
1988-07-08,133.07,133.23,131.73,133.07
1988-07-11,132.82,133.87,132.36,132.82
1988-07-12,132.28,133.07,132.28,132.28
1988-07-13,132.68,133.15,131.97,132.68
1988-07-14,133.28,133.28,132.63,133.28
1988-07-15,135.44,135.54,133.18,135.44
1988-07-18,134.39,135.54,134.34,134.39
1988-07-19,133.12,134.61,133.02,133.12
1988-07-20,133.77,133.82,132.63,133.77
1988-07-21,131.68,134.02,131.38,131.68
1988-07-22,130.88,132.28,130.43,130.88
1988-07-25,132.28,132.51,130.09,132.28
1988-07-26,132.38,132.77,131.53,132.38
1988-07-27,131.58,133.23,130.97,131.58
1988-07-28,132.58,132.63,131.43,132.58
1988-07-29,133.15,133.23,132.33,133.15
1988-08-01,132.56,133.38,132.38,132.56
1988-08-02,132.92,133.0,132.09,132.92
1988-08-03,132.71,133.23,132.61,132.71
1988-08-04,133.0,133.07,132.58,133.0
1988-08-05,133.82,133.87,132.87,133.82
1988-08-08,133.72,134.1,133.23,133.72
1988-08-09,135.06,135.16,133.33,135.06
1988-08-10,133.62,135.16,133.53,133.62
1988-08-11,132.85,134.39,132.38,132.85
1988-08-12,132.77,133.33,132.66,132.77
1988-08-15,133.23,133.28,132.53,133.23
1988-08-16,133.67,133.67,130.97,133.67
1988-08-17,133.9,134.25,132.92,133.9
1988-08-18,133.33,134.07,131.97,133.33
1988-08-19,133.53,133.72,133.0,133.53
1988-08-22,133.62,134.12,133.43,133.62
1988-08-23,134.12,134.21,133.57,134.12
1988-08-24,133.77,134.7,133.66,133.77
1988-08-25,133.26,134.02,132.97,133.26
1988-08-26,133.8,133.97,133.15,133.8
1988-08-29,134.54,134.54,133.62,134.54
1988-08-30,134.87,135.15,134.15,134.87
1988-08-31,136.49,136.83,134.69,136.49
1988-09-01,136.23,137.03,135.93,136.23
1988-09-02,135.83,137.34,135.54,135.83
1988-09-05,135.88,136.29,135.16,135.88
1988-09-06,134.87,136.24,134.69,134.87
1988-09-07,133.36,134.92,133.23,133.36
1988-09-08,133.53,134.44,133.33,133.53
1988-09-09,133.61,133.77,132.76,133.61
1988-09-12,133.33,133.82,133.23,133.33
1988-09-13,133.36,133.43,132.77,133.36
1988-09-14,134.15,134.97,133.23,134.15
1988-09-15,133.77,135.01,132.92,133.77
1988-09-16,133.19,135.68,132.89,133.19
1988-09-19,132.35,133.83,131.85,132.35
1988-09-20,133.83,134.06,131.44,133.83
1988-09-21,133.91,134.34,133.01,133.91
1988-09-22,133.07,134.84,132.45,133.07
1988-09-23,134.16,134.2,132.91,134.16
1988-09-26,134.72,134.84,133.9,134.72
1988-09-27,134.12,135.0,133.94,134.12
1988-09-28,134.46,134.6,133.59,134.46
1988-09-29,134.26,134.84,134.18,134.26
1988-09-30,134.6,134.66,134.16,134.6
1988-10-03,135.44,135.54,134.46,135.44
1988-10-04,135.38,135.76,134.84,135.38
1988-10-05,136.81,136.91,134.94,136.81
1988-10-06,135.26,136.91,135.14,135.26
1988-10-07,134.4,136.07,133.92,134.4
1988-10-10,134.34,134.94,134.2,134.34
1988-10-11,134.86,134.88,134.06,134.86
1988-10-12,128.91,131.34,128.43,128.91
1988-10-13,127.34,128.57,125.9,127.34
1988-10-14,126.42,128.29,126.38,126.42
1988-10-17,127.08,127.48,125.84,127.08
1988-10-18,127.18,127.91,126.42,127.18
1988-10-19,127.34,127.64,126.56,127.34
1988-10-20,126.68,127.42,126.42,126.68
1988-10-21,126.08,126.68,126.02,126.08
1988-10-24,127.06,127.08,125.84,127.06
1988-10-25,126.62,127.12,126.46,126.62
1988-10-26,125.55,126.94,125.41,125.55
1988-10-27,125.71,126.08,125.29,125.71
1988-10-28,125.49,126.24,125.41,125.49
1988-10-31,125.53,125.78,124.39,125.53
1988-11-01,124.89,125.84,124.85,124.89
1988-11-02,124.23,125.03,123.89,124.23
1988-11-03,124.59,124.69,123.93,124.59
1988-11-04,124.89,125.35,124.17,124.89
1988-11-07,124.45,125.31,124.33,124.45
1988-11-08,125.57,125.66,124.15,125.57
1988-11-09,123.75,125.98,123.63,123.75
1988-11-10,123.81,124.23,123.52,123.81
1988-11-11,122.74,123.89,122.28,122.74
1988-11-14,123.75,123.95,122.26,123.75
1988-11-15,123.22,123.75,122.98,123.22
1988-11-16,122.12,123.95,120.95,122.12
1988-11-17,121.96,123.04,121.05,121.96
1988-11-18,122.5,123.22,121.86,122.5
1988-11-21,121.78,122.54,121.7,121.78
1988-11-22,121.21,121.88,121.15,121.21
1988-11-23,121.05,121.7,120.85,121.05
1988-11-24,120.71,121.31,120.45,120.71
1988-11-25,121.23,121.45,120.57,121.23
1988-11-28,122.26,122.32,121.21,122.26
1988-11-29,121.74,122.5,121.31,121.74
1988-11-30,121.39,122.16,121.31,121.39
1988-12-01,121.41,121.62,121.11,121.41
1988-12-02,121.21,121.92,120.91,121.21
1988-12-05,121.47,121.6,121.05,121.47
1988-12-06,121.86,121.94,121.23,121.86
1988-12-07,123.71,124.13,121.66,123.71
1988-12-08,122.32,123.67,122.06,122.32
1988-12-09,122.52,122.62,121.98,122.52
1988-12-12,122.78,123.04,122.5,122.78
1988-12-13,123.26,123.34,122.74,123.26
1988-12-14,122.74,123.93,121.96,122.74
1988-12-15,123.89,123.99,122.66,123.89
1988-12-16,123.93,124.71,123.63,123.93
1988-12-19,124.13,124.25,123.71,124.13
1988-12-20,125.21,125.39,124.21,125.21
1988-12-21,124.45,125.51,123.95,124.45
1988-12-22,124.55,124.75,124.17,124.55
1988-12-23,124.63,125.01,124.39,124.63
1988-12-26,124.71,124.81,124.53,124.71
1988-12-27,124.87,124.87,124.45,124.87
1988-12-28,125.65,125.86,124.87,125.65
1988-12-29,125.53,126.26,125.15,125.53
1988-12-30,124.93,125.96,124.55,124.93
1989-01-02,124.73,124.75,124.55,124.73
1989-01-03,123.79,124.87,122.96,123.79
1989-01-04,124.99,125.15,123.52,124.99
1989-01-05,126.02,127.04,124.79,126.02
1989-01-06,126.74,126.78,125.51,126.74
1989-01-09,125.9,126.72,125.64,125.9
1989-01-10,126.28,126.42,125.41,126.28
1989-01-11,125.96,127.32,125.51,125.96
1989-01-12,126.42,126.46,125.55,126.42
1989-01-13,127.32,127.32,126.12,127.32
1989-01-16,127.86,128.29,127.02,127.86
1989-01-17,127.76,128.09,127.2,127.76
1989-01-18,128.55,128.55,125.98,128.55
1989-01-19,128.49,129.72,128.28,128.49
1989-01-20,127.63,128.73,127.48,127.63
1989-01-23,127.38,128.35,127.31,127.38
1989-01-24,127.69,127.82,126.18,127.69
1989-01-25,127.25,128.01,127.17,127.25
1989-01-26,128.26,128.31,127.23,128.26
1989-01-27,129.27,129.4,128.12,129.27
1989-01-30,129.32,130.01,129.04,129.32
1989-01-31,130.27,130.54,128.87,130.27
1989-02-01,130.29,130.6,129.38,130.29
1989-02-02,129.46,130.31,128.81,129.46
1989-02-03,129.17,129.78,128.68,129.17
1989-02-06,129.3,129.97,129.21,129.3
1989-02-07,129.49,129.61,128.96,129.49
1989-02-08,129.44,129.68,129.21,129.44
1989-02-09,127.93,129.47,127.82,127.93
1989-02-10,128.71,128.85,126.77,128.71
1989-02-13,127.84,128.73,127.82,127.84
1989-02-14,126.22,127.86,126.18,126.22
1989-02-15,126.18,126.81,125.35,126.18
1989-02-16,125.96,126.74,125.96,125.96
1989-02-17,125.75,126.93,124.93,125.75
1989-02-20,126.36,126.49,125.16,126.36
1989-02-21,126.96,127.4,126.28,126.96
1989-02-22,126.18,126.87,126.18,126.18
1989-02-23,126.2,126.41,125.63,126.2
1989-02-24,126.03,126.74,125.92,126.03
1989-02-27,126.76,126.79,125.61,126.76
1989-02-28,126.83,127.42,126.58,126.83
1989-03-01,128.2,128.31,126.77,128.2
1989-03-02,128.39,128.58,127.63,128.39
1989-03-03,127.67,128.68,127.42,127.67
1989-03-06,129.11,129.21,127.31,129.11
1989-03-07,128.71,129.21,128.45,128.71
1989-03-08,129.17,129.3,128.31,129.17
1989-03-09,128.68,129.4,128.5,128.68
1989-03-10,129.4,129.68,128.68,129.4
1989-03-13,130.1,130.16,129.28,130.1
1989-03-14,129.68,130.37,129.49,129.68
1989-03-15,130.69,130.75,129.63,130.69
1989-03-16,130.88,131.28,130.01,130.88
1989-03-17,131.68,131.81,130.71,131.68
1989-03-20,131.21,132.23,131.13,131.21
1989-03-21,131.32,131.6,130.6,131.32
1989-03-22,130.98,131.66,130.77,130.98
1989-03-23,131.17,131.34,130.48,131.17
1989-03-24,131.36,131.47,131.17,131.36
1989-03-27,132.61,132.82,131.32,132.61
1989-03-28,133.07,133.28,132.38,133.07
1989-03-29,133.07,133.47,132.59,133.07
1989-03-30,131.91,133.43,131.72,131.91
1989-03-31,132.71,132.76,131.78,132.71
1989-04-03,131.6,133.32,131.6,131.6
1989-04-04,130.88,131.83,130.58,130.88
1989-04-05,131.68,131.91,131.09,131.68
1989-04-06,132.23,132.38,131.49,132.23
1989-04-07,132.76,132.76,131.6,132.76
1989-04-10,132.78,132.88,132.38,132.78
1989-04-11,132.69,132.88,132.38,132.69
1989-04-12,133.03,133.13,132.48,133.03
1989-04-13,131.97,133.18,131.81,131.97
1989-04-14,131.97,132.71,131.81,131.97
1989-04-17,132.12,132.21,131.32,132.12
1989-04-18,131.36,132.23,131.07,131.36
1989-04-19,132.46,132.5,131.22,132.46
1989-04-20,131.21,132.44,130.88,131.21
1989-04-21,131.45,131.72,130.9,131.45
1989-04-24,131.55,131.72,130.92,131.55
1989-04-25,131.36,132.08,130.77,131.36
1989-04-26,132.06,132.21,131.17,132.06
1989-04-27,132.02,132.4,131.6,132.02
1989-04-28,133.01,133.03,132.02,133.01
1989-05-01,133.89,134.08,132.88,133.89
1989-05-02,134.27,134.34,133.51,134.27
1989-05-03,134.23,134.51,133.68,134.23
1989-05-04,134.08,134.34,133.43,134.08
1989-05-05,134.23,134.55,133.35,134.23
1989-05-08,134.82,134.95,134.27,134.82
1989-05-09,134.53,135.03,134.42,134.53
1989-05-10,134.38,134.72,133.98,134.38
1989-05-11,135.22,135.33,134.08,135.22
1989-05-12,136.11,136.19,134.67,136.11
1989-05-15,137.14,137.63,136.21,137.14
1989-05-16,136.66,137.63,136.64,136.66
1989-05-17,139.23,139.42,137.29,139.23
1989-05-18,138.72,139.59,138.43,138.72
1989-05-19,138.98,139.04,138.09,138.98
1989-05-22,142.22,142.9,139.25,142.22
1989-05-23,142.29,143.13,140.68,142.29
1989-05-24,142.54,143.71,141.98,142.54
1989-05-25,141.24,142.58,141.04,141.24
1989-05-26,141.08,141.54,139.68,141.08
1989-05-29,142.78,143.14,142.14,142.78
1989-05-30,142.6,143.97,142.08,142.6
1989-05-31,142.84,143.26,141.96,142.84
1989-06-01,142.3,143.2,142.14,142.3
1989-06-02,140.48,142.38,140.28,140.48
1989-06-05,142.8,143.04,140.12,142.8
1989-06-06,142.64,143.34,142.04,142.64
1989-06-07,142.74,142.98,142.1,142.74
1989-06-08,143.04,143.87,142.64,143.04
1989-06-09,146.63,146.63,142.98,146.63
1989-06-12,148.62,149.42,147.09,148.62
1989-06-13,147.9,149.72,147.59,147.9
1989-06-14,149.46,149.48,147.59,149.46
1989-06-15,145.89,151.78,145.17,145.89
1989-06-16,144.81,147.49,143.93,144.81
1989-06-19,144.21,145.79,143.97,144.21
1989-06-20,144.77,145.17,143.14,144.77
1989-06-21,142.28,145.33,142.18,142.28
1989-06-22,141.06,141.88,138.53,141.06
1989-06-23,138.69,140.52,137.63,138.69
1989-06-26,141.24,141.38,139.29,141.24
1989-06-27,141.66,142.0,139.68,141.66
1989-06-28,143.34,143.73,141.58,143.34
1989-06-29,143.73,143.93,142.04,143.73
1989-06-30,143.93,144.47,143.28,143.93
1989-07-03,141.18,144.95,140.98,141.18
1989-07-04,141.58,141.9,140.12,141.58
1989-07-05,138.11,141.54,138.03,138.11
1989-07-06,138.73,139.72,137.79,138.73
1989-07-07,139.02,140.02,138.09,139.02
1989-07-10,139.18,139.38,138.49,139.18
1989-07-11,140.76,140.82,139.19,140.76
1989-07-12,139.52,140.92,139.29,139.52
1989-07-13,139.42,139.88,138.49,139.42
1989-07-14,140.82,140.88,139.09,140.82
1989-07-17,141.4,142.04,140.62,141.4
1989-07-18,141.58,142.84,140.8,141.58
1989-07-19,142.54,142.58,141.08,142.54
1989-07-20,141.18,142.84,141.16,141.18
1989-07-21,142.18,142.24,141.22,142.18
1989-07-24,142.54,143.54,141.58,142.54
1989-07-25,141.44,142.68,141.38,141.44
1989-07-26,139.86,141.64,139.82,139.86
1989-07-27,138.91,140.06,138.59,138.91
1989-07-28,139.15,139.84,138.95,139.15
1989-07-31,137.11,139.25,136.37,137.11
1989-08-01,135.73,137.03,135.61,135.73
1989-08-02,136.73,136.79,135.43,136.73
1989-08-03,137.33,137.71,135.91,137.33
1989-08-04,139.84,139.92,136.81,139.84
1989-08-07,139.98,140.28,138.95,139.98
1989-08-08,138.65,140.02,138.65,138.65
1989-08-09,139.09,139.38,138.23,139.09
1989-08-10,139.78,139.86,138.43,139.78
1989-08-11,141.78,142.26,139.74,141.78
1989-08-14,142.08,142.14,141.36,142.08
1989-08-15,142.08,142.68,141.58,142.08
1989-08-16,142.06,142.54,141.22,142.06
1989-08-17,143.34,144.03,142.24,143.34
1989-08-18,142.54,143.73,142.38,142.54
1989-08-21,143.02,143.46,142.24,143.02
1989-08-22,142.14,143.32,142.02,142.14
1989-08-23,143.08,143.2,141.96,143.08
1989-08-24,143.43,143.81,142.78,143.43
1989-08-25,143.81,143.93,142.98,143.81
1989-08-28,144.59,144.69,144.05,144.59
1989-08-29,143.26,144.69,142.08,143.26
1989-08-30,144.41,144.41,142.62,144.41
1989-08-31,144.89,145.43,143.97,144.89
1989-09-01,145.89,146.01,144.69,145.89
1989-09-04,145.97,146.31,145.73,145.97
1989-09-05,146.73,147.23,145.01,146.73
1989-09-06,146.07,147.33,145.83,146.07
1989-09-07,146.57,147.27,145.97,146.57
1989-09-08,147.17,147.23,145.97,147.17
1989-09-11,146.63,148.0,146.49,146.63
1989-09-12,147.15,147.23,146.33,147.15
1989-09-13,146.27,147.33,146.03,146.27
1989-09-14,146.75,146.91,145.29,146.75
1989-09-15,146.43,148.96,143.97,146.43
1989-09-18,145.61,146.93,145.23,145.61
1989-09-19,145.83,146.31,145.31,145.83
1989-09-20,145.13,146.43,144.53,145.13
1989-09-21,145.61,145.89,144.69,145.61
1989-09-22,145.97,146.07,144.69,145.97
1989-09-25,142.06,144.69,142.0,142.06
1989-09-26,142.26,143.01,141.57,142.26
1989-09-27,140.2,141.88,139.57,140.2
1989-09-28,140.48,141.31,140.15,140.48
1989-09-29,139.04,140.88,138.68,139.04
1989-10-02,139.57,139.9,138.53,139.57
1989-10-03,141.19,141.43,139.57,141.19
1989-10-04,141.52,141.88,140.32,141.52
1989-10-05,142.24,142.63,140.17,142.24
1989-10-06,142.39,143.59,141.66,142.39
1989-10-09,142.68,142.95,141.37,142.68
1989-10-10,144.48,144.57,142.33,144.48
1989-10-11,144.46,145.08,142.39,144.46
1989-10-12,144.12,144.75,143.46,144.12
1989-10-13,141.48,144.79,141.48,141.48
1989-10-16,141.79,142.08,140.29,141.79
1989-10-17,142.57,142.77,140.48,142.57
1989-10-18,141.48,142.68,140.39,141.48
1989-10-19,141.73,142.12,140.68,141.73
1989-10-20,142.41,142.54,141.19,142.41
1989-10-23,141.94,142.54,141.73,141.94
1989-10-24,141.37,142.24,141.08,141.37
1989-10-25,141.52,141.88,141.08,141.52
1989-10-26,141.95,142.86,141.34,141.95
1989-10-27,141.57,143.17,141.37,141.57
1989-10-30,142.2,142.42,141.48,142.2
1989-10-31,142.8,142.84,141.97,142.8
1989-11-01,143.68,143.8,142.6,143.68
1989-11-02,143.35,144.2,143.15,143.35
1989-11-03,143.31,143.76,142.25,143.31
1989-11-06,143.83,143.99,142.97,143.83
1989-11-07,142.86,144.05,142.8,142.86
1989-11-08,143.25,143.25,142.53,143.25
1989-11-09,143.05,143.36,142.1,143.05
1989-11-10,143.4,143.55,142.44,143.4
1989-11-13,143.83,143.98,143.03,143.83
1989-11-14,143.05,144.13,142.85,143.05
1989-11-15,143.8,143.95,142.95,143.8
1989-11-16,144.1,144.53,143.35,144.1
1989-11-17,144.3,144.42,143.8,144.3
1989-11-20,144.34,144.85,144.12,144.34
1989-11-21,143.55,144.55,143.45,143.55
1989-11-22,143.12,144.02,143.05,143.12
1989-11-23,144.1,144.38,142.93,144.1
1989-11-24,143.55,144.07,143.15,143.55
1989-11-27,143.2,143.58,142.95,143.2
1989-11-28,143.15,143.9,143.0,143.15
1989-11-29,142.87,143.65,142.25,142.87
1989-11-30,142.8,143.15,142.35,142.8
1989-12-01,143.43,143.6,142.75,143.43
1989-12-04,143.66,143.7,143.15,143.66
1989-12-05,143.71,143.9,143.45,143.71
1989-12-06,144.05,144.05,143.55,144.05
1989-12-07,144.24,144.4,143.85,144.24
1989-12-08,144.15,144.39,143.8,144.15
1989-12-11,144.27,144.73,144.15,144.27
1989-12-12,143.88,144.57,143.8,143.88
1989-12-13,144.25,144.28,143.25,144.25
1989-12-14,144.1,144.22,143.8,144.1
1989-12-15,144.0,144.38,143.5,144.0
1989-12-18,143.45,144.38,143.45,143.45
1989-12-19,143.71,143.95,143.05,143.71
1989-12-20,143.81,144.25,143.65,143.81
1989-12-21,143.6,143.98,143.35,143.6
1989-12-22,142.25,143.79,142.25,142.25
1989-12-25,142.7,142.8,141.9,142.7
1989-12-26,141.85,143.0,141.75,141.85
1989-12-27,142.05,142.2,141.6,142.05
1989-12-28,143.43,144.1,141.8,143.43
1989-12-29,143.85,143.96,143.1,143.85
1990-01-02,146.55,146.73,143.4,146.55
1990-01-03,145.32,146.85,145.05,145.32
1990-01-04,143.33,145.9,142.8,143.33
1990-01-05,144.5,144.6,143.0,144.5
1990-01-08,144.1,144.75,143.85,144.1
1990-01-09,145.12,145.45,144.05,145.12
1990-01-10,145.65,145.9,144.45,145.65
1990-01-11,145.45,145.55,144.95,145.45
1990-01-12,145.75,145.95,144.75,145.75
1990-01-15,145.73,145.86,145.05,145.73
1990-01-16,145.37,146.05,145.1,145.37
1990-01-17,145.38,145.66,145.15,145.38
1990-01-18,146.3,146.4,145.3,146.3
1990-01-19,145.95,146.68,145.03,145.95
1990-01-22,146.53,146.6,146.0,146.53
1990-01-23,145.85,146.69,145.76,145.85
1990-01-24,145.65,146.2,144.65,145.65
1990-01-25,143.85,145.56,143.75,143.85
1990-01-26,142.82,144.2,142.75,142.82
1990-01-29,142.92,143.45,142.5,142.92
1990-01-30,144.8,145.9,142.7,144.8
1990-01-31,144.43,145.35,143.85,144.43
1990-02-01,144.92,145.14,144.2,144.92
1990-02-02,145.55,145.6,144.7,145.55
1990-02-05,144.75,145.68,144.55,144.75
1990-02-06,145.22,145.5,144.3,145.22
1990-02-07,145.55,145.72,144.85,145.55
1990-02-08,145.25,145.62,144.8,145.25
1990-02-09,144.7,145.38,144.4,144.7
1990-02-12,144.28,144.85,144.0,144.28
1990-02-13,144.25,144.68,144.15,144.25
1990-02-14,144.5,144.6,144.05,144.5
1990-02-15,144.83,144.9,144.25,144.83
1990-02-16,143.95,145.1,143.8,143.95
1990-02-19,144.6,144.75,143.8,144.6
1990-02-20,145.15,145.55,144.35,145.15
1990-02-21,145.53,145.68,144.55,145.53
1990-02-22,146.33,146.68,145.07,146.33
1990-02-23,147.05,147.4,145.78,147.05
1990-02-26,148.55,149.05,147.05,148.55
1990-02-27,148.69,149.6,148.05,148.69
1990-02-28,149.05,149.2,148.15,149.05
1990-03-01,149.85,149.95,148.9,149.85
1990-03-02,150.3,150.5,149.35,150.3
1990-03-05,149.0,150.5,148.48,149.0
1990-03-06,150.0,150.02,148.4,150.0
1990-03-07,150.28,151.4,149.72,150.28
1990-03-08,151.1,151.35,149.75,151.1
1990-03-09,151.25,151.45,150.88,151.25
1990-03-12,152.77,152.78,151.2,152.77
1990-03-13,152.05,153.05,151.85,152.05
1990-03-14,152.1,152.65,151.55,152.1
1990-03-15,152.0,153.3,151.98,152.0
1990-03-16,152.57,152.8,151.75,152.57
1990-03-19,152.97,153.77,152.25,152.97
1990-03-20,154.27,154.49,152.1,154.27
1990-03-21,154.6,154.65,153.55,154.6
1990-03-22,154.95,155.45,154.15,154.95
1990-03-23,154.25,155.25,152.7,154.25
1990-03-26,156.7,156.77,154.7,156.7
1990-03-27,157.8,157.9,156.31,157.8
1990-03-28,158.6,159.3,157.1,158.6
1990-03-29,156.31,158.86,156.1,156.31
1990-03-30,158.5,158.6,155.7,158.5
1990-04-02,159.16,160.35,158.25,159.16
1990-04-03,159.83,159.85,158.24,159.83
1990-04-04,159.0,159.9,157.78,159.0
1990-04-05,157.35,159.18,157.13,157.35
1990-04-06,157.62,157.8,156.5,157.62
1990-04-09,158.17,159.6,155.45,158.17
1990-04-10,157.7,158.75,157.38,157.7
1990-04-11,158.0,158.61,157.37,158.0
1990-04-12,158.05,158.55,157.85,158.05
1990-04-13,158.67,158.7,158.0,158.67
1990-04-16,159.32,159.65,158.8,159.32
1990-04-17,159.83,160.16,159.13,159.83
1990-04-18,158.1,160.2,157.98,158.1
1990-04-19,156.87,158.63,156.1,156.87
1990-04-20,157.45,158.25,156.35,157.45
1990-04-23,157.93,157.93,156.85,157.93
1990-04-24,158.95,158.97,157.51,158.95
1990-04-25,158.83,159.28,158.45,158.83
1990-04-26,159.2,159.33,158.15,159.2
1990-04-27,159.2,159.48,158.5,159.2
1990-04-30,158.85,159.48,158.7,158.85
1990-05-01,158.75,159.15,158.25,158.75
1990-05-02,158.08,158.85,157.74,158.08
1990-05-03,158.15,158.22,157.4,158.15
1990-05-04,158.15,158.95,157.98,158.15
1990-05-07,158.15,158.4,157.45,158.15
1990-05-08,157.58,158.28,157.28,157.58
1990-05-09,156.37,159.6,156.25,156.37
1990-05-10,156.56,157.21,156.28,156.56
1990-05-11,152.7,156.69,152.55,152.7
1990-05-14,152.35,153.85,152.2,152.35
1990-05-15,150.25,152.48,150.18,150.25
1990-05-16,151.7,152.65,150.0,151.7
1990-05-17,152.11,152.55,151.5,152.11
1990-05-18,153.0,153.15,151.88,153.0
1990-05-21,153.64,153.75,152.85,153.64
1990-05-22,151.17,153.75,151.1,151.17
1990-05-23,151.41,151.95,150.5,151.41
1990-05-24,150.83,151.95,150.78,150.83
1990-05-25,149.3,151.23,149.13,149.3
1990-05-28,148.95,149.78,148.85,148.95
1990-05-29,151.37,151.41,148.75,151.37
1990-05-30,151.38,151.63,150.27,151.38
1990-05-31,152.16,152.65,151.18,152.16
1990-06-01,151.95,152.6,150.7,151.95
1990-06-04,152.4,153.0,151.8,152.4
1990-06-05,152.43,152.91,152.08,152.43
1990-06-06,152.63,152.8,152.2,152.63
1990-06-07,152.5,152.75,152.25,152.5
1990-06-08,153.45,153.5,152.48,153.45
1990-06-11,154.7,154.77,153.27,154.7
1990-06-12,154.53,154.8,153.65,154.53
1990-06-13,154.71,155.13,154.2,154.71
1990-06-14,154.1,154.46,153.25,154.1
1990-06-15,153.9,154.8,153.58,153.9
1990-06-18,153.6,154.24,153.45,153.6
1990-06-19,153.48,154.08,153.35,153.48
1990-06-20,153.9,154.3,153.0,153.9
1990-06-21,154.75,154.9,154.05,154.75
1990-06-22,154.8,155.1,154.55,154.8
1990-06-25,155.34,155.77,154.76,155.34
1990-06-26,154.62,155.45,154.5,154.62
1990-06-27,154.43,155.4,153.78,154.43
1990-06-28,153.1,154.69,152.65,153.1
1990-06-29,152.2,154.58,151.55,152.2
1990-07-02,150.78,152.23,150.75,150.78
1990-07-03,150.9,152.15,150.73,150.9
1990-07-04,149.78,150.9,149.38,149.78
1990-07-05,150.5,151.1,150.0,150.5
1990-07-06,151.6,151.7,150.5,151.6
1990-07-09,151.1,151.9,150.25,151.1
1990-07-10,148.22,151.13,148.15,148.22
1990-07-11,148.45,148.8,147.4,148.45
1990-07-12,147.3,149.4,146.65,147.3
1990-07-13,148.15,148.17,146.75,148.15
1990-07-16,148.1,148.5,147.5,148.1
1990-07-17,147.82,148.5,147.7,147.82
1990-07-18,147.73,148.48,146.85,147.73
1990-07-19,148.08,148.25,147.22,148.08
1990-07-20,148.55,149.27,147.7,148.55
1990-07-23,148.07,148.97,148.0,148.07
1990-07-24,148.73,148.85,147.9,148.73
1990-07-25,149.85,150.1,148.7,149.85
1990-07-26,150.33,150.9,148.77,150.33
1990-07-27,148.95,151.02,148.85,148.95
1990-07-30,147.85,149.25,147.75,147.85
1990-07-31,145.7,148.17,145.69,145.7
1990-08-01,147.2,147.6,145.5,147.2
1990-08-02,149.2,151.58,146.4,149.2
1990-08-03,149.3,150.45,148.55,149.3
1990-08-06,150.3,150.5,149.05,150.3
1990-08-07,150.82,151.1,149.17,150.82
1990-08-08,149.75,151.2,149.55,149.75
1990-08-09,149.7,151.12,149.25,149.7
1990-08-10,150.4,150.5,149.4,150.4
1990-08-13,150.35,150.68,149.65,150.35
1990-08-14,148.75,150.35,148.63,148.75
1990-08-15,147.55,148.5,146.6,147.55
1990-08-16,147.2,148.44,147.05,147.2
1990-08-17,147.6,148.2,147.03,147.6
1990-08-20,146.45,147.92,146.15,146.45
1990-08-21,146.6,147.75,145.95,146.6
1990-08-22,146.2,146.95,145.1,146.2
1990-08-23,146.25,146.7,145.35,146.25
1990-08-24,146.1,146.75,145.35,146.1
1990-08-27,144.13,146.5,144.0,144.13
1990-08-28,143.67,144.35,142.7,143.67
1990-08-29,143.67,144.45,142.9,143.67
1990-08-30,144.33,144.75,143.0,144.33
1990-08-31,143.7,144.57,143.18,143.7
1990-09-03,143.52,143.9,143.18,143.52
1990-09-04,143.32,144.2,143.15,143.32
1990-09-05,141.63,144.15,141.4,141.63
1990-09-06,140.58,142.48,140.5,140.58
1990-09-07,140.0,141.02,139.8,140.0
1990-09-10,139.62,139.9,138.66,139.62
1990-09-11,139.93,140.61,139.45,139.93
1990-09-12,138.15,140.61,137.4,138.15
1990-09-13,136.35,138.6,135.9,136.35
1990-09-14,136.7,137.3,135.7,136.7
1990-09-17,136.55,137.5,135.85,136.55
1990-09-18,137.9,138.1,136.45,137.9
1990-09-19,137.45,138.85,136.92,137.45
1990-09-20,137.67,137.7,136.3,137.67
1990-09-21,136.5,137.82,136.45,136.5
1990-09-24,137.2,137.6,135.15,137.2
1990-09-25,136.72,137.65,136.3,136.72
1990-09-26,136.85,137.4,136.2,136.85
1990-09-27,138.15,138.5,136.9,138.15
1990-09-28,138.5,138.6,137.6,138.5
1990-10-01,136.53,138.2,136.45,136.53
1990-10-02,136.7,137.17,136.4,136.7
1990-10-03,135.85,136.8,135.45,135.85
1990-10-04,133.6,135.98,133.5,133.6
1990-10-05,132.2,134.05,131.95,132.2
1990-10-08,130.6,132.1,129.74,130.6
1990-10-09,130.38,130.95,128.85,130.38
1990-10-10,129.43,130.98,129.3,129.43
1990-10-11,129.52,130.78,129.15,129.52
1990-10-12,129.05,130.25,128.38,129.05
1990-10-15,127.75,128.87,127.6,127.75
1990-10-16,126.57,128.71,126.5,126.57
1990-10-17,125.03,126.6,124.6,125.03
1990-10-18,124.4,125.85,123.6,124.4
1990-10-19,125.95,127.45,123.9,125.95
1990-10-22,126.05,126.75,125.1,126.05
1990-10-23,128.22,128.3,125.95,128.22
1990-10-24,126.5,129.15,126.2,126.5
1990-10-25,128.25,128.33,126.2,128.25
1990-10-26,128.15,129.0,127.45,128.15
1990-10-29,128.63,128.65,127.15,128.63
1990-10-30,128.7,130.25,128.4,128.7
1990-10-31,130.1,130.2,128.78,130.1
1990-11-01,130.56,131.3,129.9,130.56
1990-11-02,127.65,130.63,127.65,127.65
1990-11-05,126.47,127.6,126.35,126.47
1990-11-06,128.2,128.25,126.25,128.2
1990-11-07,128.73,129.05,127.1,128.73
1990-11-08,130.2,130.45,128.8,130.2
1990-11-09,129.7,131.0,128.85,129.7
1990-11-12,128.25,129.95,128.0,128.25
1990-11-13,129.64,129.77,127.85,129.64
1990-11-14,128.98,130.1,128.8,128.98
1990-11-15,129.6,129.75,128.48,129.6
1990-11-16,129.4,130.05,128.95,129.4
1990-11-19,128.72,129.22,128.1,128.72
1990-11-20,128.85,129.25,128.35,128.85
1990-11-21,127.1,128.95,127.08,127.1
1990-11-22,127.04,127.46,126.6,127.04
1990-11-23,127.05,127.5,126.83,127.05
1990-11-26,129.0,129.05,127.17,129.0
1990-11-27,128.3,129.18,127.95,128.3
1990-11-28,130.3,130.4,128.08,130.3
1990-11-29,133.1,133.65,129.85,133.1
1990-11-30,132.5,134.6,132.3,132.5
1990-12-03,134.7,134.77,131.75,134.7
1990-12-04,132.9,134.75,132.8,132.9
1990-12-05,133.58,134.6,132.7,133.58
1990-12-06,132.07,134.6,131.15,132.07
1990-12-07,130.65,132.85,130.4,130.65
1990-12-10,132.1,132.3,129.8,132.1
1990-12-11,132.35,132.45,130.9,132.35
1990-12-12,131.49,132.35,131.35,131.49
1990-12-13,132.18,132.35,131.0,132.18
1990-12-14,132.9,133.25,131.65,132.9
1990-12-17,133.1,133.6,132.7,133.1
1990-12-18,132.5,133.4,132.4,132.5
1990-12-19,134.0,134.25,132.27,134.0
1990-12-20,135.75,135.93,133.7,135.75
1990-12-21,135.5,136.55,135.1,135.5
1990-12-24,135.85,136.2,135.0,135.85
1990-12-25,135.8,136.3,135.6,135.8
1990-12-26,136.23,136.4,135.75,136.23
1990-12-27,136.35,137.1,136.0,136.35
1990-12-28,134.8,136.6,134.7,134.8
1990-12-31,135.4,136.25,134.0,135.4
1991-01-02,134.3,136.15,133.75,134.3
1991-01-03,132.98,134.5,132.55,132.98
1991-01-04,134.7,135.25,132.75,134.7
1991-01-07,136.12,137.45,135.33,136.12
1991-01-08,136.43,136.92,135.85,136.43
1991-01-09,136.73,137.1,133.65,136.73
1991-01-10,134.35,136.9,134.1,134.35
1991-01-11,133.9,135.25,133.8,133.9
1991-01-14,135.1,135.9,134.0,135.1
1991-01-15,135.7,136.05,134.88,135.7
1991-01-16,136.75,137.02,135.55,136.75
1991-01-17,132.35,138.1,131.9,132.35
1991-01-18,132.3,134.6,132.0,132.3
1991-01-21,132.4,133.2,131.5,132.4
1991-01-22,132.47,132.75,130.9,132.47
1991-01-23,131.82,133.0,131.65,131.82
1991-01-24,132.34,132.6,131.25,132.34
1991-01-25,132.45,132.75,131.55,132.45
1991-01-28,131.62,132.8,131.43,131.62
1991-01-29,132.07,132.35,130.5,132.07
1991-01-30,131.12,132.4,131.0,131.12
1991-01-31,131.21,132.02,130.7,131.21
1991-02-01,131.55,132.25,130.9,131.55
1991-02-04,130.6,131.7,130.2,130.6
1991-02-05,129.53,130.85,129.35,129.53
1991-02-06,128.13,129.51,127.92,128.13
1991-02-07,128.41,128.75,127.6,128.41
1991-02-08,127.7,128.75,127.6,127.7
1991-02-11,127.69,127.98,127.15,127.69
1991-02-12,128.63,128.72,127.35,128.63
1991-02-13,129.57,129.76,128.5,129.57
1991-02-14,129.68,129.98,129.1,129.68
1991-02-15,130.45,130.6,129.35,130.45
1991-02-18,130.25,130.55,129.65,130.25
1991-02-19,131.62,131.75,130.08,131.62
1991-02-20,131.4,131.85,130.9,131.4
1991-02-21,131.25,131.75,130.8,131.25
1991-02-22,132.12,132.45,130.45,132.12
1991-02-25,133.56,133.6,131.95,133.56
1991-02-26,132.85,133.72,132.15,132.85
1991-02-27,132.23,133.1,131.75,132.23
1991-02-28,133.0,133.15,131.7,133.0
1991-03-01,134.6,134.7,132.8,134.6
1991-03-04,135.45,135.9,134.47,135.45
1991-03-05,136.25,136.3,134.45,136.25
1991-03-06,135.65,136.85,135.58,135.65
1991-03-07,135.37,136.3,135.17,135.37
1991-03-08,136.7,136.85,135.2,136.7
1991-03-11,138.2,138.7,136.9,138.2
1991-03-12,135.78,138.38,135.6,135.78
1991-03-13,135.7,136.95,135.0,135.7
1991-03-14,135.95,136.55,135.15,135.95
1991-03-15,137.82,137.9,135.91,137.82
1991-03-18,137.93,138.75,137.45,137.93
1991-03-19,137.7,139.1,137.15,137.7
1991-03-20,138.23,139.65,137.8,138.23
1991-03-21,136.8,138.58,136.5,136.8
1991-03-22,137.5,137.8,136.4,137.5
1991-03-25,139.1,139.22,136.9,139.1
1991-03-26,138.75,139.28,137.85,138.75
1991-03-27,139.5,139.55,137.75,139.5
1991-03-28,141.13,141.5,139.4,141.13
1991-03-29,140.7,141.42,140.15,140.7
1991-04-01,139.3,141.0,139.25,139.3
1991-04-02,137.9,139.73,137.5,137.9
1991-04-03,137.38,138.3,136.95,137.38
1991-04-04,135.95,137.69,135.45,135.95
1991-04-05,136.6,136.9,135.45,136.6
1991-04-08,137.1,137.4,136.42,137.1
1991-04-09,134.75,137.35,134.53,134.75
1991-04-10,137.73,138.25,134.45,137.73
1991-04-11,136.0,137.7,135.37,136.0
1991-04-12,136.25,136.5,135.34,136.25
1991-04-15,134.2,136.16,133.95,134.2
1991-04-16,134.73,135.35,133.9,134.73
1991-04-17,136.11,136.43,134.4,136.11
1991-04-18,137.76,138.0,135.75,137.76
1991-04-19,138.3,138.6,137.0,138.3
1991-04-22,139.2,139.5,138.4,139.2
1991-04-23,137.71,139.0,137.5,137.71
1991-04-24,137.8,138.4,137.05,137.8
1991-04-25,137.66,138.4,137.38,137.66
1991-04-26,138.25,138.25,137.55,138.25
1991-04-29,136.75,138.95,136.45,136.75
1991-04-30,136.03,137.5,135.9,136.03
1991-05-01,138.07,138.65,136.05,138.07
1991-05-02,138.1,138.55,137.4,138.1
1991-05-03,138.8,139.1,137.59,138.8
1991-05-06,138.16,138.75,137.7,138.16
1991-05-07,137.8,138.7,137.75,137.8
1991-05-08,138.25,138.5,137.7,138.25
1991-05-09,137.93,139.4,137.75,137.93
1991-05-10,138.6,139.15,138.0,138.6
1991-05-13,139.31,139.7,138.7,139.31
1991-05-14,137.87,139.33,137.45,137.87
1991-05-15,137.15,139.0,136.95,137.15
1991-05-16,137.48,137.8,136.8,137.48
1991-05-17,138.4,138.65,137.45,138.4
1991-05-20,138.5,138.85,138.0,138.5
1991-05-21,137.2,138.47,137.1,137.2
1991-05-22,137.8,138.16,137.1,137.8
1991-05-23,137.77,138.18,137.45,137.77
1991-05-24,138.25,138.41,137.6,138.25
1991-05-27,138.3,138.5,138.0,138.3
1991-05-28,137.42,138.55,137.38,137.42
1991-05-29,138.12,138.2,137.02,138.12
1991-05-30,137.81,138.1,137.4,137.81
1991-05-31,138.4,138.5,137.68,138.4
1991-06-03,139.03,139.36,138.15,139.03
1991-06-04,138.81,139.25,138.38,138.81
1991-06-05,139.23,139.7,138.6,139.23
1991-06-06,139.1,139.45,138.9,139.1
1991-06-07,140.3,140.48,139.06,140.3
1991-06-10,141.36,142.0,140.2,141.36
1991-06-11,141.18,141.72,140.75,141.18
1991-06-12,141.51,142.1,140.95,141.51
1991-06-13,141.33,142.1,141.05,141.33
1991-06-14,140.68,141.45,140.25,140.68
1991-06-17,140.63,141.3,140.55,140.63
1991-06-18,141.12,141.6,140.6,141.12
1991-06-19,140.14,141.24,139.75,140.14
1991-06-20,138.35,140.28,137.95,138.35
1991-06-21,138.95,139.3,138.1,138.95
1991-06-24,138.88,139.85,138.5,138.88
1991-06-25,138.05,139.1,138.05,138.05
1991-06-26,138.2,138.6,137.8,138.2
1991-06-27,137.82,138.7,137.75,137.82
1991-06-28,137.43,138.33,137.35,137.43
1991-07-01,138.47,138.8,137.5,138.47
1991-07-02,138.8,139.0,138.15,138.8
1991-07-03,139.6,139.62,138.78,139.6
1991-07-04,139.12,139.68,138.93,139.12
1991-07-05,138.3,139.36,138.0,138.3
1991-07-08,138.53,138.88,138.15,138.53
1991-07-09,138.83,139.02,138.2,138.83
1991-07-10,138.6,138.9,138.37,138.6
1991-07-11,138.65,138.87,138.0,138.65
1991-07-12,136.45,139.05,136.0,136.45
1991-07-15,136.95,137.35,136.23,136.95
1991-07-16,137.21,137.25,136.5,137.21
1991-07-17,136.9,137.3,136.55,136.9
1991-07-18,136.95,137.75,136.2,136.95
1991-07-19,136.3,137.55,136.25,136.3
1991-07-22,137.6,137.85,136.0,137.6
1991-07-23,137.11,137.7,136.56,137.11
1991-07-24,137.41,137.65,136.5,137.41
1991-07-25,138.8,139.05,137.3,138.8
1991-07-26,137.65,139.0,137.35,137.65
1991-07-29,137.75,138.4,137.6,137.75
1991-07-30,137.78,138.0,137.4,137.78
1991-07-31,137.3,137.95,137.1,137.3
1991-08-01,137.55,137.95,136.95,137.55
1991-08-02,137.15,138.05,136.5,137.15
1991-08-05,136.63,137.6,136.5,136.63
1991-08-06,135.58,136.85,135.2,135.58
1991-08-07,135.85,136.25,135.5,135.85
1991-08-08,136.2,136.56,135.23,136.2
1991-08-09,136.55,136.92,135.9,136.55
1991-08-12,136.48,136.8,136.15,136.48
1991-08-13,136.38,136.65,136.17,136.38
1991-08-14,136.64,136.8,136.2,136.64
1991-08-15,137.03,137.3,136.0,137.03
1991-08-16,137.35,137.5,136.6,137.35
1991-08-19,138.05,138.35,137.12,138.05
1991-08-20,137.2,138.35,136.85,137.2
1991-08-21,136.38,137.78,136.25,136.38
1991-08-22,136.7,137.0,136.25,136.7
1991-08-23,136.85,137.21,136.48,136.85
1991-08-26,136.82,137.08,136.75,136.82
1991-08-27,136.9,137.38,136.75,136.9
1991-08-28,136.5,137.2,136.4,136.5
1991-08-29,137.1,137.4,136.3,137.1
1991-08-30,136.78,137.19,136.5,136.78
1991-09-02,136.7,136.88,136.6,136.7
1991-09-03,135.8,136.86,135.7,135.8
1991-09-04,135.42,136.18,135.0,135.42
1991-09-05,135.8,135.9,134.93,135.8
1991-09-06,135.55,136.5,135.5,135.55
1991-09-09,134.62,135.6,134.45,134.62
1991-09-10,134.69,135.0,134.22,134.69
1991-09-11,134.67,135.18,134.65,134.67
1991-09-12,134.1,134.72,133.6,134.1
1991-09-13,134.0,134.4,133.5,134.0
1991-09-16,133.6,134.36,133.45,133.6
1991-09-17,133.83,133.95,133.36,133.83
1991-09-18,134.34,134.75,133.75,134.34
1991-09-19,134.45,134.67,134.15,134.45
1991-09-20,134.17,134.95,133.98,134.17
1991-09-23,132.78,134.27,132.45,132.78
1991-09-24,133.55,133.75,132.4,133.55
1991-09-25,133.18,133.58,132.82,133.18
1991-09-26,133.8,133.98,133.1,133.8
1991-09-27,133.1,134.0,132.95,133.1
1991-09-30,133.03,133.1,132.4,133.03
1991-10-01,133.4,133.45,132.78,133.4
1991-10-02,132.53,133.37,132.2,132.53
1991-10-03,130.55,132.75,130.48,130.55
1991-10-04,129.6,130.55,129.2,129.6
1991-10-07,129.61,129.75,129.05,129.61
1991-10-08,130.35,130.4,129.22,130.35
1991-10-09,129.78,130.88,129.65,129.78
1991-10-10,130.3,130.9,129.25,130.3
1991-10-11,129.52,130.8,129.4,129.52
1991-10-14,129.65,130.2,128.5,129.65
1991-10-15,130.0,130.3,129.3,130.0
1991-10-16,130.07,130.4,129.68,130.07
1991-10-17,129.35,130.2,129.1,129.35
1991-10-18,129.85,130.08,128.85,129.85
1991-10-21,130.81,130.85,129.5,130.81
1991-10-22,131.4,131.5,130.32,131.4
1991-10-23,131.65,131.8,131.1,131.65
1991-10-24,131.3,131.66,130.9,131.3
1991-10-25,131.5,131.5,131.05,131.5
1991-10-28,132.23,132.44,131.4,132.23
1991-10-29,130.58,132.6,130.3,130.58
1991-10-30,130.95,131.45,130.5,130.95
1991-10-31,130.8,131.3,130.35,130.8
1991-11-01,129.7,130.9,129.65,129.7
1991-11-04,129.15,129.92,128.7,129.15
1991-11-05,130.02,130.2,129.65,130.02
1991-11-06,129.93,130.48,129.5,129.93
1991-11-07,129.9,130.0,129.45,129.9
1991-11-08,130.35,130.5,129.95,130.35
1991-11-11,129.97,130.7,129.85,129.97
1991-11-12,129.97,130.12,129.25,129.97
1991-11-13,130.07,130.15,129.55,130.07
1991-11-14,129.57,129.9,129.45,129.57
1991-11-15,129.3,130.22,129.2,129.3
1991-11-18,129.65,129.9,128.6,129.65
1991-11-19,129.88,130.0,129.2,129.88
1991-11-20,129.65,129.89,129.3,129.65
1991-11-21,129.55,129.78,129.28,129.55
1991-11-22,129.4,129.83,129.12,129.4
1991-11-25,127.9,129.38,127.58,127.9
1991-11-26,130.2,131.45,127.7,130.2
1991-11-27,129.86,130.35,129.0,129.86
1991-11-28,129.75,130.25,129.5,129.75
1991-11-29,129.97,130.32,129.65,129.97
1991-12-02,130.13,130.15,129.67,130.13
1991-12-03,129.35,130.15,128.5,129.35
1991-12-04,129.08,129.58,128.9,129.08
1991-12-05,128.69,129.1,128.5,128.69
1991-12-06,127.88,128.81,127.75,127.88
1991-12-09,128.25,128.4,127.79,128.25
1991-12-10,128.68,128.9,127.85,128.68
1991-12-11,129.3,129.7,128.5,129.3
1991-12-12,129.3,129.4,128.7,129.3
1991-12-13,129.03,129.24,127.85,129.03
1991-12-16,128.38,129.2,128.15,128.38
1991-12-17,128.25,128.55,128.0,128.25
1991-12-18,128.38,128.55,128.15,128.38
1991-12-19,128.13,128.7,128.05,128.13
1991-12-20,127.5,128.6,127.35,127.5
1991-12-23,126.7,127.7,126.09,126.7
1991-12-24,127.55,127.55,126.55,127.55
1991-12-25,126.95,127.5,126.55,126.95
1991-12-26,126.4,126.95,126.3,126.4
1991-12-27,125.85,126.7,125.43,125.85
1991-12-30,125.55,126.6,125.3,125.55
1991-12-31,124.8,125.96,124.6,124.8
1992-01-01,124.8,124.9,124.8,124.8
1992-01-02,124.35,124.97,123.73,124.35
1992-01-03,124.62,125.02,124.48,124.62
1992-01-06,123.35,124.8,123.23,123.35
1992-01-07,124.05,124.9,122.7,124.05
1992-01-08,124.3,125.4,123.23,124.3
1992-01-09,125.8,126.45,124.0,125.8
1992-01-10,126.93,127.35,125.45,126.93
1992-01-13,127.0,127.06,125.9,127.0
1992-01-14,126.88,127.05,125.8,126.88
1992-01-15,128.5,129.37,126.3,128.5
1992-01-16,128.15,128.6,127.65,128.15
1992-01-17,124.1,128.5,124.1,124.1
1992-01-20,123.3,124.5,121.95,123.3
1992-01-21,123.55,123.85,122.55,123.55
1992-01-22,123.3,123.8,123.0,123.3
1992-01-23,123.8,124.45,123.0,123.8
1992-01-24,123.5,124.65,123.05,123.5
1992-01-27,125.2,125.42,124.37,125.2
1992-01-28,125.7,125.98,125.0,125.7
1992-01-29,125.65,125.8,124.75,125.65
1992-01-30,125.7,125.95,125.2,125.7
1992-01-31,125.78,126.0,124.85,125.78
1992-02-03,126.18,126.4,125.3,126.18
1992-02-04,126.15,126.6,125.9,126.15
1992-02-05,125.45,126.28,125.4,125.45
1992-02-06,125.7,125.82,125.2,125.7
1992-02-07,125.31,125.83,124.69,125.31
1992-02-10,126.7,126.9,125.1,126.7
1992-02-11,127.35,127.6,126.45,127.35
1992-02-12,127.4,127.77,126.68,127.4
1992-02-13,127.64,128.05,126.9,127.64
1992-02-14,127.85,128.05,127.33,127.85
1992-02-17,126.93,128.3,126.3,126.93
1992-02-18,127.95,128.1,126.55,127.95
1992-02-19,128.15,128.5,127.55,128.15
1992-02-20,128.5,128.95,127.2,128.5
1992-02-21,128.88,128.95,128.25,128.88
1992-02-24,129.15,129.48,128.23,129.15
1992-02-25,129.75,129.95,129.0,129.75
1992-02-26,129.1,130.0,129.05,129.1
1992-02-27,129.05,129.6,128.7,129.05
1992-02-28,129.45,129.57,128.73,129.45
1992-03-02,129.65,129.75,129.35,129.65
1992-03-03,131.05,131.07,129.55,131.05
1992-03-04,131.55,132.15,130.1,131.55
1992-03-05,131.85,132.43,131.59,131.85
1992-03-06,131.75,132.02,130.9,131.75
1992-03-09,131.85,132.21,131.05,131.85
1992-03-10,132.8,133.0,131.6,132.8
1992-03-11,133.39,134.35,132.8,133.39
1992-03-12,134.15,134.65,133.3,134.15
1992-03-13,133.63,134.75,132.95,133.63
1992-03-16,133.77,134.54,133.55,133.77
1992-03-17,132.75,133.97,132.63,132.75
1992-03-18,132.33,133.41,131.75,132.33
1992-03-19,133.53,133.75,132.07,133.53
1992-03-20,133.8,134.65,132.52,133.8
1992-03-23,133.3,134.33,133.25,133.3
1992-03-24,133.53,134.23,133.27,133.53
1992-03-25,133.45,134.1,133.1,133.45
1992-03-26,133.95,134.15,132.65,133.95
1992-03-27,133.0,134.2,132.8,133.0
1992-03-30,132.8,133.7,132.5,132.8
1992-03-31,132.75,133.37,132.55,132.75
1992-04-01,134.5,134.9,132.25,134.5
1992-04-02,133.7,135.0,133.55,133.7
1992-04-03,133.4,134.3,133.0,133.4
1992-04-06,133.14,133.7,132.53,133.14
1992-04-07,133.28,133.75,132.8,133.28
1992-04-08,132.58,133.55,131.68,132.58
1992-04-09,132.07,133.1,131.85,132.07
1992-04-10,132.85,133.2,131.9,132.85
1992-04-13,133.07,133.55,132.69,133.07
1992-04-14,133.0,133.3,132.7,133.0
1992-04-15,133.38,133.42,132.95,133.38
1992-04-16,133.93,133.99,133.15,133.93
1992-04-17,133.9,134.2,133.6,133.9
1992-04-20,134.3,134.45,133.8,134.3
1992-04-21,134.2,134.7,133.9,134.2
1992-04-22,134.2,134.59,133.9,134.2
1992-04-23,134.55,134.88,133.95,134.55
1992-04-24,134.4,134.8,133.95,134.4
1992-04-27,133.01,135.0,132.8,133.01
1992-04-28,133.1,133.45,132.55,133.1
1992-04-29,133.55,133.67,133.02,133.55
1992-04-30,133.15,133.7,133.05,133.15
1992-05-01,132.55,133.28,132.5,132.55
1992-05-04,133.22,133.43,132.25,133.22
1992-05-05,132.82,133.45,132.65,132.82
1992-05-06,132.22,132.9,132.05,132.22
1992-05-07,132.42,132.82,131.95,132.42
1992-05-08,133.35,133.7,132.1,133.35
1992-05-11,132.9,133.4,132.83,132.9
1992-05-12,130.58,133.0,130.2,130.58
1992-05-13,129.6,130.95,129.4,129.6
1992-05-14,130.4,130.5,129.4,130.4
1992-05-15,129.73,130.7,129.6,129.73
1992-05-18,129.6,129.75,128.55,128.71
1992-05-19,128.85,129.25,128.25,129.2
1992-05-20,129.39,129.66,129.0,129.5
1992-05-21,129.58,130.38,129.45,130.22
1992-05-22,130.18,130.22,129.1,129.15
1992-05-25,129.11,129.45,128.82,129.3
1992-05-26,129.24,129.68,128.75,129.61
1992-05-27,129.45,130.37,129.32,130.07
1992-05-28,130.05,130.26,129.35,129.47
1992-05-29,129.28,129.33,127.45,127.65
1992-06-01,127.56,127.75,126.6,126.95
1992-06-02,126.95,128.0,126.92,127.63
1992-06-03,127.63,127.88,126.65,127.51
1992-06-04,127.52,128.3,127.0,127.18
1992-06-05,127.15,127.55,126.52,126.75
1992-06-08,126.6,127.3,126.45,127.2
1992-06-09,127.12,127.6,126.7,127.5
1992-06-10,127.48,127.85,127.2,127.45
1992-06-11,127.45,127.7,126.15,126.4
1992-06-12,126.3,126.8,126.15,126.6
1992-06-15,126.6,127.15,126.4,126.8
1992-06-16,126.79,127.1,126.33,126.46
1992-06-17,126.43,127.4,126.15,127.3
1992-06-18,127.33,127.75,126.4,126.82
1992-06-19,126.91,127.23,126.6,127.01
1992-06-22,127.13,127.55,127.0,127.06
1992-06-23,127.01,127.4,126.8,127.25
1992-06-24,127.29,127.35,126.2,126.32
1992-06-25,126.34,126.73,124.95,125.1
1992-06-26,125.13,126.0,125.1,125.65
1992-06-29,125.6,125.88,124.55,125.64
1992-06-30,125.68,126.2,125.2,125.55
1992-07-01,125.54,125.65,124.65,125.35
1992-07-02,125.27,125.3,123.4,124.43
1992-07-03,124.46,125.07,124.02,124.74
1992-07-06,124.94,125.15,124.05,124.22
1992-07-07,124.26,124.7,123.7,124.0
1992-07-08,123.94,125.05,123.65,124.72
1992-07-09,124.71,125.85,124.3,125.58
1992-07-10,125.51,125.85,125.05,125.25
1992-07-13,125.14,125.39,124.7,124.81
1992-07-14,124.82,125.33,124.45,125.15
1992-07-15,125.22,125.48,124.85,125.08
1992-07-16,125.13,125.65,124.6,125.39
1992-07-17,125.39,125.5,124.25,124.3
1992-07-20,124.32,125.5,123.95,125.28
1992-07-21,125.3,125.85,124.94,125.2
1992-07-22,125.18,127.2,125.1,126.58
1992-07-23,126.7,126.97,126.15,126.7
1992-07-24,126.65,128.15,126.41,128.1
1992-07-27,127.7,128.38,127.2,127.41
1992-07-28,127.37,128.3,127.0,127.4
1992-07-29,127.42,128.05,127.2,127.88
1992-07-30,127.84,127.95,127.35,127.54
1992-07-31,127.58,127.72,126.85,127.05
1992-08-03,127.05,127.37,126.95,127.15
1992-08-04,127.1,127.45,127.05,127.24
1992-08-05,127.3,127.66,127.14,127.63
1992-08-06,127.65,127.82,127.26,127.56
1992-08-07,127.58,128.01,127.3,127.5
1992-08-10,127.4,128.18,127.4,128.03
1992-08-11,128.02,128.15,127.57,127.91
1992-08-12,127.91,128.0,127.08,127.23
1992-08-13,127.26,127.55,126.35,126.43
1992-08-14,126.47,127.65,125.8,125.95
1992-08-17,126.15,126.47,125.55,125.78
1992-08-18,125.82,126.45,125.6,126.23
1992-08-19,126.22,126.7,126.15,126.62
1992-08-20,126.55,126.62,126.0,126.5
1992-08-21,126.5,126.6,125.5,125.5
1992-08-24,125.56,125.56,124.28,124.55
1992-08-25,124.56,125.06,124.35,124.56
1992-08-26,124.63,125.25,124.6,125.2
1992-08-27,125.18,125.36,124.55,124.75
1992-08-28,124.73,124.9,122.95,122.95
1992-08-31,122.79,123.5,122.6,123.05
1992-09-01,123.03,123.3,122.6,122.65
1992-09-02,122.65,123.28,122.1,123.23
1992-09-03,123.2,124.45,122.85,123.88
1992-09-04,123.85,124.75,122.9,122.95
1992-09-07,123.1,123.6,123.0,123.5
1992-09-08,122.8,123.67,122.5,122.8
1992-09-09,122.77,123.35,122.45,123.24
1992-09-10,123.28,123.76,122.75,123.75
1992-09-11,123.7,124.45,122.85,124.28
1992-09-14,124.93,125.2,123.95,124.15
1992-09-15,124.2,124.4,123.5,124.4
1992-09-16,124.45,125.65,124.1,125.05
1992-09-17,125.1,125.2,124.1,124.26
1992-09-18,124.35,124.7,124.2,124.4
1992-09-21,124.05,124.3,123.5,123.6
1992-09-22,123.62,123.68,120.65,121.0
1992-09-23,121.12,122.05,119.5,120.2
1992-09-24,120.05,121.15,119.55,120.4
1992-09-25,120.25,121.15,120.05,120.85
1992-09-28,120.55,120.58,119.0,119.55
1992-09-29,119.57,119.8,119.1,119.28
1992-09-30,119.23,120.25,118.55,119.8
1992-10-01,119.75,120.65,119.55,119.63
1992-10-02,119.59,120.28,119.1,119.33
1992-10-05,119.0,120.05,118.75,119.82
1992-10-06,119.85,120.02,119.35,119.65
1992-10-07,119.68,120.5,119.33,120.4
1992-10-08,120.35,122.15,120.2,121.85
1992-10-09,121.82,122.05,121.25,121.8
1992-10-12,121.45,121.57,120.5,120.95
1992-10-13,120.88,121.9,120.65,121.15
1992-10-14,121.15,121.35,120.75,120.8
1992-10-15,120.83,120.84,120.05,120.5
1992-10-16,120.55,120.73,119.25,119.4
1992-10-19,119.63,120.71,119.5,120.66
1992-10-20,120.63,122.6,120.4,122.4
1992-10-21,122.23,122.99,121.45,122.6
1992-10-22,122.47,122.6,120.3,120.8
1992-10-23,120.73,122.2,120.05,121.55
1992-10-26,121.68,122.63,121.38,121.88
1992-10-27,122.02,122.65,121.7,122.14
1992-10-28,122.15,123.55,121.6,123.21
1992-10-29,123.09,123.42,122.75,123.2
1992-10-30,123.13,123.75,122.9,123.43
1992-11-02,123.35,123.95,123.35,123.5
1992-11-03,123.54,123.95,121.75,122.41
1992-11-04,122.27,123.35,122.0,122.9
1992-11-05,123.05,123.28,122.4,122.85
1992-11-06,122.83,123.5,122.6,123.4
1992-11-09,123.43,124.3,123.3,124.15
1992-11-10,124.22,124.57,123.98,124.1
1992-11-11,123.98,124.25,123.5,123.91
1992-11-12,123.82,124.2,123.65,123.83
1992-11-13,123.9,124.15,123.4,124.08
1992-11-16,124.12,124.85,124.0,124.69
1992-11-17,124.65,124.87,124.2,124.32
1992-11-18,124.32,124.45,123.5,123.65
1992-11-19,123.6,123.95,123.15,123.35
1992-11-20,123.38,124.55,123.2,124.3
1992-11-23,124.22,124.45,123.9,124.01
1992-11-24,123.95,124.3,123.7,123.81
1992-11-25,123.77,123.92,123.45,123.69
1992-11-26,123.67,124.16,123.57,124.05
1992-11-27,124.04,124.53,123.9,124.35
1992-11-30,124.34,125.08,124.23,124.67
1992-12-01,124.55,124.85,124.05,124.1
1992-12-02,124.2,124.57,124.0,124.47
1992-12-03,124.43,124.71,124.25,124.59
1992-12-04,124.56,124.95,124.4,124.93
1992-12-07,124.92,125.06,123.12,123.72
1992-12-08,123.8,124.2,123.5,123.74
1992-12-09,123.85,124.31,123.6,124.01
1992-12-10,124.1,124.45,123.2,123.69
1992-12-11,123.6,124.14,123.4,123.85
1992-12-14,123.7,124.03,123.5,123.69
1992-12-15,123.67,124.1,123.6,123.93
1992-12-16,123.99,124.2,122.65,122.9
1992-12-17,122.97,123.35,122.5,122.83
1992-12-18,122.85,123.35,122.82,123.05
1992-12-21,123.05,123.35,122.83,123.0
1992-12-22,123.0,123.8,122.85,123.65
1992-12-23,123.73,123.91,123.35,123.8
1992-12-24,123.8,123.94,123.5,123.9
1992-12-25,123.9,123.95,123.55,123.65
1992-12-28,123.6,125.15,123.6,124.87
1992-12-29,124.8,124.9,124.45,124.68
1992-12-30,124.65,124.78,124.15,124.55
1992-12-31,124.55,124.83,124.35,124.8
1993-01-04,124.85,125.45,124.7,125.3
1993-01-05,125.28,125.4,124.58,124.8
1993-01-06,124.83,125.28,124.7,125.09
1993-01-07,125.11,125.37,124.8,125.18
1993-01-08,125.2,125.48,125.05,125.37
1993-01-11,125.15,125.37,124.82,125.14
1993-01-12,125.14,125.45,124.85,125.22
1993-01-13,125.25,126.21,125.2,125.57
1993-01-14,125.61,125.9,125.38,125.84
1993-01-15,125.84,126.1,125.65,126.02
1993-01-18,125.76,125.87,125.3,125.46
1993-01-19,125.4,125.65,125.25,125.4
1993-01-20,125.42,125.53,124.5,124.64
1993-01-21,124.6,125.26,124.48,124.88
1993-01-22,124.88,125.45,124.75,125.07
1993-01-25,124.83,125.1,122.75,123.3
1993-01-26,123.35,123.95,123.05,123.57
1993-01-27,123.5,124.3,123.45,124.05
1993-01-28,124.1,124.43,123.8,124.2
1993-01-29,124.26,125.08,123.75,124.6
1993-02-01,124.55,125.13,124.52,125.06
1993-02-02,125.0,125.22,124.2,124.62
1993-02-03,124.65,124.87,123.8,124.39
1993-02-04,124.4,124.75,124.05,124.69
1993-02-05,124.75,124.85,124.14,124.4
1993-02-08,124.33,124.65,123.6,123.77
1993-02-09,123.75,124.0,121.0,121.15
1993-02-10,121.15,121.75,120.6,121.15
1993-02-11,121.36,122.05,119.5,121.2
1993-02-12,121.13,121.15,120.0,120.6
1993-02-15,120.87,121.37,120.3,120.97
1993-02-16,121.1,121.28,119.58,119.97
1993-02-17,119.9,120.25,119.05,119.61
1993-02-18,119.55,120.05,119.0,119.13
1993-02-19,119.05,119.45,118.15,118.2
1993-02-22,118.07,118.48,115.85,116.27
1993-02-23,116.25,117.25,115.95,117.0
1993-02-24,117.1,117.68,116.52,117.56
1993-02-25,117.65,118.03,117.08,117.3
1993-02-26,117.4,118.4,117.32,118.15
1993-03-01,118.65,119.1,117.99,118.77
1993-03-02,118.8,118.8,117.3,117.55
1993-03-03,117.45,117.66,116.3,116.63
1993-03-04,116.6,117.23,116.05,116.75
1993-03-05,116.88,117.85,116.15,117.55
1993-03-08,117.5,117.58,116.4,116.75
1993-03-09,116.65,118.15,116.23,117.69
1993-03-10,117.58,118.53,117.5,117.98
1993-03-11,117.85,118.3,117.37,117.59
1993-03-12,117.57,118.15,117.2,118.0
1993-03-15,118.1,118.65,117.73,118.6
1993-03-16,118.61,118.66,116.55,117.05
1993-03-17,117.0,117.6,116.6,117.19
1993-03-18,117.13,117.35,115.55,115.66
1993-03-19,115.85,116.29,115.55,116.05
1993-03-22,116.11,117.78,115.25,115.59
1993-03-23,115.62,116.2,115.0,115.89
1993-03-24,115.96,117.9,115.6,117.55
1993-03-25,117.51,117.61,116.78,117.27
1993-03-26,117.27,117.36,116.2,116.45
1993-03-29,116.25,117.25,116.19,116.75
1993-03-30,116.71,117.0,116.5,116.55
1993-03-31,116.55,116.6,114.55,114.73
1993-04-01,114.73,115.2,113.7,114.1
1993-04-02,114.08,114.55,113.4,113.63
1993-04-05,113.56,114.05,113.25,113.63
1993-04-06,113.57,114.7,113.35,113.93
1993-04-07,113.95,114.27,113.36,113.5
1993-04-08,113.55,113.8,112.85,113.3
1993-04-09,113.3,113.65,113.0,113.1
1993-04-12,113.15,113.15,112.65,112.72
1993-04-13,112.7,113.6,112.5,113.47
1993-04-14,113.45,113.93,113.05,113.67
1993-04-15,113.69,114.08,112.65,113.2
1993-04-16,113.12,113.3,112.05,112.2
1993-04-19,111.6,111.8,110.65,111.0
1993-04-20,111.07,111.4,110.1,110.43
1993-04-21,110.38,111.4,109.8,110.6
1993-04-22,110.6,111.68,109.45,109.8
1993-04-23,110.15,111.6,109.7,110.65
1993-04-26,110.25,110.65,110.07,110.53
1993-04-27,110.52,111.97,109.15,111.88
1993-04-28,111.77,112.45,111.57,111.92
1993-04-29,111.77,112.15,110.8,111.12
1993-04-30,111.15,111.68,110.52,111.05
1993-05-03,110.87,111.18,110.6,110.76
1993-05-04,110.76,110.8,109.9,110.04
1993-05-05,110.04,110.49,109.85,110.19
1993-05-06,110.15,110.47,109.75,109.82
1993-05-07,109.75,110.42,109.45,110.3
1993-05-10,110.28,112.0,110.1,111.62
1993-05-11,111.61,111.78,111.0,111.35
1993-05-12,111.25,112.0,111.06,111.4
1993-05-13,111.35,111.91,111.32,111.85
1993-05-14,111.8,112.32,110.58,110.65
1993-05-17,111.07,111.43,110.45,111.3
1993-05-18,111.29,111.9,111.1,111.41
1993-05-19,111.47,111.78,109.9,110.7
1993-05-20,110.7,110.92,110.15,110.65
1993-05-21,110.55,110.63,109.9,110.4
1993-05-24,110.35,110.8,110.2,110.63
1993-05-25,110.62,110.68,109.05,109.2
1993-05-26,109.16,109.28,108.35,108.47
1993-05-27,109.16,109.28,107.05,107.32
1993-05-28,107.41,107.75,106.77,106.9
1993-05-31,107.41,107.75,106.8,107.12
1993-06-01,107.01,107.37,106.45,106.9
1993-06-02,106.95,107.7,106.75,107.05
1993-06-03,107.3,107.95,107.0,107.15
1993-06-04,107.15,107.96,106.6,107.76
1993-06-07,107.88,107.98,107.0,107.19
1993-06-08,107.13,107.2,105.9,106.13
1993-06-09,106.15,106.7,106.0,106.42
1993-06-10,106.47,106.6,105.75,105.95
1993-06-11,105.9,106.63,105.75,106.05
1993-06-14,106.03,106.03,105.0,105.04
1993-06-15,105.0,105.95,104.75,105.9
1993-06-16,105.94,106.8,105.45,106.6
1993-06-17,106.53,107.5,106.45,107.21
1993-06-18,107.29,110.13,107.0,109.5
1993-06-21,109.65,111.8,109.25,110.62
1993-06-22,110.48,111.63,110.2,110.91
1993-06-23,110.73,111.18,108.6,108.67
1993-06-24,108.77,109.3,108.0,108.5
1993-06-25,108.63,108.8,105.8,106.2
1993-06-28,105.65,106.3,105.65,106.25
1993-06-29,106.5,107.9,105.8,106.34
1993-06-30,106.5,107.31,105.2,107.31
1993-07-01,107.35,108.35,106.25,107.57
1993-07-02,107.6,108.75,106.9,108.5
1993-07-05,108.85,109.25,108.4,109.04
1993-07-06,108.9,109.25,107.65,108.91
1993-07-07,108.95,109.0,106.7,107.48
1993-07-08,107.55,109.05,106.65,108.48
1993-07-09,108.35,109.99,107.7,109.9
1993-07-12,110.53,110.53,109.2,109.35
1993-07-13,109.3,109.35,107.8,107.8
1993-07-14,107.96,108.9,106.92,107.03
1993-07-15,107.1,108.4,107.0,108.21
1993-07-16,108.22,108.8,107.35,107.5
1993-07-19,107.75,108.6,107.45,108.4
1993-07-20,108.38,108.9,107.98,108.14
1993-07-21,108.03,108.7,107.88,108.1
1993-07-22,108.14,108.48,105.1,105.52
1993-07-23,106.3,107.4,106.3,106.9
1993-07-26,106.65,107.18,106.15,106.7
1993-07-27,106.63,106.95,105.95,106.15
1993-07-28,106.18,106.4,104.75,106.0
1993-07-29,106.07,106.55,105.55,106.43
1993-07-30,106.38,106.39,104.2,105.0
1993-08-02,104.6,105.3,104.05,104.21
1993-08-03,104.22,104.7,103.95,104.36
1993-08-04,104.55,105.1,104.3,104.85
1993-08-05,104.91,105.25,103.79,104.29
1993-08-06,104.31,105.0,103.97,104.41
1993-08-09,104.5,104.95,104.38,104.89
1993-08-10,104.88,104.95,104.23,104.56
1993-08-11,104.57,104.68,103.45,103.63
1993-08-12,103.6,103.73,102.83,103.06
1993-08-13,103.03,103.06,101.7,101.95
1993-08-16,101.73,101.8,100.73,101.5
1993-08-17,101.44,102.43,100.2,100.98
1993-08-18,101.0,102.23,100.95,101.57
1993-08-19,101.56,106.75,101.0,105.75
1993-08-20,105.68,105.68,104.02,104.35
1993-08-23,104.05,104.34,102.9,103.02
1993-08-24,103.08,104.0,102.85,103.71
1993-08-25,103.77,105.23,103.5,104.96
1993-08-26,104.9,105.58,104.05,104.35
1993-08-27,104.57,104.88,103.55,103.7
1993-08-30,103.7,104.25,103.5,103.72
1993-08-31,103.78,104.83,103.75,104.72
1993-09-01,104.9,105.78,104.5,105.38
1993-09-02,105.44,105.98,104.9,105.85
1993-09-03,105.75,105.95,104.25,104.55
1993-09-06,104.73,104.9,104.0,104.45
1993-09-07,104.52,104.65,103.35,104.12
1993-09-08,104.1,105.65,103.98,105.45
1993-09-09,105.65,105.75,104.0,105.3
1993-09-10,105.45,106.79,105.25,105.97
1993-09-13,105.92,106.68,105.67,106.3
1993-09-14,106.22,106.25,105.3,105.8
1993-09-15,105.82,106.55,105.4,105.72
1993-09-16,105.42,105.42,103.8,104.05
1993-09-17,104.2,104.67,104.05,104.42
1993-09-20,104.66,104.79,103.79,104.5
1993-09-21,104.52,107.3,104.21,106.62
1993-09-22,106.62,106.69,105.75,106.25
1993-09-23,106.23,106.55,105.6,105.78
1993-09-24,105.76,106.3,105.6,105.9
1993-09-27,105.93,106.45,105.6,106.21
1993-09-28,106.21,106.23,104.75,104.99
1993-09-29,104.97,105.48,104.75,105.01
1993-09-30,105.1,106.23,104.75,106.16
1993-10-01,106.05,106.7,105.8,105.97
1993-10-04,106.15,106.38,105.45,105.6
1993-10-05,105.71,105.92,105.1,105.85
1993-10-06,105.85,106.0,105.3,105.64
1993-10-07,105.62,105.64,104.77,104.95
1993-10-08,104.92,106.25,104.85,106.15
1993-10-11,105.96,106.5,105.8,106.15
1993-10-12,106.13,106.2,105.6,105.96
1993-10-13,105.86,106.03,105.55,105.83
1993-10-14,105.81,107.48,105.7,107.3
1993-10-15,107.2,107.29,106.77,107.1
1993-10-18,106.92,107.7,106.8,107.47
1993-10-19,107.5,107.55,106.8,107.07
1993-10-20,107.02,107.65,106.6,107.35
1993-10-21,107.25,108.4,107.0,108.07
1993-10-22,108.16,108.6,107.89,108.0
1993-10-25,108.14,108.8,108.05,108.6
1993-10-26,108.62,108.72,107.88,108.2
1993-10-27,108.2,108.95,107.98,108.68
1993-10-28,108.72,108.85,107.25,108.11
1993-10-29,108.05,108.6,107.9,108.57
1993-11-01,108.55,108.8,108.05,108.15
1993-11-02,108.18,108.55,107.45,107.75
1993-11-03,107.7,107.88,107.0,107.6
1993-11-04,107.65,108.37,107.42,108.13
1993-11-05,108.15,108.57,107.9,108.22
1993-11-08,108.26,108.43,107.75,107.83
1993-11-09,107.75,108.29,107.55,107.9
1993-11-10,107.9,108.16,106.75,107.1
1993-11-11,107.08,107.25,106.2,106.35
1993-11-12,106.35,106.65,105.5,105.75
1993-11-15,105.98,107.05,105.5,106.66
1993-11-16,106.6,107.0,106.2,106.73
1993-11-17,106.75,107.49,106.7,106.8
1993-11-18,106.79,107.38,106.5,107.27
1993-11-19,107.3,108.73,107.08,108.45
1993-11-22,108.3,108.7,108.04,108.46
1993-11-23,108.41,109.2,108.08,108.65
1993-11-24,108.33,108.42,107.8,108.13
1993-11-25,108.15,108.53,108.0,108.32
1993-11-26,108.31,108.9,108.2,108.8
1993-11-29,108.83,109.6,108.73,109.2
1993-11-30,109.15,109.3,108.7,109.06
1993-12-01,109.0,109.1,108.4,108.75
1993-12-02,108.75,108.89,108.3,108.83
1993-12-03,108.78,109.03,108.0,108.55
1993-12-06,108.51,108.53,107.75,107.86
1993-12-07,107.82,108.02,107.3,107.45
1993-12-08,107.44,109.0,107.44,108.85
1993-12-09,108.87,109.05,108.5,108.63
1993-12-10,108.6,109.25,108.37,109.16
1993-12-13,109.11,109.2,108.8,108.93
1993-12-14,108.93,109.45,108.6,109.34
1993-12-15,109.4,109.86,109.18,109.77
1993-12-16,109.79,110.05,109.35,109.5
1993-12-17,109.53,110.25,109.17,110.15
1993-12-20,110.03,110.8,109.82,110.59
1993-12-21,110.57,111.2,110.38,111.1
1993-12-22,111.14,111.65,110.1,110.35
1993-12-23,110.32,111.05,110.05,110.6
1993-12-24,110.58,111.15,110.2,110.75
1993-12-27,110.6,111.51,110.6,111.4
1993-12-28,111.4,111.65,111.0,111.39
1993-12-29,111.32,111.85,111.28,111.73
1993-12-30,111.79,112.07,111.55,111.8
1993-12-31,111.75,112.0,111.44,111.8
1994-01-03,111.7,112.72,111.55,112.62
1994-01-04,112.68,113.45,112.2,112.62
1994-01-05,112.6,113.58,112.3,112.95
1994-01-06,113.02,113.4,112.25,112.6
1994-01-07,112.55,112.75,111.5,111.83
1994-01-10,111.8,112.4,111.35,112.23
1994-01-11,112.18,112.86,112.05,112.37
1994-01-12,112.38,112.8,111.95,112.25
1994-01-13,112.15,112.65,111.58,111.79
1994-01-14,111.76,111.95,110.77,110.9
1994-01-17,111.22,111.5,110.74,111.04
1994-01-18,111.01,111.31,110.55,110.75
1994-01-19,110.74,111.45,110.2,111.35
1994-01-20,111.35,111.85,111.21,111.34
1994-01-21,111.33,111.62,110.05,111.55
1994-01-24,111.56,112.4,111.53,111.67
1994-01-25,111.72,111.85,110.8,110.9
1994-01-26,110.97,111.04,109.85,110.07
1994-01-27,109.86,110.07,108.25,108.55
1994-01-28,108.55,110.25,108.15,109.78
1994-01-31,110.4,110.42,108.3,108.55
1994-02-01,108.45,108.52,107.5,107.62
1994-02-02,107.6,108.5,107.5,108.0
1994-02-03,108.1,108.45,107.8,108.11
1994-02-04,108.3,109.65,107.9,109.25
1994-02-07,109.4,109.75,108.45,108.6
1994-02-08,108.52,109.05,108.25,108.73
1994-02-09,108.83,108.9,107.65,108.35
1994-02-10,108.29,108.9,108.0,108.15
1994-02-11,108.1,108.45,106.75,106.8
1994-02-14,106.0,106.52,105.45,105.7
1994-02-15,102.3,104.01,101.75,103.75
1994-02-16,103.83,104.25,103.0,103.75
1994-02-17,103.81,104.55,103.2,104.15
1994-02-18,104.2,104.95,103.43,104.59
1994-02-21,104.7,106.8,104.35,106.37
1994-02-22,106.28,106.5,105.05,105.6
1994-02-23,105.58,106.55,104.4,105.7
1994-02-24,105.58,106.18,104.75,104.85
1994-02-25,104.85,105.3,104.2,104.8
1994-02-28,104.27,104.65,103.85,104.5
1994-03-01,104.42,105.1,104.2,104.54
1994-03-02,104.55,104.75,102.95,104.15
1994-03-03,104.25,104.45,103.3,103.89
1994-03-04,103.85,105.8,103.52,105.55
1994-03-07,105.42,105.9,105.2,105.52
1994-03-08,105.58,105.75,104.98,105.24
1994-03-09,105.24,106.1,104.8,105.75
1994-03-10,105.73,106.0,105.0,105.26
1994-03-11,105.2,105.91,104.6,104.97
1994-03-14,105.33,106.39,105.33,106.1
1994-03-15,106.1,106.66,105.85,106.0
1994-03-16,106.13,106.29,105.6,105.94
1994-03-17,105.93,106.05,105.5,105.72
1994-03-18,105.7,106.26,105.65,106.12
1994-03-21,106.3,106.45,105.8,105.84
1994-03-22,105.84,106.18,105.73,106.01
1994-03-23,105.95,106.5,105.8,106.25
1994-03-24,106.3,106.59,104.28,104.54
1994-03-25,104.76,105.47,104.48,104.8
1994-03-28,104.92,104.94,103.9,104.01
1994-03-29,104.07,104.3,103.05,103.1
1994-03-30,103.04,103.65,102.3,102.81
1994-03-31,102.9,103.45,102.08,102.65
1994-04-01,102.65,103.76,102.6,103.6
1994-04-04,103.85,104.25,102.9,103.14
1994-04-05,103.17,104.8,102.78,104.4
1994-04-06,104.4,105.05,104.1,104.57
1994-04-07,104.61,105.1,103.95,104.91
1994-04-08,105.1,105.85,104.67,105.25
1994-04-11,105.14,105.2,103.0,103.36
1994-04-12,103.36,103.75,103.1,103.65
1994-04-13,103.72,103.92,103.2,103.34
1994-04-14,103.37,104.43,102.6,104.21
1994-04-15,104.23,104.3,103.35,103.5
1994-04-18,103.24,103.7,102.9,103.15
1994-04-19,103.1,103.35,102.65,103.22
1994-04-20,103.16,103.5,102.9,102.98
1994-04-21,102.9,103.96,102.48,103.52
1994-04-22,103.53,104.03,103.05,103.15
1994-04-25,103.0,103.5,102.75,103.1
1994-04-26,103.13,103.25,102.69,102.78
1994-04-27,102.74,103.45,102.15,102.36
1994-04-28,102.3,102.6,101.2,101.31
1994-04-29,101.26,102.4,100.55,101.55
1994-05-02,101.85,102.02,101.4,101.55
1994-05-03,101.6,101.82,100.65,100.97
1994-05-04,100.96,102.37,100.72,101.83
1994-05-05,101.83,103.09,101.7,102.9
1994-05-06,102.84,103.25,102.3,102.38
1994-05-09,102.55,103.03,102.2,102.78
1994-05-10,102.81,104.78,102.65,104.42
1994-05-11,104.3,104.52,103.9,104.25
1994-05-12,104.2,104.8,103.92,104.22
1994-05-13,104.21,105.1,104.0,105.05
1994-05-16,105.13,105.2,104.2,104.7
1994-05-17,104.69,104.93,104.13,104.65
1994-05-18,104.52,104.68,103.3,103.45
1994-05-19,103.4,104.32,103.32,104.25
1994-05-20,104.15,104.6,103.8,104.15
1994-05-23,104.12,104.5,103.65,104.33
1994-05-24,104.31,104.93,103.9,104.66
1994-05-25,104.72,104.83,104.18,104.34
1994-05-26,104.34,104.75,103.9,104.51
1994-05-27,104.43,104.77,104.18,104.25
1994-05-30,104.36,104.7,104.25,104.53
1994-05-31,104.51,104.83,104.25,104.7
1994-06-01,104.7,104.83,104.4,104.52
1994-06-02,104.45,105.05,104.19,104.8
1994-06-03,104.87,105.47,104.85,105.37
1994-06-06,105.33,105.5,105.15,105.24
1994-06-07,105.31,105.35,103.75,104.27
1994-06-08,104.28,104.41,103.55,103.92
1994-06-09,103.93,104.5,103.85,103.91
1994-06-10,103.88,104.14,103.4,103.5
1994-06-13,103.48,103.7,102.6,102.85
1994-06-14,102.85,103.13,102.3,102.76
1994-06-15,102.91,103.07,102.5,102.7
1994-06-16,102.65,103.55,102.63,103.39
1994-06-17,103.37,103.8,102.56,102.74
1994-06-20,102.65,102.71,101.74,101.98
1994-06-21,102.01,102.2,99.85,100.24
1994-06-22,100.32,101.35,100.21,101.12
1994-06-23,101.22,101.61,100.7,101.43
1994-06-24,101.36,101.9,99.89,100.47
1994-06-27,100.15,100.5,99.4,100.5
1994-06-28,100.43,100.72,99.8,99.8
1994-06-29,99.81,99.98,98.45,98.7
1994-06-30,98.65,99.12,98.3,98.35
1994-07-01,98.48,99.8,97.6,98.7
1994-07-04,98.59,99.15,98.3,98.93
1994-07-05,98.89,99.68,98.65,98.95
1994-07-06,98.95,99.0,97.8,98.94
1994-07-07,99.27,99.4,98.42,98.65
1994-07-08,98.5,99.01,97.75,98.05
1994-07-11,98.27,98.55,96.9,97.55
1994-07-12,97.39,97.55,96.45,97.42
1994-07-13,97.5,98.33,97.2,98.23
1994-07-14,98.2,98.65,97.8,98.52
1994-07-15,98.53,98.57,97.57,97.8
1994-07-18,97.61,98.73,97.6,98.49
1994-07-19,98.51,99.42,98.1,99.1
1994-07-20,99.12,99.55,98.25,98.75
1994-07-21,98.69,99.23,97.8,99.1
1994-07-22,99.13,99.2,98.35,98.9
1994-07-25,98.6,98.92,98.33,98.54
1994-07-26,98.59,98.8,97.8,98.26
1994-07-27,98.18,98.62,97.65,98.41
1994-07-28,98.41,100.25,98.07,99.95
1994-07-29,99.86,100.58,99.55,100.04
1994-08-01,98.5,99.43,98.3,99.33
1994-08-02,99.3,100.45,99.2,100.38
1994-08-03,100.36,100.8,100.05,100.23
1994-08-04,100.11,100.58,99.75,100.57
1994-08-05,100.53,100.85,100.05,100.2
1994-08-08,100.11,101.77,100.05,101.45
1994-08-09,101.41,101.56,101.0,101.15
1994-08-10,101.2,101.5,100.9,101.32
1994-08-11,101.4,101.44,100.0,100.14
1994-08-12,100.12,100.43,99.6,100.1
1994-08-15,100.01,100.36,99.98,100.11
1994-08-16,100.1,100.71,99.9,100.56
1994-08-17,100.63,101.0,100.0,100.08
1994-08-18,100.02,100.11,98.45,98.65
1994-08-19,98.67,98.85,98.05,98.65
1994-08-22,98.6,98.7,97.65,97.83
1994-08-23,97.86,98.6,97.63,97.84
1994-08-24,97.82,99.08,97.5,99.05
1994-08-25,99.05,99.8,98.9,99.58
1994-08-26,99.63,100.78,99.05,100.38
1994-08-29,100.22,100.6,99.85,99.99
1994-08-30,99.95,100.09,99.42,99.53
1994-08-31,99.51,100.25,99.33,100.05
1994-09-01,100.15,100.28,99.45,99.69
1994-09-02,99.65,100.2,98.95,99.1
1994-09-05,99.21,99.37,98.7,99.26
1994-09-06,99.15,99.19,98.45,98.7
1994-09-07,98.74,99.68,98.72,99.37
1994-09-08,99.28,99.68,99.02,99.55
1994-09-09,99.49,99.64,99.0,99.15
1994-09-12,99.15,99.25,98.7,99.21
1994-09-13,99.15,99.2,98.5,98.75
1994-09-14,98.71,99.22,98.3,99.15
1994-09-15,99.15,99.47,99.1,99.41
1994-09-16,99.41,99.45,98.5,98.9
1994-09-19,98.88,98.88,98.34,98.5
1994-09-20,98.6,98.65,97.52,97.68
1994-09-21,97.69,98.08,97.5,97.78
1994-09-22,97.83,98.2,97.8,98.04
1994-09-23,98.07,98.1,97.55,97.85
1994-09-26,97.75,98.86,97.58,98.71
1994-09-27,98.65,98.7,97.9,97.94
1994-09-28,97.95,99.1,97.75,98.95
1994-09-29,98.85,98.86,98.3,98.54
1994-09-30,98.61,99.3,98.3,99.2
1994-10-03,98.69,100.1,98.3,99.57
1994-10-04,99.57,99.88,99.1,99.55
1994-10-05,99.47,99.73,99.2,99.56
1994-10-06,99.59,99.87,99.4,99.85
1994-10-07,99.81,100.75,99.68,100.58
1994-10-10,100.67,100.75,100.25,100.34
1994-10-11,100.33,100.65,100.12,100.24
1994-10-12,100.22,100.32,99.64,99.72
1994-10-13,99.8,100.2,99.3,99.32
1994-10-14,99.25,99.41,98.0,98.21
1994-10-17,98.28,98.52,97.2,97.71
1994-10-18,97.89,98.3,97.55,97.65
1994-10-19,97.69,97.75,96.7,97.35
1994-10-20,97.31,97.7,96.9,96.95
1994-10-21,96.92,97.55,96.5,97.15
1994-10-24,97.24,97.52,96.97,97.02
1994-10-25,97.07,97.16,96.35,96.95
1994-10-26,97.0,97.32,96.75,96.77
1994-10-27,96.77,97.12,96.55,97.12
1994-10-28,97.1,97.55,96.75,97.33
1994-10-31,97.39,97.5,96.7,96.89
1994-11-01,96.9,96.98,96.4,96.64
1994-11-02,96.56,98.0,96.0,97.6
1994-11-03,97.5,98.25,97.23,97.7
1994-11-04,97.7,98.07,97.45,97.45
1994-11-07,97.41,97.42,97.0,97.3
1994-11-08,97.34,97.36,96.77,97.1
1994-11-09,97.08,98.02,96.75,97.75
1994-11-10,97.75,98.2,97.5,97.71
1994-11-11,97.68,97.8,97.4,97.7
1994-11-14,97.66,98.49,97.6,98.2
1994-11-15,98.25,98.77,98.0,98.73
1994-11-16,98.7,98.74,98.18,98.33
1994-11-17,98.29,98.34,98.0,98.31
1994-11-18,98.3,98.67,98.17,98.52
1994-11-21,98.6,98.77,98.2,98.34
1994-11-22,98.25,98.4,97.8,98.3
1994-11-23,98.25,98.52,97.85,98.43
1994-11-24,98.45,98.5,98.28,98.43
1994-11-25,98.45,98.8,98.25,98.75
1994-11-28,98.72,98.95,98.4,98.55
1994-11-29,98.71,99.0,98.38,98.95
1994-11-30,98.98,99.19,98.77,98.9
1994-12-01,98.94,99.45,98.75,99.29
1994-12-02,99.35,100.62,99.2,100.5
1994-12-05,100.46,100.73,100.2,100.38
1994-12-06,100.32,100.48,99.9,100.03
1994-12-07,100.07,100.22,99.55,99.91
1994-12-08,99.94,100.64,99.8,100.49
1994-12-09,100.52,100.65,99.95,100.1
1994-12-12,100.13,100.32,99.75,99.95
1994-12-13,99.92,100.45,99.78,100.25
1994-12-14,100.3,100.52,100.2,100.27
1994-12-15,100.28,100.42,100.08,100.35
1994-12-16,100.3,100.38,100.02,100.2
1994-12-19,100.25,100.4,100.05,100.11
1994-12-20,100.09,100.33,100.05,100.17
1994-12-21,100.2,100.45,100.05,100.43
1994-12-22,100.54,100.6,100.1,100.2
1994-12-23,100.12,100.29,100.05,100.07
1994-12-26,100.1,100.37,100.05,100.05
1994-12-27,100.2,100.5,100.2,100.3
1994-12-28,100.31,100.52,98.6,99.25
1994-12-29,99.25,100.03,99.2,99.6
1994-12-30,99.63,99.94,99.44,99.7
1995-01-02,99.55,100.4,99.55,100.14
1995-01-03,100.21,100.68,100.0,100.65
1995-01-04,100.65,101.45,100.55,101.31
1995-01-05,101.31,101.35,100.75,100.9
1995-01-06,100.85,101.39,100.8,101.3
1995-01-09,101.25,101.35,99.6,99.92
1995-01-10,99.96,100.43,99.8,100.06
1995-01-11,100.0,100.2,99.45,99.99
1995-01-12,100.06,100.18,98.57,98.62
1995-01-13,98.7,99.07,98.25,98.55
1995-01-16,98.56,98.8,97.97,98.4
1995-01-17,98.39,99.28,98.39,99.11
1995-01-18,99.05,99.75,98.75,99.69
1995-01-19,99.55,100.02,98.6,99.06
1995-01-20,99.1,99.65,98.94,99.37
1995-01-23,99.38,100.21,99.3,99.73
1995-01-24,99.78,99.87,99.15,99.73
1995-01-25,99.68,99.78,99.12,99.5
1995-01-26,99.49,99.68,99.15,99.38
1995-01-27,99.39,99.63,99.0,99.37
1995-01-30,99.34,99.35,98.1,98.4
1995-01-31,98.41,99.75,98.35,99.55
1995-02-01,99.53,99.63,98.8,99.19
1995-02-02,99.21,99.75,99.0,99.4
1995-02-03,99.4,99.85,99.17,99.8
1995-02-06,99.72,99.72,99.05,99.32
1995-02-07,99.35,99.5,99.03,99.46
1995-02-08,99.43,99.46,98.65,98.91
1995-02-09,98.91,99.13,98.6,98.88
1995-02-10,98.85,99.35,98.6,98.91
1995-02-13,98.75,98.88,98.45,98.7
1995-02-14,98.7,99.02,98.35,98.52
1995-02-15,98.5,98.69,98.12,98.3
1995-02-16,98.32,98.35,97.24,97.4
1995-02-17,97.5,97.7,96.9,97.27
1995-02-20,97.08,97.33,96.7,97.3
1995-02-21,97.27,97.63,96.98,97.05
1995-02-22,97.07,97.43,96.7,96.96
1995-02-23,96.96,97.2,96.55,96.7
1995-02-24,96.67,97.4,96.3,96.95
1995-02-27,97.33,97.5,96.5,97.05
1995-02-28,97.1,97.16,96.5,96.72
1995-03-01,96.63,96.9,96.25,96.7
1995-03-02,96.75,96.95,94.85,95.25
1995-03-03,95.25,95.58,93.65,94.1
1995-03-06,93.87,93.98,92.4,92.83
1995-03-07,92.83,93.0,88.95,90.15
1995-03-08,90.2,91.86,88.6,91.28
1995-03-09,91.45,92.45,90.08,90.7
1995-03-10,91.07,91.8,90.55,90.9
1995-03-13,90.68,91.01,89.8,90.71
1995-03-14,90.77,91.46,90.55,90.85
1995-03-15,90.77,90.78,89.25,89.43
1995-03-16,89.46,90.4,89.0,90.19
1995-03-17,90.25,90.32,88.8,89.1
1995-03-20,88.81,89.87,88.55,89.33
1995-03-21,89.31,89.43,88.3,89.17
1995-03-22,89.3,89.35,88.6,89.02
1995-03-23,88.95,89.03,87.95,88.13
1995-03-24,88.15,89.25,88.05,88.95
1995-03-27,88.82,89.77,88.51,89.36
1995-03-28,89.35,89.8,88.6,88.9
1995-03-29,88.87,89.1,87.95,88.33
1995-03-30,88.33,90.25,88.0,89.58
1995-03-31,89.55,89.85,86.1,86.6
1995-04-03,86.52,87.23,85.75,85.75
1995-04-04,85.72,86.7,85.65,86.1
1995-04-05,86.12,86.65,85.58,86.15
1995-04-06,86.14,86.4,84.8,84.85
1995-04-07,85.04,85.4,83.53,83.9
1995-04-10,84.15,84.4,80.1,83.9
1995-04-11,83.98,84.88,83.23,83.49
1995-04-12,83.5,84.36,83.07,83.7
1995-04-13,83.78,83.78,82.8,83.65
1995-04-14,83.7,83.95,83.0,83.29
1995-04-17,82.8,82.85,81.5,81.9
1995-04-18,81.81,82.1,80.48,80.62
1995-04-19,80.6,81.65,79.7,81.32
1995-04-20,81.19,83.55,80.75,83.25
1995-04-21,83.09,84.0,82.45,82.52
1995-04-24,82.02,83.41,82.02,83.0
1995-04-25,83.0,83.65,81.5,81.85
1995-04-26,81.92,84.5,81.15,83.56
1995-04-27,83.75,83.92,83.07,83.7
1995-04-28,83.58,84.55,83.4,84.25
1995-05-01,84.24,84.36,83.25,83.46
1995-05-02,83.45,83.87,83.1,83.55
1995-05-03,83.45,83.85,82.9,83.67
1995-05-04,83.63,84.17,83.32,83.85
1995-05-05,83.85,84.35,83.63,83.95
1995-05-08,83.28,83.7,82.65,83.15
1995-05-09,83.17,83.63,82.83,83.31
1995-05-10,83.4,83.98,82.92,83.77
1995-05-11,83.77,86.13,83.55,85.7
1995-05-12,85.59,87.1,85.3,86.7
1995-05-15,86.9,87.58,86.25,86.41
1995-05-16,86.43,87.2,86.0,86.6
1995-05-17,86.5,86.95,86.08,86.85
1995-05-18,86.85,87.75,86.45,86.76
1995-05-19,86.66,87.05,86.35,86.86
1995-05-22,86.95,87.8,86.75,87.3
1995-05-23,87.33,87.6,86.85,87.12
1995-05-24,87.24,87.4,86.95,87.13
1995-05-25,87.25,87.3,84.6,84.8
1995-05-26,84.95,85.05,82.4,82.78
1995-05-29,82.55,83.3,81.77,82.82
1995-05-30,82.94,83.43,82.35,82.9
1995-05-31,83.0,85.35,82.5,84.54
1995-06-01,84.5,85.85,84.35,84.69
1995-06-02,84.5,85.12,83.38,84.3
1995-06-05,84.24,84.97,83.95,84.9
1995-06-06,85.0,85.3,84.6,84.72
1995-06-07,84.6,84.92,84.15,84.89
1995-06-08,84.8,85.18,84.53,84.54
1995-06-09,84.51,84.85,84.1,84.29
1995-06-12,84.3,84.5,83.82,84.03
1995-06-13,84.0,84.67,83.5,84.62
1995-06-14,84.74,85.05,84.11,84.32
1995-06-15,84.3,84.96,83.8,84.55
1995-06-16,84.5,84.77,84.28,84.67
1995-06-19,84.35,85.05,84.18,84.58
1995-06-20,84.6,84.76,84.3,84.5
1995-06-21,84.45,84.52,83.93,83.95
1995-06-22,83.92,84.73,83.8,84.46
1995-06-23,84.48,84.6,84.15,84.3
1995-06-26,84.14,84.5,84.0,84.26
1995-06-27,84.26,84.45,83.85,84.19
1995-06-28,84.18,86.05,83.5,85.53
1995-06-29,85.59,85.75,84.15,84.35
1995-06-30,84.35,85.05,84.3,84.6
1995-07-03,84.75,84.83,84.55,84.68
1995-07-04,84.65,84.88,84.45,84.76
1995-07-05,84.79,85.05,84.68,84.85
1995-07-06,84.82,85.26,84.75,84.95
1995-07-07,84.92,87.1,84.92,86.7
1995-07-10,86.75,87.55,86.65,86.88
1995-07-11,86.88,87.6,86.84,87.55
1995-07-12,87.58,88.0,87.2,87.25
1995-07-13,87.33,88.45,87.0,87.29
1995-07-14,87.35,88.01,87.07,87.8
1995-07-17,87.98,89.2,87.95,89.05
1995-07-18,89.02,89.14,88.1,88.32
1995-07-19,88.41,88.55,86.8,87.28
1995-07-20,87.25,88.18,87.1,88.09
1995-07-21,88.1,89.0,88.03,88.47
1995-07-24,88.64,88.85,87.25,87.62
1995-07-25,87.59,88.04,87.05,87.97
1995-07-26,87.88,88.3,87.5,87.9
1995-07-27,87.9,88.12,87.6,88.11
1995-07-28,88.13,88.57,87.85,88.1
1995-07-31,88.2,88.5,87.75,88.43
1995-08-01,88.42,88.55,87.75,88.07
1995-08-02,87.98,91.22,87.98,91.13
1995-08-03,91.05,91.24,90.2,90.31
1995-08-04,90.42,91.45,90.4,91.35
1995-08-07,91.45,91.6,90.87,91.38
1995-08-08,91.41,91.87,91.0,91.49
1995-08-09,91.49,91.81,91.18,91.58
1995-08-10,91.58,92.95,91.45,92.72
1995-08-11,92.6,94.01,92.6,93.95
1995-08-14,94.24,94.42,93.18,93.6
1995-08-15,93.63,97.35,93.2,97.2
1995-08-16,97.3,99.0,97.18,98.05
1995-08-17,97.94,98.45,96.35,97.15
1995-08-18,97.3,98.05,96.5,97.4
1995-08-21,97.39,97.68,96.0,97.16
1995-08-22,97.08,97.17,96.29,96.88
1995-08-23,96.95,97.36,96.12,96.47
1995-08-24,96.48,97.4,95.93,96.65
1995-08-25,96.67,97.0,96.24,96.65
1995-08-28,96.6,96.77,96.1,96.73
1995-08-29,96.72,98.22,96.5,98.18
1995-08-30,98.2,99.25,97.96,99.05
1995-08-31,99.13,99.39,96.75,97.45
1995-09-01,97.36,97.93,97.14,97.35
1995-09-04,97.3,97.77,96.77,97.6
1995-09-05,97.67,98.3,97.4,97.64
1995-09-06,97.62,99.2,97.62,98.85
1995-09-07,98.9,99.31,98.06,99.05
1995-09-08,99.13,100.21,98.5,99.7
1995-09-11,99.5,99.99,99.04,99.97
1995-09-12,99.98,101.3,99.9,101.05
1995-09-13,101.01,102.78,100.7,102.66
1995-09-14,102.62,103.75,102.2,102.3
1995-09-15,102.39,104.18,102.37,104.1
1995-09-18,104.24,104.47,103.09,103.09
1995-09-19,103.41,104.7,102.95,104.45
1995-09-20,104.5,104.67,102.35,102.5
1995-09-21,102.65,102.96,97.1,99.0
1995-09-22,98.8,100.95,98.04,100.05
1995-09-25,100.36,101.48,99.22,100.5
1995-09-26,100.48,101.17,99.55,100.93
1995-09-27,100.94,100.96,99.65,100.4
1995-09-28,100.53,100.63,99.0,99.14
1995-09-29,99.11,99.9,97.4,99.8
1995-10-02,99.7,100.75,99.7,100.3
1995-10-03,100.25,101.7,100.05,101.55
1995-10-04,101.6,101.75,100.5,100.82
1995-10-05,100.7,100.95,99.2,99.64
1995-10-06,99.63,100.9,99.6,100.4
1995-10-09,100.93,101.4,99.68,100.4
1995-10-10,100.38,101.0,100.0,100.88
1995-10-11,100.8,101.17,100.45,101.05
1995-10-12,101.07,101.23,99.9,100.13
1995-10-13,100.2,100.98,99.93,100.94
1995-10-16,100.85,100.9,100.15,100.65
1995-10-17,100.61,100.75,100.15,100.3
1995-10-18,100.3,101.0,99.4,100.73
1995-10-19,100.7,100.93,100.27,100.3
1995-10-20,100.32,100.77,99.9,100.25
1995-10-23,100.2,100.2,99.35,99.92
1995-10-24,99.94,100.55,99.55,100.45
1995-10-25,100.46,101.58,100.2,101.1
1995-10-26,101.25,101.95,101.0,101.35
1995-10-27,101.4,101.85,100.57,101.81
1995-10-30,101.78,102.2,101.45,101.93
1995-10-31,101.91,102.45,101.23,102.0
1995-11-01,101.98,103.25,101.8,103.2
1995-11-02,103.21,104.07,103.12,104.0
1995-11-03,104.0,104.1,103.37,103.8
1995-11-06,103.98,104.03,102.65,103.3
1995-11-07,103.28,103.38,102.75,102.95
1995-11-08,102.97,103.23,101.85,102.57
1995-11-09,102.54,102.6,99.7,100.37
1995-11-10,100.38,101.06,99.8,100.83
1995-11-13,100.82,102.3,100.08,101.8
1995-11-14,101.87,102.18,101.25,101.65
1995-11-15,101.5,101.59,100.65,101.46
1995-11-16,101.44,102.42,101.2,102.04
1995-11-17,102.01,102.33,101.05,102.1
1995-11-20,102.12,102.79,100.95,101.15
1995-11-21,101.2,101.8,101.1,101.5
1995-11-22,101.43,101.7,100.4,100.85
1995-11-23,100.87,100.87,100.45,100.68
1995-11-24,100.73,101.56,100.6,101.45
1995-11-27,101.63,101.95,101.2,101.71
1995-11-28,101.7,101.9,100.83,101.2
1995-11-29,101.27,101.67,100.95,101.5
1995-11-30,101.58,102.25,101.15,102.13
1995-12-01,102.08,102.2,101.05,101.1
1995-12-04,101.26,101.45,100.5,101.29
1995-12-05,101.29,101.51,101.05,101.25
1995-12-06,101.23,101.6,101.07,101.54
1995-12-07,101.53,101.65,101.05,101.4
1995-12-08,101.3,101.58,100.7,101.2
1995-12-11,101.13,101.2,100.7,101.1
1995-12-12,101.15,101.9,101.0,101.79
1995-12-13,101.74,101.85,101.45,101.65
1995-12-14,101.66,101.83,101.2,101.5
1995-12-15,101.45,102.25,101.33,102.0
1995-12-18,101.96,102.0,101.4,101.43
1995-12-19,101.45,101.97,101.3,101.95
1995-12-20,101.95,102.15,101.65,101.7
1995-12-21,101.7,101.95,101.68,101.78
1995-12-22,101.78,102.82,101.72,102.27
1995-12-25,101.95,102.52,101.95,102.25
1995-12-26,102.35,102.8,102.2,102.27
1995-12-27,102.28,102.88,102.25,102.85
1995-12-28,102.8,102.96,102.3,102.65
1995-12-29,102.62,103.49,102.54,103.35
1996-01-02,103.46,104.01,103.12,103.92
1996-01-03,103.94,104.83,103.83,104.85
1996-01-04,104.91,106.53,104.6,105.18
1996-01-05,105.25,105.45,104.28,105.36
1996-01-08,105.6,105.79,105.11,105.15
1996-01-09,105.13,105.39,104.6,104.4
1996-01-10,104.57,105.33,104.04,104.77
1996-01-11,104.85,104.93,104.32,104.8
1996-01-12,104.89,105.73,104.73,105.2
1996-01-15,105.26,105.52,104.88,105.26
1996-01-16,105.32,105.98,105.28,105.96
1996-01-17,106.05,106.29,105.26,105.7
1996-01-18,105.69,105.71,105.04,105.55
1996-01-19,105.55,106.01,105.28,105.32
1996-01-22,105.32,106.24,105.29,105.73
1996-01-23,105.78,106.0,105.45,105.84
1996-01-24,105.94,107.11,105.9,106.95
1996-01-25,107.0,107.55,106.28,106.88
1996-01-26,107.02,107.15,106.27,106.6
1996-01-29,106.66,107.07,106.4,106.75
1996-01-30,106.66,107.46,106.59,107.22
1996-01-31,107.35,107.61,106.77,107.05
1996-02-01,107.03,107.38,106.5,106.7
1996-02-02,106.75,107.24,106.3,106.4
1996-02-05,106.39,106.57,104.84,105.19
1996-02-06,105.18,105.62,104.97,105.1
1996-02-07,105.05,106.25,104.65,106.07
1996-02-08,106.16,107.15,105.95,107.05
1996-02-09,107.08,107.45,106.55,106.98
1996-02-12,107.08,107.16,106.41,106.84
1996-02-13,106.87,107.08,106.56,106.75
1996-02-14,106.73,106.95,106.35,106.24
1996-02-15,106.22,106.43,105.51,105.5
1996-02-16,105.65,106.0,104.83,105.15
1996-02-19,105.09,105.22,103.56,104.01
1996-02-20,103.99,106.6,103.94,105.62
1996-02-21,105.79,106.05,104.75,104.85
1996-02-22,104.96,105.66,104.63,105.0
1996-02-23,105.05,105.4,104.44,104.8
1996-02-26,104.89,105.03,104.11,104.31
1996-02-27,104.37,104.85,103.35,104.31
1996-02-28,104.42,104.65,103.85,104.55
1996-02-29,104.61,105.37,104.51,105.25
1996-03-01,105.24,105.88,105.1,105.32
1996-03-04,105.3,105.45,104.88,105.26
1996-03-05,105.26,105.54,104.92,105.2
1996-03-06,105.2,105.54,105.08,105.4
1996-03-07,105.43,105.71,105.14,105.3
1996-03-08,105.33,106.07,105.27,105.72
1996-03-11,106.15,106.44,104.99,105.41
1996-03-12,105.53,105.99,105.27,105.28
1996-03-13,105.26,105.55,105.12,105.12
1996-03-14,105.13,105.62,105.1,105.52
1996-03-15,105.47,106.0,105.39,105.76
1996-03-18,105.93,106.17,105.68,106.07
1996-03-19,106.07,106.48,105.93,106.13
1996-03-20,106.2,106.71,106.05,106.4
1996-03-21,106.45,106.87,106.28,106.8
1996-03-22,106.82,107.23,106.63,106.8
1996-03-25,106.61,106.72,105.94,106.14
1996-03-26,106.15,106.7,105.96,106.41
1996-03-27,106.46,106.95,106.35,106.56
1996-03-28,106.6,106.79,106.15,106.23
1996-03-29,106.25,107.19,106.07,107.17
1996-04-01,107.32,107.73,107.27,107.61
1996-04-02,107.56,107.67,107.13,107.55
1996-04-03,107.59,108.01,106.62,106.96
1996-04-04,107.0,107.2,106.85,107.02
1996-04-05,107.06,107.7,107.06,107.63
1996-04-08,107.73,107.77,107.2,107.71
1996-04-09,107.75,108.33,107.6,108.29
1996-04-10,108.33,108.7,108.15,108.33
1996-04-11,108.4,108.93,108.29,108.57
1996-04-12,108.62,109.03,108.29,108.62
1996-04-15,108.73,108.92,108.25,108.5
1996-04-16,108.54,108.57,108.03,108.1
1996-04-17,108.14,108.57,108.05,108.15
1996-04-18,108.18,108.27,106.24,106.7
1996-04-19,106.78,107.34,106.6,107.3
1996-04-22,107.49,107.6,106.42,106.69
1996-04-23,106.77,106.99,106.27,106.73
1996-04-24,106.74,107.04,106.32,106.5
1996-04-25,106.55,107.2,106.35,106.72
1996-04-26,106.74,106.87,105.17,105.4
1996-04-29,105.4,105.7,103.8,104.85
1996-04-30,104.95,105.25,104.03,105.0
1996-05-01,105.04,105.51,104.95,105.33
1996-05-02,105.34,105.68,104.38,104.31
1996-05-03,104.4,105.25,104.2,105.0
1996-05-06,104.97,105.3,104.6,104.92
1996-05-07,104.87,105.26,104.73,105.2
1996-05-08,105.27,105.68,105.09,105.12
1996-05-09,105.13,105.23,104.55,104.5
1996-05-10,104.67,105.54,104.6,105.45
1996-05-13,105.34,105.56,104.78,105.0
1996-05-14,105.1,106.04,104.8,105.8
1996-05-15,105.92,106.99,105.75,106.85
1996-05-16,106.89,106.96,106.43,106.52
1996-05-17,106.53,107.15,106.3,106.77
1996-05-20,106.68,107.45,106.67,107.05
1996-05-21,107.12,107.18,106.65,107.15
1996-05-22,107.18,107.55,106.85,107.09
1996-05-23,107.1,107.14,106.6,106.87
1996-05-24,106.89,108.05,106.85,107.85
1996-05-27,107.93,108.0,107.59,107.83
1996-05-28,107.89,108.91,107.78,108.82
1996-05-29,108.82,109.1,108.32,108.1
1996-05-30,108.14,108.3,106.72,107.72
1996-05-31,107.66,108.68,107.63,108.04
1996-06-03,108.02,108.5,107.4,108.41
1996-06-04,108.38,109.4,108.2,108.8
1996-06-05,108.68,109.16,108.5,109.03
1996-06-06,109.04,109.54,108.73,109.07
1996-06-07,109.09,109.41,108.45,109.27
1996-06-10,109.23,109.58,108.85,109.05
1996-06-11,109.07,109.55,108.81,109.49
1996-06-12,109.54,109.81,109.0,108.92
1996-06-13,108.95,109.31,108.48,108.65
1996-06-14,108.67,109.12,107.9,109.18
1996-06-17,109.16,109.25,108.74,109.0
1996-06-18,109.06,109.18,107.65,107.75
1996-06-19,107.81,108.36,107.69,107.96
1996-06-20,107.99,108.29,107.64,108.16
1996-06-21,108.24,109.27,108.15,109.12
1996-06-24,108.9,109.29,108.67,108.89
1996-06-25,108.87,109.18,108.85,108.88
1996-06-26,108.85,109.72,108.85,109.51
1996-06-27,109.56,109.66,108.8,109.05
1996-06-28,109.2,110.06,109.18,109.7
1996-07-01,109.79,109.88,109.51,109.65
1996-07-02,109.7,110.33,109.64,110.31
1996-07-03,110.3,110.74,110.14,110.25
1996-07-04,110.3,110.5,109.93,110.37
1996-07-05,110.43,110.95,110.39,110.77
1996-07-08,110.86,111.22,110.71,110.79
1996-07-09,110.84,110.94,110.08,110.4
1996-07-10,110.45,110.72,109.94,110.35
1996-07-11,110.38,110.61,110.1,110.25
1996-07-12,110.21,110.97,109.98,110.87
1996-07-15,110.59,110.92,110.25,110.23
1996-07-16,110.25,110.38,108.24,109.32
1996-07-17,109.21,109.61,108.52,108.6
1996-07-18,108.68,108.91,107.78,108.35
1996-07-19,108.38,108.71,107.84,107.79
1996-07-22,107.97,108.38,107.16,107.4
1996-07-23,107.48,108.13,106.93,107.8
1996-07-24,107.85,108.51,107.66,108.4
1996-07-25,108.42,108.62,107.72,108.21
1996-07-26,108.2,108.89,108.04,108.3
1996-07-29,108.35,108.66,108.09,108.16
1996-07-30,108.17,108.29,107.73,107.93
1996-07-31,107.94,108.1,106.33,106.8
1996-08-01,106.87,107.5,106.37,107.06
1996-08-02,107.04,107.4,106.69,106.78
1996-08-05,106.89,107.07,106.44,106.53
1996-08-06,106.63,107.3,106.44,106.78
1996-08-07,106.76,108.04,106.7,107.99
1996-08-08,108.02,108.35,107.73,108.23
1996-08-09,108.29,108.43,107.86,108.19
1996-08-12,108.16,108.29,107.51,107.65
1996-08-13,107.65,107.79,107.44,107.63
1996-08-14,107.62,108.1,107.57,108.08
1996-08-15,108.1,108.21,107.77,107.8
1996-08-16,107.84,108.01,107.56,107.69
1996-08-19,107.7,108.14,107.65,107.8
1996-08-20,107.83,108.48,107.8,108.29
1996-08-21,108.34,108.63,108.14,108.45
1996-08-22,108.45,108.74,108.13,108.25
1996-08-23,108.31,108.62,107.88,108.09
1996-08-26,108.07,108.24,107.53,107.69
1996-08-27,107.74,108.04,107.44,107.65
1996-08-28,107.76,108.6,107.64,108.42
1996-08-29,108.46,108.66,108.19,108.35
1996-08-30,108.41,108.97,108.17,108.92
1996-09-02,108.98,109.25,108.79,109.1
1996-09-03,109.14,109.5,109.03,109.23
1996-09-04,109.26,109.36,108.64,108.78
1996-09-05,108.81,109.35,108.72,109.2
1996-09-06,109.21,109.56,109.05,109.2
1996-09-09,109.19,109.39,108.85,109.23
1996-09-10,109.23,110.03,109.15,109.72
1996-09-11,109.78,110.45,109.75,110.23
1996-09-12,110.29,110.35,109.85,110.14
1996-09-13,110.07,110.58,109.95,110.37
1996-09-16,110.44,110.64,110.03,110.16
1996-09-17,110.15,110.47,109.93,110.25
1996-09-18,110.28,110.43,108.84,109.14
1996-09-19,109.17,109.51,109.03,109.41
1996-09-20,109.47,110.06,109.44,109.98
1996-09-23,109.98,110.09,109.74,109.9
1996-09-24,109.97,110.02,109.27,109.19
1996-09-25,109.24,110.55,109.23,110.38
1996-09-26,110.4,110.75,110.24,110.65
1996-09-27,110.63,110.99,110.38,110.81
1996-09-30,110.86,111.72,110.82,111.36
1996-10-01,111.35,111.5,110.83,111.44
1996-10-02,111.52,112.13,111.44,111.85
1996-10-03,111.89,112.03,111.31,111.42
1996-10-04,111.42,111.89,111.38,111.83
1996-10-07,111.82,112.0,111.1,111.09
1996-10-08,111.22,111.59,110.95,111.65
1996-10-09,111.61,111.82,111.23,111.55
1996-10-10,111.46,111.49,111.07,111.15
1996-10-11,111.19,111.82,110.89,111.52
1996-10-14,111.66,111.94,111.5,111.64
1996-10-15,111.67,112.51,111.65,112.22
1996-10-16,112.24,112.38,112.0,112.25
1996-10-17,112.27,112.39,111.81,112.2
1996-10-18,112.21,112.78,112.05,112.4
1996-10-21,112.44,112.96,112.43,112.7
1996-10-22,112.68,112.94,112.26,112.34
1996-10-23,112.28,113.21,111.99,112.9
1996-10-24,112.88,113.07,112.6,112.84
1996-10-25,112.83,113.65,112.79,113.4
1996-10-28,113.38,114.45,113.34,114.2
1996-10-29,114.25,114.94,113.55,114.3
1996-10-30,114.35,114.53,113.88,114.13
1996-10-31,114.0,114.18,113.24,114.0
1996-11-01,114.07,114.26,112.92,113.33
1996-11-04,113.15,114.02,113.0,113.78
1996-11-05,113.92,114.35,113.5,114.22
1996-11-06,114.26,114.71,113.66,114.0
1996-11-07,113.97,114.06,111.3,112.15
1996-11-08,112.18,112.31,111.63,111.73
1996-11-11,111.56,112.0,110.97,111.09
1996-11-12,111.12,111.81,110.77,111.45
1996-11-13,111.45,111.9,111.22,111.7
1996-11-14,111.78,112.0,111.16,111.5
1996-11-15,111.3,111.64,110.6,110.98
1996-11-18,111.06,111.68,110.69,111.48
1996-11-19,111.43,111.9,111.26,111.6
1996-11-20,111.64,111.77,110.92,111.51
1996-11-21,111.58,111.91,111.24,111.25
1996-11-22,111.31,111.71,111.07,111.41
1996-11-25,111.43,112.78,111.37,112.65
1996-11-26,112.7,112.88,112.32,112.5
1996-11-27,112.4,113.46,112.27,113.2
1996-11-28,113.2,113.89,113.1,113.68
1996-11-29,113.7,113.97,113.32,113.85
1996-12-02,113.82,114.48,113.53,114.55
1996-12-03,114.56,114.73,113.22,113.25
1996-12-04,113.34,113.6,112.95,113.13
1996-12-05,113.07,113.35,112.09,112.35
1996-12-06,112.29,113.03,111.77,112.86
1996-12-09,112.99,113.5,112.84,113.45
1996-12-10,113.46,113.74,113.0,113.41
1996-12-11,113.4,113.4,112.66,112.93
1996-12-12,112.91,113.61,112.35,113.15
1996-12-13,113.18,114.03,112.68,113.9
1996-12-16,113.98,114.33,113.65,113.83
1996-12-17,113.84,114.28,113.46,113.85
1996-12-18,113.85,113.89,113.29,113.66
1996-12-19,113.68,114.3,113.35,113.98
1996-12-20,114.07,114.44,114.04,114.25
1996-12-23,114.24,114.46,113.88,114.05
1996-12-24,114.07,114.55,114.07,114.36
1996-12-25,114.48,114.7,114.35,114.6
1996-12-26,114.72,115.12,114.45,114.9
1996-12-27,114.91,116.25,114.75,115.25
1996-12-30,115.49,116.21,115.43,116.08
1996-12-31,116.2,116.45,115.6,115.9
1997-01-02,115.9,116.25,115.36,115.6
1997-01-03,115.7,116.57,115.4,116.28
1997-01-06,116.73,117.03,115.42,115.75
1997-01-07,115.75,116.07,114.87,115.25
1997-01-08,115.26,116.15,114.95,115.73
1997-01-09,115.87,116.5,115.68,116.36
1997-01-10,116.38,116.72,115.28,116.05
1997-01-13,116.09,116.58,115.9,116.45
1997-01-14,116.35,117.08,116.23,116.86
1997-01-15,116.95,117.52,116.83,116.85
1997-01-16,116.79,117.36,116.3,116.48
1997-01-17,116.57,117.42,116.52,117.3
1997-01-20,117.37,118.32,117.25,117.98
1997-01-21,117.93,118.29,117.68,117.9
1997-01-22,118.05,119.24,117.9,118.96
1997-01-23,118.98,119.87,118.73,119.31
1997-01-24,119.31,120.19,118.34,118.9
1997-01-27,119.11,119.62,118.93,119.5
1997-01-28,119.53,121.68,119.53,121.05
1997-01-29,120.97,122.84,120.88,122.16
1997-01-30,122.07,122.66,120.89,121.78
1997-01-31,121.78,122.36,120.99,121.4
1997-02-03,121.17,122.28,121.07,121.64
1997-02-04,121.7,122.48,121.6,122.43
1997-02-05,122.48,123.85,122.47,123.35
1997-02-06,123.47,124.2,122.7,123.73
1997-02-07,123.8,124.76,122.45,122.9
1997-02-10,121.19,123.34,121.05,122.75
1997-02-11,122.79,123.39,122.65,123.3
1997-02-12,123.27,124.52,123.27,124.22
1997-02-13,124.32,124.7,123.8,124.35
1997-02-14,124.25,124.87,123.74,124.3
1997-02-17,124.44,124.72,123.99,124.3
1997-02-18,124.5,124.74,123.77,123.85
1997-02-19,124.0,124.49,123.41,124.43
1997-02-20,124.54,124.67,122.45,122.42
1997-02-21,122.66,123.55,122.43,123.25
1997-02-24,123.15,123.42,121.55,122.18
1997-02-25,122.26,122.42,121.63,121.6
1997-02-26,121.51,122.52,120.57,122.02
1997-02-27,122.16,122.38,120.33,120.62
1997-02-28,120.64,121.12,119.9,120.1
1997-03-03,120.45,121.37,119.93,121.24
1997-03-04,121.34,122.21,121.09,122.14
1997-03-05,122.13,122.34,121.2,121.1
1997-03-06,121.27,121.85,120.84,121.12
1997-03-07,121.04,122.16,120.99,121.9
1997-03-10,121.89,122.18,121.54,121.6
1997-03-11,121.65,122.13,121.2,121.8
1997-03-12,121.85,122.91,121.82,122.1
1997-03-13,122.32,123.41,121.95,123.4
1997-03-14,123.45,124.26,123.07,123.4
1997-03-17,123.32,123.82,123.22,123.7
1997-03-18,123.78,123.98,122.22,122.45
1997-03-19,122.54,123.42,122.45,122.75
1997-03-20,122.82,123.79,122.17,123.72
1997-03-21,123.74,123.77,122.32,122.75
1997-03-24,122.78,123.24,122.21,122.94
1997-03-25,122.99,124.27,122.85,123.74
1997-03-26,123.71,124.51,123.52,124.05
1997-03-27,124.1,124.4,123.25,123.61
1997-03-28,123.67,124.1,123.45,124.08
1997-03-31,124.13,124.21,123.48,123.75
1997-04-01,123.83,124.1,121.9,121.73
1997-04-02,121.96,123.28,121.9,123.25
1997-04-03,123.08,123.23,122.52,122.57
1997-04-04,122.62,124.35,122.43,124.27
1997-04-07,124.33,125.85,124.25,125.69
1997-04-08,125.75,126.59,125.35,126.29
1997-04-09,126.32,126.7,126.04,126.8
1997-04-10,126.88,127.2,125.56,125.65
1997-04-11,125.81,126.26,125.6,126.1
1997-04-14,126.13,126.6,125.82,126.55
1997-04-15,126.61,126.65,125.95,126.0
1997-04-16,126.03,126.36,125.54,125.8
1997-04-17,125.87,126.24,125.05,125.9
1997-04-18,126.02,126.21,125.63,125.8
1997-04-21,125.75,125.86,125.18,125.36
1997-04-22,125.35,126.39,125.32,126.3
1997-04-23,126.38,126.54,125.84,126.05
1997-04-24,126.07,126.42,125.77,126.1
1997-04-25,126.13,126.38,125.5,126.25
1997-04-28,126.17,127.12,126.17,126.85
1997-04-29,126.8,126.98,126.54,126.83
1997-04-30,126.87,127.17,126.61,127.08
1997-05-01,127.09,127.51,126.07,126.5
1997-05-02,126.5,127.02,126.44,126.65
1997-05-05,126.57,126.82,126.42,126.62
1997-05-06,126.69,126.86,125.17,125.37
1997-05-07,125.38,126.05,124.57,125.1
1997-05-08,125.22,125.38,123.42,123.65
1997-05-09,123.74,123.74,119.05,120.0
1997-05-12,119.79,119.79,117.55,119.35
1997-05-13,119.23,119.7,118.43,118.44
1997-05-14,118.44,119.2,117.38,116.9
1997-05-15,116.67,117.48,114.68,115.75
1997-05-16,115.92,117.08,114.84,115.75
1997-05-19,115.47,116.45,114.95,115.62
1997-05-20,115.72,115.72,111.93,112.65
1997-05-21,112.65,114.5,112.6,114.25
1997-05-22,114.17,116.37,114.0,116.05
1997-05-23,116.22,116.26,115.09,115.5
1997-05-26,116.1,116.75,115.66,116.23
1997-05-27,116.22,116.77,115.87,116.62
1997-05-28,116.57,117.05,115.14,115.65
1997-05-29,115.61,116.63,115.3,116.3
1997-05-30,116.41,116.83,115.83,116.15
1997-06-02,116.11,116.82,115.85,116.6
1997-06-03,116.69,116.93,115.65,116.0
1997-06-04,116.08,116.54,115.9,116.35
1997-06-05,116.3,116.32,115.43,115.6
1997-06-06,115.51,116.06,114.35,114.2
1997-06-09,114.21,114.21,112.0,112.95
1997-06-10,113.02,113.22,112.02,112.25
1997-06-11,112.15,112.55,110.57,111.3
1997-06-12,111.2,115.75,111.18,114.25
1997-06-13,114.19,114.98,114.0,114.84
1997-06-16,114.69,114.9,113.2,113.18
1997-06-17,113.21,113.83,112.87,113.2
1997-06-18,113.18,113.73,112.8,113.5
1997-06-19,113.63,114.35,113.1,114.2
1997-06-20,114.13,114.98,114.06,114.9
1997-06-23,115.24,115.72,114.83,114.73
1997-06-24,114.69,114.98,114.05,114.8
1997-06-25,114.8,114.86,113.25,113.75
1997-06-26,113.88,114.31,113.04,113.15
1997-06-27,113.2,114.75,113.04,114.55
1997-06-30,114.57,114.73,114.14,114.55
1997-07-01,114.64,115.35,114.5,114.85
1997-07-02,114.94,114.98,114.14,114.4
1997-07-03,114.51,114.7,113.33,113.61
1997-07-04,113.51,114.5,113.0,114.2
1997-07-07,114.18,114.19,111.94,112.7
1997-07-08,112.53,113.46,112.32,113.23
1997-07-09,112.9,113.35,112.35,112.71
1997-07-10,112.67,113.3,112.37,113.1
1997-07-11,113.05,114.15,113.0,114.2
1997-07-14,114.15,114.29,113.33,113.78
1997-07-15,113.71,116.02,113.69,115.6
1997-07-16,115.57,116.51,115.23,115.55
1997-07-17,115.34,116.53,115.31,115.8
1997-07-18,115.78,116.28,115.18,115.45
1997-07-21,115.54,116.19,115.38,116.15
1997-07-22,116.14,116.55,115.03,115.1
1997-07-23,115.2,115.99,115.09,115.6
1997-07-24,115.68,116.04,115.6,116.02
1997-07-25,116.2,117.04,115.95,116.88
1997-07-28,116.94,117.88,116.85,117.8
1997-07-29,117.85,118.4,117.1,118.35
1997-07-30,118.34,119.0,118.1,118.15
1997-07-31,118.24,118.69,117.44,118.5
1997-08-01,118.6,119.24,117.85,118.4
1997-08-04,118.63,118.84,118.12,118.1
1997-08-05,118.1,119.42,117.97,119.2
1997-08-06,119.35,119.63,118.43,118.53
1997-08-07,118.66,118.9,117.82,118.38
1997-08-08,118.51,118.67,114.38,114.55
1997-08-11,114.73,116.39,114.69,116.1
1997-08-12,116.17,116.51,115.55,116.3
1997-08-13,116.4,116.83,115.34,115.7
1997-08-14,115.6,118.15,115.48,117.8
1997-08-15,118.1,118.74,116.82,117.35
1997-08-18,117.05,118.15,116.9,117.95
1997-08-19,118.17,118.47,117.88,118.2
1997-08-20,118.26,118.61,117.5,117.65
1997-08-21,117.66,118.08,117.17,117.14
1997-08-22,117.23,118.07,116.05,118.38
1997-08-25,118.1,118.87,117.9,118.7
1997-08-26,118.72,118.88,117.65,118.0
1997-08-27,118.06,119.25,118.05,118.72
1997-08-28,118.78,119.09,118.17,118.87
1997-08-29,118.93,121.29,118.82,120.85
1997-09-01,121.2,121.2,120.49,120.85
1997-09-02,120.69,121.83,120.3,121.47
1997-09-03,121.44,121.59,120.63,120.8
1997-09-04,120.77,121.46,120.2,121.05
1997-09-05,121.14,121.66,120.6,121.15
1997-09-08,121.18,121.25,120.72,121.1
1997-09-09,121.22,121.26,118.2,118.74
1997-09-10,118.67,119.67,118.63,119.07
1997-09-11,119.13,119.89,118.55,119.57
1997-09-12,119.64,121.7,119.52,120.95
1997-09-15,120.94,121.05,119.9,120.15
1997-09-16,120.13,120.8,119.98,121.22
1997-09-17,121.15,121.3,119.9,120.9
1997-09-18,120.66,122.35,120.59,121.8
1997-09-19,121.94,122.46,121.15,122.13
1997-09-22,121.83,123.09,121.63,121.81
1997-09-23,121.76,122.23,121.22,122.01
1997-09-24,122.06,122.48,119.28,120.25
1997-09-25,120.39,121.54,119.96,121.08
1997-09-26,121.14,121.35,120.37,121.15
1997-09-29,121.11,121.5,120.73,120.82
1997-09-30,120.85,121.59,120.28,120.5
1997-10-01,120.46,121.43,120.3,120.88
1997-10-02,121.01,121.95,120.72,121.7
1997-10-03,121.67,122.54,121.6,122.04
1997-10-06,121.84,122.07,121.63,121.9
1997-10-07,121.83,122.49,121.67,122.4
1997-10-08,122.39,122.53,120.8,121.1
1997-10-09,121.17,121.35,120.75,121.15
1997-10-10,121.13,121.3,119.59,120.05
1997-10-13,120.14,121.45,120.1,121.0
1997-10-14,121.04,121.52,120.93,121.66
1997-10-15,121.42,121.54,121.05,121.0
1997-10-16,121.03,121.21,119.6,119.67
1997-10-17,119.79,120.85,119.74,120.73
1997-10-20,120.7,121.57,120.52,121.1
1997-10-21,121.16,121.28,120.17,120.85
1997-10-22,120.88,121.13,120.49,120.75
1997-10-23,120.94,122.07,120.72,121.83
1997-10-24,121.89,122.43,120.87,122.08
1997-10-27,122.1,122.34,121.52,121.55
1997-10-28,121.9,122.03,118.72,120.53
1997-10-29,120.57,120.9,119.77,120.8
1997-10-30,120.84,120.89,119.85,119.99
1997-10-31,120.06,120.52,119.82,120.37
1997-11-03,120.44,121.31,119.9,121.42
1997-11-04,121.43,122.13,121.2,122.0
1997-11-05,121.94,123.26,121.8,123.06
1997-11-06,123.13,123.4,122.65,123.23
1997-11-07,123.34,124.34,123.12,124.3
1997-11-10,123.81,124.43,123.78,124.37
1997-11-11,124.42,125.36,124.22,124.8
1997-11-12,124.81,126.41,124.57,126.5
1997-11-13,126.47,126.65,124.89,125.76
1997-11-14,125.64,127.2,125.4,125.35
1997-11-17,125.7,126.62,124.2,125.55
1997-11-18,125.71,126.09,125.37,126.1
1997-11-19,126.15,127.48,126.03,127.01
1997-11-20,127.05,127.3,126.02,125.88
1997-11-21,125.88,126.45,124.89,126.47
1997-11-24,126.6,127.28,126.4,126.81
1997-11-25,126.87,128.05,126.35,127.26
1997-11-26,127.32,127.87,126.75,126.99
1997-11-27,127.14,127.32,126.77,126.9
1997-11-28,126.95,127.95,126.68,127.85
1997-12-01,127.68,129.36,127.62,128.55
1997-12-02,128.63,129.35,128.05,128.58
1997-12-03,128.67,129.01,128.26,128.76
1997-12-04,128.81,129.66,128.63,129.32
1997-12-05,129.37,130.56,128.93,130.22
1997-12-08,129.71,130.86,129.45,130.35
1997-12-09,130.51,130.65,129.5,129.71
1997-12-10,129.73,129.95,128.44,129.4
1997-12-11,129.4,130.21,128.59,129.79
1997-12-12,129.65,130.56,129.57,130.3
1997-12-15,130.35,131.6,130.3,130.83
1997-12-16,130.87,131.26,130.58,130.75
1997-12-17,130.74,131.56,125.78,127.0
1997-12-18,127.14,129.21,126.7,128.67
1997-12-19,128.6,129.86,128.24,129.23
1997-12-22,129.48,130.78,129.1,130.12
1997-12-23,130.18,130.62,129.42,129.23
1997-12-24,129.49,130.4,129.49,129.7
1997-12-25,129.75,130.27,129.75,130.0
1997-12-26,130.15,130.55,130.01,130.4
1997-12-29,130.18,130.32,129.51,129.32
1997-12-30,129.51,130.3,129.42,130.08
1997-12-31,130.09,130.64,129.77,130.61
1998-01-02,130.6,132.57,130.49,132.38
1998-01-05,132.31,134.1,131.93,133.55
1998-01-06,133.55,134.35,132.68,133.67
1998-01-07,133.95,134.44,131.07,131.52
1998-01-08,132.28,133.51,131.25,132.6
1998-01-09,132.65,132.67,130.53,131.98
1998-01-12,132.22,133.14,131.75,132.66
1998-01-13,132.69,133.0,131.26,131.4
1998-01-14,131.48,131.64,130.31,130.93
1998-01-15,130.95,131.0,129.69,129.81
1998-01-16,129.95,130.25,128.05,129.23
1998-01-19,128.81,129.51,127.51,129.0
1998-01-20,129.26,129.8,128.47,128.4
1998-01-21,128.32,128.93,126.93,126.99
1998-01-22,127.0,127.67,126.35,127.15
1998-01-23,127.28,127.63,125.47,125.55
1998-01-26,125.52,126.88,124.3,126.48
1998-01-27,126.6,126.81,125.43,125.33
1998-01-28,125.2,126.17,124.81,125.03
1998-01-29,125.03,125.95,124.63,125.8
1998-01-30,126.0,127.78,125.82,127.0
1998-02-02,126.55,127.0,126.14,126.4
1998-02-03,126.37,126.53,125.63,125.78
1998-02-04,125.91,126.04,123.45,123.68
1998-02-05,123.74,124.21,122.78,123.55
1998-02-06,123.56,124.51,123.5,123.85
1998-02-09,124.28,125.07,123.96,124.08
1998-02-10,124.19,124.47,123.02,123.22
1998-02-11,123.21,124.45,123.14,123.49
1998-02-12,123.59,124.62,122.4,124.66
1998-02-13,124.52,125.54,124.09,125.14
1998-02-16,125.34,126.39,125.34,125.87
1998-02-17,125.96,126.96,125.49,126.5
1998-02-18,126.61,126.76,125.63,126.4
1998-02-19,126.5,126.65,125.64,125.92
1998-02-20,126.05,128.03,125.88,127.78
1998-02-23,128.14,129.03,127.53,127.79
1998-02-24,128.03,128.36,127.59,127.93
1998-02-25,127.96,128.93,126.81,128.48
1998-02-26,128.37,128.98,127.3,127.17
1998-02-27,127.15,127.48,125.85,126.1
1998-03-02,126.17,126.25,124.75,125.48
1998-03-03,125.54,126.4,125.26,126.18
1998-03-04,126.19,126.9,125.31,126.7
1998-03-05,126.75,127.89,126.43,127.86
1998-03-06,127.71,128.45,126.93,127.66
1998-03-09,127.6,128.48,127.51,127.78
1998-03-10,127.76,127.87,127.2,127.4
1998-03-11,127.42,129.6,126.95,129.4
1998-03-12,129.35,129.71,128.7,129.08
1998-03-13,129.02,129.1,127.85,127.8
1998-03-16,127.98,129.81,127.65,129.57
1998-03-17,129.67,129.76,128.76,128.8
1998-03-18,128.87,130.64,128.73,130.02
1998-03-19,130.17,130.74,129.51,130.79
1998-03-20,130.7,131.32,128.95,130.4
1998-03-23,130.23,130.9,130.11,130.45
1998-03-24,130.47,130.82,129.7,130.27
1998-03-25,130.26,130.53,128.5,128.82
1998-03-26,128.96,129.47,128.26,128.41
1998-03-27,128.43,130.45,127.76,130.3
1998-03-30,130.08,132.28,130.01,131.92
1998-03-31,131.97,133.75,131.38,133.1
1998-04-01,132.91,133.88,132.7,133.6
1998-04-02,133.59,134.12,133.03,133.67
1998-04-03,133.71,135.47,133.14,135.15
1998-04-06,135.16,135.22,134.45,134.7
1998-04-07,134.66,134.78,133.23,133.43
1998-04-08,133.47,133.7,131.1,131.35
1998-04-09,131.39,133.66,129.48,131.3
1998-04-10,131.07,131.57,127.38,128.62
1998-04-13,128.74,129.85,127.57,129.54
1998-04-14,129.39,130.42,129.09,129.47
1998-04-15,129.29,130.26,128.91,130.32
1998-04-16,130.2,132.07,129.65,131.73
1998-04-17,131.67,132.17,131.03,131.7
1998-04-20,131.83,132.47,131.78,132.1
1998-04-21,132.07,132.14,131.14,131.26
1998-04-22,131.24,131.81,130.32,130.41
1998-04-23,130.47,130.8,129.65,129.95
1998-04-24,129.95,131.41,129.41,131.13
1998-04-27,131.13,132.92,130.81,132.25
1998-04-28,132.44,132.6,131.32,132.2
1998-04-29,132.05,132.5,131.8,132.23
1998-04-30,132.27,132.95,131.65,132.72
1998-05-01,132.73,133.49,132.66,133.4
1998-05-04,133.39,133.58,132.87,132.98
1998-05-05,132.96,133.25,131.38,131.53
1998-05-06,131.57,133.2,131.48,133.12
1998-05-07,133.1,133.63,132.61,133.27
1998-05-08,133.32,133.53,132.32,132.85
1998-05-11,133.15,133.24,132.23,132.85
1998-05-12,132.92,134.11,132.63,133.95
1998-05-13,133.87,134.5,133.75,134.05
1998-05-14,134.01,134.63,133.57,133.63
1998-05-15,133.67,134.6,133.45,134.42
1998-05-18,134.72,136.35,134.63,136.1
1998-05-19,135.79,136.78,135.59,136.38
1998-05-20,136.2,136.65,135.66,135.95
1998-05-21,135.87,135.9,134.82,134.97
1998-05-22,134.94,136.13,134.85,135.8
1998-05-25,136.26,137.29,136.18,136.93
1998-05-26,137.01,138.07,136.94,137.8
1998-05-27,137.81,138.04,137.15,137.45
1998-05-28,137.54,138.98,136.8,138.75
1998-05-29,138.63,139.26,137.99,138.75
1998-06-01,138.64,139.79,138.44,139.62
1998-06-02,139.66,139.76,138.5,138.75
1998-06-03,138.63,138.95,137.44,138.65
1998-06-04,138.29,138.69,137.95,138.46
1998-06-05,138.41,139.98,138.38,139.85
1998-06-08,139.89,140.79,139.89,140.73
1998-06-09,141.06,141.1,139.82,140.15
1998-06-10,140.32,141.71,140.11,141.54
1998-06-11,141.59,144.13,140.93,143.95
1998-06-12,143.91,144.76,143.54,144.15
1998-06-15,144.49,146.65,144.22,146.15
1998-06-16,146.27,146.79,142.6,143.24
1998-06-17,143.08,144.14,136.63,136.66
1998-06-18,136.43,138.22,135.45,137.65
1998-06-19,137.76,137.9,133.63,137.08
1998-06-22,138.07,138.94,137.13,137.85
1998-06-23,137.72,139.5,137.34,139.25
1998-06-24,139.16,141.38,138.93,141.23
1998-06-25,141.14,142.25,140.57,142.17
1998-06-26,142.22,143.02,141.14,142.1
1998-06-29,142.68,143.38,141.25,141.83
1998-06-30,142.34,142.42,137.8,138.7
1998-07-01,138.57,139.15,137.46,138.05
1998-07-02,138.13,141.79,137.93,140.7
1998-07-03,140.59,141.06,138.45,139.42
1998-07-06,140.39,140.89,139.7,140.07
1998-07-07,140.17,140.19,138.26,138.7
1998-07-08,138.66,139.94,138.11,139.4
1998-07-09,139.7,140.7,139.47,141.05
1998-07-10,141.11,141.75,140.2,141.35
1998-07-13,142.87,144.32,140.4,141.1
1998-07-14,140.99,141.55,140.0,139.93
1998-07-15,140.2,141.4,140.01,140.35
1998-07-16,140.62,140.98,138.83,140.08
1998-07-17,140.18,140.23,138.6,139.6
1998-07-20,139.26,139.58,138.57,138.98
1998-07-21,139.06,140.53,138.79,140.27
1998-07-22,140.27,141.28,139.75,141.17
1998-07-23,141.07,142.15,140.57,141.28
1998-07-24,141.37,141.7,140.22,141.65
1998-07-27,141.39,142.55,141.39,142.45
1998-07-28,142.64,142.72,140.9,141.1
1998-07-29,140.91,142.97,140.75,142.36
1998-07-30,142.4,143.82,141.45,143.7
1998-07-31,143.82,144.84,143.41,144.75
1998-08-03,144.88,145.91,144.6,145.6
1998-08-04,145.68,146.04,144.2,144.84
1998-08-05,144.93,144.95,143.35,143.87
1998-08-06,143.86,145.07,143.6,144.35
1998-08-07,144.57,146.3,144.36,146.2
1998-08-10,146.29,146.85,145.95,146.28
1998-08-11,146.3,147.67,146.03,147.24
1998-08-12,147.25,147.45,144.86,146.15
1998-08-13,146.0,147.2,144.57,144.96
1998-08-14,144.9,146.48,144.32,146.4
1998-08-17,146.29,146.91,145.64,146.09
1998-08-18,146.09,146.45,144.75,144.9
1998-08-19,144.75,145.07,143.65,143.72
1998-08-20,143.82,144.22,141.42,142.86
1998-08-21,143.09,145.41,142.59,144.58
1998-08-24,144.89,145.26,143.57,143.68
1998-08-25,143.61,145.07,143.29,144.11
1998-08-26,144.29,144.94,143.85,144.13
1998-08-27,144.13,144.23,141.83,141.92
1998-08-28,142.13,144.29,140.3,141.75
1998-08-31,141.55,142.54,139.8,139.25
1998-09-01,139.2,139.93,134.98,136.65
1998-09-02,136.7,138.52,136.48,137.8
1998-09-03,138.26,138.53,133.84,134.3
1998-09-04,133.99,136.04,132.92,133.7
1998-09-07,134.54,134.66,130.5,131.85
1998-09-08,131.75,133.11,131.13,132.08
1998-09-09,132.09,135.19,130.48,135.85
1998-09-10,135.75,136.1,133.73,134.55
1998-09-11,134.29,134.45,128.95,130.9
1998-09-14,131.66,133.48,130.95,132.05
1998-09-15,132.35,134.03,132.35,134.02
1998-09-16,134.14,135.81,133.75,134.27
1998-09-17,134.23,134.77,131.64,131.9
1998-09-18,131.86,133.1,131.05,132.65
1998-09-21,133.76,134.25,132.37,134.54
1998-09-22,134.51,136.07,134.14,135.47
1998-09-23,135.62,136.94,135.19,135.6
1998-09-24,135.53,137.23,134.65,134.8
1998-09-25,134.99,136.24,133.28,136.14
1998-09-28,136.06,136.9,134.93,135.88
1998-09-29,135.93,136.43,133.43,134.37
1998-09-30,134.32,136.83,133.93,136.43
1998-10-01,136.46,136.95,135.06,135.92
1998-10-02,135.82,135.88,133.25,135.5
1998-10-05,136.0,136.07,134.07,134.25
1998-10-06,134.19,134.25,130.14,129.98
1998-10-07,130.29,130.75,120.77,121.25
1998-10-08,122.14,123.48,111.58,118.8
1998-10-09,118.19,119.49,115.26,116.6
1998-10-12,117.38,118.54,115.05,117.45
1998-10-13,117.41,120.42,117.4,118.8
1998-10-14,119.07,120.19,118.37,118.65
1998-10-15,118.65,119.12,116.32,115.6
1998-10-16,115.76,116.75,113.56,115.22
1998-10-19,115.47,115.93,113.81,114.33
1998-10-20,114.29,118.44,114.27,116.48
1998-10-21,115.84,117.65,115.35,117.05
1998-10-22,117.23,118.86,117.14,117.3
1998-10-23,117.51,119.72,117.27,118.02
1998-10-26,118.34,119.38,118.13,119.28
1998-10-27,119.29,119.8,118.05,117.92
1998-10-28,117.98,118.5,116.7,118.03
1998-10-29,117.93,118.06,115.88,116.69
1998-10-30,116.95,117.19,115.03,115.8
1998-11-02,115.54,116.15,114.32,114.8
1998-11-03,114.6,116.19,114.53,115.23
1998-11-04,115.12,117.43,115.07,116.66
1998-11-05,116.72,118.0,116.7,117.88
1998-11-06,117.97,118.96,117.73,119.05
1998-11-09,119.32,122.24,119.07,121.8
1998-11-10,121.74,123.42,121.22,122.25
1998-11-11,122.26,122.41,120.63,121.88
1998-11-12,121.82,124.12,121.43,121.78
1998-11-13,121.8,123.0,121.0,122.78
1998-11-16,122.32,122.7,119.56,120.2
1998-11-17,120.43,122.38,119.75,121.04
1998-11-18,120.92,121.78,120.7,121.62
1998-11-19,121.77,122.22,118.53,119.6
1998-11-20,119.93,120.93,118.82,120.35
1998-11-23,120.57,121.75,120.18,120.96
1998-11-24,121.04,122.02,120.31,121.1
1998-11-25,121.12,122.1,120.22,121.67
1998-11-26,121.77,122.68,121.35,121.9
1998-11-27,122.0,123.55,122.0,122.99
1998-11-30,123.32,124.15,122.37,122.99
1998-12-01,123.07,123.5,121.62,122.07
1998-12-02,121.88,122.14,119.82,120.1
1998-12-03,120.06,120.55,117.53,118.3
1998-12-04,118.17,119.44,117.32,118.68
1998-12-07,118.75,120.34,118.22,119.65
1998-12-08,119.87,120.58,119.04,119.11
1998-12-09,119.12,119.48,117.51,117.85
1998-12-10,117.94,118.37,116.65,117.03
1998-12-11,117.13,118.1,116.31,116.55
1998-12-14,116.37,116.85,114.97,115.55
1998-12-15,115.44,117.6,115.28,116.63
1998-12-16,116.73,117.1,115.4,116.87
1998-12-17,117.04,117.18,115.7,116.17
1998-12-18,116.23,116.6,114.5,116.08
1998-12-21,115.9,116.31,114.68,116.13
1998-12-22,116.01,117.72,115.66,116.55
1998-12-23,116.75,116.77,115.77,115.86
1998-12-24,115.81,116.57,115.04,116.14
1998-12-25,116.13,116.6,115.35,116.55
1998-12-28,116.16,117.16,115.65,115.92
1998-12-29,116.04,116.22,115.0,115.44
1998-12-30,115.62,115.89,114.49,115.0
1998-12-31,115.24,115.24,112.53,113.2
1999-01-04,113.31,114.49,111.68,111.85
1999-01-05,111.77,112.42,110.5,111.4
1999-01-06,111.43,113.4,111.43,112.92
1999-01-07,112.9,113.3,109.82,111.09
1999-01-08,111.07,112.24,110.53,110.98
1999-01-11,110.82,111.08,108.31,108.61
1999-01-12,108.72,112.85,108.64,112.35
1999-01-13,112.43,114.15,111.1,113.09
1999-01-14,113.3,114.45,112.93,113.65
1999-01-15,113.55,114.27,112.26,113.99
1999-01-18,114.41,115.01,113.3,114.25
1999-01-19,114.24,114.97,113.38,113.4
1999-01-20,113.47,114.08,112.87,112.82
1999-01-21,112.83,114.18,112.34,113.6
1999-01-22,113.73,114.82,113.5,114.42
1999-01-25,114.34,114.84,113.56,114.05
1999-01-26,113.93,114.13,113.44,113.75
1999-01-27,113.83,116.0,113.45,115.65
1999-01-28,115.61,116.76,115.1,116.35
1999-01-29,116.38,116.56,115.68,116.2
1999-02-01,116.03,116.03,114.88,115.0
1999-02-02,114.98,115.2,111.9,112.1
1999-02-03,112.16,112.95,111.75,112.88
1999-02-04,113.14,114.13,111.58,112.05
1999-02-05,112.0,113.74,111.35,113.2
1999-02-08,113.2,114.83,112.72,114.55
1999-02-09,114.6,114.92,114.13,114.08
1999-02-10,114.03,115.52,113.74,114.42
1999-02-11,114.41,114.82,113.58,114.63
1999-02-12,114.63,115.78,113.85,114.05
1999-02-15,114.1,115.98,113.8,115.48
1999-02-16,115.62,118.64,115.59,118.64
1999-02-17,118.71,119.26,117.99,118.92
1999-02-18,118.9,120.15,118.34,119.71
1999-02-19,119.85,121.16,119.42,121.03
1999-02-22,120.65,122.54,120.04,120.98
1999-02-23,121.19,121.92,119.8,120.82
1999-02-24,120.77,122.1,120.57,121.48
1999-02-25,121.56,121.82,118.97,119.72
1999-02-26,119.66,121.12,118.44,118.95
1999-03-01,119.39,119.93,118.87,119.85
1999-03-02,119.75,120.94,119.67,120.1
1999-03-03,120.09,121.85,119.96,121.85
1999-03-04,121.85,123.76,121.74,123.22
1999-03-05,123.46,123.6,122.07,122.75
1999-03-08,122.76,123.18,121.08,121.63
1999-03-09,121.66,122.09,120.64,121.0
1999-03-10,121.03,121.38,119.58,119.75
1999-03-11,119.76,121.04,118.82,119.11
1999-03-12,119.07,120.45,118.69,118.7
1999-03-15,118.83,119.44,117.44,117.72
1999-03-16,117.73,118.51,117.29,117.58
1999-03-17,117.64,119.19,117.13,118.13
1999-03-18,118.32,118.81,117.33,117.46
1999-03-19,117.44,117.82,116.87,117.1
1999-03-22,116.98,118.42,116.92,118.14
1999-03-23,118.28,118.82,117.79,118.25
1999-03-24,118.14,118.52,117.12,117.93
1999-03-25,118.13,118.39,117.7,118.17
1999-03-26,118.16,120.5,117.98,120.2
1999-03-29,120.34,120.65,119.6,120.2
1999-03-30,120.26,120.72,119.85,120.33
1999-03-31,120.29,120.97,118.14,118.8
1999-04-01,118.89,120.59,118.39,120.67
1999-04-02,120.82,120.9,120.34,120.75
1999-04-05,120.6,122.04,120.43,121.71
1999-04-06,121.75,121.85,120.48,120.63
1999-04-07,120.56,121.64,120.43,121.3
1999-04-08,121.44,121.61,120.37,121.12
1999-04-09,121.24,121.51,120.7,120.85
1999-04-12,120.82,121.0,119.69,120.34
1999-04-13,120.36,120.84,119.71,119.71
1999-04-14,119.76,119.97,118.52,118.72
1999-04-15,118.77,119.5,118.31,119.12
1999-04-16,119.17,119.19,117.42,117.72
1999-04-19,117.81,118.51,117.5,117.55
1999-04-20,117.58,118.73,117.52,118.93
1999-04-21,118.93,119.94,118.53,119.75
1999-04-22,119.79,120.43,119.37,119.44
1999-04-23,119.52,119.86,119.08,119.2
1999-04-26,119.26,119.59,118.68,119.24
1999-04-27,119.4,120.53,119.15,120.26
1999-04-28,120.24,120.28,118.31,119.07
1999-04-29,119.03,119.42,118.8,119.13
1999-04-30,119.15,119.97,118.94,119.45
1999-05-03,119.54,120.35,119.44,120.28
1999-05-04,120.31,121.31,120.2,120.77
1999-05-05,120.84,121.42,120.29,120.44
1999-05-06,120.47,121.13,119.84,120.53
1999-05-07,120.56,120.93,120.27,120.78
1999-05-10,120.87,121.31,120.4,120.53
1999-05-11,120.58,121.2,120.27,120.92
1999-05-12,120.95,121.62,120.33,120.9
1999-05-13,120.88,121.91,120.85,121.72
1999-05-14,121.77,122.8,121.52,122.83
1999-05-17,122.85,123.51,122.8,123.55
1999-05-18,123.56,123.68,122.64,123.24
1999-05-19,123.32,124.73,123.23,124.27
1999-05-20,124.28,124.82,123.82,124.37
1999-05-21,124.33,124.6,123.5,123.92
1999-05-24,124.07,124.38,122.93,123.15
1999-05-25,123.15,123.22,122.26,122.28
1999-05-26,122.33,122.48,121.57,122.34
1999-05-27,122.37,122.75,120.39,120.35
1999-05-28,120.27,121.62,120.21,121.46
1999-05-31,121.74,121.93,121.2,121.49
1999-06-01,121.52,121.97,120.37,120.7
1999-06-02,120.67,121.45,120.35,121.45
1999-06-03,121.61,122.02,120.99,121.45
1999-06-04,121.53,122.49,121.44,122.15
1999-06-07,122.36,122.45,120.52,120.77
1999-06-08,120.79,121.7,118.84,119.15
1999-06-09,119.25,119.64,118.53,119.09
1999-06-10,119.22,119.96,117.62,118.85
1999-06-11,118.92,119.11,117.86,117.92
1999-06-14,118.08,120.89,117.88,120.56
1999-06-15,120.67,120.79,120.17,120.38
1999-06-16,120.45,120.67,119.87,120.39
1999-06-17,120.43,120.43,119.04,119.4
1999-06-18,119.46,120.97,118.97,120.4
1999-06-21,120.73,122.6,120.57,122.35
1999-06-22,122.33,122.53,121.53,121.65
1999-06-23,121.77,122.33,121.7,121.94
1999-06-24,121.85,122.38,121.65,121.92
1999-06-25,121.85,122.09,121.15,121.37
1999-06-28,121.42,121.95,120.99,121.45
1999-06-29,121.5,121.68,120.74,120.95
1999-06-30,121.07,121.29,120.54,121.1
1999-07-01,121.03,121.51,120.6,120.79
1999-07-02,120.75,121.29,120.73,120.92
1999-07-05,121.03,122.9,120.88,122.4
1999-07-06,122.34,122.45,121.68,122.05
1999-07-07,122.06,122.33,121.75,122.27
1999-07-08,122.26,122.79,122.2,122.5
1999-07-09,122.57,122.74,122.06,122.32
1999-07-12,122.33,122.55,121.91,122.12
1999-07-13,122.21,122.32,121.14,121.23
1999-07-14,121.27,121.9,120.37,120.69
1999-07-15,120.74,121.32,120.25,120.97
1999-07-16,120.98,121.16,120.48,120.94
1999-07-19,121.01,121.06,118.14,118.15
1999-07-20,118.29,119.7,117.92,118.92
1999-07-21,119.03,119.71,118.04,118.22
1999-07-22,118.18,118.8,116.03,116.81
1999-07-23,116.95,117.45,116.1,116.47
1999-07-26,116.86,117.11,115.45,116.8
1999-07-27,116.86,117.41,116.09,116.44
1999-07-28,116.45,116.66,115.37,116.05
1999-07-29,116.05,116.13,114.92,115.4
1999-07-30,115.46,115.86,114.36,114.5
1999-08-02,114.89,114.99,113.85,114.37
1999-08-03,114.45,115.71,114.36,115.32
1999-08-04,115.31,115.36,114.07,114.3
1999-08-05,114.18,114.95,113.61,114.42
1999-08-06,114.57,114.97,114.24,114.79
1999-08-09,115.12,115.54,114.96,115.09
1999-08-10,115.08,115.46,114.38,114.79
1999-08-11,114.86,115.42,114.48,115.35
1999-08-12,115.37,116.08,115.19,115.25
1999-08-13,115.28,116.23,114.48,115.71
1999-08-16,115.78,115.92,114.59,114.54
1999-08-17,114.56,114.95,113.87,113.86
1999-08-18,114.01,114.31,111.64,111.9
1999-08-19,111.96,112.36,110.69,111.63
1999-08-20,111.54,112.17,111.03,111.23
1999-08-23,111.26,112.07,110.57,111.64
1999-08-24,111.54,112.85,110.8,110.93
1999-08-25,110.77,112.06,110.39,111.02
1999-08-26,111.07,111.99,110.77,111.5
1999-08-27,111.57,111.98,111.29,111.4
1999-08-30,110.91,111.27,110.66,110.58
1999-08-31,110.57,111.1,109.03,109.7
1999-09-01,109.68,109.85,108.9,109.18
1999-09-02,109.04,109.67,108.72,109.12
1999-09-03,109.18,110.43,109.13,109.85
1999-09-06,109.62,110.03,109.32,109.63
1999-09-07,109.66,111.43,109.38,110.75
1999-09-08,110.7,111.31,110.37,111.11
1999-09-09,111.12,111.19,107.56,108.0
1999-09-10,108.05,110.0,107.65,108.8
1999-09-13,108.93,109.18,106.02,106.62
1999-09-14,106.69,107.26,105.07,105.85
1999-09-15,105.94,106.06,103.21,104.65
1999-09-16,104.6,105.61,103.54,105.22
1999-09-17,105.13,107.35,104.78,107.15
1999-09-20,107.65,108.2,106.04,106.05
1999-09-21,106.2,107.38,103.78,104.8
1999-09-22,104.89,105.4,103.66,104.2
1999-09-23,104.28,104.64,103.42,103.65
1999-09-24,103.82,105.15,103.75,103.9
1999-09-27,105.34,106.49,103.89,105.84
1999-09-28,105.84,106.75,105.55,106.48
1999-09-29,106.55,107.27,106.09,107.04
1999-09-30,107.15,107.22,105.21,106.32
1999-10-01,106.32,106.38,104.82,104.96
1999-10-04,105.09,106.54,104.6,106.17
1999-10-05,106.18,107.19,105.88,106.31
1999-10-06,106.35,107.79,105.95,107.4
1999-10-07,107.47,107.98,107.18,107.2
1999-10-08,107.13,107.99,106.98,107.38
1999-10-11,107.41,107.48,106.56,106.87
1999-10-12,106.85,106.94,106.06,106.1
1999-10-13,106.15,108.03,105.93,106.53
1999-10-14,106.61,107.48,106.4,107.36
1999-10-15,107.43,107.64,105.27,105.3
1999-10-18,105.27,105.85,104.81,105.37
1999-10-19,105.39,105.93,105.21,105.36
1999-10-20,105.37,106.72,105.16,106.43
1999-10-21,106.36,106.54,105.73,105.93
1999-10-22,106.07,106.29,105.24,105.9
1999-10-25,105.82,106.26,105.17,105.32
1999-10-26,105.34,105.53,104.54,104.81
1999-10-27,104.8,104.86,103.69,104.3
1999-10-28,104.46,105.24,103.87,104.97
1999-10-29,105.17,105.32,103.95,104.1
1999-11-01,104.14,104.57,103.7,104.12
1999-11-02,103.98,105.09,103.85,104.19
1999-11-03,104.2,105.26,103.43,104.96
1999-11-04,104.93,105.59,104.35,104.89
1999-11-05,104.94,106.61,104.62,106.01
1999-11-08,106.09,106.42,105.35,105.23
1999-11-09,105.2,105.54,104.7,104.87
1999-11-10,104.89,105.25,104.39,104.63
1999-11-11,104.63,105.33,104.47,104.84
1999-11-12,104.91,105.4,104.49,105.24
1999-11-15,105.15,105.39,104.67,104.75
1999-11-16,104.81,106.01,104.76,105.87
1999-11-17,105.88,106.3,105.0,105.5
1999-11-18,105.54,105.98,105.33,105.9
1999-11-19,105.83,106.57,105.74,106.3
1999-11-22,106.37,106.65,104.57,104.67
1999-11-23,104.74,104.85,104.04,104.35
1999-11-24,104.29,104.81,104.08,104.66
1999-11-25,104.71,104.86,104.1,104.27
1999-11-26,104.36,104.57,101.39,101.75
1999-11-29,102.41,104.07,101.6,102.33
1999-11-30,102.48,103.12,101.34,102.12
1999-12-01,102.2,102.77,101.95,102.69
1999-12-02,102.71,102.78,102.2,102.74
1999-12-03,102.79,102.79,102.12,102.67
1999-12-06,102.65,103.49,102.03,103.03
1999-12-07,102.95,103.23,102.2,102.37
1999-12-08,102.3,103.25,102.28,102.88
1999-12-09,102.91,103.43,102.18,102.39
1999-12-10,102.39,102.75,102.14,102.18
1999-12-13,102.36,103.35,102.23,103.18
1999-12-14,103.15,103.81,102.83,103.47
1999-12-15,103.5,103.75,103.32,103.71
1999-12-16,103.79,103.81,102.54,103.18
1999-12-17,103.21,103.57,102.68,103.05
1999-12-20,103.09,103.42,102.46,102.43
1999-12-21,102.57,102.63,101.85,102.13
1999-12-22,102.14,102.46,101.4,101.68
1999-12-23,101.68,102.12,101.29,102.0
1999-12-24,102.07,103.19,101.8,102.89
1999-12-27,102.88,102.99,102.01,102.18
1999-12-28,102.25,102.76,102.04,102.35
1999-12-29,102.41,102.48,101.8,102.15
1999-12-30,102.21,102.57,101.92,102.37
1999-12-31,102.52,102.6,102.12,102.21
2000-01-03,102.16,102.2,101.34,101.56
2000-01-04,101.48,103.23,101.43,103.25
2000-01-05,103.29,104.16,102.8,104.27
2000-01-06,104.35,105.43,104.01,105.31
2000-01-07,105.29,105.92,104.89,105.35
2000-01-10,105.14,105.4,104.34,105.1
2000-01-11,105.06,106.34,105.04,106.07
2000-01-12,105.97,106.27,105.55,105.9
2000-01-13,105.91,106.25,105.44,106.04
2000-01-14,106.1,106.41,105.42,105.78
2000-01-17,105.82,105.9,104.62,104.8
2000-01-18,104.87,105.69,104.79,105.65
2000-01-19,105.73,106.13,105.2,105.3
2000-01-20,105.31,105.75,105.19,105.33
2000-01-21,105.42,105.54,104.43,104.68
2000-01-24,105.25,105.87,104.66,105.65
2000-01-25,105.57,106.07,105.5,105.97
2000-01-26,106.04,106.32,105.53,105.69
2000-01-27,105.68,105.92,104.68,105.15
2000-01-28,105.1,107.3,104.56,107.08
2000-01-31,106.95,107.54,106.6,107.36
2000-02-01,107.39,108.01,107.13,107.79
2000-02-02,107.88,109.03,107.72,108.11
2000-02-03,108.15,108.8,107.35,107.56
2000-02-04,107.54,108.06,107.16,107.16
2000-02-07,107.31,108.83,107.18,108.67
2000-02-08,108.63,109.73,108.59,109.49
2000-02-09,109.49,109.68,108.55,108.72
2000-02-10,108.85,109.25,108.31,109.2
2000-02-11,109.2,109.81,108.77,108.75
2000-02-14,109.07,109.07,108.02,108.88
2000-02-15,108.94,109.36,108.47,109.16
2000-02-16,109.19,109.68,108.88,109.35
2000-02-17,109.48,110.61,109.32,110.62
2000-02-18,110.55,111.29,110.28,110.92
2000-02-21,110.93,111.47,110.39,111.26
2000-02-22,111.28,111.78,110.57,110.82
2000-02-23,110.84,111.35,110.1,111.19
2000-02-24,111.17,111.53,110.57,111.27
2000-02-25,111.35,111.49,110.37,110.3
2000-02-28,110.21,110.42,108.38,109.48
2000-02-29,109.49,110.44,109.38,110.19
2000-03-01,110.2,110.36,106.67,107.13
2000-03-02,107.23,107.96,106.6,107.73
2000-03-03,107.79,108.02,107.32,107.72
2000-03-06,107.88,107.95,106.73,107.39
2000-03-07,107.57,108.18,105.91,106.07
2000-03-08,106.18,107.49,106.09,107.21
2000-03-09,107.22,107.27,106.17,106.6
2000-03-10,106.64,106.73,106.06,106.23
2000-03-13,106.34,106.64,104.8,105.61
2000-03-14,105.53,105.9,104.59,105.2
2000-03-15,105.18,106.23,104.74,105.64
2000-03-16,105.65,105.84,105.1,105.5
2000-03-17,105.54,106.48,105.46,106.7
2000-03-20,106.91,107.13,106.3,106.4
2000-03-21,106.39,107.1,106.27,106.85
2000-03-22,106.76,107.19,106.5,107.02
2000-03-23,107.12,107.81,106.99,107.32
2000-03-24,107.27,107.69,106.71,106.84
2000-03-27,106.87,107.18,106.59,106.69
2000-03-28,106.79,106.81,105.77,105.79
2000-03-29,105.95,106.35,104.99,105.69
2000-03-30,105.77,105.97,104.82,105.35
2000-03-31,105.45,106.09,102.03,102.75
2000-04-03,103.32,105.64,102.83,104.85
2000-04-04,104.92,105.79,104.16,105.2
2000-04-05,105.22,105.56,104.74,104.9
2000-04-06,104.87,105.16,104.57,104.72
2000-04-07,104.79,105.52,104.69,105.36
2000-04-10,105.48,106.87,105.28,106.41
2000-04-11,106.51,107.14,106.33,106.88
2000-04-12,106.92,106.99,105.25,105.74
2000-04-13,105.84,106.12,105.6,105.84
2000-04-14,105.86,106.2,104.76,104.75
2000-04-17,104.27,105.45,103.21,104.5
2000-04-18,104.5,104.88,104.05,104.68
2000-04-19,104.69,105.07,104.21,104.76
2000-04-20,104.91,105.85,104.5,105.66
2000-04-21,105.73,105.92,105.43,105.73
2000-04-24,105.83,106.03,105.07,105.76
2000-04-25,105.7,106.1,105.21,106.3
2000-04-26,106.3,106.81,105.54,106.25
2000-04-27,106.24,106.64,105.84,106.37
2000-04-28,106.4,108.31,106.34,108.16
2000-05-01,107.86,109.03,107.69,108.72
2000-05-02,108.78,108.98,108.24,108.4
2000-05-03,108.48,109.5,108.33,108.97
2000-05-04,109.15,109.65,107.65,107.95
2000-05-05,108.0,108.7,107.24,108.52
2000-05-08,108.75,109.23,108.31,108.97
2000-05-09,108.94,109.67,108.57,109.2
2000-05-10,109.21,109.63,108.62,109.53
2000-05-11,109.51,110.09,108.07,108.45
2000-05-12,108.46,109.08,107.69,108.34
2000-05-15,108.68,109.6,108.57,109.25
2000-05-16,109.21,109.92,108.76,109.6
2000-05-17,109.67,110.04,109.01,109.26
2000-05-18,109.28,109.48,108.46,108.65
2000-05-19,108.54,108.9,106.33,106.98
2000-05-22,107.13,107.48,106.79,107.09
2000-05-23,107.16,107.32,106.41,106.41
2000-05-24,106.47,107.91,106.4,107.79
2000-05-25,107.76,108.0,107.28,107.3
2000-05-26,107.38,107.86,106.57,107.11
2000-05-29,107.05,107.4,106.69,107.0
2000-05-30,107.03,107.06,106.04,106.5
2000-05-31,106.59,107.95,106.18,107.61
2000-06-01,107.66,109.01,107.6,108.49
2000-06-02,108.56,109.07,107.66,108.0
2000-06-05,108.08,108.32,107.25,107.32
2000-06-06,107.35,107.63,105.18,105.77
2000-06-07,105.85,106.23,105.02,105.32
2000-06-08,105.39,106.25,105.39,106.03
2000-06-09,105.88,107.04,105.85,106.85
2000-06-12,106.82,107.18,106.32,106.82
2000-06-13,106.88,107.04,106.2,106.88
2000-06-14,106.95,107.15,106.29,106.58
2000-06-15,106.66,106.75,105.87,106.43
2000-06-16,106.48,106.62,106.01,106.37
2000-06-19,106.45,106.53,105.59,105.88
2000-06-20,105.87,105.91,105.21,105.53
2000-06-21,105.48,105.68,105.15,105.55
2000-06-22,105.52,105.65,104.1,104.53
2000-06-23,104.58,104.94,103.91,104.74
2000-06-26,104.64,105.79,104.26,105.63
2000-06-27,105.63,105.96,105.29,105.3
2000-06-28,105.28,105.83,105.26,105.61
2000-06-29,105.56,105.57,104.37,105.23
2000-06-30,105.28,106.39,104.74,105.98
2000-07-03,106.15,106.5,105.6,105.66
2000-07-04,105.65,106.53,105.42,106.07
2000-07-05,106.19,107.2,105.81,106.92
2000-07-06,106.99,107.52,106.81,107.44
2000-07-07,107.45,107.97,107.21,107.84
2000-07-10,107.87,107.92,106.57,107.01
2000-07-11,107.03,107.17,106.57,107.05
2000-07-12,107.13,108.5,107.03,108.06
2000-07-13,108.07,108.41,106.95,108.1
2000-07-14,108.1,108.46,107.54,107.8
2000-07-17,107.79,108.83,107.32,108.03
2000-07-18,107.99,108.41,107.6,108.08
2000-07-19,108.18,108.37,107.72,108.27
2000-07-20,108.24,108.28,107.3,107.68
2000-07-21,107.54,109.21,107.39,108.88
2000-07-24,108.77,109.15,108.47,108.74
2000-07-25,108.76,109.34,108.57,109.07
2000-07-26,109.09,109.42,108.89,109.13
2000-07-27,109.16,109.37,108.71,109.12
2000-07-28,109.16,109.81,108.52,109.47
2000-07-31,109.57,109.81,109.14,109.39
2000-08-01,109.34,109.8,109.07,109.24
2000-08-02,109.29,109.35,108.33,108.85
2000-08-03,108.89,109.17,107.91,108.3
2000-08-04,108.35,108.69,108.06,108.57
2000-08-07,108.55,109.12,108.53,109.07
2000-08-08,109.07,109.27,108.31,108.62
2000-08-09,108.6,108.72,107.77,107.77
2000-08-10,107.89,108.91,107.48,108.66
2000-08-11,108.69,108.99,108.27,108.49
2000-08-14,108.65,109.62,108.57,109.38
2000-08-15,109.43,109.66,108.86,109.02
2000-08-16,109.02,109.21,108.31,108.55
2000-08-17,108.53,108.68,108.23,108.59
2000-08-18,108.57,109.15,108.07,108.37
2000-08-21,108.3,108.71,107.81,108.66
2000-08-22,108.71,108.71,108.1,108.28
2000-08-23,108.31,108.38,106.82,106.92
2000-08-24,107.05,107.4,106.59,106.83
2000-08-25,106.88,107.31,106.64,106.81
2000-08-28,106.8,106.81,106.07,106.45
2000-08-29,106.52,106.75,106.02,106.03
2000-08-30,106.11,106.76,105.88,106.5
2000-08-31,106.46,106.87,106.22,106.63
2000-09-01,106.74,106.77,105.54,105.96
2000-09-04,105.94,106.0,105.57,105.76
2000-09-05,105.94,106.55,105.77,105.79
2000-09-06,105.84,106.15,105.57,105.87
2000-09-07,105.91,106.48,104.77,105.08
2000-09-08,105.17,106.29,105.06,106.11
2000-09-11,106.12,106.49,105.87,105.99
2000-09-12,106.18,107.07,106.07,106.79
2000-09-13,106.83,107.37,106.8,107.1
2000-09-14,107.08,107.52,106.91,107.6
2000-09-15,107.53,107.78,107.11,107.07
2000-09-18,107.14,107.23,106.67,106.89
2000-09-19,106.89,107.16,106.67,106.97
2000-09-20,106.97,107.42,106.4,106.54
2000-09-21,106.63,106.81,106.29,106.54
2000-09-22,106.66,108.18,106.38,107.9
2000-09-25,107.97,108.16,107.37,107.74
2000-09-26,107.77,107.8,107.14,107.55
2000-09-27,107.56,107.93,107.24,107.31
2000-09-28,107.33,107.77,107.22,107.57
2000-09-29,107.67,108.54,107.49,108.05
2000-10-02,108.09,108.98,108.08,108.8
2000-10-03,108.84,109.05,108.43,108.8
2000-10-04,108.86,109.45,108.57,109.25
2000-10-05,109.29,109.62,109.03,109.08
2000-10-06,109.15,109.19,108.65,108.8
2000-10-09,108.91,109.15,108.75,108.75
2000-10-10,108.82,108.91,107.72,107.71
2000-10-11,107.84,108.18,107.47,107.73
2000-10-12,107.78,108.2,107.31,107.67
2000-10-13,107.68,108.0,107.5,107.78
2000-10-16,107.79,108.38,107.5,108.02
2000-10-17,108.07,108.27,107.85,107.99
2000-10-18,108.01,108.38,107.42,107.66
2000-10-19,107.71,108.64,107.58,108.33
2000-10-20,108.42,109.19,108.23,108.83
2000-10-23,108.93,109.1,108.19,108.22
2000-10-24,108.26,108.52,107.77,107.68
2000-10-25,107.71,108.27,107.64,108.21
2000-10-26,108.24,108.66,107.92,108.32
2000-10-27,108.28,108.86,108.22,108.62
2000-10-30,108.68,109.04,108.39,108.97
2000-10-31,108.95,109.31,108.7,108.96
2000-11-01,109.02,109.04,108.21,108.12
2000-11-02,108.21,108.48,107.97,108.09
2000-11-03,108.13,108.38,106.79,107.01
2000-11-06,107.23,107.51,106.87,107.38
2000-11-07,107.45,107.53,106.95,106.94
2000-11-08,107.08,107.86,106.92,107.24
2000-11-09,107.29,107.84,107.12,107.35
2000-11-10,107.39,108.0,107.32,107.91
2000-11-13,108.03,108.09,107.45,107.57
2000-11-14,107.68,108.23,107.5,108.15
2000-11-15,108.19,108.88,107.98,108.83
2000-11-16,108.85,109.14,108.68,108.98
2000-11-17,109.02,109.04,108.6,108.8
2000-11-20,108.77,110.16,108.76,109.82
2000-11-21,109.96,110.47,109.64,110.19
2000-11-22,110.15,110.26,109.45,110.21
2000-11-23,110.23,110.43,110.03,110.3
2000-11-24,110.31,111.46,110.15,111.3
2000-11-27,111.23,111.54,110.51,110.64
2000-11-28,110.72,110.85,110.05,110.08
2000-11-29,110.2,111.35,109.79,111.22
2000-11-30,111.29,111.39,110.43,110.34
2000-12-01,110.37,112.07,110.31,111.25
2000-12-04,111.46,111.47,110.39,110.91
2000-12-05,110.98,111.4,110.39,111.1
2000-12-06,111.15,111.19,110.19,110.29
2000-12-07,110.33,110.87,110.15,110.52
2000-12-08,110.48,111.48,110.43,110.96
2000-12-11,111.35,111.45,110.55,110.8
2000-12-12,110.75,111.75,110.67,111.41
2000-12-13,111.45,112.76,111.33,112.31
2000-12-14,112.33,112.88,112.01,112.11
2000-12-15,112.07,112.73,111.87,112.54
2000-12-18,112.43,112.77,111.89,112.1
2000-12-19,112.28,112.6,111.79,112.35
2000-12-20,112.42,113.07,112.36,112.74
2000-12-21,112.82,113.18,111.88,112.27
2000-12-22,112.18,112.89,112.05,112.86
2000-12-25,112.86,113.02,112.75,112.71
2000-12-26,112.91,113.69,112.91,113.58
2000-12-27,113.61,114.39,113.54,114.26
2000-12-28,114.16,114.95,114.12,114.46
2000-12-29,114.45,115.1,114.16,114.27
2001-01-02,114.37,115.09,114.24,114.45
2001-01-03,114.4,114.69,113.81,113.6
2001-01-04,113.63,115.69,113.55,115.68
2001-01-05,115.68,116.92,115.51,116.54
2001-01-08,116.61,116.65,115.86,115.98
2001-01-09,116.04,116.84,115.63,116.78
2001-01-10,116.85,117.19,115.79,116.44
2001-01-11,116.54,117.76,116.29,117.69
2001-01-12,117.76,118.48,117.37,118.45
2001-01-15,118.33,119.4,118.23,118.9
2001-01-16,118.97,119.19,117.08,117.65
2001-01-17,117.67,118.8,116.92,118.87
2001-01-18,118.92,119.89,117.63,117.91
2001-01-19,118.1,118.35,117.0,117.1
2001-01-22,117.03,117.09,116.2,116.29
2001-01-23,116.29,117.42,116.26,116.97
2001-01-24,116.87,118.48,116.53,117.77
2001-01-25,117.85,118.13,116.31,116.76
2001-01-26,116.9,117.48,116.32,117.27
2001-01-29,117.49,117.73,116.12,116.72
2001-01-30,116.74,116.96,115.59,115.86
2001-01-31,115.82,116.7,115.65,116.33
2001-02-01,116.53,116.78,115.21,115.58
2001-02-02,115.57,115.9,114.93,115.6
2001-02-05,115.69,116.08,114.63,114.77
2001-02-06,114.73,115.29,114.32,114.71
2001-02-07,114.82,116.37,114.68,116.3
2001-02-08,116.32,116.67,115.85,116.61
2001-02-09,116.7,117.77,116.34,117.52
2001-02-12,117.59,117.97,117.35,117.44
2001-02-13,117.43,117.65,116.7,116.67
2001-02-14,116.89,116.93,116.04,116.43
2001-02-15,116.41,116.45,115.45,115.39
2001-02-16,115.43,115.94,114.54,115.69
2001-02-19,116.01,116.23,115.57,115.99
2001-02-20,116.04,116.24,115.21,115.64
2001-02-21,115.71,116.88,115.31,116.5
2001-02-22,116.6,116.94,115.83,117.06
2001-02-23,116.91,117.21,115.84,115.82
2001-02-26,115.86,116.79,115.76,116.49
2001-02-27,116.44,116.6,115.93,116.11
2001-02-28,116.07,117.54,115.87,117.3
2001-03-01,117.35,117.58,117.01,117.4
2001-03-02,117.4,119.33,117.3,119.04
2001-03-05,119.18,119.78,118.63,119.09
2001-03-06,119.23,119.27,118.24,118.86
2001-03-07,118.82,120.29,118.57,119.99
2001-03-08,119.98,120.24,119.37,119.69
2001-03-09,119.78,119.88,119.07,119.52
2001-03-12,119.51,120.73,119.45,120.33
2001-03-13,120.46,120.62,119.74,119.69
2001-03-14,119.7,121.17,119.3,121.09
2001-03-15,121.04,122.5,120.51,122.34
2001-03-16,122.43,123.2,121.85,122.92
2001-03-19,123.14,123.66,122.01,122.95
2001-03-20,122.96,123.02,122.21,122.23
2001-03-21,122.24,123.71,121.99,123.33
2001-03-22,123.27,124.35,123.05,123.48
2001-03-23,123.49,123.8,122.51,122.64
2001-03-26,122.76,123.83,122.62,122.65
2001-03-27,122.65,123.39,121.99,122.13
2001-03-28,122.24,122.77,121.4,122.23
2001-03-29,122.32,123.71,122.15,123.65
2001-03-30,123.72,125.95,123.23,126.2
2001-04-02,126.4,126.74,125.67,126.75
2001-04-03,126.78,126.79,125.23,125.51
2001-04-04,125.52,126.31,124.81,125.21
2001-04-05,125.32,125.53,123.49,123.98
2001-04-06,124.06,125.55,123.78,123.74
2001-04-09,124.03,125.5,124.02,125.08
2001-04-10,125.18,125.43,124.2,124.33
2001-04-11,124.48,125.04,123.82,124.77
2001-04-12,124.77,124.99,122.94,123.56
2001-04-13,123.67,124.48,123.61,124.17
2001-04-16,124.24,124.96,124.13,124.33
2001-04-17,124.35,124.73,123.08,123.25
2001-04-18,123.32,123.62,122.29,122.06
2001-04-19,122.15,122.43,121.1,120.9
2001-04-20,121.08,122.73,121.04,122.51
2001-04-23,121.91,122.57,121.28,121.14
2001-04-24,121.32,122.35,121.1,122.24
2001-04-25,122.28,122.7,121.95,122.12
2001-04-26,122.13,123.57,121.79,123.22
2001-04-27,123.25,124.35,123.13,123.97
2001-04-30,124.04,124.2,123.17,123.49
2001-05-01,123.64,123.67,121.87,121.98
2001-05-02,122.14,122.57,121.37,121.3
2001-05-03,121.48,121.87,120.74,121.34
2001-05-04,121.35,121.53,120.52,121.31
2001-05-07,121.34,121.85,120.99,121.14
2001-05-08,121.1,122.16,120.81,121.18
2001-05-09,121.31,122.45,121.23,122.14
2001-05-10,122.3,122.79,122.02,122.63
2001-05-11,122.58,122.89,121.79,122.48
2001-05-14,122.51,123.41,122.42,123.27
2001-05-15,123.35,123.69,123.06,123.33
2001-05-16,123.34,124.07,123.07,123.51
2001-05-17,123.4,123.46,122.47,122.47
2001-05-18,122.56,123.82,122.54,123.48
2001-05-21,123.65,123.76,122.65,122.59
2001-05-22,122.72,123.34,122.42,122.83
2001-05-23,122.87,122.88,119.72,120.13
2001-05-24,120.04,120.47,118.88,119.89
2001-05-25,119.83,120.85,119.83,120.6
2001-05-28,120.5,121.23,120.44,121.04
2001-05-29,121.1,121.4,119.96,120.14
2001-05-30,120.18,120.65,119.91,120.28
2001-05-31,120.35,120.63,118.47,119.15
2001-06-01,119.3,119.35,118.29,119.26
2001-06-04,119.22,119.88,118.85,119.25
2001-06-05,119.28,120.42,118.73,120.22
2001-06-06,120.26,120.87,120.14,120.16
2001-06-07,120.09,120.34,119.59,120.15
2001-06-08,120.17,120.95,120.05,120.94
2001-06-11,120.89,122.09,120.87,121.88
2001-06-12,121.96,122.11,121.55,121.62
2001-06-13,121.7,122.46,121.57,122.05
2001-06-14,122.1,122.31,121.16,121.27
2001-06-15,121.32,123.28,120.85,122.89
2001-06-18,123.03,123.54,122.73,123.26
2001-06-19,123.25,123.8,122.67,122.79
2001-06-20,122.91,124.06,122.66,123.74
2001-06-21,123.91,124.59,123.62,124.61
2001-06-22,124.65,124.74,123.83,124.45
2001-06-25,124.29,124.49,123.71,123.8
2001-06-26,123.83,124.04,123.27,123.79
2001-06-27,123.77,124.48,123.73,124.34
2001-06-28,124.3,125.01,124.21,124.63
2001-06-29,124.75,124.9,123.74,124.67
2001-07-02,124.7,125.03,124.14,124.09
2001-07-03,124.15,124.62,123.68,124.38
2001-07-04,124.37,125.08,124.23,124.47
2001-07-05,124.47,125.85,124.41,125.68
2001-07-06,125.7,126.17,125.44,125.83
2001-07-09,125.73,126.01,125.26,125.25
2001-07-10,125.36,125.92,125.23,125.3
2001-07-11,125.38,125.78,123.85,124.33
2001-07-12,124.39,124.54,123.5,123.76
2001-07-13,123.84,124.97,123.83,124.93
2001-07-16,124.72,125.54,124.71,125.47
2001-07-17,125.48,125.68,124.77,124.83
2001-07-18,124.92,125.47,123.78,123.92
2001-07-19,123.95,124.19,123.21,123.27
2001-07-20,123.43,123.8,122.69,122.94
2001-07-23,123.06,124.44,123.04,124.41
2001-07-24,124.41,124.52,123.87,124.01
2001-07-25,124.14,124.49,123.43,123.55
2001-07-26,123.62,124.1,123.14,123.71
2001-07-27,123.73,124.16,123.22,123.46
2001-07-30,123.26,125.38,123.24,125.13
2001-07-31,125.18,125.27,124.63,125.03
2001-08-01,125.03,125.26,124.45,124.6
2001-08-02,124.59,124.74,123.58,123.65
2001-08-03,123.7,124.07,123.3,123.65
2001-08-06,123.72,124.29,123.7,123.87
2001-08-07,123.89,124.18,123.54,123.61
2001-08-08,123.56,123.73,122.79,123.59
2001-08-09,123.68,123.99,121.36,121.75
2001-08-10,121.79,122.63,121.73,121.99
2001-08-13,122.0,122.56,121.4,122.45
2001-08-14,122.48,123.19,121.19,121.74
2001-08-15,121.82,121.95,119.07,119.55
2001-08-16,119.63,120.4,119.26,120.36
2001-08-17,120.34,120.81,120.05,120.23
2001-08-20,120.35,120.89,120.07,120.71
2001-08-21,120.73,120.98,119.54,119.53
2001-08-22,119.79,120.36,119.33,120.38
2001-08-23,120.32,120.52,119.64,119.83
2001-08-24,119.92,120.4,119.54,120.01
2001-08-27,120.14,120.53,119.81,119.87
2001-08-28,119.88,120.83,119.7,120.03
2001-08-29,120.03,120.22,119.07,120.14
2001-08-30,120.17,120.28,119.21,119.37
2001-08-31,119.44,119.57,118.46,118.75
2001-09-03,119.07,119.3,118.59,118.74
2001-09-04,118.72,119.67,118.6,119.24
2001-09-05,119.4,120.95,119.33,120.64
2001-09-06,120.69,121.56,120.62,120.84
2001-09-07,120.89,121.45,119.75,120.0
2001-09-10,120.18,120.73,119.94,121.0
2001-09-11,121.01,122.09,118.53,119.17
2001-09-12,119.71,119.85,118.6,119.49
2001-09-13,119.54,119.79,118.62,118.85
2001-09-14,118.9,119.23,116.9,117.35
2001-09-17,117.58,118.4,116.68,117.85
2001-09-18,117.78,118.21,117.1,117.24
2001-09-19,117.39,118.18,117.11,117.57
2001-09-20,117.62,117.7,115.8,116.24
2001-09-21,116.36,117.52,116.03,116.57
2001-09-24,116.76,117.63,116.29,117.49
2001-09-25,117.53,117.82,116.98,117.48
2001-09-26,117.64,118.12,117.09,117.7
2001-09-27,117.74,120.07,117.66,119.7
2001-09-28,119.7,119.78,118.68,119.53
2001-10-01,119.51,120.46,119.33,120.16
2001-10-02,120.23,121.16,120.11,120.74
2001-10-03,120.74,121.48,120.44,120.6
2001-10-04,120.62,120.87,120.15,120.44
2001-10-05,120.48,120.69,119.93,120.5
2001-10-08,120.43,120.43,119.59,119.83
2001-10-09,119.8,120.37,119.78,120.07
2001-10-10,120.15,120.62,119.77,120.35
2001-10-11,120.39,121.71,120.11,121.36
2001-10-12,121.44,121.78,120.71,121.11
2001-10-15,120.87,121.18,120.48,120.8
2001-10-16,120.85,121.93,120.62,121.25
2001-10-17,121.27,121.82,120.76,121.23
2001-10-18,121.22,121.5,120.74,121.06
2001-10-19,121.11,121.35,120.81,121.2
2001-10-22,121.18,122.6,121.16,122.42
2001-10-23,122.43,123.09,122.24,122.54
2001-10-24,122.68,122.96,122.33,122.75
2001-10-25,122.89,123.39,122.45,122.84
2001-10-26,122.92,123.29,122.41,122.66
2001-10-29,122.72,122.84,121.85,121.94
2001-10-30,121.92,122.16,121.57,121.94
2001-10-31,121.97,122.66,121.65,122.37
2001-11-01,122.46,122.54,121.35,121.96
2001-11-02,122.05,122.06,121.41,121.67
2001-11-05,121.64,122.14,121.58,121.7
2001-11-06,121.67,121.72,120.96,121.15
2001-11-07,121.21,121.27,120.73,120.89
2001-11-08,121.07,121.41,119.83,120.11
2001-11-09,120.1,120.55,120.02,120.35
2001-11-12,120.43,120.88,119.7,120.4
2001-11-13,120.53,121.75,120.41,121.64
2001-11-14,121.65,122.06,121.37,121.55
2001-11-15,121.57,122.52,121.49,122.28
2001-11-16,122.32,122.93,121.98,122.9
2001-11-19,122.79,123.53,122.74,123.24
2001-11-20,123.26,123.29,122.52,122.55
2001-11-21,122.64,123.44,122.54,123.09
2001-11-22,123.13,124.05,122.96,123.93
2001-11-23,123.98,124.51,123.68,124.26
2001-11-26,124.33,124.47,123.78,124.05
2001-11-27,124.08,124.63,123.7,123.91
2001-11-28,123.92,124.02,123.04,123.08
2001-11-29,123.08,123.97,122.82,123.83
2001-11-30,123.83,124.2,122.81,123.37
2001-12-03,123.37,124.04,123.25,124.06
2001-12-04,124.12,124.4,123.63,124.22
2001-12-05,124.18,124.54,123.98,124.12
2001-12-06,124.16,124.96,123.74,124.68
2001-12-07,124.67,125.78,124.48,125.5
2001-12-10,125.56,126.42,125.53,126.0
2001-12-11,125.97,126.35,125.69,126.05
2001-12-12,126.03,126.6,125.49,125.94
2001-12-13,126.03,126.67,125.86,126.04
2001-12-14,126.03,127.98,125.95,127.31
2001-12-17,127.22,128.06,127.12,127.52
2001-12-18,127.49,128.47,127.46,127.71
2001-12-19,127.78,128.45,127.59,127.98
2001-12-20,128.09,128.85,127.9,128.5
2001-12-21,128.64,129.73,128.64,129.48
2001-12-24,129.58,130.01,129.3,129.79
2001-12-25,129.93,130.97,129.74,130.8
2001-12-26,130.92,131.01,130.38,130.79
2001-12-27,130.85,132.03,130.81,131.64
2001-12-28,131.72,131.93,130.78,131.08
2001-12-31,131.24,131.62,130.63,131.63
2002-01-02,131.59,132.32,131.29,132.11
2002-01-03,132.1,132.23,131.35,131.64
2002-01-04,131.76,131.84,130.67,130.89
2002-01-07,130.94,131.63,130.36,130.96
2002-01-08,131.07,132.86,131.03,132.67
2002-01-09,132.77,133.42,132.2,132.84
2002-01-10,133.04,133.23,131.97,132.61
2002-01-11,132.44,132.6,131.55,132.05
2002-01-14,132.07,132.17,131.47,131.99
2002-01-15,132.01,132.07,130.88,131.25
2002-01-16,131.11,132.05,130.98,131.84
2002-01-17,132.03,132.53,131.8,132.54
2002-01-18,132.65,132.94,132.49,132.52
2002-01-21,132.57,132.76,132.0,132.56
2002-01-22,132.64,134.5,132.61,133.85
2002-01-23,133.87,134.59,133.6,134.4
2002-01-24,134.52,134.83,134.07,134.73
2002-01-25,134.73,134.99,134.08,134.34
2002-01-28,134.76,134.95,133.94,133.52
2002-01-29,133.44,133.76,132.96,133.28
2002-01-30,133.35,133.68,132.33,132.84
2002-01-31,132.89,134.65,132.6,134.56
2002-02-01,134.59,135.06,133.2,133.05
2002-02-04,132.99,133.51,132.26,132.31
2002-02-05,132.41,134.17,131.94,133.88
2002-02-06,133.91,134.39,133.35,133.69
2002-02-07,133.62,134.18,133.38,133.64
2002-02-08,133.73,135.03,133.5,134.6
2002-02-11,134.93,135.01,133.35,133.35
2002-02-12,133.33,133.75,132.53,132.68
2002-02-13,132.6,133.44,132.14,133.34
2002-02-14,133.37,133.4,131.97,132.07
2002-02-15,132.12,133.25,131.83,132.57
2002-02-18,132.84,132.93,132.38,132.66
2002-02-19,132.73,134.06,132.61,133.6
2002-02-20,133.6,133.98,132.99,133.71
2002-02-21,133.76,134.5,133.38,134.16
2002-02-22,134.12,134.53,133.53,133.99
2002-02-25,134.13,134.2,133.6,133.78
2002-02-26,133.86,134.7,133.62,134.57
2002-02-27,134.55,135.01,134.1,134.31
2002-02-28,134.33,134.44,133.52,133.64
2002-03-01,133.54,133.88,133.07,133.37
2002-03-04,133.53,133.61,131.93,132.14
2002-03-05,132.24,132.63,131.57,132.14
2002-03-06,132.15,132.54,130.63,130.65
2002-03-07,130.68,130.95,126.38,127.1
2002-03-08,127.35,128.57,127.29,128.49
2002-03-11,128.51,129.22,127.77,128.34
2002-03-12,128.42,129.16,127.98,128.92
2002-03-13,128.9,129.67,128.89,129.48
2002-03-14,129.55,129.59,128.21,129.19
2002-03-15,129.12,129.49,128.83,129.16
2002-03-18,129.16,131.59,129.11,131.33
2002-03-19,131.25,132.44,130.85,131.96
2002-03-20,132.1,132.47,131.26,131.4
2002-03-21,131.37,132.27,131.23,131.99
2002-03-22,132.01,132.97,131.97,132.82
2002-03-25,132.94,133.49,132.66,133.37
2002-03-26,133.42,133.48,132.26,133.01
2002-03-27,133.14,133.3,132.29,132.71
2002-03-28,132.69,132.91,132.16,132.63
2002-03-29,132.67,133.2,132.26,132.74
2002-04-01,132.75,133.85,132.73,133.4
2002-04-02,133.47,133.66,132.84,133.32
2002-04-03,133.33,133.39,132.36,132.74
2002-04-04,132.68,133.14,131.59,132.32
2002-04-05,132.31,132.44,131.31,131.65
2002-04-08,131.75,131.86,131.12,131.58
2002-04-09,131.67,131.97,130.81,130.87
2002-04-10,130.75,130.91,130.16,130.69
2002-04-11,130.7,131.87,130.64,131.53
2002-04-12,131.45,132.31,131.25,131.92
2002-04-15,131.97,132.42,131.31,132.11
2002-04-16,132.18,132.19,130.88,131.16
2002-04-17,131.2,131.33,130.42,130.67
2002-04-18,130.69,130.78,129.57,130.0
2002-04-19,130.03,130.7,129.83,130.31
2002-04-22,130.55,130.57,129.62,129.95
2002-04-23,130.01,130.33,129.71,130.2
2002-04-24,130.2,130.48,129.45,129.55
2002-04-25,129.66,129.68,128.16,128.7
2002-04-26,128.7,128.95,127.8,127.81
2002-04-29,127.96,128.29,127.6,128.0
2002-04-30,128.05,128.68,127.77,128.49
2002-05-01,128.54,128.68,127.16,127.47
2002-05-02,127.44,128.16,126.93,127.84
2002-05-03,127.89,128.06,126.84,126.97
2002-05-06,127.03,127.56,126.92,127.09
2002-05-07,127.18,128.41,126.72,127.91
2002-05-08,128.13,128.9,127.81,128.87
2002-05-09,128.83,129.1,128.13,128.3
2002-05-10,128.27,128.74,127.55,127.59
2002-05-13,127.7,127.9,127.16,127.79
2002-05-14,127.78,128.84,127.71,128.5
2002-05-15,128.57,128.7,127.67,127.6
2002-05-16,127.62,128.44,127.29,128.09
2002-05-17,128.07,128.14,125.54,125.94
2002-05-20,126.01,126.23,125.18,125.35
2002-05-21,125.32,126.1,123.66,124.11
2002-05-22,124.18,125.12,123.51,124.1
2002-05-23,124.27,125.35,123.85,125.03
2002-05-24,125.09,125.33,124.6,124.71
2002-05-27,124.79,125.09,124.69,124.72
2002-05-28,124.81,124.96,124.31,124.54
2002-05-29,124.57,124.72,124.14,124.38
2002-05-30,124.35,124.41,122.8,123.24
2002-05-31,123.37,124.62,122.97,124.09
2002-06-03,124.27,124.53,123.6,123.56
2002-06-04,123.62,124.41,123.26,124.12
2002-06-05,124.15,124.76,123.86,124.42
2002-06-06,123.95,125.09,123.88,124.06
2002-06-07,124.1,124.69,124.03,124.33
2002-06-10,124.44,124.97,124.32,124.75
2002-06-11,124.75,125.85,124.4,125.26
2002-06-12,125.33,125.93,125.19,125.7
2002-06-13,125.73,125.93,124.79,124.86
2002-06-14,124.94,125.13,123.94,124.08
2002-06-17,124.25,124.56,124.02,124.28
2002-06-18,124.29,124.87,124.22,124.31
2002-06-19,124.28,124.39,123.63,123.83
2002-06-20,123.87,124.25,123.23,123.46
2002-06-21,123.49,123.98,120.8,121.09
2002-06-24,121.41,122.81,120.98,121.7
2002-06-25,121.63,122.04,121.37,121.31
2002-06-26,121.34,121.78,118.92,120.06
2002-06-27,120.1,120.32,119.15,119.68
2002-06-28,119.69,120.41,118.34,119.57
2002-07-01,119.71,120.2,119.22,119.65
2002-07-02,119.82,120.82,119.64,119.82
2002-07-03,119.9,120.6,119.62,119.68
2002-07-04,119.8,120.49,119.79,120.03
2002-07-05,120.06,120.69,119.83,120.32
2002-07-08,120.03,120.18,118.36,118.34
2002-07-09,118.47,118.98,117.72,118.06
2002-07-10,118.13,118.37,117.48,117.62
2002-07-11,117.66,117.95,116.46,117.0
2002-07-12,117.14,117.28,116.46,116.85
2002-07-15,117.1,117.1,115.63,116.35
2002-07-16,116.26,116.53,115.39,115.83
2002-07-17,115.82,116.76,115.58,116.3
2002-07-18,116.34,117.35,116.17,116.5
2002-07-19,116.4,116.65,115.54,115.85
2002-07-22,115.88,116.69,115.74,116.24
2002-07-23,116.25,117.94,116.22,117.52
2002-07-24,117.56,117.62,115.88,116.65
2002-07-25,116.67,117.09,116.18,116.4
2002-07-26,116.57,119.02,116.4,118.77
2002-07-29,118.95,120.0,118.47,119.63
2002-07-30,119.63,120.34,119.21,120.2
2002-07-31,120.28,120.43,119.38,119.86
2002-08-01,119.83,120.37,118.97,119.28
2002-08-02,119.19,119.39,118.74,118.8
2002-08-05,118.88,119.66,118.63,119.67
2002-08-06,119.7,121.25,119.47,120.77
2002-08-07,120.82,121.13,120.09,120.16
2002-08-08,120.26,121.19,119.93,121.0
2002-08-09,121.06,121.37,119.99,120.1
2002-08-12,120.17,120.18,118.77,118.92
2002-08-13,119.01,119.3,118.52,118.36
2002-08-14,118.16,118.39,116.29,117.35
2002-08-15,117.49,117.89,116.89,117.35
2002-08-16,117.41,117.84,117.18,117.56
2002-08-19,117.65,118.77,117.44,118.62
2002-08-20,118.62,119.29,118.44,118.85
2002-08-21,118.82,118.85,117.73,118.48
2002-08-22,118.5,119.99,118.46,119.86
2002-08-23,119.8,120.32,119.47,119.59
2002-08-26,119.63,119.92,119.34,119.74
2002-08-27,119.77,119.9,117.96,118.16
2002-08-28,118.27,118.82,117.88,118.84
2002-08-29,118.97,119.1,117.4,118.2
2002-08-30,118.28,118.8,117.73,118.44
2002-09-02,118.5,118.83,117.93,118.15
2002-09-03,118.13,118.18,116.83,117.07
2002-09-04,117.08,118.28,116.98,117.96
2002-09-05,118.0,118.57,117.27,118.3
2002-09-06,118.35,118.92,117.93,118.51
2002-09-09,118.54,119.33,118.16,118.89
2002-09-10,118.91,120.16,118.59,119.89
2002-09-11,119.84,120.74,119.6,120.32
2002-09-12,120.25,120.7,119.76,120.0
2002-09-13,120.03,122.33,119.43,121.63
2002-09-16,121.81,122.5,121.69,122.28
2002-09-17,122.35,123.51,121.92,121.94
2002-09-18,122.09,123.1,121.33,121.4
2002-09-19,121.42,121.97,120.9,121.4
2002-09-20,121.41,123.75,121.27,123.34
2002-09-23,123.57,124.25,122.84,123.84
2002-09-24,123.87,124.05,122.94,123.3
2002-09-25,123.26,123.44,122.02,122.84
2002-09-26,122.82,123.1,122.0,122.01
2002-09-27,122.08,123.25,122.02,122.48
2002-09-30,122.61,122.85,121.07,121.71
2002-10-01,121.64,122.82,121.62,122.54
2002-10-02,122.64,123.38,122.5,122.85
2002-10-03,122.85,123.15,122.4,122.66
2002-10-04,122.61,123.32,122.32,123.2
2002-10-07,123.24,124.47,123.04,124.32
2002-10-08,124.29,124.66,123.94,124.35
2002-10-09,124.27,124.42,123.17,123.32
2002-10-10,123.33,123.77,123.01,123.6
2002-10-11,123.67,124.54,123.39,124.02
2002-10-14,124.1,124.29,123.79,124.3
2002-10-15,124.35,125.04,124.19,124.66
2002-10-16,124.75,125.07,123.9,124.47
2002-10-17,124.55,125.18,124.02,125.08
2002-10-18,125.03,125.6,124.97,125.46
2002-10-21,125.45,125.67,124.45,124.89
2002-10-22,124.91,125.49,124.76,125.12
2002-10-23,125.18,125.28,123.82,124.55
2002-10-24,124.65,124.9,123.88,124.41
2002-10-25,124.47,124.68,123.6,124.35
2002-10-28,124.23,125.02,123.43,123.56
2002-10-29,123.6,123.78,122.32,123.13
2002-10-30,123.17,123.27,122.51,122.92
2002-10-31,122.95,123.25,122.31,122.47
2002-11-01,122.47,122.87,121.61,122.13
2002-11-04,122.15,122.6,122.12,122.2
2002-11-05,122.21,122.3,121.37,121.83
2002-11-06,121.85,122.67,121.73,121.85
2002-11-07,121.79,121.98,121.17,121.12
2002-11-08,121.19,121.38,119.54,119.76
2002-11-11,119.82,120.1,119.09,119.6
2002-11-12,119.65,119.89,119.28,119.67
2002-11-13,119.68,120.32,119.5,120.09
2002-11-14,120.12,120.71,119.65,120.45
2002-11-15,120.49,120.94,120.25,120.48
2002-11-18,120.46,121.27,120.33,120.99
2002-11-19,121.06,122.42,120.87,122.16
2002-11-20,122.26,122.7,122.18,122.64
2002-11-21,122.67,122.94,121.96,122.62
2002-11-22,122.65,122.97,122.52,122.81
2002-11-25,122.98,123.18,121.83,122.1
2002-11-26,122.13,122.15,121.57,121.58
2002-11-27,121.58,122.42,121.35,122.31
2002-11-28,122.31,122.43,122.0,122.21
2002-11-29,122.26,122.75,122.16,122.51
2002-12-02,122.62,125.01,122.68,124.53
2002-12-03,124.53,124.82,124.23,124.54
2002-12-04,124.58,125.0,124.19,124.57
2002-12-05,124.66,125.65,124.44,124.81
2002-12-06,124.85,125.46,122.85,123.49
2002-12-09,123.44,123.52,122.5,123.32
2002-12-10,123.4,123.83,123.09,123.74
2002-12-11,123.79,124.01,123.15,123.61
2002-12-12,123.66,123.82,122.55,122.69
2002-12-13,122.74,122.83,120.4,120.45
2002-12-16,120.63,121.42,120.42,121.33
2002-12-17,121.36,121.47,120.29,121.24
2002-12-18,121.26,121.67,120.94,121.09
2002-12-19,121.12,121.28,120.41,120.48
2002-12-20,120.5,120.96,120.35,120.37
2002-12-23,120.31,120.8,119.83,120.41
2002-12-24,120.41,120.52,120.03,120.33
2002-12-25,120.26,120.48,120.22,120.26
2002-12-26,120.33,120.38,119.95,119.93
2002-12-27,119.97,120.18,119.85,119.87
2002-12-30,119.89,120.02,118.34,118.52
2002-12-31,118.53,118.82,118.4,118.74
2003-01-01,118.79,118.79,118.6,118.7
2003-01-02,118.73,120.16,118.68,120.07
2003-01-03,120.1,120.28,119.66,119.71
2003-01-06,119.83,119.82,118.6,119.15
2003-01-07,119.29,120.56,119.22,120.39
2003-01-08,120.48,120.47,118.76,119.03
2003-01-09,119.14,119.59,118.78,119.28
2003-01-10,119.3,120.02,119.11,119.24
2003-01-13,119.21,119.47,118.77,118.89
2003-01-14,118.95,119.1,117.68,118.09
2003-01-15,118.14,118.49,117.81,118.11
2003-01-16,118.15,118.31,117.72,117.85
2003-01-17,117.83,118.18,117.53,117.73
2003-01-20,117.96,118.32,117.91,117.97
2003-01-21,118.07,119.11,118.01,118.12
2003-01-22,118.1,118.52,118.01,118.31
2003-01-23,118.23,118.8,117.72,118.05
2003-01-24,118.15,118.18,117.62,117.78
2003-01-27,117.88,119.14,117.57,118.37
2003-01-28,118.5,118.92,118.37,118.64
2003-01-29,118.64,118.75,117.89,118.44
2003-01-30,118.42,119.47,118.38,118.99
2003-01-31,119.05,120.02,118.92,119.86
2003-02-03,119.78,120.77,119.78,120.28
2003-02-04,120.21,120.51,119.66,119.73
2003-02-05,119.68,120.24,119.09,119.96
2003-02-06,120.05,120.22,119.62,119.85
2003-02-07,119.81,120.42,119.63,120.3
2003-02-10,120.37,121.34,120.3,121.22
2003-02-11,121.29,121.74,120.97,121.0
2003-02-12,121.04,121.44,120.53,121.21
2003-02-13,121.4,121.41,120.34,120.62
2003-02-14,120.6,120.72,120.19,120.28
2003-02-17,120.43,120.78,120.08,120.14
2003-02-18,120.26,120.3,118.73,118.99
2003-02-19,119.04,119.16,118.59,118.7
2003-02-20,118.74,119.07,118.14,118.31
2003-02-21,118.37,118.88,118.23,118.69
2003-02-24,118.99,118.89,117.64,117.86
2003-02-25,117.92,118.22,117.03,117.26
2003-02-26,117.29,117.59,117.05,117.05
2003-02-27,117.09,117.77,116.84,117.57
2003-02-28,117.67,118.28,117.64,118.11
2003-03-03,118.23,118.29,117.32,117.53
2003-03-04,117.57,118.04,117.47,117.85
2003-03-05,117.95,117.76,117.07,117.27
2003-03-06,117.33,117.56,117.2,117.37
2003-03-07,117.38,117.48,116.41,117.05
2003-03-10,117.12,117.13,116.43,116.84
2003-03-11,116.82,117.3,116.69,117.08
2003-03-12,117.11,117.53,117.08,117.27
2003-03-13,117.35,118.72,117.41,118.65
2003-03-14,118.68,118.73,118.09,118.23
2003-03-17,118.19,118.69,117.61,118.54
2003-03-18,118.53,119.18,118.5,118.83
2003-03-19,118.84,120.65,118.58,120.46
2003-03-20,120.54,120.47,119.81,120.23
2003-03-21,120.27,121.84,120.27,121.43
2003-03-24,121.0,121.28,120.4,120.78
2003-03-25,120.75,120.79,119.46,120.14
2003-03-26,120.18,120.47,119.87,120.03
2003-03-27,119.99,120.05,119.62,119.95
2003-03-28,119.97,120.39,119.51,119.77
2003-03-31,119.86,120.12,117.89,117.93
2003-04-01,118.0,118.45,117.87,118.01
2003-04-02,118.0,119.23,117.72,118.92
2003-04-03,118.97,119.68,118.58,119.4
2003-04-04,119.38,120.18,119.24,119.96
2003-04-07,120.37,120.9,119.67,119.69
2003-04-08,119.89,120.12,119.47,119.83
2003-04-09,119.76,120.62,119.71,120.06
2003-04-10,120.1,120.24,119.27,119.61
2003-04-11,119.68,120.79,119.54,120.52
2003-04-14,120.56,120.79,120.07,120.31
2003-04-15,120.35,120.68,120.03,120.25
2003-04-16,120.31,120.57,119.36,119.54
2003-04-17,119.55,119.74,118.96,119.63
2003-04-18,119.57,119.85,119.6,119.81
2003-04-21,119.66,120.67,119.57,120.47
2003-04-22,120.57,120.73,119.41,119.93
2003-04-23,119.89,120.62,119.81,120.36
2003-04-24,120.45,120.66,119.65,119.97
2003-04-25,119.87,121.11,119.76,120.18
2003-04-28,120.2,120.48,119.95,120.43
2003-04-29,120.47,120.59,119.69,119.78
2003-04-30,119.82,119.85,118.65,118.84
2003-05-01,118.92,118.99,118.25,118.56
2003-05-02,118.6,119.24,118.41,119.02
2003-05-05,119.05,119.06,118.52,118.56
2003-05-06,118.59,118.74,117.47,117.49
2003-05-07,117.53,117.81,116.17,116.36
2003-05-08,116.43,117.13,116.07,117.1
2003-05-09,117.12,117.54,117.08,117.36
2003-05-12,117.23,117.15,116.34,116.82
2003-05-13,116.98,117.48,116.39,116.82
2003-05-14,116.78,116.84,115.76,116.28
2003-05-15,116.3,116.56,115.45,116.45
2003-05-16,116.56,116.58,115.88,116.08
2003-05-19,115.57,117.45,115.1,117.11
2003-05-20,117.16,117.38,116.62,116.6
2003-05-21,116.68,117.59,116.54,117.53
2003-05-22,117.69,117.75,116.99,117.14
2003-05-23,117.19,117.44,116.79,116.85
2003-05-26,116.83,117.38,116.75,116.83
2003-05-27,116.88,117.32,116.33,117.25
2003-05-28,117.29,118.84,116.98,118.55
2003-05-29,118.6,119.13,117.95,117.93
2003-05-30,118.05,119.65,118.12,119.27
2003-06-02,119.55,119.5,118.42,118.59
2003-06-03,118.66,119.32,118.32,119.22
2003-06-04,119.16,119.38,118.41,118.87
2003-06-05,118.85,118.91,117.44,117.63
2003-06-06,117.66,118.91,117.65,118.62
2003-06-09,118.76,118.79,117.87,118.16
2003-06-10,118.2,118.33,117.6,117.71
2003-06-11,117.77,118.13,117.57,117.74
2003-06-12,117.79,117.96,117.52,117.65
2003-06-13,117.69,117.87,117.25,117.39
2003-06-16,117.35,117.81,117.2,117.63
2003-06-17,117.66,118.39,117.49,118.12
2003-06-18,118.16,118.69,117.75,117.81
2003-06-19,117.93,119.06,118.04,118.35
2003-06-20,118.43,118.64,118.06,118.28
2003-06-23,118.51,118.6,117.52,117.75
2003-06-24,117.8,118.05,117.63,117.84
2003-06-25,117.85,118.12,117.39,117.95
2003-06-26,117.97,119.45,118.0,119.37
2003-06-27,119.43,120.0,119.23,119.6
2003-06-30,119.74,120.23,119.67,119.76
2003-07-01,119.72,119.94,119.12,119.39
2003-07-02,119.38,119.47,117.98,118.09
2003-07-03,118.18,118.6,117.96,118.14
2003-07-04,118.17,118.48,118.01,117.97
2003-07-07,118.09,118.31,117.88,118.2
2003-07-08,118.17,118.67,117.63,118.12
2003-07-09,118.19,118.46,117.67,117.8
2003-07-10,117.79,117.98,117.48,117.62
2003-07-11,117.69,118.0,117.58,117.85
2003-07-14,117.83,117.85,117.34,117.69
2003-07-15,117.77,118.04,116.89,117.94
2003-07-16,117.95,118.65,117.96,118.06
2003-07-17,118.12,118.94,117.93,118.75
2003-07-18,118.78,119.24,118.32,118.49
2003-07-21,118.68,118.74,118.25,118.46
2003-07-22,118.47,119.38,118.6,119.09
2003-07-23,119.04,119.11,118.68,118.75
2003-07-24,118.82,119.3,118.58,118.91
2003-07-25,119.02,119.3,118.6,118.67
2003-07-28,118.92,119.59,118.91,119.46
2003-07-29,119.42,119.94,119.15,119.9
2003-07-30,120.07,120.61,119.65,120.17
2003-07-31,120.39,120.64,119.82,120.51
2003-08-01,120.28,120.66,119.89,120.09
2003-08-04,120.18,120.58,119.76,120.28
2003-08-05,120.1,120.6,119.8,119.77
2003-08-06,120.08,120.46,119.76,120.26
2003-08-07,119.68,120.23,118.83,118.97
2003-08-08,119.0,119.27,118.88,119.11
2003-08-11,118.79,119.13,118.26,118.52
2003-08-12,118.63,118.77,118.4,118.7
2003-08-13,118.93,119.44,118.54,119.13
2003-08-14,119.12,119.67,118.97,119.04
2003-08-15,119.19,119.3,118.81,119.15
2003-08-18,119.34,119.73,119.1,119.46
2003-08-19,118.98,119.77,118.27,118.35
2003-08-20,118.26,118.78,117.88,118.04
2003-08-21,117.92,118.2,117.55,117.76
2003-08-22,117.64,118.04,117.39,117.46
2003-08-25,117.43,117.65,117.18,117.32
2003-08-26,117.36,117.8,117.24,117.34
2003-08-27,117.41,117.98,117.35,117.41
2003-08-28,117.42,117.62,117.26,117.27
2003-08-29,117.34,117.39,116.2,116.89
2003-09-01,116.7,116.78,116.37,116.58
2003-09-02,116.54,117.22,115.96,116.4
2003-09-03,116.2,116.6,115.85,115.85
2003-09-04,116.39,117.04,115.84,116.74
2003-09-05,116.78,117.13,116.56,116.75
2003-09-08,117.23,117.69,116.42,116.79
2003-09-09,116.82,116.95,116.19,116.79
2003-09-10,116.98,117.24,116.69,117.09
2003-09-11,117.13,117.26,116.79,117.06
2003-09-12,117.23,117.47,116.88,117.29
2003-09-15,117.37,117.65,117.26,117.41
2003-09-16,116.84,117.44,116.07,116.15
2003-09-17,116.15,116.5,115.92,116.05
2003-09-18,115.69,116.18,114.86,115.27
2003-09-19,114.6,115.47,113.69,114.06
2003-09-22,112.34,112.69,111.53,112.27
2003-09-23,112.33,112.35,111.01,112.26
2003-09-24,112.16,112.34,111.29,111.8
2003-09-25,112.05,112.31,111.52,112.09
2003-09-26,112.15,112.26,111.6,111.57
2003-09-29,111.25,111.74,110.74,110.82
2003-09-30,111.2,111.95,110.18,111.48
2003-10-01,111.03,111.45,110.56,110.56
2003-10-02,110.68,111.25,110.58,110.65
2003-10-03,110.7,111.06,110.3,110.87
2003-10-06,110.97,111.31,110.81,110.92
2003-10-07,110.45,111.13,109.47,109.92
2003-10-08,109.74,109.93,109.44,109.53
2003-10-09,109.32,109.6,108.96,109.13
2003-10-10,108.76,109.3,108.29,108.63
2003-10-13,108.74,109.03,108.32,108.88
2003-10-14,108.89,110.22,108.74,108.87
2003-10-15,108.91,109.83,108.81,109.5
2003-10-16,109.75,110.25,109.23,109.86
2003-10-17,109.6,109.98,109.3,109.29
2003-10-20,109.64,110.52,108.89,110.38
2003-10-21,110.0,110.37,109.45,109.44
2003-10-22,109.23,109.7,108.87,108.97
2003-10-23,109.5,109.68,109.15,109.45
2003-10-24,109.35,109.9,109.08,109.11
2003-10-27,108.94,109.15,108.32,108.49
2003-10-28,108.39,108.62,108.2,108.2
2003-10-29,108.28,108.37,107.86,108.31
2003-10-30,108.56,108.92,107.98,108.73
2003-10-31,109.34,110.18,108.63,109.88
2003-11-03,110.44,111.38,109.75,110.98
2003-11-04,110.27,110.93,109.44,109.51
2003-11-05,109.73,110.07,109.51,109.85
2003-11-06,110.06,110.31,109.85,110.25
2003-11-07,109.8,110.39,109.14,109.31
2003-11-10,109.08,109.62,107.92,108.65
2003-11-11,108.78,109.09,108.5,108.67
2003-11-12,108.8,109.08,108.5,108.81
2003-11-13,108.5,108.8,108.06,108.09
2003-11-14,108.26,108.51,107.97,108.31
2003-11-17,108.6,109.63,108.25,108.9
2003-11-18,108.44,109.09,107.96,108.04
2003-11-19,108.64,109.38,107.73,109.24
2003-11-20,109.17,109.25,108.72,108.93
2003-11-21,108.9,109.36,108.66,108.74
2003-11-24,109.06,109.49,108.82,109.38
2003-11-25,109.37,110.01,109.3,109.36
2003-11-26,109.26,109.76,108.91,108.99
2003-11-27,109.07,109.28,108.91,109.08
2003-11-28,109.37,109.66,109.16,109.6
2003-12-01,109.57,110.02,109.12,109.4
2003-12-02,108.99,109.8,108.57,108.55
2003-12-03,108.45,108.81,108.13,108.18
2003-12-04,108.24,108.42,107.98,108.19
2003-12-05,107.96,108.4,107.6,107.67
2003-12-08,107.53,107.77,107.12,107.3
2003-12-09,107.33,107.54,106.88,106.92
2003-12-10,107.74,108.69,107.07,108.23
2003-12-11,108.22,108.44,107.94,108.03
2003-12-12,107.93,108.06,107.68,107.73
2003-12-15,107.95,108.26,107.43,107.64
2003-12-16,107.58,107.84,107.41,107.5
2003-12-17,107.45,107.8,107.22,107.47
2003-12-18,107.52,108.07,107.35,107.5
2003-12-19,107.74,108.01,107.56,107.77
2003-12-22,107.62,107.95,107.32,107.53
2003-12-23,107.49,107.54,107.29,107.38
2003-12-24,107.35,107.54,107.13,107.31
2003-12-25,107.32,107.36,107.13,107.22
2003-12-26,107.35,107.55,106.96,107.46
2003-12-29,107.19,107.37,106.89,107.08
2003-12-30,107.06,107.14,106.91,107.04
2003-12-31,107.15,107.63,106.88,107.33
2004-01-01,107.38,107.49,107.18,107.43
2004-01-02,107.26,107.45,106.78,107.03
2004-01-05,106.64,107.2,106.07,106.24
2004-01-06,106.23,106.38,106.09,106.18
2004-01-07,106.19,106.4,106.04,106.2
2004-01-08,106.19,106.25,106.12,106.16
2004-01-09,106.48,107.73,106.16,106.57
2004-01-12,106.65,106.74,106.4,106.68
2004-01-13,106.44,106.68,106.12,106.19
2004-01-14,106.2,106.34,105.95,106.25
2004-01-15,106.27,106.51,106.02,106.34
2004-01-16,106.5,106.94,105.81,106.62
2004-01-19,106.95,107.42,106.48,107.22
2004-01-20,107.16,107.77,106.92,107.0
2004-01-21,107.01,107.28,106.66,106.95
2004-01-22,106.49,106.99,105.97,106.05
2004-01-23,106.79,106.79,106.29,106.71
2004-01-26,106.51,106.73,105.91,106.3
2004-01-27,105.96,106.4,105.5,105.61
2004-01-28,105.94,106.45,105.5,106.11
2004-01-29,106.04,106.27,105.72,105.9
2004-01-30,105.83,106.11,105.6,105.71
2004-02-02,105.61,105.8,105.41,105.57
2004-02-03,105.51,105.76,105.27,105.5
2004-02-04,105.46,105.62,105.34,105.41
2004-02-05,105.63,106.0,105.42,105.85
2004-02-06,105.65,106.74,105.39,105.59
2004-02-09,105.67,105.88,105.53,105.63
2004-02-10,105.64,105.88,105.34,105.49
2004-02-11,105.53,105.71,105.25,105.32
2004-02-12,105.43,105.53,105.3,105.38
2004-02-13,105.41,105.6,105.32,105.47
2004-02-16,105.51,105.54,105.4,105.45
2004-02-17,105.59,105.96,105.45,105.63
2004-02-18,106.23,107.02,105.52,106.74
2004-02-19,106.83,107.39,106.34,107.09
2004-02-20,108.05,109.27,106.91,108.99
2004-02-23,108.7,109.36,108.14,108.37
2004-02-24,108.27,108.73,108.05,108.18
2004-02-25,108.6,109.11,108.08,109.04
2004-02-26,109.28,109.78,108.78,109.6
2004-02-27,109.35,109.65,108.92,109.04
2004-03-01,109.03,109.41,108.92,108.99
2004-03-02,109.53,110.36,108.94,110.1
2004-03-03,110.08,110.5,110.01,110.02
2004-03-04,110.58,111.13,110.07,111.0
2004-03-05,111.59,112.25,111.01,112.02
2004-03-08,111.64,112.28,111.14,111.15
2004-03-09,111.27,111.58,110.66,111.27
2004-03-10,111.11,111.54,110.75,110.74
2004-03-11,110.79,111.1,110.48,110.84
2004-03-12,110.78,111.39,110.63,110.85
2004-03-15,110.52,111.03,109.47,110.29
2004-03-16,109.57,110.36,108.69,108.9
2004-03-17,108.52,108.93,108.02,108.2
2004-03-18,107.56,108.32,106.5,106.7
2004-03-19,106.78,107.28,106.65,106.72
2004-03-22,106.84,107.64,106.74,106.81
2004-03-23,106.82,106.93,106.53,106.74
2004-03-24,106.51,106.91,106.06,106.19
2004-03-25,106.19,106.46,105.82,106.12
2004-03-26,106.05,106.21,105.55,105.89
2004-03-29,105.6,105.92,105.34,105.5
2004-03-30,105.66,106.17,105.45,105.66
2004-03-31,104.98,105.92,103.56,104.26
2004-04-01,103.96,104.46,103.54,103.69
2004-04-02,104.1,104.71,103.72,104.49
2004-04-05,104.79,105.41,104.23,104.92
2004-04-06,105.38,106.91,105.03,105.72
2004-04-07,105.5,106.14,105.03,105.3
2004-04-08,105.79,106.45,105.33,106.22
2004-04-09,106.33,106.76,106.01,106.36
2004-04-12,105.89,106.44,105.3,105.42
2004-04-13,106.07,106.99,105.09,106.61
2004-04-14,107.66,108.91,106.74,108.63
2004-04-15,108.39,109.09,108.1,108.1
2004-04-16,108.0,108.81,107.6,107.8
2004-04-19,108.08,108.65,107.72,108.37
2004-04-20,108.59,108.93,107.73,108.76
2004-04-21,109.11,109.71,108.67,109.3
2004-04-22,109.4,109.9,109.22,109.38
2004-04-23,109.32,109.75,108.78,109.15
2004-04-26,108.88,109.34,108.36,108.69
2004-04-27,109.09,109.79,108.41,109.52
2004-04-28,109.79,110.19,108.82,110.04
2004-04-29,110.0,110.9,109.67,110.0
2004-04-30,110.18,110.59,109.87,110.36
2004-05-03,110.32,110.67,109.82,110.22
2004-05-04,109.79,110.53,109.28,109.32
2004-05-05,109.06,109.56,108.36,108.72
2004-05-06,109.31,109.89,108.68,109.8
2004-05-07,111.07,112.46,109.8,112.28
2004-05-10,113.09,114.1,112.39,113.79
2004-05-11,113.44,113.89,112.91,112.87
2004-05-12,112.96,113.36,112.49,112.97
2004-05-13,113.78,114.64,112.84,114.55
2004-05-14,114.41,114.84,114.01,114.05
2004-05-17,114.25,114.63,113.05,114.34
2004-05-18,114.29,114.66,113.45,114.26
2004-05-19,113.55,114.16,112.53,112.96
2004-05-20,112.78,113.78,112.68,112.76
2004-05-21,112.56,113.02,111.81,112.41
2004-05-24,112.57,113.07,112.2,112.86
2004-05-25,112.36,113.22,111.69,111.78
2004-05-26,111.79,111.96,111.28,111.73
2004-05-27,111.34,112.07,110.73,110.86
2004-05-28,110.47,111.02,110.0,109.96
2004-05-31,109.84,110.41,109.07,109.48
2004-06-01,109.96,110.7,109.28,110.59
2004-06-02,110.27,110.9,109.87,110.01
2004-06-03,110.52,111.45,109.87,110.99
2004-06-04,111.18,111.71,110.43,111.25
2004-06-07,110.26,110.87,109.5,109.56
2004-06-08,109.64,110.06,109.49,109.65
2004-06-09,110.0,110.56,108.69,110.25
2004-06-10,109.73,110.47,109.19,109.24
2004-06-11,109.76,110.46,109.3,110.14
2004-06-14,110.73,111.41,110.13,111.02
2004-06-15,110.23,111.33,109.3,109.51
2004-06-16,109.75,110.21,109.27,110.04
2004-06-17,109.79,110.22,108.95,109.46
2004-06-18,109.13,109.7,108.6,108.73
2004-06-21,108.82,108.96,108.28,108.87
2004-06-22,108.97,109.39,108.4,109.21
2004-06-23,108.8,109.15,108.34,108.49
2004-06-24,107.79,108.45,107.04,107.1
2004-06-25,107.4,108.01,107.17,107.61
2004-06-28,107.74,108.26,107.51,107.87
2004-06-29,108.1,108.73,107.9,108.2
2004-06-30,108.54,109.51,108.28,108.86
2004-07-01,108.63,108.69,107.9,108.3
2004-07-02,108.36,109.27,108.16,108.26
2004-07-05,108.77,109.19,108.35,109.07
2004-07-06,109.33,109.71,108.91,109.42
2004-07-07,109.07,109.49,108.27,108.64
2004-07-08,108.79,109.13,108.42,108.92
2004-07-09,108.59,108.96,108.03,108.19
2004-07-12,108.2,108.39,107.59,108.21
2004-07-13,108.42,109.4,108.21,108.61
2004-07-14,108.85,109.4,108.49,109.16
2004-07-15,109.5,109.99,109.04,109.75
2004-07-16,109.29,109.97,108.61,108.71
2004-07-19,108.53,108.81,108.13,108.25
2004-07-20,108.34,108.77,108.13,108.6
2004-07-21,109.17,110.22,108.43,109.76
2004-07-22,109.77,109.91,109.32,109.75
2004-07-23,109.97,110.26,109.68,110.14
2004-07-26,110.06,110.14,109.49,109.96
2004-07-27,110.42,111.15,109.65,110.89
2004-07-28,111.33,111.89,110.82,111.65
2004-07-29,111.88,112.43,111.55,112.05
2004-07-30,111.75,112.16,111.13,111.43
2004-08-02,110.95,111.4,110.63,110.75
2004-08-03,110.73,111.12,110.46,110.66
2004-08-04,110.9,111.73,110.55,111.05
2004-08-05,111.41,111.82,110.86,111.75
2004-08-06,111.17,111.88,109.92,110.55
2004-08-09,110.54,110.86,110.16,110.66
2004-08-10,111.02,111.47,110.46,111.35
2004-08-11,111.1,111.44,110.6,110.57
2004-08-12,110.85,111.2,110.47,110.78
2004-08-13,110.74,112.04,110.54,110.7
2004-08-16,110.42,110.98,110.37,110.46
2004-08-17,110.15,110.6,109.87,109.84
2004-08-18,109.62,110.15,109.32,109.35
2004-08-19,109.4,109.6,109.13,109.38
2004-08-20,109.27,109.72,109.0,109.12
2004-08-23,109.5,109.9,109.15,109.83
2004-08-24,109.73,110.04,109.44,109.63
2004-08-25,109.88,110.43,109.46,110.09
2004-08-26,109.89,110.26,109.42,109.62
2004-08-27,109.63,109.74,109.1,109.57
2004-08-30,109.78,110.42,109.58,109.81
2004-08-31,109.49,110.2,108.82,109.11
2004-09-01,109.27,109.69,109.04,109.41
2004-09-02,109.46,109.62,109.28,109.48
2004-09-03,109.96,110.68,109.13,110.41
2004-09-06,110.37,110.57,109.96,110.11
2004-09-07,109.77,110.21,109.26,109.38
2004-09-08,109.37,109.77,109.13,109.36
2004-09-09,109.45,109.99,109.2,109.57
2004-09-10,109.59,110.29,109.25,109.58
2004-09-13,109.8,110.33,109.39,110.04
2004-09-14,109.85,110.1,109.37,109.62
2004-09-15,109.86,110.38,109.35,109.98
2004-09-16,109.82,110.07,109.5,109.59
2004-09-17,109.6,110.22,109.41,109.58
2004-09-20,109.9,110.14,109.72,109.85
2004-09-21,109.81,110.16,109.6,109.72
2004-09-22,110.22,110.72,109.65,110.55
2004-09-23,110.73,110.89,110.29,110.8
2004-09-24,110.82,110.85,110.38,110.79
2004-09-27,110.9,111.38,110.54,111.23
2004-09-28,111.33,111.7,111.16,111.35
2004-09-29,111.12,111.39,110.7,110.87
2004-09-30,110.52,111.21,109.87,110.0
2004-10-01,110.31,110.59,109.9,110.51
2004-10-04,110.75,111.2,110.54,110.88
2004-10-05,111.04,111.3,110.73,111.17
2004-10-06,111.26,111.46,111.03,111.26
2004-10-07,111.24,111.42,110.98,111.19
2004-10-08,110.38,111.27,109.38,109.5
2004-10-11,109.43,109.57,109.13,109.25
2004-10-12,109.52,110.04,109.24,109.54
2004-10-13,109.74,110.12,109.48,109.78
2004-10-14,109.72,109.83,109.22,109.66
2004-10-15,109.48,109.68,108.88,109.33
2004-10-18,109.23,109.54,109.17,109.24
2004-10-19,108.8,109.45,108.28,108.28
2004-10-20,108.32,108.67,108.13,108.27
2004-10-21,107.94,108.38,107.35,107.46
2004-10-22,107.42,107.75,107.18,107.19
2004-10-25,107.02,107.15,106.24,106.61
2004-10-26,106.84,106.99,106.46,106.81
2004-10-27,106.75,107.14,106.26,106.37
2004-10-28,106.41,106.85,106.01,106.25
2004-10-29,105.99,106.31,105.71,105.78
2004-11-01,106.2,106.55,105.77,106.42
2004-11-02,106.24,106.74,106.05,106.12
2004-11-03,106.16,106.87,105.99,106.25
2004-11-04,106.14,106.47,105.8,106.01
2004-11-05,105.82,106.48,105.52,105.57
2004-11-08,105.43,105.72,105.32,105.5
2004-11-09,105.62,105.91,105.49,105.73
2004-11-10,106.4,107.3,105.7,107.13
2004-11-11,106.9,107.1,106.56,106.58
2004-11-12,106.09,106.76,105.4,105.54
2004-11-15,105.43,105.63,105.2,105.25
2004-11-16,105.32,105.59,105.22,105.34
2004-11-17,104.69,105.51,103.85,104.0
2004-11-18,104.13,104.38,103.67,104.22
2004-11-19,103.68,104.36,102.77,103.07
2004-11-22,103.24,103.38,103.02,103.21
2004-11-23,103.23,103.65,102.97,103.3
2004-11-24,103.06,103.66,102.6,102.8
2004-11-25,102.65,102.96,102.39,102.55
2004-11-26,102.57,103.21,102.21,102.54
2004-11-29,102.79,103.06,102.56,102.83
2004-11-30,102.95,103.29,102.52,102.9
2004-12-01,102.77,103.03,102.61,102.63
2004-12-02,102.93,103.35,101.94,103.17
2004-12-03,102.65,103.57,102.05,102.06
2004-12-06,102.68,103.32,101.99,103.2
2004-12-07,103.07,103.28,102.44,102.87
2004-12-08,103.47,104.91,102.81,104.04
2004-12-09,104.34,105.0,103.92,104.57
2004-12-10,104.95,106.07,104.68,105.14
2004-12-13,105.12,105.51,104.6,104.83
2004-12-14,105.15,105.74,104.63,105.51
2004-12-15,104.91,105.67,104.01,104.34
2004-12-16,104.5,104.96,103.53,104.74
2004-12-17,104.48,104.74,104.11,104.15
2004-12-20,104.04,104.49,103.9,104.04
2004-12-21,104.23,104.62,103.75,104.33
2004-12-22,104.32,104.48,103.93,104.19
2004-12-23,103.9,104.23,103.55,103.58
2004-12-24,103.63,103.79,103.49,103.66
2004-12-27,103.39,104.06,102.82,102.97
2004-12-28,103.07,103.31,102.87,103.05
2004-12-29,103.46,104.27,103.1,103.76
2004-12-30,103.46,104.19,102.93,103.1
2004-12-31,102.85,103.08,102.34,102.45
2005-01-03,102.75,103.37,102.35,102.71
2005-01-04,103.68,104.73,102.51,104.6
2005-01-05,104.37,104.91,103.8,104.08
2005-01-06,104.58,105.14,103.9,105.06
2005-01-07,104.88,105.13,103.97,104.78
2005-01-10,104.59,104.81,104.11,104.19
2005-01-11,103.83,104.28,103.14,103.34
2005-01-12,102.89,103.53,102.18,102.41
2005-01-13,102.4,102.78,102.29,102.39
2005-01-14,102.24,103.13,101.87,102.01
2005-01-17,102.06,102.23,101.73,102.05
2005-01-18,102.19,102.96,102.15,102.28
2005-01-19,102.53,102.93,102.13,102.81
2005-01-20,103.09,103.53,102.51,103.3
2005-01-21,103.05,103.89,102.64,102.69
2005-01-24,102.7,102.97,102.57,102.59
2005-01-25,103.38,104.31,102.57,104.06
2005-01-26,103.56,104.11,102.82,103.0
2005-01-27,102.85,103.51,102.82,103.14
2005-01-28,103.16,103.69,102.57,103.34
2005-01-31,103.63,103.79,103.38,103.64
2005-02-01,103.69,104.1,103.54,103.71
2005-02-02,103.64,104.03,103.38,103.64
2005-02-03,104.04,104.72,103.62,104.45
2005-02-04,104.3,104.6,103.53,104.09
2005-02-07,104.63,104.98,104.12,104.86
2005-02-08,105.33,105.94,104.82,105.74
2005-02-09,105.71,105.96,105.33,105.63
2005-02-10,105.73,106.7,105.45,105.83
2005-02-11,105.79,105.92,105.5,105.68
2005-02-14,105.29,105.53,104.66,105.15
2005-02-15,104.76,105.38,104.3,104.39
2005-02-16,104.92,105.69,104.49,105.39
2005-02-17,105.49,105.78,105.19,105.5
2005-02-18,105.6,105.83,105.21,105.61
2005-02-21,105.64,105.8,105.41,105.58
2005-02-22,104.8,105.57,103.86,104.04
2005-02-23,104.44,105.11,104.09,104.84
2005-02-24,105.12,105.54,104.65,105.3
2005-02-25,105.32,105.56,105.06,105.21
2005-02-28,104.95,105.09,104.14,104.56
2005-03-01,104.51,104.78,104.18,104.42
2005-03-02,104.6,105.1,104.4,104.7
2005-03-03,105.01,105.35,104.76,105.22
2005-03-04,105.04,105.55,104.39,104.72
2005-03-07,104.98,105.35,104.58,105.2
2005-03-08,104.95,105.17,104.41,104.67
2005-03-09,104.32,104.74,103.69,103.96
2005-03-10,104.06,104.32,103.78,104.02
2005-03-11,104.06,104.25,103.78,103.97
2005-03-14,104.34,105.2,103.75,104.88
2005-03-15,104.7,105.02,104.17,104.49
2005-03-16,104.39,104.64,103.94,104.15
2005-03-17,104.35,104.82,104.12,104.51
2005-03-18,104.65,105.0,104.52,104.73
2005-03-21,104.99,105.45,104.69,105.1
2005-03-22,105.42,105.69,104.9,105.54
2005-03-23,105.76,106.15,105.3,106.02
2005-03-24,106.15,106.57,105.92,106.33
2005-03-25,106.35,106.53,106.28,106.39
2005-03-28,106.76,107.35,106.42,107.07
2005-03-29,107.38,107.61,106.96,107.5
2005-03-30,107.56,107.65,107.12,107.47
2005-03-31,107.35,107.53,106.73,107.09
2005-04-01,107.36,107.76,106.88,107.58
2005-04-04,107.96,108.4,107.6,108.3
2005-04-05,108.28,108.88,108.08,108.17
2005-04-06,108.46,108.77,107.89,108.68
2005-04-07,108.66,108.81,108.14,108.62
2005-04-08,108.42,108.88,108.17,108.19
2005-04-11,108.07,108.5,107.68,107.75
2005-04-12,107.79,108.42,107.53,107.68
2005-04-13,107.51,107.84,107.18,107.29
2005-04-14,107.81,108.38,107.29,108.21
2005-04-15,108.02,108.53,107.49,107.81
2005-04-18,107.53,108.02,107.31,107.45
2005-04-19,107.12,107.51,106.72,106.74
2005-04-20,106.86,107.45,106.68,106.85
2005-04-21,106.94,107.42,106.71,106.86
2005-04-22,106.48,106.94,105.81,105.99
2005-04-25,105.64,106.06,105.55,105.63
2005-04-26,105.94,106.16,105.58,106.06
2005-04-27,106.0,106.35,105.7,105.87
2005-04-28,106.04,106.27,105.67,106.11
2005-04-29,105.41,106.13,104.6,104.66
2005-05-02,105.1,105.43,104.93,105.07
2005-05-03,105.05,105.34,104.87,105.09
2005-05-04,104.76,104.97,104.22,104.53
2005-05-05,104.54,104.67,104.24,104.45
2005-05-06,104.76,105.12,104.53,105.01
2005-05-09,105.4,105.72,105.14,105.63
2005-05-10,105.63,105.95,105.39,105.53
2005-05-11,105.69,105.9,105.01,105.81
2005-05-12,106.34,106.91,105.7,106.84
2005-05-13,107.09,107.43,106.7,107.29
2005-05-16,107.15,107.77,106.72,106.78
2005-05-17,107.15,107.56,106.58,107.49
2005-05-18,107.25,107.75,106.76,107.0
2005-05-19,107.33,107.7,106.98,107.64
2005-05-20,107.91,108.29,107.43,108.13
2005-05-23,107.94,108.26,107.57,107.63
2005-05-24,107.67,107.78,107.23,107.51
2005-05-25,107.63,107.85,107.28,107.68
2005-05-26,107.82,108.24,107.66,107.94
2005-05-27,107.99,108.09,107.76,107.97
2005-05-30,108.0,108.16,107.76,107.97
2005-05-31,108.26,108.58,107.74,108.5
2005-06-01,108.57,108.84,108.14,108.65
2005-06-02,108.42,108.75,108.11,108.25
2005-06-03,107.96,108.27,107.5,107.58
2005-06-06,107.32,107.84,106.71,106.88
2005-06-07,106.76,107.01,106.54,106.61
2005-06-08,106.92,107.38,106.57,107.19
2005-06-09,107.35,107.73,107.11,107.36
2005-06-10,108.06,108.72,107.36,108.65
2005-06-13,109.06,109.69,108.48,109.5
2005-06-14,109.48,109.63,109.1,109.45
2005-06-15,109.3,109.66,109.14,109.19
2005-06-16,109.04,109.39,108.7,108.89
2005-06-17,108.76,109.05,108.49,108.5
2005-06-20,109.12,109.54,108.65,109.27
2005-06-21,108.81,109.51,108.16,108.16
2005-06-22,108.59,109.08,108.34,108.83
2005-06-23,108.88,108.97,108.47,108.89
2005-06-24,109.02,109.38,108.88,109.03
2005-06-27,109.24,109.44,109.18,109.21
2005-06-28,109.57,110.07,109.29,109.88
2005-06-29,110.15,110.6,109.78,110.41
2005-06-30,110.61,110.97,110.07,110.8
2005-07-01,111.29,111.84,110.67,111.71
2005-07-04,111.66,111.81,111.32,111.59
2005-07-05,111.62,112.1,111.47,111.68
2005-07-06,111.95,112.29,111.52,112.13
2005-07-07,112.13,112.31,111.54,111.99
2005-07-08,112.17,112.52,111.87,112.23
2005-07-11,111.98,112.25,111.68,111.76
2005-07-12,111.32,111.79,110.77,110.77
2005-07-13,111.39,112.23,110.94,111.84
2005-07-14,112.09,112.39,111.71,112.33
2005-07-15,112.25,112.39,111.76,112.21
2005-07-18,112.12,112.35,111.56,111.9
2005-07-19,112.35,112.98,111.86,112.68
2005-07-20,112.8,113.7,112.59,112.87
2005-07-21,111.57,112.83,109.92,110.27
2005-07-22,110.87,111.45,110.43,111.33
2005-07-25,111.41,111.96,111.34,111.39
2005-07-26,111.95,112.6,111.5,112.54
2005-07-27,112.47,112.79,112.18,112.38
2005-07-28,112.29,112.82,112.03,112.12
2005-07-29,112.48,112.69,112.01,112.51
2005-08-01,112.49,112.72,111.75,112.23
2005-08-02,111.88,112.3,111.19,111.37
2005-08-03,111.28,111.92,111.0,111.04
2005-08-04,111.17,111.56,110.82,111.19
2005-08-05,111.56,112.19,111.17,111.87
2005-08-08,112.18,112.56,111.58,112.15
2005-08-09,112.02,112.21,111.67,111.96
2005-08-10,111.24,111.85,110.45,110.61
2005-08-11,110.19,110.67,109.57,109.57
2005-08-12,109.52,109.91,109.32,109.36
2005-08-15,109.39,109.77,109.22,109.22
2005-08-16,109.46,109.66,109.04,109.54
2005-08-17,109.69,110.03,109.41,109.84
2005-08-18,110.16,110.63,109.85,110.52
2005-08-19,110.51,110.82,110.35,110.47
2005-08-22,110.09,110.54,109.45,109.75
2005-08-23,109.83,110.16,109.64,109.94
2005-08-24,110.08,110.71,109.94,110.15
2005-08-25,110.15,110.45,109.79,110.07
2005-08-26,110.1,110.37,109.47,110.09
2005-08-29,110.43,110.72,109.85,110.63
2005-08-30,110.98,111.57,110.52,111.21
2005-08-31,110.95,111.76,110.5,110.61
2005-09-01,110.22,110.91,109.7,109.76
2005-09-02,109.85,110.02,109.23,109.92
2005-09-05,109.45,109.78,108.8,109.15
2005-09-06,109.37,109.81,109.17,109.64
2005-09-07,109.83,110.28,109.43,110.03
2005-09-08,110.28,110.62,110.02,110.5
2005-09-09,110.11,110.74,109.49,109.69
2005-09-12,109.78,110.41,109.16,110.36
2005-09-13,110.52,110.99,110.18,110.7
2005-09-14,110.5,110.76,109.94,110.34
2005-09-15,110.52,110.73,110.21,110.64
2005-09-16,110.97,111.47,110.49,111.32
2005-09-19,111.5,111.68,111.21,111.51
2005-09-20,111.75,112.0,111.2,111.95
2005-09-21,111.64,111.97,111.04,111.28
2005-09-22,111.48,111.79,111.04,111.65
2005-09-23,112.14,112.61,111.24,112.5
2005-09-26,112.32,112.6,112.13,112.14
2005-09-27,112.71,113.47,112.23,113.26
2005-09-28,113.14,113.41,112.88,113.04
2005-09-29,113.09,113.24,112.71,113.05
2005-09-30,113.31,113.67,112.96,113.49
2005-10-03,113.82,114.36,113.49,114.11
2005-10-04,114.26,114.41,114.04,114.26
2005-10-05,114.0,114.37,113.61,113.86
2005-10-06,113.57,114.09,113.09,113.17
2005-10-07,113.5,113.98,113.25,113.82
2005-10-10,113.94,114.31,113.59,114.08
2005-10-11,114.34,114.61,113.82,114.48
2005-10-12,114.43,114.74,114.28,114.34
2005-10-13,114.41,115.04,114.27,114.52
2005-10-14,114.24,114.87,113.9,114.09
2005-10-17,114.56,115.04,113.81,114.91
2005-10-18,115.32,115.91,115.08,115.71
2005-10-19,115.53,115.98,115.24,115.29
2005-10-20,115.35,115.73,115.29,115.34
2005-10-21,115.63,116.0,115.07,115.91
2005-10-24,115.65,115.95,115.12,115.44
2005-10-25,115.19,115.7,114.63,114.97
2005-10-26,115.46,115.95,114.96,115.84
2005-10-27,115.65,116.19,114.94,115.43
2005-10-28,115.54,115.75,115.13,115.68
2005-10-31,116.06,116.55,115.58,116.38
2005-11-01,116.58,116.77,116.41,116.67
2005-11-02,116.79,117.0,116.65,116.8
2005-11-03,117.05,117.39,116.8,117.15
2005-11-04,117.76,118.35,117.19,118.22
2005-11-07,117.97,118.34,117.48,117.6
2005-11-08,117.48,117.98,117.09,117.22
2005-11-09,117.39,117.75,116.89,117.55
2005-11-10,117.89,118.25,117.46,118.21
2005-11-11,118.13,118.21,117.66,117.85
2005-11-14,118.4,118.92,117.85,118.74
2005-11-15,118.87,119.36,118.74,118.86
2005-11-16,119.04,119.55,118.82,119.12
2005-11-17,119.02,119.22,118.5,118.71
2005-11-18,118.93,119.39,118.75,119.11
2005-11-21,119.13,119.41,118.57,118.95
2005-11-22,118.88,119.49,118.7,118.76
2005-11-23,118.73,119.01,118.26,118.71
2005-11-24,118.82,118.99,118.54,118.94
2005-11-25,119.29,119.74,119.0,119.6
2005-11-28,119.25,119.91,118.45,118.78
2005-11-29,119.28,119.74,118.84,119.61
2005-11-30,119.74,119.86,119.25,119.8
2005-12-01,120.22,120.7,119.68,120.5
2005-12-02,120.6,121.15,120.2,120.53
2005-12-05,120.97,121.39,120.72,120.81
2005-12-06,120.87,121.22,120.76,120.77
2005-12-07,120.95,121.18,120.61,121.0
2005-12-08,120.69,121.12,120.07,120.22
2005-12-09,120.49,120.75,120.32,120.67
2005-12-12,120.26,121.05,119.57,119.67
2005-12-13,119.84,120.44,119.68,119.96
2005-12-14,118.66,120.15,116.78,117.28
2005-12-15,116.79,117.64,115.88,116.22
2005-12-16,115.95,116.47,115.63,115.69
2005-12-19,115.87,116.54,115.55,116.06
2005-12-20,116.7,117.29,116.03,117.11
2005-12-21,117.29,117.52,116.85,117.28
2005-12-22,117.0,117.61,116.47,116.67
2005-12-23,116.52,116.9,116.15,116.21
2005-12-26,116.3,116.56,116.06,116.17
2005-12-27,116.86,117.47,116.4,117.39
2005-12-28,117.67,117.95,117.04,117.86
2005-12-29,117.89,117.98,117.72,117.79
2005-12-30,117.79,118.13,117.1,117.92
2006-01-02,117.93,118.04,117.58,117.9
2006-01-03,117.02,117.85,116.05,116.18
2006-01-04,116.15,116.4,115.65,115.97
2006-01-05,116.01,116.41,115.78,115.88
2006-01-06,115.19,116.27,114.29,114.38
2006-01-09,114.52,114.73,113.76,114.26
2006-01-10,114.36,114.75,114.12,114.3
2006-01-11,114.23,114.87,113.94,114.12
2006-01-12,114.27,114.54,113.53,114.28
2006-01-13,114.26,114.77,114.16,114.2
2006-01-16,114.58,115.13,113.83,114.86
2006-01-17,115.21,115.91,114.64,115.36
2006-01-18,115.35,115.82,114.88,115.14
2006-01-19,115.31,115.56,114.98,115.41
2006-01-20,115.38,115.7,115.01,115.26
2006-01-23,114.85,115.25,114.18,114.36
2006-01-24,114.55,114.89,114.39,114.58
2006-01-25,115.27,115.92,114.65,115.72
2006-01-26,116.13,116.53,115.5,116.38
2006-01-27,116.87,117.45,116.18,117.22
2006-01-30,117.43,117.79,117.03,117.58
2006-01-31,117.41,117.78,116.76,117.22
2006-02-01,117.64,118.12,117.1,118.05
2006-02-02,118.33,118.66,117.93,118.47
2006-02-03,118.75,119.35,118.34,118.84
2006-02-06,118.95,119.1,118.5,119.04
2006-02-07,118.49,119.17,117.68,118.06
2006-02-08,118.24,118.77,117.62,118.49
2006-02-09,118.69,118.92,118.32,118.82
2006-02-10,118.35,118.91,116.97,117.89
2006-02-13,117.78,118.23,117.57,117.7
2006-02-14,117.59,117.71,117.15,117.44
2006-02-15,117.64,118.09,116.9,117.85
2006-02-16,117.72,118.18,117.57,117.59
2006-02-17,117.83,118.87,117.42,118.14
2006-02-20,118.21,118.36,117.95,118.23
2006-02-21,118.47,118.99,118.3,118.69
2006-02-22,118.62,118.88,118.37,118.53
2006-02-23,117.83,118.48,116.87,117.11
2006-02-24,117.0,117.13,116.46,116.85
2006-02-27,116.47,117.12,115.74,116.21
2006-02-28,115.98,116.45,115.72,115.75
2006-03-01,115.93,116.29,115.56,116.1
2006-03-02,115.98,116.39,115.78,115.78
2006-03-03,116.13,116.72,115.69,116.46
2006-03-06,116.95,117.67,116.1,117.56
2006-03-07,117.7,118.01,117.36,117.91
2006-03-08,117.86,118.01,117.33,117.84
2006-03-09,118.02,118.37,117.17,118.15
2006-03-10,118.6,119.13,118.08,118.92
2006-03-13,118.81,119.2,118.73,118.82
2006-03-14,118.22,118.76,117.32,117.5
2006-03-15,117.5,117.74,117.2,117.34
2006-03-16,117.1,117.87,116.8,116.81
2006-03-17,116.38,116.95,115.75,115.86
2006-03-20,116.18,116.43,115.57,116.25
2006-03-21,116.78,117.35,116.27,117.29
2006-03-22,117.14,117.4,116.64,116.94
2006-03-23,117.42,117.96,116.78,117.89
2006-03-24,117.7,118.43,117.41,117.45
2006-03-27,117.14,117.63,116.43,116.69
2006-03-28,117.35,118.01,116.37,117.92
2006-03-29,117.88,118.19,117.5,117.77
2006-03-30,117.56,117.9,117.19,117.32
2006-03-31,117.57,118.06,117.19,117.66
2006-04-03,117.75,118.71,117.63,117.67
2006-04-04,117.65,117.95,117.28,117.54
2006-04-05,117.45,117.73,116.72,117.29
2006-04-06,117.59,117.9,117.32,117.76
2006-04-07,118.06,118.37,117.53,118.29
2006-04-10,118.24,118.68,117.91,118.3
2006-04-11,118.34,118.85,118.2,118.3
2006-04-12,118.43,118.6,117.84,118.48
2006-04-13,118.52,118.79,118.35,118.51
2006-04-14,118.63,118.73,118.51,118.68
2006-04-17,118.17,118.49,117.56,117.79
2006-04-18,117.41,118.19,116.99,117.03
2006-04-19,117.18,117.9,116.8,117.22
2006-04-20,117.35,117.83,117.32,117.43
2006-04-21,117.05,117.71,116.57,116.58
2006-04-24,115.23,115.91,114.3,114.59
2006-04-25,114.83,114.98,114.35,114.81
2006-04-26,114.82,115.32,114.64,114.72
2006-04-27,114.52,115.06,113.89,114.11
2006-04-28,114.05,114.46,113.69,113.83
2006-05-01,113.6,113.79,112.47,113.35
2006-05-02,113.47,113.97,113.12,113.32
2006-05-03,113.53,113.85,112.96,113.54
2006-05-04,113.55,114.13,113.33,113.57
2006-05-05,113.09,113.98,112.29,112.57
2006-05-08,111.86,112.15,111.04,111.68
2006-05-09,111.42,111.93,110.94,111.01
2006-05-10,110.84,111.24,110.11,110.51
2006-05-11,110.63,111.51,110.19,110.68
2006-05-12,110.34,110.62,109.4,110.02
2006-05-15,110.04,110.67,109.43,110.5
2006-05-16,110.06,110.82,109.66,109.67
2006-05-17,110.43,111.27,109.04,110.96
2006-05-18,110.91,111.21,110.45,110.71
2006-05-19,111.2,112.19,110.47,111.68
2006-05-22,111.61,112.93,111.35,111.51
2006-05-23,111.8,112.1,111.02,111.86
2006-05-24,112.39,112.96,111.65,112.9
2006-05-25,112.28,112.87,111.67,111.78
2006-05-26,112.17,112.79,111.54,112.65
2006-05-29,112.54,112.68,112.18,112.43
2006-05-30,112.3,112.73,111.65,112.11
2006-05-31,112.37,112.69,111.56,112.58
2006-06-01,112.59,113.31,112.37,112.6
2006-06-02,112.18,112.91,111.38,111.72
2006-06-05,111.93,112.33,111.5,112.23
2006-06-06,112.7,113.53,112.13,113.25
2006-06-07,113.33,113.69,112.97,113.5
2006-06-08,113.75,114.6,113.4,114.15
2006-06-09,114.06,114.27,113.66,113.97
2006-06-12,114.28,114.52,113.99,114.4
2006-06-13,114.88,115.44,114.33,115.33
2006-06-14,115.13,115.39,114.57,115.0
2006-06-15,114.91,115.16,114.69,114.8
2006-06-16,115.0,115.2,114.58,115.17
2006-06-19,115.35,115.74,115.22,115.52
2006-06-20,115.18,115.62,114.69,114.89
2006-06-21,114.85,115.15,114.44,114.84
2006-06-22,115.49,116.27,114.71,116.13
2006-06-23,116.33,116.59,115.86,116.52
2006-06-26,116.38,116.53,116.11,116.23
2006-06-27,116.29,116.63,115.91,116.22
2006-06-28,116.35,116.49,116.07,116.35
2006-06-29,115.74,116.62,114.94,115.06
2006-06-30,114.74,115.21,114.21,114.43
2006-07-03,114.54,114.94,114.1,114.68
2006-07-04,114.82,114.98,114.41,114.78
2006-07-05,115.31,115.76,114.65,115.67
2006-07-06,115.4,115.7,115.0,115.11
2006-07-07,114.6,115.29,113.86,114.05
2006-07-10,114.07,114.35,113.44,114.25
2006-07-11,114.26,114.57,113.94,114.23
2006-07-12,114.87,115.66,114.18,115.46
2006-07-13,115.45,115.49,115.06,115.34
2006-07-14,115.75,116.39,115.38,116.1
2006-07-17,116.75,117.27,116.17,117.17
2006-07-18,117.21,117.57,116.76,117.27
2006-07-19,117.09,117.87,116.66,116.83
2006-07-20,116.95,117.1,116.58,117.02
2006-07-21,116.61,117.01,115.85,116.13
2006-07-24,116.38,116.88,116.21,116.66
2006-07-25,116.94,117.35,116.57,117.16
2006-07-26,116.78,117.19,116.18,116.28
2006-07-27,116.06,116.4,115.3,115.75
2006-07-28,115.21,116.0,114.61,114.64
2006-07-31,114.65,114.8,114.18,114.67
2006-08-01,114.64,115.28,114.48,114.55
2006-08-02,114.64,114.82,114.21,114.65
2006-08-03,114.81,115.3,114.54,114.98
2006-08-04,114.71,115.52,113.98,114.43
2006-08-07,114.72,115.2,114.16,115.12
2006-08-08,115.29,115.55,114.57,115.26
2006-08-09,115.35,115.72,114.79,115.29
2006-08-10,115.29,115.61,114.67,115.22
2006-08-11,115.76,116.42,115.12,116.3
2006-08-14,116.5,116.76,116.16,116.67
2006-08-15,116.38,116.67,115.84,116.04
2006-08-16,115.97,116.36,115.63,115.81
2006-08-17,115.95,116.14,115.18,115.91
2006-08-18,115.88,116.07,115.45,115.8
2006-08-21,115.85,115.99,115.35,115.87
2006-08-22,116.22,116.85,115.9,116.51
2006-08-23,116.47,116.59,116.09,116.35
2006-08-24,116.44,116.58,116.17,116.5
2006-08-25,116.9,117.38,116.41,117.3
2006-08-28,117.25,117.31,116.86,117.23
2006-08-29,116.93,117.23,116.51,116.66
2006-08-30,116.94,117.28,116.53,116.99
2006-08-31,117.22,117.47,116.91,117.34
2006-09-01,117.27,117.46,117.06,117.09
2006-09-04,116.57,116.95,115.87,115.99
2006-09-05,116.14,116.21,115.57,116.07
2006-09-06,116.38,116.9,115.97,116.7
2006-09-07,116.55,117.01,115.99,116.42
2006-09-08,116.72,117.0,116.1,116.93
2006-09-11,117.31,117.76,116.61,117.6
2006-09-12,117.76,118.07,117.39,117.87
2006-09-13,117.68,118.0,117.34,117.57
2006-09-14,117.51,117.76,117.3,117.53
2006-09-15,117.52,118.05,117.26,117.59
2006-09-18,117.72,118.26,117.44,117.98
2006-09-19,117.84,118.09,116.99,117.71
2006-09-20,117.51,117.64,116.97,117.38
2006-09-21,116.85,117.4,116.23,116.34
2006-09-22,116.48,116.6,116.08,116.56
2006-09-25,116.51,116.71,116.13,116.53
2006-09-26,116.84,117.23,116.26,117.06
2006-09-27,117.28,117.61,116.9,117.47
2006-09-28,117.64,117.91,117.33,117.73
2006-09-29,117.97,118.19,117.52,118.17
2006-10-02,117.94,118.38,117.53,117.68
2006-10-03,117.85,118.04,117.38,117.9
2006-10-04,117.9,118.25,117.75,117.78
2006-10-05,117.8,117.88,117.45,117.66
2006-10-06,118.39,119.07,117.64,119.01
2006-10-09,119.05,119.28,118.83,119.11
2006-10-10,119.41,119.77,118.89,119.66
2006-10-11,119.68,119.82,119.34,119.74
2006-10-12,119.55,119.77,119.25,119.3
2006-10-13,119.49,119.87,119.07,119.6
2006-10-16,119.35,119.78,119.01,119.03
2006-10-17,118.76,119.12,118.55,118.59
2006-10-18,118.73,119.17,118.31,118.89
2006-10-19,118.56,118.98,118.04,118.15
2006-10-20,118.45,118.79,118.14,118.7
2006-10-23,119.04,119.39,118.57,119.31
2006-10-24,119.41,119.64,119.08,119.37
2006-10-25,119.23,119.39,118.88,119.1
2006-10-26,118.74,119.0,118.27,118.4
2006-10-27,117.95,118.68,117.15,117.59
2006-10-30,117.49,117.6,117.2,117.41
2006-10-31,117.23,118.03,116.62,116.94
2006-11-01,117.01,117.19,116.57,117.06
2006-11-02,117.09,117.37,116.67,117.1
2006-11-03,117.57,118.18,116.96,118.0
2006-11-06,118.19,118.45,117.79,118.26
2006-11-07,118.0,118.28,117.25,117.7
2006-11-08,117.76,117.98,117.38,117.83
2006-11-09,117.89,118.53,117.7,117.92
2006-11-10,117.78,117.89,117.17,117.59
2006-11-13,117.87,118.27,117.13,118.15
2006-11-14,117.88,118.04,117.24,117.59
2006-11-15,117.8,118.19,117.52,117.96
2006-11-16,118.13,118.31,117.75,118.14
2006-11-17,117.99,118.46,117.51,117.66
2006-11-20,117.95,118.2,117.78,118.05
2006-11-21,117.98,118.22,117.74,117.84
2006-11-22,117.32,117.92,116.36,116.66
2006-11-23,116.49,116.82,116.03,116.28
2006-11-24,116.06,116.46,115.58,115.86
2006-11-27,115.81,116.37,115.39,116.07
2006-11-28,116.13,116.4,115.89,116.06
2006-11-29,116.27,116.47,115.58,116.38
2006-11-30,116.09,116.53,115.51,115.78
2006-12-01,115.62,116.32,114.96,115.42
2006-12-04,115.35,115.8,115.09,115.34
2006-12-05,115.09,115.42,114.43,114.82
2006-12-06,115.06,115.34,114.52,115.18
2006-12-07,115.27,115.37,114.75,115.19
2006-12-08,115.79,116.48,114.9,116.4
2006-12-11,116.71,117.23,116.17,116.97
2006-12-12,116.88,117.21,116.68,116.78
2006-12-13,117.18,117.62,116.65,117.51
2006-12-14,117.7,117.88,117.25,117.81
2006-12-15,118.0,118.31,117.43,118.12
2006-12-18,118.03,118.26,117.69,118.11
2006-12-19,118.13,118.29,117.81,118.1
2006-12-20,118.32,118.51,117.95,118.39
2006-12-21,118.39,118.5,117.94,118.34
2006-12-22,118.6,118.97,118.22,118.75
2006-12-25,118.75,118.97,118.36,118.77
2006-12-26,118.99,119.22,118.7,119.12
2006-12-27,119.0,119.18,118.28,118.77
2006-12-28,118.89,119.02,118.52,118.89
2006-12-29,119.0,119.17,118.73,119.01
2007-01-01,119.05,119.07,118.92,119.05
2007-01-02,118.94,118.99,118.5,118.79
2007-01-03,119.11,119.68,118.67,119.35
2007-01-04,119.22,119.5,118.99,119.02
2007-01-05,118.83,118.97,117.98,118.59
2007-01-08,118.72,118.83,118.1,118.74
2007-01-09,119.1,119.5,118.68,119.4
2007-01-10,119.49,119.74,119.13,119.65
2007-01-11,120.07,120.58,119.5,120.45
2007-01-12,120.41,120.72,120.16,120.28
2007-01-15,120.42,120.6,120.06,120.45
2007-01-16,120.54,120.76,120.22,120.63
2007-01-17,120.68,120.88,120.34,120.61
2007-01-18,120.95,121.55,120.48,121.25
2007-01-19,121.23,121.46,121.09,121.25
2007-01-22,121.46,121.76,121.21,121.56
2007-01-23,121.63,121.75,121.1,121.64
2007-01-24,121.42,121.77,120.65,121.1
2007-01-25,121.2,121.29,120.19,121.14
2007-01-26,121.38,121.64,121.16,121.54
2007-01-29,121.6,122.12,121.43,121.74
2007-01-30,121.68,121.97,121.47,121.6
2007-01-31,121.17,121.74,120.63,120.65
2007-02-01,120.76,120.88,120.1,120.72
2007-02-02,120.95,121.3,120.64,121.11
2007-02-05,120.72,121.11,120.24,120.32
2007-02-06,120.26,120.57,119.97,120.08
2007-02-07,120.38,120.8,119.99,120.66
2007-02-08,120.86,121.42,120.57,121.02
2007-02-09,121.39,121.75,120.97,121.65
2007-02-12,121.89,122.07,121.58,121.9
2007-02-13,121.54,121.88,121.09,121.1
2007-02-14,120.98,121.35,120.62,120.71
2007-02-15,120.02,120.56,119.17,119.16
2007-02-16,119.32,119.55,118.98,119.35
2007-02-19,119.48,119.73,119.22,119.54
2007-02-20,119.79,120.32,119.53,119.95
2007-02-21,120.46,121.14,119.71,120.93
2007-02-22,121.23,121.61,120.83,121.52
2007-02-23,121.32,121.63,120.93,121.03
2007-02-26,120.82,121.03,120.35,120.57
2007-02-27,119.27,120.71,117.5,117.93
2007-02-28,118.28,118.72,117.87,118.44
2007-03-01,118.04,118.82,116.96,117.6
2007-03-02,117.16,117.81,116.42,116.87
2007-03-05,116.1,116.45,115.15,115.66
2007-03-06,116.07,116.77,115.22,116.5
2007-03-07,116.34,116.85,115.98,116.05
2007-03-08,116.64,117.43,115.55,117.11
2007-03-09,117.73,118.36,117.02,118.23
2007-03-12,118.0,118.47,117.22,117.65
2007-03-13,116.94,117.71,116.05,116.09
2007-03-14,116.66,117.22,115.75,117.04
2007-03-15,117.31,117.75,117.01,117.47
2007-03-16,117.1,117.36,116.51,116.68
2007-03-19,117.0,117.74,116.25,117.53
2007-03-20,117.48,117.97,116.92,117.26
2007-03-21,117.39,117.93,117.16,117.6
2007-03-22,117.81,118.26,117.24,118.08
2007-03-23,118.08,118.25,117.4,118.08
2007-03-26,118.01,118.39,117.63,118.08
2007-03-27,117.96,118.38,117.66,117.86
2007-03-28,117.39,118.0,116.37,116.82
2007-03-29,117.49,118.09,116.67,118.04
2007-03-30,117.93,118.32,117.21,117.78
2007-04-02,117.69,118.03,117.45,117.8
2007-04-03,118.39,118.99,117.72,118.95
2007-04-04,118.81,119.03,118.54,118.62
2007-04-05,118.71,118.94,118.43,118.72
2007-04-06,119.01,119.39,118.66,119.26
2007-04-09,119.28,119.39,119.18,119.33
2007-04-10,119.18,119.32,118.76,119.04
2007-04-11,119.21,119.5,118.87,119.36
2007-04-12,119.21,119.5,118.8,119.12
2007-04-13,119.19,119.45,118.21,119.25
2007-04-16,119.56,119.88,118.98,119.73
2007-04-17,119.35,119.79,118.82,118.91
2007-04-18,118.69,119.24,118.11,118.58
2007-04-19,118.46,118.55,117.61,118.44
2007-04-20,118.59,118.97,118.25,118.71
2007-04-23,118.65,119.01,118.23,118.54
2007-04-24,118.6,118.93,118.24,118.52
2007-04-25,118.57,118.81,118.27,118.61
2007-04-26,119.06,119.65,118.53,119.55
2007-04-27,119.52,119.77,118.87,119.6
2007-04-30,119.32,119.74,119.17,119.44
2007-05-01,119.59,119.89,119.07,119.73
2007-05-02,119.96,120.27,119.56,120.15
2007-05-03,120.32,120.47,119.97,120.38
2007-05-04,120.3,120.44,119.91,120.16
2007-05-07,120.12,120.16,119.79,120.07
2007-05-08,120.06,120.12,119.52,119.99
2007-05-09,120.0,120.15,119.63,120.01
2007-05-10,119.93,120.54,119.75,119.91
2007-05-11,120.05,120.28,119.47,120.24
2007-05-14,120.3,120.46,120.04,120.36
2007-05-15,120.31,120.54,120.1,120.23
2007-05-16,120.51,120.82,120.16,120.77
2007-05-17,121.03,121.35,120.67,121.23
2007-05-18,121.18,121.4,120.69,121.1
2007-05-21,121.33,121.62,121.06,121.45
2007-05-22,121.52,121.63,121.2,121.5
2007-05-23,121.56,121.86,121.31,121.6
2007-05-24,121.52,121.66,121.24,121.35
2007-05-25,121.6,121.85,120.85,121.76
2007-05-28,121.73,121.81,121.55,121.67
2007-05-29,121.68,121.8,121.17,121.63
2007-05-30,121.67,121.78,121.29,121.62
2007-05-31,121.7,121.91,121.45,121.71
2007-06-01,121.9,122.13,121.69,122.05
2007-06-04,121.88,122.08,121.54,121.71
2007-06-05,121.52,121.91,121.12,121.38
2007-06-06,121.21,121.49,120.87,121.06
2007-06-07,121.02,121.52,120.78,120.99
2007-06-08,121.32,121.8,120.77,121.71
2007-06-11,121.71,121.84,121.5,121.69
2007-06-12,121.67,121.86,121.59,121.64
2007-06-13,122.15,122.77,121.49,122.66
2007-06-14,122.8,123.11,122.54,122.89
2007-06-15,123.18,123.63,122.91,123.43
2007-06-18,123.56,123.73,123.3,123.61
2007-06-19,123.52,123.7,123.31,123.35
2007-06-20,123.44,123.67,123.1,123.45
2007-06-21,123.63,123.78,123.43,123.71
2007-06-22,123.79,124.15,123.7,123.86
2007-06-25,123.73,123.95,123.31,123.67
2007-06-26,123.43,123.63,122.8,123.23
2007-06-27,123.01,123.2,122.23,122.82
2007-06-28,123.0,123.34,122.78,123.14
2007-06-29,123.18,123.54,122.96,123.14
2007-07-02,122.7,123.29,122.09,122.38
2007-07-03,122.42,122.64,122.12,122.43
2007-07-04,122.51,122.71,122.21,122.62
2007-07-05,122.78,122.99,122.33,122.95
2007-07-06,123.13,123.49,122.85,123.31
2007-07-09,123.41,123.68,123.21,123.36
2007-07-10,122.38,123.48,121.72,121.73
2007-07-11,121.92,122.51,120.99,122.35
2007-07-12,122.39,122.57,121.83,122.36
2007-07-13,122.14,122.6,121.91,121.91
2007-07-16,121.9,122.14,121.53,121.88
2007-07-17,122.03,122.41,121.69,122.2
2007-07-18,122.04,122.26,121.58,121.86
2007-07-19,121.98,122.18,121.74,122.03
2007-07-20,121.67,122.43,120.85,121.27
2007-07-23,121.33,121.52,120.8,121.04
2007-07-24,120.62,121.08,120.0,120.02
2007-07-25,120.3,120.6,119.8,120.41
2007-07-26,119.33,120.73,118.4,118.4
2007-07-27,118.46,119.29,118.16,118.6
2007-07-30,118.71,119.18,118.03,119.04
2007-07-31,118.82,119.44,118.4,118.38
2007-08-01,118.68,119.01,117.6,118.84
2007-08-02,118.99,119.38,118.32,119.14
2007-08-03,118.61,119.32,117.94,118.04
2007-08-06,118.24,119.1,117.18,118.85
2007-08-07,118.84,118.91,117.97,118.72
2007-08-08,119.22,119.82,118.74,119.65
2007-08-09,118.9,119.77,118.13,118.18
2007-08-10,118.27,118.66,117.22,118.38
2007-08-13,118.23,118.53,117.68,118.23
2007-08-14,117.88,118.51,117.55,117.55
2007-08-15,116.92,117.59,116.49,116.47
2007-08-16,115.38,116.63,112.01,114.24
2007-08-17,114.35,114.65,111.6,114.35
2007-08-20,114.62,115.41,113.67,114.91
2007-08-21,114.56,115.2,114.02,114.38
2007-08-22,114.83,115.57,113.98,115.32
2007-08-23,115.86,116.96,115.35,116.32
2007-08-24,116.38,116.48,115.53,116.38
2007-08-27,116.07,116.71,115.73,115.73
2007-08-28,114.96,115.73,114.14,114.15
2007-08-29,115.19,116.25,113.86,116.18
2007-08-30,116.03,116.1,115.21,115.94
2007-08-31,115.82,116.54,115.49,115.76
2007-09-03,115.83,116.13,115.65,115.86
2007-09-04,116.08,116.4,115.33,116.33
2007-09-05,115.69,116.46,114.99,115.18
2007-09-06,115.27,115.51,114.81,115.38
2007-09-07,114.4,115.56,113.13,113.37
2007-09-10,113.26,113.93,112.6,113.65
2007-09-11,113.98,114.37,113.38,114.25
2007-09-12,114.29,114.38,113.77,114.13
2007-09-13,114.47,115.48,114.1,115.01
2007-09-14,115.05,115.39,114.36,115.36
2007-09-17,115.18,115.36,114.66,115.03
2007-09-18,115.57,116.31,114.79,116.06
2007-09-19,115.9,116.31,115.65,115.98
2007-09-20,115.29,116.02,113.98,114.64
2007-09-21,115.07,115.85,114.54,115.48
2007-09-24,115.15,115.33,114.65,114.84
2007-09-25,114.78,114.92,114.03,114.74
2007-09-26,115.06,115.73,114.53,115.45
2007-09-27,115.55,115.83,115.11,115.59
2007-09-28,115.2,115.6,114.67,114.79
2007-10-01,115.25,116.03,114.72,115.7
2007-10-02,115.7,115.96,115.28,115.69
2007-10-03,116.2,116.78,115.56,116.71
2007-10-04,116.54,116.77,116.27,116.46
2007-10-05,116.73,117.18,116.34,116.96
2007-10-08,117.25,117.6,116.95,117.48
2007-10-09,117.24,117.42,116.8,117.17
2007-10-10,117.17,117.52,116.96,117.12
2007-10-11,117.26,117.77,117.0,117.27
2007-10-12,117.5,117.67,117.13,117.59
2007-10-15,117.45,117.91,117.11,117.37
2007-10-16,117.14,117.46,116.44,116.86
2007-10-17,116.76,117.14,116.17,116.57
2007-10-18,116.12,116.63,115.28,115.44
2007-10-19,115.05,115.7,114.46,114.5
2007-10-22,114.23,114.6,113.25,114.41
2007-10-23,114.61,114.98,114.17,114.76
2007-10-24,114.47,114.94,113.81,114.14
2007-10-25,114.17,114.51,113.77,114.18
2007-10-26,114.18,114.51,113.92,114.17
2007-10-29,114.35,114.9,114.02,114.69
2007-10-30,114.65,114.95,114.37,114.62
2007-10-31,114.95,115.48,114.52,115.29
2007-11-01,114.92,115.92,114.48,114.53
2007-11-02,114.69,115.28,114.37,114.84
2007-11-05,114.67,114.81,114.02,114.44
2007-11-06,114.62,114.78,114.26,114.67
2007-11-07,113.68,114.77,112.74,112.8
2007-11-08,112.7,113.3,112.01,112.62
2007-11-09,111.67,112.87,110.5,110.76
2007-11-12,109.85,110.7,109.12,109.45
2007-11-13,110.16,110.96,109.22,110.92
2007-11-14,111.14,111.69,110.76,111.39
2007-11-15,110.76,111.62,110.21,110.36
2007-11-16,110.68,111.22,109.77,110.92
2007-11-19,110.34,111.01,109.74,109.77
2007-11-20,109.88,110.5,109.5,109.95
2007-11-21,109.18,109.9,108.25,108.28
2007-11-22,108.45,109.07,108.29,108.52
2007-11-23,108.39,108.6,107.55,108.33
2007-11-26,107.91,108.75,107.22,107.3
2007-11-27,108.19,108.94,107.27,108.77
2007-11-28,109.55,110.45,108.27,110.15
2007-11-29,109.99,110.31,109.47,109.85
2007-11-30,110.58,111.25,109.65,111.18
2007-12-03,110.75,111.0,110.13,110.47
2007-12-04,110.17,110.51,109.56,109.73
2007-12-05,110.33,110.97,109.7,110.92
2007-12-06,111.11,111.44,110.62,111.26
2007-12-07,111.5,111.76,111.16,111.65
2007-12-10,111.6,111.84,111.35,111.63
2007-12-11,111.2,112.09,110.48,110.58
2007-12-12,111.45,112.42,110.62,112.2
2007-12-13,112.18,112.39,111.4,112.19
2007-12-14,112.74,113.52,112.18,113.39
2007-12-17,113.22,113.48,112.83,112.84
2007-12-18,113.17,113.51,112.74,113.36
2007-12-19,113.4,113.48,112.74,113.39
2007-12-20,113.28,113.4,112.79,113.07
2007-12-21,113.59,114.21,112.94,114.14
2007-12-24,114.21,114.49,113.98,114.34
2007-12-25,114.23,114.35,113.89,114.09
2007-12-26,114.23,114.38,113.91,114.29
2007-12-27,114.03,114.6,113.57,113.7
2007-12-28,112.99,114.01,112.48,112.55
2007-12-31,112.12,112.49,111.32,111.33
2008-01-01,111.68,111.82,111.27,111.59
2008-01-02,110.66,111.97,109.21,109.58
2008-01-03,109.46,109.74,108.24,109.23
2008-01-04,108.96,109.57,107.89,108.52
2008-01-07,108.85,109.62,108.49,109.19
2008-01-08,109.03,109.77,108.86,108.91
2008-01-09,109.48,110.0,108.8,109.81
2008-01-10,109.68,110.07,109.1,109.36
2008-01-11,109.09,109.69,108.63,108.96
2008-01-14,108.42,108.92,107.36,108.17
2008-01-15,107.5,108.31,106.6,106.74
2008-01-16,107.22,107.79,105.92,107.46
2008-01-17,107.09,107.82,106.6,106.79
2008-01-18,106.75,107.53,106.35,106.74
2008-01-21,106.35,106.96,105.67,106.01
2008-01-22,106.19,106.96,105.62,106.45
2008-01-23,106.59,107.25,104.97,106.65
2008-01-24,106.98,107.1,105.93,106.89
2008-01-25,106.96,107.82,106.73,106.72
2008-01-28,106.81,107.07,105.98,106.85
2008-01-29,107.02,107.18,106.37,107.05
2008-01-30,106.68,107.42,106.32,106.43
2008-01-31,106.37,106.81,105.71,106.35
2008-02-01,106.52,106.72,105.76,106.61
2008-02-04,106.63,107.02,106.51,106.7
2008-02-05,106.77,107.7,106.58,106.78
2008-02-06,106.66,106.83,106.18,106.45
2008-02-07,107.08,107.78,105.91,107.51
2008-02-08,107.41,107.68,107.16,107.34
2008-02-11,107.16,107.56,106.34,106.94
2008-02-12,107.13,107.51,106.77,107.3
2008-02-13,107.84,108.36,106.99,108.3
2008-02-14,108.1,108.53,107.76,107.93
2008-02-15,107.84,108.31,107.26,107.77
2008-02-18,108.03,108.29,107.75,108.2
2008-02-19,108.02,108.27,107.19,107.76
2008-02-20,107.94,108.3,107.47,108.1
2008-02-21,107.78,108.3,107.15,107.3
2008-02-22,107.29,107.54,106.73,107.23
2008-02-25,107.72,108.17,107.16,108.04
2008-02-26,107.7,108.1,107.19,107.27
2008-02-27,106.85,107.41,105.95,106.38
2008-02-28,105.91,106.6,105.07,105.27
2008-02-29,104.53,105.17,103.79,103.85
2008-03-03,103.54,103.65,102.61,103.23
2008-03-04,103.4,103.57,102.65,103.32
2008-03-05,103.68,104.14,103.28,104.04
2008-03-06,103.35,103.99,102.55,102.61
2008-03-07,102.68,103.13,101.43,102.74
2008-03-10,102.12,102.42,101.56,101.73
2008-03-11,102.6,103.54,101.42,103.37
2008-03-12,102.43,103.41,101.5,101.53
2008-03-13,100.76,101.69,99.75,100.47
2008-03-14,99.79,101.09,98.89,98.98
2008-03-17,97.99,98.64,95.74,97.39
2008-03-18,98.65,100.04,96.85,99.99
2008-03-19,99.34,100.16,97.66,98.74
2008-03-20,98.96,100.15,98.45,99.36
2008-03-21,99.46,99.72,99.01,99.56
2008-03-24,99.97,100.85,99.34,100.65
2008-03-25,100.33,100.94,99.62,100.07
2008-03-26,99.47,100.27,98.88,98.97
2008-03-27,99.34,100.07,98.56,99.61
2008-03-28,99.41,100.3,99.1,99.12
2008-03-31,99.42,100.09,98.82,99.81
2008-04-01,100.82,102.09,99.59,101.83
2008-04-02,102.07,102.8,101.51,102.24
2008-04-03,102.27,102.94,102.06,102.28
2008-04-04,101.9,102.67,101.45,101.52
2008-04-07,102.06,102.79,101.51,102.42
2008-04-08,102.46,102.76,101.75,102.6
2008-04-09,102.16,102.79,101.5,101.77
2008-04-10,101.76,102.08,100.8,101.83
2008-04-11,101.38,102.2,100.64,100.95
2008-04-14,101.21,101.57,100.3,101.07
2008-04-15,101.47,101.87,101.31,101.82
2008-04-16,101.81,101.88,100.82,101.78
2008-04-17,102.16,102.7,101.7,102.53
2008-04-18,103.11,104.6,102.25,103.65
2008-04-21,103.51,104.02,102.97,103.24
2008-04-22,103.07,103.42,102.67,102.99
2008-04-23,103.17,103.7,102.74,103.33
2008-04-24,103.88,104.48,103.31,104.24
2008-04-25,104.39,104.77,103.9,104.4
2008-04-28,104.32,104.79,104.06,104.07
2008-04-29,104.16,104.33,103.22,104.02
2008-04-30,104.02,104.76,103.69,103.92
2008-05-01,104.2,104.54,103.54,104.43
2008-05-02,104.86,105.58,104.33,105.35
2008-05-05,105.1,105.53,104.73,104.87
2008-05-06,104.83,105.04,104.02,104.74
2008-05-07,104.72,105.56,104.58,104.65
2008-05-08,104.26,104.94,103.4,103.73
2008-05-09,103.3,103.91,102.61,102.83
2008-05-12,103.42,104.0,102.57,103.76
2008-05-13,104.26,104.88,103.39,104.78
2008-05-14,104.85,105.45,104.57,105.04
2008-05-15,104.88,105.29,104.42,104.68
2008-05-16,104.39,105.06,103.52,104.03
2008-05-19,104.15,104.63,103.62,104.34
2008-05-20,103.98,104.47,103.45,103.59
2008-05-21,103.32,103.69,102.96,102.96
2008-05-22,103.59,104.38,102.72,104.07
2008-05-23,103.74,104.2,103.06,103.3
2008-05-26,103.36,103.5,103.12,103.38
2008-05-27,103.82,104.34,103.25,104.24
2008-05-28,104.49,105.21,103.89,104.63
2008-05-29,105.15,105.82,104.59,105.5
2008-05-30,105.55,105.71,105.23,105.5
2008-06-02,104.87,105.5,104.02,104.46
2008-06-03,104.79,105.45,103.87,105.07
2008-06-04,105.22,105.34,104.53,105.27
2008-06-05,105.63,106.29,105.2,105.92
2008-06-06,105.44,106.31,104.9,104.9
2008-06-09,105.39,106.37,104.45,106.34
2008-06-10,106.83,107.46,106.23,107.43
2008-06-11,107.1,107.75,106.56,106.82
2008-06-12,107.36,108.07,106.79,107.93
2008-06-13,108.03,108.37,107.64,108.15
2008-06-16,108.15,108.58,107.91,108.19
2008-06-17,108.1,108.34,107.6,107.91
2008-06-18,107.91,108.38,107.71,107.85
2008-06-19,107.89,108.05,107.42,108.0
2008-06-20,107.62,108.06,107.12,107.3
2008-06-23,107.54,108.04,107.15,107.79
2008-06-24,107.85,108.17,107.35,107.84
2008-06-25,107.84,108.37,107.65,107.83
2008-06-26,107.35,108.19,106.6,106.77
2008-06-27,106.48,107.18,105.86,106.12
2008-06-30,106.13,106.46,104.99,106.09
2008-07-01,106.07,106.34,105.23,106.07
2008-07-02,105.94,106.75,105.78,105.86
2008-07-03,106.34,106.88,105.77,106.73
2008-07-04,106.82,106.88,106.59,106.81
2008-07-07,106.97,107.75,106.65,107.14
2008-07-08,107.3,107.53,106.25,107.43
2008-07-09,107.13,107.61,106.68,106.75
2008-07-10,106.94,107.37,106.7,107.07
2008-07-11,106.66,107.28,105.65,106.21
2008-07-14,106.15,106.78,106.04,106.14
2008-07-15,105.44,106.25,104.16,104.63
2008-07-16,104.88,105.19,103.77,105.04
2008-07-17,105.62,106.84,104.75,106.25
2008-07-18,106.6,106.98,105.97,106.95
2008-07-21,106.69,107.12,106.33,106.41
2008-07-22,106.86,107.42,106.05,107.34
2008-07-23,107.6,107.98,107.17,107.95
2008-07-24,107.66,107.96,107.19,107.36
2008-07-25,107.63,107.94,106.58,107.85
2008-07-28,107.68,108.04,107.34,107.44
2008-07-29,107.81,108.27,107.29,108.1
2008-07-30,108.11,108.29,107.7,108.1
2008-07-31,107.99,108.32,107.56,107.82
2008-08-01,107.78,107.87,107.28,107.66
2008-08-04,107.95,108.29,107.45,108.22
2008-08-05,108.26,108.38,107.67,108.29
2008-08-06,108.95,109.84,108.22,109.71
2008-08-07,109.49,109.65,109.13,109.43
2008-08-08,109.76,110.32,109.3,110.17
2008-08-11,110.24,110.34,109.55,110.08
2008-08-12,109.7,110.31,109.22,109.21
2008-08-13,109.37,109.66,108.37,109.47
2008-08-14,109.63,109.95,109.02,109.73
2008-08-15,110.14,110.62,109.62,110.49
2008-08-18,110.34,110.45,109.95,110.08
2008-08-19,109.9,110.22,109.55,109.69
2008-08-20,109.76,110.24,109.61,109.79
2008-08-21,109.16,109.8,108.13,108.35
2008-08-22,109.25,110.12,108.42,110.01
2008-08-25,109.64,110.29,109.02,109.32
2008-08-26,109.5,109.9,109.14,109.58
2008-08-27,109.58,109.88,108.69,109.54
2008-08-28,109.52,109.65,108.78,109.46
2008-08-29,109.13,109.5,108.42,108.79
2008-09-01,108.26,108.65,107.62,108.04
2008-09-02,108.32,109.17,107.77,108.64
2008-09-03,108.44,109.06,108.1,108.34
2008-09-04,107.37,108.48,106.46,106.59
2008-09-05,107.15,107.8,105.53,107.74
2008-09-08,108.6,108.96,107.74,108.31
2008-09-09,107.49,108.18,106.66,106.81
2008-09-10,107.34,107.91,106.6,107.6
2008-09-11,107.48,107.71,106.06,107.15
2008-09-12,107.58,107.99,106.72,107.92
2008-09-15,105.16,106.64,104.54,104.53
2008-09-16,105.08,106.17,103.53,105.72
2008-09-17,104.82,106.55,104.25,104.32
2008-09-18,104.96,105.75,103.98,105.55
2008-09-19,106.54,108.07,105.38,107.42
2008-09-22,106.14,106.98,105.14,105.41
2008-09-23,105.62,105.99,105.16,105.5
2008-09-24,105.97,106.32,105.35,106.26
2008-09-25,106.37,106.93,105.46,106.41
2008-09-26,106.23,106.35,105.03,105.97
2008-09-29,105.12,106.89,103.98,104.03
2008-09-30,105.01,106.43,103.51,106.03
2008-10-01,105.93,106.5,105.33,105.78
2008-10-02,105.59,106.23,105.09,105.34
2008-10-03,105.33,106.1,104.5,105.3
2008-10-06,103.26,104.9,100.54,101.81
2008-10-07,101.46,103.11,101.07,101.33
2008-10-08,100.44,101.58,98.6,99.25
2008-10-09,99.38,101.39,99.07,99.42
2008-10-10,100.09,100.7,98.28,100.64
2008-10-13,101.47,102.26,99.56,101.99
2008-10-14,102.1,102.93,101.5,102.18
2008-10-15,101.05,102.06,99.62,99.59
2008-10-16,100.73,101.71,99.26,101.6
2008-10-17,101.66,101.76,100.6,101.65
2008-10-20,101.89,102.4,101.36,101.89
2008-10-21,101.24,102.15,100.06,100.35
2008-10-22,99.26,100.5,97.23,97.86
2008-10-23,97.94,98.19,95.94,97.83
2008-10-24,96.17,97.83,90.93,94.27
2008-10-27,92.76,94.41,91.91,92.79
2008-10-28,96.0,99.13,92.59,98.74
2008-10-29,98.02,98.97,96.08,97.41
2008-10-30,98.03,98.96,97.22,98.61
2008-10-31,98.56,98.96,96.35,98.44
2008-11-03,98.89,99.57,98.21,99.13
2008-11-04,99.45,100.53,98.36,99.61
2008-11-05,98.82,99.87,98.17,98.56
2008-11-06,98.04,98.47,97.5,97.75
2008-11-07,97.97,98.51,96.75,98.27
2008-11-10,98.62,99.44,97.6,97.99
2008-11-11,97.84,98.23,97.31,97.69
2008-11-12,96.36,98.03,94.47,94.86
2008-11-13,96.34,98.06,94.52,97.58
2008-11-14,97.32,97.85,96.09,96.92
2008-11-17,96.19,97.49,95.88,96.36
2008-11-18,96.76,97.41,96.02,96.96
2008-11-19,96.35,97.03,95.68,95.9
2008-11-20,94.79,96.16,93.72,94.05
2008-11-21,94.78,95.99,93.56,95.86
2008-11-24,96.59,97.21,94.94,97.04
2008-11-25,96.18,97.17,94.94,95.24
2008-11-26,95.47,95.86,94.59,95.58
2008-11-27,95.38,95.68,94.99,95.37
2008-11-28,95.44,95.7,95.15,95.47
2008-12-01,94.35,95.49,93.05,93.21
2008-12-02,93.18,93.76,92.62,93.37
2008-12-03,93.3,93.58,92.54,93.35
2008-12-04,92.78,93.4,92.06,92.17
2008-12-05,92.56,93.22,91.58,92.87
2008-12-08,92.82,93.76,92.57,92.84
2008-12-09,92.49,93.04,91.93,92.12
2008-12-10,92.5,92.99,92.06,92.61
2008-12-11,92.08,92.87,91.16,91.71
2008-12-12,91.28,91.81,88.37,91.1
2008-12-15,91.0,91.19,90.24,90.73
2008-12-16,89.82,90.67,88.63,88.93
2008-12-17,88.09,89.12,87.13,87.31
2008-12-18,88.34,89.94,88.28,89.38
2008-12-19,89.36,89.8,88.42,89.12
2008-12-22,89.69,90.43,89.12,90.15
2008-12-23,90.6,90.96,89.89,90.86
2008-12-24,90.71,90.95,90.23,90.47
2008-12-25,90.42,90.98,90.23,90.39
2008-12-26,90.58,90.82,90.32,90.69
2008-12-29,90.69,90.74,89.75,90.56
2008-12-30,90.49,90.87,90.01,90.28
2008-12-31,90.45,90.95,90.13,90.6
2009-01-01,90.73,90.96,89.97,90.76
2009-01-02,91.46,92.35,90.59,92.22
2009-01-05,92.7,93.57,91.8,93.37
2009-01-06,93.58,94.6,92.84,93.66
2009-01-07,93.18,94.07,92.33,92.62
2009-01-08,91.95,92.91,90.84,91.07
2009-01-09,90.79,91.54,90.15,90.31
2009-01-12,89.71,90.21,88.88,89.13
2009-01-13,89.3,89.85,88.78,89.13
2009-01-14,89.24,89.88,88.61,89.08
2009-01-15,89.43,89.97,88.48,89.78
2009-01-16,90.23,90.83,89.73,90.69
2009-01-19,90.81,91.28,90.15,90.67
2009-01-20,90.23,90.9,89.68,89.8
2009-01-21,89.62,90.16,87.13,89.43
2009-01-22,89.18,89.44,88.06,88.79
2009-01-23,88.79,89.52,87.98,88.81
2009-01-26,88.93,89.66,88.26,89.0
2009-01-27,89.0,90.04,88.43,88.92
2009-01-28,89.63,90.66,88.87,90.38
2009-01-29,90.16,90.59,89.48,89.93
2009-01-30,90.0,90.1,89.16,89.97
2009-02-02,89.74,89.95,88.8,89.46
2009-02-03,89.47,89.92,88.58,89.25
2009-02-04,89.41,89.78,88.82,89.46
2009-02-05,90.33,91.96,89.22,91.12
2009-02-06,91.55,92.17,90.72,91.98
2009-02-09,91.64,92.26,90.88,91.46
2009-02-10,90.96,91.61,90.13,90.3
2009-02-11,90.46,90.72,89.7,90.43
2009-02-12,90.69,90.99,89.81,90.87
2009-02-13,91.46,92.03,90.53,91.95
2009-02-16,91.71,92.0,91.42,91.7
2009-02-17,92.08,92.7,91.56,92.35
2009-02-18,93.1,93.89,92.09,93.81
2009-02-19,93.99,94.44,93.29,94.28
2009-02-20,93.73,94.37,92.52,93.13
2009-02-23,94.04,94.89,92.76,94.47
2009-02-24,95.65,96.91,94.26,96.78
2009-02-25,97.03,97.76,96.36,97.67
2009-02-26,97.96,98.65,97.32,98.39
2009-02-27,98.05,98.48,96.85,97.52
2009-03-02,97.59,97.82,96.92,97.21
2009-03-03,97.84,98.54,96.99,98.3
2009-03-04,98.67,99.45,98.12,99.08
2009-03-05,98.54,99.66,97.72,97.92
2009-03-06,98.2,98.5,96.57,98.37
2009-03-09,98.58,99.11,97.9,98.79
2009-03-10,98.76,99.09,97.9,98.69
2009-03-11,98.0,98.83,97.04,97.2
2009-03-12,97.41,98.34,95.67,97.76
2009-03-13,97.82,98.57,97.13,97.95
2009-03-16,98.12,98.6,97.56,98.17
2009-03-17,98.42,98.95,98.14,98.6
2009-03-18,97.32,98.82,95.67,95.85
2009-03-19,95.27,96.53,93.54,94.46
2009-03-20,95.26,96.21,94.15,95.9
2009-03-23,96.43,97.35,95.42,97.02
2009-03-24,97.47,98.45,96.92,97.75
2009-03-25,97.84,98.34,96.91,97.58
2009-03-26,98.25,98.85,97.44,98.74
2009-03-27,98.31,98.79,97.1,97.85
2009-03-30,97.75,98.23,95.96,97.29
2009-03-31,98.09,99.36,97.28,98.84
2009-04-01,98.74,99.4,98.22,98.54
2009-04-02,99.15,99.89,98.38,99.55
2009-04-03,99.98,100.36,99.34,100.3
2009-04-06,100.68,101.43,100.21,100.98
2009-04-07,100.8,100.93,99.86,100.5
2009-04-08,100.13,100.77,99.33,99.71
2009-04-09,100.1,100.56,99.63,100.37
2009-04-10,100.36,100.7,100.21,100.22
2009-04-13,100.24,100.7,99.86,100.03
2009-04-14,99.48,100.38,98.73,98.78
2009-04-15,99.08,99.63,98.14,99.39
2009-04-16,99.38,99.5,98.52,99.27
2009-04-17,99.26,99.72,98.71,99.13
2009-04-20,98.59,99.37,97.66,97.95
2009-04-21,98.31,98.84,97.72,98.65
2009-04-22,98.31,98.67,97.58,97.97
2009-04-23,98.0,98.41,97.62,98.05
2009-04-24,97.66,98.0,96.64,97.15
2009-04-27,96.79,97.07,96.43,96.63
2009-04-28,96.55,96.68,95.61,96.38
2009-04-29,97.04,97.83,96.34,97.5
2009-04-30,98.1,98.95,97.14,98.56
2009-05-01,98.86,99.55,98.52,99.08
2009-05-04,99.1,99.54,98.7,98.92
2009-05-05,98.92,99.2,98.6,98.89
2009-05-06,98.72,98.97,97.94,98.43
2009-05-07,98.87,99.53,98.34,99.24
2009-05-08,98.94,99.5,98.33,98.55
2009-05-11,98.06,98.79,97.26,97.53
2009-05-12,96.88,97.76,96.11,96.41
2009-05-13,95.85,96.62,95.14,95.4
2009-05-14,95.72,96.08,95.11,95.87
2009-05-15,95.58,96.1,94.73,95.19
2009-05-18,95.63,96.44,94.54,96.24
2009-05-19,96.12,96.7,95.9,96.01
2009-05-20,95.43,96.22,94.68,94.85
2009-05-21,94.62,95.15,93.97,94.45
2009-05-22,94.57,94.87,93.84,94.77
2009-05-25,94.82,95.18,94.42,94.84
2009-05-26,94.91,95.11,94.5,95.0
2009-05-27,95.14,95.5,94.65,95.3
2009-05-28,96.15,97.19,95.23,96.94
2009-05-29,96.13,96.94,95.02,95.29
2009-06-01,95.97,96.72,94.45,96.56
2009-06-02,96.1,96.59,95.32,95.65
2009-06-03,95.79,96.41,95.37,95.92
2009-06-04,96.32,96.93,95.87,96.57
2009-06-05,97.64,98.87,96.56,98.64
2009-06-08,98.52,98.77,98.2,98.43
2009-06-09,97.93,98.52,97.25,97.4
2009-06-10,97.85,98.44,97.08,98.2
2009-06-11,97.99,98.44,97.29,97.55
2009-06-12,98.02,98.45,97.46,98.4
2009-06-15,98.11,98.54,97.58,97.82
2009-06-16,97.13,97.77,96.07,96.37
2009-06-17,96.05,96.71,95.51,95.69
2009-06-18,96.12,96.68,95.62,96.59
2009-06-19,96.43,97.15,96.0,96.26
2009-06-22,96.09,96.26,95.72,95.93
2009-06-23,95.59,95.89,94.88,95.21
2009-06-24,95.49,95.95,95.03,95.72
2009-06-25,95.86,96.52,95.61,95.9
2009-06-26,95.57,96.03,95.04,95.22
2009-06-29,95.68,96.17,95.15,96.13
2009-06-30,96.23,96.52,95.31,96.31
2009-07-01,96.47,96.95,96.16,96.59
2009-07-02,96.27,96.85,95.71,95.92
2009-07-03,96.0,96.12,95.69,96.03
2009-07-06,95.69,95.97,94.66,95.36
2009-07-07,95.06,95.42,94.7,94.86
2009-07-08,93.75,94.77,91.8,92.81
2009-07-09,92.85,93.48,92.37,92.93
2009-07-10,92.75,93.18,91.78,92.52
2009-07-13,92.74,93.04,91.74,92.97
2009-07-14,93.3,93.7,92.71,93.59
2009-07-15,93.93,94.45,93.26,94.26
2009-07-16,94.01,94.39,93.27,93.79
2009-07-17,93.99,94.37,93.47,94.17
2009-07-20,94.24,94.77,94.12,94.19
2009-07-21,93.94,94.35,93.28,93.68
2009-07-22,93.64,93.83,93.09,93.59
2009-07-23,94.32,95.24,93.53,94.96
2009-07-24,94.92,95.07,94.59,94.77
2009-07-27,94.96,95.36,94.68,95.18
2009-07-28,94.85,95.24,94.04,94.54
2009-07-29,94.77,95.26,94.01,95.03
2009-07-30,95.32,95.85,94.82,95.52
2009-07-31,95.12,95.81,94.49,94.66
2009-08-03,94.99,95.39,94.58,95.25
2009-08-04,95.23,95.46,94.36,95.26
2009-08-05,95.1,95.4,94.63,94.91
2009-08-06,95.17,95.78,94.78,95.44
2009-08-07,96.5,97.73,95.05,97.55
2009-08-10,97.38,97.57,96.9,97.11
2009-08-11,96.53,97.09,95.76,95.94
2009-08-12,96.04,96.5,95.12,96.06
2009-08-13,95.74,96.45,95.04,95.38
2009-08-14,95.17,95.41,94.42,94.91
2009-08-17,94.66,94.8,94.2,94.48
2009-08-18,94.62,95.26,94.34,94.68
2009-08-19,94.4,94.93,93.67,94.06
2009-08-20,94.14,94.53,93.85,94.19
2009-08-21,94.28,94.68,93.42,94.37
2009-08-24,94.44,95.03,94.36,94.47
2009-08-25,94.35,94.54,93.79,94.17
2009-08-26,94.22,94.51,93.87,94.24
2009-08-27,93.85,94.19,93.21,93.47
2009-08-28,93.57,94.04,93.41,93.64
2009-08-31,93.22,93.48,92.54,93.01
2009-09-01,92.96,93.36,92.81,92.87
2009-09-02,92.59,93.03,92.09,92.2
2009-09-03,92.43,92.78,91.94,92.62
2009-09-04,92.82,93.16,92.28,92.99
2009-09-07,92.99,93.29,92.82,92.99
2009-09-08,92.67,93.03,92.03,92.33
2009-09-09,92.14,92.59,91.61,92.03
2009-09-10,91.89,92.24,91.42,91.74
2009-09-11,91.26,91.76,90.21,90.69
2009-09-14,90.66,91.11,90.2,90.92
2009-09-15,90.95,91.54,90.78,91.03
2009-09-16,90.97,91.23,90.12,90.87
2009-09-17,90.98,91.5,90.51,91.04
2009-09-18,91.17,91.49,91.02,91.28
2009-09-21,91.74,92.47,91.3,92.0
2009-09-22,91.59,92.06,90.94,91.13
2009-09-23,91.33,91.53,90.49,91.3
2009-09-24,91.36,91.58,90.35,91.28
2009-09-25,90.47,91.11,89.51,89.63
2009-09-28,89.66,89.79,88.24,89.6
2009-09-29,89.91,90.36,89.62,90.09
2009-09-30,89.94,90.34,89.35,89.75
2009-10-01,89.64,90.14,89.41,89.54
2009-10-02,89.69,89.87,88.59,89.8
2009-10-05,89.49,89.97,89.4,89.5
2009-10-06,89.16,89.65,88.62,88.76
2009-10-07,88.7,89.26,88.0,88.58
2009-10-08,88.5,88.65,88.15,88.41
2009-10-09,89.09,89.87,88.35,89.77
2009-10-12,89.79,90.43,89.63,89.83
2009-10-13,89.77,90.17,89.43,89.7
2009-10-14,89.52,89.89,88.83,89.42
2009-10-15,89.97,90.77,89.27,90.55
2009-10-16,90.73,91.3,90.5,90.88
2009-10-19,90.85,91.05,90.36,90.58
2009-10-20,90.65,90.98,90.07,90.67
2009-10-21,90.85,91.2,90.48,90.99
2009-10-22,91.19,91.67,90.77,91.39
2009-10-23,91.71,92.12,91.27,92.04
2009-10-26,92.19,92.27,91.56,92.2
2009-10-27,92.0,92.27,91.7,91.79
2009-10-28,91.22,91.75,90.55,90.62
2009-10-29,91.07,91.59,90.24,91.41
2009-10-30,90.78,91.54,89.92,90.08
2009-11-02,89.95,90.64,89.19,90.33
2009-11-03,90.33,90.53,89.87,90.33
2009-11-04,90.54,91.16,90.05,90.68
2009-11-05,90.74,90.82,89.99,90.74
2009-11-06,90.3,90.82,89.61,89.91
2009-11-09,89.97,90.24,89.68,89.99
2009-11-10,89.9,90.16,89.68,89.84
2009-11-11,89.85,90.03,89.28,89.82
2009-11-12,90.11,90.56,89.64,90.38
2009-11-13,90.02,90.4,89.46,89.71
2009-11-16,89.3,89.71,88.75,89.11
2009-11-17,89.19,89.49,88.73,89.32
2009-11-18,89.28,89.5,89.0,89.37
2009-11-19,89.16,89.42,88.63,89.03
2009-11-20,88.93,89.1,88.67,88.91
2009-11-23,88.89,89.17,88.57,88.95
2009-11-24,88.75,89.0,88.35,88.56
2009-11-25,87.95,88.63,87.21,87.3
2009-11-26,86.98,87.47,86.29,86.48
2009-11-27,86.52,86.96,84.82,86.41
2009-11-30,86.54,86.93,85.85,86.34
2009-12-01,86.49,87.46,86.14,86.64
2009-12-02,87.06,87.56,86.59,87.45
2009-12-03,87.83,88.45,87.32,88.2
2009-12-04,89.43,90.75,87.99,90.43
2009-12-07,89.89,90.27,89.04,89.51
2009-12-08,88.97,89.44,88.17,88.4
2009-12-09,88.14,88.61,87.35,87.86
2009-12-10,88.05,88.43,87.73,88.18
2009-12-11,88.7,89.71,88.18,89.05
2009-12-14,88.8,89.3,88.32,88.59
2009-12-15,89.09,89.95,88.57,89.62
2009-12-16,89.74,89.99,89.38,89.78
2009-12-17,89.88,90.38,89.55,89.88
2009-12-18,90.21,90.85,88.94,90.3
2009-12-21,90.77,91.23,90.24,91.15
2009-12-22,91.5,91.86,90.98,91.84
2009-12-23,91.73,91.86,91.3,91.67
2009-12-24,91.59,91.78,91.12,91.51
2009-12-25,91.35,91.62,91.19,91.18
2009-12-28,91.6,91.73,91.41,91.59
2009-12-29,91.81,92.07,91.52,92.0
2009-12-30,92.23,92.74,91.9,92.46
2009-12-31,92.73,93.14,91.91,92.9
2010-01-01,93.01,93.05,92.98,93.0
2010-01-04,92.79,93.14,92.19,92.55
2010-01-05,92.12,92.52,91.25,91.72
2010-01-06,92.02,92.7,91.52,92.34
2010-01-07,92.85,93.5,92.1,93.31
2010-01-08,92.97,93.61,92.29,92.61
2010-01-11,92.31,92.59,91.81,92.08
2010-01-12,91.56,92.35,90.74,90.95
2010-01-13,91.2,91.52,90.9,91.4
2010-01-14,91.3,92.01,90.84,91.14
2010-01-15,91.02,91.31,90.59,90.78
2010-01-18,90.78,91.06,90.62,90.72
2010-01-19,90.96,91.24,90.31,91.1
2010-01-20,91.19,91.4,90.79,91.25
2010-01-21,90.85,91.83,90.11,90.42
2010-01-22,90.16,90.52,89.78,89.89
2010-01-25,90.3,90.32,89.81,90.23
2010-01-26,89.95,90.52,89.34,89.62
2010-01-27,89.83,90.06,89.13,90.0
2010-01-28,89.93,90.51,89.63,89.88
2010-01-29,90.09,90.9,89.58,90.3
2010-02-01,90.22,90.89,89.79,90.62
2010-02-02,90.49,90.9,90.26,90.38
2010-02-03,90.68,91.22,90.08,90.97
2010-02-04,90.02,91.06,88.56,88.95
2010-02-05,89.14,89.8,88.82,89.33
2010-02-08,89.39,89.55,89.14,89.3
2010-02-09,89.51,89.81,89.15,89.65
2010-02-10,89.8,90.05,89.23,89.97
2010-02-11,89.84,90.12,89.56,89.72
2010-02-12,89.87,90.35,89.58,90.02
2010-02-15,90.08,90.21,89.9,89.98
2010-02-16,90.08,90.49,89.71,90.1
2010-02-17,90.7,91.38,90.11,91.36
2010-02-18,91.52,91.76,90.57,91.22
2010-02-19,91.64,92.07,91.6,91.59
2010-02-22,91.33,91.84,91.01,91.12
2010-02-23,90.68,91.29,89.92,90.2
2010-02-24,90.2,90.36,89.76,90.2
2010-02-25,89.6,90.31,88.8,89.07
2010-02-26,89.05,89.45,88.74,88.85
2010-03-01,88.98,89.44,88.81,89.09
2010-03-02,89.0,89.38,88.55,88.74
2010-03-03,88.64,88.96,88.31,88.43
2010-03-04,88.76,89.23,88.13,89.07
2010-03-05,89.73,90.59,88.97,90.29
2010-03-08,90.39,90.65,90.14,90.26
2010-03-09,90.14,90.32,89.62,89.96
2010-03-10,90.23,90.76,89.84,90.51
2010-03-11,90.52,90.7,90.2,90.51
2010-03-12,90.54,91.04,90.17,90.46
2010-03-15,90.59,90.78,90.34,90.52
2010-03-16,90.39,90.7,89.98,90.27
2010-03-17,90.27,90.68,90.03,90.27
2010-03-18,90.35,90.65,89.76,90.37
2010-03-19,90.44,90.7,90.33,90.53
2010-03-22,90.31,90.73,89.83,90.09
2010-03-23,90.29,90.48,90.05,90.41
2010-03-24,91.31,92.36,90.34,92.21
2010-03-25,92.46,92.91,91.76,92.68
2010-03-26,92.59,92.85,92.3,92.47
2010-03-29,92.46,92.76,92.34,92.44
2010-03-30,92.66,93.01,92.12,92.78
2010-03-31,93.16,93.62,92.75,93.46
2010-04-01,93.66,94.02,93.28,93.83
2010-04-02,94.24,94.69,93.63,94.58
2010-04-05,94.54,94.67,94.08,94.3
2010-04-06,94.06,94.33,93.66,93.75
2010-04-07,93.53,94.24,93.15,93.34
2010-04-08,93.34,93.46,92.83,93.38
2010-04-09,93.29,93.76,93.11,93.15
2010-04-12,93.21,93.62,92.97,93.25
2010-04-13,93.21,93.36,92.57,93.21
2010-04-14,93.26,93.64,92.82,93.2
2010-04-15,93.16,93.53,92.86,92.99
2010-04-16,92.63,93.15,91.9,92.15
2010-04-19,92.19,92.47,91.6,92.43
2010-04-20,92.85,93.36,92.39,93.23
2010-04-21,93.21,93.42,92.93,93.13
2010-04-22,93.3,93.61,92.73,93.42
2010-04-23,93.69,94.3,93.3,93.91
2010-04-26,94.06,94.35,93.92,93.94
2010-04-27,93.57,94.0,92.81,93.12
2010-04-28,93.62,94.31,92.99,94.02
2010-04-29,94.13,94.25,93.84,94.01
2010-04-30,93.96,94.56,93.83,93.81
2010-05-03,94.26,94.77,93.84,94.54
2010-05-04,94.64,94.98,94.32,94.62
2010-05-05,94.34,94.97,93.53,93.87
2010-05-06,92.37,93.97,88.02,90.53
2010-05-07,91.19,92.92,90.02,91.56
2010-05-10,92.87,93.49,91.78,93.29
2010-05-11,93.0,93.25,92.21,92.68
2010-05-12,92.99,93.27,92.43,93.17
2010-05-13,92.96,93.58,92.58,92.69
2010-05-14,92.59,93.02,91.8,92.46
2010-05-17,92.45,92.68,91.76,92.58
2010-05-18,92.34,92.89,92.1,92.12
2010-05-19,91.94,92.1,90.96,91.63
2010-05-20,90.54,91.85,88.99,89.56
2010-05-21,89.57,90.4,89.07,90.0
2010-05-24,90.24,90.56,89.74,90.13
2010-05-25,90.27,90.36,89.26,90.3
2010-05-26,90.17,90.58,89.81,89.82
2010-05-27,90.41,91.09,89.85,91.06
2010-05-28,91.04,91.4,90.6,91.05
2010-05-31,91.1,91.59,90.92,91.24
2010-06-01,91.1,91.38,90.54,91.0
2010-06-02,91.6,92.34,90.97,92.18
2010-06-03,92.41,92.77,92.03,92.65
2010-06-04,92.25,92.84,91.42,91.91
2010-06-07,91.65,92.05,90.98,91.32
2010-06-08,91.48,91.9,90.84,91.51
2010-06-09,91.43,91.63,91.05,91.26
2010-06-10,91.33,91.44,90.85,91.36
2010-06-11,91.52,91.76,91.19,91.64
2010-06-14,91.71,92.05,91.41,91.53
2010-06-15,91.56,91.68,91.07,91.41
2010-06-16,91.46,91.78,91.09,91.42
2010-06-17,91.16,91.4,90.51,90.98
2010-06-18,90.83,90.94,90.44,90.67
2010-06-21,90.71,91.4,90.28,91.0
2010-06-22,90.79,91.09,90.32,90.54
2010-06-23,90.22,90.6,89.73,89.83
2010-06-24,89.79,90.0,89.22,89.54
2010-06-25,89.4,89.79,89.21,89.21
2010-06-28,89.35,89.49,89.06,89.35
2010-06-29,88.97,89.44,88.28,88.54
2010-06-30,88.45,88.78,88.35,88.39
2010-07-01,88.06,88.58,86.96,87.6
2010-07-02,87.76,88.23,87.33,87.74
2010-07-05,87.75,88.02,87.62,87.74
2010-07-06,87.68,88.01,87.34,87.55
2010-07-07,87.66,87.79,87.01,87.7
2010-07-08,88.11,88.66,87.66,88.38
2010-07-09,88.51,88.73,88.36,88.58
2010-07-12,88.66,89.17,88.39,88.62
2010-07-13,88.67,88.89,88.02,88.67
2010-07-14,88.57,89.13,88.07,88.44
2010-07-15,87.91,88.45,87.23,87.45
2010-07-16,87.03,87.52,86.26,86.59
2010-07-19,86.68,87.23,86.48,86.73
2010-07-20,87.12,87.6,86.69,87.5
2010-07-21,87.23,87.49,86.86,87.06
2010-07-22,87.0,87.24,86.34,86.91
2010-07-23,87.27,87.54,86.73,87.44
2010-07-26,87.23,87.73,86.82,86.88
2010-07-27,87.4,87.99,86.82,87.88
2010-07-28,87.63,88.14,87.26,87.39
2010-07-29,87.14,87.53,86.56,86.76
2010-07-30,86.69,86.95,85.94,86.45
2010-08-02,86.42,86.9,86.31,86.49
2010-08-03,86.15,86.68,85.68,85.78
2010-08-04,86.06,86.43,85.31,86.28
2010-08-05,86.1,86.5,85.71,85.8
2010-08-06,85.68,86.24,85.02,85.49
2010-08-09,85.69,86.01,85.3,85.92
2010-08-10,85.66,86.25,85.18,85.4
2010-08-11,85.36,85.51,84.73,85.2
2010-08-12,85.57,86.06,84.92,85.93
2010-08-13,86.04,86.4,85.56,86.19
2010-08-16,85.78,86.29,85.21,85.36
2010-08-17,85.46,85.72,85.11,85.53
2010-08-18,85.49,85.72,85.19,85.42
2010-08-19,85.33,85.94,84.89,85.34
2010-08-20,85.44,85.87,85.19,85.61
2010-08-23,85.35,85.71,85.06,85.07
2010-08-24,84.64,85.23,83.59,84.0
2010-08-25,84.38,84.85,84.06,84.58
2010-08-26,84.53,84.92,84.32,84.45
2010-08-27,84.85,85.5,84.27,85.19
2010-08-30,84.95,85.95,84.5,84.6
2010-08-31,84.41,84.69,83.82,84.16
2010-09-01,84.31,84.68,83.68,84.42
2010-09-02,84.38,84.57,84.0,84.29
2010-09-03,84.31,85.24,84.17,84.29
2010-09-06,84.26,84.51,84.04,84.18
2010-09-07,83.98,84.28,83.51,83.8
2010-09-08,83.83,84.05,83.34,83.87
2010-09-09,83.85,84.04,83.49,83.8
2010-09-10,84.0,84.4,83.74,84.16
2010-09-13,83.97,84.38,83.5,83.68
2010-09-14,83.38,83.77,82.92,83.05
2010-09-15,84.4,85.79,82.87,85.73
2010-09-16,85.79,85.94,85.22,85.76
2010-09-17,85.83,85.94,85.59,85.84
2010-09-20,85.71,85.82,85.5,85.68
2010-09-21,85.43,85.79,84.98,85.09
2010-09-22,84.85,85.2,84.27,84.52
2010-09-23,84.47,84.69,84.26,84.35
2010-09-24,84.31,85.41,84.11,84.18
2010-09-27,84.32,84.41,84.11,84.26
2010-09-28,84.07,84.36,83.69,83.88
2010-09-29,83.79,84.09,83.5,83.68
2010-09-30,83.62,83.83,83.16,83.45
2010-10-01,83.37,83.6,83.15,83.19
2010-10-04,83.34,83.88,83.17,83.34
2010-10-05,83.32,84.0,82.96,83.21
2010-10-06,83.06,83.28,82.76,82.91
2010-10-07,82.62,83.04,82.11,82.33
2010-10-08,82.13,82.59,81.72,81.9
2010-10-11,81.91,82.2,81.38,82.08
2010-10-12,81.97,82.36,81.65,81.76
2010-10-13,81.8,82.02,81.72,81.77
2010-10-14,81.64,81.86,80.89,81.44
2010-10-15,81.45,81.64,80.89,81.43
2010-10-18,81.34,81.49,81.11,81.23
2010-10-19,81.45,81.94,81.13,81.56
2010-10-20,81.38,81.68,80.84,81.12
2010-10-21,81.22,81.83,80.92,81.34
2010-10-22,81.35,81.52,80.99,81.35
2010-10-25,81.13,81.47,80.41,80.78
2010-10-26,81.09,81.67,80.61,81.4
2010-10-27,81.56,82.0,81.31,81.69
2010-10-28,81.41,81.79,80.86,81.0
2010-10-29,80.71,81.08,80.38,80.39
2010-11-01,80.41,81.38,80.24,80.48
2010-11-02,80.59,80.97,80.47,80.62
2010-11-03,80.9,81.59,80.59,81.04
2010-11-04,80.94,81.23,80.57,80.71
2010-11-05,81.01,81.48,80.61,81.25
2010-11-08,81.22,81.44,80.99,81.15
2010-11-09,81.44,81.98,80.52,81.77
2010-11-10,82.0,82.81,81.55,82.29
2010-11-11,82.38,82.62,82.03,82.52
2010-11-12,82.52,82.67,81.65,82.5
2010-11-15,82.78,83.26,82.39,83.13
2010-11-16,83.24,83.61,82.84,83.26
2010-11-17,83.23,83.56,83.03,83.24
2010-11-18,83.37,83.81,83.09,83.5
2010-11-19,83.55,83.66,83.13,83.45
2010-11-22,83.41,83.58,83.23,83.28
2010-11-23,83.23,83.87,82.78,83.16
2010-11-24,83.36,83.68,82.94,83.55
2010-11-25,83.58,83.71,83.4,83.57
2010-11-26,83.86,84.21,83.56,84.1
2010-11-29,84.14,84.42,83.82,84.21
2010-11-30,83.99,84.32,83.42,83.67
2010-12-01,83.94,84.41,83.37,84.19
2010-12-02,84.02,84.38,83.49,83.87
2010-12-03,83.19,83.91,82.53,82.62
2010-12-06,82.65,83.0,82.56,82.64
2010-12-07,83.09,83.67,82.33,83.48
2010-12-08,83.75,84.32,83.46,84.03
2010-12-09,83.89,84.13,83.51,83.68
2010-12-10,83.84,84.03,83.45,83.91
2010-12-13,83.68,84.38,83.1,83.4
2010-12-14,83.55,83.79,82.84,83.63
2010-12-15,83.95,84.53,83.6,84.25
2010-12-16,84.09,84.46,83.96,84.04
2010-12-17,84.0,84.23,83.69,83.95
2010-12-20,83.89,84.13,83.62,83.73
2010-12-21,83.75,83.92,83.5,83.73
2010-12-22,83.67,83.87,83.42,83.55
2010-12-23,83.25,83.59,82.85,82.92
2010-12-24,82.93,83.17,82.85,82.86
2010-12-27,82.86,82.99,82.65,82.79
2010-12-28,82.59,82.86,81.81,82.46
2010-12-29,82.02,82.48,81.6,81.66
2010-12-30,81.58,81.87,81.29,81.54
2010-12-31,81.34,81.56,80.94,81.15
2011-01-03,81.47,81.76,80.97,81.71
2011-01-04,81.88,82.29,81.61,82.03
2011-01-05,82.64,83.39,81.88,83.27
2011-01-06,83.31,83.41,82.88,83.34
2011-01-07,83.25,83.69,82.85,83.02
2011-01-10,82.96,83.3,82.66,82.76
2011-01-11,82.98,83.57,82.68,83.2
2011-01-12,83.11,83.5,82.81,82.94
2011-01-13,82.91,83.19,82.54,82.8
2011-01-14,82.88,83.1,82.4,82.94
2011-01-17,82.76,83.24,82.35,82.72
2011-01-18,82.65,82.84,82.33,82.61
2011-01-19,82.31,82.72,81.84,82.06
2011-01-20,82.5,83.15,81.97,82.98
2011-01-21,82.78,83.12,82.53,82.58
2011-01-24,82.53,82.96,82.3,82.47
2011-01-25,82.38,82.68,81.98,82.2
2011-01-26,82.19,82.62,81.98,82.27
2011-01-27,82.57,83.22,82.02,82.86
2011-01-28,82.52,82.96,81.98,82.1
2011-01-31,82.02,82.29,81.9,82.07
2011-02-01,81.71,82.16,81.31,81.31
2011-02-02,81.44,81.87,81.31,81.55
2011-02-03,81.59,82.08,81.4,81.59
2011-02-04,81.9,82.48,81.11,82.17
2011-02-07,82.28,82.49,82.15,82.31
2011-02-08,82.36,82.44,81.77,82.32
2011-02-09,82.38,82.69,82.2,82.38
2011-02-10,82.81,83.4,82.33,83.26
2011-02-11,83.33,83.7,83.2,83.43
2011-02-14,83.46,83.6,83.09,83.28
2011-02-15,83.54,83.94,83.19,83.75
2011-02-16,83.75,84.0,83.5,83.65
2011-02-17,83.5,83.76,83.15,83.32
2011-02-18,83.25,83.55,83.04,83.04
2011-02-21,83.13,83.28,83.03,83.11
2011-02-22,82.94,83.52,82.57,82.73
2011-02-23,82.62,82.9,82.31,82.49
2011-02-24,82.19,82.53,81.61,81.91
2011-02-25,81.82,82.07,81.64,81.67
2011-02-28,81.74,82.0,81.61,81.76
2011-03-01,81.84,82.25,81.72,81.88
2011-03-02,81.85,82.13,81.57,81.88
2011-03-03,82.15,82.53,81.71,82.39
2011-03-04,82.38,83.02,82.21,82.26
2011-03-07,82.28,82.42,81.95,82.21
2011-03-08,82.46,82.87,82.21,82.66
2011-03-09,82.73,82.97,82.56,82.73
2011-03-10,82.85,83.2,82.69,82.88
2011-03-11,82.4,83.31,81.65,81.89
2011-03-14,81.76,82.45,80.7,81.61
2011-03-15,81.22,82.05,80.61,80.7
2011-03-16,79.09,81.19,76.64,78.13
2011-03-17,78.39,79.76,77.18,78.83
2011-03-18,79.81,82.0,79.01,80.59
2011-03-21,80.97,81.35,80.74,81.03
2011-03-22,81.06,81.32,80.84,80.96
2011-03-23,80.97,81.08,80.69,80.91
2011-03-24,81.0,81.07,80.76,80.98
2011-03-25,81.16,81.51,80.88,81.31
2011-03-28,81.54,81.86,81.35,81.7
2011-03-29,82.1,82.57,81.53,82.47
2011-03-30,82.7,83.21,82.37,82.87
2011-03-31,83.05,83.24,82.56,83.15
2011-04-01,83.64,84.74,83.16,84.04
2011-04-04,84.16,84.4,83.84,84.02
2011-04-05,84.66,84.95,84.06,84.89
2011-04-06,85.23,85.54,84.83,85.46
2011-04-07,85.24,85.57,84.59,84.95
2011-04-08,84.88,85.42,84.67,84.7
2011-04-11,84.77,85.19,84.51,84.59
2011-04-12,84.12,84.83,83.46,83.62
2011-04-13,83.78,84.28,83.5,83.88
2011-04-14,83.69,83.98,82.96,83.5
2011-04-15,83.33,83.8,82.96,83.11
2011-04-18,82.86,83.28,82.18,82.65
2011-04-19,82.52,82.77,82.32,82.56
2011-04-20,82.58,83.11,82.26,82.46
2011-04-21,82.22,82.59,81.61,81.84
2011-04-22,81.85,82.12,81.66,81.83
2011-04-25,81.83,82.44,81.66,81.83
2011-04-26,81.71,81.99,81.47,81.5
2011-04-27,81.91,82.79,81.27,82.21
2011-04-28,81.88,82.29,81.38,81.5
2011-04-29,81.38,81.67,81.04,81.21
2011-05-02,81.19,81.71,80.99,81.22
2011-05-03,81.11,81.29,80.68,80.93
2011-05-04,80.81,81.22,80.43,80.58
2011-05-05,80.47,80.71,79.57,80.13
2011-05-06,80.44,80.94,80.18,80.62
2011-05-09,80.48,80.86,80.17,80.25
2011-05-10,80.58,80.92,80.15,80.82
2011-05-11,81.02,81.34,80.61,81.06
2011-05-12,81.08,81.36,80.69,80.93
2011-05-13,80.89,81.11,80.35,80.78
2011-05-16,80.87,81.07,80.63,80.77
2011-05-17,81.15,81.79,80.73,81.42
2011-05-18,81.57,81.79,80.92,81.75
2011-05-19,81.69,82.25,81.46,81.6
2011-05-20,81.69,81.88,81.47,81.69
2011-05-23,81.86,82.06,81.32,81.93
2011-05-24,81.98,82.23,81.6,81.9
2011-05-25,82.01,82.19,81.77,81.99
2011-05-26,81.71,82.18,81.15,81.34
2011-05-27,81.08,81.41,80.7,80.77
2011-05-30,80.86,81.0,80.74,80.94
2011-05-31,81.23,81.79,80.71,81.52
2011-06-01,81.19,81.54,80.68,80.9
2011-06-02,80.93,81.34,80.58,80.89
2011-06-03,80.62,81.03,80.05,80.26
2011-06-06,80.16,80.4,79.97,80.1
2011-06-07,80.1,80.35,79.98,80.06
2011-06-08,80.02,80.28,79.69,79.93
2011-06-09,80.14,80.44,79.83,80.29
2011-06-10,80.35,80.47,79.97,80.31
2011-06-13,80.29,80.71,80.1,80.21
2011-06-14,80.38,80.65,80.08,80.42
2011-06-15,80.74,81.08,80.37,81.03
2011-06-16,80.84,81.06,80.47,80.6
2011-06-17,80.33,80.72,80.0,80.04
2011-06-20,80.18,80.38,80.02,80.26
2011-06-21,80.26,80.35,80.04,80.26
2011-06-22,80.28,80.4,80.0,80.29
2011-06-23,80.38,80.81,80.29,80.53
2011-06-24,80.46,80.62,80.13,80.41
2011-06-27,80.66,81.0,80.36,80.88
2011-06-28,80.98,81.28,80.65,81.1
2011-06-29,80.94,81.2,80.56,80.74
2011-06-30,80.68,80.88,80.25,80.52
2011-07-01,80.68,81.16,80.53,80.83
2011-07-04,80.78,80.92,80.53,80.76
2011-07-05,80.91,81.21,80.7,81.07
2011-07-06,81.02,81.14,80.76,80.92
2011-07-07,81.09,81.43,80.79,81.22
2011-07-08,80.94,81.5,80.5,80.62
2011-07-11,80.38,80.85,80.1,80.21
2011-07-12,79.74,80.39,78.55,78.73
2011-07-13,78.88,79.6,78.67,79.0
2011-07-14,79.0,79.6,78.47,79.15
2011-07-15,79.13,79.29,78.89,79.11
2011-07-18,79.07,79.19,78.93,79.04
2011-07-19,79.12,79.29,78.81,79.1
2011-07-20,79.0,79.33,78.7,78.79
2011-07-21,78.69,79.04,78.22,78.42
2011-07-22,78.51,78.74,78.27,78.52
2011-07-25,78.26,78.57,78.03,78.28
2011-07-26,78.12,78.61,77.83,77.9
2011-07-27,77.93,78.19,77.56,77.97
2011-07-28,77.81,78.04,77.62,77.75
2011-07-29,77.23,77.88,76.74,76.73
2011-08-01,77.41,78.03,76.31,77.24
2011-08-02,77.38,77.82,76.95,77.06
2011-08-03,77.14,77.42,76.78,77.04
2011-08-04,78.12,80.26,76.98,79.06
2011-08-05,78.77,79.43,78.33,78.38
2011-08-08,78.0,78.44,77.5,77.73
2011-08-09,77.54,77.88,76.69,77.08
2011-08-10,76.99,77.32,76.35,76.9
2011-08-11,76.85,77.24,76.31,76.83
2011-08-12,76.78,77.04,76.5,76.67
2011-08-15,76.84,77.11,76.58,76.83
2011-08-16,76.83,76.94,76.64,76.79
2011-08-17,76.69,76.85,76.4,76.59
2011-08-18,76.59,76.72,76.44,76.57
2011-08-19,76.53,76.96,75.96,76.52
2011-08-22,76.81,77.21,76.55,76.84
2011-08-23,76.75,76.95,76.41,76.67
2011-08-24,76.84,77.08,76.44,76.93
2011-08-25,77.22,77.71,76.83,77.46
2011-08-26,77.06,77.52,76.5,76.6
2011-08-29,76.8,77.04,76.53,76.83
2011-08-30,76.79,77.0,76.61,76.68
2011-08-31,76.69,76.85,76.42,76.59
2011-09-01,76.81,77.26,76.66,76.9
2011-09-02,76.87,76.99,76.56,76.77
2011-09-05,76.9,76.99,76.68,76.89
2011-09-06,77.23,77.74,76.7,77.59
2011-09-07,77.39,77.73,77.06,77.21
2011-09-08,77.38,77.61,77.13,77.5
2011-09-09,77.56,77.87,77.08,77.55
2011-09-12,77.33,77.6,76.73,77.2
2011-09-13,77.03,77.27,76.8,76.92
2011-09-14,76.81,77.08,76.59,76.65
2011-09-15,76.72,77.31,76.53,76.72
2011-09-16,76.78,77.0,76.65,76.77
2011-09-19,76.78,77.0,76.32,76.57
2011-09-20,76.52,76.78,76.35,76.39
2011-09-21,76.47,76.76,76.11,76.43
2011-09-22,76.38,76.99,76.11,76.27
2011-09-23,76.47,76.9,76.14,76.58
2011-09-26,76.46,76.78,76.22,76.34
2011-09-27,76.56,76.95,76.25,76.79
2011-09-28,76.66,76.89,76.32,76.54
2011-09-29,76.71,77.04,76.4,76.82
2011-09-30,76.96,77.21,76.49,77.04
2011-10-03,76.88,77.28,76.51,76.55
2011-10-04,76.72,77.0,76.53,76.83
2011-10-05,76.84,77.09,76.6,76.76
2011-10-06,76.76,76.88,76.54,76.68
2011-10-07,76.72,76.93,76.57,76.71
2011-10-10,76.73,76.87,76.55,76.66
2011-10-11,76.67,76.78,76.58,76.65
2011-10-12,76.96,77.5,76.32,77.24
2011-10-13,77.06,77.31,76.67,76.84
2011-10-14,77.05,77.47,76.84,77.2
2011-10-17,76.97,77.47,76.61,76.79
2011-10-18,76.82,76.93,76.61,76.81
2011-10-19,76.81,76.88,76.65,76.8
2011-10-20,76.84,77.1,76.67,76.86
2011-10-21,76.57,76.93,75.85,76.26
2011-10-24,76.15,76.48,75.99,76.08
2011-10-25,76.1,76.29,75.74,76.07
2011-10-26,76.17,76.34,75.71,76.18
2011-10-27,76.11,76.3,75.65,75.95
2011-10-28,75.91,76.02,75.66,75.79
2011-10-31,76.97,79.54,75.57,78.2
2011-11-01,78.27,78.64,78.01,78.32
2011-11-02,78.21,78.45,77.94,78.04
2011-11-03,78.06,78.19,77.89,78.06
2011-11-04,78.15,78.29,77.96,78.23
2011-11-07,78.12,78.21,77.97,78.05
2011-11-08,77.9,78.13,77.6,77.67
2011-11-09,77.76,77.91,77.54,77.81
2011-11-10,77.75,77.9,77.5,77.67
2011-11-11,77.38,77.72,77.05,77.11
2011-11-14,77.15,77.31,76.8,77.12
2011-11-15,77.07,77.35,76.9,77.07
2011-11-16,77.04,77.16,76.85,77.06
2011-11-17,77.04,77.12,76.88,76.97
2011-11-18,76.94,77.05,76.57,76.91
2011-11-21,76.88,77.02,76.74,76.93
2011-11-22,76.97,77.34,76.81,76.96
2011-11-23,77.13,77.6,76.92,77.31
2011-11-24,77.23,77.35,77.01,77.07
2011-11-25,77.43,77.82,77.08,77.73
2011-11-28,77.79,78.26,77.44,77.94
2011-11-29,77.96,78.3,77.61,77.85
2011-11-30,77.74,78.18,77.3,77.5
2011-12-01,77.65,77.83,77.49,77.74
2011-12-02,77.85,78.1,77.66,78.0
2011-12-05,77.93,78.13,77.68,77.72
2011-12-06,77.76,77.88,77.64,77.71
2011-12-07,77.71,77.82,77.61,77.66
2011-12-08,77.67,77.83,77.15,77.68
2011-12-09,77.63,77.8,77.48,77.52
2011-12-12,77.83,78.02,77.57,77.89
2011-12-13,77.95,78.03,77.64,77.98
2011-12-14,78.04,78.18,77.9,78.01
2011-12-15,77.97,78.16,77.72,77.9
2011-12-16,77.84,77.99,77.6,77.77
2011-12-19,77.91,78.18,77.74,78.04
2011-12-20,77.96,78.09,77.69,77.84
2011-12-21,77.96,78.13,77.68,78.08
2011-12-22,78.12,78.23,77.99,78.15
2011-12-23,78.14,78.26,77.99,78.05
2011-12-26,78.02,78.13,77.87,77.95
2011-12-27,77.94,78.06,77.78,77.84
2011-12-28,77.89,78.05,77.55,77.91
2011-12-29,77.79,78.01,77.59,77.62
2011-12-30,77.31,77.76,76.9,76.94
2012-01-02,76.92,77.16,76.87,76.86
2012-01-03,76.82,77.0,76.61,76.62
2012-01-04,76.73,76.85,76.6,76.67
2012-01-05,76.92,77.26,76.66,77.17
2012-01-06,77.06,77.34,76.97,76.98
2012-01-09,76.88,77.04,76.77,76.83
2012-01-10,76.84,76.94,76.76,76.83
2012-01-11,76.84,77.07,76.8,76.91
2012-01-12,76.85,77.01,76.66,76.76
2012-01-13,76.88,77.03,76.65,76.93
2012-01-16,76.96,77.14,76.61,76.79
2012-01-17,76.82,76.9,76.56,76.82
2012-01-18,76.84,76.89,76.64,76.79
2012-01-19,76.97,77.33,76.69,77.11
2012-01-20,77.06,77.32,76.92,76.96
2012-01-23,77.01,77.11,76.85,76.97
2012-01-24,77.34,77.87,76.94,77.7
2012-01-25,77.75,78.31,77.55,77.74
2012-01-26,77.63,77.85,77.29,77.44
2012-01-27,77.09,77.51,76.64,76.67
2012-01-30,76.51,76.81,76.22,76.29
2012-01-31,76.29,76.45,76.15,76.19
2012-02-01,76.22,76.37,76.02,76.2
2012-02-02,76.22,76.25,76.04,76.18
2012-02-03,76.42,76.76,76.13,76.56
2012-02-06,76.59,76.82,76.48,76.56
2012-02-07,76.65,76.98,76.52,76.78
2012-02-08,76.91,77.21,76.72,77.04
2012-02-09,77.36,77.75,77.01,77.69
2012-02-10,77.69,77.84,77.53,77.65
2012-02-13,77.57,77.8,77.38,77.57
2012-02-14,78.01,78.56,77.36,78.48
2012-02-15,78.43,78.66,78.18,78.33
2012-02-16,78.69,78.98,78.35,78.85
2012-02-17,79.22,79.54,78.79,79.48
2012-02-20,79.64,79.91,79.36,79.63
2012-02-21,79.69,79.88,79.55,79.7
2012-02-22,80.01,80.41,79.67,80.27
2012-02-23,80.13,80.38,79.85,79.92
2012-02-24,80.6,81.06,79.91,80.97
2012-02-27,80.94,81.63,80.13,80.54
2012-02-28,80.54,80.81,80.01,80.43
2012-02-29,80.8,81.34,80.25,81.22
2012-03-01,81.13,81.39,80.84,81.07
2012-03-02,81.47,81.88,81.07,81.79
2012-03-05,81.69,81.89,81.15,81.43
2012-03-06,81.22,81.6,80.58,80.86
2012-03-07,80.98,81.24,80.58,81.16
2012-03-08,81.32,81.76,81.07,81.59
2012-03-09,82.02,82.66,81.48,82.42
2012-03-12,82.39,82.55,82.11,82.26
2012-03-13,82.61,83.1,81.96,82.86
2012-03-14,83.29,83.85,82.87,83.64
2012-03-15,83.63,84.2,83.2,83.5
2012-03-16,83.5,83.97,83.18,83.41
2012-03-19,83.39,83.59,83.01,83.34
2012-03-20,83.56,83.85,83.32,83.71
2012-03-21,83.55,84.12,83.29,83.37
2012-03-22,83.01,83.49,82.33,82.53
2012-03-23,82.46,82.97,81.98,82.31
2012-03-26,82.65,83.03,82.42,82.83
2012-03-27,83.04,83.41,82.64,83.19
2012-03-28,83.05,83.23,82.6,82.85
2012-03-29,82.64,82.99,81.92,82.4
2012-03-30,82.64,82.9,81.83,82.79
2012-04-02,82.57,83.31,81.88,82.07
2012-04-03,82.45,83.01,81.56,82.83
2012-04-04,82.64,82.96,82.09,82.44
2012-04-05,82.42,82.49,81.82,82.29
2012-04-06,82.01,82.58,81.32,81.62
2012-04-09,81.56,81.69,81.19,81.52
2012-04-10,81.14,81.88,80.64,80.66
2012-04-11,80.79,81.14,80.58,80.86
2012-04-12,80.88,81.15,80.72,80.88
2012-04-13,80.91,81.22,80.83,80.89
2012-04-16,80.68,81.02,80.32,80.39
2012-04-17,80.64,80.94,80.33,80.85
2012-04-18,81.08,81.59,80.86,81.28
2012-04-19,81.43,81.76,81.18,81.59
2012-04-20,81.58,81.79,81.47,81.54
2012-04-23,81.59,81.69,80.96,81.17
2012-04-24,81.18,81.41,80.85,81.35
2012-04-25,81.32,81.69,81.08,81.26
2012-04-26,81.33,81.44,80.66,81.01
2012-04-27,81.05,81.46,80.22,80.24
2012-04-30,80.29,80.41,79.72,79.78
2012-05-01,79.82,80.32,79.64,80.07
2012-05-02,80.09,80.62,80.05,80.14
2012-05-03,80.13,80.57,80.1,80.19
2012-05-04,80.19,80.38,79.8,79.82
2012-05-07,79.76,80.02,79.65,79.89
2012-05-08,79.9,80.09,79.69,79.86
2012-05-09,79.9,79.96,79.42,79.63
2012-05-10,79.66,80.04,79.6,79.92
2012-05-11,79.88,80.03,79.73,79.92
2012-05-14,79.97,80.21,79.68,79.86
2012-05-15,79.86,80.35,79.8,80.17
2012-05-16,80.2,80.57,80.19,80.29
2012-05-17,80.33,80.41,79.14,79.33
2012-05-18,79.36,79.48,78.99,79.01
2012-05-21,79.19,79.47,79.1,79.3
2012-05-22,79.31,80.16,79.27,79.97
2012-05-23,79.97,80.09,79.21,79.44
2012-05-24,79.47,79.66,79.33,79.56
2012-05-25,79.59,79.84,79.48,79.65
2012-05-28,79.67,79.69,79.33,79.45
2012-05-29,79.48,79.66,79.37,79.49
2012-05-30,79.54,79.59,78.86,79.09
2012-05-31,79.1,79.16,78.22,78.35
2012-06-01,78.38,78.67,77.66,77.99
2012-06-04,78.08,78.44,77.97,78.33
2012-06-05,78.34,78.87,78.11,78.75
2012-06-06,78.74,79.29,78.6,79.22
2012-06-07,79.24,79.81,79.19,79.64
2012-06-08,79.68,79.78,79.11,79.46
2012-06-11,79.59,79.74,79.35,79.4
2012-06-12,79.41,79.71,79.16,79.52
2012-06-13,79.56,79.77,79.29,79.38
2012-06-14,79.44,79.5,79.15,79.38
2012-06-15,79.4,79.53,78.6,78.69
2012-06-18,78.93,79.32,78.86,79.1
2012-06-19,79.13,79.14,78.84,78.92
2012-06-20,79.01,79.7,78.79,79.51
2012-06-21,79.49,80.35,79.38,80.25
2012-06-22,80.23,80.59,80.01,80.4
2012-06-25,80.47,80.63,79.43,79.66
2012-06-26,79.63,79.8,79.23,79.48
2012-06-27,79.51,79.89,79.34,79.7
2012-06-28,79.7,79.78,79.22,79.45
2012-06-29,79.44,80.02,79.16,79.77
2012-07-02,79.91,79.99,79.31,79.48
2012-07-03,79.51,79.96,79.41,79.83
2012-07-04,79.81,79.91,79.58,79.83
2012-07-05,79.87,80.12,79.56,79.87
2012-07-06,79.93,80.04,79.49,79.64
2012-07-09,79.67,79.77,79.42,79.57
2012-07-10,79.56,79.62,79.2,79.4
2012-07-11,79.42,79.81,79.13,79.73
2012-07-12,79.74,79.96,79.17,79.28
2012-07-13,79.29,79.41,79.08,79.18
2012-07-16,79.26,79.31,78.69,78.86
2012-07-17,78.86,79.19,78.79,79.04
2012-07-18,79.06,79.17,78.76,78.78
2012-07-19,78.81,78.85,78.43,78.56
2012-07-20,78.6,78.82,78.44,78.45
2012-07-23,78.44,78.54,77.97,78.36
2012-07-24,78.41,78.41,78.1,78.17
2012-07-25,78.18,78.29,78.06,78.13
2012-07-26,78.18,78.34,78.03,78.2
2012-07-27,78.22,78.69,78.07,78.41
2012-07-30,78.44,78.56,78.11,78.15
2012-07-31,78.18,78.32,78.04,78.11
2012-08-01,78.12,78.53,77.92,78.43
2012-08-02,78.44,78.55,78.13,78.22
2012-08-03,78.24,78.79,78.05,78.45
2012-08-06,78.5,78.66,78.14,78.24
2012-08-07,78.25,78.76,78.15,78.57
2012-08-08,78.62,78.68,78.22,78.4
2012-08-09,78.43,78.81,78.29,78.55
2012-08-10,78.58,78.66,78.16,78.25
2012-08-13,78.22,78.4,78.16,78.3
2012-08-14,78.32,78.94,78.3,78.72
2012-08-15,78.74,79.07,78.59,78.99
2012-08-16,79.0,79.41,78.91,79.32
2012-08-17,79.35,79.6,79.22,79.54
2012-08-20,79.5,79.68,79.32,79.4
2012-08-21,79.43,79.54,79.22,79.27
2012-08-22,79.29,79.38,78.35,78.56
2012-08-23,78.59,78.71,78.36,78.47
2012-08-24,78.49,78.74,78.44,78.65
2012-08-27,78.66,78.86,78.63,78.72
2012-08-28,78.75,78.81,78.44,78.5
2012-08-29,78.51,78.81,78.47,78.68
2012-08-30,78.71,78.77,78.48,78.6
2012-08-31,78.63,78.68,78.19,78.37
2012-09-03,78.4,78.42,78.19,78.23
2012-09-04,78.27,78.49,78.25,78.38
2012-09-05,78.43,78.56,78.3,78.37
2012-09-06,78.38,79.04,78.37,78.85
2012-09-07,78.86,79.04,78.01,78.24
2012-09-10,78.25,78.35,78.17,78.26
2012-09-11,78.29,78.31,77.69,77.75
2012-09-12,77.77,77.99,77.73,77.81
2012-09-13,77.85,77.9,77.13,77.48
2012-09-14,77.5,78.41,77.46,78.39
2012-09-17,78.38,78.94,78.16,78.68
2012-09-18,78.71,78.9,78.51,78.8
2012-09-19,78.81,79.24,78.25,78.36
2012-09-20,78.38,78.48,78.02,78.23
2012-09-21,78.24,78.39,78.1,78.14
2012-09-24,78.18,78.21,77.8,77.85
2012-09-25,77.85,77.95,77.66,77.79
2012-09-26,77.8,77.9,77.58,77.72
2012-09-27,77.75,77.79,77.57,77.58
2012-09-28,77.6,78.12,77.43,77.9
2012-10-01,77.91,78.16,77.78,77.97
2012-10-02,78.0,78.23,77.97,78.14
2012-10-03,78.16,78.6,78.13,78.46
2012-10-04,78.51,78.73,78.3,78.47
2012-10-05,78.49,78.89,78.28,78.65
2012-10-08,78.69,78.78,78.08,78.32
2012-10-09,78.33,78.46,78.15,78.23
2012-10-10,78.26,78.39,78.12,78.17
2012-10-11,78.19,78.6,77.94,78.32
2012-10-12,78.34,78.56,78.28,78.42
2012-10-15,78.4,78.88,78.32,78.62
2012-10-16,78.65,78.98,78.62,78.86
2012-10-17,78.88,79.07,78.61,78.92
2012-10-18,78.94,79.47,78.92,79.24
2012-10-19,79.28,79.44,79.13,79.3
2012-10-22,79.34,79.98,79.21,79.94
2012-10-23,79.94,80.02,79.71,79.84
2012-10-24,79.86,79.94,79.69,79.8
2012-10-25,79.81,80.36,79.76,80.28
2012-10-26,80.3,80.4,79.5,79.63
2012-10-29,79.63,79.87,79.52,79.77
2012-10-30,79.8,80.02,79.27,79.62
2012-10-31,79.64,79.97,79.51,79.76
2012-11-01,79.77,80.22,79.76,80.13
2012-11-02,80.14,80.7,80.11,80.44
2012-11-05,80.29,80.58,80.14,80.28
2012-11-06,80.29,80.46,79.96,80.34
2012-11-07,80.35,80.44,79.77,79.99
2012-11-08,80.0,80.03,79.32,79.45
2012-11-09,79.47,79.63,79.07,79.47
2012-11-12,79.48,79.59,79.35,79.48
2012-11-13,79.5,79.66,79.2,79.37
2012-11-14,79.38,80.32,79.38,80.24
2012-11-15,80.25,81.47,80.12,81.14
2012-11-16,81.16,81.47,80.89,81.26
2012-11-19,81.27,81.59,81.08,81.4
2012-11-20,81.41,81.78,81.13,81.66
2012-11-21,81.68,82.57,81.65,82.5
2012-11-22,82.53,82.85,82.26,82.45
2012-11-23,82.48,82.51,82.06,82.41
2012-11-26,82.42,82.64,81.92,82.06
2012-11-27,82.07,82.33,81.85,82.13
2012-11-28,82.15,82.23,81.69,82.05
2012-11-29,82.08,82.23,81.91,82.12
2012-11-30,82.13,82.76,82.04,82.45
2012-12-03,82.37,82.52,81.99,82.23
2012-12-04,82.25,82.28,81.71,81.89
2012-12-05,81.9,82.5,81.78,82.46
2012-12-06,82.47,82.63,82.2,82.39
2012-12-07,82.41,82.84,82.17,82.46
2012-12-10,82.39,82.65,82.11,82.33
2012-12-11,82.35,82.59,82.29,82.51
2012-12-12,82.52,83.31,82.47,83.25
2012-12-13,83.26,83.69,83.12,83.63
2012-12-14,83.65,83.98,83.31,83.47
2012-12-17,84.38,84.49,83.6,83.88
2012-12-18,83.88,84.29,83.81,84.2
2012-12-19,84.21,84.63,84.16,84.4
2012-12-20,84.42,84.47,83.85,84.36
2012-12-21,84.38,84.46,83.85,84.21
2012-12-24,84.25,84.96,84.23,84.92
2012-12-25,84.95,84.97,84.61,84.74
2012-12-26,84.78,85.72,84.74,85.62
2012-12-27,85.64,86.17,85.47,86.09
2012-12-28,86.1,86.64,85.94,86.01
2012-12-31,85.79,86.8,85.7,86.74
2013-01-01,86.75,86.81,86.55,86.67
2013-01-02,86.7,87.36,86.53,87.34
2013-01-03,87.35,87.38,86.76,87.23
2013-01-04,87.24,88.42,87.23,88.12
2013-01-07,88.18,88.39,87.62,87.77
2013-01-08,87.78,87.84,86.9,87.03
2013-01-09,87.05,88.03,86.83,87.87
2013-01-10,87.89,88.8,87.85,88.78
2013-01-11,88.79,89.46,88.68,89.17
2013-01-14,89.27,89.69,89.07,89.46
2013-01-15,89.48,89.65,88.29,88.78
2013-01-16,88.81,88.88,87.79,88.38
2013-01-17,88.38,90.12,88.13,89.86
2013-01-18,89.88,90.2,89.63,90.05
2013-01-21,89.98,90.26,89.34,89.58
2013-01-22,89.6,90.08,88.37,88.7
2013-01-23,88.72,88.81,88.05,88.59
2013-01-24,88.61,90.56,88.42,90.33
2013-01-25,90.32,91.21,90.28,90.9
2013-01-28,90.93,91.27,90.55,90.84
2013-01-29,90.85,91.03,90.32,90.73
2013-01-30,90.74,91.42,90.66,91.07
2013-01-31,91.09,91.79,90.74,91.72
2013-02-01,91.72,92.98,91.61,92.72
2013-02-04,92.83,93.2,92.2,92.36
2013-02-05,92.38,93.67,91.98,93.61
2013-02-06,93.63,94.07,93.27,93.63
2013-02-07,93.64,93.93,93.08,93.62
2013-02-08,93.64,93.76,92.17,92.66
2013-02-11,92.85,94.44,92.36,94.3
2013-02-12,94.32,94.42,92.97,93.46
2013-02-13,93.48,93.8,92.82,93.37
2013-02-14,93.39,93.73,92.67,92.85
2013-02-15,92.88,93.86,92.22,93.48
2013-02-18,93.66,94.22,93.61,93.95
2013-02-19,93.96,93.98,93.29,93.56
2013-02-20,93.57,94.04,93.13,93.54
2013-02-21,93.57,93.88,92.77,93.1
2013-02-22,93.1,93.52,92.92,93.38
2013-02-25,93.97,94.78,90.95,91.79
2013-02-26,91.82,92.76,91.14,91.97
2013-02-27,91.98,92.45,91.13,92.23
2013-02-28,92.22,92.86,92.0,92.53
2013-03-01,92.56,93.7,92.43,93.56
2013-03-04,93.59,93.74,93.17,93.46
2013-03-05,93.48,93.56,92.91,93.28
2013-03-06,93.29,94.13,93.0,94.06
2013-03-07,94.07,95.08,93.79,94.81
2013-03-08,94.83,96.55,94.78,96.02
2013-03-11,95.98,96.38,95.92,96.26
2013-03-12,96.29,96.72,95.64,96.06
2013-03-13,96.09,96.27,95.45,96.09
2013-03-14,96.13,96.61,95.68,96.09
2013-03-15,96.11,96.29,95.08,95.24
2013-03-18,94.13,95.62,94.05,95.2
2013-03-19,95.22,95.76,94.73,95.13
2013-03-20,95.17,96.15,94.83,96.01
2013-03-21,96.02,96.12,94.58,94.88
2013-03-22,94.91,95.15,94.2,94.5
2013-03-25,94.33,94.98,93.54,94.15
2013-03-26,94.18,94.63,93.87,94.41
2013-03-27,94.47,94.92,94.03,94.43
2013-03-28,94.45,94.5,93.87,94.11
2013-03-29,94.16,94.32,93.97,94.19
2013-04-01,94.21,94.39,93.17,93.21
2013-04-02,93.23,93.58,92.56,93.42
2013-04-03,93.45,93.71,92.71,93.04
2013-04-04,93.04,96.43,92.74,96.33
2013-04-05,96.34,97.85,95.81,97.52
2013-04-08,97.87,99.4,97.84,99.35
2013-04-09,99.36,99.68,98.6,99.02
2013-04-10,99.02,99.89,98.9,99.77
2013-04-11,99.79,99.96,99.11,99.67
2013-04-12,99.69,99.82,98.1,98.38
2013-04-15,97.79,98.72,96.36,96.75
2013-04-16,96.76,98.17,95.95,97.52
2013-04-17,97.55,98.45,97.21,98.09
2013-04-18,98.12,98.54,97.63,98.13
2013-04-19,98.17,99.7,98.1,99.5
2013-04-22,99.78,99.9,99.03,99.2
2013-04-23,99.23,99.54,98.48,99.46
2013-04-24,99.48,99.77,99.2,99.47
2013-04-25,99.49,99.58,98.97,99.25
2013-04-26,99.25,99.43,97.55,98.03
2013-04-29,98.06,98.22,97.35,97.75
2013-04-30,97.77,98.14,97.02,97.41
2013-05-01,97.45,97.69,97.04,97.38
2013-05-02,97.4,98.41,97.08,97.95
2013-05-03,97.94,99.28,97.89,99.02
2013-05-06,99.07,99.47,99.02,99.33
2013-05-07,99.35,99.45,98.83,99.0
2013-05-08,99.02,99.17,98.58,98.99
2013-05-09,99.01,100.8,98.64,100.59
2013-05-10,100.59,102.0,100.54,101.58
2013-05-13,101.85,102.16,101.51,101.82
2013-05-14,101.82,102.42,101.26,102.35
2013-05-15,102.37,102.78,101.87,102.23
2013-05-16,102.24,102.7,101.83,102.24
2013-05-17,102.26,103.32,102.07,103.18
2013-05-20,102.97,103.13,102.17,102.26
2013-05-21,102.27,102.9,102.08,102.46
2013-05-22,102.5,103.75,102.35,103.15
2013-05-23,103.16,103.58,100.84,102.01
2013-05-24,102.03,102.6,100.69,101.27
2013-05-27,101.5,101.71,100.74,100.93
2013-05-28,100.96,102.52,100.93,102.36
2013-05-29,102.37,102.54,100.72,101.13
2013-05-30,101.16,101.82,100.47,100.72
2013-05-31,100.74,101.29,100.24,100.46
2013-06-03,100.57,100.76,98.87,99.51
2013-06-04,99.54,100.43,99.32,100.0
2013-06-05,100.03,100.44,98.96,99.06
2013-06-06,99.06,99.49,95.97,96.94
2013-06-07,97.0,97.78,95.04,97.53
2013-06-10,97.53,99.3,97.43,98.76
2013-06-11,98.77,99.06,95.62,96.01
2013-06-12,96.04,97.04,95.15,96.0
2013-06-13,96.03,96.1,93.79,95.36
2013-06-14,95.37,95.83,94.01,94.07
2013-06-17,94.15,95.23,94.1,94.49
2013-06-18,94.51,95.78,94.45,95.32
2013-06-19,95.34,97.04,94.83,96.46
2013-06-20,96.48,98.3,96.21,97.27
2013-06-21,97.29,98.15,96.86,97.89
2013-06-24,97.87,98.71,97.22,97.72
2013-06-25,97.73,98.07,96.97,97.8
2013-06-26,97.81,98.25,97.25,97.72
2013-06-27,97.75,98.59,97.56,98.34
2013-06-28,98.35,99.47,98.34,99.12
2013-07-01,99.3,99.87,99.18,99.65
2013-07-02,99.67,100.75,99.5,100.62
2013-07-03,100.64,100.87,99.26,99.9
2013-07-04,99.92,100.17,99.49,100.03
2013-07-05,100.04,101.24,99.88,101.18
2013-07-08,101.2,101.55,100.78,100.95
2013-07-09,100.97,101.31,100.77,101.14
2013-07-10,101.15,101.23,99.42,99.64
2013-07-11,99.68,99.88,98.28,98.94
2013-07-12,98.97,99.71,98.68,99.21
2013-07-15,99.39,100.49,99.08,99.85
2013-07-16,99.87,100.09,98.89,99.09
2013-07-17,99.1,99.95,99.05,99.57
2013-07-18,99.59,100.67,99.47,100.4
2013-07-19,100.42,100.88,99.85,100.64
2013-07-22,100.72,100.74,99.29,99.64
2013-07-23,99.67,100.2,99.14,99.4
2013-07-24,99.44,100.45,99.38,100.24
2013-07-25,100.26,100.47,98.89,99.28
2013-07-26,99.29,99.43,97.96,98.25
2013-07-29,98.23,98.35,97.63,97.94
2013-07-30,97.96,98.48,97.76,98.03
2013-07-31,98.05,98.53,97.58,97.86
2013-08-01,97.88,99.59,97.65,99.53
2013-08-02,99.55,99.96,98.67,98.93
2013-08-05,98.93,99.17,98.18,98.3
2013-08-06,98.29,98.6,97.52,97.74
2013-08-07,97.75,97.82,96.32,96.32
2013-08-08,96.34,96.95,95.8,96.72
2013-08-09,96.72,96.98,96.13,96.2
2013-08-12,96.22,96.95,95.93,96.89
2013-08-13,96.91,98.36,96.85,98.2
2013-08-14,98.21,98.44,97.86,98.13
2013-08-15,98.14,98.66,97.11,97.35
2013-08-16,97.37,97.79,97.05,97.52
2013-08-19,97.56,98.14,97.36,97.55
2013-08-20,97.57,97.88,96.9,97.26
2013-08-21,97.27,98.0,97.12,97.66
2013-08-22,97.68,98.82,97.57,98.71
2013-08-23,98.73,99.17,98.39,98.74
2013-08-26,98.22,98.86,98.22,98.5
2013-08-27,98.52,98.55,96.98,97.02
2013-08-28,97.04,97.85,96.84,97.62
2013-08-29,97.64,98.54,97.45,98.34
2013-08-30,98.38,98.49,97.88,98.15
2013-09-02,98.38,99.44,98.27,99.33
2013-09-03,99.34,99.88,99.16,99.56
2013-09-04,99.57,99.84,99.32,99.75
2013-09-05,99.75,100.21,99.57,100.11
2013-09-06,100.11,100.24,98.54,99.1
2013-09-09,99.83,100.12,99.33,99.57
2013-09-10,99.59,100.48,99.48,100.39
2013-09-11,100.39,100.62,99.79,99.85
2013-09-12,99.9,100.01,99.01,99.54
2013-09-13,99.55,99.99,99.19,99.34
2013-09-16,99.49,99.51,98.54,99.05
2013-09-17,99.07,99.4,98.99,99.11
2013-09-18,99.12,99.35,97.76,97.93
2013-09-19,97.94,99.6,97.88,99.43
2013-09-20,99.49,99.69,99.16,99.3
2013-09-23,99.16,99.37,98.64,98.82
2013-09-24,98.85,99.19,98.47,98.71
2013-09-25,98.75,98.83,98.37,98.42
2013-09-26,98.46,99.15,98.26,98.97
2013-09-27,99.0,99.06,98.09,98.24
2013-09-30,97.93,98.48,97.5,98.21
2013-10-01,98.22,98.74,97.65,97.97
2013-10-02,98.0,98.1,97.14,97.33
2013-10-03,97.35,97.89,96.93,97.24
2013-10-04,97.27,97.5,96.95,97.46
2013-10-07,97.46,97.47,96.67,96.69
2013-10-08,96.71,97.27,96.57,96.86
2013-10-09,96.88,97.66,96.82,97.33
2013-10-10,97.35,98.29,97.32,98.15
2013-10-11,98.16,98.61,97.92,98.56
2013-10-14,98.09,98.6,98.07,98.56
2013-10-15,98.57,98.72,98.09,98.16
2013-10-16,98.17,98.99,98.13,98.76
2013-10-17,98.77,99.02,97.73,97.89
2013-10-18,97.91,98.17,97.55,97.7
2013-10-21,97.8,98.26,97.73,98.18
2013-10-22,98.2,98.5,97.87,98.13
2013-10-23,98.15,98.21,97.15,97.36
2013-10-24,97.38,97.63,97.17,97.27
2013-10-25,97.29,97.51,96.94,97.41
2013-10-28,97.57,97.81,97.44,97.65
2013-10-29,97.68,98.29,97.45,98.17
2013-10-30,98.19,98.69,98.07,98.49
2013-10-31,98.52,98.59,98.09,98.35
2013-11-01,98.35,98.86,97.81,98.67
2013-11-04,98.75,98.86,98.53,98.6
2013-11-05,98.61,98.69,98.16,98.49
2013-11-06,98.52,98.77,98.4,98.65
2013-11-07,98.66,99.43,97.64,98.08
2013-11-08,98.09,99.23,97.97,99.07
2013-11-11,99.17,99.32,98.91,99.15
2013-11-12,99.16,99.81,99.09,99.62
2013-11-13,99.63,99.69,99.1,99.22
2013-11-14,99.25,100.17,99.13,100.01
2013-11-15,100.02,100.45,99.94,100.18
2013-11-18,100.17,100.41,99.79,99.98
2013-11-19,100.0,100.27,99.57,100.13
2013-11-20,100.14,100.25,99.79,100.02
2013-11-21,100.04,101.18,100.0,101.15
2013-11-22,101.16,101.37,100.94,101.27
2013-11-25,101.26,101.93,101.13,101.66
2013-11-26,101.68,101.73,101.15,101.28
2013-11-27,101.28,102.21,101.18,102.15
2013-11-28,102.16,102.39,101.93,102.29
2013-11-29,102.32,102.62,102.11,102.41
2013-12-02,102.45,103.15,102.22,102.94
2013-12-03,102.96,103.39,101.98,102.49
2013-12-04,102.5,102.85,101.82,102.35
2013-12-05,102.37,102.46,101.63,101.78
2013-12-06,101.79,102.98,101.63,102.9
2013-12-09,102.81,103.35,102.88,103.27
2013-12-10,103.29,103.41,102.57,102.82
2013-12-11,102.87,102.96,102.2,102.42
2013-12-12,102.43,103.44,102.38,103.36
2013-12-13,103.39,103.94,102.99,103.19
2013-12-16,103.23,103.34,102.64,103.01
2013-12-17,103.03,103.12,102.49,102.66
2013-12-18,102.68,104.37,102.55,104.26
2013-12-19,104.27,104.38,103.8,104.24
2013-12-20,104.26,104.65,103.86,104.07
2013-12-23,104.1,104.14,103.77,104.1
2013-12-24,104.11,104.43,104.09,104.35
2013-12-25,104.35,104.51,104.26,104.36
2013-12-26,104.38,104.86,104.38,104.79
2013-12-27,104.81,105.2,104.64,105.15
2013-12-30,105.14,105.44,104.97,105.15
2013-12-31,105.16,105.37,104.85,105.3
2014-01-01,105.29,105.42,105.19,105.23
2014-01-02,105.25,105.46,104.54,104.76
2014-01-03,104.81,104.89,104.07,104.82
2014-01-06,104.88,104.96,103.9,104.21
2014-01-07,104.22,104.75,104.17,104.6
2014-01-08,104.6,105.14,104.58,104.83
2014-01-09,104.85,105.07,104.57,104.82
2014-01-10,104.85,105.15,103.83,104.12
2014-01-13,104.1,104.15,102.85,102.98
2014-01-14,103.0,104.3,102.99,104.2
2014-01-15,104.22,104.71,104.08,104.55
2014-01-16,104.57,104.94,104.14,104.34
2014-01-17,104.35,104.48,104.19,104.29
2014-01-20,104.27,104.33,103.86,104.16
2014-01-21,104.2,104.76,104.02,104.3
2014-01-22,104.3,104.59,103.97,104.51
2014-01-23,104.52,104.85,102.97,103.25
2014-01-24,103.27,103.6,102.0,102.28
2014-01-27,102.38,102.94,101.78,102.54
2014-01-28,102.55,103.26,102.48,102.95
2014-01-29,102.97,103.46,101.85,102.28
2014-01-30,102.31,102.9,102.06,102.7
2014-01-31,102.73,102.95,101.95,102.03
2014-02-03,102.03,102.43,100.77,100.97
2014-02-04,101.0,101.69,100.76,101.64
2014-02-05,101.66,101.78,100.79,101.43
2014-02-06,101.46,102.19,101.23,102.08
2014-02-07,102.1,102.59,101.43,102.33
2014-02-10,102.32,102.66,101.99,102.24
2014-02-11,102.26,102.72,102.07,102.63
2014-02-12,102.64,102.7,102.22,102.52
2014-02-13,102.53,102.59,101.69,102.15
2014-02-14,102.21,102.42,101.57,101.77
2014-02-17,101.81,102.0,101.39,101.92
2014-02-18,101.95,102.75,101.79,102.35
2014-02-19,102.36,102.48,101.85,102.31
2014-02-20,102.32,102.44,101.67,102.26
2014-02-21,102.29,102.84,102.26,102.52
2014-02-24,102.54,102.7,102.16,102.47
2014-02-25,102.53,102.64,102.0,102.22
2014-02-26,102.24,102.62,102.09,102.35
2014-02-27,102.38,102.46,101.72,102.11
2014-02-28,102.13,102.3,101.55,101.8
2014-03-03,101.55,101.67,101.19,101.43
2014-03-04,101.45,102.3,101.39,102.2
2014-03-05,102.22,102.57,102.1,102.3
2014-03-06,102.3,103.18,102.26,103.06
2014-03-07,103.07,103.77,102.83,103.25
2014-03-10,102.98,103.42,102.81,103.25
2014-03-11,103.27,103.44,102.85,103.0
2014-03-12,103.03,103.12,102.55,102.75
2014-03-13,102.76,102.88,101.54,101.83
2014-03-14,101.85,101.89,101.2,101.34
2014-03-17,101.33,101.89,101.24,101.76
2014-03-18,101.77,101.97,101.27,101.42
2014-03-19,101.44,102.7,101.29,102.33
2014-03-20,102.32,102.56,102.19,102.38
2014-03-21,102.41,102.47,102.01,102.23
2014-03-24,102.24,102.66,102.1,102.23
2014-03-25,102.25,102.5,102.1,102.26
2014-03-26,102.25,102.48,101.87,102.03
2014-03-27,102.08,102.45,101.73,102.16
2014-03-28,102.18,102.99,102.03,102.79
2014-03-31,102.82,103.45,102.77,103.19
2014-04-01,103.22,103.73,103.08,103.64
2014-04-02,103.66,103.95,103.58,103.85
2014-04-03,103.88,104.13,103.8,103.91
2014-04-04,103.93,104.14,103.19,103.28
2014-04-07,103.3,103.42,102.99,103.09
2014-04-08,103.11,103.14,101.54,101.79
2014-04-09,101.8,102.17,101.72,101.97
2014-04-10,101.99,102.16,101.33,101.5
2014-04-11,101.53,101.88,101.33,101.59
2014-04-14,101.66,102.02,101.41,101.82
2014-04-15,101.85,102.01,101.49,101.91
2014-04-16,101.94,102.38,101.79,102.22
2014-04-17,102.24,102.48,101.86,102.38
2014-04-18,102.4,102.59,102.36,102.39
2014-04-21,102.49,102.72,102.38,102.61
2014-04-22,102.62,102.74,102.4,102.6
2014-04-23,102.62,102.71,102.16,102.53
2014-04-24,102.55,102.66,102.09,102.3
2014-04-25,102.32,102.52,101.96,102.15
2014-04-28,102.18,102.63,102.04,102.48
2014-04-29,102.51,102.79,102.46,102.61
2014-04-30,102.64,102.68,102.03,102.24
2014-05-01,102.24,102.38,102.12,102.32
2014-05-02,102.33,103.04,102.13,102.18
2014-05-05,102.17,102.28,101.86,102.13
2014-05-06,102.15,102.2,101.49,101.67
2014-05-07,101.69,102.01,101.42,101.9
2014-05-08,101.92,101.98,101.46,101.65
2014-05-09,101.66,101.88,101.54,101.85
2014-05-12,101.79,102.2,101.77,102.11
2014-05-13,102.14,102.38,102.05,102.25
2014-05-14,102.26,102.3,101.72,101.87
2014-05-15,101.91,102.13,101.31,101.56
2014-05-16,101.57,101.69,101.35,101.49
2014-05-19,101.56,101.62,101.09,101.49
2014-05-20,101.53,101.62,101.18,101.31
2014-05-21,101.33,101.63,100.82,101.35
2014-05-22,101.35,101.83,101.34,101.72
2014-05-23,101.74,102.02,101.58,101.96
2014-05-26,101.95,102.06,101.83,101.94
2014-05-27,101.96,102.16,101.72,101.97
2014-05-28,101.99,102.05,101.64,101.83
2014-05-29,101.85,101.88,101.42,101.79
2014-05-30,101.79,101.86,101.5,101.78
2014-06-02,101.83,102.5,101.75,102.36
2014-06-03,102.39,102.57,102.26,102.48
2014-06-04,102.52,102.81,102.43,102.73
2014-06-05,102.76,102.78,102.33,102.38
2014-06-06,102.42,102.63,102.12,102.47
2014-06-09,102.5,102.66,102.37,102.52
2014-06-10,102.53,102.59,102.21,102.35
2014-06-11,102.35,102.41,101.86,102.06
2014-06-12,102.09,102.16,101.59,101.7
2014-06-13,101.73,102.15,101.65,102.05
2014-06-16,102.08,102.11,101.71,101.83
2014-06-17,101.84,102.26,101.81,102.14
2014-06-18,102.15,102.34,101.88,101.91
2014-06-19,101.93,102.02,101.73,101.91
2014-06-20,101.96,102.21,101.8,102.06
2014-06-23,102.1,102.16,101.8,101.93
2014-06-24,101.95,102.18,101.81,101.97
2014-06-25,101.99,101.99,101.62,101.86
2014-06-26,101.88,101.88,101.49,101.73
2014-06-27,101.74,101.75,101.31,101.36
2014-06-30,101.43,101.5,101.23,101.3
2014-07-01,101.34,101.61,101.28,101.52
2014-07-02,101.53,101.86,101.4,101.77
2014-07-03,101.77,102.28,101.75,102.18
2014-07-04,102.19,102.24,101.96,102.1
2014-07-07,102.04,102.22,101.78,101.82
2014-07-08,101.86,101.92,101.48,101.57
2014-07-09,101.58,101.87,101.44,101.62
2014-07-10,101.65,101.69,101.06,101.31
2014-07-11,101.35,101.41,101.21,101.36
2014-07-14,101.4,101.64,101.31,101.53
2014-07-15,101.55,101.76,101.44,101.68
2014-07-16,101.69,101.81,101.63,101.67
2014-07-17,101.67,101.71,101.14,101.15
2014-07-18,101.19,101.47,101.09,101.32
2014-07-21,101.39,101.41,101.18,101.39
2014-07-22,101.39,101.62,101.32,101.46
2014-07-23,101.47,101.56,101.31,101.47
2014-07-24,101.49,101.88,101.4,101.81
2014-07-25,101.82,101.95,101.7,101.82
2014-07-28,101.77,101.92,101.74,101.85
2014-07-29,101.85,102.17,101.81,102.11
2014-07-30,102.14,103.1,102.02,102.78
2014-07-31,102.8,103.02,102.71,102.79
2014-08-01,102.8,103.04,102.34,102.61
2014-08-04,102.57,102.75,102.4,102.58
2014-08-05,102.57,102.94,102.45,102.59
2014-08-06,102.6,102.66,101.78,102.09
2014-08-07,102.11,102.48,101.99,102.09
2014-08-08,102.1,102.17,101.51,102.04
2014-08-11,102.06,102.24,102.01,102.18
2014-08-12,102.2,102.38,102.08,102.25
2014-08-13,102.26,102.56,102.22,102.41
2014-08-14,102.45,102.68,102.3,102.43
2014-08-15,102.45,102.73,102.13,102.34
2014-08-18,102.23,102.61,102.17,102.56
2014-08-19,102.57,102.94,102.52,102.89
2014-08-20,102.92,103.86,102.88,103.73
2014-08-21,103.76,103.98,103.6,103.82
2014-08-22,103.86,104.2,103.5,103.92
2014-08-25,104.41,104.45,103.86,104.03
2014-08-26,104.06,104.19,103.74,104.05
2014-08-27,104.09,104.18,103.77,103.85
2014-08-28,103.88,103.94,103.55,103.7
2014-08-29,103.73,104.13,103.64,104.05
2014-09-01,104.06,104.37,104.05,104.35
2014-09-02,104.35,105.22,104.29,105.07
2014-09-03,105.1,105.32,104.74,104.79
2014-09-04,104.79,105.38,104.76,105.26
2014-09-05,105.26,105.72,104.68,105.08
2014-09-08,105.08,106.1,104.92,106.02
2014-09-09,106.03,106.49,105.94,106.18
2014-09-10,106.2,106.9,106.03,106.82
2014-09-11,106.86,107.21,106.64,107.1
2014-09-12,107.11,107.42,106.96,107.32
2014-09-15,107.26,107.38,107.01,107.16
2014-09-16,107.18,107.35,106.81,107.12
2014-09-17,107.15,108.4,107.09,108.37
2014-09-18,108.39,108.98,108.31,108.69
2014-09-19,108.67,109.47,108.59,109.01
2014-09-22,109.05,109.21,108.66,108.84
2014-09-23,108.84,109.01,108.25,108.88
2014-09-24,108.89,109.17,108.46,109.01
2014-09-25,109.04,109.38,108.51,108.74
2014-09-26,108.76,109.54,108.47,109.27
2014-09-29,109.19,109.76,109.13,109.46
2014-09-30,109.49,109.86,109.18,109.64
2014-10-01,109.65,110.1,108.86,108.87
2014-10-02,108.9,109.14,108.01,108.41
2014-10-03,108.43,109.92,108.35,109.75
2014-10-06,109.78,109.87,108.65,108.78
2014-10-07,108.79,109.25,107.82,108.02
2014-10-08,108.04,108.75,107.75,108.08
2014-10-09,108.08,108.33,107.52,107.83
2014-10-10,107.84,108.18,107.62,107.65
2014-10-13,107.61,107.64,106.78,106.83
2014-10-14,106.84,107.33,106.67,107.04
2014-10-15,107.06,107.52,105.2,105.9
2014-10-16,105.93,106.47,105.5,106.32
2014-10-17,106.32,106.96,106.13,106.87
2014-10-20,106.97,107.41,106.78,106.94
2014-10-21,106.95,107.03,106.24,106.97
2014-10-22,107.02,107.39,106.78,107.14
2014-10-23,107.14,108.37,107.1,108.25
2014-10-24,108.27,108.33,107.78,108.14
2014-10-27,108.15,108.38,107.6,107.81
2014-10-28,107.82,108.2,107.69,108.14
2014-10-29,108.16,108.98,107.94,108.88
2014-10-30,108.89,109.48,108.75,109.2
2014-10-31,109.22,112.48,109.17,112.3
2014-11-03,112.47,114.22,112.43,114.03
2014-11-04,114.05,114.06,113.17,113.58
2014-11-05,113.6,114.85,113.41,114.63
2014-11-06,114.65,115.51,114.13,115.2
2014-11-07,115.21,115.48,114.25,114.53
2014-11-10,114.48,114.93,113.86,114.85
2014-11-11,114.86,116.11,114.63,115.77
2014-11-12,115.79,116.02,114.9,115.47
2014-11-13,115.49,115.89,115.31,115.73
2014-11-14,115.78,116.84,115.73,116.27
2014-11-17,116.37,117.06,115.46,116.64
2014-11-18,116.65,117.05,116.35,116.86
2014-11-19,116.87,118.07,116.82,117.97
2014-11-20,117.97,118.98,117.74,118.2
2014-11-21,118.21,118.38,117.35,117.8
2014-11-24,117.78,118.5,117.57,118.26
2014-11-25,118.27,118.59,117.69,117.97
2014-11-26,117.99,118.0,117.43,117.72
2014-11-27,117.73,117.9,117.24,117.68
2014-11-28,117.71,118.79,117.7,118.61
2014-12-01,118.71,119.15,117.87,118.39
2014-12-02,118.4,119.3,118.22,119.19
2014-12-03,119.21,119.88,119.11,119.77
2014-12-04,119.8,120.26,119.34,119.78
2014-12-05,119.78,121.7,119.7,121.41
2014-12-08,121.47,121.86,120.2,120.67
2014-12-09,120.7,121.01,117.94,119.69
2014-12-10,119.7,119.94,117.73,117.81
2014-12-11,117.8,119.57,117.45,118.65
2014-12-12,118.65,119.21,118.05,118.77
2014-12-15,119.06,119.07,117.56,117.8
2014-12-16,117.82,118.02,115.57,116.39
2014-12-17,116.42,118.91,116.31,118.64
2014-12-18,118.65,119.32,118.25,118.82
2014-12-19,118.85,119.64,118.82,119.49
2014-12-22,119.4,120.1,119.31,120.05
2014-12-23,120.06,120.84,119.99,120.67
2014-12-24,120.71,120.78,120.27,120.48
2014-12-25,120.51,120.52,120.0,120.08
2014-12-26,120.1,120.48,120.1,120.39
2014-12-29,120.4,120.75,120.16,120.65
2014-12-30,120.68,120.71,118.86,119.46
2014-12-31,119.49,119.95,119.24,119.68
2015-01-01,119.7,119.87,119.66,119.77
2015-01-02,119.8,120.76,119.72,120.49
2015-01-05,120.49,120.66,119.39,119.63
2015-01-06,119.63,119.65,118.06,118.39
2015-01-07,118.41,119.66,118.38,119.25
2015-01-08,119.26,119.98,119.15,119.65
2015-01-09,119.69,119.89,118.42,118.5
2015-01-12,118.53,119.33,118.1,118.32
2015-01-13,118.34,118.86,117.54,117.92
2015-01-14,117.95,117.98,116.07,117.32
2015-01-15,117.34,117.96,116.15,116.16
2015-01-16,116.18,117.77,115.84,117.61
2015-01-19,117.63,117.8,116.93,117.55
2015-01-20,117.57,118.89,117.56,118.79
2015-01-21,118.82,118.86,117.18,117.93
2015-01-22,117.96,118.68,117.25,118.48
2015-01-23,118.5,118.83,117.54,117.74
2015-01-26,117.79,118.52,117.27,118.45
2015-01-27,118.46,118.67,117.34,117.85
2015-01-28,117.88,118.27,117.27,117.53
2015-01-29,117.56,118.5,117.38,118.26
2015-01-30,118.3,118.47,117.3,117.44
2015-02-02,117.48,117.88,116.67,117.58
2015-02-03,117.62,117.76,116.87,117.55
2015-02-04,117.57,118.01,117.07,117.26
2015-02-05,117.27,117.61,117.02,117.51
2015-02-06,117.54,119.24,117.18,118.96
2015-02-09,119.18,119.2,118.33,118.63
2015-02-10,118.64,119.63,118.39,119.41
2015-02-11,119.44,120.49,119.28,120.45
2015-02-12,120.46,120.48,118.51,119.1
2015-02-13,119.12,119.21,118.42,118.72
2015-02-16,118.77,118.88,118.18,118.46
2015-02-17,118.48,119.43,118.23,119.22
2015-02-18,119.26,119.43,118.54,118.78
2015-02-19,118.8,119.19,118.47,118.94
2015-02-20,118.95,119.2,118.29,119.01
2015-02-23,119.03,119.37,118.73,118.81
2015-02-24,118.82,119.85,118.76,118.97
2015-02-25,118.98,119.08,118.61,118.84
2015-02-26,118.87,119.52,118.67,119.41
2015-02-27,119.42,119.81,119.11,119.51
2015-03-02,119.65,120.21,119.6,120.12
2015-03-03,120.15,120.29,119.37,119.72
2015-03-04,119.73,119.84,119.46,119.65
2015-03-05,119.68,120.41,119.62,120.13
2015-03-06,120.14,121.3,119.9,120.83
2015-03-09,120.82,121.42,120.6,121.15
2015-03-10,121.16,122.04,120.92,121.13
2015-03-11,121.13,121.64,120.86,121.44
2015-03-12,121.45,121.69,120.68,121.28
2015-03-13,121.29,121.59,121.13,121.38
2015-03-16,121.4,121.5,121.09,121.32
2015-03-17,121.34,121.54,121.11,121.35
2015-03-18,121.37,121.43,119.4,120.09
2015-03-19,120.11,121.05,119.68,120.78
2015-03-20,120.8,121.21,119.9,120.03
2015-03-23,120.06,120.19,119.59,119.73
2015-03-24,119.73,120.0,119.22,119.72
2015-03-25,119.76,119.85,119.24,119.48
2015-03-26,119.49,119.59,118.32,119.18
2015-03-27,119.19,119.52,118.93,119.1
2015-03-30,119.15,120.24,119.11,120.06
2015-03-31,120.08,120.38,119.78,120.12
2015-04-01,120.13,120.34,119.42,119.75
2015-04-02,119.78,119.91,119.44,119.7
2015-04-03,119.72,119.8,118.71,118.96
2015-04-06,118.96,119.69,118.79,119.52
2015-04-07,119.54,120.46,119.43,120.26
2015-04-08,120.26,120.36,119.64,120.12
2015-04-09,120.14,120.75,119.85,120.57
2015-04-10,120.6,120.65,120.05,120.21
2015-04-13,120.22,120.86,119.75,120.1
2015-04-14,120.13,120.19,119.06,119.36
2015-04-15,119.4,119.76,118.78,119.13
2015-04-16,119.16,119.49,118.79,118.99
2015-04-17,119.02,119.28,118.56,118.9
2015-04-20,118.82,119.45,118.53,119.18
2015-04-21,119.18,119.85,119.16,119.66
2015-04-22,119.68,119.98,119.34,119.9
2015-04-23,119.93,120.11,119.42,119.56
2015-04-24,119.59,119.68,118.82,118.97
2015-04-27,119.01,119.45,118.77,119.03
2015-04-28,119.03,119.22,118.77,118.84
2015-04-29,118.85,119.38,118.6,119.02
2015-04-30,119.01,119.91,118.49,119.34
2015-05-01,119.38,120.31,119.36,120.16
2015-05-04,120.18,120.29,119.99,120.1
2015-05-05,120.14,120.53,119.73,119.82
2015-05-06,119.86,120.06,119.2,119.43
2015-05-07,119.47,119.88,119.05,119.73
2015-05-08,119.74,120.25,119.59,119.79
2015-05-11,119.68,120.16,119.45,120.07
2015-05-12,120.09,120.29,119.78,119.85
2015-05-13,119.88,119.99,119.03,119.14
2015-05-14,119.17,119.36,118.88,119.13
2015-05-15,119.17,119.95,119.15,119.27
2015-05-18,119.28,120.05,119.25,119.98
2015-05-19,119.99,120.75,119.82,120.69
2015-05-20,120.7,121.49,120.58,121.34
2015-05-21,121.34,121.4,120.84,121.02
2015-05-22,121.04,121.58,120.63,121.53
2015-05-25,121.51,121.79,121.44,121.55
2015-05-26,121.56,123.34,121.51,123.08
2015-05-27,123.07,124.08,122.78,123.65
2015-05-28,123.65,124.48,123.49,123.94
2015-05-29,123.96,124.2,123.6,124.11
2015-06-01,124.13,124.93,123.86,124.76
2015-06-02,124.78,125.06,123.75,124.08
2015-06-03,124.12,124.7,123.79,124.24
2015-06-04,124.26,124.7,123.78,124.36
2015-06-05,124.37,125.86,124.34,125.61
2015-06-08,125.6,125.69,124.3,124.47
2015-06-09,124.48,124.76,123.86,124.32
2015-06-10,124.34,124.64,122.45,122.65
2015-06-11,122.68,124.14,122.62,123.39
2015-06-12,123.42,123.84,123.13,123.37
2015-06-15,123.37,123.67,123.11,123.41
2015-06-16,123.42,123.79,123.29,123.34
2015-06-17,123.36,124.45,123.21,123.41
2015-06-18,123.43,123.62,122.47,122.95
2015-06-19,122.97,123.24,122.55,122.65
2015-06-22,122.84,123.44,122.56,123.36
2015-06-23,123.38,124.2,123.34,123.94
2015-06-24,123.94,124.39,123.71,123.84
2015-06-25,123.85,123.98,123.32,123.6
2015-06-26,123.62,124.0,123.22,123.85
2015-06-29,122.73,123.21,122.12,122.53
2015-06-30,122.54,122.74,121.94,122.49
2015-07-01,122.49,123.25,122.35,123.15
2015-07-02,123.17,123.74,122.96,123.04
2015-07-03,123.07,123.21,122.59,122.8
2015-07-06,122.07,122.94,121.74,122.55
2015-07-07,122.58,122.9,122.0,122.53
2015-07-08,122.54,122.59,120.4,120.7
2015-07-09,120.73,121.59,120.46,121.33
2015-07-10,121.34,122.9,121.27,122.74
2015-07-13,122.03,123.55,122.03,123.42
2015-07-14,123.44,123.74,122.92,123.35
2015-07-15,123.39,123.99,123.25,123.76
2015-07-16,123.77,124.2,123.73,124.14
2015-07-17,124.16,124.25,123.91,124.07
2015-07-20,124.09,124.4,123.98,124.25
2015-07-21,124.27,124.5,123.75,123.87
2015-07-22,123.88,124.17,123.56,123.94
2015-07-23,123.97,124.2,123.67,123.89
2015-07-24,123.93,124.11,123.59,123.79
2015-07-27,123.74,123.85,123.0,123.22
2015-07-28,123.27,123.82,123.06,123.55
2015-07-29,123.57,124.03,123.32,123.92
2015-07-30,123.94,124.6,123.87,124.14
2015-07-31,124.17,124.39,123.52,123.92
2015-08-03,124.03,124.29,123.85,124.01
2015-08-04,124.03,124.42,123.79,124.38
2015-08-05,124.39,125.03,124.01,124.88
2015-08-06,124.87,124.98,124.54,124.73
2015-08-07,124.76,125.07,124.1,124.21
2015-08-10,124.16,124.8,124.14,124.61
2015-08-11,124.63,125.22,124.51,125.1
2015-08-12,125.13,125.3,123.79,124.2
2015-08-13,124.21,124.64,124.07,124.41
2015-08-14,124.43,124.56,124.04,124.3
2015-08-17,124.41,124.59,124.21,124.38
2015-08-18,124.39,124.54,124.18,124.39
2015-08-19,124.41,124.49,123.69,123.78
2015-08-20,123.79,124.17,123.33,123.38
2015-08-21,123.41,123.51,121.82,122.01
2015-08-24,121.71,122.03,116.47,118.39
2015-08-25,118.41,120.41,118.25,118.86
2015-08-26,118.86,120.02,118.45,119.9
2015-08-27,119.92,121.41,119.79,121.03
2015-08-28,121.03,121.75,120.65,121.7
2015-08-31,121.68,121.76,120.88,121.22
2015-09-01,121.23,121.29,119.28,119.36
2015-09-02,119.39,120.47,119.22,120.32
2015-09-03,120.33,120.71,119.64,120.06
2015-09-04,120.07,120.2,118.77,118.99
2015-09-07,118.74,119.59,118.68,119.27
2015-09-08,119.28,120.23,118.85,119.78
2015-09-09,119.83,121.21,119.8,120.48
2015-09-10,120.52,121.33,119.97,120.59
2015-09-11,120.63,120.98,120.36,120.55
2015-09-14,120.57,120.85,119.85,120.22
2015-09-15,120.25,120.67,119.4,120.42
2015-09-16,120.42,120.74,120.1,120.55
2015-09-17,120.57,121.01,119.79,119.98
2015-09-18,120.02,120.29,119.05,119.98
2015-09-21,119.86,120.67,119.73,120.53
2015-09-22,120.58,120.63,119.69,120.12
2015-09-23,120.15,120.56,119.63,120.28
2015-09-24,120.28,120.4,119.22,120.06
2015-09-25,120.08,121.25,120.01,120.55
2015-09-28,120.55,120.6,119.69,119.91
2015-09-29,119.93,120.17,119.24,119.71
2015-09-30,119.74,120.37,119.56,119.84
2015-10-01,119.88,120.3,119.49,119.92
2015-10-02,119.94,120.42,118.68,119.89
2015-10-05,120.0,120.57,119.87,120.45
2015-10-06,120.48,120.59,120.1,120.23
2015-10-07,120.22,120.38,119.74,120.0
2015-10-08,120.02,120.13,119.62,119.91
2015-10-09,119.94,120.37,119.84,120.25
2015-10-12,120.27,120.28,119.88,120.02
2015-10-13,120.06,120.09,119.55,119.73
2015-10-14,119.75,119.82,118.64,118.82
2015-10-15,118.84,119.18,118.06,118.87
2015-10-16,118.9,119.68,118.82,119.42
2015-10-19,119.5,119.58,119.14,119.48
2015-10-20,119.5,119.98,119.4,119.82
2015-10-21,119.84,120.11,119.75,119.93
2015-10-22,119.93,120.78,119.61,120.66
2015-10-23,120.71,121.5,120.23,121.45
2015-10-26,121.44,121.53,120.61,121.07
2015-10-27,121.11,121.11,120.16,120.45
2015-10-28,120.46,121.27,120.25,121.06
2015-10-29,121.1,121.2,120.59,121.12
2015-10-30,121.13,121.48,120.28,120.61
2015-11-02,120.66,120.83,120.25,120.75
2015-11-03,120.75,121.24,120.59,121.05
2015-11-04,121.07,121.73,121.0,121.53
2015-11-05,121.58,122.02,121.38,121.74
2015-11-06,121.75,123.28,121.62,123.13
2015-11-09,123.17,123.61,122.97,123.17
2015-11-10,123.18,123.45,123.02,123.12
2015-11-11,123.18,123.24,122.75,122.82
2015-11-12,122.87,123.09,122.55,122.59
2015-11-13,122.61,123.0,122.45,122.62
2015-11-16,122.35,123.29,122.22,123.15
2015-11-17,123.18,123.5,123.17,123.43
2015-11-18,123.45,123.69,123.21,123.61
2015-11-19,123.64,123.65,122.62,122.85
2015-11-20,122.87,123.07,122.71,122.89
2015-11-23,122.79,123.27,122.75,122.82
2015-11-24,122.85,122.98,122.31,122.51
2015-11-25,122.53,122.95,122.25,122.7
2015-11-26,122.7,122.75,122.49,122.6
2015-11-27,122.62,122.89,122.3,122.82
2015-11-30,122.82,123.35,122.68,123.08
2015-12-01,123.1,123.29,122.64,122.85
2015-12-02,122.89,123.68,122.82,123.24
2015-12-03,123.25,123.57,122.29,122.59
2015-12-04,122.6,123.38,122.46,123.16
2015-12-07,123.23,123.49,123.14,123.37
2015-12-08,123.38,123.41,122.71,122.9
2015-12-09,122.94,123.07,121.07,121.42
2015-12-10,121.47,121.88,121.25,121.58
2015-12-11,121.6,122.24,120.58,120.86
2015-12-14,120.99,121.37,120.34,121.02
2015-12-15,121.04,121.81,120.57,121.65
2015-12-16,121.68,122.43,121.43,122.2
2015-12-17,122.21,122.89,122.19,122.55
2015-12-18,122.56,123.6,121.05,121.2
2015-12-21,121.24,121.53,120.85,121.15
2015-12-22,121.19,121.32,120.72,121.05
2015-12-23,121.08,121.14,120.8,120.91
2015-12-24,120.92,121.0,120.24,120.42
2015-12-25,120.48,120.48,120.04,120.4
2015-12-28,120.25,120.65,120.17,120.38
2015-12-29,120.41,120.52,120.22,120.46
2015-12-30,120.47,120.67,120.34,120.49
2015-12-31,120.52,120.6,120.0,120.3
2016-01-01,120.29,120.32,120.29,120.3
2016-01-04,120.3,120.47,118.7,119.42
2016-01-05,119.44,119.72,118.79,119.05
2016-01-06,119.07,119.18,118.24,118.46
2016-01-07,118.48,118.77,117.32,117.66
2016-01-08,117.67,118.77,117.44,117.44
2016-01-11,117.46,118.04,116.7,117.75
2016-01-12,117.76,118.07,117.22,117.62
2016-01-13,117.66,118.39,117.63,117.66
2016-01-14,117.69,118.29,117.29,118.04
2016-01-15,118.04,118.28,116.5,117.05
2016-01-18,116.91,117.46,116.57,117.31
2016-01-19,117.33,118.13,117.25,117.62
2016-01-20,117.63,117.69,115.98,116.91
2016-01-21,116.94,117.83,116.47,117.68
2016-01-22,117.72,118.89,117.54,118.77
2016-01-25,118.53,118.88,118.18,118.28
2016-01-26,118.31,118.63,117.65,118.41
2016-01-27,118.43,119.09,118.03,118.66
2016-01-28,118.69,119.01,118.41,118.81
2016-01-29,118.82,121.7,118.51,121.03
2016-02-01,121.12,121.49,120.68,120.97
2016-02-02,121.0,121.06,119.84,119.94
2016-02-03,119.97,120.06,117.05,117.88
2016-02-04,117.9,118.25,116.52,116.74
2016-02-05,116.79,117.43,116.44,116.89
2016-02-08,116.91,117.54,115.19,115.84
2016-02-09,115.85,115.87,114.24,115.1
2016-02-10,115.14,115.27,113.13,113.32
2016-02-11,113.34,113.6,111.0,112.41
2016-02-12,112.42,113.54,111.73,113.2
2016-02-15,113.23,114.74,113.07,114.57
2016-02-16,114.57,114.9,113.59,114.06
2016-02-17,114.07,114.51,113.37,114.08
2016-02-18,114.11,114.34,113.13,113.23
2016-02-19,113.25,113.39,112.3,112.54
2016-02-22,112.63,113.4,112.36,112.91
2016-02-23,112.9,113.07,111.77,112.1
2016-02-24,112.11,112.28,111.05,112.17
2016-02-25,112.18,113.04,111.89,112.98
2016-02-26,113.0,114.0,112.56,113.99
2016-02-29,113.86,114.0,112.64,112.66
2016-03-01,112.69,114.2,112.16,113.98
2016-03-02,114.02,114.57,113.21,113.45
2016-03-03,113.49,114.29,113.3,113.67
2016-03-04,113.69,114.28,113.16,113.75
2016-03-07,113.81,114.08,113.22,113.43
2016-03-08,113.47,113.53,112.43,112.61
2016-03-09,112.63,113.47,112.22,113.31
2016-03-10,113.36,114.46,112.62,113.18
2016-03-11,113.2,113.93,112.78,113.8
2016-03-14,113.85,114.02,113.5,113.81
2016-03-15,113.83,113.95,112.63,113.17
2016-03-16,113.16,113.83,112.33,112.57
2016-03-17,112.57,112.97,110.67,111.37
2016-03-18,111.4,111.77,110.82,111.55
2016-03-21,111.45,111.99,111.22,111.93
2016-03-22,111.96,112.5,111.38,112.36
2016-03-23,112.38,112.92,112.14,112.35
2016-03-24,112.39,113.02,112.29,112.89
2016-03-25,112.93,113.32,112.75,113.04
2016-03-28,113.1,113.71,113.05,113.43
2016-03-29,113.45,113.82,112.6,112.68
2016-03-30,112.7,112.82,112.01,112.42
2016-03-31,112.42,112.67,112.1,112.56
2016-04-01,112.57,112.6,111.58,111.65
2016-04-04,111.71,111.82,111.08,111.31
2016-04-05,111.34,111.36,109.96,110.31
2016-04-06,110.34,110.64,109.34,109.78
2016-04-07,109.8,109.88,107.69,108.2
2016-04-08,108.22,109.11,108.03,108.03
2016-04-11,108.07,108.45,107.63,107.93
2016-04-12,107.95,108.8,107.86,108.53
2016-04-13,108.55,109.41,108.5,109.33
2016-04-14,109.35,109.56,108.9,109.37
2016-04-15,109.4,109.75,108.6,108.73
2016-04-18,108.24,109.0,107.84,108.81
2016-04-19,108.82,109.51,108.75,109.17
2016-04-20,109.21,109.89,108.76,109.83
2016-04-21,109.88,109.91,109.31,109.44
2016-04-22,109.47,111.83,109.26,111.78
2016-04-25,111.57,111.92,110.84,111.19
2016-04-26,111.21,111.49,110.66,111.3
2016-04-27,111.31,111.77,111.02,111.45
2016-04-28,111.49,111.9,107.87,108.08
2016-04-29,108.11,108.21,106.28,106.35
2016-05-02,106.3,106.83,106.16,106.4
2016-05-03,106.41,106.69,105.54,106.59
2016-05-04,106.62,107.47,106.25,107.0
2016-05-05,107.01,107.51,106.8,107.24
2016-05-06,107.26,107.43,106.44,107.1
2016-05-09,107.12,108.62,107.03,108.31
2016-05-10,108.35,109.36,108.26,109.25
2016-05-11,109.27,109.39,108.36,108.41
2016-05-12,108.43,109.41,108.23,109.01
2016-05-13,109.02,109.5,108.51,108.6
2016-05-16,108.57,109.11,108.46,109.01
2016-05-17,109.03,109.66,108.84,109.12
2016-05-18,109.14,110.27,108.72,110.18
2016-05-19,110.2,110.4,109.7,109.95
2016-05-20,109.97,110.6,109.85,110.14
2016-05-23,110.11,110.25,109.1,109.22
2016-05-24,109.24,110.14,109.16,109.98
2016-05-25,110.0,110.47,109.86,110.18
2016-05-26,110.19,110.25,109.4,109.75
2016-05-27,109.77,110.47,109.47,110.22
2016-05-30,110.42,111.45,110.32,111.11
2016-05-31,111.12,111.36,110.5,110.68
2016-06-01,110.71,110.84,109.05,109.52
2016-06-02,109.54,109.6,108.51,108.85
2016-06-03,108.88,109.15,106.5,106.51
2016-06-06,106.45,107.67,106.37,107.55
2016-06-07,107.57,107.91,107.16,107.33
2016-06-08,107.36,107.4,106.58,106.97
2016-06-09,106.99,107.19,106.26,107.08
2016-06-10,107.09,107.27,106.55,106.96
2016-06-13,106.93,106.93,105.74,106.23
2016-06-14,106.27,106.43,105.62,106.1
2016-06-15,106.12,106.41,105.48,106.0
2016-06-16,106.02,106.04,103.6,104.24
2016-06-17,104.27,104.84,104.09,104.1
2016-06-20,104.35,104.86,103.78,103.92
2016-06-21,103.95,105.06,103.59,104.73
2016-06-22,104.75,104.86,104.31,104.39
2016-06-23,104.41,106.2,104.11,106.13
2016-06-24,106.16,106.83,99.1,102.19
2016-06-27,102.11,102.49,101.4,101.99
2016-06-28,102.0,102.87,101.55,102.74
2016-06-29,102.77,102.97,102.17,102.81
2016-06-30,102.82,103.32,102.35,103.25
2016-07-01,103.29,103.42,102.42,102.51
2016-07-04,102.53,102.82,102.43,102.55
2016-07-05,102.56,102.6,101.45,101.7
2016-07-06,101.74,101.78,100.2,101.31
2016-07-07,101.33,101.42,100.59,100.75
2016-07-08,100.78,101.26,100.04,100.53
2016-07-11,100.47,102.91,100.44,102.79
2016-07-12,102.81,105.0,102.44,104.69
2016-07-13,104.69,104.9,103.91,104.48
2016-07-14,104.5,105.95,104.0,105.32
2016-07-15,105.35,106.32,104.64,104.83
2016-07-18,105.26,106.27,105.06,106.15
2016-07-19,106.16,106.54,105.65,106.11
2016-07-20,106.13,107.03,105.83,106.82
2016-07-21,106.86,107.49,105.43,105.8
2016-07-22,105.82,106.4,105.57,106.06
2016-07-25,106.21,106.73,105.73,105.76
2016-07-26,105.81,105.9,103.99,104.64
2016-07-27,104.66,106.55,104.62,105.39
2016-07-28,105.4,105.52,104.52,105.24
2016-07-29,105.26,105.35,101.96,102.05
2016-08-01,102.07,102.69,102.0,102.38
2016-08-02,102.39,102.83,100.67,100.88
2016-08-03,100.9,101.58,100.74,101.22
2016-08-04,101.25,101.68,100.86,101.2
2016-08-05,101.23,102.07,100.86,101.8
2016-08-08,101.73,102.67,101.73,102.43
2016-08-09,102.46,102.54,101.78,101.89
2016-08-10,101.89,101.98,100.96,101.27
2016-08-11,101.29,102.07,101.02,101.95
2016-08-12,101.95,102.29,100.84,101.29
2016-08-15,101.23,101.47,100.87,101.24
2016-08-16,101.26,101.3,99.55,100.28
2016-08-17,100.32,101.17,100.04,100.24
2016-08-18,100.28,100.5,99.64,99.87
2016-08-19,99.9,100.46,99.86,100.2
2016-08-22,100.43,100.95,100.21,100.32
2016-08-23,100.34,100.41,99.93,100.23
2016-08-24,100.25,100.62,100.09,100.43
2016-08-25,100.45,100.63,100.29,100.51
2016-08-26,100.53,101.95,100.08,101.82
2016-08-29,101.84,102.41,101.83,101.9
2016-08-30,101.93,103.15,101.75,102.95
2016-08-31,102.97,103.55,102.86,103.42
2016-09-01,103.43,104.02,103.05,103.23
2016-09-02,103.25,104.33,102.8,103.97
2016-09-05,103.97,104.14,103.14,103.42
2016-09-06,103.43,103.81,101.93,101.98
2016-09-07,102.02,102.15,101.2,101.71
2016-09-08,101.75,102.61,101.41,102.48
2016-09-09,102.49,103.07,101.97,102.68
2016-09-12,102.7,102.81,101.56,101.84
2016-09-13,101.87,102.76,101.42,102.53
2016-09-14,102.56,103.37,102.24,102.4
2016-09-15,102.43,102.77,101.94,102.09
2016-09-16,102.1,102.48,101.74,102.28
2016-09-19,102.23,102.43,101.58,101.92
2016-09-20,101.95,102.08,101.54,101.69
2016-09-21,101.71,102.8,100.3,100.29
2016-09-22,100.34,100.94,100.09,100.73
2016-09-23,100.76,101.26,100.67,100.98
2016-09-26,101.04,101.13,100.24,100.32
2016-09-27,100.34,101.0,100.09,100.43
2016-09-28,100.44,100.83,100.25,100.65
2016-09-29,100.69,101.86,100.64,101.01
2016-09-30,101.04,101.78,100.74,101.33
2016-10-03,101.35,101.67,101.21,101.61
2016-10-04,101.65,102.98,101.56,102.88
2016-10-05,102.89,103.68,102.67,103.49
2016-10-06,103.51,104.17,103.34,103.93
2016-10-07,103.95,104.05,102.86,102.9
2016-10-10,103.13,103.8,102.8,103.58
2016-10-11,103.62,104.09,103.16,103.5
2016-10-12,103.51,104.5,103.27,104.18
2016-10-13,104.23,104.64,103.34,103.68
2016-10-14,103.72,104.49,103.6,104.18
2016-10-17,104.08,104.41,103.78,103.89
2016-10-18,103.9,104.22,103.67,103.85
2016-10-19,103.87,103.96,103.17,103.44
2016-10-20,103.45,104.12,103.34,103.94
2016-10-21,103.95,104.22,103.52,103.8
2016-10-24,103.86,104.33,103.71,104.17
2016-10-25,104.19,104.89,104.11,104.22
2016-10-26,104.23,104.63,104.01,104.46
2016-10-27,104.47,105.36,104.29,105.28
2016-10-28,105.29,105.55,104.48,104.69
2016-10-31,104.7,105.24,104.26,104.81
2016-11-01,104.83,105.13,103.8,104.12
2016-11-02,104.16,104.19,103.01,103.29
2016-11-03,103.31,103.46,102.55,102.97
2016-11-04,102.99,103.37,102.83,103.12
2016-11-07,103.15,104.65,103.1,104.45
2016-11-08,104.47,105.23,104.29,105.14
2016-11-09,105.16,105.91,101.18,105.65
2016-11-10,105.67,106.97,104.97,106.81
2016-11-11,106.83,106.96,106.02,106.67
2016-11-14,106.54,108.57,106.54,108.41
2016-11-15,108.42,109.35,107.76,109.15
2016-11-16,109.21,109.78,108.79,109.06
2016-11-17,109.06,110.2,108.54,110.08
2016-11-18,110.12,110.98,109.79,110.91
2016-11-21,110.92,111.38,110.44,110.79
2016-11-22,110.82,111.38,110.26,111.12
2016-11-23,111.14,112.99,110.84,112.5
2016-11-24,112.52,113.55,112.37,113.29
2016-11-25,113.35,113.92,112.55,113.06
2016-11-28,113.08,113.13,111.35,111.92
2016-11-29,111.94,113.35,111.6,112.36
2016-11-30,112.39,114.55,112.04,114.44
2016-12-01,114.45,114.85,113.82,114.08
2016-12-02,114.1,114.25,113.32,113.54
2016-12-05,113.54,114.79,112.87,113.82
2016-12-06,113.87,114.21,113.49,113.98
2016-12-07,114.02,114.42,113.4,113.75
2016-12-08,113.75,114.39,113.13,114.01
2016-12-09,114.03,115.4,113.99,115.36
2016-12-12,115.27,116.15,114.84,115.02
2016-12-13,115.04,115.5,114.73,115.16
2016-12-14,115.19,117.41,114.76,117.03
2016-12-15,117.04,118.68,116.98,118.16
2016-12-16,118.19,118.45,117.46,117.98
2016-12-19,117.9,118.03,116.54,117.07
2016-12-20,117.09,118.27,116.97,117.84
2016-12-21,117.85,118.09,117.09,117.54
2016-12-22,117.57,117.9,117.26,117.51
2016-12-23,117.54,117.67,117.16,117.31
2016-12-26,117.38,117.42,116.99,117.07
2016-12-27,117.09,117.64,117.06,117.39
2016-12-28,117.43,117.83,117.05,117.24
2016-12-29,117.26,117.27,116.21,116.53
2016-12-30,116.55,117.21,116.04,116.87
2017-01-02,117.0,117.69,116.74,117.51
2017-01-03,117.56,118.62,117.21,117.74
2017-01-04,117.76,118.2,117.04,117.24
2017-01-05,117.26,117.45,115.22,115.34
2017-01-06,115.36,117.2,115.06,116.91
2017-01-09,116.92,117.54,115.97,116.01
2017-01-10,116.04,116.36,115.2,115.76
2017-01-11,115.78,116.87,114.25,115.4
2017-01-12,115.42,115.53,113.75,114.7
2017-01-13,114.72,115.46,114.2,114.51
2017-01-16,114.56,114.56,113.67,114.18
2017-01-17,114.2,114.3,112.6,112.62
2017-01-18,112.63,114.77,112.57,114.65
2017-01-19,114.64,115.63,114.39,114.86
2017-01-20,114.87,115.4,114.21,114.6
2017-01-23,114.38,114.45,112.68,112.68
2017-01-24,112.7,113.91,112.52,113.78
2017-01-25,113.79,114.01,113.03,113.27
2017-01-26,113.29,114.87,113.04,114.52
2017-01-27,114.55,115.39,114.39,115.06
2017-01-30,115.1,115.15,113.45,113.76
2017-01-31,113.77,113.98,112.06,112.78
2017-02-01,112.81,113.97,112.64,113.23
2017-02-02,113.26,113.38,112.05,112.8
2017-02-03,112.79,113.46,112.3,112.7
2017-02-06,112.42,112.79,111.62,111.71
2017-02-07,111.74,112.6,111.59,112.37
2017-02-08,112.37,112.56,111.62,111.93
2017-02-09,111.94,113.37,111.73,113.22
2017-02-10,113.26,113.87,112.86,113.19
2017-02-13,113.33,114.19,113.28,113.73
2017-02-14,113.74,114.52,113.23,114.25
2017-02-15,114.25,114.97,113.85,114.15
2017-02-16,114.16,114.35,113.08,113.2
2017-02-17,113.25,113.52,112.6,112.85
2017-02-20,112.85,113.26,112.77,113.07
2017-02-21,113.1,113.79,113.08,113.67
2017-02-22,113.71,113.74,112.9,113.27
2017-02-23,113.31,113.47,112.54,112.57
2017-02-24,112.62,112.97,111.93,112.18
2017-02-27,112.1,112.85,111.91,112.67
2017-02-28,112.71,112.9,111.69,112.75
2017-03-01,112.78,114.06,112.73,113.71
2017-03-02,113.73,114.61,113.68,114.38
2017-03-03,114.41,114.76,113.82,113.99
2017-03-06,114.03,114.15,113.55,113.87
2017-03-07,113.9,114.16,113.72,113.96
2017-03-08,113.99,114.77,113.6,114.32
2017-03-09,114.36,115.01,114.31,114.91
2017-03-10,114.95,115.52,114.65,114.74
2017-03-13,114.82,114.93,114.48,114.87
2017-03-14,114.88,115.21,114.51,114.73
2017-03-15,114.74,114.9,113.17,113.35
2017-03-16,113.38,113.56,112.9,113.3
2017-03-17,113.31,113.51,112.56,112.7
2017-03-20,112.71,112.91,112.46,112.55
2017-03-21,112.55,112.88,111.56,111.71
2017-03-22,111.72,111.81,110.73,111.14
2017-03-23,111.17,111.59,110.62,110.93
2017-03-24,110.95,111.5,110.62,111.33
2017-03-27,111.23,111.29,110.11,110.65
2017-03-28,110.66,111.21,110.17,111.12
2017-03-29,111.15,111.33,110.71,111.03
2017-03-30,111.05,111.96,110.93,111.89
2017-03-31,111.92,112.21,111.23,111.38
2017-04-03,111.4,111.6,110.84,110.87
2017-04-04,110.9,110.96,110.26,110.72
2017-04-05,110.76,111.46,110.53,110.68
2017-04-06,110.71,111.15,110.29,110.8
2017-04-07,110.82,111.38,110.13,111.05
2017-04-10,111.12,111.59,110.8,110.93
2017-04-11,110.94,110.97,109.6,109.6
2017-04-12,109.62,109.88,108.95,109.0
2017-04-13,109.03,109.41,108.72,109.08
2017-04-14,109.08,109.24,108.54,108.61
2017-04-17,108.68,109.07,108.13,108.89
2017-04-18,108.91,109.23,108.31,108.4
2017-04-19,108.43,109.19,108.37,108.85
2017-04-20,108.87,109.5,108.71,109.31
2017-04-21,109.32,109.44,108.87,109.07
2017-04-24,110.26,110.64,109.65,109.75
2017-04-25,109.77,111.2,109.59,111.08
2017-04-26,111.1,111.79,110.87,111.03
2017-04-27,111.07,111.61,111.01,111.25
2017-04-28,111.26,111.73,111.06,111.53
2017-05-01,111.31,111.94,111.2,111.83
2017-05-02,111.84,112.32,111.77,111.96
2017-05-03,112.0,112.79,111.95,112.73
2017-05-04,112.76,113.06,112.31,112.45
2017-05-05,112.46,112.83,112.08,112.71
2017-05-08,113.0,113.31,112.38,113.24
2017-05-09,113.26,114.34,113.13,113.98
2017-05-10,113.99,114.37,113.63,114.27
2017-05-11,114.3,114.38,113.46,113.84
2017-05-12,113.86,113.97,113.19,113.33
2017-05-15,113.21,113.87,113.11,113.77
2017-05-16,113.79,113.82,112.92,113.11
2017-05-17,113.13,113.15,110.78,110.8
2017-05-18,110.83,111.74,110.23,111.47
2017-05-19,111.5,111.71,111.04,111.26
2017-05-22,111.32,111.62,110.89,111.27
2017-05-23,111.31,111.87,110.86,111.77
2017-05-24,111.78,112.13,111.47,111.49
2017-05-25,111.5,111.96,111.48,111.82
2017-05-26,111.84,111.88,110.87,111.31
2017-05-29,111.32,111.48,111.17,111.24
2017-05-30,111.26,111.34,110.66,110.82
2017-05-31,110.85,111.24,110.48,110.75
2017-06-01,110.77,111.49,110.69,111.34
2017-06-02,111.35,111.73,110.32,110.4
2017-06-05,110.37,110.74,110.25,110.45
2017-06-06,110.46,110.53,109.22,109.4
2017-06-07,109.43,109.9,109.11,109.79
2017-06-08,109.82,110.4,109.38,109.97
2017-06-09,110.01,110.82,109.75,110.33
2017-06-12,110.38,110.45,109.62,109.92
2017-06-13,109.95,110.28,109.82,110.05
2017-06-14,110.07,110.36,108.83,109.56
2017-06-15,109.56,110.99,109.27,110.91
2017-06-16,110.92,111.43,110.64,110.84
2017-06-19,110.84,111.62,110.75,111.51
2017-06-20,111.51,111.8,111.3,111.42
2017-06-21,111.46,111.74,111.06,111.37
2017-06-22,111.38,111.46,110.94,111.32
2017-06-23,111.34,111.44,111.15,111.26
2017-06-26,111.13,111.95,111.13,111.83
2017-06-27,111.87,112.48,111.46,112.34
2017-06-28,112.36,112.43,111.83,112.28
2017-06-29,112.31,112.94,111.81,112.16
2017-06-30,112.19,112.61,111.73,112.35
2017-07-03,112.14,113.49,111.94,113.37
2017-07-04,113.39,113.48,112.73,113.26
2017-07-05,113.29,113.7,112.82,113.25
2017-07-06,113.27,113.48,112.89,113.2
2017-07-07,113.21,114.19,113.09,113.88
2017-07-10,113.98,114.31,113.86,114.03
2017-07-11,114.05,114.51,113.72,113.92
2017-07-12,113.94,113.98,112.92,113.13
2017-07-13,113.17,113.54,112.86,113.27
2017-07-14,113.28,113.59,112.26,112.5
2017-07-17,112.52,112.88,112.32,112.62
2017-07-18,112.63,112.72,111.68,112.06
2017-07-19,112.09,112.24,111.55,111.95
2017-07-20,111.98,112.43,111.48,111.89
2017-07-21,111.92,112.09,111.0,111.1
2017-07-24,111.07,111.32,110.62,111.09
2017-07-25,111.1,111.97,110.82,111.88
2017-07-26,111.89,112.2,111.06,111.15
2017-07-27,111.17,111.72,110.77,111.22
2017-07-28,111.28,111.35,110.55,110.65
2017-07-31,110.65,110.79,110.2,110.25
2017-08-01,110.26,110.6,109.93,110.35
2017-08-02,110.37,111.0,110.28,110.72
2017-08-03,110.72,110.84,109.86,110.02
2017-08-04,110.04,111.06,109.84,110.67
2017-08-07,110.63,110.93,110.62,110.73
2017-08-08,110.75,110.84,110.24,110.3
2017-08-09,110.31,110.39,109.55,110.06
2017-08-10,110.08,110.19,109.15,109.2
2017-08-11,109.21,109.41,108.74,109.15
2017-08-14,109.06,109.81,109.02,109.62
2017-08-15,109.64,110.86,109.6,110.66
2017-08-16,110.67,110.96,110.02,110.18
2017-08-17,110.2,110.38,109.44,109.56
2017-08-18,109.57,109.61,108.6,109.17
2017-08-21,109.35,109.44,108.63,108.97
2017-08-22,108.98,109.66,108.87,109.56
2017-08-23,109.57,109.83,108.92,109.02
2017-08-24,109.05,109.62,108.84,109.54
2017-08-25,109.56,109.86,109.11,109.34
2017-08-28,109.26,109.43,109.02,109.24
2017-08-29,109.27,109.91,108.27,109.74
2017-08-30,109.76,110.45,109.53,110.22
2017-08-31,110.25,110.68,109.88,109.96
2017-09-01,109.98,110.43,109.56,110.25
2017-09-04,109.4,109.93,109.31,109.72
2017-09-05,109.74,109.84,108.63,108.8
2017-09-06,108.81,109.4,108.46,109.22
2017-09-07,109.24,109.29,108.06,108.44
2017-09-08,108.46,108.5,107.32,107.83
2017-09-11,108.21,109.51,108.14,109.39
2017-09-12,109.42,110.26,109.24,110.16
2017-09-13,110.19,110.7,109.91,110.47
2017-09-14,110.49,111.04,110.07,110.22
2017-09-15,110.24,111.34,109.56,110.84
2017-09-18,110.89,111.68,110.89,111.56
2017-09-19,111.57,111.88,111.2,111.58
2017-09-20,111.59,112.54,111.12,112.21
2017-09-21,112.22,112.73,112.13,112.46
2017-09-22,112.48,112.56,111.65,111.97
2017-09-25,111.99,112.53,111.47,111.72
2017-09-26,111.74,112.48,111.49,112.22
2017-09-27,112.25,113.26,112.21,112.81
2017-09-28,112.86,113.21,112.25,112.33
2017-09-29,112.35,112.74,112.21,112.47
2017-10-02,112.56,113.07,112.46,112.75
2017-10-03,112.75,113.21,112.65,112.84
2017-10-04,112.85,112.95,112.32,112.74
2017-10-05,112.76,112.93,112.41,112.81
2017-10-06,112.82,113.45,112.6,112.63
2017-10-09,112.7,112.76,112.33,112.66
2017-10-10,112.68,112.84,111.99,112.44
2017-10-11,112.46,112.59,112.07,112.48
2017-10-12,112.51,112.54,112.12,112.27
2017-10-13,112.29,112.34,111.69,111.84
2017-10-16,111.93,112.29,111.65,112.18
2017-10-17,112.2,112.48,112.03,112.19
2017-10-18,112.21,113.06,112.14,112.92
2017-10-19,112.94,113.15,112.31,112.53
2017-10-20,112.54,113.58,112.51,113.5
2017-10-23,113.69,114.11,113.24,113.42
2017-10-24,113.44,114.01,113.26,113.89
2017-10-25,113.92,114.26,113.48,113.73
2017-10-26,113.75,114.09,113.34,113.97
2017-10-27,113.99,114.45,113.64,113.67
2017-10-30,113.74,113.84,113.03,113.17
2017-10-31,113.18,113.74,112.96,113.62
2017-11-01,113.64,114.29,113.6,114.15
2017-11-02,114.18,114.23,113.54,114.08
2017-11-03,114.09,114.44,113.65,114.06
2017-11-06,113.97,114.74,113.69,113.68
2017-11-07,113.71,114.35,113.7,114.0
2017-11-08,114.0,114.05,113.39,113.86
2017-11-09,113.86,114.08,113.09,113.46
2017-11-10,113.48,113.65,113.22,113.53
2017-11-13,113.52,113.73,113.24,113.61
2017-11-14,113.63,113.92,113.3,113.44
2017-11-15,113.46,113.51,112.48,112.86
2017-11-16,112.88,113.34,112.74,113.05
2017-11-17,113.05,113.15,111.94,112.07
2017-11-20,112.1,112.73,111.89,112.62
2017-11-21,112.63,112.71,112.17,112.43
2017-11-22,112.46,112.51,111.14,111.2
2017-11-23,111.22,111.39,111.06,111.21
2017-11-24,111.22,111.63,111.19,111.53
2017-11-27,111.42,111.7,110.84,111.09
2017-11-28,111.1,111.65,110.93,111.47
2017-11-29,111.49,112.16,111.37,111.92
2017-11-30,111.92,112.65,111.73,112.52
2017-12-01,112.54,112.88,111.42,112.1
2017-12-04,112.41,113.1,112.36,112.4
2017-12-05,112.41,112.87,112.37,112.58
2017-12-06,112.6,112.67,111.99,112.28
2017-12-07,112.29,113.16,112.22,113.08
2017-12-08,113.09,113.6,113.08,113.48
2017-12-11,113.49,113.7,113.24,113.55
2017-12-12,113.58,113.76,113.37,113.53
2017-12-13,113.55,113.59,112.47,112.53
2017-12-14,112.54,112.89,112.06,112.38
2017-12-15,112.39,112.76,112.03,112.57
2017-12-18,112.64,112.84,112.31,112.53
2017-12-19,112.55,113.09,112.51,112.88
2017-12-20,112.89,113.48,112.84,113.38
2017-12-21,113.42,113.64,113.2,113.32
2017-12-22,113.33,113.46,113.25,113.26
2017-12-25,113.32,113.37,113.22,113.25
2017-12-26,113.28,113.37,113.12,113.22
2017-12-27,113.24,113.38,113.14,113.34
2017-12-28,113.37,113.37,112.66,112.87
2017-12-29,112.88,112.98,112.47,112.67
2018-01-01,112.67,112.7,112.65,112.64
2018-01-02,112.67,112.8,112.05,112.28
2018-01-03,112.3,112.62,112.17,112.49
2018-01-04,112.51,112.87,112.47,112.74
2018-01-05,112.75,113.32,112.72,113.06
2018-01-08,113.07,113.39,112.88,113.08
2018-01-09,113.1,113.2,112.36,112.64
2018-01-10,112.66,112.79,111.28,111.42
2018-01-11,111.44,111.88,111.04,111.24
2018-01-12,111.27,111.71,110.91,111.03
2018-01-15,111.07,111.19,110.32,110.52
2018-01-16,110.54,110.99,110.24,110.44
2018-01-17,110.46,111.35,110.19,111.28
2018-01-18,111.29,111.49,110.69,111.09
2018-01-19,111.11,111.14,110.49,110.76
2018-01-22,110.62,111.23,110.53,110.91
2018-01-23,110.92,111.19,110.25,110.29
2018-01-24,110.31,110.35,108.96,109.21
2018-01-25,109.22,109.71,108.5,109.39
2018-01-26,109.42,109.78,108.28,108.7
2018-01-29,108.7,109.21,108.51,108.95
2018-01-30,108.96,109.21,108.41,108.76
2018-01-31,108.77,109.45,108.59,109.17
2018-02-01,109.2,109.76,109.09,109.39
2018-02-02,109.41,110.49,109.28,110.09
2018-02-05,110.12,110.3,108.99,109.09
2018-02-06,109.09,109.66,108.45,109.55
2018-02-07,109.56,109.73,108.92,109.31
2018-02-08,109.33,109.79,108.58,108.74
2018-02-09,108.74,109.32,108.04,108.78
2018-02-12,108.81,108.96,108.44,108.64
2018-02-13,108.66,108.79,107.4,107.82
2018-02-14,107.83,107.9,106.72,107.0
2018-02-15,107.01,107.04,106.03,106.11
2018-02-16,106.14,106.4,105.54,106.3
2018-02-19,106.34,106.73,106.09,106.59
2018-02-20,106.6,107.38,106.56,107.31
2018-02-21,107.33,107.92,107.27,107.76
2018-02-22,107.78,107.81,106.59,106.74
2018-02-23,106.76,107.14,106.5,106.88
2018-02-26,106.9,107.3,106.37,106.92
2018-02-27,106.94,107.69,106.78,107.31
2018-02-28,107.34,107.54,106.56,106.67
2018-03-01,106.68,107.21,106.16,106.23
2018-03-02,106.23,106.31,105.25,105.73
2018-03-05,105.7,106.24,105.35,106.19
2018-03-06,106.21,106.47,105.85,106.11
2018-03-07,106.13,106.23,105.45,106.06
2018-03-08,106.08,106.32,105.89,106.2
2018-03-09,106.24,107.06,106.16,106.77
2018-03-12,106.82,106.98,106.32,106.41
2018-03-13,106.42,107.31,106.25,106.56
2018-03-14,106.58,106.76,106.06,106.32
2018-03-15,106.33,106.43,105.78,106.33
2018-03-16,106.35,106.4,105.6,106.0
2018-03-19,105.96,106.32,105.67,106.08
2018-03-20,106.09,106.61,105.92,106.53
2018-03-21,106.53,106.65,105.88,106.04
2018-03-22,106.05,106.1,105.25,105.26
2018-03-23,105.29,105.36,104.64,104.72
2018-03-26,104.74,105.49,104.56,105.4
2018-03-27,105.41,105.91,105.32,105.33
2018-03-28,105.35,107.02,105.32,106.85
2018-03-29,106.86,106.94,106.26,106.42
2018-03-30,106.43,106.55,106.11,106.26
2018-04-02,106.26,106.46,105.66,105.88
2018-04-03,105.9,106.66,105.69,106.59
2018-04-04,106.61,106.85,105.99,106.77
2018-04-05,106.78,107.5,106.71,107.37
2018-04-06,107.39,107.47,106.77,106.91
2018-04-09,106.93,107.21,106.61,106.75
2018-04-10,106.81,107.41,106.61,107.19
2018-04-11,107.2,107.26,106.64,106.78
2018-04-12,106.79,107.43,106.7,107.32
2018-04-13,107.34,107.79,107.19,107.33
2018-04-16,107.38,107.63,107.03,107.1
2018-04-17,107.12,107.22,106.87,106.99
2018-04-18,107.0,107.4,107.0,107.23
2018-04-19,107.24,107.53,107.17,107.36
2018-04-20,107.38,107.87,107.35,107.65
2018-04-23,107.64,108.76,107.64,108.7
2018-04-24,108.71,109.21,108.54,108.81
2018-04-25,108.82,109.46,108.79,109.41
2018-04-26,109.42,109.48,109.06,109.29
2018-04-27,109.31,109.54,108.96,109.03
2018-04-30,109.02,109.46,109.02,109.33
2018-05-01,109.35,109.9,109.24,109.85
2018-05-02,109.86,110.04,109.59,109.83
2018-05-03,109.84,109.89,108.93,109.18
2018-05-04,109.2,109.29,108.64,109.11
2018-05-07,109.13,109.4,108.75,109.08
2018-05-08,109.09,109.36,108.83,109.11
2018-05-09,109.12,109.85,108.99,109.74
2018-05-10,109.75,110.03,109.31,109.38
2018-05-11,109.41,109.57,109.15,109.38
2018-05-14,109.4,109.68,109.21,109.65
2018-05-15,109.66,110.46,109.65,110.34
2018-05-16,110.35,110.41,110.03,110.38
2018-05-17,110.4,110.87,110.07,110.76
2018-05-18,110.78,111.09,110.6,110.74
2018-05-21,110.73,111.4,110.73,111.04
2018-05-22,111.05,111.2,110.79,110.88
2018-05-23,110.91,110.94,109.55,110.07
2018-05-24,110.09,110.12,108.95,109.24
2018-05-25,109.26,109.75,109.12,109.38
2018-05-28,109.57,109.84,109.23,109.41
2018-05-29,109.42,109.48,108.11,108.75
2018-05-30,108.77,109.09,108.35,108.9
2018-05-31,108.91,109.01,108.39,108.81
2018-06-01,108.82,109.75,108.72,109.53
2018-06-04,109.51,109.86,109.37,109.8
2018-06-05,109.82,110.02,109.47,109.78
2018-06-06,109.8,110.27,109.78,110.16
2018-06-07,110.19,110.23,109.49,109.69
2018-06-08,109.71,109.86,109.19,109.53
2018-06-11,109.48,110.12,109.22,110.02
2018-06-12,110.04,110.5,109.99,110.36
2018-06-13,110.38,110.85,110.26,110.32
2018-06-14,110.34,110.71,109.91,110.62
2018-06-15,110.63,110.92,110.38,110.66
2018-06-18,110.68,110.75,110.3,110.54
2018-06-19,110.55,110.59,109.55,110.04
2018-06-20,110.07,110.46,109.86,110.35
2018-06-21,110.36,110.76,109.83,109.98
2018-06-22,110.0,110.23,109.8,109.96
2018-06-25,109.91,110.04,109.37,109.76
2018-06-26,109.77,110.22,109.37,110.05
2018-06-27,110.07,110.5,109.68,110.25
2018-06-28,110.26,110.65,109.97,110.48
2018-06-29,110.49,110.95,110.38,110.66
2018-07-02,110.69,111.07,110.5,110.89
2018-07-03,110.9,111.14,110.5,110.58
2018-07-04,110.6,110.64,110.28,110.45
2018-07-05,110.48,110.73,110.29,110.61
2018-07-06,110.63,110.79,110.37,110.45
2018-07-09,110.51,110.91,110.31,110.84
2018-07-10,110.86,111.37,110.8,110.98
2018-07-11,111.0,112.18,110.76,112.0
2018-07-12,112.02,112.63,111.91,112.55
2018-07-13,112.57,112.81,112.27,112.36
2018-07-16,112.36,112.57,112.2,112.28
2018-07-17,112.29,112.94,112.22,112.85
2018-07-18,112.89,113.15,112.71,112.83
2018-07-19,112.86,113.17,112.07,112.45
2018-07-20,112.47,112.63,111.39,111.39
2018-07-23,111.51,111.56,110.75,111.33
2018-07-24,111.35,111.52,110.96,111.19
2018-07-25,111.21,111.39,110.66,110.97
2018-07-26,110.98,111.26,110.59,111.22
2018-07-27,111.23,111.26,110.79,111.03
2018-07-30,111.04,111.18,110.89,111.06
2018-07-31,111.05,111.97,110.78,111.86
2018-08-01,111.88,112.16,111.39,111.71
2018-08-02,111.72,111.76,111.33,111.65
2018-08-03,111.66,111.83,111.09,111.25
2018-08-06,111.2,111.54,111.15,111.4
2018-08-07,111.41,111.49,110.99,111.37
2018-08-08,111.39,111.45,110.83,110.97
2018-08-09,110.99,111.2,110.7,111.07
2018-08-10,111.09,111.18,110.5,110.92
2018-08-13,110.94,110.95,110.11,110.71
2018-08-14,110.7,111.32,110.59,111.14
2018-08-15,111.15,111.44,110.42,110.73
2018-08-16,110.75,111.12,110.46,110.88
2018-08-17,110.89,111.06,110.31,110.49
2018-08-20,110.52,110.7,110.02,110.06
2018-08-21,110.07,110.55,109.77,110.29
2018-08-22,110.3,110.62,110.03,110.54
2018-08-23,110.55,111.32,110.51,111.28
2018-08-24,111.29,111.49,111.1,111.22
2018-08-27,111.25,111.37,110.93,111.08
2018-08-28,111.09,111.37,110.95,111.18
2018-08-29,111.19,111.84,111.11,111.65
2018-08-30,111.69,111.76,110.95,110.96
2018-08-31,110.99,111.15,110.68,111.02
2018-09-03,111.09,111.2,110.85,111.07
2018-09-04,111.06,111.55,110.9,111.44
2018-09-05,111.46,111.77,111.38,111.52
2018-09-06,111.53,111.54,110.52,110.74
2018-09-07,110.76,111.26,110.38,111.05
2018-09-10,110.97,111.26,110.85,111.11
2018-09-11,111.13,111.65,111.06,111.62
2018-09-12,111.64,111.65,111.12,111.25
2018-09-13,111.27,112.01,111.16,111.92
2018-09-14,111.93,112.18,111.75,112.04
2018-09-17,111.96,112.13,111.76,111.83
2018-09-18,111.86,112.4,111.66,112.35
2018-09-19,112.36,112.46,112.16,112.27
2018-09-20,112.29,112.6,112.03,112.48
2018-09-21,112.49,112.88,112.42,112.56
2018-09-24,112.57,112.84,112.27,112.79
2018-09-25,112.81,112.98,112.74,112.97
2018-09-26,112.98,113.15,112.63,112.72
2018-09-27,112.75,113.48,112.55,113.36
2018-09-28,113.38,113.72,113.31,113.68
2018-10-01,113.7,114.07,113.66,113.91
2018-10-02,113.92,114.03,113.52,113.66
2018-10-03,113.66,114.56,113.52,114.53
2018-10-04,114.54,114.56,113.63,113.9
2018-10-05,113.89,114.11,113.55,113.7
2018-10-08,113.71,113.96,112.82,113.23
2018-10-09,113.22,113.4,112.87,112.94
2018-10-10,112.96,113.29,112.25,112.27
2018-10-11,112.28,112.55,111.84,112.16
2018-10-12,112.17,112.51,111.88,112.19
2018-10-15,112.1,112.27,111.62,111.76
2018-10-16,111.78,112.34,111.73,112.25
2018-10-17,112.26,112.69,112.0,112.64
2018-10-18,112.65,112.74,111.96,112.18
2018-10-19,112.21,112.66,112.13,112.54
2018-10-22,112.49,112.9,112.35,112.8
2018-10-23,112.83,112.86,111.95,112.43
2018-10-24,112.43,112.76,112.09,112.25
2018-10-25,112.25,112.68,111.82,112.4
2018-10-26,112.39,112.46,111.38,111.89
2018-10-29,111.92,112.57,111.78,112.36
2018-10-30,112.38,113.1,112.29,113.08
2018-10-31,113.14,113.4,112.8,112.93
2018-11-01,112.95,113.01,112.6,112.7
2018-11-02,112.71,113.33,112.56,113.18
2018-11-05,113.18,113.34,113.07,113.18
2018-11-06,113.2,113.51,113.1,113.42
2018-11-07,113.43,113.83,112.94,113.51
2018-11-08,113.52,114.1,113.48,114.06
2018-11-09,114.07,114.09,113.64,113.82
2018-11-12,113.83,114.21,113.66,113.83
2018-11-13,113.84,114.16,113.58,113.8
2018-11-14,113.81,114.02,113.3,113.61
2018-11-15,113.63,113.71,113.1,113.62
2018-11-16,113.64,113.66,112.64,112.82
2018-11-19,112.84,112.88,112.42,112.54
2018-11-20,112.56,112.85,112.3,112.75
2018-11-21,112.77,113.16,112.63,113.05
2018-11-22,113.05,113.14,112.87,112.93
2018-11-23,112.95,113.02,112.65,112.94
2018-11-26,112.95,113.66,112.87,113.59
2018-11-27,113.59,113.85,113.41,113.77
2018-11-28,113.79,114.04,113.45,113.68
2018-11-29,113.69,113.69,113.19,113.47
2018-11-30,113.49,113.71,113.33,113.46
2018-12-03,113.48,113.87,113.37,113.65
2018-12-04,113.66,113.68,112.57,112.77
2018-12-05,112.77,113.26,112.65,113.19
2018-12-06,113.2,113.22,112.23,112.66
2018-12-07,112.67,112.94,112.55,112.72
2018-12-10,112.71,113.38,112.24,113.33
2018-12-11,113.34,113.48,113.0,113.37
2018-12-12,113.39,113.53,113.14,113.27
2018-12-13,113.29,113.72,113.2,113.62
2018-12-14,113.64,113.7,113.21,113.37
2018-12-17,113.32,113.53,112.68,112.82
2018-12-18,112.84,112.87,112.25,112.51
2018-12-19,112.53,112.67,112.09,112.47
2018-12-20,112.48,112.62,110.81,111.28
2018-12-21,111.29,111.47,110.93,111.21
2018-12-24,110.95,111.2,110.26,110.43
2018-12-25,110.45,110.47,110.0,110.27
2018-12-26,110.31,111.42,110.14,111.35
2018-12-27,111.37,111.4,110.45,110.99
2018-12-28,110.98,111.06,110.14,110.26
2018-12-31,110.44,110.48,109.55,109.56
2019-01-01,109.58,109.8,109.58,109.71
2019-01-02,109.67,109.73,108.71,108.87
2019-01-03,108.89,108.93,104.98,107.65
2019-01-04,107.68,108.6,107.51,108.52
2019-01-07,108.55,108.76,108.03,108.7
2019-01-08,108.73,109.09,108.44,108.73
2019-01-09,108.74,109.01,107.97,108.16
2019-01-10,108.17,108.52,107.77,108.42
2019-01-11,108.44,108.6,108.14,108.54
2019-01-14,108.47,108.57,107.98,108.16
2019-01-15,108.17,108.78,108.14,108.66
2019-01-16,108.68,109.21,108.37,109.08
2019-01-17,109.1,109.41,108.68,109.23
2019-01-18,109.27,109.9,109.05,109.76
2019-01-21,109.75,109.78,109.47,109.66
2019-01-22,109.66,109.71,109.14,109.36
2019-01-23,109.38,110.01,109.32,109.59
2019-01-24,109.59,109.81,109.42,109.63
2019-01-25,109.65,109.96,109.46,109.53
2019-01-28,109.52,109.6,109.16,109.34
2019-01-29,109.35,109.55,109.13,109.38
2019-01-30,109.4,109.75,108.81,109.02
2019-01-31,109.05,109.09,108.5,108.87
2019-02-01,108.88,109.59,108.72,109.48
2019-02-04,109.51,110.17,109.43,109.88
2019-02-05,109.9,110.05,109.78,109.96
2019-02-06,109.97,110.06,109.56,109.96
2019-02-07,109.98,110.1,109.6,109.8
2019-02-08,109.82,109.91,109.65,109.72
2019-02-11,109.83,110.48,109.69,110.36
2019-02-12,110.38,110.66,110.34,110.48
2019-02-13,110.49,111.07,110.43,110.99
2019-02-14,111.01,111.14,110.46,110.47
2019-02-15,110.49,110.66,110.25,110.48
2019-02-18,110.44,110.67,110.39,110.6
2019-02-19,110.62,110.83,110.45,110.61
2019-02-20,110.64,110.96,110.53,110.85
2019-02-21,110.86,110.89,110.57,110.69
2019-02-22,110.7,110.92,110.56,110.68
2019-02-25,110.68,111.25,110.58,111.06
2019-02-26,111.07,111.1,110.42,110.57
2019-02-27,110.59,111.09,110.35,110.98
2019-02-28,111.0,111.51,110.65,111.37
2019-03-01,111.4,112.09,111.32,111.9
2019-03-04,111.77,112.02,111.64,111.74
2019-03-05,111.74,112.14,111.72,111.89
2019-03-06,111.89,111.93,111.61,111.75
2019-03-07,111.77,111.87,111.48,111.58
2019-03-08,111.58,111.66,110.79,111.15
2019-03-11,111.13,111.31,110.87,111.19
2019-03-12,111.21,111.48,111.1,111.35
2019-03-13,111.36,111.48,111.0,111.15
2019-03-14,111.16,111.85,111.14,111.7
2019-03-15,111.71,111.91,111.38,111.45
2019-03-18,111.47,111.64,111.29,111.42
2019-03-19,111.43,111.49,111.15,111.37
2019-03-20,111.4,111.7,110.53,110.68
2019-03-21,110.72,110.97,110.29,110.8
2019-03-22,110.82,110.91,109.74,109.91
2019-03-25,109.86,110.25,109.71,109.95
2019-03-26,109.98,110.7,109.94,110.62
2019-03-27,110.64,110.72,110.23,110.51
2019-03-28,110.52,110.84,110.02,110.62
2019-03-29,110.63,110.96,110.54,110.84
2019-04-01,110.81,111.45,110.81,111.34
2019-04-02,111.35,111.47,111.25,111.31
2019-04-03,111.33,111.59,111.2,111.47
2019-04-04,111.49,111.69,111.33,111.65
2019-04-05,111.66,111.83,111.59,111.73
2019-04-08,111.72,111.8,111.28,111.47
2019-04-09,111.48,111.59,110.98,111.12
2019-04-10,111.14,111.29,110.84,111.0
2019-04-11,111.02,111.71,110.9,111.65
2019-04-12,111.67,112.11,111.58,112.02
2019-04-15,112.01,112.11,111.88,112.03
2019-04-16,112.04,112.07,111.85,111.99
2019-04-17,112.02,112.18,111.92,112.05
2019-04-18,112.06,112.09,111.77,111.96
2019-04-19,111.98,112.02,111.89,111.91
2019-04-22,111.93,112.0,111.85,111.93
2019-04-23,111.95,112.05,111.65,111.86
2019-04-24,111.87,112.41,111.68,112.17
2019-04-25,112.19,112.25,111.39,111.62
2019-04-26,111.64,112.03,111.43,111.58
2019-04-29,111.6,111.91,111.53,111.63
2019-04-30,111.66,111.71,111.23,111.41
2019-05-01,111.44,111.63,111.05,111.37
2019-05-02,111.39,111.68,111.35,111.5
2019-05-03,111.52,111.7,111.06,111.09
2019-05-06,110.62,110.99,110.28,110.76
2019-05-07,110.77,110.87,110.17,110.24
2019-05-08,110.26,110.32,109.9,110.1
2019-05-09,110.1,110.14,109.47,109.75
2019-05-10,109.76,110.06,109.47,109.94
2019-05-13,109.77,109.86,109.02,109.3
2019-05-14,109.3,109.79,109.14,109.59
2019-05-15,109.62,109.72,109.15,109.58
2019-05-16,109.61,109.98,109.33,109.84
2019-05-17,109.86,110.19,109.5,110.07
2019-05-20,110.13,110.33,109.81,110.05
2019-05-21,110.07,110.69,110.02,110.49
2019-05-22,110.49,110.64,110.24,110.34
2019-05-23,110.36,110.38,109.46,109.59
2019-05-24,109.61,109.75,109.27,109.29
2019-05-27,109.32,109.6,109.28,109.5
2019-05-28,109.51,109.64,109.21,109.36
2019-05-29,109.38,109.71,109.15,109.58
2019-05-30,109.6,109.94,109.48,109.6
2019-05-31,109.63,109.64,108.27,108.26
2019-06-03,108.38,108.46,107.88,108.06
2019-06-04,108.07,108.37,107.84,108.14
2019-06-05,108.15,108.5,107.81,108.45
2019-06-06,108.47,108.58,108.02,108.4
2019-06-07,108.42,108.62,107.88,108.18
2019-06-10,108.56,108.73,108.33,108.43
2019-06-11,108.45,108.81,108.35,108.5
2019-06-12,108.52,108.59,108.21,108.49
2019-06-13,108.51,108.54,108.16,108.37
2019-06-14,108.38,108.59,108.16,108.55
2019-06-17,108.44,108.74,108.42,108.55
2019-06-18,108.55,108.68,108.06,108.44
2019-06-19,108.46,108.62,107.9,108.09
2019-06-20,108.1,108.15,107.22,107.29
2019-06-21,107.32,107.75,107.05,107.3
2019-06-24,107.4,107.54,107.25,107.28
2019-06-25,107.3,107.42,106.78,107.17
2019-06-26,107.2,107.86,107.1,107.77
2019-06-27,107.8,108.17,107.65,107.78
2019-06-28,107.8,107.95,107.56,107.88
2019-07-01,108.11,108.55,108.1,108.43
2019-07-02,108.44,108.48,107.76,107.88
2019-07-03,107.9,107.93,107.53,107.82
2019-07-04,107.8,107.85,107.71,107.79
2019-07-05,107.81,108.64,107.78,108.45
2019-07-08,108.45,108.81,108.28,108.71
2019-07-09,108.73,108.98,108.68,108.84
2019-07-10,108.86,109.0,108.35,108.46
2019-07-11,108.47,108.54,107.86,108.48
2019-07-12,108.49,108.61,107.8,107.89
2019-07-15,107.88,108.12,107.8,107.9
2019-07-16,107.92,108.38,107.82,108.22
2019-07-17,108.25,108.34,107.94,107.94
2019-07-18,107.95,108.03,107.21,107.29
2019-07-19,107.3,107.98,107.22,107.7
2019-07-22,107.79,108.08,107.7,107.86
2019-07-23,107.85,108.29,107.83,108.21
2019-07-24,108.22,108.28,107.94,108.17
2019-07-25,108.19,108.76,108.04,108.62
2019-07-26,108.64,108.84,108.56,108.66
2019-07-29,108.7,108.91,108.42,108.77
2019-07-30,108.79,108.95,108.45,108.59
2019-07-31,108.62,109.01,108.49,108.74
2019-08-01,108.8,109.32,107.26,107.33
2019-08-02,107.35,107.57,106.51,106.58
2019-08-05,106.59,106.69,105.79,105.94
2019-08-06,105.95,107.09,105.52,106.47
2019-08-07,106.49,106.49,105.5,106.26
2019-08-08,106.28,106.31,105.9,106.06
2019-08-09,106.08,106.12,105.26,105.66
2019-08-12,105.57,105.71,105.05,105.29
2019-08-13,105.31,106.98,105.07,106.73
2019-08-14,106.75,106.78,105.66,105.89
2019-08-15,105.92,106.79,105.7,106.11
2019-08-16,106.13,106.5,106.03,106.36
2019-08-19,106.34,106.71,106.24,106.62
2019-08-20,106.64,106.7,106.18,106.22
2019-08-21,106.23,106.65,106.22,106.61
2019-08-22,106.62,106.66,106.25,106.42
2019-08-23,106.44,106.75,105.26,105.39
2019-08-26,105.14,106.41,104.46,106.12
2019-08-27,106.16,106.18,105.59,105.72
2019-08-28,105.75,106.23,105.65,106.11
2019-08-29,106.13,106.69,105.83,106.5
2019-08-30,106.51,106.55,106.11,106.29
2019-09-02,106.25,106.42,105.93,106.21
2019-09-03,106.22,106.39,105.74,105.92
2019-09-04,105.94,106.45,105.83,106.38
2019-09-05,106.37,107.23,106.32,106.92
2019-09-06,106.96,107.11,106.63,106.9
2019-09-09,106.82,107.28,106.77,107.23
2019-09-10,107.25,107.59,107.18,107.53
2019-09-11,107.55,107.87,107.5,107.81
2019-09-12,107.84,108.19,107.52,108.09
2019-09-13,108.1,108.27,107.92,108.07
2019-09-16,107.66,108.17,107.48,108.12
2019-09-17,108.12,108.38,108.02,108.12
2019-09-18,108.13,108.48,108.08,108.44
2019-09-19,108.46,108.48,107.79,108.0
2019-09-20,108.02,108.09,107.53,107.55
2019-09-23,107.53,107.78,107.31,107.54
2019-09-24,107.55,107.8,106.96,107.05
2019-09-25,107.07,107.89,107.0,107.76
2019-09-26,107.78,107.97,107.43,107.82
2019-09-27,107.83,108.19,107.66,107.92
2019-09-30,107.92,108.19,107.74,108.06
2019-10-01,108.08,108.47,107.63,107.74
2019-10-02,107.74,107.9,107.05,107.17
2019-10-03,107.18,107.31,106.48,106.9
2019-10-04,106.92,107.14,106.59,106.93
2019-10-07,106.98,107.47,106.57,107.28
2019-10-08,107.3,107.45,106.81,107.07
2019-10-09,107.09,107.63,106.93,107.46
2019-10-10,107.48,108.02,107.03,107.96
2019-10-11,107.99,108.62,107.85,108.4
2019-10-14,108.35,108.53,108.04,108.38
2019-10-15,108.43,108.9,108.15,108.84
2019-10-16,108.86,108.88,108.57,108.75
2019-10-17,108.77,108.95,108.47,108.65
2019-10-18,108.67,108.74,108.39,108.42
2019-10-21,108.48,108.67,108.3,108.59
2019-10-22,108.62,108.74,108.44,108.47
2019-10-23,108.49,108.71,108.25,108.68
2019-10-24,108.69,108.76,108.5,108.61
2019-10-25,108.63,108.78,108.51,108.64
2019-10-28,108.67,109.05,108.66,108.94
2019-10-29,108.96,109.08,108.77,108.87
2019-10-30,108.89,109.3,108.72,108.83
2019-10-31,108.84,108.91,107.93,108.02
2019-11-01,108.07,108.33,107.89,108.17
2019-11-04,108.19,108.66,108.18,108.56
2019-11-05,108.57,109.25,108.56,109.15
2019-11-06,109.16,109.2,108.82,108.96
2019-11-07,108.98,109.49,108.65,109.27
2019-11-08,109.29,109.49,109.08,109.27
2019-11-11,109.2,109.26,108.9,109.04
2019-11-12,109.07,109.3,108.93,109.0
2019-11-13,109.0,109.16,108.65,108.81
2019-11-14,108.84,108.87,108.24,108.39
2019-11-15,108.41,108.86,108.37,108.73
2019-11-18,108.83,109.08,108.51,108.66
2019-11-19,108.68,108.86,108.45,108.53
2019-11-20,108.54,108.75,108.35,108.6
2019-11-21,108.61,108.71,108.28,108.63
2019-11-22,108.64,108.74,108.47,108.64
2019-11-25,108.71,108.98,108.64,108.9
2019-11-26,108.93,109.21,108.87,109.03
2019-11-27,109.04,109.61,109.01,109.55
2019-11-28,109.55,109.58,109.33,109.5
2019-11-29,109.52,109.68,109.4,109.51
2019-12-02,109.54,109.74,108.93,108.98
2019-12-03,108.97,109.21,108.48,108.62
2019-12-04,108.64,108.97,108.43,108.85
2019-12-05,108.87,109.01,108.65,108.75
2019-12-06,108.76,108.92,108.52,108.59
2019-12-09,108.69,108.69,108.43,108.55
2019-12-10,108.56,108.77,108.52,108.7
2019-12-11,108.73,108.86,108.47,108.54
2019-12-12,108.56,109.45,108.46,109.29
2019-12-13,109.31,109.71,108.92,109.36
2019-12-16,109.38,109.68,109.25,109.49
2019-12-17,109.54,109.65,109.44,109.47
2019-12-18,109.51,109.64,109.4,109.53
2019-12-19,109.55,109.69,109.18,109.37
2019-12-20,109.37,109.53,109.26,109.44
2019-12-23,109.41,109.55,109.34,109.39
2019-12-24,109.4,109.45,109.33,109.39
2019-12-25,109.4,109.44,109.28,109.35
2019-12-26,109.35,109.69,109.32,109.63
2019-12-27,109.6,109.64,109.39,109.41
2019-12-30,109.48,109.51,108.75,108.86
2019-12-31,108.88,108.89,108.47,108.61
2020-01-01,108.63,108.76,108.61,108.7
2020-01-02,108.76,108.87,108.21,108.57
2020-01-03,108.57,108.64,107.83,108.08
2020-01-06,108.01,108.51,107.77,108.36
2020-01-07,108.37,108.64,108.26,108.42
2020-01-08,108.42,109.25,107.65,109.12
2020-01-09,109.12,109.59,109.01,109.51
2020-01-10,109.52,109.7,109.43,109.46
2020-01-13,109.49,109.95,109.45,109.93
2020-01-14,109.94,110.22,109.86,109.97
2020-01-15,109.99,110.02,109.79,109.88
2020-01-16,109.9,110.19,109.85,110.14
2020-01-17,110.14,110.29,110.05,110.14
2020-01-20,110.16,110.23,110.04,110.18
2020-01-21,110.19,110.23,109.76,109.86
2020-01-22,109.87,110.1,109.82,109.83
2020-01-23,109.84,109.87,109.27,109.48
2020-01-24,109.5,109.66,109.17,109.27
2020-01-27,109.05,109.15,108.73,108.89
2020-01-28,108.9,109.21,108.76,109.13
2020-01-29,109.15,109.27,108.98,108.99
2020-01-30,109.02,109.07,108.59,108.95
2020-01-31,108.97,109.14,108.32,108.38
2020-02-03,108.41,108.81,108.32,108.67
2020-02-04,108.69,109.55,108.55,109.51
2020-02-05,109.53,109.86,109.3,109.8
2020-02-06,109.83,110.01,109.72,109.99
2020-02-07,110.0,110.03,109.53,109.72
2020-02-10,109.85,109.88,109.56,109.74
2020-02-11,109.78,109.97,109.73,109.77
2020-02-12,109.79,110.15,109.77,110.08
2020-02-13,110.11,110.11,109.62,109.81
2020-02-14,109.82,109.91,109.7,109.74
2020-02-17,109.78,109.98,109.72,109.88
2020-02-18,109.88,109.95,109.66,109.86
2020-02-19,109.87,111.6,109.85,111.35
2020-02-20,111.37,112.23,111.11,112.11
2020-02-21,112.12,112.19,111.48,111.57
2020-02-24,111.6,111.69,110.33,110.71
2020-02-25,110.73,111.05,109.89,110.18
2020-02-26,110.21,110.71,110.13,110.42
2020-02-27,110.43,110.47,109.57,109.58
2020-02-28,109.6,109.69,107.51,108.07
2020-03-02,107.4,108.58,106.99,108.3
2020-03-03,108.32,108.55,106.94,107.12
2020-03-04,107.13,107.69,106.85,107.52
2020-03-05,107.54,107.75,105.98,106.16
2020-03-06,106.17,106.36,104.99,105.3
2020-03-09,104.91,104.93,101.19,102.34
2020-03-10,102.38,105.93,102.01,105.63
2020-03-11,105.66,105.69,104.1,104.53
2020-03-12,104.57,106.1,103.1,104.63
2020-03-13,104.64,108.51,104.5,107.91
2020-03-16,107.94,107.94,105.15,105.85
2020-03-17,105.87,107.87,105.87,107.67
2020-03-18,107.69,108.67,106.76,108.06
2020-03-19,108.07,110.97,107.85,110.69
2020-03-20,110.72,111.52,109.31,110.8
2020-03-23,111.04,111.61,109.67,111.2
2020-03-24,111.22,111.73,110.08,111.21
2020-03-25,111.22,111.7,110.75,111.19
2020-03-26,111.21,111.32,109.21,109.58
2020-03-27,109.6,109.72,107.76,107.89
2020-03-30,107.9,108.31,107.12,107.81
2020-03-31,107.77,108.74,107.46,107.53
2020-04-01,107.55,107.95,106.91,107.15
2020-04-02,107.17,108.11,107.02,107.9
2020-04-03,107.92,108.69,107.8,108.45
2020-04-06,108.44,109.39,108.35,109.2
2020-04-07,109.24,109.29,108.67,108.7
2020-04-08,108.72,109.11,108.5,108.81
2020-04-09,108.83,109.07,108.21,108.46
2020-04-10,108.54,108.61,108.33,108.46
2020-04-13,108.54,108.54,107.5,107.76
2020-04-14,107.78,107.81,106.98,107.2
2020-04-15,107.22,107.87,106.93,107.47
2020-04-16,107.49,108.1,107.17,107.94
2020-04-17,107.96,108.09,107.3,107.51
2020-04-20,107.57,107.96,107.49,107.61
2020-04-21,107.63,107.9,107.28,107.76
2020-04-22,107.82,107.95,107.51,107.72
2020-04-23,107.76,108.05,107.34,107.58
2020-04-24,107.59,107.77,107.37,107.5
2020-04-27,107.49,107.64,106.99,107.22
2020-04-28,107.23,107.35,106.56,106.86
2020-04-29,106.88,106.9,106.36,106.7
2020-04-30,106.72,107.51,106.41,107.17
2020-05-01,107.19,107.41,106.6,106.93
2020-05-04,106.83,107.08,106.63,106.73
2020-05-05,106.78,106.91,106.42,106.58
2020-05-06,106.61,106.64,105.98,106.14
2020-05-07,106.11,106.67,105.99,106.27
2020-05-08,106.29,106.76,106.22,106.65
2020-05-11,106.64,107.78,106.54,107.66
2020-05-12,107.69,107.71,107.12,107.13
2020-05-13,107.11,107.28,106.74,107.02
2020-05-14,107.04,107.38,106.77,107.24
2020-05-15,107.26,107.45,106.85,107.02
2020-05-18,107.09,107.52,107.04,107.33
2020-05-19,107.33,108.09,107.3,107.68
2020-05-20,107.71,107.99,107.33,107.51
2020-05-21,107.5,107.86,107.48,107.61
2020-05-22,107.61,107.77,107.32,107.61
2020-05-25,107.59,107.79,107.56,107.69
2020-05-26,107.71,107.94,107.4,107.52
2020-05-27,107.54,107.96,107.36,107.71
2020-05-28,107.73,107.91,107.57,107.63
2020-05-29,107.67,107.91,107.08,107.77
2020-06-01,107.74,107.87,107.38,107.58
2020-06-02,107.59,108.78,107.51,108.66
2020-06-03,108.68,109.0,108.42,108.89
2020-06-04,108.89,109.2,108.62,109.13
2020-06-05,109.14,109.86,109.04,109.58
2020-06-08,109.69,109.7,108.24,108.42
2020-06-09,108.44,108.55,107.62,107.72
2020-06-10,107.73,107.89,106.99,107.09
2020-06-11,107.13,107.24,106.58,106.85
2020-06-12,106.88,107.56,106.59,107.34
2020-06-15,107.34,107.58,107.0,107.31
2020-06-16,107.34,107.64,107.21,107.32
2020-06-17,107.35,107.46,106.95,107.0
2020-06-18,107.01,107.14,106.67,106.96
2020-06-19,106.98,107.07,106.77,106.87
2020-06-22,106.91,107.02,106.76,106.87
2020-06-23,106.91,107.23,106.07,106.51
2020-06-24,106.52,107.08,106.38,107.02
2020-06-25,107.06,107.47,106.99,107.19
2020-06-26,107.24,107.37,106.8,107.21
2020-06-29,107.2,107.9,107.04,107.56
2020-06-30,107.57,108.0,107.52,107.92
2020-07-01,107.94,108.17,107.36,107.46
2020-07-02,107.47,107.74,107.33,107.48
2020-07-03,107.5,107.58,107.43,107.5
2020-07-06,107.51,107.78,107.26,107.35
2020-07-07,107.35,107.8,107.24,107.51
2020-07-08,107.52,107.72,107.2,107.25
2020-07-09,107.31,107.41,107.1,107.19
2020-07-10,107.21,107.27,106.64,106.89
2020-07-13,106.91,107.33,106.78,107.26
2020-07-14,107.29,107.44,107.12,107.23
2020-07-15,107.23,107.32,106.66,106.92
2020-07-16,106.94,107.41,106.83,107.26
2020-07-17,107.27,107.37,106.94,106.99
2020-07-20,107.11,107.53,107.01,107.24
2020-07-21,107.27,107.38,106.68,106.76
2020-07-22,106.78,107.3,106.71,107.14
2020-07-23,107.16,107.24,106.71,106.85
2020-07-24,106.87,106.92,105.68,106.12
2020-07-27,105.98,106.21,105.12,105.37
2020-07-28,105.37,105.7,104.95,105.08
2020-07-29,105.06,105.25,104.77,104.91
2020-07-30,104.92,105.31,104.68,104.72
2020-07-31,104.71,106.07,104.18,105.88
2020-08-03,105.89,106.48,105.58,105.94
2020-08-04,105.96,106.21,105.64,105.7
2020-08-05,105.72,105.89,105.32,105.57
2020-08-06,105.58,105.71,105.3,105.54
2020-08-07,105.52,106.07,105.48,105.91
2020-08-10,105.96,106.21,105.71,105.95
2020-08-11,105.96,106.7,105.92,106.48
2020-08-12,106.52,107.03,106.44,106.89
2020-08-13,106.89,107.06,106.56,106.92
2020-08-14,106.91,107.05,106.44,106.59
2020-08-17,106.63,106.67,105.94,105.99
2020-08-18,106.01,106.08,105.28,105.42
2020-08-19,105.41,106.16,105.1,106.1
2020-08-20,106.12,106.23,105.74,105.79
2020-08-21,105.79,106.09,105.44,105.78
2020-08-24,105.87,106.01,105.69,105.97
2020-08-25,105.98,106.59,105.87,106.36
2020-08-26,106.4,106.56,105.95,105.98
2020-08-27,105.99,106.72,105.61,106.55
2020-08-28,106.57,106.96,105.2,105.34
2020-08-31,105.36,106.1,105.3,105.89
2020-09-01,105.93,106.16,105.59,105.95
2020-09-02,105.97,106.32,105.85,106.18
2020-09-03,106.19,106.57,106.0,106.17
2020-09-04,106.19,106.51,106.06,106.23
2020-09-07,106.28,106.39,106.13,106.25
2020-09-08,106.3,106.4,105.86,106.01
2020-09-09,106.04,106.29,105.78,106.17
2020-09-10,106.21,106.31,105.98,106.13
2020-09-11,106.13,106.28,106.06,106.14
2020-09-14,106.17,106.22,105.55,105.72
2020-09-15,105.73,105.83,105.3,105.43
2020-09-16,105.44,105.45,104.8,104.94
2020-09-17,104.95,105.18,104.52,104.73
2020-09-18,104.75,104.88,104.27,104.55
2020-09-21,104.45,104.84,104.0,104.64
2020-09-22,104.65,105.09,104.4,104.91
2020-09-23,104.93,105.5,104.9,105.37
2020-09-24,105.41,105.54,105.2,105.4
2020-09-25,105.42,105.71,105.24,105.6
2020-09-28,105.52,105.7,105.26,105.49
2020-09-29,105.51,105.75,105.34,105.64
2020-09-30,105.64,105.81,105.4,105.45
2020-10-01,105.47,105.76,105.4,105.5
2020-10-02,105.53,105.68,104.94,105.33
2020-10-05,105.3,105.81,105.29,105.72
2020-10-06,105.74,105.79,105.47,105.62
2020-10-07,105.64,106.12,105.6,105.96
2020-10-08,105.97,106.11,105.92,106.01
2020-10-09,106.03,106.05,105.58,105.59
2020-10-12,105.71,105.89,105.24,105.3
2020-10-13,105.34,105.64,105.28,105.47
2020-10-14,105.48,105.53,105.04,105.15
2020-10-15,105.14,105.51,105.09,105.44
2020-10-16,105.46,105.46,105.19,105.4
2020-10-19,105.4,105.52,105.3,105.42
2020-10-20,105.44,105.76,105.39,105.49
2020-10-21,105.5,105.53,104.34,104.56
2020-10-22,104.59,104.93,104.47,104.82
2020-10-23,104.85,104.95,104.55,104.69
2020-10-26,104.75,105.07,104.65,104.82
2020-10-27,104.84,104.9,104.39,104.4
2020-10-28,104.42,104.57,104.11,104.29
2020-10-29,104.36,104.74,104.03,104.61
2020-10-30,104.64,104.75,104.12,104.64
2020-11-02,104.58,104.96,104.54,104.71
2020-11-03,104.73,104.82,104.44,104.46
2020-11-04,104.48,105.35,104.15,104.48
2020-11-05,104.52,104.57,103.44,103.47
2020-11-06,103.52,103.77,103.17,103.33
2020-11-09,103.35,105.66,103.2,105.36
2020-11-10,105.38,105.5,104.8,105.28
2020-11-11,105.31,105.69,105.0,105.42
2020-11-12,105.43,105.49,105.07,105.12
2020-11-13,105.14,105.17,104.56,104.62
2020-11-16,104.89,105.14,104.36,104.56
2020-11-17,104.58,104.63,104.07,104.17
2020-11-18,104.22,104.23,103.65,103.83
2020-11-19,103.82,104.23,103.72,103.72
2020-11-20,103.74,103.92,103.7,103.85
2020-11-23,103.85,104.65,103.68,104.54
2020-11-24,104.56,104.77,104.15,104.43
2020-11-25,104.44,104.61,104.26,104.45
2020-11-26,104.46,104.49,104.21,104.25
2020-11-27,104.27,104.3,103.91,104.1
2020-11-30,104.07,104.42,103.83,104.27
2020-12-01,104.32,104.59,104.18,104.3
2020-12-02,104.33,104.76,104.22,104.4
2020-12-03,104.4,104.55,103.67,103.83
2020-12-04,103.85,104.26,103.74,104.14
2020-12-07,104.14,104.33,103.92,104.06
2020-12-08,104.06,104.22,103.95,104.15
2020-12-09,104.17,104.42,104.05,104.21
2020-12-10,104.24,104.59,104.17,104.2
2020-12-11,104.22,104.29,103.82,104.01
2020-12-14,104.01,104.12,103.51,104.03
2020-12-15,104.04,104.16,103.6,103.66
2020-12-16,103.67,103.92,103.26,103.48
2020-12-17,103.5,103.57,102.88,103.1
2020-12-18,103.13,103.6,103.1,103.31
2020-12-21,103.39,103.89,103.25,103.3
2020-12-22,103.33,103.75,103.28,103.63
2020-12-23,103.65,103.66,103.36,103.55
2020-12-24,103.58,103.77,103.5,103.63
2020-12-25,103.65,103.69,103.39,103.48
2020-12-28,103.54,103.9,103.4,103.78
2020-12-29,103.8,103.85,103.46,103.56
2020-12-30,103.59,103.61,102.96,103.17
2020-12-31,103.19,103.33,102.99,103.24
2021-01-01,103.26,103.26,103.21,103.2
2021-01-04,103.18,103.32,102.71,103.1
2021-01-05,103.13,103.2,102.6,102.72
2021-01-06,102.75,103.45,102.59,103.04
2021-01-07,103.04,103.97,102.95,103.8
2021-01-08,103.79,104.1,103.61,103.93
2021-01-11,103.9,104.41,103.84,104.24
2021-01-12,104.28,104.35,103.72,103.75
2021-01-13,103.75,104.01,103.53,103.85
2021-01-14,103.9,104.21,103.56,103.79
2021-01-15,103.81,103.92,103.62,103.87
2021-01-18,103.77,103.94,103.63,103.69
2021-01-19,103.69,104.1,103.65,103.89
2021-01-20,103.91,103.95,103.44,103.52
2021-01-21,103.54,103.67,103.32,103.48
2021-01-22,103.51,103.9,103.48,103.77
2021-01-25,103.8,103.95,103.67,103.73
2021-01-26,103.74,103.84,103.55,103.6
2021-01-27,103.62,104.21,103.58,104.09
2021-01-28,104.11,104.47,104.06,104.21
2021-01-29,104.24,104.95,104.22,104.68
2021-02-01,104.68,105.04,104.61,104.91
2021-02-02,104.93,105.19,104.83,104.97
2021-02-03,104.98,105.12,104.92,105.01
2021-02-04,105.02,105.58,104.97,105.54
2021-02-05,105.53,105.78,105.33,105.36
2021-02-08,105.39,105.68,105.15,105.22
2021-02-09,105.23,105.28,104.5,104.57
2021-02-10,104.6,104.85,104.41,104.57
2021-02-11,104.59,104.81,104.55,104.72
2021-02-12,104.76,105.19,104.73,104.93
2021-02-15,105.0,105.43,104.93,105.36
2021-02-16,105.39,106.08,105.18,106.04
2021-02-17,106.04,106.23,105.78,105.85
2021-02-18,105.88,105.94,105.6,105.66
2021-02-19,105.7,105.76,105.24,105.43
2021-02-22,105.42,105.85,104.98,105.06
2021-02-23,105.08,105.44,104.92,105.24
2021-02-24,105.26,106.12,105.19,105.86
2021-02-25,105.89,106.41,105.83,106.21
2021-02-26,106.23,106.7,105.85,106.58
2021-03-01,106.57,106.89,106.36,106.75
2021-03-02,106.77,106.97,106.67,106.67
2021-03-03,106.69,107.16,106.68,106.99
2021-03-04,107.0,107.99,106.97,107.97
2021-03-05,107.98,108.65,107.82,108.34
2021-03-08,108.41,108.95,108.31,108.86
2021-03-09,108.9,109.25,108.41,108.46
2021-03-10,108.48,108.93,108.34,108.38
2021-03-11,108.38,108.82,108.36,108.49
2021-03-12,108.51,109.17,108.49,109.0
2021-03-15,109.07,109.37,108.91,109.12
2021-03-16,109.13,109.3,108.77,108.98
2021-03-17,109.0,109.33,108.75,108.83
2021-03-18,108.85,109.31,108.63,108.88
2021-03-19,108.89,109.13,108.61,108.87
2021-03-22,108.87,108.96,108.52,108.83
2021-03-23,108.85,108.89,108.4,108.56
2021-03-24,108.59,108.96,108.45,108.72
2021-03-25,108.74,109.24,108.72,109.17
2021-03-26,109.19,109.86,109.13,109.64
2021-03-29,109.66,109.86,109.37,109.78
2021-03-30,109.8,110.43,109.75,110.34
2021-03-31,110.36,110.97,110.27,110.7
2021-04-01,110.75,110.86,110.54,110.6
2021-04-02,110.63,110.76,110.37,110.71
2021-04-05,110.63,110.76,109.96,110.17
2021-04-06,110.17,110.57,109.67,109.74
2021-04-07,109.75,109.96,109.58,109.84
2021-04-08,109.86,109.91,109.0,109.24
2021-04-09,109.25,109.96,109.2,109.65
2021-04-12,109.68,109.78,109.24,109.37
2021-04-13,109.38,109.77,109.02,109.05
2021-04-14,109.07,109.1,108.75,108.91
2021-04-15,108.92,108.99,108.61,108.74
2021-04-16,108.78,108.97,108.61,108.77
2021-04-19,108.78,108.84,108.01,108.15
2021-04-20,108.16,108.55,107.97,108.08
2021-04-21,108.1,108.29,107.88,108.05
2021-04-22,108.07,108.24,107.81,107.96
2021-04-23,107.97,108.15,107.48,107.91
2021-04-26,107.99,108.21,107.64,108.08
2021-04-27,108.08,108.78,108.07,108.68
2021-04-28,108.74,109.09,108.57,108.59
2021-04-29,108.6,109.23,108.43,108.91
2021-04-30,108.92,109.38,108.71,109.27
2021-05-03,109.27,109.71,108.9,109.06
2021-05-04,109.08,109.5,109.03,109.33
2021-05-05,109.35,109.48,109.14,109.18
2021-05-06,109.21,109.44,109.0,109.08
2021-05-07,109.1,109.3,108.34,108.6
2021-05-10,108.67,109.07,108.46,108.78
2021-05-11,108.8,108.99,108.35,108.61
2021-05-12,108.62,109.72,108.59,109.65
2021-05-13,109.67,109.79,109.4,109.45
2021-05-14,109.47,109.66,109.2,109.34
2021-05-17,109.28,109.51,109.07,109.19
2021-05-18,109.21,109.29,108.84,108.88
2021-05-19,108.9,109.35,108.57,109.21
2021-05-20,109.24,109.31,108.75,108.75
2021-05-21,108.79,109.01,108.61,108.94
2021-05-24,108.95,109.0,108.69,108.74
2021-05-25,108.74,109.08,108.57,108.76
2021-05-26,108.78,109.18,108.72,109.14
2021-05-27,109.15,109.93,109.03,109.8
2021-05-28,109.82,110.21,109.74,109.81
2021-05-31,109.84,109.95,109.35,109.54
2021-06-01,109.57,109.72,109.33,109.45
2021-06-02,109.48,109.9,109.42,109.54
2021-06-03,109.56,110.33,109.54,110.28
2021-06-04,110.3,110.34,109.36,109.49
2021-06-07,109.52,109.65,109.19,109.24
2021-06-08,109.26,109.56,109.2,109.49
2021-06-09,109.5,109.66,109.22,109.61
2021-06-10,109.63,109.81,109.3,109.31
2021-06-11,109.32,109.85,109.31,109.65
2021-06-14,109.65,110.1,109.6,110.06
2021-06-15,110.07,110.18,109.98,110.07
2021-06-16,110.08,110.73,109.8,110.69
2021-06-17,110.7,110.83,110.17,110.2
2021-06-18,110.22,110.49,109.94,110.19
2021-06-21,110.27,110.35,109.72,110.3
2021-06-22,110.32,110.8,110.21,110.64
2021-06-23,110.65,111.11,110.62,110.94
2021-06-24,110.96,111.12,110.69,110.86
2021-06-25,110.88,110.99,110.48,110.77
2021-06-28,110.75,110.98,110.5,110.62
2021-06-29,110.64,110.77,110.43,110.5
2021-06-30,110.53,111.12,110.42,111.1
2021-07-01,111.11,111.65,111.03,111.5
2021-07-02,111.54,111.67,110.95,111.04
2021-07-05,111.06,111.2,110.8,110.96
2021-07-06,110.97,110.99,110.52,110.6
2021-07-07,110.64,110.83,110.4,110.65
2021-07-08,110.65,110.71,109.53,109.79
2021-07-09,109.81,110.27,109.73,110.14
2021-07-12,110.17,110.41,109.98,110.35
2021-07-13,110.39,110.65,110.2,110.61
2021-07-14,110.64,110.71,109.93,109.99
2021-07-15,109.98,110.1,109.71,109.86
2021-07-16,109.88,110.36,109.73,110.08
2021-07-19,109.92,110.11,109.07,109.44
2021-07-20,109.44,109.96,109.33,109.84
2021-07-21,109.85,110.39,109.8,110.27
2021-07-22,110.33,110.37,110.01,110.14
2021-07-23,110.16,110.6,110.09,110.54
2021-07-26,110.57,110.59,110.12,110.34
2021-07-27,110.36,110.41,109.58,109.76
2021-07-28,109.76,110.29,109.74,109.9
2021-07-29,109.91,109.96,109.42,109.46
2021-07-30,109.49,109.83,109.36,109.7
2021-08-02,109.7,109.79,109.19,109.28
2021-08-03,109.32,109.36,108.88,109.04
2021-08-04,109.07,109.69,108.72,109.47
2021-08-05,109.49,109.8,109.41,109.74
2021-08-06,109.77,110.36,109.7,110.25
2021-08-09,110.27,110.36,110.02,110.28
2021-08-10,110.29,110.6,110.28,110.56
2021-08-11,110.58,110.81,110.31,110.4
2021-08-12,110.42,110.55,110.31,110.38
2021-08-13,110.4,110.47,109.54,109.57
2021-08-16,109.71,109.76,109.11,109.23
2021-08-17,109.23,109.66,109.12,109.57
2021-08-18,109.58,110.07,109.48,109.74
2021-08-19,109.77,110.23,109.49,109.72
2021-08-20,109.75,109.89,109.57,109.8
2021-08-23,109.81,110.16,109.65,109.68
2021-08-24,109.7,109.9,109.41,109.62
2021-08-25,109.64,110.13,109.62,109.99
2021-08-26,110.0,110.24,109.92,110.07
2021-08-27,110.1,110.28,109.78,109.82
2021-08-30,109.86,109.97,109.7,109.92
2021-08-31,109.94,110.09,109.59,110.02
2021-09-01,110.03,110.43,109.88,109.99
2021-09-02,110.01,110.12,109.92,109.92
2021-09-03,109.96,110.08,109.59,109.73
2021-09-06,109.75,109.96,109.7,109.83
2021-09-07,109.86,110.32,109.69,110.27
2021-09-08,110.29,110.46,110.14,110.23
2021-09-09,110.24,110.3,109.62,109.7
2021-09-10,109.72,110.0,109.69,109.93
2021-09-13,109.89,110.17,109.85,109.98
2021-09-14,110.0,110.17,109.53,109.67
2021-09-15,109.68,109.75,109.11,109.36
2021-09-16,109.38,109.84,109.21,109.7
2021-09-17,109.78,110.08,109.67,109.96
2021-09-20,109.98,110.04,109.32,109.39
2021-09-21,109.41,109.72,109.18,109.21
2021-09-22,109.24,109.91,109.12,109.78
2021-09-23,109.79,110.36,109.75,110.3
2021-09-24,110.33,110.8,110.25,110.72
2021-09-27,110.69,111.08,110.53,111.0
2021-09-28,111.01,111.65,110.93,111.5
2021-09-29,111.5,112.05,111.21,111.96
2021-09-30,111.98,112.09,111.24,111.27
2021-10-01,111.28,111.5,110.9,111.05
2021-10-04,111.04,111.32,110.83,110.87
2021-10-05,110.89,111.57,110.87,111.45
2021-10-06,111.48,111.8,111.2,111.41
2021-10-07,111.42,111.66,111.23,111.59
2021-10-08,111.63,112.27,111.51,112.22
2021-10-11,112.18,113.43,112.15,113.3
2021-10-12,113.31,113.8,113.0,113.6
2021-10-13,113.61,113.82,113.23,113.23
2021-10-14,113.28,113.73,113.21,113.66
2021-10-15,113.68,114.48,113.64,114.2
2021-10-18,114.22,114.46,114.01,114.31
2021-10-19,114.33,114.41,113.88,114.36
2021-10-20,114.38,114.71,114.08,114.26
2021-10-21,114.28,114.42,113.65,113.97
2021-10-22,113.98,114.21,113.41,113.46
2021-10-25,113.6,113.93,113.46,113.7
2021-10-26,113.71,114.32,113.68,114.14
2021-10-27,114.16,114.23,113.39,113.81
2021-10-28,113.83,113.88,113.25,113.56
2021-10-29,113.59,114.1,113.39,114.0
2021-11-01,113.98,114.46,113.94,113.98
2021-11-02,114.0,114.15,113.46,113.95
2021-11-03,113.96,114.23,113.72,113.98
2021-11-04,114.01,114.29,113.51,113.75
2021-11-05,113.75,114.04,113.3,113.4
2021-11-08,113.44,113.68,113.08,113.22
2021-11-09,113.23,113.3,112.72,112.85
2021-11-10,112.88,114.03,112.77,113.9
2021-11-11,113.93,114.16,113.81,114.05
2021-11-12,114.07,114.31,113.76,113.85
2021-11-15,113.91,114.23,113.76,114.12
2021-11-16,114.13,114.86,114.1,114.82
2021-11-17,114.83,114.98,113.93,114.07
2021-11-18,114.07,114.49,113.88,114.24
2021-11-19,114.25,114.55,113.58,113.98
2021-11-22,113.97,114.97,113.91,114.86
2021-11-23,114.92,115.19,114.49,115.12
2021-11-24,115.11,115.53,114.82,115.41
2021-11-25,115.42,115.47,115.24,115.35
2021-11-26,115.37,115.39,113.05,113.31
2021-11-29,113.35,113.97,112.99,113.52
2021-11-30,113.53,113.91,112.53,113.13
2021-12-01,113.18,113.64,112.67,112.75
2021-12-02,112.77,113.35,112.71,113.15
2021-12-03,113.17,113.63,112.56,112.8
2021-12-06,112.78,113.57,112.77,113.46
2021-12-07,113.47,113.79,113.4,113.57
2021-12-08,113.59,113.97,113.31,113.66
2021-12-09,113.68,113.82,113.27,113.44
2021-12-10,113.52,113.81,113.22,113.38
2021-12-13,113.28,113.74,113.27,113.56
2021-12-14,113.58,113.77,113.43,113.71
2021-12-15,113.73,114.28,113.62,114.02
2021-12-16,114.03,114.26,113.56,113.7
2021-12-17,113.66,113.87,113.14,113.67
2021-12-20,113.63,113.74,113.33,113.58
2021-12-21,113.6,114.23,113.55,114.08
2021-12-22,114.12,114.38,113.95,114.11
2021-12-23,114.1,114.48,114.07,114.37
2021-12-24,114.38,114.52,114.29,114.41
2021-12-27,114.39,114.93,114.3,114.83
2021-12-28,114.87,114.96,114.71,114.81
2021-12-29,114.82,115.04,114.67,114.94
2021-12-30,114.96,115.21,114.94,115.06
2021-12-31,115.08,115.2,115.0,115.08
2022-01-03,115.1,115.38,114.96,115.32
2022-01-04,115.34,116.36,115.29,116.14
2022-01-05,116.16,116.26,115.62,116.1
2022-01-06,116.13,116.2,115.63,115.82
2022-01-07,115.84,116.05,115.51,115.55
2022-01-10,115.64,115.86,115.05,115.2
2022-01-11,115.21,115.69,115.12,115.28
2022-01-12,115.3,115.48,114.38,114.63
2022-01-13,114.65,114.71,114.0,114.17
2022-01-14,114.2,114.27,113.48,114.2
2022-01-17,114.21,114.66,114.13,114.6
2022-01-18,114.64,115.07,114.45,114.61
2022-01-19,114.62,114.79,114.21,114.32
2022-01-20,114.32,114.56,113.96,114.09
2022-01-21,114.11,114.17,113.6,113.68
2022-01-24,113.66,114.01,113.47,113.92
2022-01-25,113.98,114.17,113.67,113.86
2022-01-26,113.9,114.71,113.77,114.63
2022-01-27,114.65,115.5,114.47,115.34
2022-01-28,115.37,115.7,115.12,115.24
2022-01-31,115.23,115.61,114.92,115.1
2022-02-01,115.13,115.21,114.57,114.71
2022-02-02,114.73,114.81,114.16,114.44
2022-02-03,114.47,115.0,114.33,114.95
2022-02-04,114.98,115.44,114.77,115.2
2022-02-07,115.23,115.39,114.91,115.12
2022-02-08,115.1,115.64,115.05,115.54
2022-02-09,115.55,115.69,115.32,115.49
2022-02-10,115.51,116.35,115.48,116.0
2022-02-11,116.02,116.18,115.01,115.41
2022-02-14,115.28,115.76,115.01,115.53
2022-02-15,115.55,115.89,115.26,115.62
2022-02-16,115.64,115.8,115.35,115.46
2022-02-17,115.5,115.55,114.85,114.93
2022-02-18,114.94,115.31,114.79,115.0
2022-02-21,114.93,115.13,114.71,114.74
2022-02-22,114.74,115.25,114.5,115.08
2022-02-23,115.09,115.21,114.92,114.97
2022-02-24,114.99,115.71,114.41,115.52
2022-02-25,115.54,115.78,115.15,115.56
2022-02-28,114.98,115.79,114.86,114.99
2022-03-01,115.01,115.3,114.7,114.89
2022-03-02,114.91,115.7,114.79,115.5
2022-03-03,115.53,115.82,115.38,115.46
2022-03-04,115.47,115.56,114.65,114.78
2022-03-07,114.82,115.49,114.79,115.29
2022-03-08,115.32,115.8,115.27,115.66
2022-03-09,115.68,115.96,115.56,115.82
2022-03-10,115.84,116.21,115.81,116.13
2022-03-11,116.15,117.37,116.1,117.28
2022-03-14,117.34,118.23,117.3,118.18
2022-03-15,118.18,118.46,117.71,118.28
2022-03-16,118.31,119.14,118.17,118.72
2022-03-17,118.73,119.03,118.37,118.59
2022-03-18,118.6,119.41,118.47,119.17
2022-03-21,119.17,119.51,119.07,119.47
2022-03-22,119.48,121.04,119.44,120.8
2022-03-23,120.79,121.42,120.59,121.15
2022-03-24,121.16,122.42,120.95,122.33
2022-03-25,122.36,122.44,121.18,122.06
2022-03-28,121.97,125.11,121.96,123.91
2022-03-29,123.72,124.31,121.98,122.84
2022-03-30,122.86,123.21,121.31,121.8
2022-03-31,121.88,122.46,121.28,121.66
2022-04-01,121.67,123.05,121.67,122.49
2022-04-04,122.64,122.96,122.26,122.78
2022-04-05,122.81,123.68,122.38,123.6
2022-04-06,123.62,124.07,123.47,123.79
2022-04-07,123.8,124.02,123.47,123.92
2022-04-08,123.93,124.69,123.67,124.32
2022-04-11,124.06,125.79,124.0,125.35
2022-04-12,125.37,125.77,124.78,125.35
2022-04-13,125.36,126.33,125.35,125.66
2022-04-14,125.67,126.03,125.09,125.86
2022-04-15,125.87,126.7,125.87,126.35
2022-04-18,126.43,127.01,126.25,126.97
2022-04-19,127.0,128.99,126.97,128.9
2022-04-20,128.92,129.41,127.46,127.88
2022-04-21,127.89,128.71,127.8,128.39
2022-04-22,128.39,129.12,127.74,128.56
2022-04-25,128.6,128.88,127.52,128.12
2022-04-26,128.14,128.23,127.03,127.22
2022-04-27,127.23,128.61,126.95,128.42
2022-04-28,128.44,131.26,128.33,130.85
2022-04-29,130.87,130.96,129.31,129.83
2022-05-02,129.78,130.49,129.61,130.14
2022-05-03,130.14,130.31,129.7,130.1
2022-05-04,130.11,130.39,128.63,129.07
2022-05-05,129.07,130.57,128.75,130.13
2022-05-06,130.19,130.82,130.09,130.56
2022-05-09,130.51,131.36,130.12,130.25
2022-05-10,130.26,130.58,129.8,130.43
2022-05-11,130.45,130.82,129.45,129.96
2022-05-12,129.89,130.06,127.52,128.32
2022-05-13,128.35,129.46,128.25,129.19
2022-05-16,129.27,129.64,128.7,129.16
2022-05-17,129.18,129.79,128.82,129.39
2022-05-18,129.39,129.55,128.01,128.22
2022-05-19,128.23,128.96,127.03,127.8
2022-05-20,127.82,128.31,127.53,127.85
2022-05-23,127.93,128.07,127.15,127.87
2022-05-24,127.9,128.09,126.36,126.8
2022-05-25,126.83,127.51,126.65,127.31
2022-05-26,127.34,127.59,126.55,127.14
2022-05-27,127.14,127.27,126.67,127.11
2022-05-30,127.07,127.83,126.86,127.55
2022-05-31,127.57,128.9,127.53,128.68
2022-06-01,128.65,130.2,128.64,130.11
2022-06-02,130.12,130.24,129.51,129.83
2022-06-03,129.86,130.99,129.68,130.86
2022-06-06,130.86,132.02,130.43,131.87
2022-06-07,131.88,133.01,131.86,132.58
2022-06-08,132.57,134.49,132.57,134.24
2022-06-09,134.27,134.56,133.18,134.33
2022-06-10,134.35,134.49,133.36,134.42
2022-06-13,134.39,135.19,133.59,134.4
2022-06-14,134.43,135.49,133.87,135.47
2022-06-15,135.48,135.6,133.5,133.83
2022-06-16,133.83,134.69,131.49,132.2
2022-06-17,132.21,135.44,132.16,134.96
2022-06-20,134.89,135.45,134.54,135.08
2022-06-21,135.1,136.71,134.92,136.61
2022-06-22,136.65,136.72,135.69,136.26
2022-06-23,136.26,136.26,134.26,134.93
2022-06-24,134.95,135.41,134.36,135.17
2022-06-27,135.12,135.56,134.51,135.43
2022-06-28,135.46,136.4,135.11,136.12
2022-06-29,136.13,137.01,135.79,136.58
2022-06-30,136.59,136.82,135.55,135.73
2022-07-01,135.73,135.99,134.75,135.19
2022-07-04,135.32,135.79,134.78,135.69
2022-07-05,135.71,136.38,135.52,135.87
2022-07-06,135.89,136.01,134.95,135.93
2022-07-07,135.95,136.24,135.54,135.98
2022-07-08,136.02,136.58,135.33,136.08
2022-07-11,136.03,137.76,136.0,137.42
2022-07-12,137.44,137.54,136.48,136.86
2022-07-13,136.88,137.88,136.68,137.42
2022-07-14,137.43,139.4,137.33,138.9
2022-07-15,138.97,139.13,138.39,138.53
2022-07-18,138.55,138.58,137.89,138.12
2022-07-19,138.14,138.4,137.38,138.18
2022-07-20,138.19,138.39,137.9,138.2
2022-07-21,138.24,138.89,137.3,137.37
2022-07-22,137.39,137.97,135.57,136.05
2022-07-25,136.07,136.8,135.89,136.66
2022-07-26,136.7,136.98,136.27,136.91
2022-07-27,136.93,137.48,136.32,136.55
2022-07-28,136.57,136.6,134.2,134.28
2022-07-29,134.28,134.68,132.51,133.19
2022-08-01,133.23,133.57,131.6,131.61
2022-08-02,131.62,133.19,130.4,133.16
2022-08-03,133.17,134.55,132.28,133.86
2022-08-04,133.86,134.44,132.76,132.85
2022-08-05,132.87,135.51,132.51,134.97
2022-08-08,135.01,135.58,134.36,135.0
2022-08-09,135.01,135.22,134.67,135.13
2022-08-10,135.16,135.31,132.02,132.87
2022-08-11,132.9,133.32,131.73,133.0
2022-08-12,133.04,133.9,132.88,133.48
2022-08-15,133.45,133.6,132.55,133.32
2022-08-16,133.31,134.69,132.94,134.21
2022-08-17,134.24,135.51,133.9,135.01
2022-08-18,135.02,135.92,134.64,135.88
2022-08-19,135.89,137.25,135.71,136.93
2022-08-22,136.88,137.66,136.7,137.47
2022-08-23,137.49,137.72,135.81,136.78
2022-08-24,136.79,137.26,136.17,137.11
2022-08-25,137.12,137.2,136.32,136.5
2022-08-26,136.51,137.57,136.3,137.52
2022-08-29,137.66,139.01,137.56,138.69
2022-08-30,138.7,139.08,138.05,138.79
2022-08-31,138.81,139.01,138.26,138.96
2022-09-01,138.97,140.24,138.92,140.2
2022-09-02,140.2,140.81,139.87,140.2
2022-09-05,140.18,140.68,140.08,140.59
2022-09-06,140.62,143.09,140.25,142.79
2022-09-07,142.8,145.0,142.72,143.7
2022-09-08,143.73,144.57,143.32,144.09
2022-09-09,144.12,144.14,141.5,142.52
2022-09-12,142.25,143.51,142.15,142.83
2022-09-13,142.85,144.7,141.84,144.55
2022-09-14,144.58,144.96,142.55,143.15
2022-09-15,143.17,143.82,142.79,143.52
2022-09-16,143.51,143.7,142.83,142.91
2022-09-19,142.96,143.65,142.64,143.2
2022-09-20,143.2,143.93,142.94,143.72
2022-09-21,143.75,144.71,143.34,144.04
2022-09-22,144.05,145.91,140.35,142.35
2022-09-23,142.38,143.48,141.76,143.32
2022-09-26,143.39,144.8,143.27,144.75
2022-09-27,144.76,144.92,144.06,144.76
2022-09-28,144.77,144.87,143.9,144.16
2022-09-29,144.14,144.81,144.05,144.45
2022-09-30,144.45,144.83,144.2,144.75
2022-10-03,144.61,145.22,144.15,144.53
2022-10-04,144.54,144.95,143.89,144.09
2022-10-05,144.14,144.86,143.52,144.63
2022-10-06,144.66,145.15,144.37,145.12
2022-10-07,145.13,145.46,144.71,145.33
2022-10-10,145.36,145.88,145.23,145.68
2022-10-11,145.69,145.92,145.42,145.86
2022-10-12,145.86,147.01,145.73,146.91
2022-10-13,146.92,147.69,146.5,147.22
2022-10-14,147.2,148.89,147.09,148.74
2022-10-17,148.45,149.09,148.42,149.03
2022-10-18,149.02,149.36,148.67,149.26
2022-10-19,149.27,149.92,149.1,149.89
2022-10-20,149.88,150.3,149.55,150.14
2022-10-21,150.15,151.96,146.21,147.64
2022-10-24,147.57,149.7,145.63,148.96
2022-10-25,148.98,149.1,147.52,147.91
2022-10-26,147.93,148.42,146.22,146.35
2022-10-27,146.37,146.95,145.11,146.27
2022-10-28,146.29,147.89,145.99,147.45
2022-10-31,147.76,148.86,147.55,148.71
2022-11-01,148.71,148.83,146.99,148.28
2022-11-02,148.3,148.38,145.68,147.9
2022-11-03,147.89,148.47,147.11,148.27
2022-11-04,148.26,148.41,146.55,146.59
2022-11-07,147.14,147.59,146.09,146.62
2022-11-08,146.64,146.95,145.31,145.66
2022-11-09,145.69,146.82,145.17,146.44
2022-11-10,146.45,146.61,140.2,140.95
2022-11-11,141.01,142.49,138.46,138.79
2022-11-14,138.55,140.81,138.47,139.88
2022-11-15,139.9,140.63,137.68,139.29
2022-11-16,139.29,140.3,138.73,139.55
2022-11-17,139.56,140.76,138.88,140.18
2022-11-18,140.2,140.51,139.63,140.35
2022-11-21,140.3,142.27,140.16,142.12
2022-11-22,142.14,142.25,141.08,141.24
2022-11-23,141.26,141.64,139.17,139.59
2022-11-24,139.61,139.64,138.06,138.61
2022-11-25,138.63,139.61,138.36,139.1
2022-11-28,139.34,139.43,137.5,138.94
2022-11-29,138.96,139.36,137.87,138.68
2022-11-30,138.7,139.91,137.65,138.03
2022-12-01,138.07,138.12,135.21,135.27
2022-12-02,135.29,135.99,133.62,134.3
2022-12-05,134.56,136.88,134.12,136.74
2022-12-06,136.76,137.48,135.96,137.05
2022-12-07,137.06,137.87,136.21,136.6
2022-12-08,136.63,137.25,136.24,136.65
2022-12-09,136.67,136.91,135.61,136.56
2022-12-12,136.61,137.86,136.51,137.66
2022-12-13,137.68,137.98,134.66,135.57
2022-12-14,135.58,136.0,134.59,135.47
2022-12-15,135.48,138.18,135.24,137.76
2022-12-16,137.77,137.85,136.29,136.69
2022-12-19,136.06,137.19,135.75,136.88
2022-12-20,136.9,137.48,130.57,131.7
2022-12-21,131.73,132.55,131.5,132.47
2022-12-22,132.5,132.74,131.64,132.33
2022-12-23,132.37,133.16,132.15,132.79
2022-12-26,132.79,133.23,132.32,132.86
2022-12-27,132.89,133.61,132.63,133.48
2022-12-28,133.49,134.5,133.37,134.47
2022-12-29,134.48,134.48,132.88,133.01
2022-12-30,133.01,133.1,130.77,131.11
2023-01-02,131.13,131.13,130.62,130.73
2023-01-03,130.86,131.41,129.51,131.0
2023-01-04,131.01,132.74,129.93,132.62
2023-01-05,132.63,134.07,131.68,133.4
2023-01-06,133.42,134.79,131.99,132.07
2023-01-09,131.93,132.67,131.3,131.88
2023-01-10,131.89,132.49,131.38,132.25
2023-01-11,132.26,132.89,132.06,132.47
2023-01-12,132.48,132.49,128.87,129.22
2023-01-13,129.27,129.44,127.46,127.88
2023-01-16,127.84,128.89,127.22,128.54
2023-01-17,128.57,129.15,127.99,128.13
2023-01-18,128.11,131.58,127.57,128.88
2023-01-19,128.92,128.95,127.76,128.42
2023-01-20,128.44,130.63,128.35,129.57
2023-01-23,129.51,130.91,129.04,130.66
2023-01-24,130.64,131.12,129.73,130.15
2023-01-25,130.18,130.6,129.26,129.59
2023-01-26,129.61,130.63,129.02,130.21
2023-01-27,130.21,130.28,129.5,129.85
2023-01-30,129.72,130.62,129.2,130.44
2023-01-31,130.45,130.55,129.74,130.09
2023-02-01,130.08,130.44,128.54,128.93
2023-02-02,128.95,129.13,128.08,128.65
2023-02-03,128.67,131.24,128.33,131.17
2023-02-06,132.15,132.92,131.51,132.65
2023-02-07,132.64,132.72,130.48,131.05
2023-02-08,131.07,131.55,130.6,131.37
2023-02-09,131.38,131.83,130.34,131.56
2023-02-10,131.57,131.89,129.81,131.41
2023-02-13,131.41,132.94,131.31,132.4
2023-02-14,132.42,133.33,131.51,133.11
2023-02-15,133.12,134.36,132.54,134.11
2023-02-16,134.16,134.51,133.6,133.94
2023-02-17,133.95,135.13,133.93,134.15
2023-02-20,134.17,134.55,133.92,134.23
2023-02-21,134.26,135.24,134.14,134.99
2023-02-22,135.01,135.07,134.36,134.9
2023-02-23,134.88,135.38,134.48,134.7
2023-02-24,134.73,136.53,134.06,136.46
2023-02-27,136.51,136.57,135.92,136.2
2023-02-28,136.23,136.95,135.74,136.2
2023-03-01,136.22,136.48,135.26,136.16
2023-03-02,136.17,137.11,136.01,136.76
2023-03-03,136.77,136.79,135.74,135.86
2023-03-06,135.88,136.21,135.37,135.91
2023-03-07,135.94,137.21,135.55,137.14
2023-03-08,137.17,137.92,136.48,137.34
2023-03-09,137.35,137.38,135.95,136.14
2023-03-10,136.14,137.01,134.11,134.98
2023-03-13,134.98,135.04,132.28,133.18
2023-03-14,133.19,134.91,133.03,134.22
2023-03-15,134.23,135.13,132.22,133.4
2023-03-16,133.39,133.86,131.72,133.72
2023-03-17,133.75,133.78,131.56,131.79
2023-03-20,132.49,132.65,130.54,131.31
2023-03-21,131.32,132.64,131.03,132.49
2023-03-22,132.51,133.01,131.0,131.44
2023-03-23,131.45,131.68,130.32,130.81
2023-03-24,130.82,130.95,129.64,130.69
2023-03-27,130.54,131.79,130.5,131.56
2023-03-28,131.57,131.62,130.4,130.86
2023-03-29,130.89,132.89,130.76,132.84
2023-03-30,132.86,132.98,132.2,132.65
2023-03-31,132.67,133.61,132.58,132.79
2023-04-03,132.99,133.76,132.2,132.41
2023-04-04,132.42,133.18,131.52,131.69
2023-04-05,131.7,131.86,130.64,131.31
2023-04-06,131.32,131.91,130.77,131.76
2023-04-07,131.78,132.39,131.52,132.13
2023-04-10,132.13,133.89,131.83,133.6
2023-04-11,133.61,133.82,132.97,133.65
2023-04-12,133.71,134.05,132.74,133.12
2023-04-13,133.14,133.41,132.02,132.56
2023-04-14,132.58,133.87,132.17,133.77
2023-04-17,133.83,134.58,133.71,134.46
2023-04-18,134.45,134.71,133.86,134.09
2023-04-19,134.12,135.14,133.94,134.69
2023-04-20,134.72,134.98,134.01,134.23
2023-04-21,134.24,134.51,133.55,134.15
2023-04-24,134.1,134.76,133.89,134.22
2023-04-25,134.25,134.5,133.37,133.71
2023-04-26,133.72,133.95,133.01,133.66
2023-04-27,133.68,134.21,133.22,133.94
2023-04-28,133.96,136.57,133.37,136.28
2023-05-01,136.3,137.54,136.19,137.48
2023-05-02,137.5,137.78,136.31,136.53
2023-05-03,136.56,136.63,134.69,134.68
2023-05-04,134.7,134.89,133.5,134.27
2023-05-05,134.29,135.14,133.88,134.83
2023-05-08,134.82,135.3,134.64,135.08
2023-05-09,135.1,135.37,134.72,135.21
2023-05-10,135.23,135.49,134.11,134.34
2023-05-11,134.36,134.85,133.74,134.54
2023-05-12,134.51,135.77,134.39,135.71
2023-05-15,135.61,136.33,135.6,136.11
2023-05-16,136.12,136.7,135.69,136.37
2023-05-17,136.39,137.72,136.3,137.67
2023-05-18,137.67,138.76,137.29,138.71
2023-05-19,138.73,138.74,137.43,137.95
2023-05-22,138.03,138.72,137.49,138.6
2023-05-23,138.61,138.92,138.24,138.58
2023-05-24,138.59,139.49,138.23,139.46
2023-05-25,139.48,140.26,138.82,140.05
2023-05-26,140.06,140.74,139.49,140.62
2023-05-29,140.69,140.92,140.11,140.44
2023-05-30,140.45,140.95,139.57,139.79
2023-05-31,139.81,140.39,139.23,139.34
2023-06-01,139.35,139.97,138.46,138.79
2023-06-02,138.79,140.08,138.6,139.94
2023-06-05,139.99,140.47,139.25,139.54
2023-06-06,139.56,140.01,139.09,139.63
2023-06-07,139.64,140.26,139.02,140.11
2023-06-08,140.13,140.24,138.81,138.91
2023-06-09,138.93,139.75,138.75,139.34
2023-06-12,139.4,139.77,139.06,139.6
2023-06-13,139.61,140.32,139.01,140.21
2023-06-14,140.2,140.28,139.28,140.09
2023-06-15,140.08,141.52,139.94,140.27
2023-06-16,140.32,141.92,139.85,141.82
2023-06-19,141.81,142.07,141.44,141.98
2023-06-20,141.99,142.26,141.21,141.44
2023-06-21,141.48,142.42,141.27,141.88
2023-06-22,141.89,143.26,141.61,143.11
2023-06-23,143.11,143.94,142.76,143.68
2023-06-26,143.57,143.73,142.94,143.5
2023-06-27,143.51,144.22,143.27,144.07
2023-06-28,144.05,144.64,143.73,144.46
2023-06-29,144.49,144.92,144.13,144.77
2023-06-30,144.77,145.08,144.2,144.32
2023-07-03,144.37,144.95,143.98,144.66
2023-07-04,144.7,144.72,144.2,144.45
2023-07-05,144.48,144.76,144.08,144.64
2023-07-06,144.66,144.67,143.55,144.06
2023-07-07,144.09,144.21,142.07,142.07
2023-07-10,142.2,143.01,141.27,141.31
2023-07-11,141.36,141.47,140.16,140.37
2023-07-12,140.38,140.41,138.16,138.5
2023-07-13,138.51,138.97,137.92,138.03
2023-07-14,138.01,139.18,137.25,138.73
2023-07-17,138.76,139.42,138.01,138.71
2023-07-18,138.71,139.15,137.7,138.81
2023-07-19,138.83,140.01,138.76,139.67
2023-07-20,139.69,140.51,139.11,140.07
2023-07-21,140.08,141.97,139.75,141.79
2023-07-24,141.69,141.82,140.75,141.44
2023-07-25,141.47,141.75,140.85,140.9
2023-07-26,140.89,141.19,139.93,140.21
2023-07-27,140.23,141.34,138.77,139.44
2023-07-28,139.45,141.19,138.07,141.15
2023-07-31,141.0,142.69,140.69,142.28
2023-08-01,142.31,143.56,142.2,143.32
2023-08-02,143.34,143.49,142.24,143.32
2023-08-03,143.33,143.9,142.06,142.54
2023-08-04,142.57,142.89,141.55,141.75
2023-08-07,141.8,142.62,141.52,142.49
2023-08-08,142.48,143.51,142.4,143.37
2023-08-09,143.38,143.8,143.0,143.72
2023-08-10,143.73,144.83,143.3,144.73
2023-08-11,144.73,145.06,144.42,144.96
2023-08-14,144.99,145.6,144.66,145.54
2023-08-15,145.56,145.88,145.1,145.57
2023-08-16,145.59,146.42,145.31,146.35
2023-08-17,146.36,146.57,145.62,145.83
2023-08-18,145.86,145.89,144.93,145.37
2023-08-21,145.34,146.41,145.14,146.17
2023-08-22,146.19,146.4,145.49,145.88
2023-08-23,145.89,145.9,144.54,144.83
2023-08-24,144.83,145.97,144.59,145.87
2023-08-25,145.84,146.64,145.73,146.41
2023-08-28,146.43,146.75,146.26,146.54
2023-08-29,146.55,147.39,145.67,145.87
2023-08-30,145.9,146.59,145.56,146.24
2023-08-31,146.23,146.26,145.35,145.53
2023-09-01,145.54,146.32,144.44,146.23
2023-09-04,146.2,146.54,146.01,146.46
2023-09-05,146.49,147.82,146.39,147.71
2023-09-06,147.74,147.82,147.01,147.65
2023-09-07,147.66,147.88,147.04,147.29
2023-09-08,147.3,147.88,146.58,147.81
2023-09-11,147.02,147.28,145.9,146.58
2023-09-12,146.59,147.26,146.45,147.08
2023-09-13,147.07,147.74,147.01,147.45
2023-09-14,147.45,147.58,147.01,147.47
2023-09-15,147.49,147.99,147.34,147.82
2023-09-18,147.74,147.88,147.56,147.6
2023-09-19,147.61,147.98,147.5,147.86
2023-09-20,147.85,148.37,147.47,148.33
2023-09-21,148.33,148.46,147.32,147.58
2023-09-22,147.57,148.45,147.51,148.37
2023-09-25,148.37,149.0,148.25,148.88
2023-09-26,148.92,149.22,148.7,149.05
2023-09-27,149.06,149.75,148.86,149.63
2023-09-28,149.64,149.64,149.14,149.29
2023-09-29,149.31,149.52,148.52,149.35
2023-10-02,149.48,149.93,149.45,149.85
2023-10-03,149.87,150.19,147.39,149.02
2023-10-04,149.02,149.33,148.73,149.12
2023-10-05,149.12,149.14,148.26,148.5
2023-10-06,148.51,149.55,148.35,149.32
2023-10-09,149.07,149.25,148.43,148.5
2023-10-10,148.56,149.14,148.16,148.7
2023-10-11,148.71,149.37,148.42,149.15
2023-10-12,149.17,149.89,148.95,149.8
2023-10-13,149.8,149.83,149.45,149.55
2023-10-16,149.49,149.79,149.35,149.5
2023-10-17,149.51,149.92,149.23,149.8
2023-10-18,149.82,149.99,149.49,149.92
2023-10-19,149.94,150.01,149.66,149.78
2023-10-20,149.78,150.06,149.74,149.84
2023-10-23,149.8,150.01,149.55,149.7
2023-10-24,149.72,149.94,149.32,149.91
2023-10-25,149.91,150.32,149.79,150.21
2023-10-26,150.2,150.79,149.89,150.38
2023-10-27,150.38,150.43,149.46,149.6
2023-10-30,149.54,149.93,148.8,149.1
2023-10-31,149.11,151.76,149.02,151.67
2023-11-01,151.72,151.72,150.66,150.95
2023-11-02,150.95,150.98,149.84,150.44
2023-11-03,150.46,150.53,149.2,149.37
2023-11-06,149.38,150.09,149.24,150.07
2023-11-07,150.07,150.7,149.93,150.34
2023-11-08,150.36,151.07,150.34,150.97
2023-11-09,150.97,151.4,150.77,151.34
2023-11-10,151.35,151.62,151.21,151.5
2023-11-13,151.51,151.95,151.2,151.71
2023-11-14,151.73,151.82,150.15,150.38
2023-11-15,150.37,151.47,150.05,151.35
2023-11-16,151.35,151.5,150.28,150.71
2023-11-17,150.7,150.79,149.2,149.62
2023-11-20,149.64,150.0,148.1,148.36
2023-11-21,148.38,148.61,147.15,148.39
2023-11-22,148.4,149.76,148.01,149.53
2023-11-23,149.54,149.7,148.89,149.56
2023-11-24,149.57,149.72,149.2,149.44
2023-11-27,149.45,149.68,148.54,148.67
2023-11-28,148.68,148.85,147.32,147.48
2023-11-29,147.48,147.92,146.67,147.24
2023-11-30,147.25,148.51,146.83,148.19
2023-12-01,148.2,148.35,146.66,146.81
2023-12-04,146.73,147.51,146.23,147.2
2023-12-05,147.18,147.41,146.56,147.15
2023-12-06,147.19,147.53,146.89,147.31
2023-12-07,147.3,147.32,141.71,144.12
2023-12-08,144.11,145.22,142.5,144.93
2023-12-11,144.86,146.59,144.81,146.16
2023-12-12,146.13,146.2,144.74,145.43
2023-12-13,145.45,146.01,142.64,142.88
2023-12-14,142.89,142.9,140.96,141.87
2023-12-15,141.87,142.47,141.43,142.15
2023-12-18,142.14,143.17,142.07,142.74
2023-12-19,142.82,144.97,142.25,143.82
2023-12-20,143.83,144.1,143.26,143.56
2023-12-21,143.57,143.58,142.04,142.1
2023-12-22,142.12,142.68,141.88,142.41
2023-12-25,142.4,142.56,142.13,142.34
2023-12-26,142.32,142.64,142.09,142.38
2023-12-27,142.39,142.85,141.55,141.83
2023-12-28,141.83,141.83,140.25,141.39
2023-12-29,141.4,141.92,140.8,141.06
2024-01-01,140.83,140.9,140.83,140.87
2024-01-02,140.88,142.23,140.81,141.98
2024-01-03,142.0,143.75,141.86,143.29
2024-01-04,143.3,144.87,142.85,144.62
2024-01-05,144.63,145.99,143.81,144.65
2024-01-08,144.6,144.93,143.66,144.22
2024-01-09,144.27,144.64,143.42,144.47
2024-01-10,144.48,145.86,144.32,145.73
2024-01-11,145.75,146.43,145.26,145.28
2024-01-12,145.29,145.57,144.36,144.9
2024-01-15,144.92,145.96,144.87,145.73
2024-01-16,145.74,147.33,145.58,147.18
2024-01-17,147.2,148.54,147.07,148.15
2024-01-18,148.15,148.32,147.65,148.15
2024-01-19,148.13,148.82,147.84,148.14
2024-01-22,148.28,148.32,147.62,148.09
2024-01-23,148.1,148.73,146.99,148.36
2024-01-24,148.36,148.4,146.65,147.5
2024-01-25,147.51,147.94,147.08,147.65
2024-01-26,147.63,148.23,147.42,148.16
2024-01-29,148.12,148.34,147.25,147.49
2024-01-30,147.51,147.95,147.1,147.6
2024-01-31,147.61,147.91,146.01,146.88
2024-02-01,146.89,147.13,145.89,146.42
2024-02-02,146.44,148.6,146.24,148.37
2024-02-05,148.36,148.92,148.26,148.67
2024-02-06,148.67,148.84,147.82,147.94
2024-02-07,147.95,148.3,147.64,148.18
2024-02-08,148.19,149.51,147.93,149.31
2024-02-09,149.33,149.6,149.01,149.3
2024-02-12,149.25,149.49,148.93,149.34
2024-02-13,149.35,150.9,149.26,150.79
2024-02-14,150.79,150.82,150.35,150.55
2024-02-15,150.57,150.6,149.54,149.91
2024-02-16,149.93,150.65,149.82,150.21
2024-02-19,150.1,150.24,149.87,150.11
2024-02-20,150.13,150.45,149.68,149.99
2024-02-21,150.01,150.41,149.85,150.28
2024-02-22,150.31,150.7,150.01,150.51
2024-02-23,150.54,150.79,150.3,150.5
2024-02-26,150.48,150.85,150.29,150.69
2024-02-27,150.7,150.72,150.07,150.5
2024-02-28,150.51,150.85,150.37,150.67
2024-02-29,150.7,150.7,149.2,149.98
2024-03-01,149.98,150.73,149.95,150.11
2024-03-04,150.11,150.64,149.83,150.51
2024-03-05,150.52,150.64,149.7,150.04
2024-03-06,150.04,150.1,149.09,149.37
2024-03-07,149.36,149.4,147.58,148.03
2024-03-08,148.04,148.12,146.48,147.07
2024-03-11,147.07,147.18,146.48,146.94
2024-03-12,146.95,148.15,146.62,147.68
2024-03-13,147.7,148.06,147.23,147.74
2024-03-14,147.76,148.37,147.43,148.32
2024-03-15,148.36,149.2,148.03,149.02
2024-03-18,149.01,149.33,148.9,149.14
2024-03-19,149.16,150.97,149.03,150.85
2024-03-20,150.89,151.88,150.73,151.25
2024-03-21,151.26,151.81,150.26,151.61
2024-03-22,151.64,151.87,151.0,151.42
2024-03-25,151.44,151.55,151.04,151.41
2024-03-26,151.42,151.62,151.2,151.55
2024-03-27,151.57,151.98,151.03,151.32
2024-03-28,151.32,151.56,151.15,151.37
2024-03-29,151.38,151.51,151.17,151.31
2024-04-01,151.32,151.78,151.22,151.63
2024-04-02,151.65,151.82,151.46,151.55
2024-04-03,151.56,151.96,151.44,151.68
2024-04-04,151.7,151.79,151.12,151.33
2024-04-05,151.35,151.76,150.81,151.61
2024-04-08,151.57,151.96,151.56,151.79
2024-04-09,151.81,151.95,151.57,151.77
2024-04-10,151.75,153.25,151.68,153.17
2024-04-11,153.16,153.33,152.76,153.27
2024-04-12,153.27,153.4,152.59,153.28
2024-04-15,153.09,154.46,152.99,154.27
2024-04-16,154.27,154.8,153.9,154.71
2024-04-17,154.72,154.76,154.16,154.38
2024-04-18,154.39,154.72,153.95,154.63
2024-04-19,154.65,154.68,153.58,154.63
2024-04-22,154.64,154.89,154.46,154.84
2024-04-23,154.85,154.88,154.56,154.82
2024-04-24,154.83,155.39,154.73,155.34
2024-04-25,155.32,155.76,155.2,155.65
2024-04-26,155.62,158.45,154.98,158.33
2024-04-29,157.82,160.05,154.52,156.33
2024-04-30,156.35,157.86,156.07,157.8
2024-05-01,157.81,158.04,153.18,154.47
2024-05-02,154.93,156.29,153.06,153.63
2024-05-03,153.65,153.8,151.86,152.98
2024-05-06,152.88,154.01,152.81,153.88
2024-05-07,153.9,154.78,153.86,154.69
2024-05-08,154.7,155.69,154.56,155.48
2024-05-09,155.5,155.97,155.16,155.46
2024-05-10,155.47,155.92,155.26,155.72
2024-05-13,155.74,156.31,155.56,156.2
2024-05-14,156.18,156.78,156.14,156.42
2024-05-15,156.43,156.57,154.69,154.87
2024-05-16,154.88,155.54,153.59,155.38
2024-05-17,155.39,156.01,155.25,155.65
2024-05-20,155.61,156.32,155.49,156.24
2024-05-21,156.26,156.56,155.84,156.15
2024-05-22,156.17,156.85,156.11,156.77
2024-05-23,156.79,157.2,156.53,156.93
2024-05-24,156.94,157.16,156.82,156.99
2024-05-27,157.04,157.04,156.66,156.86
2024-05-28,156.85,157.2,156.58,157.16
2024-05-29,157.14,157.79,156.92,157.6
2024-05-30,157.64,157.68,156.38,156.81
2024-05-31,156.82,157.39,156.56,157.31
2024-06-03,157.32,157.49,155.95,156.1
2024-06-04,156.12,156.5,154.55,154.87
2024-06-05,154.86,156.5,154.79,156.1
2024-06-06,156.1,156.45,155.36,155.6
2024-06-07,155.62,157.09,155.12,156.7
2024-06-10,156.74,157.2,156.7,157.02
2024-06-11,157.05,157.47,156.8,157.07
2024-06-12,157.07,157.45,155.72,156.71
2024-06-13,156.72,157.36,156.58,157.02
2024-06-14,157.04,158.28,156.88,157.37
2024-06-17,157.38,157.97,157.15,157.71
2024-06-18,157.74,158.25,157.51,157.85
2024-06-19,157.85,158.12,157.6,158.08
2024-06-20,158.1,158.95,157.92,158.9
2024-06-21,158.94,159.86,158.67,159.79
2024-06-24,159.84,159.93,158.82,159.59
2024-06-25,159.58,159.81,159.19,159.69
2024-06-26,159.71,160.88,159.61,160.79
2024-06-27,160.82,160.86,160.28,160.74
2024-06-28,160.76,161.28,160.26,160.83
2024-07-01,160.89,161.76,160.66,161.45
2024-07-02,161.51,161.78,161.27,161.44
2024-07-03,161.46,162.01,160.77,161.68
2024-07-04,161.7,161.7,160.95,161.25
2024-07-05,161.26,161.4,160.34,160.72
2024-07-08,160.7,161.13,160.26,160.81
2024-07-09,160.79,161.52,160.73,161.31
2024-07-10,161.35,161.85,161.26,161.67
2024-07-11,161.64,161.77,157.43,158.8
2024-07-12,158.82,159.45,157.38,157.89
2024-07-15,157.88,158.43,157.17,158.01
2024-07-16,158.07,158.87,158.0,158.34
2024-07-17,158.36,158.63,156.06,156.16
2024-07-18,156.15,157.41,155.37,157.37
2024-07-19,157.38,157.88,156.96,157.49
2024-07-22,157.45,157.63,156.28,157.0
2024-07-23,157.03,157.11,155.56,155.58
2024-07-24,155.56,156.0,153.11,153.87
2024-07-25,153.9,154.33,151.94,153.93
2024-07-26,153.95,154.75,153.13,153.72
2024-07-29,153.81,154.36,153.01,154.01
2024-07-30,154.02,155.23,152.65,152.76
2024-07-31,152.81,153.75,149.61,149.98
2024-08-01,149.99,150.89,148.5,149.36
2024-08-02,149.38,149.78,146.42,146.54
2024-08-05,146.51,146.57,141.68,144.17
2024-08-06,144.17,146.38,143.62,144.3
2024-08-07,144.35,147.9,144.31,146.69
2024-08-08,146.67,147.55,145.43,147.28
2024-08-09,147.29,147.82,146.27,146.61
2024-08-12,146.74,148.24,146.7,147.19
2024-08-13,147.2,147.96,146.6,146.82
2024-08-14,146.84,147.59,146.07,147.31
2024-08-15,147.33,149.4,147.05,149.27
2024-08-16,149.29,149.36,147.57,147.58
2024-08-19,147.66,148.06,145.19,146.57
2024-08-20,146.6,147.36,145.2,145.25
2024-08-21,145.26,146.61,144.45,145.26
2024-08-22,145.25,146.55,144.85,146.26
2024-08-23,146.29,146.5,144.05,144.37
2024-08-26,144.24,144.66,143.45,144.52
2024-08-27,144.53,145.19,143.92,143.95
2024-08-28,143.98,145.06,143.68,144.57
2024-08-29,144.61,145.57,144.22,144.98
2024-08-30,144.98,146.26,144.66,146.16
2024-09-02,146.19,147.19,145.78,146.9
2024-09-03,146.9,147.21,145.16,145.47
2024-09-04,145.48,145.57,143.71,143.73
2024-09-05,143.74,144.25,142.85,143.44
2024-09-06,143.45,143.92,141.78,142.27
2024-09-09,142.23,143.81,141.95,143.17
2024-09-10,143.15,143.73,142.2,142.43
2024-09-11,142.47,142.55,140.71,142.35
2024-09-12,142.36,143.06,141.72,141.79
2024-09-13,141.82,141.88,140.28,140.82
2024-09-16,140.75,140.92,139.57,140.6
2024-09-17,140.62,142.48,140.32,142.4
2024-09-18,142.42,142.73,140.44,142.27
2024-09-19,142.29,143.95,141.89,142.62
2024-09-20,142.63,144.51,141.74,143.91
2024-09-23,143.94,144.46,143.17,143.6
2024-09-24,143.62,144.7,143.12,143.21
2024-09-25,143.23,144.85,142.9,144.75
2024-09-26,144.76,145.23,144.11,144.8
2024-09-27,144.82,146.5,142.07,142.19
2024-09-30,142.24,143.94,141.64,143.62
2024-10-01,143.63,144.55,142.97,143.56
2024-10-02,143.57,146.52,143.43,146.46
2024-10-03,146.47,147.25,146.29,146.92
2024-10-04,146.94,149.01,145.92,148.71
2024-10-07,148.73,149.14,147.85,148.18
2024-10-08,148.19,148.39,147.34,148.19
2024-10-09,148.2,149.38,148.01,149.29
2024-10-10,149.31,149.56,148.35,148.56
2024-10-11,148.57,149.29,148.4,149.13
2024-10-14,149.14,150.01,149.07,149.75
2024-10-15,149.76,149.84,148.85,149.19
2024-10-16,149.2,149.84,148.87,149.62
2024-10-17,149.64,150.34,149.23,150.2
2024-10-18,150.21,150.29,149.36,149.52
2024-10-21,149.48,150.89,149.08,150.83
2024-10-22,150.84,151.21,150.5,151.06
2024-10-23,151.07,153.2,151.02,152.75
2024-10-24,152.73,152.83,151.55,151.82
2024-10-25,151.83,152.39,151.45,152.3
2024-10-28,152.36,153.88,152.32,153.28
2024-10-29,153.29,153.88,152.75,153.35
2024-10-30,153.36,153.51,152.79,153.41
2024-10-31,153.42,153.58,151.84,152.03
2024-11-01,152.04,153.11,151.78,152.98
2024-11-04,152.98,153.05,151.53,152.13
2024-11-05,152.13,152.57,151.33,151.6
2024-11-06,151.62,154.73,151.29,154.63
2024-11-07,154.64,154.72,152.7,152.93
2024-11-08,152.94,153.37,152.14,152.63
2024-11-11,152.68,153.96,152.64,153.71
2024-11-12,153.71,154.94,153.41,154.6
2024-11-13,154.62,155.64,154.34,155.45
2024-11-14,155.46,156.44,155.33,156.25
2024-11-15,156.28,156.76,153.86,154.34
2024-11-18,154.42,155.37,153.85,154.65
2024-11-19,154.7,154.81,153.29,154.65
2024-11-20,154.67,155.9,154.52,155.43
2024-11-21,155.43,155.43,153.91,154.51
2024-11-22,154.54,155.02,153.97,154.74
2024-11-25,154.26,154.75,153.55,154.21
2024-11-26,154.2,154.5,152.99,153.1
2024-11-27,153.07,153.25,150.45,151.1
2024-11-28,151.07,152.01,150.92,151.54
2024-11-29,151.55,151.57,149.47,149.75
2024-12-02,149.75,150.76,149.07,149.59
2024-12-03,149.61,150.25,148.64,149.59
2024-12-04,149.6,151.24,149.52,150.6
2024-12-05,150.61,150.79,149.65,150.08
2024-12-06,150.11,150.71,149.36,150.03
2024-12-09,150.07,151.36,149.69,151.19
2024-12-10,151.17,152.19,150.89,151.95
2024-12-11,151.97,152.82,151.01,152.45
2024-12-12,152.45,152.8,151.8,152.62
2024-12-13,152.63,153.81,152.45,153.64
2024-12-16,153.64,154.49,153.32,154.15
2024-12-17,154.12,154.36,153.15,153.48
2024-12-18,153.45,154.87,153.32,154.8
2024-12-19,154.82,157.82,154.43,157.43
2024-12-20,157.45,157.94,155.95,156.41
2024-12-23,156.48,157.32,156.33,157.16
2024-12-24,157.14,157.44,156.89,157.18
2024-12-25,157.17,157.51,156.98,157.4
2024-12-26,157.22,158.11,157.07,158.0
2024-12-27,157.89,158.01,157.35,157.82
2024-12-30,157.74,158.08,156.67,156.83
2024-12-31,156.85,157.61,156.01,157.18
2025-01-01,157.2,157.25,156.87,156.87
2025-01-02,157.26,157.87,156.44,157.52
2025-01-03,157.55,157.57,156.88,157.27
2025-01-06,157.24,157.98,156.24,157.6
2025-01-07,157.63,158.43,157.36,158.02
2025-01-08,158.05,158.57,157.89,158.35
2025-01-09,158.36,158.4,157.57,158.14
2025-01-10,158.12,158.89,157.22,157.69
2025-01-13,157.78,157.98,156.9,157.47
2025-01-14,157.48,158.23,157.11,157.96
2025-01-15,157.98,158.1,155.95,156.47
2025-01-16,156.48,156.54,155.1,155.12
2025-01-17,155.17,156.39,154.98,156.3
2025-01-20,156.32,156.6,155.4,155.59
2025-01-21,155.61,156.21,154.77,155.5
2025-01-22,155.51,156.72,155.35,156.53
2025-01-23,156.5,156.76,155.74,156.05
2025-01-24,156.06,156.58,154.85,155.98
2025-01-27,155.72,156.26,153.72,154.49
2025-01-28,154.51,156.0,154.49,155.52
2025-01-29,155.54,155.81,154.94,155.2
2025-01-30,155.23,155.25,153.79,154.3
2025-01-31,154.3,155.24,153.92,155.18
2025-02-03,154.94,155.89,154.01,154.75
2025-02-04,154.76,155.53,154.17,154.33
2025-02-05,154.34,154.47,152.11,152.6
2025-02-06,152.61,152.9,151.24,151.44
2025-02-07,151.41,152.42,150.94,151.4
2025-02-10,151.26,152.55,151.25,151.99
2025-02-11,152.0,152.63,151.64,152.48
2025-02-12,152.49,154.81,152.38,154.41
2025-02-13,154.42,154.68,152.7,152.79
2025-02-14,152.8,153.16,152.02,152.33
2025-02-17,152.24,152.41,151.33,151.5
2025-02-18,151.5,152.25,151.23,152.05
2025-02-19,152.07,152.32,151.24,151.47
2025-02-20,151.48,151.48,149.39,149.63
2025-02-21,149.64,150.75,148.92,149.29
2025-02-24,149.39,149.89,148.85,149.71
2025-02-25,149.72,150.31,148.57,149.02
2025-02-26,149.04,149.9,148.64,149.08
2025-02-27,149.1,150.2,148.74,149.8
2025-02-28,149.81,151.0,149.1,150.6
2025-03-03,150.49,151.34,149.1,149.5
2025-03-04,149.51,149.89,148.08,149.8
2025-03-05,149.81,150.2,148.39,148.88
2025-03-06,148.89,149.35,147.31,147.95
2025-03-07,147.99,148.22,146.95,148.03
2025-03-10,147.89,147.99,146.63,147.26
2025-03-11,147.27,148.14,146.54,147.77
2025-03-12,147.79,149.2,147.72,148.25
2025-03-13,148.26,148.39,147.4,147.81
2025-03-14,147.82,149.04,147.76,148.62
2025-03-17,148.32,149.31,148.39,149.21
2025-03-18,149.23,149.95,149.08,149.26
2025-03-19,149.27,150.16,148.61,148.68
2025-03-20,148.73,148.99,148.18,148.78
2025-03-21,148.76,149.68,148.58,149.31
2025-03-24,149.37,150.78,149.36,150.69
2025-03-25,150.7,150.95,149.55,149.9
2025-03-26,149.91,150.78,149.83,150.58
2025-03-27,150.61,151.18,150.06,151.05
2025-03-28,151.05,151.22,149.68,149.81
2025-03-31,149.8,150.28,148.7,149.95
2025-04-01,149.96,150.15,148.96,149.61
2025-04-02,149.58,150.49,149.1,149.24
2025-04-03,149.26,149.28,145.19,146.06
2025-04-04,146.07,147.44,144.55,146.9
2025-04-07,147.06,148.15,144.82,147.84
2025-04-08,147.83,148.13,145.96,146.28
2025-04-09,146.27,148.29,144.0,147.72
2025-04-10,147.55,147.72,144.01,144.45
2025-04-11,144.45,144.63,142.07,143.51
2025-04-14,144.12,144.32,142.24,142.98
2025-04-15,143.0,143.61,142.6,143.23
2025-04-16,143.26,143.32,141.64,141.82
2025-04-17,141.92,143.1,141.61,142.41
2025-04-18,142.45,142.51,142.12,142.17
2025-04-21,142.14,142.19,140.47,140.85
2025-04-22,140.87,141.68,139.88,141.59
2025-04-23,141.55,143.58,141.48,143.45
2025-04-24,143.43,143.44,142.28,142.63
2025-04-25,142.68,144.05,142.55,143.7
2025-04-28,143.74,143.94,141.99,142.01
2025-04-29,142.01,142.77,141.97,142.36
2025-04-30,142.36,143.2,142.14,143.07
2025-05-01,143.07,145.75,142.88,145.44
2025-05-02,145.44,145.93,143.73,144.95
2025-05-05,144.95,145.09,143.54,143.71
2025-05-06,143.71,144.28,142.35,142.43
2025-05-07,142.43,144.0,142.4,143.82
2025-05-08,143.82,146.19,143.45,145.92
2025-05-09,145.92,146.19,144.82,145.36
2025-05-12,145.82,148.66,145.7,148.46
2025-05-13,148.46,148.5,147.37,147.48
2025-05-14,147.49,147.68,145.6,146.76
2025-05-15,146.74,146.76,145.42,145.67
2025-05-16,145.67,146.11,144.92,145.63
2025-05-19,145.38,145.5,144.65,144.86
2025-05-20,144.86,145.51,144.08,144.51
2025-05-21,144.54,144.6,143.28,143.68
2025-05-22,143.68,144.41,142.8,144.01
2025-05-23,144.01,144.14,142.42,142.57
2025-05-26,142.45,143.09,142.22,142.85
2025-05-27,142.85,144.46,142.11,144.33
2025-05-28,144.32,145.09,143.85,144.83
2025-05-29,144.84,146.29,143.95,144.2
2025-05-30,144.23,144.45,143.43,144.06
2025-06-02,144.06,144.14,142.54,142.72
2025-06-03,142.72,144.12,142.38,144.01
2025-06-04,143.98,144.4,142.6,142.76
2025-06-05,142.76,143.99,142.53,143.55
2025-06-06,143.51,145.1,143.38,144.87
2025-06-09,144.9,144.98,143.97,144.61
2025-06-10,144.56,145.31,144.39,144.86
2025-06-11,144.86,145.48,144.32,144.55
2025-06-12,144.55,144.58,143.18,143.5
2025-06-13,143.48,144.5,142.8,144.1
2025-06-16,143.97,144.89,143.64,144.74
2025-06-17,144.74,145.39,144.39,145.28
2025-06-18,145.29,145.45,144.33,145.12
2025-06-19,145.14,145.78,144.74,145.46
2025-06-20,145.46,146.23,145.12,146.1
2025-06-23,145.99,148.04,145.9,146.16
2025-06-24,146.18,146.23,144.51,144.93
2025-06-25,144.95,145.96,144.6,145.26
2025-06-26,145.23,145.28,143.75,144.39
2025-06-27,144.42,144.96,144.18,144.67
2025-06-30,144.47,144.77,143.77,144.04
2025-07-01,144.04,144.11,142.68,143.44
2025-07-02,143.42,144.26,143.32,143.69
2025-07-03,143.69,145.25,143.44,144.93
2025-07-04,144.92,144.98,144.17,144.56
2025-07-07,144.44,146.26,144.21,146.05
2025-07-08,146.04,146.99,145.83,146.57
2025-07-09,146.57,147.19,146.25,146.32
2025-07-10,146.32,146.8,145.75,146.26
2025-07-11,146.27,147.52,146.13,147.42
2025-07-14,147.31,147.79,146.85,147.71
2025-07-15,147.72,149.03,147.55,148.88
2025-07-16,148.9,149.2,146.91,147.88
2025-07-17,147.86,149.1,147.72,148.62
2025-07-18,148.62,148.89,148.18,148.83
2025-07-21,148.07,148.68,147.07,147.39
2025-07-22,147.31,147.95,146.31,146.64
2025-07-23,146.63,147.22,146.11,146.51
2025-07-24,146.48,147.04,145.84,147.01
2025-07-25,147.01,147.95,146.82,147.67
2025-07-28,147.79,148.59,147.51,148.55
2025-07-29,148.54,148.82,148.15,148.46
2025-07-30,148.51,149.55,147.8,149.51
2025-07-31,149.51,150.85,148.58,150.76
2025-08-01,150.76,150.93,147.29,147.38
2025-08-04,147.35,148.1,146.86,147.09
2025-08-05,147.17,147.85,146.62,147.61
2025-08-06,147.57,147.9,146.96,147.37
2025-08-07,147.36,147.73,146.68,147.13
2025-08-08,147.15,147.91,146.72,147.73
2025-08-11,147.61,148.26,147.35,148.14
2025-08-12,148.15,148.54,147.57,147.84
2025-08-13,147.77,148.18,147.08,147.39
2025-08-14,147.38,147.97,146.2,147.76
2025-08-15,147.76,147.9,146.74,147.2
2025-08-18,147.15,148.0,147.04,147.88
2025-08-19,147.8,148.12,147.44,147.68
2025-08-20,147.66,147.82,146.87,147.33
2025-08-21,147.33,148.42,147.25,148.38
2025-08-22,148.33,148.79,146.57,146.95
2025-08-25,146.93,147.95,146.75,147.79
2025-08-26,147.79,147.92,146.99,147.41
2025-08-27,147.42,148.2,147.29,147.41
2025-08-28,147.42,147.51,146.65,146.93
2025-08-29,146.93,147.42,146.75,147.05
2025-09-01,147.08,147.39,146.77,147.18
2025-09-02,147.18,148.95,147.04,148.34
2025-09-03,148.34,149.14,147.88,148.1
2025-09-04,148.1,148.79,147.8,148.49
2025-09-05,148.49,148.56,146.82,147.41
2025-09-08,148.24,148.58,147.33,147.52
2025-09-09,147.52,147.57,146.31,147.42
2025-09-10,147.42,147.65,147.13,147.47
2025-09-11,147.47,148.01,146.98,147.2
2025-09-12,147.2,148.08,147.12,147.67
2025-09-15,147.76,147.81,147.23,147.41
2025-09-16,147.42,147.55,146.27,146.5
2025-09-17,146.5,147.06,145.48,146.99
2025-09-18,146.95,148.27,146.76,148.0
2025-09-19,148.0,148.3,147.2,147.97
2025-09-22,147.96,148.39,147.65,147.72
2025-09-23,147.72,147.94,147.45,147.64
2025-09-24,147.64,148.92,147.51,148.91
2025-09-25,148.9,149.94,148.56,149.8
2025-09-26,149.85,149.96,149.39,149.51
2025-09-29,149.5,149.56,148.46,148.6
2025-09-30,148.6,148.85,147.64,147.92
2025-10-01,147.92,148.24,146.58,147.07
2025-10-02,147.07,147.52,146.6,147.26
2025-10-03,147.26,147.83,147.08,147.45
2025-10-06,149.23,150.49,149.05,150.36
2025-10-07,150.34,152.06,150.24,151.91
2025-10-08,151.91,153.01,151.74,152.69
2025-10-09,152.74,153.24,152.22,153.07
2025-10-10,153.08,153.29,151.15,151.18
2025-10-13,151.8,152.46,151.71,152.28
2025-10-14,152.28,152.63,151.6,151.85
2025-10-15,151.85,151.89,150.89,151.05
2025-10-16,151.04,151.41,150.21,150.43
2025-10-17,150.4,150.64,149.38,150.64
2025-10-20,150.46,151.21,150.26,150.75
2025-10-21,150.75,152.19,150.46,151.94
2025-10-22,151.93,152.06,151.49,151.99
2025-10-23,151.98,152.81,151.82,152.59
2025-10-24,152.57,153.08,152.32,152.87
2025-10-27,153.05,153.26,152.56,152.88
2025-10-28,152.87,152.89,151.75,152.11
2025-10-29,152.12,153.07,151.54,152.73
2025-10-30,152.74,154.46,152.16,154.13
2025-10-31,154.13,154.43,153.64,154.01
2025-11-03,154.11,154.31,153.93,154.22
2025-11-04,154.22,154.5,153.31,153.68
2025-11-05,153.68,154.37,152.95,154.12
2025-11-06,154.14,154.15,152.82,153.07
2025-11-07,153.07,153.61,152.82,153.43
2025-11-10,153.32,154.26,153.32,154.15
2025-11-11,154.09,154.51,153.65,154.16
2025-11-12,154.15,155.06,154.05,154.79
2025-11-13,154.82,155.02,154.13,154.57
2025-11-14,154.55,154.77,153.61,154.55
2025-11-17,154.41,155.32,154.41,155.26
2025-11-18,155.26,155.75,154.81,155.51
2025-11-19,155.51,157.19,155.2,157.16
2025-11-20,157.16,157.9,156.88,157.48
2025-11-21,157.48,157.57,156.2,156.39
2025-11-24,156.66,157.2,156.34,156.91
2025-11-25,156.89,157.0,155.8,156.06
2025-11-26,156.06,156.75,155.64,156.48
2025-11-27,156.48,156.51,155.71,156.31
2025-11-28,156.3,156.6,155.98,156.18
2025-12-01,156.11,156.27,154.66,155.45
2025-12-02,155.45,156.19,155.43,155.87
2025-12-03,155.88,155.95,155.01,155.26
2025-12-04,155.26,155.56,154.51,155.1
2025-12-05,155.1,155.51,154.33,155.35
2025-12-08,155.19,156.0,154.89,155.93
2025-12-09,155.91,156.96,155.74,156.88
2025-12-10,156.87,156.95,155.79,156.02
2025-12-11,156.03,156.18,154.94,155.59
2025-12-12,155.62,156.14,155.44,155.82
2025-12-15,155.87,156.0,154.82,155.22
2025-12-16,155.24,155.29,154.39,154.72
2025-12-17,154.7,155.76,154.51,155.69
2025-12-18,155.67,155.99,155.27,155.56
2025-12-19,155.51,157.78,155.5,157.76
2025-12-22,157.7,157.76,156.7,157.07
2025-12-23,157.08,157.09,155.64,156.23
2025-12-24,156.26,156.3,155.56,155.94
2025-12-25,155.85,155.98,155.67,155.8
2025-12-26,155.92,156.74,155.75,156.57
2025-12-29,156.51,156.6,155.92,156.06
2025-12-30,156.07,156.57,155.75,156.41
2025-12-31,156.37,157.0,156.32,156.67
2026-01-01,156.68,156.7,156.64,156.67
2026-01-02,156.68,157.01,156.52,156.84
2026-01-05,156.76,157.31,156.11,156.39
2026-01-06,156.36,156.81,156.15,156.64
2026-01-07,156.64,156.82,156.29,156.77
2026-01-08,156.76,157.08,156.45,156.88
2026-01-09,156.88,158.2,156.81,157.89
2026-01-12,158.07,158.21,157.53,158.16
2026-01-13,158.18,159.2,157.9,159.14
2026-01-14,159.14,159.46,158.1,158.45
2026-01-15,158.41,158.89,158.21,158.64
2026-01-16,158.64,158.71,157.82,158.12
2026-01-19,157.94,158.18,157.42,158.12
2026-01-20,158.1,158.62,157.48,158.16
2026-01-21,158.17,158.54,157.74,158.27
2026-01-22,158.29,158.9,158.18,158.41
2026-01-23,158.39,159.24,155.64,155.72
2026-01-26,155.12,155.35,153.31,154.17
2026-01-27,154.15,154.89,152.09,152.2
2026-01-28,152.2,154.06,152.19,153.41
2026-01-29,153.41,153.55,152.68,153.12
2026-01-30,153.07,154.81,152.87,154.77
2026-02-02,154.73,155.79,154.55,155.62
2026-02-03,155.64,156.09,155.3,155.75
2026-02-04,155.75,156.95,155.69,156.87
2026-02-05,156.83,157.35,156.52,157.04
2026-02-06,157.04,157.28,156.51,157.21
2026-02-09,157.21,157.74,155.51,155.89
2026-02-10,155.85,156.31,154.05,154.39
2026-02-11,154.4,154.66,152.55,153.26
2026-02-12,153.26,153.76,152.26,152.75
2026-02-13,152.74,153.68,152.58,152.7
2026-02-16,152.64,153.64,152.54,153.51
2026-02-17,153.51,153.93,152.7,153.29
2026-02-18,153.32,154.88,153.07,154.83
2026-02-19,154.8,155.35,154.54,155.0
2026-02-20,155.05,155.65,154.71,155.07
2026-02-22,154.93,154.95,154.32,154.35
2026-02-23,154.93,155.06,153.99,154.64
2026-02-24,154.66,156.28,154.63,156.07
