Date,Close
1970-01-01,3.35
1970-01-02,3.35
1970-01-03,3.35
1970-01-04,3.35
1970-01-05,3.35
1970-01-06,3.35
1970-01-07,3.35
1970-01-08,3.35
1970-01-09,3.35
1970-01-10,3.35
1970-01-11,3.35
1970-01-12,3.35
1970-01-13,3.35
1970-01-14,3.35
1970-01-15,3.35
1970-01-16,3.35
1970-01-17,3.35
1970-01-18,3.35
1970-01-19,3.35
1970-01-20,3.35
1970-01-21,3.35
1970-01-22,3.35
1970-01-23,3.35
1970-01-24,3.35
1970-01-25,3.35
1970-01-26,3.35
1970-01-27,3.35
1970-01-28,3.35
1970-01-29,3.35
1970-01-30,3.35
1970-01-31,3.35
1970-02-01,3.35
1970-02-02,3.35
1970-02-03,3.35
1970-02-04,3.35
1970-02-05,3.35
1970-02-06,3.35
1970-02-07,3.35
1970-02-08,3.35
1970-02-09,3.35
1970-02-10,3.35
1970-02-11,3.35
1970-02-12,3.35
1970-02-13,3.35
1970-02-14,3.35
1970-02-15,3.35
1970-02-16,3.35
1970-02-17,3.35
1970-02-18,3.35
1970-02-19,3.35
1970-02-20,3.35
1970-02-21,3.35
1970-02-22,3.35
1970-02-23,3.35
1970-02-24,3.35
1970-02-25,3.35
1970-02-26,3.35
1970-02-27,3.35
1970-02-28,3.35
1970-03-01,3.35
1970-03-02,3.35
1970-03-03,3.35
1970-03-04,3.35
1970-03-05,3.35
1970-03-06,3.35
1970-03-07,3.35
1970-03-08,3.35
1970-03-09,3.35
1970-03-10,3.35
1970-03-11,3.35
1970-03-12,3.35
1970-03-13,3.35
1970-03-14,3.35
1970-03-15,3.35
1970-03-16,3.35
1970-03-17,3.35
1970-03-18,3.35
1970-03-19,3.35
1970-03-20,3.35
1970-03-21,3.35
1970-03-22,3.35
1970-03-23,3.35
1970-03-24,3.35
1970-03-25,3.35
1970-03-26,3.35
1970-03-27,3.35
1970-03-28,3.35
1970-03-29,3.35
1970-03-30,3.35
1970-03-31,3.35
1970-04-01,3.35
1970-04-02,3.35
1970-04-03,3.35
1970-04-04,3.35
1970-04-05,3.35
1970-04-06,3.35
1970-04-07,3.35
1970-04-08,3.35
1970-04-09,3.35
1970-04-10,3.35
1970-04-11,3.35
1970-04-12,3.35
1970-04-13,3.35
1970-04-14,3.35
1970-04-15,3.35
1970-04-16,3.35
1970-04-17,3.35
1970-04-18,3.35
1970-04-19,3.35
1970-04-20,3.35
1970-04-21,3.35
1970-04-22,3.35
1970-04-23,3.35
1970-04-24,3.35
1970-04-25,3.35
1970-04-26,3.35
1970-04-27,3.35
1970-04-28,3.35
1970-04-29,3.35
1970-04-30,3.35
1970-05-01,3.35
1970-05-02,3.35
1970-05-03,3.35
1970-05-04,3.35
1970-05-05,3.35
1970-05-06,3.35
1970-05-07,3.35
1970-05-08,3.35
1970-05-09,3.35
1970-05-10,3.35
1970-05-11,3.35
1970-05-12,3.35
1970-05-13,3.35
1970-05-14,3.35
1970-05-15,3.35
1970-05-16,3.35
1970-05-17,3.35
1970-05-18,3.35
1970-05-19,3.35
1970-05-20,3.35
1970-05-21,3.35
1970-05-22,3.35
1970-05-23,3.35
1970-05-24,3.35
1970-05-25,3.35
1970-05-26,3.35
1970-05-27,3.35
1970-05-28,3.35
1970-05-29,3.35
1970-05-30,3.35
1970-05-31,3.35
1970-06-01,3.35
1970-06-02,3.35
1970-06-03,3.35
1970-06-04,3.35
1970-06-05,3.35
1970-06-06,3.35
1970-06-07,3.35
1970-06-08,3.35
1970-06-09,3.35
1970-06-10,3.35
1970-06-11,3.35
1970-06-12,3.35
1970-06-13,3.35
1970-06-14,3.35
1970-06-15,3.35
1970-06-16,3.35
1970-06-17,3.35
1970-06-18,3.35
1970-06-19,3.35
1970-06-20,3.35
1970-06-21,3.35
1970-06-22,3.35
1970-06-23,3.35
1970-06-24,3.35
1970-06-25,3.35
1970-06-26,3.35
1970-06-27,3.35
1970-06-28,3.35
1970-06-29,3.35
1970-06-30,3.35
1970-07-01,3.31
1970-07-02,3.31
1970-07-03,3.31
1970-07-04,3.31
1970-07-05,3.31
1970-07-06,3.31
1970-07-07,3.31
1970-07-08,3.31
1970-07-09,3.31
1970-07-10,3.31
1970-07-11,3.31
1970-07-12,3.31
1970-07-13,3.31
1970-07-14,3.31
1970-07-15,3.31
1970-07-16,3.31
1970-07-17,3.31
1970-07-18,3.31
1970-07-19,3.31
1970-07-20,3.31
1970-07-21,3.31
1970-07-22,3.31
1970-07-23,3.31
1970-07-24,3.31
1970-07-25,3.31
1970-07-26,3.31
1970-07-27,3.31
1970-07-28,3.31
1970-07-29,3.31
1970-07-30,3.31
1970-07-31,3.31
1970-08-01,3.31
1970-08-02,3.31
1970-08-03,3.31
1970-08-04,3.31
1970-08-05,3.31
1970-08-06,3.31
1970-08-07,3.31
1970-08-08,3.31
1970-08-09,3.31
1970-08-10,3.31
1970-08-11,3.31
1970-08-12,3.31
1970-08-13,3.31
1970-08-14,3.31
1970-08-15,3.31
1970-08-16,3.31
1970-08-17,3.31
1970-08-18,3.31
1970-08-19,3.31
1970-08-20,3.31
1970-08-21,3.31
1970-08-22,3.31
1970-08-23,3.31
1970-08-24,3.31
1970-08-25,3.31
1970-08-26,3.31
1970-08-27,3.31
1970-08-28,3.31
1970-08-29,3.31
1970-08-30,3.31
1970-08-31,3.31
1970-09-01,3.31
1970-09-02,3.31
1970-09-03,3.31
1970-09-04,3.31
1970-09-05,3.31
1970-09-06,3.31
1970-09-07,3.31
1970-09-08,3.31
1970-09-09,3.31
1970-09-10,3.31
1970-09-11,3.31
1970-09-12,3.31
1970-09-13,3.31
1970-09-14,3.31
1970-09-15,3.31
1970-09-16,3.31
1970-09-17,3.31
1970-09-18,3.31
1970-09-19,3.31
1970-09-20,3.31
1970-09-21,3.31
1970-09-22,3.31
1970-09-23,3.31
1970-09-24,3.31
1970-09-25,3.31
1970-09-26,3.31
1970-09-27,3.31
1970-09-28,3.31
1970-09-29,3.31
1970-09-30,3.31
1970-10-01,3.31
1970-10-02,3.31
1970-10-03,3.31
1970-10-04,3.31
1970-10-05,3.31
1970-10-06,3.31
1970-10-07,3.31
1970-10-08,3.31
1970-10-09,3.31
1970-10-10,3.31
1970-10-11,3.31
1970-10-12,3.31
1970-10-13,3.31
1970-10-14,3.31
1970-10-15,3.31
1970-10-16,3.31
1970-10-17,3.31
1970-10-18,3.31
1970-10-19,3.31
1970-10-20,3.31
1970-10-21,3.31
1970-10-22,3.31
1970-10-23,3.31
1970-10-24,3.31
1970-10-25,3.31
1970-10-26,3.31
1970-10-27,3.31
1970-10-28,3.31
1970-10-29,3.31
1970-10-30,3.31
1970-10-31,3.31
1970-11-01,3.31
1970-11-02,3.31
1970-11-03,3.31
1970-11-04,3.31
1970-11-05,3.31
1970-11-06,3.31
1970-11-07,3.31
1970-11-08,3.31
1970-11-09,3.31
1970-11-10,3.31
1970-11-11,3.31
1970-11-12,3.31
1970-11-13,3.31
1970-11-14,3.31
1970-11-15,3.31
1970-11-16,3.31
1970-11-17,3.31
1970-11-18,3.31
1970-11-19,3.31
1970-11-20,3.31
1970-11-21,3.31
1970-11-22,3.31
1970-11-23,3.31
1970-11-24,3.31
1970-11-25,3.31
1970-11-26,3.31
1970-11-27,3.31
1970-11-28,3.31
1970-11-29,3.31
1970-11-30,3.31
1970-12-01,3.56
1970-12-02,3.56
1970-12-03,3.56
1970-12-04,3.56
1970-12-05,3.56
1970-12-06,3.56
1970-12-07,3.56
1970-12-08,3.56
1970-12-09,3.56
1970-12-10,3.56
1970-12-11,3.56
1970-12-12,3.56
1970-12-13,3.56
1970-12-14,3.56
1970-12-15,3.56
1970-12-16,3.56
1970-12-17,3.56
1970-12-18,3.56
1970-12-19,3.56
1970-12-20,3.56
1970-12-21,3.56
1970-12-22,3.56
1970-12-23,3.56
1970-12-24,3.56
1970-12-25,3.56
1970-12-26,3.56
1970-12-27,3.56
1970-12-28,3.56
1970-12-29,3.56
1970-12-30,3.56
1970-12-31,3.56
1971-01-01,3.56
1971-01-02,3.56
1971-01-03,3.56
1971-01-04,3.56
1971-01-05,3.56
1971-01-06,3.56
1971-01-07,3.56
1971-01-08,3.56
1971-01-09,3.56
1971-01-10,3.56
1971-01-11,3.56
1971-01-12,3.56
1971-01-13,3.56
1971-01-14,3.56
1971-01-15,3.56
1971-01-16,3.56
1971-01-17,3.56
1971-01-18,3.56
1971-01-19,3.56
1971-01-20,3.56
1971-01-21,3.56
1971-01-22,3.56
1971-01-23,3.56
1971-01-24,3.56
1971-01-25,3.56
1971-01-26,3.56
1971-01-27,3.56
1971-01-28,3.56
1971-01-29,3.56
1971-01-30,3.56
1971-01-31,3.56
1971-02-01,3.56
1971-02-02,3.56
1971-02-03,3.56
1971-02-04,3.56
1971-02-05,3.56
1971-02-06,3.56
1971-02-07,3.56
1971-02-08,3.56
1971-02-09,3.56
1971-02-10,3.56
1971-02-11,3.56
1971-02-12,3.56
1971-02-13,3.56
1971-02-14,3.56
1971-02-15,3.56
1971-02-16,3.56
1971-02-17,3.56
1971-02-18,3.56
1971-02-19,3.56
1971-02-20,3.56
1971-02-21,3.56
1971-02-22,3.56
1971-02-23,3.56
1971-02-24,3.56
1971-02-25,3.56
1971-02-26,3.56
1971-02-27,3.56
1971-02-28,3.56
1971-03-01,3.56
1971-03-02,3.56
1971-03-03,3.56
1971-03-04,3.56
1971-03-05,3.56
1971-03-06,3.56
1971-03-07,3.56
1971-03-08,3.56
1971-03-09,3.56
1971-03-10,3.56
1971-03-11,3.56
1971-03-12,3.56
1971-03-13,3.56
1971-03-14,3.56
1971-03-15,3.56
1971-03-16,3.56
1971-03-17,3.56
1971-03-18,3.56
1971-03-19,3.56
1971-03-20,3.56
1971-03-21,3.56
1971-03-22,3.56
1971-03-23,3.56
1971-03-24,3.56
1971-03-25,3.56
1971-03-26,3.56
1971-03-27,3.56
1971-03-28,3.56
1971-03-29,3.56
1971-03-30,3.56
1971-03-31,3.56
1971-04-01,3.56
1971-04-02,3.56
1971-04-03,3.56
1971-04-04,3.56
1971-04-05,3.56
1971-04-06,3.56
1971-04-07,3.56
1971-04-08,3.56
1971-04-09,3.56
1971-04-10,3.56
1971-04-11,3.56
1971-04-12,3.56
1971-04-13,3.56
1971-04-14,3.56
1971-04-15,3.56
1971-04-16,3.56
1971-04-17,3.56
1971-04-18,3.56
1971-04-19,3.56
1971-04-20,3.56
1971-04-21,3.56
1971-04-22,3.56
1971-04-23,3.56
1971-04-24,3.56
1971-04-25,3.56
1971-04-26,3.56
1971-04-27,3.56
1971-04-28,3.56
1971-04-29,3.56
1971-04-30,3.56
1971-05-01,3.56
1971-05-02,3.56
1971-05-03,3.56
1971-05-04,3.56
1971-05-05,3.56
1971-05-06,3.56
1971-05-07,3.56
1971-05-08,3.56
1971-05-09,3.56
1971-05-10,3.56
1971-05-11,3.56
1971-05-12,3.56
1971-05-13,3.56
1971-05-14,3.56
1971-05-15,3.56
1971-05-16,3.56
1971-05-17,3.56
1971-05-18,3.56
1971-05-19,3.56
1971-05-20,3.56
1971-05-21,3.56
1971-05-22,3.56
1971-05-23,3.56
1971-05-24,3.56
1971-05-25,3.56
1971-05-26,3.56
1971-05-27,3.56
1971-05-28,3.56
1971-05-29,3.56
1971-05-30,3.56
1971-05-31,3.56
1971-06-01,3.56
1971-06-02,3.56
1971-06-03,3.56
1971-06-04,3.56
1971-06-05,3.56
1971-06-06,3.56
1971-06-07,3.56
1971-06-08,3.56
1971-06-09,3.56
1971-06-10,3.56
1971-06-11,3.56
1971-06-12,3.56
1971-06-13,3.56
1971-06-14,3.56
1971-06-15,3.56
1971-06-16,3.56
1971-06-17,3.56
1971-06-18,3.56
1971-06-19,3.56
1971-06-20,3.56
1971-06-21,3.56
1971-06-22,3.56
1971-06-23,3.56
1971-06-24,3.56
1971-06-25,3.56
1971-06-26,3.56
1971-06-27,3.56
1971-06-28,3.56
1971-06-29,3.56
1971-06-30,3.56
1971-07-01,3.56
1971-07-02,3.56
1971-07-03,3.56
1971-07-04,3.56
1971-07-05,3.56
1971-07-06,3.56
1971-07-07,3.56
1971-07-08,3.56
1971-07-09,3.56
1971-07-10,3.56
1971-07-11,3.56
1971-07-12,3.56
1971-07-13,3.56
1971-07-14,3.56
1971-07-15,3.56
1971-07-16,3.56
1971-07-17,3.56
1971-07-18,3.56
1971-07-19,3.56
1971-07-20,3.56
1971-07-21,3.56
1971-07-22,3.56
1971-07-23,3.56
1971-07-24,3.56
1971-07-25,3.56
1971-07-26,3.56
1971-07-27,3.56
1971-07-28,3.56
1971-07-29,3.56
1971-07-30,3.56
1971-07-31,3.56
1971-08-01,3.56
1971-08-02,3.56
1971-08-03,3.56
1971-08-04,3.56
1971-08-05,3.56
1971-08-06,3.56
1971-08-07,3.56
1971-08-08,3.56
1971-08-09,3.56
1971-08-10,3.56
1971-08-11,3.56
1971-08-12,3.56
1971-08-13,3.56
1971-08-14,3.56
1971-08-15,3.56
1971-08-16,3.56
1971-08-17,3.56
1971-08-18,3.56
1971-08-19,3.56
1971-08-20,3.56
1971-08-21,3.56
1971-08-22,3.56
1971-08-23,3.56
1971-08-24,3.56
1971-08-25,3.56
1971-08-26,3.56
1971-08-27,3.56
1971-08-28,3.56
1971-08-29,3.56
1971-08-30,3.56
1971-08-31,3.56
1971-09-01,3.56
1971-09-02,3.56
1971-09-03,3.56
1971-09-04,3.56
1971-09-05,3.56
1971-09-06,3.56
1971-09-07,3.56
1971-09-08,3.56
1971-09-09,3.56
1971-09-10,3.56
1971-09-11,3.56
1971-09-12,3.56
1971-09-13,3.56
1971-09-14,3.56
1971-09-15,3.56
1971-09-16,3.56
1971-09-17,3.56
1971-09-18,3.56
1971-09-19,3.56
1971-09-20,3.56
1971-09-21,3.56
1971-09-22,3.56
1971-09-23,3.56
1971-09-24,3.56
1971-09-25,3.56
1971-09-26,3.56
1971-09-27,3.56
1971-09-28,3.56
1971-09-29,3.56
1971-09-30,3.56
1971-10-01,3.56
1971-10-02,3.56
1971-10-03,3.56
1971-10-04,3.56
1971-10-05,3.56
1971-10-06,3.56
1971-10-07,3.56
1971-10-08,3.56
1971-10-09,3.56
1971-10-10,3.56
1971-10-11,3.56
1971-10-12,3.56
1971-10-13,3.56
1971-10-14,3.56
1971-10-15,3.56
1971-10-16,3.56
1971-10-17,3.56
1971-10-18,3.56
1971-10-19,3.56
1971-10-20,3.56
1971-10-21,3.56
1971-10-22,3.56
1971-10-23,3.56
1971-10-24,3.56
1971-10-25,3.56
1971-10-26,3.56
1971-10-27,3.56
1971-10-28,3.56
1971-10-29,3.56
1971-10-30,3.56
1971-10-31,3.56
1971-11-01,3.56
1971-11-02,3.56
1971-11-03,3.56
1971-11-04,3.56
1971-11-05,3.56
1971-11-06,3.56
1971-11-07,3.56
1971-11-08,3.56
1971-11-09,3.56
1971-11-10,3.56
1971-11-11,3.56
1971-11-12,3.56
1971-11-13,3.56
1971-11-14,3.56
1971-11-15,3.56
1971-11-16,3.56
1971-11-17,3.56
1971-11-18,3.56
1971-11-19,3.56
1971-11-20,3.56
1971-11-21,3.56
1971-11-22,3.56
1971-11-23,3.56
1971-11-24,3.56
1971-11-25,3.56
1971-11-26,3.56
1971-11-27,3.56
1971-11-28,3.56
1971-11-29,3.56
1971-11-30,3.56
1971-12-01,3.56
1971-12-02,3.56
1971-12-03,3.56
1971-12-04,3.56
1971-12-05,3.56
1971-12-06,3.56
1971-12-07,3.56
1971-12-08,3.56
1971-12-09,3.56
1971-12-10,3.56
1971-12-11,3.56
1971-12-12,3.56
1971-12-13,3.56
1971-12-14,3.56
1971-12-15,3.56
1971-12-16,3.56
1971-12-17,3.56
1971-12-18,3.56
1971-12-19,3.56
1971-12-20,3.56
1971-12-21,3.56
1971-12-22,3.56
1971-12-23,3.56
1971-12-24,3.56
1971-12-25,3.56
1971-12-26,3.56
1971-12-27,3.56
1971-12-28,3.56
1971-12-29,3.56
1971-12-30,3.56
1971-12-31,3.56
1972-01-01,3.56
1972-01-02,3.56
1972-01-03,3.56
1972-01-04,3.56
1972-01-05,3.56
1972-01-06,3.56
1972-01-07,3.56
1972-01-08,3.56
1972-01-09,3.56
1972-01-10,3.56
1972-01-11,3.56
1972-01-12,3.56
1972-01-13,3.56
1972-01-14,3.56
1972-01-15,3.56
1972-01-16,3.56
1972-01-17,3.56
1972-01-18,3.56
1972-01-19,3.56
1972-01-20,3.56
1972-01-21,3.56
1972-01-22,3.56
1972-01-23,3.56
1972-01-24,3.56
1972-01-25,3.56
1972-01-26,3.56
1972-01-27,3.56
1972-01-28,3.56
1972-01-29,3.56
1972-01-30,3.56
1972-01-31,3.56
1972-02-01,3.56
1972-02-02,3.56
1972-02-03,3.56
1972-02-04,3.56
1972-02-05,3.56
1972-02-06,3.56
1972-02-07,3.56
1972-02-08,3.56
1972-02-09,3.56
1972-02-10,3.56
1972-02-11,3.56
1972-02-12,3.56
1972-02-13,3.56
1972-02-14,3.56
1972-02-15,3.56
1972-02-16,3.56
1972-02-17,3.56
1972-02-18,3.56
1972-02-19,3.56
1972-02-20,3.56
1972-02-21,3.56
1972-02-22,3.56
1972-02-23,3.56
1972-02-24,3.56
1972-02-25,3.56
1972-02-26,3.56
1972-02-27,3.56
1972-02-28,3.56
1972-02-29,3.56
1972-03-01,3.56
1972-03-02,3.56
1972-03-03,3.56
1972-03-04,3.56
1972-03-05,3.56
1972-03-06,3.56
1972-03-07,3.56
1972-03-08,3.56
1972-03-09,3.56
1972-03-10,3.56
1972-03-11,3.56
1972-03-12,3.56
1972-03-13,3.56
1972-03-14,3.56
1972-03-15,3.56
1972-03-16,3.56
1972-03-17,3.56
1972-03-18,3.56
1972-03-19,3.56
1972-03-20,3.56
1972-03-21,3.56
1972-03-22,3.56
1972-03-23,3.56
1972-03-24,3.56
1972-03-25,3.56
1972-03-26,3.56
1972-03-27,3.56
1972-03-28,3.56
1972-03-29,3.56
1972-03-30,3.56
1972-03-31,3.56
1972-04-01,3.56
1972-04-02,3.56
1972-04-03,3.56
1972-04-04,3.56
1972-04-05,3.56
1972-04-06,3.56
1972-04-07,3.56
1972-04-08,3.56
1972-04-09,3.56
1972-04-10,3.56
1972-04-11,3.56
1972-04-12,3.56
1972-04-13,3.56
1972-04-14,3.56
1972-04-15,3.56
1972-04-16,3.56
1972-04-17,3.56
1972-04-18,3.56
1972-04-19,3.56
1972-04-20,3.56
1972-04-21,3.56
1972-04-22,3.56
1972-04-23,3.56
1972-04-24,3.56
1972-04-25,3.56
1972-04-26,3.56
1972-04-27,3.56
1972-04-28,3.56
1972-04-29,3.56
1972-04-30,3.56
1972-05-01,3.56
1972-05-02,3.56
1972-05-03,3.56
1972-05-04,3.56
1972-05-05,3.56
1972-05-06,3.56
1972-05-07,3.56
1972-05-08,3.56
1972-05-09,3.56
1972-05-10,3.56
1972-05-11,3.56
1972-05-12,3.56
1972-05-13,3.56
1972-05-14,3.56
1972-05-15,3.56
1972-05-16,3.56
1972-05-17,3.56
1972-05-18,3.56
1972-05-19,3.56
1972-05-20,3.56
1972-05-21,3.56
1972-05-22,3.56
1972-05-23,3.56
1972-05-24,3.56
1972-05-25,3.56
1972-05-26,3.56
1972-05-27,3.56
1972-05-28,3.56
1972-05-29,3.56
1972-05-30,3.56
1972-05-31,3.56
1972-06-01,3.56
1972-06-02,3.56
1972-06-03,3.56
1972-06-04,3.56
1972-06-05,3.56
1972-06-06,3.56
1972-06-07,3.56
1972-06-08,3.56
1972-06-09,3.56
1972-06-10,3.56
1972-06-11,3.56
1972-06-12,3.56
1972-06-13,3.56
1972-06-14,3.56
1972-06-15,3.56
1972-06-16,3.56
1972-06-17,3.56
1972-06-18,3.56
1972-06-19,3.56
1972-06-20,3.56
1972-06-21,3.56
1972-06-22,3.56
1972-06-23,3.56
1972-06-24,3.56
1972-06-25,3.56
1972-06-26,3.56
1972-06-27,3.56
1972-06-28,3.56
1972-06-29,3.56
1972-06-30,3.56
1972-07-01,3.56
1972-07-02,3.56
1972-07-03,3.56
1972-07-04,3.56
1972-07-05,3.56
1972-07-06,3.56
1972-07-07,3.56
1972-07-08,3.56
1972-07-09,3.56
1972-07-10,3.56
1972-07-11,3.56
1972-07-12,3.56
1972-07-13,3.56
1972-07-14,3.56
1972-07-15,3.56
1972-07-16,3.56
1972-07-17,3.56
1972-07-18,3.56
1972-07-19,3.56
1972-07-20,3.56
1972-07-21,3.56
1972-07-22,3.56
1972-07-23,3.56
1972-07-24,3.56
1972-07-25,3.56
1972-07-26,3.56
1972-07-27,3.56
1972-07-28,3.56
1972-07-29,3.56
1972-07-30,3.56
1972-07-31,3.56
1972-08-01,3.56
1972-08-02,3.56
1972-08-03,3.56
1972-08-04,3.56
1972-08-05,3.56
1972-08-06,3.56
1972-08-07,3.56
1972-08-08,3.56
1972-08-09,3.56
1972-08-10,3.56
1972-08-11,3.56
1972-08-12,3.56
1972-08-13,3.56
1972-08-14,3.56
1972-08-15,3.56
1972-08-16,3.56
1972-08-17,3.56
1972-08-18,3.56
1972-08-19,3.56
1972-08-20,3.56
1972-08-21,3.56
1972-08-22,3.56
1972-08-23,3.56
1972-08-24,3.56
1972-08-25,3.56
1972-08-26,3.56
1972-08-27,3.56
1972-08-28,3.56
1972-08-29,3.56
1972-08-30,3.56
1972-08-31,3.56
1972-09-01,3.56
1972-09-02,3.56
1972-09-03,3.56
1972-09-04,3.56
1972-09-05,3.56
1972-09-06,3.56
1972-09-07,3.56
1972-09-08,3.56
1972-09-09,3.56
1972-09-10,3.56
1972-09-11,3.56
1972-09-12,3.56
1972-09-13,3.56
1972-09-14,3.56
1972-09-15,3.56
1972-09-16,3.56
1972-09-17,3.56
1972-09-18,3.56
1972-09-19,3.56
1972-09-20,3.56
1972-09-21,3.56
1972-09-22,3.56
1972-09-23,3.56
1972-09-24,3.56
1972-09-25,3.56
1972-09-26,3.56
1972-09-27,3.56
1972-09-28,3.56
1972-09-29,3.56
1972-09-30,3.56
1972-10-01,3.56
1972-10-02,3.56
1972-10-03,3.56
1972-10-04,3.56
1972-10-05,3.56
1972-10-06,3.56
1972-10-07,3.56
1972-10-08,3.56
1972-10-09,3.56
1972-10-10,3.56
1972-10-11,3.56
1972-10-12,3.56
1972-10-13,3.56
1972-10-14,3.56
1972-10-15,3.56
1972-10-16,3.56
1972-10-17,3.56
1972-10-18,3.56
1972-10-19,3.56
1972-10-20,3.56
1972-10-21,3.56
1972-10-22,3.56
1972-10-23,3.56
1972-10-24,3.56
1972-10-25,3.56
1972-10-26,3.56
1972-10-27,3.56
1972-10-28,3.56
1972-10-29,3.56
1972-10-30,3.56
1972-10-31,3.56
1972-11-01,3.56
1972-11-02,3.56
1972-11-03,3.56
1972-11-04,3.56
1972-11-05,3.56
1972-11-06,3.56
1972-11-07,3.56
1972-11-08,3.56
1972-11-09,3.56
1972-11-10,3.56
1972-11-11,3.56
1972-11-12,3.56
1972-11-13,3.56
1972-11-14,3.56
1972-11-15,3.56
1972-11-16,3.56
1972-11-17,3.56
1972-11-18,3.56
1972-11-19,3.56
1972-11-20,3.56
1972-11-21,3.56
1972-11-22,3.56
1972-11-23,3.56
1972-11-24,3.56
1972-11-25,3.56
1972-11-26,3.56
1972-11-27,3.56
1972-11-28,3.56
1972-11-29,3.56
1972-11-30,3.56
1972-12-01,3.56
1972-12-02,3.56
1972-12-03,3.56
1972-12-04,3.56
1972-12-05,3.56
1972-12-06,3.56
1972-12-07,3.56
1972-12-08,3.56
1972-12-09,3.56
1972-12-10,3.56
1972-12-11,3.56
1972-12-12,3.56
1972-12-13,3.56
1972-12-14,3.56
1972-12-15,3.56
1972-12-16,3.56
1972-12-17,3.56
1972-12-18,3.56
1972-12-19,3.56
1972-12-20,3.56
1972-12-21,3.56
1972-12-22,3.56
1972-12-23,3.56
1972-12-24,3.56
1972-12-25,3.56
1972-12-26,3.56
1972-12-27,3.56
1972-12-28,3.56
1972-12-29,3.56
1972-12-30,3.56
1972-12-31,3.56
1973-01-01,3.56
1973-01-02,3.56
1973-01-03,3.56
1973-01-04,3.56
1973-01-05,3.56
1973-01-06,3.56
1973-01-07,3.56
1973-01-08,3.56
1973-01-09,3.56
1973-01-10,3.56
1973-01-11,3.56
1973-01-12,3.56
1973-01-13,3.56
1973-01-14,3.56
1973-01-15,3.56
1973-01-16,3.56
1973-01-17,3.56
1973-01-18,3.56
1973-01-19,3.56
1973-01-20,3.56
1973-01-21,3.56
1973-01-22,3.56
1973-01-23,3.56
1973-01-24,3.56
1973-01-25,3.56
1973-01-26,3.56
1973-01-27,3.56
1973-01-28,3.56
1973-01-29,3.56
1973-01-30,3.56
1973-01-31,3.56
1973-02-01,3.56
1973-02-02,3.56
1973-02-03,3.56
1973-02-04,3.56
1973-02-05,3.56
1973-02-06,3.56
1973-02-07,3.56
1973-02-08,3.56
1973-02-09,3.56
1973-02-10,3.56
1973-02-11,3.56
1973-02-12,3.56
1973-02-13,3.56
1973-02-14,3.56
1973-02-15,3.56
1973-02-16,3.56
1973-02-17,3.56
1973-02-18,3.56
1973-02-19,3.56
1973-02-20,3.56
1973-02-21,3.56
1973-02-22,3.56
1973-02-23,3.56
1973-02-24,3.56
1973-02-25,3.56
1973-02-26,3.56
1973-02-27,3.56
1973-02-28,3.56
1973-03-01,3.56
1973-03-02,3.56
1973-03-03,3.56
1973-03-04,3.56
1973-03-05,3.56
1973-03-06,3.56
1973-03-07,3.56
1973-03-08,3.56
1973-03-09,3.56
1973-03-10,3.56
1973-03-11,3.56
1973-03-12,3.56
1973-03-13,3.56
1973-03-14,3.56
1973-03-15,3.56
1973-03-16,3.56
1973-03-17,3.56
1973-03-18,3.56
1973-03-19,3.56
1973-03-20,3.56
1973-03-21,3.56
1973-03-22,3.56
1973-03-23,3.56
1973-03-24,3.56
1973-03-25,3.56
1973-03-26,3.56
1973-03-27,3.56
1973-03-28,3.56
1973-03-29,3.56
1973-03-30,3.56
1973-03-31,3.56
1973-04-01,3.56
1973-04-02,3.56
1973-04-03,3.56
1973-04-04,3.56
1973-04-05,3.56
1973-04-06,3.56
1973-04-07,3.56
1973-04-08,3.56
1973-04-09,3.56
1973-04-10,3.56
1973-04-11,3.56
1973-04-12,3.56
1973-04-13,3.56
1973-04-14,3.56
1973-04-15,3.56
1973-04-16,3.56
1973-04-17,3.56
1973-04-18,3.56
1973-04-19,3.56
1973-04-20,3.56
1973-04-21,3.56
1973-04-22,3.56
1973-04-23,3.56
1973-04-24,3.56
1973-04-25,3.56
1973-04-26,3.56
1973-04-27,3.56
1973-04-28,3.56
1973-04-29,3.56
1973-04-30,3.56
1973-05-01,3.56
1973-05-02,3.56
1973-05-03,3.56
1973-05-04,3.56
1973-05-05,3.56
1973-05-06,3.56
1973-05-07,3.56
1973-05-08,3.56
1973-05-09,3.56
1973-05-10,3.56
1973-05-11,3.56
1973-05-12,3.56
1973-05-13,3.56
1973-05-14,3.56
1973-05-15,3.56
1973-05-16,3.56
1973-05-17,3.56
1973-05-18,3.56
1973-05-19,3.56
1973-05-20,3.56
1973-05-21,3.56
1973-05-22,3.56
1973-05-23,3.56
1973-05-24,3.56
1973-05-25,3.56
1973-05-26,3.56
1973-05-27,3.56
1973-05-28,3.56
1973-05-29,3.56
1973-05-30,3.56
1973-05-31,3.56
1973-06-01,3.56
1973-06-02,3.56
1973-06-03,3.56
1973-06-04,3.56
1973-06-05,3.56
1973-06-06,3.56
1973-06-07,3.56
1973-06-08,3.56
1973-06-09,3.56
1973-06-10,3.56
1973-06-11,3.56
1973-06-12,3.56
1973-06-13,3.56
1973-06-14,3.56
1973-06-15,3.56
1973-06-16,3.56
1973-06-17,3.56
1973-06-18,3.56
1973-06-19,3.56
1973-06-20,3.56
1973-06-21,3.56
1973-06-22,3.56
1973-06-23,3.56
1973-06-24,3.56
1973-06-25,3.56
1973-06-26,3.56
1973-06-27,3.56
1973-06-28,3.56
1973-06-29,3.56
1973-06-30,3.56
1973-07-01,3.56
1973-07-02,3.56
1973-07-03,3.56
1973-07-04,3.56
1973-07-05,3.56
1973-07-06,3.56
1973-07-07,3.56
1973-07-08,3.56
1973-07-09,3.56
1973-07-10,3.56
1973-07-11,3.56
1973-07-12,3.56
1973-07-13,3.56
1973-07-14,3.56
1973-07-15,3.56
1973-07-16,3.56
1973-07-17,3.56
1973-07-18,3.56
1973-07-19,3.56
1973-07-20,3.56
1973-07-21,3.56
1973-07-22,3.56
1973-07-23,3.56
1973-07-24,3.56
1973-07-25,3.56
1973-07-26,3.56
1973-07-27,3.56
1973-07-28,3.56
1973-07-29,3.56
1973-07-30,3.56
1973-07-31,3.56
1973-08-01,4.31
1973-08-02,4.31
1973-08-03,4.31
1973-08-04,4.31
1973-08-05,4.31
1973-08-06,4.31
1973-08-07,4.31
1973-08-08,4.31
1973-08-09,4.31
1973-08-10,4.31
1973-08-11,4.31
1973-08-12,4.31
1973-08-13,4.31
1973-08-14,4.31
1973-08-15,4.31
1973-08-16,4.31
1973-08-17,4.31
1973-08-18,4.31
1973-08-19,4.31
1973-08-20,4.31
1973-08-21,4.31
1973-08-22,4.31
1973-08-23,4.31
1973-08-24,4.31
1973-08-25,4.31
1973-08-26,4.31
1973-08-27,4.31
1973-08-28,4.31
1973-08-29,4.31
1973-08-30,4.31
1973-08-31,4.31
1973-09-01,4.31
1973-09-02,4.31
1973-09-03,4.31
1973-09-04,4.31
1973-09-05,4.31
1973-09-06,4.31
1973-09-07,4.31
1973-09-08,4.31
1973-09-09,4.31
1973-09-10,4.31
1973-09-11,4.31
1973-09-12,4.31
1973-09-13,4.31
1973-09-14,4.31
1973-09-15,4.31
1973-09-16,4.31
1973-09-17,4.31
1973-09-18,4.31
1973-09-19,4.31
1973-09-20,4.31
1973-09-21,4.31
1973-09-22,4.31
1973-09-23,4.31
1973-09-24,4.31
1973-09-25,4.31
1973-09-26,4.31
1973-09-27,4.31
1973-09-28,4.31
1973-09-29,4.31
1973-09-30,4.31
1973-10-01,4.31
1973-10-02,4.31
1973-10-03,4.31
1973-10-04,4.31
1973-10-05,4.31
1973-10-06,4.31
1973-10-07,4.31
1973-10-08,4.31
1973-10-09,4.31
1973-10-10,4.31
1973-10-11,4.31
1973-10-12,4.31
1973-10-13,4.31
1973-10-14,4.31
1973-10-15,4.31
1973-10-16,4.31
1973-10-17,4.31
1973-10-18,4.31
1973-10-19,4.31
1973-10-20,4.31
1973-10-21,4.31
1973-10-22,4.31
1973-10-23,4.31
1973-10-24,4.31
1973-10-25,4.31
1973-10-26,4.31
1973-10-27,4.31
1973-10-28,4.31
1973-10-29,4.31
1973-10-30,4.31
1973-10-31,4.31
1973-11-01,4.31
1973-11-02,4.31
1973-11-03,4.31
1973-11-04,4.31
1973-11-05,4.31
1973-11-06,4.31
1973-11-07,4.31
1973-11-08,4.31
1973-11-09,4.31
1973-11-10,4.31
1973-11-11,4.31
1973-11-12,4.31
1973-11-13,4.31
1973-11-14,4.31
1973-11-15,4.31
1973-11-16,4.31
1973-11-17,4.31
1973-11-18,4.31
1973-11-19,4.31
1973-11-20,4.31
1973-11-21,4.31
1973-11-22,4.31
1973-11-23,4.31
1973-11-24,4.31
1973-11-25,4.31
1973-11-26,4.31
1973-11-27,4.31
1973-11-28,4.31
1973-11-29,4.31
1973-11-30,4.31
1973-12-01,4.31
1973-12-02,4.31
1973-12-03,4.31
1973-12-04,4.31
1973-12-05,4.31
1973-12-06,4.31
1973-12-07,4.31
1973-12-08,4.31
1973-12-09,4.31
1973-12-10,4.31
1973-12-11,4.31
1973-12-12,4.31
1973-12-13,4.31
1973-12-14,4.31
1973-12-15,4.31
1973-12-16,4.31
1973-12-17,4.31
1973-12-18,4.31
1973-12-19,4.31
1973-12-20,4.31
1973-12-21,4.31
1973-12-22,4.31
1973-12-23,4.31
1973-12-24,4.31
1973-12-25,4.31
1973-12-26,4.31
1973-12-27,4.31
1973-12-28,4.31
1973-12-29,4.31
1973-12-30,4.31
1973-12-31,4.31
1974-01-01,10.11
1974-01-02,10.11
1974-01-03,10.11
1974-01-04,10.11
1974-01-05,10.11
1974-01-06,10.11
1974-01-07,10.11
1974-01-08,10.11
1974-01-09,10.11
1974-01-10,10.11
1974-01-11,10.11
1974-01-12,10.11
1974-01-13,10.11
1974-01-14,10.11
1974-01-15,10.11
1974-01-16,10.11
1974-01-17,10.11
1974-01-18,10.11
1974-01-19,10.11
1974-01-20,10.11
1974-01-21,10.11
1974-01-22,10.11
1974-01-23,10.11
1974-01-24,10.11
1974-01-25,10.11
1974-01-26,10.11
1974-01-27,10.11
1974-01-28,10.11
1974-01-29,10.11
1974-01-30,10.11
1974-01-31,10.11
1974-02-01,10.11
1974-02-02,10.11
1974-02-03,10.11
1974-02-04,10.11
1974-02-05,10.11
1974-02-06,10.11
1974-02-07,10.11
1974-02-08,10.11
1974-02-09,10.11
1974-02-10,10.11
1974-02-11,10.11
1974-02-12,10.11
1974-02-13,10.11
1974-02-14,10.11
1974-02-15,10.11
1974-02-16,10.11
1974-02-17,10.11
1974-02-18,10.11
1974-02-19,10.11
1974-02-20,10.11
1974-02-21,10.11
1974-02-22,10.11
1974-02-23,10.11
1974-02-24,10.11
1974-02-25,10.11
1974-02-26,10.11
1974-02-27,10.11
1974-02-28,10.11
1974-03-01,10.11
1974-03-02,10.11
1974-03-03,10.11
1974-03-04,10.11
1974-03-05,10.11
1974-03-06,10.11
1974-03-07,10.11
1974-03-08,10.11
1974-03-09,10.11
1974-03-10,10.11
1974-03-11,10.11
1974-03-12,10.11
1974-03-13,10.11
1974-03-14,10.11
1974-03-15,10.11
1974-03-16,10.11
1974-03-17,10.11
1974-03-18,10.11
1974-03-19,10.11
1974-03-20,10.11
1974-03-21,10.11
1974-03-22,10.11
1974-03-23,10.11
1974-03-24,10.11
1974-03-25,10.11
1974-03-26,10.11
1974-03-27,10.11
1974-03-28,10.11
1974-03-29,10.11
1974-03-30,10.11
1974-03-31,10.11
1974-04-01,10.11
1974-04-02,10.11
1974-04-03,10.11
1974-04-04,10.11
1974-04-05,10.11
1974-04-06,10.11
1974-04-07,10.11
1974-04-08,10.11
1974-04-09,10.11
1974-04-10,10.11
1974-04-11,10.11
1974-04-12,10.11
1974-04-13,10.11
1974-04-14,10.11
1974-04-15,10.11
1974-04-16,10.11
1974-04-17,10.11
1974-04-18,10.11
1974-04-19,10.11
1974-04-20,10.11
1974-04-21,10.11
1974-04-22,10.11
1974-04-23,10.11
1974-04-24,10.11
1974-04-25,10.11
1974-04-26,10.11
1974-04-27,10.11
1974-04-28,10.11
1974-04-29,10.11
1974-04-30,10.11
1974-05-01,10.11
1974-05-02,10.11
1974-05-03,10.11
1974-05-04,10.11
1974-05-05,10.11
1974-05-06,10.11
1974-05-07,10.11
1974-05-08,10.11
1974-05-09,10.11
1974-05-10,10.11
1974-05-11,10.11
1974-05-12,10.11
1974-05-13,10.11
1974-05-14,10.11
1974-05-15,10.11
1974-05-16,10.11
1974-05-17,10.11
1974-05-18,10.11
1974-05-19,10.11
1974-05-20,10.11
1974-05-21,10.11
1974-05-22,10.11
1974-05-23,10.11
1974-05-24,10.11
1974-05-25,10.11
1974-05-26,10.11
1974-05-27,10.11
1974-05-28,10.11
1974-05-29,10.11
1974-05-30,10.11
1974-05-31,10.11
1974-06-01,10.11
1974-06-02,10.11
1974-06-03,10.11
1974-06-04,10.11
1974-06-05,10.11
1974-06-06,10.11
1974-06-07,10.11
1974-06-08,10.11
1974-06-09,10.11
1974-06-10,10.11
1974-06-11,10.11
1974-06-12,10.11
1974-06-13,10.11
1974-06-14,10.11
1974-06-15,10.11
1974-06-16,10.11
1974-06-17,10.11
1974-06-18,10.11
1974-06-19,10.11
1974-06-20,10.11
1974-06-21,10.11
1974-06-22,10.11
1974-06-23,10.11
1974-06-24,10.11
1974-06-25,10.11
1974-06-26,10.11
1974-06-27,10.11
1974-06-28,10.11
1974-06-29,10.11
1974-06-30,10.11
1974-07-01,10.11
1974-07-02,10.11
1974-07-03,10.11
1974-07-04,10.11
1974-07-05,10.11
1974-07-06,10.11
1974-07-07,10.11
1974-07-08,10.11
1974-07-09,10.11
1974-07-10,10.11
1974-07-11,10.11
1974-07-12,10.11
1974-07-13,10.11
1974-07-14,10.11
1974-07-15,10.11
1974-07-16,10.11
1974-07-17,10.11
1974-07-18,10.11
1974-07-19,10.11
1974-07-20,10.11
1974-07-21,10.11
1974-07-22,10.11
1974-07-23,10.11
1974-07-24,10.11
1974-07-25,10.11
1974-07-26,10.11
1974-07-27,10.11
1974-07-28,10.11
1974-07-29,10.11
1974-07-30,10.11
1974-07-31,10.11
1974-08-01,10.11
1974-08-02,10.11
1974-08-03,10.11
1974-08-04,10.11
1974-08-05,10.11
1974-08-06,10.11
1974-08-07,10.11
1974-08-08,10.11
1974-08-09,10.11
1974-08-10,10.11
1974-08-11,10.11
1974-08-12,10.11
1974-08-13,10.11
1974-08-14,10.11
1974-08-15,10.11
1974-08-16,10.11
1974-08-17,10.11
1974-08-18,10.11
1974-08-19,10.11
1974-08-20,10.11
1974-08-21,10.11
1974-08-22,10.11
1974-08-23,10.11
1974-08-24,10.11
1974-08-25,10.11
1974-08-26,10.11
1974-08-27,10.11
1974-08-28,10.11
1974-08-29,10.11
1974-08-30,10.11
1974-08-31,10.11
1974-09-01,10.11
1974-09-02,10.11
1974-09-03,10.11
1974-09-04,10.11
1974-09-05,10.11
1974-09-06,10.11
1974-09-07,10.11
1974-09-08,10.11
1974-09-09,10.11
1974-09-10,10.11
1974-09-11,10.11
1974-09-12,10.11
1974-09-13,10.11
1974-09-14,10.11
1974-09-15,10.11
1974-09-16,10.11
1974-09-17,10.11
1974-09-18,10.11
1974-09-19,10.11
1974-09-20,10.11
1974-09-21,10.11
1974-09-22,10.11
1974-09-23,10.11
1974-09-24,10.11
1974-09-25,10.11
1974-09-26,10.11
1974-09-27,10.11
1974-09-28,10.11
1974-09-29,10.11
1974-09-30,10.11
1974-10-01,11.16
1974-10-02,11.16
1974-10-03,11.16
1974-10-04,11.16
1974-10-05,11.16
1974-10-06,11.16
1974-10-07,11.16
1974-10-08,11.16
1974-10-09,11.16
1974-10-10,11.16
1974-10-11,11.16
1974-10-12,11.16
1974-10-13,11.16
1974-10-14,11.16
1974-10-15,11.16
1974-10-16,11.16
1974-10-17,11.16
1974-10-18,11.16
1974-10-19,11.16
1974-10-20,11.16
1974-10-21,11.16
1974-10-22,11.16
1974-10-23,11.16
1974-10-24,11.16
1974-10-25,11.16
1974-10-26,11.16
1974-10-27,11.16
1974-10-28,11.16
1974-10-29,11.16
1974-10-30,11.16
1974-10-31,11.16
1974-11-01,11.16
1974-11-02,11.16
1974-11-03,11.16
1974-11-04,11.16
1974-11-05,11.16
1974-11-06,11.16
1974-11-07,11.16
1974-11-08,11.16
1974-11-09,11.16
1974-11-10,11.16
1974-11-11,11.16
1974-11-12,11.16
1974-11-13,11.16
1974-11-14,11.16
1974-11-15,11.16
1974-11-16,11.16
1974-11-17,11.16
1974-11-18,11.16
1974-11-19,11.16
1974-11-20,11.16
1974-11-21,11.16
1974-11-22,11.16
1974-11-23,11.16
1974-11-24,11.16
1974-11-25,11.16
1974-11-26,11.16
1974-11-27,11.16
1974-11-28,11.16
1974-11-29,11.16
1974-11-30,11.16
1974-12-01,11.16
1974-12-02,11.16
1974-12-03,11.16
1974-12-04,11.16
1974-12-05,11.16
1974-12-06,11.16
1974-12-07,11.16
1974-12-08,11.16
1974-12-09,11.16
1974-12-10,11.16
1974-12-11,11.16
1974-12-12,11.16
1974-12-13,11.16
1974-12-14,11.16
1974-12-15,11.16
1974-12-16,11.16
1974-12-17,11.16
1974-12-18,11.16
1974-12-19,11.16
1974-12-20,11.16
1974-12-21,11.16
1974-12-22,11.16
1974-12-23,11.16
1974-12-24,11.16
1974-12-25,11.16
1974-12-26,11.16
1974-12-27,11.16
1974-12-28,11.16
1974-12-29,11.16
1974-12-30,11.16
1974-12-31,11.16
1975-01-01,11.16
1975-01-02,11.16
1975-01-03,11.16
1975-01-04,11.16
1975-01-05,11.16
1975-01-06,11.16
1975-01-07,11.16
1975-01-08,11.16
1975-01-09,11.16
1975-01-10,11.16
1975-01-11,11.16
1975-01-12,11.16
1975-01-13,11.16
1975-01-14,11.16
1975-01-15,11.16
1975-01-16,11.16
1975-01-17,11.16
1975-01-18,11.16
1975-01-19,11.16
1975-01-20,11.16
1975-01-21,11.16
1975-01-22,11.16
1975-01-23,11.16
1975-01-24,11.16
1975-01-25,11.16
1975-01-26,11.16
1975-01-27,11.16
1975-01-28,11.16
1975-01-29,11.16
1975-01-30,11.16
1975-01-31,11.16
1975-02-01,11.16
1975-02-02,11.16
1975-02-03,11.16
1975-02-04,11.16
1975-02-05,11.16
1975-02-06,11.16
1975-02-07,11.16
1975-02-08,11.16
1975-02-09,11.16
1975-02-10,11.16
1975-02-11,11.16
1975-02-12,11.16
1975-02-13,11.16
1975-02-14,11.16
1975-02-15,11.16
1975-02-16,11.16
1975-02-17,11.16
1975-02-18,11.16
1975-02-19,11.16
1975-02-20,11.16
1975-02-21,11.16
1975-02-22,11.16
1975-02-23,11.16
1975-02-24,11.16
1975-02-25,11.16
1975-02-26,11.16
1975-02-27,11.16
1975-02-28,11.16
1975-03-01,11.16
1975-03-02,11.16
1975-03-03,11.16
1975-03-04,11.16
1975-03-05,11.16
1975-03-06,11.16
1975-03-07,11.16
1975-03-08,11.16
1975-03-09,11.16
1975-03-10,11.16
1975-03-11,11.16
1975-03-12,11.16
1975-03-13,11.16
1975-03-14,11.16
1975-03-15,11.16
1975-03-16,11.16
1975-03-17,11.16
1975-03-18,11.16
1975-03-19,11.16
1975-03-20,11.16
1975-03-21,11.16
1975-03-22,11.16
1975-03-23,11.16
1975-03-24,11.16
1975-03-25,11.16
1975-03-26,11.16
1975-03-27,11.16
1975-03-28,11.16
1975-03-29,11.16
1975-03-30,11.16
1975-03-31,11.16
1975-04-01,11.16
1975-04-02,11.16
1975-04-03,11.16
1975-04-04,11.16
1975-04-05,11.16
1975-04-06,11.16
1975-04-07,11.16
1975-04-08,11.16
1975-04-09,11.16
1975-04-10,11.16
1975-04-11,11.16
1975-04-12,11.16
1975-04-13,11.16
1975-04-14,11.16
1975-04-15,11.16
1975-04-16,11.16
1975-04-17,11.16
1975-04-18,11.16
1975-04-19,11.16
1975-04-20,11.16
1975-04-21,11.16
1975-04-22,11.16
1975-04-23,11.16
1975-04-24,11.16
1975-04-25,11.16
1975-04-26,11.16
1975-04-27,11.16
1975-04-28,11.16
1975-04-29,11.16
1975-04-30,11.16
1975-05-01,11.16
1975-05-02,11.16
1975-05-03,11.16
1975-05-04,11.16
1975-05-05,11.16
1975-05-06,11.16
1975-05-07,11.16
1975-05-08,11.16
1975-05-09,11.16
1975-05-10,11.16
1975-05-11,11.16
1975-05-12,11.16
1975-05-13,11.16
1975-05-14,11.16
1975-05-15,11.16
1975-05-16,11.16
1975-05-17,11.16
1975-05-18,11.16
1975-05-19,11.16
1975-05-20,11.16
1975-05-21,11.16
1975-05-22,11.16
1975-05-23,11.16
1975-05-24,11.16
1975-05-25,11.16
1975-05-26,11.16
1975-05-27,11.16
1975-05-28,11.16
1975-05-29,11.16
1975-05-30,11.16
1975-05-31,11.16
1975-06-01,11.16
1975-06-02,11.16
1975-06-03,11.16
1975-06-04,11.16
1975-06-05,11.16
1975-06-06,11.16
1975-06-07,11.16
1975-06-08,11.16
1975-06-09,11.16
1975-06-10,11.16
1975-06-11,11.16
1975-06-12,11.16
1975-06-13,11.16
1975-06-14,11.16
1975-06-15,11.16
1975-06-16,11.16
1975-06-17,11.16
1975-06-18,11.16
1975-06-19,11.16
1975-06-20,11.16
1975-06-21,11.16
1975-06-22,11.16
1975-06-23,11.16
1975-06-24,11.16
1975-06-25,11.16
1975-06-26,11.16
1975-06-27,11.16
1975-06-28,11.16
1975-06-29,11.16
1975-06-30,11.16
1975-07-01,11.16
1975-07-02,11.16
1975-07-03,11.16
1975-07-04,11.16
1975-07-05,11.16
1975-07-06,11.16
1975-07-07,11.16
1975-07-08,11.16
1975-07-09,11.16
1975-07-10,11.16
1975-07-11,11.16
1975-07-12,11.16
1975-07-13,11.16
1975-07-14,11.16
1975-07-15,11.16
1975-07-16,11.16
1975-07-17,11.16
1975-07-18,11.16
1975-07-19,11.16
1975-07-20,11.16
1975-07-21,11.16
1975-07-22,11.16
1975-07-23,11.16
1975-07-24,11.16
1975-07-25,11.16
1975-07-26,11.16
1975-07-27,11.16
1975-07-28,11.16
1975-07-29,11.16
1975-07-30,11.16
1975-07-31,11.16
1975-08-01,11.16
1975-08-02,11.16
1975-08-03,11.16
1975-08-04,11.16
1975-08-05,11.16
1975-08-06,11.16
1975-08-07,11.16
1975-08-08,11.16
1975-08-09,11.16
1975-08-10,11.16
1975-08-11,11.16
1975-08-12,11.16
1975-08-13,11.16
1975-08-14,11.16
1975-08-15,11.16
1975-08-16,11.16
1975-08-17,11.16
1975-08-18,11.16
1975-08-19,11.16
1975-08-20,11.16
1975-08-21,11.16
1975-08-22,11.16
1975-08-23,11.16
1975-08-24,11.16
1975-08-25,11.16
1975-08-26,11.16
1975-08-27,11.16
1975-08-28,11.16
1975-08-29,11.16
1975-08-30,11.16
1975-08-31,11.16
1975-09-01,11.16
1975-09-02,11.16
1975-09-03,11.16
1975-09-04,11.16
1975-09-05,11.16
1975-09-06,11.16
1975-09-07,11.16
1975-09-08,11.16
1975-09-09,11.16
1975-09-10,11.16
1975-09-11,11.16
1975-09-12,11.16
1975-09-13,11.16
1975-09-14,11.16
1975-09-15,11.16
1975-09-16,11.16
1975-09-17,11.16
1975-09-18,11.16
1975-09-19,11.16
1975-09-20,11.16
1975-09-21,11.16
1975-09-22,11.16
1975-09-23,11.16
1975-09-24,11.16
1975-09-25,11.16
1975-09-26,11.16
1975-09-27,11.16
1975-09-28,11.16
1975-09-29,11.16
1975-09-30,11.16
1975-10-01,11.16
1975-10-02,11.16
1975-10-03,11.16
1975-10-04,11.16
1975-10-05,11.16
1975-10-06,11.16
1975-10-07,11.16
1975-10-08,11.16
1975-10-09,11.16
1975-10-10,11.16
1975-10-11,11.16
1975-10-12,11.16
1975-10-13,11.16
1975-10-14,11.16
1975-10-15,11.16
1975-10-16,11.16
1975-10-17,11.16
1975-10-18,11.16
1975-10-19,11.16
1975-10-20,11.16
1975-10-21,11.16
1975-10-22,11.16
1975-10-23,11.16
1975-10-24,11.16
1975-10-25,11.16
1975-10-26,11.16
1975-10-27,11.16
1975-10-28,11.16
1975-10-29,11.16
1975-10-30,11.16
1975-10-31,11.16
1975-11-01,11.16
1975-11-02,11.16
1975-11-03,11.16
1975-11-04,11.16
1975-11-05,11.16
1975-11-06,11.16
1975-11-07,11.16
1975-11-08,11.16
1975-11-09,11.16
1975-11-10,11.16
1975-11-11,11.16
1975-11-12,11.16
1975-11-13,11.16
1975-11-14,11.16
1975-11-15,11.16
1975-11-16,11.16
1975-11-17,11.16
1975-11-18,11.16
1975-11-19,11.16
1975-11-20,11.16
1975-11-21,11.16
1975-11-22,11.16
1975-11-23,11.16
1975-11-24,11.16
1975-11-25,11.16
1975-11-26,11.16
1975-11-27,11.16
1975-11-28,11.16
1975-11-29,11.16
1975-11-30,11.16
1975-12-01,11.16
1975-12-02,11.16
1975-12-03,11.16
1975-12-04,11.16
1975-12-05,11.16
1975-12-06,11.16
1975-12-07,11.16
1975-12-08,11.16
1975-12-09,11.16
1975-12-10,11.16
1975-12-11,11.16
1975-12-12,11.16
1975-12-13,11.16
1975-12-14,11.16
1975-12-15,11.16
1975-12-16,11.16
1975-12-17,11.16
1975-12-18,11.16
1975-12-19,11.16
1975-12-20,11.16
1975-12-21,11.16
1975-12-22,11.16
1975-12-23,11.16
1975-12-24,11.16
1975-12-25,11.16
1975-12-26,11.16
1975-12-27,11.16
1975-12-28,11.16
1975-12-29,11.16
1975-12-30,11.16
1975-12-31,11.16
1976-01-01,11.16
1976-01-02,11.16
1976-01-03,11.16
1976-01-04,11.16
1976-01-05,11.16
1976-01-06,11.16
1976-01-07,11.16
1976-01-08,11.16
1976-01-09,11.16
1976-01-10,11.16
1976-01-11,11.16
1976-01-12,11.16
1976-01-13,11.16
1976-01-14,11.16
1976-01-15,11.16
1976-01-16,11.16
1976-01-17,11.16
1976-01-18,11.16
1976-01-19,11.16
1976-01-20,11.16
1976-01-21,11.16
1976-01-22,11.16
1976-01-23,11.16
1976-01-24,11.16
1976-01-25,11.16
1976-01-26,11.16
1976-01-27,11.16
1976-01-28,11.16
1976-01-29,11.16
1976-01-30,11.16
1976-01-31,11.16
1976-02-01,12.03
1976-02-02,12.03
1976-02-03,12.03
1976-02-04,12.03
1976-02-05,12.03
1976-02-06,12.03
1976-02-07,12.03
1976-02-08,12.03
1976-02-09,12.03
1976-02-10,12.03
1976-02-11,12.03
1976-02-12,12.03
1976-02-13,12.03
1976-02-14,12.03
1976-02-15,12.03
1976-02-16,12.03
1976-02-17,12.03
1976-02-18,12.03
1976-02-19,12.03
1976-02-20,12.03
1976-02-21,12.03
1976-02-22,12.03
1976-02-23,12.03
1976-02-24,12.03
1976-02-25,12.03
1976-02-26,12.03
1976-02-27,12.03
1976-02-28,12.03
1976-02-29,12.03
1976-03-01,12.1
1976-03-02,12.1
1976-03-03,12.1
1976-03-04,12.1
1976-03-05,12.1
1976-03-06,12.1
1976-03-07,12.1
1976-03-08,12.1
1976-03-09,12.1
1976-03-10,12.1
1976-03-11,12.1
1976-03-12,12.1
1976-03-13,12.1
1976-03-14,12.1
1976-03-15,12.1
1976-03-16,12.1
1976-03-17,12.1
1976-03-18,12.1
1976-03-19,12.1
1976-03-20,12.1
1976-03-21,12.1
1976-03-22,12.1
1976-03-23,12.1
1976-03-24,12.1
1976-03-25,12.1
1976-03-26,12.1
1976-03-27,12.1
1976-03-28,12.1
1976-03-29,12.1
1976-03-30,12.1
1976-03-31,12.1
1976-04-01,12.17
1976-04-02,12.17
1976-04-03,12.17
1976-04-04,12.17
1976-04-05,12.17
1976-04-06,12.17
1976-04-07,12.17
1976-04-08,12.17
1976-04-09,12.17
1976-04-10,12.17
1976-04-11,12.17
1976-04-12,12.17
1976-04-13,12.17
1976-04-14,12.17
1976-04-15,12.17
1976-04-16,12.17
1976-04-17,12.17
1976-04-18,12.17
1976-04-19,12.17
1976-04-20,12.17
1976-04-21,12.17
1976-04-22,12.17
1976-04-23,12.17
1976-04-24,12.17
1976-04-25,12.17
1976-04-26,12.17
1976-04-27,12.17
1976-04-28,12.17
1976-04-29,12.17
1976-04-30,12.17
1976-05-01,12.17
1976-05-02,12.17
1976-05-03,12.17
1976-05-04,12.17
1976-05-05,12.17
1976-05-06,12.17
1976-05-07,12.17
1976-05-08,12.17
1976-05-09,12.17
1976-05-10,12.17
1976-05-11,12.17
1976-05-12,12.17
1976-05-13,12.17
1976-05-14,12.17
1976-05-15,12.17
1976-05-16,12.17
1976-05-17,12.17
1976-05-18,12.17
1976-05-19,12.17
1976-05-20,12.17
1976-05-21,12.17
1976-05-22,12.17
1976-05-23,12.17
1976-05-24,12.17
1976-05-25,12.17
1976-05-26,12.17
1976-05-27,12.17
1976-05-28,12.17
1976-05-29,12.17
1976-05-30,12.17
1976-05-31,12.17
1976-06-01,12.17
1976-06-02,12.17
1976-06-03,12.17
1976-06-04,12.17
1976-06-05,12.17
1976-06-06,12.17
1976-06-07,12.17
1976-06-08,12.17
1976-06-09,12.17
1976-06-10,12.17
1976-06-11,12.17
1976-06-12,12.17
1976-06-13,12.17
1976-06-14,12.17
1976-06-15,12.17
1976-06-16,12.17
1976-06-17,12.17
1976-06-18,12.17
1976-06-19,12.17
1976-06-20,12.17
1976-06-21,12.17
1976-06-22,12.17
1976-06-23,12.17
1976-06-24,12.17
1976-06-25,12.17
1976-06-26,12.17
1976-06-27,12.17
1976-06-28,12.17
1976-06-29,12.17
1976-06-30,12.17
1976-07-01,12.17
1976-07-02,12.17
1976-07-03,12.17
1976-07-04,12.17
1976-07-05,12.17
1976-07-06,12.17
1976-07-07,12.17
1976-07-08,12.17
1976-07-09,12.17
1976-07-10,12.17
1976-07-11,12.17
1976-07-12,12.17
1976-07-13,12.17
1976-07-14,12.17
1976-07-15,12.17
1976-07-16,12.17
1976-07-17,12.17
1976-07-18,12.17
1976-07-19,12.17
1976-07-20,12.17
1976-07-21,12.17
1976-07-22,12.17
1976-07-23,12.17
1976-07-24,12.17
1976-07-25,12.17
1976-07-26,12.17
1976-07-27,12.17
1976-07-28,12.17
1976-07-29,12.17
1976-07-30,12.17
1976-07-31,12.17
1976-08-01,12.17
1976-08-02,12.17
1976-08-03,12.17
1976-08-04,12.17
1976-08-05,12.17
1976-08-06,12.17
1976-08-07,12.17
1976-08-08,12.17
1976-08-09,12.17
1976-08-10,12.17
1976-08-11,12.17
1976-08-12,12.17
1976-08-13,12.17
1976-08-14,12.17
1976-08-15,12.17
1976-08-16,12.17
1976-08-17,12.17
1976-08-18,12.17
1976-08-19,12.17
1976-08-20,12.17
1976-08-21,12.17
1976-08-22,12.17
1976-08-23,12.17
1976-08-24,12.17
1976-08-25,12.17
1976-08-26,12.17
1976-08-27,12.17
1976-08-28,12.17
1976-08-29,12.17
1976-08-30,12.17
1976-08-31,12.17
1976-09-01,13.9
1976-09-02,13.9
1976-09-03,13.9
1976-09-04,13.9
1976-09-05,13.9
1976-09-06,13.9
1976-09-07,13.9
1976-09-08,13.9
1976-09-09,13.9
1976-09-10,13.9
1976-09-11,13.9
1976-09-12,13.9
1976-09-13,13.9
1976-09-14,13.9
1976-09-15,13.9
1976-09-16,13.9
1976-09-17,13.9
1976-09-18,13.9
1976-09-19,13.9
1976-09-20,13.9
1976-09-21,13.9
1976-09-22,13.9
1976-09-23,13.9
1976-09-24,13.9
1976-09-25,13.9
1976-09-26,13.9
1976-09-27,13.9
1976-09-28,13.9
1976-09-29,13.9
1976-09-30,13.9
1976-10-01,13.9
1976-10-02,13.9
1976-10-03,13.9
1976-10-04,13.9
1976-10-05,13.9
1976-10-06,13.9
1976-10-07,13.9
1976-10-08,13.9
1976-10-09,13.9
1976-10-10,13.9
1976-10-11,13.9
1976-10-12,13.9
1976-10-13,13.9
1976-10-14,13.9
1976-10-15,13.9
1976-10-16,13.9
1976-10-17,13.9
1976-10-18,13.9
1976-10-19,13.9
1976-10-20,13.9
1976-10-21,13.9
1976-10-22,13.9
1976-10-23,13.9
1976-10-24,13.9
1976-10-25,13.9
1976-10-26,13.9
1976-10-27,13.9
1976-10-28,13.9
1976-10-29,13.9
1976-10-30,13.9
1976-10-31,13.9
1976-11-01,13.9
1976-11-02,13.9
1976-11-03,13.9
1976-11-04,13.9
1976-11-05,13.9
1976-11-06,13.9
1976-11-07,13.9
1976-11-08,13.9
1976-11-09,13.9
1976-11-10,13.9
1976-11-11,13.9
1976-11-12,13.9
1976-11-13,13.9
1976-11-14,13.9
1976-11-15,13.9
1976-11-16,13.9
1976-11-17,13.9
1976-11-18,13.9
1976-11-19,13.9
1976-11-20,13.9
1976-11-21,13.9
1976-11-22,13.9
1976-11-23,13.9
1976-11-24,13.9
1976-11-25,13.9
1976-11-26,13.9
1976-11-27,13.9
1976-11-28,13.9
1976-11-29,13.9
1976-11-30,13.9
1976-12-01,13.9
1976-12-02,13.9
1976-12-03,13.9
1976-12-04,13.9
1976-12-05,13.9
1976-12-06,13.9
1976-12-07,13.9
1976-12-08,13.9
1976-12-09,13.9
1976-12-10,13.9
1976-12-11,13.9
1976-12-12,13.9
1976-12-13,13.9
1976-12-14,13.9
1976-12-15,13.9
1976-12-16,13.9
1976-12-17,13.9
1976-12-18,13.9
1976-12-19,13.9
1976-12-20,13.9
1976-12-21,13.9
1976-12-22,13.9
1976-12-23,13.9
1976-12-24,13.9
1976-12-25,13.9
1976-12-26,13.9
1976-12-27,13.9
1976-12-28,13.9
1976-12-29,13.9
1976-12-30,13.9
1976-12-31,13.9
1977-01-01,13.9
1977-01-02,13.9
1977-01-03,13.9
1977-01-04,13.9
1977-01-05,13.9
1977-01-06,13.9
1977-01-07,13.9
1977-01-08,13.9
1977-01-09,13.9
1977-01-10,13.9
1977-01-11,13.9
1977-01-12,13.9
1977-01-13,13.9
1977-01-14,13.9
1977-01-15,13.9
1977-01-16,13.9
1977-01-17,13.9
1977-01-18,13.9
1977-01-19,13.9
1977-01-20,13.9
1977-01-21,13.9
1977-01-22,13.9
1977-01-23,13.9
1977-01-24,13.9
1977-01-25,13.9
1977-01-26,13.9
1977-01-27,13.9
1977-01-28,13.9
1977-01-29,13.9
1977-01-30,13.9
1977-01-31,13.9
1977-02-01,13.9
1977-02-02,13.9
1977-02-03,13.9
1977-02-04,13.9
1977-02-05,13.9
1977-02-06,13.9
1977-02-07,13.9
1977-02-08,13.9
1977-02-09,13.9
1977-02-10,13.9
1977-02-11,13.9
1977-02-12,13.9
1977-02-13,13.9
1977-02-14,13.9
1977-02-15,13.9
1977-02-16,13.9
1977-02-17,13.9
1977-02-18,13.9
1977-02-19,13.9
1977-02-20,13.9
1977-02-21,13.9
1977-02-22,13.9
1977-02-23,13.9
1977-02-24,13.9
1977-02-25,13.9
1977-02-26,13.9
1977-02-27,13.9
1977-02-28,13.9
1977-03-01,13.9
1977-03-02,13.9
1977-03-03,13.9
1977-03-04,13.9
1977-03-05,13.9
1977-03-06,13.9
1977-03-07,13.9
1977-03-08,13.9
1977-03-09,13.9
1977-03-10,13.9
1977-03-11,13.9
1977-03-12,13.9
1977-03-13,13.9
1977-03-14,13.9
1977-03-15,13.9
1977-03-16,13.9
1977-03-17,13.9
1977-03-18,13.9
1977-03-19,13.9
1977-03-20,13.9
1977-03-21,13.9
1977-03-22,13.9
1977-03-23,13.9
1977-03-24,13.9
1977-03-25,13.9
1977-03-26,13.9
1977-03-27,13.9
1977-03-28,13.9
1977-03-29,13.9
1977-03-30,13.9
1977-03-31,13.9
1977-04-01,13.9
1977-04-02,13.9
1977-04-03,13.9
1977-04-04,13.9
1977-04-05,13.9
1977-04-06,13.9
1977-04-07,13.9
1977-04-08,13.9
1977-04-09,13.9
1977-04-10,13.9
1977-04-11,13.9
1977-04-12,13.9
1977-04-13,13.9
1977-04-14,13.9
1977-04-15,13.9
1977-04-16,13.9
1977-04-17,13.9
1977-04-18,13.9
1977-04-19,13.9
1977-04-20,13.9
1977-04-21,13.9
1977-04-22,13.9
1977-04-23,13.9
1977-04-24,13.9
1977-04-25,13.9
1977-04-26,13.9
1977-04-27,13.9
1977-04-28,13.9
1977-04-29,13.9
1977-04-30,13.9
1977-05-01,13.9
1977-05-02,13.9
1977-05-03,13.9
1977-05-04,13.9
1977-05-05,13.9
1977-05-06,13.9
1977-05-07,13.9
1977-05-08,13.9
1977-05-09,13.9
1977-05-10,13.9
1977-05-11,13.9
1977-05-12,13.9
1977-05-13,13.9
1977-05-14,13.9
1977-05-15,13.9
1977-05-16,13.9
1977-05-17,13.9
1977-05-18,13.9
1977-05-19,13.9
1977-05-20,13.9
1977-05-21,13.9
1977-05-22,13.9
1977-05-23,13.9
1977-05-24,13.9
1977-05-25,13.9
1977-05-26,13.9
1977-05-27,13.9
1977-05-28,13.9
1977-05-29,13.9
1977-05-30,13.9
1977-05-31,13.9
1977-06-01,13.9
1977-06-02,13.9
1977-06-03,13.9
1977-06-04,13.9
1977-06-05,13.9
1977-06-06,13.9
1977-06-07,13.9
1977-06-08,13.9
1977-06-09,13.9
1977-06-10,13.9
1977-06-11,13.9
1977-06-12,13.9
1977-06-13,13.9
1977-06-14,13.9
1977-06-15,13.9
1977-06-16,13.9
1977-06-17,13.9
1977-06-18,13.9
1977-06-19,13.9
1977-06-20,13.9
1977-06-21,13.9
1977-06-22,13.9
1977-06-23,13.9
1977-06-24,13.9
1977-06-25,13.9
1977-06-26,13.9
1977-06-27,13.9
1977-06-28,13.9
1977-06-29,13.9
1977-06-30,13.9
1977-07-01,13.9
1977-07-02,13.9
1977-07-03,13.9
1977-07-04,13.9
1977-07-05,13.9
1977-07-06,13.9
1977-07-07,13.9
1977-07-08,13.9
1977-07-09,13.9
1977-07-10,13.9
1977-07-11,13.9
1977-07-12,13.9
1977-07-13,13.9
1977-07-14,13.9
1977-07-15,13.9
1977-07-16,13.9
1977-07-17,13.9
1977-07-18,13.9
1977-07-19,13.9
1977-07-20,13.9
1977-07-21,13.9
1977-07-22,13.9
1977-07-23,13.9
1977-07-24,13.9
1977-07-25,13.9
1977-07-26,13.9
1977-07-27,13.9
1977-07-28,13.9
1977-07-29,13.9
1977-07-30,13.9
1977-07-31,13.9
1977-08-01,14.85
1977-08-02,14.85
1977-08-03,14.85
1977-08-04,14.85
1977-08-05,14.85
1977-08-06,14.85
1977-08-07,14.85
1977-08-08,14.85
1977-08-09,14.85
1977-08-10,14.85
1977-08-11,14.85
1977-08-12,14.85
1977-08-13,14.85
1977-08-14,14.85
1977-08-15,14.85
1977-08-16,14.85
1977-08-17,14.85
1977-08-18,14.85
1977-08-19,14.85
1977-08-20,14.85
1977-08-21,14.85
1977-08-22,14.85
1977-08-23,14.85
1977-08-24,14.85
1977-08-25,14.85
1977-08-26,14.85
1977-08-27,14.85
1977-08-28,14.85
1977-08-29,14.85
1977-08-30,14.85
1977-08-31,14.85
1977-09-01,14.85
1977-09-02,14.85
1977-09-03,14.85
1977-09-04,14.85
1977-09-05,14.85
1977-09-06,14.85
1977-09-07,14.85
1977-09-08,14.85
1977-09-09,14.85
1977-09-10,14.85
1977-09-11,14.85
1977-09-12,14.85
1977-09-13,14.85
1977-09-14,14.85
1977-09-15,14.85
1977-09-16,14.85
1977-09-17,14.85
1977-09-18,14.85
1977-09-19,14.85
1977-09-20,14.85
1977-09-21,14.85
1977-09-22,14.85
1977-09-23,14.85
1977-09-24,14.85
1977-09-25,14.85
1977-09-26,14.85
1977-09-27,14.85
1977-09-28,14.85
1977-09-29,14.85
1977-09-30,14.85
1977-10-01,14.85
1977-10-02,14.85
1977-10-03,14.85
1977-10-04,14.85
1977-10-05,14.85
1977-10-06,14.85
1977-10-07,14.85
1977-10-08,14.85
1977-10-09,14.85
1977-10-10,14.85
1977-10-11,14.85
1977-10-12,14.85
1977-10-13,14.85
1977-10-14,14.85
1977-10-15,14.85
1977-10-16,14.85
1977-10-17,14.85
1977-10-18,14.85
1977-10-19,14.85
1977-10-20,14.85
1977-10-21,14.85
1977-10-22,14.85
1977-10-23,14.85
1977-10-24,14.85
1977-10-25,14.85
1977-10-26,14.85
1977-10-27,14.85
1977-10-28,14.85
1977-10-29,14.85
1977-10-30,14.85
1977-10-31,14.85
1977-11-01,14.85
1977-11-02,14.85
1977-11-03,14.85
1977-11-04,14.85
1977-11-05,14.85
1977-11-06,14.85
1977-11-07,14.85
1977-11-08,14.85
1977-11-09,14.85
1977-11-10,14.85
1977-11-11,14.85
1977-11-12,14.85
1977-11-13,14.85
1977-11-14,14.85
1977-11-15,14.85
1977-11-16,14.85
1977-11-17,14.85
1977-11-18,14.85
1977-11-19,14.85
1977-11-20,14.85
1977-11-21,14.85
1977-11-22,14.85
1977-11-23,14.85
1977-11-24,14.85
1977-11-25,14.85
1977-11-26,14.85
1977-11-27,14.85
1977-11-28,14.85
1977-11-29,14.85
1977-11-30,14.85
1977-12-01,14.85
1977-12-02,14.85
1977-12-03,14.85
1977-12-04,14.85
1977-12-05,14.85
1977-12-06,14.85
1977-12-07,14.85
1977-12-08,14.85
1977-12-09,14.85
1977-12-10,14.85
1977-12-11,14.85
1977-12-12,14.85
1977-12-13,14.85
1977-12-14,14.85
1977-12-15,14.85
1977-12-16,14.85
1977-12-17,14.85
1977-12-18,14.85
1977-12-19,14.85
1977-12-20,14.85
1977-12-21,14.85
1977-12-22,14.85
1977-12-23,14.85
1977-12-24,14.85
1977-12-25,14.85
1977-12-26,14.85
1977-12-27,14.85
1977-12-28,14.85
1977-12-29,14.85
1977-12-30,14.85
1977-12-31,14.85
1978-01-01,14.85
1978-01-02,14.85
1978-01-03,14.85
1978-01-04,14.85
1978-01-05,14.85
1978-01-06,14.85
1978-01-07,14.85
1978-01-08,14.85
1978-01-09,14.85
1978-01-10,14.85
1978-01-11,14.85
1978-01-12,14.85
1978-01-13,14.85
1978-01-14,14.85
1978-01-15,14.85
1978-01-16,14.85
1978-01-17,14.85
1978-01-18,14.85
1978-01-19,14.85
1978-01-20,14.85
1978-01-21,14.85
1978-01-22,14.85
1978-01-23,14.85
1978-01-24,14.85
1978-01-25,14.85
1978-01-26,14.85
1978-01-27,14.85
1978-01-28,14.85
1978-01-29,14.85
1978-01-30,14.85
1978-01-31,14.85
1978-02-01,14.85
1978-02-02,14.85
1978-02-03,14.85
1978-02-04,14.85
1978-02-05,14.85
1978-02-06,14.85
1978-02-07,14.85
1978-02-08,14.85
1978-02-09,14.85
1978-02-10,14.85
1978-02-11,14.85
1978-02-12,14.85
1978-02-13,14.85
1978-02-14,14.85
1978-02-15,14.85
1978-02-16,14.85
1978-02-17,14.85
1978-02-18,14.85
1978-02-19,14.85
1978-02-20,14.85
1978-02-21,14.85
1978-02-22,14.85
1978-02-23,14.85
1978-02-24,14.85
1978-02-25,14.85
1978-02-26,14.85
1978-02-27,14.85
1978-02-28,14.85
1978-03-01,14.85
1978-03-02,14.85
1978-03-03,14.85
1978-03-04,14.85
1978-03-05,14.85
1978-03-06,14.85
1978-03-07,14.85
1978-03-08,14.85
1978-03-09,14.85
1978-03-10,14.85
1978-03-11,14.85
1978-03-12,14.85
1978-03-13,14.85
1978-03-14,14.85
1978-03-15,14.85
1978-03-16,14.85
1978-03-17,14.85
1978-03-18,14.85
1978-03-19,14.85
1978-03-20,14.85
1978-03-21,14.85
1978-03-22,14.85
1978-03-23,14.85
1978-03-24,14.85
1978-03-25,14.85
1978-03-26,14.85
1978-03-27,14.85
1978-03-28,14.85
1978-03-29,14.85
1978-03-30,14.85
1978-03-31,14.85
1978-04-01,14.85
1978-04-02,14.85
1978-04-03,14.85
1978-04-04,14.85
1978-04-05,14.85
1978-04-06,14.85
1978-04-07,14.85
1978-04-08,14.85
1978-04-09,14.85
1978-04-10,14.85
1978-04-11,14.85
1978-04-12,14.85
1978-04-13,14.85
1978-04-14,14.85
1978-04-15,14.85
1978-04-16,14.85
1978-04-17,14.85
1978-04-18,14.85
1978-04-19,14.85
1978-04-20,14.85
1978-04-21,14.85
1978-04-22,14.85
1978-04-23,14.85
1978-04-24,14.85
1978-04-25,14.85
1978-04-26,14.85
1978-04-27,14.85
1978-04-28,14.85
1978-04-29,14.85
1978-04-30,14.85
1978-05-01,14.85
1978-05-02,14.85
1978-05-03,14.85
1978-05-04,14.85
1978-05-05,14.85
1978-05-06,14.85
1978-05-07,14.85
1978-05-08,14.85
1978-05-09,14.85
1978-05-10,14.85
1978-05-11,14.85
1978-05-12,14.85
1978-05-13,14.85
1978-05-14,14.85
1978-05-15,14.85
1978-05-16,14.85
1978-05-17,14.85
1978-05-18,14.85
1978-05-19,14.85
1978-05-20,14.85
1978-05-21,14.85
1978-05-22,14.85
1978-05-23,14.85
1978-05-24,14.85
1978-05-25,14.85
1978-05-26,14.85
1978-05-27,14.85
1978-05-28,14.85
1978-05-29,14.85
1978-05-30,14.85
1978-05-31,14.85
1978-06-01,14.85
1978-06-02,14.85
1978-06-03,14.85
1978-06-04,14.85
1978-06-05,14.85
1978-06-06,14.85
1978-06-07,14.85
1978-06-08,14.85
1978-06-09,14.85
1978-06-10,14.85
1978-06-11,14.85
1978-06-12,14.85
1978-06-13,14.85
1978-06-14,14.85
1978-06-15,14.85
1978-06-16,14.85
1978-06-17,14.85
1978-06-18,14.85
1978-06-19,14.85
1978-06-20,14.85
1978-06-21,14.85
1978-06-22,14.85
1978-06-23,14.85
1978-06-24,14.85
1978-06-25,14.85
1978-06-26,14.85
1978-06-27,14.85
1978-06-28,14.85
1978-06-29,14.85
1978-06-30,14.85
1978-07-01,14.85
1978-07-02,14.85
1978-07-03,14.85
1978-07-04,14.85
1978-07-05,14.85
1978-07-06,14.85
1978-07-07,14.85
1978-07-08,14.85
1978-07-09,14.85
1978-07-10,14.85
1978-07-11,14.85
1978-07-12,14.85
1978-07-13,14.85
1978-07-14,14.85
1978-07-15,14.85
1978-07-16,14.85
1978-07-17,14.85
1978-07-18,14.85
1978-07-19,14.85
1978-07-20,14.85
1978-07-21,14.85
1978-07-22,14.85
1978-07-23,14.85
1978-07-24,14.85
1978-07-25,14.85
1978-07-26,14.85
1978-07-27,14.85
1978-07-28,14.85
1978-07-29,14.85
1978-07-30,14.85
1978-07-31,14.85
1978-08-01,14.85
1978-08-02,14.85
1978-08-03,14.85
1978-08-04,14.85
1978-08-05,14.85
1978-08-06,14.85
1978-08-07,14.85
1978-08-08,14.85
1978-08-09,14.85
1978-08-10,14.85
1978-08-11,14.85
1978-08-12,14.85
1978-08-13,14.85
1978-08-14,14.85
1978-08-15,14.85
1978-08-16,14.85
1978-08-17,14.85
1978-08-18,14.85
1978-08-19,14.85
1978-08-20,14.85
1978-08-21,14.85
1978-08-22,14.85
1978-08-23,14.85
1978-08-24,14.85
1978-08-25,14.85
1978-08-26,14.85
1978-08-27,14.85
1978-08-28,14.85
1978-08-29,14.85
1978-08-30,14.85
1978-08-31,14.85
1978-09-01,14.85
1978-09-02,14.85
1978-09-03,14.85
1978-09-04,14.85
1978-09-05,14.85
1978-09-06,14.85
1978-09-07,14.85
1978-09-08,14.85
1978-09-09,14.85
1978-09-10,14.85
1978-09-11,14.85
1978-09-12,14.85
1978-09-13,14.85
1978-09-14,14.85
1978-09-15,14.85
1978-09-16,14.85
1978-09-17,14.85
1978-09-18,14.85
1978-09-19,14.85
1978-09-20,14.85
1978-09-21,14.85
1978-09-22,14.85
1978-09-23,14.85
1978-09-24,14.85
1978-09-25,14.85
1978-09-26,14.85
1978-09-27,14.85
1978-09-28,14.85
1978-09-29,14.85
1978-09-30,14.85
1978-10-01,14.85
1978-10-02,14.85
1978-10-03,14.85
1978-10-04,14.85
1978-10-05,14.85
1978-10-06,14.85
1978-10-07,14.85
1978-10-08,14.85
1978-10-09,14.85
1978-10-10,14.85
1978-10-11,14.85
1978-10-12,14.85
1978-10-13,14.85
1978-10-14,14.85
1978-10-15,14.85
1978-10-16,14.85
1978-10-17,14.85
1978-10-18,14.85
1978-10-19,14.85
1978-10-20,14.85
1978-10-21,14.85
1978-10-22,14.85
1978-10-23,14.85
1978-10-24,14.85
1978-10-25,14.85
1978-10-26,14.85
1978-10-27,14.85
1978-10-28,14.85
1978-10-29,14.85
1978-10-30,14.85
1978-10-31,14.85
1978-11-01,14.85
1978-11-02,14.85
1978-11-03,14.85
1978-11-04,14.85
1978-11-05,14.85
1978-11-06,14.85
1978-11-07,14.85
1978-11-08,14.85
1978-11-09,14.85
1978-11-10,14.85
1978-11-11,14.85
1978-11-12,14.85
1978-11-13,14.85
1978-11-14,14.85
1978-11-15,14.85
1978-11-16,14.85
1978-11-17,14.85
1978-11-18,14.85
1978-11-19,14.85
1978-11-20,14.85
1978-11-21,14.85
1978-11-22,14.85
1978-11-23,14.85
1978-11-24,14.85
1978-11-25,14.85
1978-11-26,14.85
1978-11-27,14.85
1978-11-28,14.85
1978-11-29,14.85
1978-11-30,14.85
1978-12-01,14.85
1978-12-02,14.85
1978-12-03,14.85
1978-12-04,14.85
1978-12-05,14.85
1978-12-06,14.85
1978-12-07,14.85
1978-12-08,14.85
1978-12-09,14.85
1978-12-10,14.85
1978-12-11,14.85
1978-12-12,14.85
1978-12-13,14.85
1978-12-14,14.85
1978-12-15,14.85
1978-12-16,14.85
1978-12-17,14.85
1978-12-18,14.85
1978-12-19,14.85
1978-12-20,14.85
1978-12-21,14.85
1978-12-22,14.85
1978-12-23,14.85
1978-12-24,14.85
1978-12-25,14.85
1978-12-26,14.85
1978-12-27,14.85
1978-12-28,14.85
1978-12-29,14.85
1978-12-30,14.85
1978-12-31,14.85
1979-01-01,14.85
1979-01-02,14.85
1979-01-03,14.85
1979-01-04,14.85
1979-01-05,14.85
1979-01-06,14.85
1979-01-07,14.85
1979-01-08,14.85
1979-01-09,14.85
1979-01-10,14.85
1979-01-11,14.85
1979-01-12,14.85
1979-01-13,14.85
1979-01-14,14.85
1979-01-15,14.85
1979-01-16,14.85
1979-01-17,14.85
1979-01-18,14.85
1979-01-19,14.85
1979-01-20,14.85
1979-01-21,14.85
1979-01-22,14.85
1979-01-23,14.85
1979-01-24,14.85
1979-01-25,14.85
1979-01-26,14.85
1979-01-27,14.85
1979-01-28,14.85
1979-01-29,14.85
1979-01-30,14.85
1979-01-31,14.85
1979-02-01,15.85
1979-02-02,15.85
1979-02-03,15.85
1979-02-04,15.85
1979-02-05,15.85
1979-02-06,15.85
1979-02-07,15.85
1979-02-08,15.85
1979-02-09,15.85
1979-02-10,15.85
1979-02-11,15.85
1979-02-12,15.85
1979-02-13,15.85
1979-02-14,15.85
1979-02-15,15.85
1979-02-16,15.85
1979-02-17,15.85
1979-02-18,15.85
1979-02-19,15.85
1979-02-20,15.85
1979-02-21,15.85
1979-02-22,15.85
1979-02-23,15.85
1979-02-24,15.85
1979-02-25,15.85
1979-02-26,15.85
1979-02-27,15.85
1979-02-28,15.85
1979-03-01,15.85
1979-03-02,15.85
1979-03-03,15.85
1979-03-04,15.85
1979-03-05,15.85
1979-03-06,15.85
1979-03-07,15.85
1979-03-08,15.85
1979-03-09,15.85
1979-03-10,15.85
1979-03-11,15.85
1979-03-12,15.85
1979-03-13,15.85
1979-03-14,15.85
1979-03-15,15.85
1979-03-16,15.85
1979-03-17,15.85
1979-03-18,15.85
1979-03-19,15.85
1979-03-20,15.85
1979-03-21,15.85
1979-03-22,15.85
1979-03-23,15.85
1979-03-24,15.85
1979-03-25,15.85
1979-03-26,15.85
1979-03-27,15.85
1979-03-28,15.85
1979-03-29,15.85
1979-03-30,15.85
1979-03-31,15.85
1979-04-01,15.85
1979-04-02,15.85
1979-04-03,15.85
1979-04-04,15.85
1979-04-05,15.85
1979-04-06,15.85
1979-04-07,15.85
1979-04-08,15.85
1979-04-09,15.85
1979-04-10,15.85
1979-04-11,15.85
1979-04-12,15.85
1979-04-13,15.85
1979-04-14,15.85
1979-04-15,15.85
1979-04-16,15.85
1979-04-17,15.85
1979-04-18,15.85
1979-04-19,15.85
1979-04-20,15.85
1979-04-21,15.85
1979-04-22,15.85
1979-04-23,15.85
1979-04-24,15.85
1979-04-25,15.85
1979-04-26,15.85
1979-04-27,15.85
1979-04-28,15.85
1979-04-29,15.85
1979-04-30,15.85
1979-05-01,18.1
1979-05-02,18.1
1979-05-03,18.1
1979-05-04,18.1
1979-05-05,18.1
1979-05-06,18.1
1979-05-07,18.1
1979-05-08,18.1
1979-05-09,18.1
1979-05-10,18.1
1979-05-11,18.1
1979-05-12,18.1
1979-05-13,18.1
1979-05-14,18.1
1979-05-15,18.1
1979-05-16,18.1
1979-05-17,18.1
1979-05-18,18.1
1979-05-19,18.1
1979-05-20,18.1
1979-05-21,18.1
1979-05-22,18.1
1979-05-23,18.1
1979-05-24,18.1
1979-05-25,18.1
1979-05-26,18.1
1979-05-27,18.1
1979-05-28,18.1
1979-05-29,18.1
1979-05-30,18.1
1979-05-31,18.1
1979-06-01,19.1
1979-06-02,19.1
1979-06-03,19.1
1979-06-04,19.1
1979-06-05,19.1
1979-06-06,19.1
1979-06-07,19.1
1979-06-08,19.1
1979-06-09,19.1
1979-06-10,19.1
1979-06-11,19.1
1979-06-12,19.1
1979-06-13,19.1
1979-06-14,19.1
1979-06-15,19.1
1979-06-16,19.1
1979-06-17,19.1
1979-06-18,19.1
1979-06-19,19.1
1979-06-20,19.1
1979-06-21,19.1
1979-06-22,19.1
1979-06-23,19.1
1979-06-24,19.1
1979-06-25,19.1
1979-06-26,19.1
1979-06-27,19.1
1979-06-28,19.1
1979-06-29,19.1
1979-06-30,19.1
1979-07-01,21.75
1979-07-02,21.75
1979-07-03,21.75
1979-07-04,21.75
1979-07-05,21.75
1979-07-06,21.75
1979-07-07,21.75
1979-07-08,21.75
1979-07-09,21.75
1979-07-10,21.75
1979-07-11,21.75
1979-07-12,21.75
1979-07-13,21.75
1979-07-14,21.75
1979-07-15,21.75
1979-07-16,21.75
1979-07-17,21.75
1979-07-18,21.75
1979-07-19,21.75
1979-07-20,21.75
1979-07-21,21.75
1979-07-22,21.75
1979-07-23,21.75
1979-07-24,21.75
1979-07-25,21.75
1979-07-26,21.75
1979-07-27,21.75
1979-07-28,21.75
1979-07-29,21.75
1979-07-30,21.75
1979-07-31,21.75
1979-08-01,26.5
1979-08-02,26.5
1979-08-03,26.5
1979-08-04,26.5
1979-08-05,26.5
1979-08-06,26.5
1979-08-07,26.5
1979-08-08,26.5
1979-08-09,26.5
1979-08-10,26.5
1979-08-11,26.5
1979-08-12,26.5
1979-08-13,26.5
1979-08-14,26.5
1979-08-15,26.5
1979-08-16,26.5
1979-08-17,26.5
1979-08-18,26.5
1979-08-19,26.5
1979-08-20,26.5
1979-08-21,26.5
1979-08-22,26.5
1979-08-23,26.5
1979-08-24,26.5
1979-08-25,26.5
1979-08-26,26.5
1979-08-27,26.5
1979-08-28,26.5
1979-08-29,26.5
1979-08-30,26.5
1979-08-31,26.5
1979-09-01,28.5
1979-09-02,28.5
1979-09-03,28.5
1979-09-04,28.5
1979-09-05,28.5
1979-09-06,28.5
1979-09-07,28.5
1979-09-08,28.5
1979-09-09,28.5
1979-09-10,28.5
1979-09-11,28.5
1979-09-12,28.5
1979-09-13,28.5
1979-09-14,28.5
1979-09-15,28.5
1979-09-16,28.5
1979-09-17,28.5
1979-09-18,28.5
1979-09-19,28.5
1979-09-20,28.5
1979-09-21,28.5
1979-09-22,28.5
1979-09-23,28.5
1979-09-24,28.5
1979-09-25,28.5
1979-09-26,28.5
1979-09-27,28.5
1979-09-28,28.5
1979-09-29,28.5
1979-09-30,28.5
1979-10-01,29.0
1979-10-02,29.0
1979-10-03,29.0
1979-10-04,29.0
1979-10-05,29.0
1979-10-06,29.0
1979-10-07,29.0
1979-10-08,29.0
1979-10-09,29.0
1979-10-10,29.0
1979-10-11,29.0
1979-10-12,29.0
1979-10-13,29.0
1979-10-14,29.0
1979-10-15,29.0
1979-10-16,29.0
1979-10-17,29.0
1979-10-18,29.0
1979-10-19,29.0
1979-10-20,29.0
1979-10-21,29.0
1979-10-22,29.0
1979-10-23,29.0
1979-10-24,29.0
1979-10-25,29.0
1979-10-26,29.0
1979-10-27,29.0
1979-10-28,29.0
1979-10-29,29.0
1979-10-30,29.0
1979-10-31,29.0
1979-11-01,31.0
1979-11-02,31.0
1979-11-03,31.0
1979-11-04,31.0
1979-11-05,31.0
1979-11-06,31.0
1979-11-07,31.0
1979-11-08,31.0
1979-11-09,31.0
1979-11-10,31.0
1979-11-11,31.0
1979-11-12,31.0
1979-11-13,31.0
1979-11-14,31.0
1979-11-15,31.0
1979-11-16,31.0
1979-11-17,31.0
1979-11-18,31.0
1979-11-19,31.0
1979-11-20,31.0
1979-11-21,31.0
1979-11-22,31.0
1979-11-23,31.0
1979-11-24,31.0
1979-11-25,31.0
1979-11-26,31.0
1979-11-27,31.0
1979-11-28,31.0
1979-11-29,31.0
1979-11-30,31.0
1979-12-01,32.5
1979-12-02,32.5
1979-12-03,32.5
1979-12-04,32.5
1979-12-05,32.5
1979-12-06,32.5
1979-12-07,32.5
1979-12-08,32.5
1979-12-09,32.5
1979-12-10,32.5
1979-12-11,32.5
1979-12-12,32.5
1979-12-13,32.5
1979-12-14,32.5
1979-12-15,32.5
1979-12-16,32.5
1979-12-17,32.5
1979-12-18,32.5
1979-12-19,32.5
1979-12-20,32.5
1979-12-21,32.5
1979-12-22,32.5
1979-12-23,32.5
1979-12-24,32.5
1979-12-25,32.5
1979-12-26,32.5
1979-12-27,32.5
1979-12-28,32.5
1979-12-29,32.5
1979-12-30,32.5
1979-12-31,32.5
1980-01-01,32.5
1980-01-02,32.5
1980-01-03,32.5
1980-01-04,32.5
1980-01-05,32.5
1980-01-06,32.5
1980-01-07,32.5
1980-01-08,32.5
1980-01-09,32.5
1980-01-10,32.5
1980-01-11,32.5
1980-01-12,32.5
1980-01-13,32.5
1980-01-14,32.5
1980-01-15,32.5
1980-01-16,32.5
1980-01-17,32.5
1980-01-18,32.5
1980-01-19,32.5
1980-01-20,32.5
1980-01-21,32.5
1980-01-22,32.5
1980-01-23,32.5
1980-01-24,32.5
1980-01-25,32.5
1980-01-26,32.5
1980-01-27,32.5
1980-01-28,32.5
1980-01-29,32.5
1980-01-30,32.5
1980-01-31,32.5
1980-02-01,37.0
1980-02-02,37.0
1980-02-03,37.0
1980-02-04,37.0
1980-02-05,37.0
1980-02-06,37.0
1980-02-07,37.0
1980-02-08,37.0
1980-02-09,37.0
1980-02-10,37.0
1980-02-11,37.0
1980-02-12,37.0
1980-02-13,37.0
1980-02-14,37.0
1980-02-15,37.0
1980-02-16,37.0
1980-02-17,37.0
1980-02-18,37.0
1980-02-19,37.0
1980-02-20,37.0
1980-02-21,37.0
1980-02-22,37.0
1980-02-23,37.0
1980-02-24,37.0
1980-02-25,37.0
1980-02-26,37.0
1980-02-27,37.0
1980-02-28,37.0
1980-02-29,37.0
1980-03-01,38.0
1980-03-02,38.0
1980-03-03,38.0
1980-03-04,38.0
1980-03-05,38.0
1980-03-06,38.0
1980-03-07,38.0
1980-03-08,38.0
1980-03-09,38.0
1980-03-10,38.0
1980-03-11,38.0
1980-03-12,38.0
1980-03-13,38.0
1980-03-14,38.0
1980-03-15,38.0
1980-03-16,38.0
1980-03-17,38.0
1980-03-18,38.0
1980-03-19,38.0
1980-03-20,38.0
1980-03-21,38.0
1980-03-22,38.0
1980-03-23,38.0
1980-03-24,38.0
1980-03-25,38.0
1980-03-26,38.0
1980-03-27,38.0
1980-03-28,38.0
1980-03-29,38.0
1980-03-30,38.0
1980-03-31,38.0
1980-04-01,39.5
1980-04-02,39.5
1980-04-03,39.5
1980-04-04,39.5
1980-04-05,39.5
1980-04-06,39.5
1980-04-07,39.5
1980-04-08,39.5
1980-04-09,39.5
1980-04-10,39.5
1980-04-11,39.5
1980-04-12,39.5
1980-04-13,39.5
1980-04-14,39.5
1980-04-15,39.5
1980-04-16,39.5
1980-04-17,39.5
1980-04-18,39.5
1980-04-19,39.5
1980-04-20,39.5
1980-04-21,39.5
1980-04-22,39.5
1980-04-23,39.5
1980-04-24,39.5
1980-04-25,39.5
1980-04-26,39.5
1980-04-27,39.5
1980-04-28,39.5
1980-04-29,39.5
1980-04-30,39.5
1980-05-01,39.5
1980-05-02,39.5
1980-05-03,39.5
1980-05-04,39.5
1980-05-05,39.5
1980-05-06,39.5
1980-05-07,39.5
1980-05-08,39.5
1980-05-09,39.5
1980-05-10,39.5
1980-05-11,39.5
1980-05-12,39.5
1980-05-13,39.5
1980-05-14,39.5
1980-05-15,39.5
1980-05-16,39.5
1980-05-17,39.5
1980-05-18,39.5
1980-05-19,39.5
1980-05-20,39.5
1980-05-21,39.5
1980-05-22,39.5
1980-05-23,39.5
1980-05-24,39.5
1980-05-25,39.5
1980-05-26,39.5
1980-05-27,39.5
1980-05-28,39.5
1980-05-29,39.5
1980-05-30,39.5
1980-05-31,39.5
1980-06-01,39.5
1980-06-02,39.5
1980-06-03,39.5
1980-06-04,39.5
1980-06-05,39.5
1980-06-06,39.5
1980-06-07,39.5
1980-06-08,39.5
1980-06-09,39.5
1980-06-10,39.5
1980-06-11,39.5
1980-06-12,39.5
1980-06-13,39.5
1980-06-14,39.5
1980-06-15,39.5
1980-06-16,39.5
1980-06-17,39.5
1980-06-18,39.5
1980-06-19,39.5
1980-06-20,39.5
1980-06-21,39.5
1980-06-22,39.5
1980-06-23,39.5
1980-06-24,39.5
1980-06-25,39.5
1980-06-26,39.5
1980-06-27,39.5
1980-06-28,39.5
1980-06-29,39.5
1980-06-30,39.5
1980-07-01,39.5
1980-07-02,39.5
1980-07-03,39.5
1980-07-04,39.5
1980-07-05,39.5
1980-07-06,39.5
1980-07-07,39.5
1980-07-08,39.5
1980-07-09,39.5
1980-07-10,39.5
1980-07-11,39.5
1980-07-12,39.5
1980-07-13,39.5
1980-07-14,39.5
1980-07-15,39.5
1980-07-16,39.5
1980-07-17,39.5
1980-07-18,39.5
1980-07-19,39.5
1980-07-20,39.5
1980-07-21,39.5
1980-07-22,39.5
1980-07-23,39.5
1980-07-24,39.5
1980-07-25,39.5
1980-07-26,39.5
1980-07-27,39.5
1980-07-28,39.5
1980-07-29,39.5
1980-07-30,39.5
1980-07-31,39.5
1980-08-01,38.0
1980-08-02,38.0
1980-08-03,38.0
1980-08-04,38.0
1980-08-05,38.0
1980-08-06,38.0
1980-08-07,38.0
1980-08-08,38.0
1980-08-09,38.0
1980-08-10,38.0
1980-08-11,38.0
1980-08-12,38.0
1980-08-13,38.0
1980-08-14,38.0
1980-08-15,38.0
1980-08-16,38.0
1980-08-17,38.0
1980-08-18,38.0
1980-08-19,38.0
1980-08-20,38.0
1980-08-21,38.0
1980-08-22,38.0
1980-08-23,38.0
1980-08-24,38.0
1980-08-25,38.0
1980-08-26,38.0
1980-08-27,38.0
1980-08-28,38.0
1980-08-29,38.0
1980-08-30,38.0
1980-08-31,38.0
1980-09-01,36.0
1980-09-02,36.0
1980-09-03,36.0
1980-09-04,36.0
1980-09-05,36.0
1980-09-06,36.0
1980-09-07,36.0
1980-09-08,36.0
1980-09-09,36.0
1980-09-10,36.0
1980-09-11,36.0
1980-09-12,36.0
1980-09-13,36.0
1980-09-14,36.0
1980-09-15,36.0
1980-09-16,36.0
1980-09-17,36.0
1980-09-18,36.0
1980-09-19,36.0
1980-09-20,36.0
1980-09-21,36.0
1980-09-22,36.0
1980-09-23,36.0
1980-09-24,36.0
1980-09-25,36.0
1980-09-26,36.0
1980-09-27,36.0
1980-09-28,36.0
1980-09-29,36.0
1980-09-30,36.0
1980-10-01,36.0
1980-10-02,36.0
1980-10-03,36.0
1980-10-04,36.0
1980-10-05,36.0
1980-10-06,36.0
1980-10-07,36.0
1980-10-08,36.0
1980-10-09,36.0
1980-10-10,36.0
1980-10-11,36.0
1980-10-12,36.0
1980-10-13,36.0
1980-10-14,36.0
1980-10-15,36.0
1980-10-16,36.0
1980-10-17,36.0
1980-10-18,36.0
1980-10-19,36.0
1980-10-20,36.0
1980-10-21,36.0
1980-10-22,36.0
1980-10-23,36.0
1980-10-24,36.0
1980-10-25,36.0
1980-10-26,36.0
1980-10-27,36.0
1980-10-28,36.0
1980-10-29,36.0
1980-10-30,36.0
1980-10-31,36.0
1980-11-01,36.0
1980-11-02,36.0
1980-11-03,36.0
1980-11-04,36.0
1980-11-05,36.0
1980-11-06,36.0
1980-11-07,36.0
1980-11-08,36.0
1980-11-09,36.0
1980-11-10,36.0
1980-11-11,36.0
1980-11-12,36.0
1980-11-13,36.0
1980-11-14,36.0
1980-11-15,36.0
1980-11-16,36.0
1980-11-17,36.0
1980-11-18,36.0
1980-11-19,36.0
1980-11-20,36.0
1980-11-21,36.0
1980-11-22,36.0
1980-11-23,36.0
1980-11-24,36.0
1980-11-25,36.0
1980-11-26,36.0
1980-11-27,36.0
1980-11-28,36.0
1980-11-29,36.0
1980-11-30,36.0
1980-12-01,37.0
1980-12-02,37.0
1980-12-03,37.0
1980-12-04,37.0
1980-12-05,37.0
1980-12-06,37.0
1980-12-07,37.0
1980-12-08,37.0
1980-12-09,37.0
1980-12-10,37.0
1980-12-11,37.0
1980-12-12,37.0
1980-12-13,37.0
1980-12-14,37.0
1980-12-15,37.0
1980-12-16,37.0
1980-12-17,37.0
1980-12-18,37.0
1980-12-19,37.0
1980-12-20,37.0
1980-12-21,37.0
1980-12-22,37.0
1980-12-23,37.0
1980-12-24,37.0
1980-12-25,37.0
1980-12-26,37.0
1980-12-27,37.0
1980-12-28,37.0
1980-12-29,37.0
1980-12-30,37.0
1980-12-31,37.0
1981-01-01,38.0
1981-01-02,38.0
1981-01-03,38.0
1981-01-04,38.0
1981-01-05,38.0
1981-01-06,38.0
1981-01-07,38.0
1981-01-08,38.0
1981-01-09,38.0
1981-01-10,38.0
1981-01-11,38.0
1981-01-12,38.0
1981-01-13,38.0
1981-01-14,38.0
1981-01-15,38.0
1981-01-16,38.0
1981-01-17,38.0
1981-01-18,38.0
1981-01-19,38.0
1981-01-20,38.0
1981-01-21,38.0
1981-01-22,38.0
1981-01-23,38.0
1981-01-24,38.0
1981-01-25,38.0
1981-01-26,38.0
1981-01-27,38.0
1981-01-28,38.0
1981-01-29,38.0
1981-01-30,38.0
1981-01-31,38.0
1981-02-01,38.0
1981-02-02,38.0
1981-02-03,38.0
1981-02-04,38.0
1981-02-05,38.0
1981-02-06,38.0
1981-02-07,38.0
1981-02-08,38.0
1981-02-09,38.0
1981-02-10,38.0
1981-02-11,38.0
1981-02-12,38.0
1981-02-13,38.0
1981-02-14,38.0
1981-02-15,38.0
1981-02-16,38.0
1981-02-17,38.0
1981-02-18,38.0
1981-02-19,38.0
1981-02-20,38.0
1981-02-21,38.0
1981-02-22,38.0
1981-02-23,38.0
1981-02-24,38.0
1981-02-25,38.0
1981-02-26,38.0
1981-02-27,38.0
1981-02-28,38.0
1981-03-01,38.0
1981-03-02,38.0
1981-03-03,38.0
1981-03-04,38.0
1981-03-05,38.0
1981-03-06,38.0
1981-03-07,38.0
1981-03-08,38.0
1981-03-09,38.0
1981-03-10,38.0
1981-03-11,38.0
1981-03-12,38.0
1981-03-13,38.0
1981-03-14,38.0
1981-03-15,38.0
1981-03-16,38.0
1981-03-17,38.0
1981-03-18,38.0
1981-03-19,38.0
1981-03-20,38.0
1981-03-21,38.0
1981-03-22,38.0
1981-03-23,38.0
1981-03-24,38.0
1981-03-25,38.0
1981-03-26,38.0
1981-03-27,38.0
1981-03-28,38.0
1981-03-29,38.0
1981-03-30,38.0
1981-03-31,38.0
1981-04-01,38.0
1981-04-02,38.0
1981-04-03,38.0
1981-04-04,38.0
1981-04-05,38.0
1981-04-06,38.0
1981-04-07,38.0
1981-04-08,38.0
1981-04-09,38.0
1981-04-10,38.0
1981-04-11,38.0
1981-04-12,38.0
1981-04-13,38.0
1981-04-14,38.0
1981-04-15,38.0
1981-04-16,38.0
1981-04-17,38.0
1981-04-18,38.0
1981-04-19,38.0
1981-04-20,38.0
1981-04-21,38.0
1981-04-22,38.0
1981-04-23,38.0
1981-04-24,38.0
1981-04-25,38.0
1981-04-26,38.0
1981-04-27,38.0
1981-04-28,38.0
1981-04-29,38.0
1981-04-30,38.0
1981-05-01,38.0
1981-05-02,38.0
1981-05-03,38.0
1981-05-04,38.0
1981-05-05,38.0
1981-05-06,38.0
1981-05-07,38.0
1981-05-08,38.0
1981-05-09,38.0
1981-05-10,38.0
1981-05-11,38.0
1981-05-12,38.0
1981-05-13,38.0
1981-05-14,38.0
1981-05-15,38.0
1981-05-16,38.0
1981-05-17,38.0
1981-05-18,38.0
1981-05-19,38.0
1981-05-20,38.0
1981-05-21,38.0
1981-05-22,38.0
1981-05-23,38.0
1981-05-24,38.0
1981-05-25,38.0
1981-05-26,38.0
1981-05-27,38.0
1981-05-28,38.0
1981-05-29,38.0
1981-05-30,38.0
1981-05-31,38.0
1981-06-01,36.0
1981-06-02,36.0
1981-06-03,36.0
1981-06-04,36.0
1981-06-05,36.0
1981-06-06,36.0
1981-06-07,36.0
1981-06-08,36.0
1981-06-09,36.0
1981-06-10,36.0
1981-06-11,36.0
1981-06-12,36.0
1981-06-13,36.0
1981-06-14,36.0
1981-06-15,36.0
1981-06-16,36.0
1981-06-17,36.0
1981-06-18,36.0
1981-06-19,36.0
1981-06-20,36.0
1981-06-21,36.0
1981-06-22,36.0
1981-06-23,36.0
1981-06-24,36.0
1981-06-25,36.0
1981-06-26,36.0
1981-06-27,36.0
1981-06-28,36.0
1981-06-29,36.0
1981-06-30,36.0
1981-07-01,36.0
1981-07-02,36.0
1981-07-03,36.0
1981-07-04,36.0
1981-07-05,36.0
1981-07-06,36.0
1981-07-07,36.0
1981-07-08,36.0
1981-07-09,36.0
1981-07-10,36.0
1981-07-11,36.0
1981-07-12,36.0
1981-07-13,36.0
1981-07-14,36.0
1981-07-15,36.0
1981-07-16,36.0
1981-07-17,36.0
1981-07-18,36.0
1981-07-19,36.0
1981-07-20,36.0
1981-07-21,36.0
1981-07-22,36.0
1981-07-23,36.0
1981-07-24,36.0
1981-07-25,36.0
1981-07-26,36.0
1981-07-27,36.0
1981-07-28,36.0
1981-07-29,36.0
1981-07-30,36.0
1981-07-31,36.0
1981-08-01,36.0
1981-08-02,36.0
1981-08-03,36.0
1981-08-04,36.0
1981-08-05,36.0
1981-08-06,36.0
1981-08-07,36.0
1981-08-08,36.0
1981-08-09,36.0
1981-08-10,36.0
1981-08-11,36.0
1981-08-12,36.0
1981-08-13,36.0
1981-08-14,36.0
1981-08-15,36.0
1981-08-16,36.0
1981-08-17,36.0
1981-08-18,36.0
1981-08-19,36.0
1981-08-20,36.0
1981-08-21,36.0
1981-08-22,36.0
1981-08-23,36.0
1981-08-24,36.0
1981-08-25,36.0
1981-08-26,36.0
1981-08-27,36.0
1981-08-28,36.0
1981-08-29,36.0
1981-08-30,36.0
1981-08-31,36.0
1981-09-01,36.0
1981-09-02,36.0
1981-09-03,36.0
1981-09-04,36.0
1981-09-05,36.0
1981-09-06,36.0
1981-09-07,36.0
1981-09-08,36.0
1981-09-09,36.0
1981-09-10,36.0
1981-09-11,36.0
1981-09-12,36.0
1981-09-13,36.0
1981-09-14,36.0
1981-09-15,36.0
1981-09-16,36.0
1981-09-17,36.0
1981-09-18,36.0
1981-09-19,36.0
1981-09-20,36.0
1981-09-21,36.0
1981-09-22,36.0
1981-09-23,36.0
1981-09-24,36.0
1981-09-25,36.0
1981-09-26,36.0
1981-09-27,36.0
1981-09-28,36.0
1981-09-29,36.0
1981-09-30,36.0
1981-10-01,35.0
1981-10-02,35.0
1981-10-03,35.0
1981-10-04,35.0
1981-10-05,35.0
1981-10-06,35.0
1981-10-07,35.0
1981-10-08,35.0
1981-10-09,35.0
1981-10-10,35.0
1981-10-11,35.0
1981-10-12,35.0
1981-10-13,35.0
1981-10-14,35.0
1981-10-15,35.0
1981-10-16,35.0
1981-10-17,35.0
1981-10-18,35.0
1981-10-19,35.0
1981-10-20,35.0
1981-10-21,35.0
1981-10-22,35.0
1981-10-23,35.0
1981-10-24,35.0
1981-10-25,35.0
1981-10-26,35.0
1981-10-27,35.0
1981-10-28,35.0
1981-10-29,35.0
1981-10-30,35.0
1981-10-31,35.0
1981-11-01,36.0
1981-11-02,36.0
1981-11-03,36.0
1981-11-04,36.0
1981-11-05,36.0
1981-11-06,36.0
1981-11-07,36.0
1981-11-08,36.0
1981-11-09,36.0
1981-11-10,36.0
1981-11-11,36.0
1981-11-12,36.0
1981-11-13,36.0
1981-11-14,36.0
1981-11-15,36.0
1981-11-16,36.0
1981-11-17,36.0
1981-11-18,36.0
1981-11-19,36.0
1981-11-20,36.0
1981-11-21,36.0
1981-11-22,36.0
1981-11-23,36.0
1981-11-24,36.0
1981-11-25,36.0
1981-11-26,36.0
1981-11-27,36.0
1981-11-28,36.0
1981-11-29,36.0
1981-11-30,36.0
1981-12-01,35.0
1981-12-02,35.0
1981-12-03,35.0
1981-12-04,35.0
1981-12-05,35.0
1981-12-06,35.0
1981-12-07,35.0
1981-12-08,35.0
1981-12-09,35.0
1981-12-10,35.0
1981-12-11,35.0
1981-12-12,35.0
1981-12-13,35.0
1981-12-14,35.0
1981-12-15,35.0
1981-12-16,35.0
1981-12-17,35.0
1981-12-18,35.0
1981-12-19,35.0
1981-12-20,35.0
1981-12-21,35.0
1981-12-22,35.0
1981-12-23,35.0
1981-12-24,35.0
1981-12-25,35.0
1981-12-26,35.0
1981-12-27,35.0
1981-12-28,35.0
1981-12-29,35.0
1981-12-30,35.0
1981-12-31,35.0
1982-01-01,33.85
1982-01-02,33.85
1982-01-03,33.85
1982-01-04,33.85
1982-01-05,33.85
1982-01-06,33.85
1982-01-07,33.85
1982-01-08,33.85
1982-01-09,33.85
1982-01-10,33.85
1982-01-11,33.85
1982-01-12,33.85
1982-01-13,33.85
1982-01-14,33.85
1982-01-15,33.85
1982-01-16,33.85
1982-01-17,33.85
1982-01-18,33.85
1982-01-19,33.85
1982-01-20,33.85
1982-01-21,33.85
1982-01-22,33.85
1982-01-23,33.85
1982-01-24,33.85
1982-01-25,33.85
1982-01-26,33.85
1982-01-27,33.85
1982-01-28,33.85
1982-01-29,33.85
1982-01-30,33.85
1982-01-31,33.85
1982-02-01,31.56
1982-02-02,31.56
1982-02-03,31.56
1982-02-04,31.56
1982-02-05,31.56
1982-02-06,31.56
1982-02-07,31.56
1982-02-08,31.56
1982-02-09,31.56
1982-02-10,31.56
1982-02-11,31.56
1982-02-12,31.56
1982-02-13,31.56
1982-02-14,31.56
1982-02-15,31.56
1982-02-16,31.56
1982-02-17,31.56
1982-02-18,31.56
1982-02-19,31.56
1982-02-20,31.56
1982-02-21,31.56
1982-02-22,31.56
1982-02-23,31.56
1982-02-24,31.56
1982-02-25,31.56
1982-02-26,31.56
1982-02-27,31.56
1982-02-28,31.56
1982-03-01,28.48
1982-03-02,28.48
1982-03-03,28.48
1982-03-04,28.48
1982-03-05,28.48
1982-03-06,28.48
1982-03-07,28.48
1982-03-08,28.48
1982-03-09,28.48
1982-03-10,28.48
1982-03-11,28.48
1982-03-12,28.48
1982-03-13,28.48
1982-03-14,28.48
1982-03-15,28.48
1982-03-16,28.48
1982-03-17,28.48
1982-03-18,28.48
1982-03-19,28.48
1982-03-20,28.48
1982-03-21,28.48
1982-03-22,28.48
1982-03-23,28.48
1982-03-24,28.48
1982-03-25,28.48
1982-03-26,28.48
1982-03-27,28.48
1982-03-28,28.48
1982-03-29,28.48
1982-03-30,28.48
1982-03-31,28.48
1982-04-01,33.45
1982-04-02,33.45
1982-04-03,33.45
1982-04-04,33.45
1982-04-05,33.45
1982-04-06,33.45
1982-04-07,33.45
1982-04-08,33.45
1982-04-09,33.45
1982-04-10,33.45
1982-04-11,33.45
1982-04-12,33.45
1982-04-13,33.45
1982-04-14,33.45
1982-04-15,33.45
1982-04-16,33.45
1982-04-17,33.45
1982-04-18,33.45
1982-04-19,33.45
1982-04-20,33.45
1982-04-21,33.45
1982-04-22,33.45
1982-04-23,33.45
1982-04-24,33.45
1982-04-25,33.45
1982-04-26,33.45
1982-04-27,33.45
1982-04-28,33.45
1982-04-29,33.45
1982-04-30,33.45
1982-05-01,35.93
1982-05-02,35.93
1982-05-03,35.93
1982-05-04,35.93
1982-05-05,35.93
1982-05-06,35.93
1982-05-07,35.93
1982-05-08,35.93
1982-05-09,35.93
1982-05-10,35.93
1982-05-11,35.93
1982-05-12,35.93
1982-05-13,35.93
1982-05-14,35.93
1982-05-15,35.93
1982-05-16,35.93
1982-05-17,35.93
1982-05-18,35.93
1982-05-19,35.93
1982-05-20,35.93
1982-05-21,35.93
1982-05-22,35.93
1982-05-23,35.93
1982-05-24,35.93
1982-05-25,35.93
1982-05-26,35.93
1982-05-27,35.93
1982-05-28,35.93
1982-05-29,35.93
1982-05-30,35.93
1982-05-31,35.93
1982-06-01,35.07
1982-06-02,35.07
1982-06-03,35.07
1982-06-04,35.07
1982-06-05,35.07
1982-06-06,35.07
1982-06-07,35.07
1982-06-08,35.07
1982-06-09,35.07
1982-06-10,35.07
1982-06-11,35.07
1982-06-12,35.07
1982-06-13,35.07
1982-06-14,35.07
1982-06-15,35.07
1982-06-16,35.07
1982-06-17,35.07
1982-06-18,35.07
1982-06-19,35.07
1982-06-20,35.07
1982-06-21,35.07
1982-06-22,35.07
1982-06-23,35.07
1982-06-24,35.07
1982-06-25,35.07
1982-06-26,35.07
1982-06-27,35.07
1982-06-28,35.07
1982-06-29,35.07
1982-06-30,35.07
1982-07-01,34.16
1982-07-02,34.16
1982-07-03,34.16
1982-07-04,34.16
1982-07-05,34.16
1982-07-06,34.16
1982-07-07,34.16
1982-07-08,34.16
1982-07-09,34.16
1982-07-10,34.16
1982-07-11,34.16
1982-07-12,34.16
1982-07-13,34.16
1982-07-14,34.16
1982-07-15,34.16
1982-07-16,34.16
1982-07-17,34.16
1982-07-18,34.16
1982-07-19,34.16
1982-07-20,34.16
1982-07-21,34.16
1982-07-22,34.16
1982-07-23,34.16
1982-07-24,34.16
1982-07-25,34.16
1982-07-26,34.16
1982-07-27,34.16
1982-07-28,34.16
1982-07-29,34.16
1982-07-30,34.16
1982-07-31,34.16
1982-08-01,33.95
1982-08-02,33.95
1982-08-03,33.95
1982-08-04,33.95
1982-08-05,33.95
1982-08-06,33.95
1982-08-07,33.95
1982-08-08,33.95
1982-08-09,33.95
1982-08-10,33.95
1982-08-11,33.95
1982-08-12,33.95
1982-08-13,33.95
1982-08-14,33.95
1982-08-15,33.95
1982-08-16,33.95
1982-08-17,33.95
1982-08-18,33.95
1982-08-19,33.95
1982-08-20,33.95
1982-08-21,33.95
1982-08-22,33.95
1982-08-23,33.95
1982-08-24,33.95
1982-08-25,33.95
1982-08-26,33.95
1982-08-27,33.95
1982-08-28,33.95
1982-08-29,33.95
1982-08-30,33.95
1982-08-31,33.95
1982-09-01,35.63
1982-09-02,35.63
1982-09-03,35.63
1982-09-04,35.63
1982-09-05,35.63
1982-09-06,35.63
1982-09-07,35.63
1982-09-08,35.63
1982-09-09,35.63
1982-09-10,35.63
1982-09-11,35.63
1982-09-12,35.63
1982-09-13,35.63
1982-09-14,35.63
1982-09-15,35.63
1982-09-16,35.63
1982-09-17,35.63
1982-09-18,35.63
1982-09-19,35.63
1982-09-20,35.63
1982-09-21,35.63
1982-09-22,35.63
1982-09-23,35.63
1982-09-24,35.63
1982-09-25,35.63
1982-09-26,35.63
1982-09-27,35.63
1982-09-28,35.63
1982-09-29,35.63
1982-09-30,35.63
1982-10-01,35.68
1982-10-02,35.68
1982-10-03,35.68
1982-10-04,35.68
1982-10-05,35.68
1982-10-06,35.68
1982-10-07,35.68
1982-10-08,35.68
1982-10-09,35.68
1982-10-10,35.68
1982-10-11,35.68
1982-10-12,35.68
1982-10-13,35.68
1982-10-14,35.68
1982-10-15,35.68
1982-10-16,35.68
1982-10-17,35.68
1982-10-18,35.68
1982-10-19,35.68
1982-10-20,35.68
1982-10-21,35.68
1982-10-22,35.68
1982-10-23,35.68
1982-10-24,35.68
1982-10-25,35.68
1982-10-26,35.68
1982-10-27,35.68
1982-10-28,35.68
1982-10-29,35.68
1982-10-30,35.68
1982-10-31,35.68
1982-11-01,34.15
1982-11-02,34.15
1982-11-03,34.15
1982-11-04,34.15
1982-11-05,34.15
1982-11-06,34.15
1982-11-07,34.15
1982-11-08,34.15
1982-11-09,34.15
1982-11-10,34.15
1982-11-11,34.15
1982-11-12,34.15
1982-11-13,34.15
1982-11-14,34.15
1982-11-15,34.15
1982-11-16,34.15
1982-11-17,34.15
1982-11-18,34.15
1982-11-19,34.15
1982-11-20,34.15
1982-11-21,34.15
1982-11-22,34.15
1982-11-23,34.15
1982-11-24,34.15
1982-11-25,34.15
1982-11-26,34.15
1982-11-27,34.15
1982-11-28,34.15
1982-11-29,34.15
1982-11-30,34.15
1982-12-01,31.72
1982-12-02,31.72
1982-12-03,31.72
1982-12-04,31.72
1982-12-05,31.72
1982-12-06,31.72
1982-12-07,31.72
1982-12-08,31.72
1982-12-09,31.72
1982-12-10,31.72
1982-12-11,31.72
1982-12-12,31.72
1982-12-13,31.72
1982-12-14,31.72
1982-12-15,31.72
1982-12-16,31.72
1982-12-17,31.72
1982-12-18,31.72
1982-12-19,31.72
1982-12-20,31.72
1982-12-21,31.72
1982-12-22,31.72
1982-12-23,31.72
1982-12-24,31.72
1982-12-25,31.72
1982-12-26,31.72
1982-12-27,31.72
1982-12-28,31.72
1982-12-29,31.72
1982-12-30,31.72
1982-12-31,31.72
1983-01-01,31.19
1983-01-02,31.19
1983-01-03,31.19
1983-01-04,31.19
1983-01-05,31.19
1983-01-06,31.19
1983-01-07,31.19
1983-01-08,31.19
1983-01-09,31.19
1983-01-10,31.19
1983-01-11,31.19
1983-01-12,31.19
1983-01-13,31.19
1983-01-14,31.19
1983-01-15,31.19
1983-01-16,31.19
1983-01-17,31.19
1983-01-18,31.19
1983-01-19,31.19
1983-01-20,31.19
1983-01-21,31.19
1983-01-22,31.19
1983-01-23,31.19
1983-01-24,31.19
1983-01-25,31.19
1983-01-26,31.19
1983-01-27,31.19
1983-01-28,31.19
1983-01-29,31.19
1983-01-30,31.19
1983-01-31,31.19
1983-02-01,28.95
1983-02-02,28.95
1983-02-03,28.95
1983-02-04,28.95
1983-02-05,28.95
1983-02-06,28.95
1983-02-07,28.95
1983-02-08,28.95
1983-02-09,28.95
1983-02-10,28.95
1983-02-11,28.95
1983-02-12,28.95
1983-02-13,28.95
1983-02-14,28.95
1983-02-15,28.95
1983-02-16,28.95
1983-02-17,28.95
1983-02-18,28.95
1983-02-19,28.95
1983-02-20,28.95
1983-02-21,28.95
1983-02-22,28.95
1983-02-23,28.95
1983-02-24,28.95
1983-02-25,28.95
1983-02-26,28.95
1983-02-27,28.95
1983-02-28,28.95
1983-03-01,29.29
1983-03-31,29.27
1983-04-04,29.44
1983-04-05,29.71
1983-04-06,29.9
1983-04-07,30.17
1983-04-08,30.38
1983-04-11,30.25
1983-04-12,30.83
1983-04-13,30.82
1983-04-14,30.82
1983-04-15,30.48
1983-04-18,30.75
1983-04-19,30.75
1983-04-20,30.7
1983-04-21,30.68
1983-04-22,30.75
1983-04-25,30.84
1983-04-26,30.71
1983-04-27,30.78
1983-04-28,30.74
1983-04-29,30.63
1983-05-02,30.61
1983-05-03,30.5
1983-05-04,30.42
1983-05-05,30.2
1983-05-06,30.12
1983-05-09,30.1
1983-05-10,30.31
1983-05-11,29.97
1983-05-12,29.72
1983-05-13,29.8
1983-05-16,30.12
1983-05-17,29.91
1983-05-18,29.75
1983-05-19,29.95
1983-05-20,30.3
1983-05-23,30.27
1983-05-24,30.05
1983-05-25,30.25
1983-05-26,30.31
1983-05-27,30.19
1983-05-31,30.25
1983-06-01,30.33
1983-06-02,30.4
1983-06-03,30.36
1983-06-06,30.35
1983-06-07,30.58
1983-06-08,30.6
1983-06-09,30.49
1983-06-10,30.77
1983-06-13,31.0
1983-06-14,31.0
1983-06-15,31.3
1983-06-16,31.6
1983-06-17,31.4
1983-06-20,31.42
1983-06-21,31.18
1983-06-22,30.95
1983-06-23,31.1
1983-06-24,31.2
1983-06-27,31.2
1983-06-28,31.24
1983-06-29,31.2
1983-06-30,31.38
1983-07-01,31.35
1983-07-05,31.27
1983-07-06,31.2
1983-07-07,31.4
1983-07-08,31.4
1983-07-11,31.64
1983-07-12,31.72
1983-07-13,31.87
1983-07-14,31.85
1983-07-15,31.7
1983-07-18,31.7
1983-07-19,31.62
1983-07-20,31.65
1983-07-21,31.53
1983-07-22,31.46
1983-07-25,31.4
1983-07-26,31.53
1983-07-27,31.73
1983-07-28,31.82
1983-07-29,32.0
1983-08-01,32.12
1983-08-02,32.2
1983-08-03,32.2
1983-08-04,32.14
1983-08-05,32.15
1983-08-08,32.05
1983-08-09,31.94
1983-08-10,32.14
1983-08-11,31.95
1983-08-12,31.99
1983-08-15,32.0
1983-08-16,31.98
1983-08-17,31.87
1983-08-18,31.72
1983-08-19,31.65
1983-08-22,31.53
1983-08-23,31.65
1983-08-24,31.57
1983-08-25,31.73
1983-08-26,31.8
1983-08-29,31.66
1983-08-30,31.68
1983-08-31,31.59
1983-09-01,31.6
1983-09-02,31.57
1983-09-06,31.36
1983-09-07,31.38
1983-09-08,31.34
1983-09-09,31.21
1983-09-12,31.15
1983-09-13,31.23
1983-09-14,31.4
1983-09-15,31.48
1983-09-16,31.55
1983-09-19,31.48
1983-09-20,31.33
1983-09-21,31.39
1983-09-22,31.3
1983-09-23,31.3
1983-09-26,31.22
1983-09-27,31.11
1983-09-28,30.76
1983-09-29,30.6
1983-09-30,30.36
1983-10-03,29.92
1983-10-04,30.18
1983-10-05,30.2
1983-10-06,30.26
1983-10-07,30.47
1983-10-10,30.85
1983-10-11,30.57
1983-10-12,30.52
1983-10-13,30.66
1983-10-14,30.55
1983-10-17,30.61
1983-10-18,30.68
1983-10-19,30.32
1983-10-20,30.3
1983-10-21,30.33
1983-10-24,30.44
1983-10-25,30.43
1983-10-26,30.23
1983-10-27,30.31
1983-10-28,30.26
1983-10-31,30.37
1983-11-01,30.38
1983-11-02,30.35
1983-11-03,30.42
1983-11-04,30.46
1983-11-07,30.39
1983-11-08,30.38
1983-11-09,30.38
1983-11-10,30.26
1983-11-11,30.14
1983-11-14,30.15
1983-11-15,30.17
1983-11-16,29.95
1983-11-17,28.98
1983-11-18,29.19
1983-11-21,29.14
1983-11-22,29.04
1983-11-23,29.19
1983-11-28,29.69
1983-11-29,29.39
1983-11-30,29.23
1983-12-01,29.28
1983-12-02,29.38
1983-12-05,29.3
1983-12-06,29.29
1983-12-07,29.06
1983-12-08,29.27
1983-12-09,29.31
1983-12-12,29.27
1983-12-13,29.21
1983-12-14,29.28
1983-12-15,29.11
1983-12-16,28.57
1983-12-19,28.38
1983-12-20,28.76
1983-12-21,28.88
1983-12-22,29.08
1983-12-23,29.44
1983-12-27,29.85
1983-12-28,29.98
1983-12-29,29.66
1983-12-30,29.6
1984-01-03,29.4
1984-01-04,29.5
1984-01-05,29.3
1984-01-06,29.18
1984-01-09,29.47
1984-01-10,29.45
1984-01-11,29.46
1984-01-12,29.51
1984-01-13,29.58
1984-01-16,29.72
1984-01-17,29.57
1984-01-18,29.79
1984-01-19,29.99
1984-01-20,29.89
1984-01-23,29.52
1984-01-24,29.7
1984-01-25,29.78
1984-01-26,29.95
1984-01-27,30.14
1984-01-30,29.89
1984-01-31,29.98
1984-02-01,30.3
1984-02-02,30.19
1984-02-03,30.11
1984-02-06,30.16
1984-02-07,30.04
1984-02-08,30.04
1984-02-09,29.83
1984-02-10,29.83
1984-02-13,29.63
1984-02-14,29.74
1984-02-15,29.83
1984-02-16,29.91
1984-02-17,29.9
1984-02-21,29.79
1984-02-22,29.79
1984-02-23,29.92
1984-02-24,30.1
1984-02-27,30.79
1984-02-28,30.45
1984-02-29,30.55
1984-03-01,30.73
1984-03-02,30.7
1984-03-05,30.78
1984-03-06,30.73
1984-03-07,30.75
1984-03-08,30.8
1984-03-09,30.99
1984-03-12,30.91
1984-03-13,30.86
1984-03-14,30.91
1984-03-15,30.87
1984-03-16,30.64
1984-03-19,30.49
1984-03-20,30.52
1984-03-21,30.42
1984-03-22,30.55
1984-03-23,30.61
1984-03-26,30.59
1984-03-27,30.72
1984-03-28,30.65
1984-03-29,30.86
1984-03-30,30.85
1984-04-02,30.8
1984-04-03,30.85
1984-04-04,30.81
1984-04-05,30.78
1984-04-06,30.75
1984-04-09,30.72
1984-04-10,30.78
1984-04-11,30.8
1984-04-12,30.7
1984-04-13,30.68
1984-04-16,30.69
1984-04-17,30.66
1984-04-18,30.5
1984-04-19,30.52
1984-04-23,30.57
1984-04-24,30.63
1984-04-25,30.55
1984-04-26,30.48
1984-04-27,30.43
1984-04-30,30.26
1984-05-01,30.29
1984-05-02,30.17
1984-05-03,30.16
1984-05-04,30.25
1984-05-07,30.16
1984-05-08,30.22
1984-05-09,30.34
1984-05-10,30.34
1984-05-11,30.36
1984-05-14,30.59
1984-05-15,30.6
1984-05-16,30.98
1984-05-17,30.73
1984-05-18,30.75
1984-05-21,30.93
1984-05-22,30.67
1984-05-23,30.6
1984-05-24,30.75
1984-05-25,30.88
1984-05-29,30.71
1984-05-30,30.81
1984-05-31,30.83
1984-06-01,30.7
1984-06-04,30.75
1984-06-05,30.73
1984-06-06,30.55
1984-06-07,30.4
1984-06-08,30.37
1984-06-11,30.15
1984-06-12,30.17
1984-06-13,30.1
1984-06-14,30.18
1984-06-15,30.03
1984-06-18,29.79
1984-06-19,29.87
1984-06-20,29.74
1984-06-21,29.34
1984-06-22,29.26
1984-06-25,29.55
1984-06-26,29.36
1984-06-27,29.25
1984-06-28,29.56
1984-06-29,29.75
1984-07-02,29.59
1984-07-03,29.5
1984-07-05,29.57
1984-07-06,29.65
1984-07-09,29.47
1984-07-10,29.4
1984-07-11,29.35
1984-07-12,29.08
1984-07-13,28.95
1984-07-16,28.88
1984-07-17,28.99
1984-07-18,28.82
1984-07-19,28.69
1984-07-20,28.48
1984-07-23,28.35
1984-07-24,28.15
1984-07-25,28.0
1984-07-26,27.77
1984-07-27,27.7
1984-07-30,27.64
1984-07-31,27.6
1984-08-01,28.13
1984-08-02,29.07
1984-08-03,28.78
1984-08-06,29.12
1984-08-07,29.31
1984-08-08,29.38
1984-08-09,29.35
1984-08-10,29.08
1984-08-13,29.15
1984-08-14,29.25
1984-08-15,29.19
1984-08-16,28.99
1984-08-17,29.03
1984-08-20,29.44
1984-08-21,29.68
1984-08-22,29.88
1984-08-23,29.77
1984-08-24,29.91
1984-08-27,29.86
1984-08-28,29.87
1984-08-29,29.75
1984-08-30,29.28
1984-08-31,29.23
1984-09-04,29.04
1984-09-05,28.88
1984-09-06,29.28
1984-09-07,29.22
1984-09-10,29.36
1984-09-11,29.53
1984-09-12,29.33
1984-09-13,29.35
1984-09-14,29.28
1984-09-17,29.2
1984-09-18,29.24
1984-09-19,29.62
1984-09-20,29.58
1984-09-21,29.47
1984-09-24,29.48
1984-09-25,29.55
1984-09-26,29.54
1984-09-27,29.58
1984-09-28,29.66
1984-10-01,29.69
1984-10-02,29.62
1984-10-03,29.54
1984-10-04,29.47
1984-10-05,29.4
1984-10-08,29.37
1984-10-09,29.45
1984-10-10,29.33
1984-10-11,29.28
1984-10-12,29.06
1984-10-15,28.79
1984-10-16,28.67
1984-10-17,27.85
1984-10-18,27.54
1984-10-19,27.7
1984-10-22,28.45
1984-10-23,28.36
1984-10-24,28.51
1984-10-25,28.65
1984-10-26,28.58
1984-10-29,28.41
1984-10-30,28.22
1984-10-31,28.46
1984-11-01,28.74
1984-11-02,28.65
1984-11-05,28.55
1984-11-06,28.7
1984-11-07,28.73
1984-11-08,28.68
1984-11-09,28.53
1984-11-12,28.42
1984-11-13,28.46
1984-11-14,28.44
1984-11-15,28.23
1984-11-16,28.08
1984-11-19,27.83
1984-11-20,27.85
1984-11-21,27.74
1984-11-26,27.16
1984-11-27,27.31
1984-11-28,27.32
1984-11-29,27.48
1984-11-30,27.31
1984-12-03,27.3
1984-12-04,27.52
1984-12-05,27.7
1984-12-06,27.68
1984-12-07,27.46
1984-12-10,27.45
1984-12-11,27.25
1984-12-12,26.72
1984-12-13,26.57
1984-12-14,26.45
1984-12-17,26.8
1984-12-18,26.79
1984-12-19,26.38
1984-12-20,26.33
1984-12-21,26.5
1984-12-26,26.79
1984-12-27,26.34
1984-12-28,26.41
1985-01-02,25.92
1985-01-03,25.84
1985-01-04,25.18
1985-01-07,25.56
1985-01-08,25.48
1985-01-09,25.43
1985-01-10,25.76
1985-01-11,25.77
1985-01-14,26.12
1985-01-15,25.91
1985-01-16,25.62
1985-01-17,25.69
1985-01-18,25.68
1985-01-21,25.97
1985-01-22,25.55
1985-01-23,25.38
1985-01-24,25.28
1985-01-25,25.25
1985-01-28,25.23
1985-01-29,25.38
1985-01-30,25.67
1985-01-31,26.41
1985-02-01,26.74
1985-02-04,26.52
1985-02-05,26.78
1985-02-06,27.07
1985-02-07,27.21
1985-02-08,27.59
1985-02-11,28.06
1985-02-12,27.36
1985-02-13,27.85
1985-02-14,27.8
1985-02-15,27.8
1985-02-19,27.29
1985-02-20,27.18
1985-02-21,27.14
1985-02-22,26.76
1985-02-25,26.44
1985-02-26,26.79
1985-02-27,26.69
1985-02-28,26.73
1985-03-01,27.2
1985-03-04,27.74
1985-03-05,27.55
1985-03-06,27.77
1985-03-07,28.08
1985-03-08,27.74
1985-03-11,27.57
1985-03-12,27.92
1985-03-13,28.06
1985-03-14,28.19
1985-03-15,28.32
1985-03-18,28.85
1985-03-19,28.8
1985-03-20,28.98
1985-03-21,28.34
1985-03-22,28.24
1985-03-25,28.09
1985-03-26,28.45
1985-03-27,28.16
1985-03-28,28.25
1985-03-29,28.29
1985-04-01,28.72
1985-04-02,28.85
1985-04-03,28.82
1985-04-04,28.9
1985-04-08,29.09
1985-04-09,29.05
1985-04-10,29.24
1985-04-11,28.94
1985-04-12,28.68
1985-04-15,29.14
1985-04-16,29.04
1985-04-17,28.95
1985-04-18,29.02
1985-04-19,29.31
1985-04-22,29.8
1985-04-23,28.32
1985-04-24,27.93
1985-04-25,27.87
1985-04-26,27.94
1985-04-29,27.66
1985-04-30,27.63
1985-05-01,27.33
1985-05-02,27.36
1985-05-03,27.29
1985-05-06,27.19
1985-05-07,27.31
1985-05-08,27.17
1985-05-09,27.58
1985-05-10,27.38
1985-05-13,27.59
1985-05-14,27.66
1985-05-15,27.79
1985-05-16,27.93
1985-05-17,27.8
1985-05-20,27.9
1985-05-21,28.0
1985-05-22,27.1
1985-05-23,27.6
1985-05-24,27.7
1985-05-28,27.57
1985-05-29,27.64
1985-05-30,27.92
1985-05-31,27.84
1985-06-03,27.48
1985-06-04,27.47
1985-06-05,27.02
1985-06-06,27.08
1985-06-07,26.92
1985-06-10,26.81
1985-06-11,26.95
1985-06-12,27.01
1985-06-13,27.41
1985-06-14,27.29
1985-06-17,27.23
1985-06-18,27.22
1985-06-19,27.3
1985-06-20,27.2
1985-06-21,26.92
1985-06-24,26.89
1985-06-25,26.75
1985-06-26,26.84
1985-06-27,27.09
1985-06-28,26.87
1985-07-01,26.68
1985-07-02,26.84
1985-07-03,26.91
1985-07-08,26.99
1985-07-09,27.45
1985-07-10,27.55
1985-07-11,27.37
1985-07-12,27.11
1985-07-15,27.31
1985-07-16,27.37
1985-07-17,27.48
1985-07-18,27.49
1985-07-19,27.4
1985-07-22,27.7
1985-07-23,27.16
1985-07-24,27.34
1985-07-25,27.31
1985-07-26,27.3
1985-07-29,27.36
1985-07-30,27.34
1985-07-31,27.12
1985-08-01,27.19
1985-08-02,27.31
1985-08-05,27.33
1985-08-06,27.26
1985-08-07,27.27
1985-08-08,27.31
1985-08-09,27.37
1985-08-12,27.58
1985-08-13,27.61
1985-08-14,27.73
1985-08-15,28.06
1985-08-16,28.03
1985-08-19,27.99
1985-08-20,28.09
1985-08-21,27.88
1985-08-22,27.97
1985-08-23,27.95
1985-08-26,28.1
1985-08-27,28.08
1985-08-28,28.1
1985-08-29,27.94
1985-08-30,28.08
1985-09-03,28.28
1985-09-04,28.27
1985-09-05,27.97
1985-09-06,27.75
1985-09-09,27.64
1985-09-10,27.89
1985-09-11,27.88
1985-09-12,28.04
1985-09-13,28.01
1985-09-16,27.92
1985-09-17,28.08
1985-09-18,28.1
1985-09-19,28.2
1985-09-20,28.72
1985-09-23,28.05
1985-09-24,28.23
1985-09-25,28.42
1985-09-26,28.9
1985-09-27,28.93
1985-09-30,29.08
1985-10-01,29.03
1985-10-02,29.26
1985-10-03,29.31
1985-10-04,29.0
1985-10-07,29.16
1985-10-08,29.27
1985-10-09,28.98
1985-10-10,28.66
1985-10-11,28.73
1985-10-14,29.06
1985-10-15,29.35
1985-10-16,29.36
1985-10-17,29.55
1985-10-18,29.52
1985-10-21,29.97
1985-10-22,30.28
1985-10-23,29.33
1985-10-24,29.59
1985-10-25,29.65
1985-10-28,30.17
1985-10-29,30.22
1985-10-30,30.12
1985-10-31,30.38
1985-11-01,30.39
1985-11-04,30.19
1985-11-05,29.96
1985-11-06,30.34
1985-11-07,30.39
1985-11-08,30.45
1985-11-11,30.69
1985-11-12,30.82
1985-11-13,31.04
1985-11-14,31.35
1985-11-15,30.97
1985-11-18,30.93
1985-11-19,31.31
1985-11-20,31.72
1985-11-21,30.82
1985-11-22,30.91
1985-11-25,31.01
1985-11-26,30.74
1985-11-27,29.75
1985-12-02,29.75
1985-12-03,29.06
1985-12-04,28.64
1985-12-05,28.88
1985-12-06,28.74
1985-12-09,27.51
1985-12-10,25.23
1985-12-11,26.78
1985-12-12,27.25
1985-12-13,27.37
1985-12-16,27.27
1985-12-17,26.42
1985-12-18,26.53
1985-12-19,26.07
1985-12-20,25.77
1985-12-23,25.57
1985-12-26,26.22
1985-12-27,26.89
1985-12-30,26.66
1985-12-31,26.3
1986-01-02,25.56
1986-01-03,25.97
1986-01-06,26.57
1986-01-07,26.2
1986-01-08,25.93
1986-01-09,25.9
1986-01-10,25.79
1986-01-13,25.08
1986-01-14,24.96
1986-01-15,25.15
1986-01-16,24.11
1986-01-17,23.53
1986-01-20,21.27
1986-01-21,20.59
1986-01-22,20.59
1986-01-23,19.82
1986-01-24,19.5
1986-01-27,20.83
1986-01-28,20.17
1986-01-29,19.66
1986-01-30,19.66
1986-01-31,18.83
1986-02-03,17.36
1986-02-04,15.44
1986-02-05,16.16
1986-02-06,16.45
1986-02-07,17.68
1986-02-10,16.78
1986-02-11,16.55
1986-02-12,15.73
1986-02-13,16.47
1986-02-14,16.01
1986-02-18,14.77
1986-02-19,15.12
1986-02-20,14.17
1986-02-21,13.53
1986-02-24,15.11
1986-02-25,14.55
1986-02-26,14.6
1986-02-27,13.95
1986-02-28,13.26
1986-03-03,12.27
1986-03-04,11.98
1986-03-05,12.09
1986-03-06,13.16
1986-03-07,12.28
1986-03-10,12.85
1986-03-11,13.1
1986-03-12,14.01
1986-03-13,12.65
1986-03-14,12.72
1986-03-17,13.2
1986-03-18,13.73
1986-03-19,13.28
1986-03-20,12.78
1986-03-21,13.94
1986-03-24,12.13
1986-03-25,12.25
1986-03-26,12.02
1986-03-27,11.44
1986-03-31,10.42
1986-04-01,11.27
1986-04-02,11.52
1986-04-03,11.75
1986-04-04,12.74
1986-04-07,14.33
1986-04-08,12.47
1986-04-09,13.0
1986-04-10,13.48
1986-04-11,13.61
1986-04-14,12.97
1986-04-15,12.7
1986-04-16,11.43
1986-04-17,11.83
1986-04-18,11.92
1986-04-21,12.57
1986-04-22,13.2
1986-04-23,13.21
1986-04-24,12.98
1986-04-25,13.39
1986-04-28,13.36
1986-04-29,13.51
1986-04-30,13.34
1986-05-01,13.81
1986-05-02,14.73
1986-05-05,14.33
1986-05-06,14.32
1986-05-07,15.21
1986-05-08,15.74
1986-05-09,15.86
1986-05-12,15.77
1986-05-13,15.89
1986-05-14,15.51
1986-05-15,15.68
1986-05-16,16.16
1986-05-19,17.16
1986-05-20,16.04
1986-05-21,14.82
1986-05-22,15.16
1986-05-23,15.59
1986-05-27,15.1
1986-05-28,14.83
1986-05-29,14.54
1986-05-30,14.3
1986-06-02,13.81
1986-06-03,13.87
1986-06-04,13.1
1986-06-05,13.23
1986-06-06,12.76
1986-06-09,12.63
1986-06-10,12.56
1986-06-11,13.49
1986-06-12,13.66
1986-06-13,13.81
1986-06-16,13.66
1986-06-17,13.74
1986-06-18,13.65
1986-06-19,13.76
1986-06-20,14.69
1986-06-23,13.0
1986-06-24,12.88
1986-06-25,13.26
1986-06-26,13.14
1986-06-27,13.4
1986-06-30,12.78
1986-07-01,12.38
1986-07-02,11.99
1986-07-07,11.19
1986-07-08,11.22
1986-07-09,10.77
1986-07-10,11.25
1986-07-11,11.13
1986-07-14,11.04
1986-07-15,12.11
1986-07-16,12.61
1986-07-17,12.4
1986-07-18,12.86
1986-07-21,13.09
1986-07-22,11.07
1986-07-23,10.85
1986-07-24,11.05
1986-07-25,10.9
1986-07-28,11.07
1986-07-29,11.41
1986-07-30,11.73
1986-07-31,11.15
1986-08-01,11.55
1986-08-04,13.29
1986-08-05,15.02
1986-08-06,14.97
1986-08-07,15.32
1986-08-08,14.83
1986-08-11,14.91
1986-08-12,15.35
1986-08-13,15.28
1986-08-14,15.42
1986-08-15,15.82
1986-08-18,15.61
1986-08-19,14.87
1986-08-20,15.26
1986-08-21,15.46
1986-08-22,15.49
1986-08-25,15.51
1986-08-26,15.83
1986-08-27,15.79
1986-08-28,15.81
1986-08-29,15.9
1986-09-02,16.46
1986-09-03,16.13
1986-09-04,16.21
1986-09-05,16.37
1986-09-08,15.62
1986-09-09,15.27
1986-09-10,14.88
1986-09-11,14.99
1986-09-12,15.06
1986-09-15,14.34
1986-09-16,13.97
1986-09-17,14.0
1986-09-18,14.56
1986-09-19,14.48
1986-09-22,13.97
1986-09-23,14.45
1986-09-24,14.57
1986-09-25,14.27
1986-09-26,14.43
1986-09-29,14.89
1986-09-30,14.77
1986-10-01,15.16
1986-10-02,15.36
1986-10-03,14.87
1986-10-06,14.82
1986-10-07,15.4
1986-10-08,15.41
1986-10-09,15.1
1986-10-10,14.93
1986-10-13,14.37
1986-10-14,14.6
1986-10-15,14.85
1986-10-16,14.53
1986-10-17,14.8
1986-10-20,15.13
1986-10-21,15.19
1986-10-22,15.19
1986-10-23,15.08
1986-10-24,15.02
1986-10-27,14.41
1986-10-28,14.13
1986-10-29,13.73
1986-10-30,15.04
1986-10-31,15.27
1986-11-03,14.71
1986-11-04,14.96
1986-11-05,14.96
1986-11-06,15.08
1986-11-07,15.15
1986-11-10,15.34
1986-11-11,15.41
1986-11-12,15.35
1986-11-13,15.51
1986-11-14,15.64
1986-11-17,15.62
1986-11-18,15.59
1986-11-19,15.48
1986-11-20,15.08
1986-11-21,15.38
1986-11-24,14.99
1986-11-25,14.95
1986-11-26,15.0
1986-12-01,15.31
1986-12-02,15.19
1986-12-03,15.12
1986-12-04,15.2
1986-12-05,15.13
1986-12-08,15.03
1986-12-09,15.0
1986-12-10,15.13
1986-12-11,15.5
1986-12-12,16.1
1986-12-15,16.36
1986-12-16,16.1
1986-12-17,15.86
1986-12-18,16.06
1986-12-19,16.21
1986-12-22,16.21
1986-12-23,16.91
1986-12-24,17.27
1986-12-29,17.65
1986-12-30,17.65
1986-12-31,17.94
1987-01-02,18.13
1987-01-05,17.95
1987-01-06,18.22
1987-01-07,18.25
1987-01-08,18.57
1987-01-09,18.77
1987-01-12,19.01
1987-01-13,18.89
1987-01-14,19.13
1987-01-15,19.14
1987-01-16,19.1
1987-01-19,18.7
1987-01-20,18.72
1987-01-21,18.69
1987-01-22,18.87
1987-01-23,18.76
1987-01-26,18.64
1987-01-27,18.47
1987-01-28,18.58
1987-01-29,18.66
1987-01-30,18.75
1987-02-02,18.54
1987-02-03,18.36
1987-02-04,18.26
1987-02-05,18.58
1987-02-06,18.44
1987-02-09,18.34
1987-02-10,18.45
1987-02-11,18.06
1987-02-12,17.98
1987-02-13,17.85
1987-02-17,17.79
1987-02-18,17.4
1987-02-19,17.44
1987-02-20,17.77
1987-02-23,17.77
1987-02-24,17.77
1987-02-25,16.4
1987-02-26,16.78
1987-02-27,16.6
1987-03-02,16.39
1987-03-03,17.35
1987-03-04,17.51
1987-03-05,17.75
1987-03-06,18.13
1987-03-09,18.04
1987-03-10,18.12
1987-03-11,18.35
1987-03-12,18.39
1987-03-13,18.36
1987-03-16,18.64
1987-03-17,18.87
1987-03-18,18.69
1987-03-19,18.6
1987-03-20,18.67
1987-03-23,18.67
1987-03-24,18.67
1987-03-25,18.67
1987-03-26,18.63
1987-03-27,18.62
1987-03-30,18.69
1987-03-31,18.83
1987-04-01,18.78
1987-04-02,18.91
1987-04-03,18.7
1987-04-06,18.67
1987-04-07,18.84
1987-04-08,18.65
1987-04-09,18.59
1987-04-10,18.11
1987-04-13,18.01
1987-04-14,17.98
1987-04-15,18.47
1987-04-16,18.64
1987-04-20,18.65
1987-04-21,19.03
1987-04-22,19.03
1987-04-23,19.03
1987-04-24,18.68
1987-04-27,18.83
1987-04-28,18.84
1987-04-29,18.6
1987-04-30,18.73
1987-05-01,18.83
1987-05-04,18.92
1987-05-05,19.05
1987-05-06,19.23
1987-05-07,19.13
1987-05-08,19.26
1987-05-11,19.41
1987-05-12,19.27
1987-05-13,19.41
1987-05-14,19.56
1987-05-15,19.8
1987-05-18,19.89
1987-05-19,19.87
1987-05-20,19.87
1987-05-21,19.24
1987-05-22,19.35
1987-05-26,19.42
1987-05-27,19.37
1987-05-28,19.26
1987-05-29,19.38
1987-06-01,19.56
1987-06-02,19.69
1987-06-03,19.86
1987-06-04,19.81
1987-06-05,19.79
1987-06-08,19.9
1987-06-09,19.82
1987-06-10,19.82
1987-06-11,19.85
1987-06-12,19.91
1987-06-15,20.06
1987-06-16,20.27
1987-06-17,20.39
1987-06-18,20.52
1987-06-19,20.66
1987-06-22,20.48
1987-06-23,19.57
1987-06-24,19.4
1987-06-25,19.64
1987-06-26,20.24
1987-06-29,20.35
1987-06-30,20.29
1987-07-01,20.48
1987-07-02,20.61
1987-07-06,20.93
1987-07-07,20.74
1987-07-08,20.88
1987-07-09,21.23
1987-07-10,21.33
1987-07-13,21.4
1987-07-14,21.58
1987-07-15,22.15
1987-07-16,22.34
1987-07-17,22.39
1987-07-20,22.2
1987-07-21,21.7
1987-07-22,21.55
1987-07-23,21.23
1987-07-24,20.57
1987-07-27,20.49
1987-07-28,21.32
1987-07-29,21.44
1987-07-30,21.36
1987-07-31,21.37
1987-08-03,22.16
1987-08-04,21.97
1987-08-05,21.29
1987-08-06,21.14
1987-08-07,20.99
1987-08-10,20.73
1987-08-11,20.99
1987-08-12,20.99
1987-08-13,20.77
1987-08-14,20.57
1987-08-17,19.83
1987-08-18,19.9
1987-08-19,19.63
1987-08-20,19.42
1987-08-21,18.9
1987-08-24,18.6
1987-08-25,18.64
1987-08-26,19.46
1987-08-27,19.64
1987-08-28,19.39
1987-08-31,19.73
1987-09-01,19.63
1987-09-02,19.64
1987-09-03,19.5
1987-09-04,19.32
1987-09-08,18.94
1987-09-09,19.38
1987-09-10,19.67
1987-09-11,19.4
1987-09-14,19.61
1987-09-15,19.7
1987-09-16,19.73
1987-09-17,19.56
1987-09-18,19.55
1987-09-21,19.73
1987-09-22,19.25
1987-09-23,19.68
1987-09-24,19.65
1987-09-25,19.46
1987-09-28,19.45
1987-09-29,19.54
1987-09-30,19.59
1987-10-01,19.62
1987-10-02,19.86
1987-10-05,19.82
1987-10-06,19.44
1987-10-07,19.66
1987-10-08,19.59
1987-10-09,19.7
1987-10-12,19.65
1987-10-13,19.7
1987-10-14,19.77
1987-10-15,19.75
1987-10-16,20.22
1987-10-19,19.8
1987-10-20,19.87
1987-10-21,20.05
1987-10-22,20.2
1987-10-23,20.16
1987-10-26,19.99
1987-10-27,20.12
1987-10-28,20.08
1987-10-29,19.97
1987-10-30,19.96
1987-11-02,19.62
1987-11-03,19.49
1987-11-04,19.07
1987-11-05,18.98
1987-11-06,18.8
1987-11-09,18.63
1987-11-10,18.94
1987-11-11,18.9
1987-11-12,18.91
1987-11-13,18.93
1987-11-16,18.65
1987-11-17,18.4
1987-11-18,18.64
1987-11-19,18.57
1987-11-20,18.93
1987-11-23,18.78
1987-11-24,18.71
1987-11-25,18.62
1987-11-30,18.51
1987-12-01,18.46
1987-12-02,18.56
1987-12-03,18.87
1987-12-04,18.74
1987-12-07,18.25
1987-12-08,18.08
1987-12-09,18.55
1987-12-10,18.51
1987-12-11,18.31
1987-12-14,17.44
1987-12-15,16.63
1987-12-16,15.96
1987-12-17,15.84
1987-12-18,15.58
1987-12-21,15.16
1987-12-22,16.61
1987-12-23,16.64
1987-12-24,16.52
1987-12-28,16.42
1987-12-29,16.93
1987-12-30,16.89
1987-12-31,16.7
1988-01-04,17.69
1988-01-05,17.85
1988-01-06,17.82
1988-01-07,17.39
1988-01-08,17.31
1988-01-11,16.75
1988-01-12,16.63
1988-01-13,16.59
1988-01-14,17.21
1988-01-15,16.95
1988-01-18,17.33
1988-01-19,17.35
1988-01-20,17.25
1988-01-21,17.18
1988-01-22,17.01
1988-01-25,17.09
1988-01-26,17.04
1988-01-27,16.71
1988-01-28,16.96
1988-01-29,16.94
1988-02-01,16.82
1988-02-02,16.94
1988-02-03,17.14
1988-02-04,17.14
1988-02-05,17.28
1988-02-08,17.66
1988-02-09,17.42
1988-02-10,17.13
1988-02-11,17.11
1988-02-12,16.75
1988-02-16,16.67
1988-02-17,16.61
1988-02-18,16.45
1988-02-19,16.7
1988-02-22,16.62
1988-02-23,16.62
1988-02-24,16.46
1988-02-25,15.92
1988-02-26,15.78
1988-02-29,16.01
1988-03-01,15.72
1988-03-02,15.67
1988-03-03,15.5
1988-03-04,15.59
1988-03-07,15.37
1988-03-08,15.45
1988-03-09,15.49
1988-03-10,16.0
1988-03-11,16.29
1988-03-14,15.59
1988-03-15,15.68
1988-03-16,16.0
1988-03-17,16.28
1988-03-18,16.58
1988-03-21,16.49
1988-03-22,16.09
1988-03-23,16.09
1988-03-24,16.96
1988-03-25,17.03
1988-03-28,17.1
1988-03-29,16.98
1988-03-30,17.08
1988-03-31,17.08
1988-04-04,17.01
1988-04-05,16.79
1988-04-06,16.81
1988-04-07,17.06
1988-04-08,16.88
1988-04-11,17.89
1988-04-12,18.09
1988-04-13,18.12
1988-04-14,18.3
1988-04-15,18.37
1988-04-18,18.52
1988-04-19,18.03
1988-04-20,17.74
1988-04-21,17.74
1988-04-22,18.3
1988-04-25,18.4
1988-04-26,18.6
1988-04-27,18.27
1988-04-28,17.98
1988-04-29,17.99
1988-05-02,17.14
1988-05-03,17.37
1988-05-04,17.2
1988-05-05,17.39
1988-05-06,17.74
1988-05-09,17.54
1988-05-10,17.46
1988-05-11,17.49
1988-05-12,17.48
1988-05-13,17.49
1988-05-16,17.66
1988-05-17,17.76
1988-05-18,17.43
1988-05-19,17.45
1988-05-20,17.17
1988-05-23,17.17
1988-05-24,17.4
1988-05-25,17.37
1988-05-26,17.54
1988-05-27,17.43
1988-05-31,17.51
1988-06-01,17.58
1988-06-02,17.65
1988-06-03,17.5
1988-06-06,17.26
1988-06-07,17.37
1988-06-08,17.33
1988-06-09,17.07
1988-06-10,16.73
1988-06-13,16.43
1988-06-14,16.83
1988-06-15,16.53
1988-06-16,16.66
1988-06-17,16.45
1988-06-20,16.0
1988-06-21,15.89
1988-06-22,15.89
1988-06-23,16.37
1988-06-24,16.01
1988-06-27,15.86
1988-06-28,15.78
1988-06-29,15.43
1988-06-30,15.16
1988-07-01,14.94
1988-07-05,15.09
1988-07-06,15.36
1988-07-07,15.83
1988-07-08,15.46
1988-07-11,14.78
1988-07-12,14.72
1988-07-13,14.44
1988-07-14,14.76
1988-07-15,14.86
1988-07-18,15.7
1988-07-19,15.23
1988-07-20,15.66
1988-07-21,15.66
1988-07-22,16.38
1988-07-25,16.05
1988-07-26,15.96
1988-07-27,16.16
1988-07-28,16.15
1988-07-29,16.31
1988-08-01,16.08
1988-08-02,15.61
1988-08-03,15.26
1988-08-04,15.03
1988-08-05,15.26
1988-08-08,15.87
1988-08-09,15.68
1988-08-10,15.71
1988-08-11,15.76
1988-08-12,15.52
1988-08-15,15.61
1988-08-16,15.49
1988-08-17,15.47
1988-08-18,15.57
1988-08-19,15.73
1988-08-22,15.76
1988-08-23,15.76
1988-08-24,15.68
1988-08-25,15.31
1988-08-26,15.34
1988-08-29,15.22
1988-08-30,15.27
1988-08-31,15.18
1988-09-01,15.08
1988-09-02,14.79
1988-09-06,14.24
1988-09-07,14.16
1988-09-08,14.48
1988-09-09,14.18
1988-09-12,14.49
1988-09-13,14.56
1988-09-14,15.4
1988-09-15,14.9
1988-09-16,14.57
1988-09-19,14.73
1988-09-20,15.04
1988-09-21,15.02
1988-09-22,14.65
1988-09-23,14.18
1988-09-26,14.2
1988-09-27,14.14
1988-09-28,14.11
1988-09-29,13.92
1988-09-30,13.37
1988-10-03,13.06
1988-10-04,13.07
1988-10-05,12.6
1988-10-06,12.66
1988-10-07,12.94
1988-10-10,13.6
1988-10-11,13.55
1988-10-12,14.11
1988-10-13,14.21
1988-10-14,14.92
1988-10-17,15.21
1988-10-18,14.61
1988-10-19,15.4
1988-10-20,14.6
1988-10-21,14.6
1988-10-24,13.17
1988-10-25,13.26
1988-10-26,13.41
1988-10-27,13.68
1988-10-28,13.85
1988-10-31,13.58
1988-11-01,13.44
1988-11-02,13.75
1988-11-03,13.9
1988-11-04,14.04
1988-11-07,14.06
1988-11-08,13.8
1988-11-09,13.86
1988-11-10,13.98
1988-11-11,13.95
1988-11-14,14.27
1988-11-15,13.9
1988-11-16,13.67
1988-11-17,13.29
1988-11-18,13.6
1988-11-21,12.98
1988-11-22,13.86
1988-11-23,13.97
1988-11-28,15.03
1988-11-29,14.92
1988-11-30,15.32
1988-12-01,15.61
1988-12-02,15.64
1988-12-05,15.34
1988-12-06,15.46
1988-12-07,15.74
1988-12-08,15.44
1988-12-09,15.84
1988-12-12,16.06
1988-12-13,16.0
1988-12-14,16.37
1988-12-15,16.35
1988-12-16,16.72
1988-12-19,16.31
1988-12-20,17.73
1988-12-21,16.3
1988-12-22,16.49
1988-12-23,16.61
1988-12-27,16.95
1988-12-28,16.97
1988-12-29,16.77
1988-12-30,17.24
1989-01-03,17.36
1989-01-04,17.08
1989-01-05,17.42
1989-01-06,17.55
1989-01-09,17.72
1989-01-10,17.69
1989-01-11,18.14
1989-01-12,18.17
1989-01-13,18.48
1989-01-16,18.88
1989-01-17,18.95
1989-01-18,19.26
1989-01-19,19.28
1989-01-20,18.86
1989-01-23,18.86
1989-01-24,17.54
1989-01-25,18.12
1989-01-26,17.72
1989-01-27,17.74
1989-01-30,17.29
1989-01-31,17.03
1989-02-01,17.51
1989-02-02,17.73
1989-02-03,17.53
1989-02-06,17.38
1989-02-07,17.7
1989-02-08,17.49
1989-02-09,17.39
1989-02-10,17.11
1989-02-13,17.59
1989-02-14,17.42
1989-02-15,18.25
1989-02-16,18.33
1989-02-17,18.56
1989-02-21,18.59
1989-02-22,18.59
1989-02-23,17.83
1989-02-24,18.07
1989-02-27,18.14
1989-02-28,18.15
1989-03-01,18.28
1989-03-02,18.72
1989-03-03,18.56
1989-03-06,18.67
1989-03-07,18.3
1989-03-08,18.54
1989-03-09,18.52
1989-03-10,18.5
1989-03-13,19.03
1989-03-14,19.29
1989-03-15,19.77
1989-03-16,19.84
1989-03-17,20.33
1989-03-20,19.51
1989-03-21,19.51
1989-03-22,20.04
1989-03-23,20.15
1989-03-27,20.53
1989-03-28,19.91
1989-03-29,20.2
1989-03-30,20.81
1989-03-31,20.19
1989-04-03,19.95
1989-04-04,20.42
1989-04-05,19.99
1989-04-06,19.8
1989-04-07,20.02
1989-04-10,20.59
1989-04-11,20.63
1989-04-12,20.64
1989-04-13,20.29
1989-04-14,20.69
1989-04-17,21.22
1989-04-18,21.51
1989-04-19,22.61
1989-04-20,24.65
1989-04-21,24.65
1989-04-24,20.61
1989-04-25,21.41
1989-04-26,21.19
1989-04-27,20.92
1989-04-28,20.42
1989-05-01,20.66
1989-05-02,19.8
1989-05-03,20.1
1989-05-04,20.58
1989-05-05,20.02
1989-05-08,19.44
1989-05-09,19.76
1989-05-10,19.52
1989-05-11,20.06
1989-05-12,20.09
1989-05-15,20.51
1989-05-16,20.7
1989-05-17,20.13
1989-05-18,20.2
1989-05-19,20.6
1989-05-22,20.93
1989-05-23,20.93
1989-05-24,19.66
1989-05-25,19.48
1989-05-26,19.52
1989-05-30,19.95
1989-05-31,19.9
1989-06-01,19.81
1989-06-02,20.14
1989-06-05,20.52
1989-06-06,20.46
1989-06-07,19.67
1989-06-08,20.0
1989-06-09,19.88
1989-06-12,19.26
1989-06-13,19.34
1989-06-14,20.23
1989-06-15,20.57
1989-06-16,19.95
1989-06-19,20.86
1989-06-20,19.53
1989-06-21,19.53
1989-06-22,19.3
1989-06-23,19.71
1989-06-26,20.25
1989-06-27,20.48
1989-06-28,20.03
1989-06-29,20.26
1989-06-30,20.27
1989-07-05,20.79
1989-07-06,20.3
1989-07-07,20.75
1989-07-10,20.36
1989-07-11,20.53
1989-07-12,20.15
1989-07-13,20.35
1989-07-14,20.32
1989-07-17,20.45
1989-07-18,20.34
1989-07-19,19.85
1989-07-20,19.9
1989-07-21,19.51
1989-07-24,18.74
1989-07-25,18.54
1989-07-26,18.3
1989-07-27,18.12
1989-07-28,17.93
1989-07-31,18.31
1989-08-01,18.03
1989-08-02,18.28
1989-08-03,18.21
1989-08-04,18.03
1989-08-07,17.91
1989-08-08,18.12
1989-08-09,18.21
1989-08-10,18.59
1989-08-11,18.48
1989-08-14,18.58
1989-08-15,18.68
1989-08-16,18.97
1989-08-17,18.68
1989-08-18,18.8
1989-08-21,19.08
1989-08-22,19.08
1989-08-23,18.8
1989-08-24,18.61
1989-08-25,18.51
1989-08-28,18.64
1989-08-29,18.64
1989-08-30,18.83
1989-08-31,18.83
1989-09-01,18.85
1989-09-05,19.05
1989-09-06,19.28
1989-09-07,19.41
1989-09-08,19.75
1989-09-11,19.76
1989-09-12,19.7
1989-09-13,19.86
1989-09-14,19.72
1989-09-15,19.96
1989-09-18,19.88
1989-09-19,19.56
1989-09-20,19.64
1989-09-21,19.64
1989-09-22,19.28
1989-09-25,19.46
1989-09-26,19.53
1989-09-27,19.59
1989-09-28,19.86
1989-09-29,20.13
1989-10-02,20.01
1989-10-03,20.13
1989-10-04,20.15
1989-10-05,19.96
1989-10-06,19.87
1989-10-09,20.02
1989-10-10,20.17
1989-10-11,20.25
1989-10-12,20.47
1989-10-13,20.89
1989-10-16,20.59
1989-10-17,20.75
1989-10-18,20.56
1989-10-19,20.42
1989-10-20,19.98
1989-10-23,19.98
1989-10-24,19.72
1989-10-25,19.62
1989-10-26,19.38
1989-10-27,19.77
1989-10-30,19.72
1989-10-31,19.94
1989-11-01,20.07
1989-11-02,20.01
1989-11-03,20.21
1989-11-06,20.1
1989-11-07,20.02
1989-11-08,19.87
1989-11-09,19.92
1989-11-10,19.84
1989-11-13,19.59
1989-11-14,19.5
1989-11-15,19.67
1989-11-16,19.86
1989-11-17,19.91
1989-11-20,20.07
1989-11-21,19.96
1989-11-22,19.82
1989-11-24,19.82
1989-11-27,19.63
1989-11-28,19.25
1989-11-29,19.4
1989-11-30,19.89
1989-12-01,20.3
1989-12-04,20.25
1989-12-05,20.34
1989-12-06,20.47
1989-12-07,20.51
1989-12-08,20.48
1989-12-11,20.7
1989-12-12,20.65
1989-12-13,20.77
1989-12-14,20.65
1989-12-15,21.1
1989-12-18,22.22
1989-12-19,22.33
1989-12-20,21.21
1989-12-21,21.52
1989-12-22,21.29
1989-12-26,21.91
1989-12-27,21.78
1989-12-28,21.5
1989-12-29,21.82
1990-01-02,22.89
1990-01-03,23.68
1990-01-04,23.41
1990-01-05,23.08
1990-01-08,21.62
1990-01-09,22.07
1990-01-10,22.9
1990-01-11,23.14
1990-01-12,23.13
1990-01-15,22.36
1990-01-16,22.78
1990-01-17,22.1
1990-01-18,22.76
1990-01-19,23.67
1990-01-22,22.55
1990-01-23,21.6
1990-01-24,21.59
1990-01-25,22.24
1990-01-26,22.56
1990-01-29,22.8
1990-01-30,22.46
1990-01-31,22.68
1990-02-01,22.7
1990-02-02,23.02
1990-02-05,22.39
1990-02-06,22.51
1990-02-07,22.32
1990-02-08,22.09
1990-02-09,21.74
1990-02-12,22.03
1990-02-13,21.9
1990-02-14,22.07
1990-02-15,22.84
1990-02-16,22.42
1990-02-20,22.19
1990-02-21,21.74
1990-02-22,21.75
1990-02-23,21.42
1990-02-26,21.79
1990-02-27,21.58
1990-02-28,21.54
1990-03-01,21.17
1990-03-02,21.35
1990-03-05,21.58
1990-03-06,21.3
1990-03-07,20.93
1990-03-08,20.78
1990-03-09,20.43
1990-03-12,20.24
1990-03-13,20.22
1990-03-14,20.05
1990-03-15,20.38
1990-03-16,20.07
1990-03-19,19.6
1990-03-20,19.28
1990-03-21,19.96
1990-03-22,20.0
1990-03-23,20.39
1990-03-26,20.46
1990-03-27,20.48
1990-03-28,20.08
1990-03-29,20.03
1990-03-30,20.28
1990-04-02,20.48
1990-04-03,20.3
1990-04-04,19.78
1990-04-05,19.43
1990-04-06,19.15
1990-04-09,18.44
1990-04-10,17.68
1990-04-11,18.06
1990-04-12,17.78
1990-04-16,17.85
1990-04-17,17.44
1990-04-18,16.96
1990-04-19,18.06
1990-04-20,17.95
1990-04-23,19.07
1990-04-24,19.0
1990-04-25,18.66
1990-04-26,18.47
1990-04-27,18.54
1990-04-30,18.54
1990-05-01,18.81
1990-05-02,18.68
1990-05-03,17.99
1990-05-04,17.98
1990-05-07,18.27
1990-05-08,18.28
1990-05-09,18.99
1990-05-10,19.02
1990-05-11,18.95
1990-05-14,19.71
1990-05-15,19.59
1990-05-16,19.03
1990-05-17,18.87
1990-05-18,18.76
1990-05-21,18.26
1990-05-22,17.68
1990-05-23,17.68
1990-05-24,17.83
1990-05-25,17.8
1990-05-29,17.98
1990-05-30,18.08
1990-05-31,17.4
1990-06-01,17.5
1990-06-04,17.14
1990-06-05,16.68
1990-06-06,16.92
1990-06-07,16.67
1990-06-08,16.78
1990-06-11,16.82
1990-06-12,17.51
1990-06-13,17.58
1990-06-14,17.13
1990-06-15,16.62
1990-06-18,15.94
1990-06-19,15.65
1990-06-20,15.3
1990-06-21,17.0
1990-06-22,17.46
1990-06-25,17.38
1990-06-26,17.14
1990-06-27,16.68
1990-06-28,17.15
1990-06-29,17.07
1990-07-02,16.72
1990-07-03,16.8
1990-07-05,16.5
1990-07-06,16.47
1990-07-09,16.58
1990-07-10,16.94
1990-07-11,17.47
1990-07-12,18.46
1990-07-13,18.36
1990-07-16,18.67
1990-07-17,18.65
1990-07-18,18.55
1990-07-19,18.99
1990-07-20,19.61
1990-07-23,20.5
1990-07-24,20.56
1990-07-25,20.38
1990-07-26,20.3
1990-07-27,20.04
1990-07-30,20.21
1990-07-31,20.69
1990-08-01,21.54
1990-08-02,23.11
1990-08-03,24.49
1990-08-06,28.05
1990-08-07,28.31
1990-08-08,25.96
1990-08-09,25.67
1990-08-10,26.23
1990-08-13,26.77
1990-08-14,26.42
1990-08-15,26.46
1990-08-16,27.36
1990-08-17,28.63
1990-08-20,28.56
1990-08-21,28.41
1990-08-22,31.22
1990-08-23,31.93
1990-08-24,30.91
1990-08-27,26.91
1990-08-28,27.88
1990-08-29,25.92
1990-08-30,26.77
1990-08-31,27.32
1990-09-04,29.12
1990-09-05,29.77
1990-09-06,31.43
1990-09-07,30.04
1990-09-10,31.3
1990-09-11,30.76
1990-09-12,30.97
1990-09-13,31.07
1990-09-14,31.76
1990-09-17,33.63
1990-09-18,33.41
1990-09-19,33.18
1990-09-20,34.71
1990-09-21,35.43
1990-09-24,38.25
1990-09-25,37.53
1990-09-26,38.67
1990-09-27,39.54
1990-09-28,39.51
1990-10-01,37.09
1990-10-02,33.95
1990-10-03,37.32
1990-10-04,36.93
1990-10-05,37.99
1990-10-08,38.95
1990-10-09,40.4
1990-10-10,38.69
1990-10-11,40.42
1990-10-12,39.69
1990-10-15,37.95
1990-10-16,38.89
1990-10-17,36.72
1990-10-18,36.8
1990-10-19,33.79
1990-10-22,28.38
1990-10-23,29.37
1990-10-24,31.08
1990-10-25,34.25
1990-10-26,33.01
1990-10-29,34.68
1990-10-30,34.54
1990-10-31,35.23
1990-11-01,35.17
1990-11-02,34.0
1990-11-05,31.96
1990-11-06,32.63
1990-11-07,35.31
1990-11-08,35.53
1990-11-09,33.89
1990-11-12,31.87
1990-11-13,33.12
1990-11-14,31.16
1990-11-15,31.12
1990-11-16,29.78
1990-11-19,31.5
1990-11-20,31.5
1990-11-21,29.63
1990-11-23,31.9
1990-11-26,32.95
1990-11-27,32.86
1990-11-28,33.28
1990-11-29,32.91
1990-11-30,28.85
1990-12-03,29.15
1990-12-04,30.66
1990-12-05,27.29
1990-12-06,26.4
1990-12-07,26.58
1990-12-10,26.9
1990-12-11,26.41
1990-12-12,25.35
1990-12-13,26.42
1990-12-14,26.55
1990-12-17,27.05
1990-12-18,27.86
1990-12-19,26.93
1990-12-20,26.39
1990-12-21,25.92
1990-12-26,27.22
1990-12-27,27.01
1990-12-28,27.57
1990-12-31,28.44
1991-01-02,26.49
1991-01-03,25.48
1991-01-04,24.9
1991-01-07,27.65
1991-01-08,27.17
1991-01-09,27.26
1991-01-10,27.71
1991-01-11,27.29
1991-01-14,30.78
1991-01-15,30.07
1991-01-16,32.0
1991-01-17,21.44
1991-01-18,19.25
1991-01-21,21.3
1991-01-22,24.18
1991-01-23,22.04
1991-01-24,21.71
1991-01-25,21.35
1991-01-28,20.96
1991-01-29,21.85
1991-01-30,20.97
1991-01-31,21.54
1991-02-01,21.34
1991-02-04,21.14
1991-02-05,20.66
1991-02-06,21.49
1991-02-07,21.22
1991-02-08,21.92
1991-02-11,22.47
1991-02-12,22.93
1991-02-13,22.56
1991-02-14,22.32
1991-02-15,20.88
1991-02-19,20.07
1991-02-20,20.48
1991-02-21,18.5
1991-02-22,17.91
1991-02-25,17.94
1991-02-26,18.37
1991-02-27,18.86
1991-02-28,19.16
1991-03-01,19.38
1991-03-04,20.25
1991-03-05,20.43
1991-03-06,19.73
1991-03-07,19.42
1991-03-08,19.31
1991-03-11,18.99
1991-03-12,19.68
1991-03-13,20.45
1991-03-14,20.27
1991-03-15,20.01
1991-03-18,19.76
1991-03-19,20.61
1991-03-20,20.38
1991-03-21,20.49
1991-03-22,20.1
1991-03-25,19.62
1991-03-26,19.76
1991-03-27,19.41
1991-03-28,19.63
1991-04-01,19.29
1991-04-02,19.7
1991-04-03,19.47
1991-04-04,19.98
1991-04-05,19.96
1991-04-08,20.31
1991-04-09,20.26
1991-04-10,21.05
1991-04-11,20.89
1991-04-12,21.48
1991-04-15,21.91
1991-04-16,21.64
1991-04-17,21.71
1991-04-18,21.08
1991-04-19,21.13
1991-04-22,21.62
1991-04-23,20.88
1991-04-24,20.94
1991-04-25,21.15
1991-04-26,21.28
1991-04-29,21.26
1991-04-30,20.96
1991-05-01,21.25
1991-05-02,21.17
1991-05-03,21.37
1991-05-06,21.68
1991-05-07,21.63
1991-05-08,21.78
1991-05-09,21.93
1991-05-10,21.27
1991-05-13,20.91
1991-05-14,20.74
1991-05-15,20.92
1991-05-16,20.89
1991-05-17,21.18
1991-05-20,21.37
1991-05-21,21.4
1991-05-22,20.83
1991-05-23,21.02
1991-05-24,21.19
1991-05-28,21.33
1991-05-29,21.11
1991-05-30,21.32
1991-05-31,21.13
1991-06-03,21.13
1991-06-04,21.02
1991-06-05,20.47
1991-06-06,20.33
1991-06-07,20.28
1991-06-10,19.84
1991-06-11,19.96
1991-06-12,20.05
1991-06-13,19.71
1991-06-14,19.67
1991-06-17,19.94
1991-06-18,20.13
1991-06-19,19.99
1991-06-20,20.15
1991-06-21,20.23
1991-06-24,19.98
1991-06-25,20.05
1991-06-26,20.08
1991-06-27,20.48
1991-06-28,20.56
1991-07-01,20.76
1991-07-02,20.82
1991-07-03,20.67
1991-07-05,20.89
1991-07-08,21.24
1991-07-09,21.29
1991-07-10,21.43
1991-07-11,21.29
1991-07-12,21.72
1991-07-15,21.47
1991-07-16,21.65
1991-07-17,22.14
1991-07-18,21.94
1991-07-19,22.16
1991-07-22,21.72
1991-07-23,21.32
1991-07-24,21.52
1991-07-25,21.46
1991-07-26,21.48
1991-07-29,21.35
1991-07-30,21.42
1991-07-31,21.68
1991-08-01,21.27
1991-08-02,21.32
1991-08-05,21.47
1991-08-06,21.37
1991-08-07,21.36
1991-08-08,21.58
1991-08-09,21.62
1991-08-12,21.69
1991-08-13,21.58
1991-08-14,21.27
1991-08-15,21.44
1991-08-16,21.3
1991-08-19,22.47
1991-08-20,22.27
1991-08-21,21.55
1991-08-22,21.72
1991-08-23,21.81
1991-08-26,21.97
1991-08-27,21.98
1991-08-28,21.74
1991-08-29,21.97
1991-08-30,22.26
1991-09-03,22.24
1991-09-04,21.81
1991-09-05,21.69
1991-09-06,21.57
1991-09-09,21.33
1991-09-10,21.41
1991-09-11,21.64
1991-09-12,21.53
1991-09-13,21.68
1991-09-16,21.82
1991-09-17,21.62
1991-09-18,21.84
1991-09-19,21.76
1991-09-20,21.97
1991-09-23,22.07
1991-09-24,22.19
1991-09-25,22.21
1991-09-26,22.21
1991-09-27,22.32
1991-09-30,22.23
1991-10-01,22.22
1991-10-02,22.33
1991-10-03,22.67
1991-10-04,22.61
1991-10-07,22.98
1991-10-08,22.99
1991-10-09,23.16
1991-10-10,22.98
1991-10-11,23.09
1991-10-14,23.46
1991-10-15,23.86
1991-10-16,23.67
1991-10-17,23.93
1991-10-18,24.14
1991-10-21,24.04
1991-10-22,23.48
1991-10-23,23.26
1991-10-24,23.49
1991-10-25,23.12
1991-10-28,23.21
1991-10-29,23.11
1991-10-30,23.11
1991-10-31,23.37
1991-11-01,23.82
1991-11-04,23.8
1991-11-05,23.78
1991-11-06,23.4
1991-11-07,23.2
1991-11-08,23.01
1991-11-11,22.58
1991-11-12,22.5
1991-11-13,22.35
1991-11-14,22.52
1991-11-15,22.79
1991-11-18,22.4
1991-11-19,22.0
1991-11-20,22.22
1991-11-21,21.78
1991-11-22,21.21
1991-11-25,21.42
1991-11-26,21.02
1991-11-27,21.35
1991-11-29,21.48
1991-12-02,21.08
1991-12-03,20.51
1991-12-04,20.76
1991-12-05,20.39
1991-12-06,20.04
1991-12-09,19.42
1991-12-10,19.41
1991-12-11,19.51
1991-12-12,19.96
1991-12-13,20.05
1991-12-16,19.76
1991-12-17,19.45
1991-12-18,19.39
1991-12-19,19.13
1991-12-20,18.52
1991-12-23,18.78
1991-12-24,18.97
1991-12-26,18.5
1991-12-27,18.76
1991-12-30,18.65
1991-12-31,19.12
1992-01-02,19.49
1992-01-03,19.23
1992-01-06,19.21
1992-01-07,18.69
1992-01-08,17.87
1992-01-09,17.86
1992-01-10,18.23
1992-01-13,18.79
1992-01-14,18.47
1992-01-15,18.85
1992-01-16,18.91
1992-01-17,19.16
1992-01-20,18.89
1992-01-21,18.47
1992-01-22,18.94
1992-01-23,18.72
1992-01-24,19.0
1992-01-27,19.36
1992-01-28,19.17
1992-01-29,18.89
1992-01-30,18.94
1992-01-31,18.9
1992-02-03,18.96
1992-02-04,19.27
1992-02-05,19.5
1992-02-06,19.5
1992-02-07,19.87
1992-02-10,19.78
1992-02-11,19.28
1992-02-12,19.27
1992-02-13,19.68
1992-02-14,19.46
1992-02-18,18.12
1992-02-19,18.41
1992-02-20,18.54
1992-02-21,18.66
1992-02-24,18.43
1992-02-25,18.48
1992-02-26,18.46
1992-02-27,18.75
1992-02-28,18.68
1992-03-02,18.34
1992-03-03,18.64
1992-03-04,18.63
1992-03-05,18.55
1992-03-06,18.51
1992-03-09,18.67
1992-03-10,18.69
1992-03-11,18.5
1992-03-12,18.83
1992-03-13,19.18
1992-03-16,19.15
1992-03-17,19.24
1992-03-18,19.07
1992-03-19,19.29
1992-03-20,18.9
1992-03-23,19.13
1992-03-24,19.22
1992-03-25,19.19
1992-03-26,19.28
1992-03-27,19.16
1992-03-30,19.25
1992-03-31,19.44
1992-04-01,19.84
1992-04-02,19.8
1992-04-03,20.29
1992-04-06,20.45
1992-04-07,20.23
1992-04-08,20.62
1992-04-09,20.31
1992-04-10,20.44
1992-04-13,20.22
1992-04-14,19.86
1992-04-15,19.87
1992-04-16,20.21
1992-04-20,20.24
1992-04-21,20.25
1992-04-22,20.11
1992-04-23,20.11
1992-04-24,20.22
1992-04-27,20.29
1992-04-28,20.41
1992-04-29,20.77
1992-04-30,20.85
1992-05-01,20.85
1992-05-04,21.12
1992-05-05,20.8
1992-05-06,20.77
1992-05-07,20.71
1992-05-08,20.86
1992-05-11,21.0
1992-05-12,20.96
1992-05-13,20.76
1992-05-14,20.55
1992-05-15,20.69
1992-05-18,20.52
1992-05-19,20.12
1992-05-20,20.4
1992-05-21,20.9
1992-05-22,20.94
1992-05-26,22.0
1992-05-27,21.92
1992-05-28,21.95
1992-05-29,22.11
1992-06-01,22.03
1992-06-02,22.11
1992-06-03,22.43
1992-06-04,22.48
1992-06-05,22.62
1992-06-08,22.44
1992-06-09,22.32
1992-06-10,22.51
1992-06-11,22.35
1992-06-12,22.3
1992-06-15,22.36
1992-06-16,22.3
1992-06-17,22.29
1992-06-18,22.26
1992-06-19,22.26
1992-06-22,22.48
1992-06-23,22.59
1992-06-24,22.89
1992-06-25,22.58
1992-06-26,22.44
1992-06-29,22.24
1992-06-30,21.6
1992-07-01,21.86
1992-07-02,22.1
1992-07-06,21.89
1992-07-07,21.4
1992-07-08,21.41
1992-07-09,21.4
1992-07-10,21.28
1992-07-13,21.36
1992-07-14,21.46
1992-07-15,21.71
1992-07-16,21.79
1992-07-17,21.58
1992-07-20,21.79
1992-07-21,21.78
1992-07-22,21.84
1992-07-23,21.96
1992-07-24,21.98
1992-07-27,22.04
1992-07-28,22.05
1992-07-29,22.0
1992-07-30,21.83
1992-07-31,21.87
1992-08-03,21.58
1992-08-04,21.35
1992-08-05,21.18
1992-08-06,21.42
1992-08-07,21.22
1992-08-10,21.03
1992-08-11,20.91
1992-08-12,21.08
1992-08-13,21.34
1992-08-14,21.28
1992-08-17,21.45
1992-08-18,21.47
1992-08-19,21.37
1992-08-20,21.44
1992-08-21,21.08
1992-08-24,21.54
1992-08-25,21.15
1992-08-26,21.21
1992-08-27,21.13
1992-08-28,21.31
1992-08-31,21.48
1992-09-01,21.64
1992-09-02,21.69
1992-09-03,21.67
1992-09-04,21.77
1992-09-08,21.96
1992-09-09,21.99
1992-09-10,21.93
1992-09-11,22.01
1992-09-14,22.31
1992-09-15,22.18
1992-09-16,22.39
1992-09-17,22.3
1992-09-18,21.98
1992-09-21,21.92
1992-09-22,21.88
1992-09-23,22.0
1992-09-24,21.79
1992-09-25,21.68
1992-09-28,21.76
1992-09-29,21.67
1992-09-30,21.71
1992-10-01,21.83
1992-10-02,21.92
1992-10-05,21.77
1992-10-06,21.81
1992-10-07,21.89
1992-10-08,21.99
1992-10-09,22.37
1992-10-12,22.3
1992-10-13,22.09
1992-10-14,22.08
1992-10-15,22.33
1992-10-16,22.28
1992-10-19,22.14
1992-10-20,21.86
1992-10-21,21.61
1992-10-22,21.35
1992-10-23,21.19
1992-10-26,21.27
1992-10-27,21.02
1992-10-28,21.12
1992-10-29,20.71
1992-10-30,20.62
1992-11-02,20.77
1992-11-03,20.7
1992-11-04,20.33
1992-11-05,20.64
1992-11-06,20.3
1992-11-09,20.62
1992-11-10,20.47
1992-11-11,20.47
1992-11-12,20.21
1992-11-13,20.08
1992-11-16,20.37
1992-11-17,20.26
1992-11-18,20.19
1992-11-19,20.54
1992-11-20,20.4
1992-11-23,20.2
1992-11-24,20.22
1992-11-25,20.27
1992-11-30,19.89
1992-12-01,19.51
1992-12-02,19.45
1992-12-03,19.08
1992-12-04,18.94
1992-12-07,19.18
1992-12-08,18.84
1992-12-09,18.84
1992-12-10,19.28
1992-12-11,19.09
1992-12-14,19.09
1992-12-15,18.95
1992-12-16,19.41
1992-12-17,19.7
1992-12-18,19.83
1992-12-21,19.83
1992-12-22,19.84
1992-12-23,19.95
1992-12-28,19.82
1992-12-29,19.64
1992-12-30,19.59
1992-12-31,19.5
1993-01-04,19.04
1993-01-05,19.26
1993-01-06,19.04
1993-01-07,18.95
1993-01-08,18.88
1993-01-11,18.78
1993-01-12,18.38
1993-01-13,18.5
1993-01-14,18.7
1993-01-15,18.87
1993-01-18,18.87
1993-01-19,18.58
1993-01-20,18.33
1993-01-21,18.81
1993-01-22,18.83
1993-01-25,19.66
1993-01-26,19.64
1993-01-27,19.66
1993-01-28,20.41
1993-01-29,20.26
1993-02-01,20.31
1993-02-02,20.0
1993-02-03,19.93
1993-02-04,20.3
1993-02-05,20.21
1993-02-08,20.08
1993-02-09,20.05
1993-02-10,20.18
1993-02-11,20.26
1993-02-12,19.98
1993-02-16,19.53
1993-02-17,19.33
1993-02-18,19.42
1993-02-19,19.62
1993-02-22,20.02
1993-02-23,20.48
1993-02-24,20.53
1993-02-25,20.61
1993-02-26,20.6
1993-03-02,20.47
1993-03-03,20.48
1993-03-04,21.07
1993-03-05,20.93
1993-03-08,20.71
1993-03-09,20.68
1993-03-10,20.39
1993-03-11,20.13
1993-03-12,20.29
1993-03-15,20.16
1993-03-16,20.13
1993-03-17,20.17
1993-03-18,20.29
1993-03-19,20.08
1993-03-22,19.52
1993-03-23,20.03
1993-03-24,20.24
1993-03-25,20.41
1993-03-26,20.41
1993-03-29,20.29
1993-03-30,20.28
1993-03-31,20.44
1993-04-01,20.52
1993-04-02,20.65
1993-04-05,20.62
1993-04-06,20.3
1993-04-07,20.37
1993-04-08,20.22
1993-04-12,20.46
1993-04-13,20.46
1993-04-14,20.4
1993-04-15,20.22
1993-04-16,20.14
1993-04-19,19.99
1993-04-20,19.84
1993-04-21,20.37
1993-04-22,20.15
1993-04-23,20.34
1993-04-26,20.3
1993-04-27,20.18
1993-04-28,20.19
1993-04-29,20.58
1993-04-30,20.53
1993-05-03,20.57
1993-05-04,20.39
1993-05-05,20.46
1993-05-06,20.47
1993-05-07,20.44
1993-05-10,20.44
1993-05-11,20.34
1993-05-12,20.2
1993-05-13,19.78
1993-05-14,19.48
1993-05-17,19.51
1993-05-18,19.34
1993-05-19,19.15
1993-05-20,19.54
1993-05-21,19.88
1993-05-24,19.72
1993-05-25,19.9
1993-05-26,19.89
1993-05-27,20.06
1993-05-28,20.02
1993-06-01,20.24
1993-06-02,20.03
1993-06-03,19.74
1993-06-04,19.77
1993-06-07,19.54
1993-06-08,19.65
1993-06-09,19.64
1993-06-10,19.28
1993-06-11,18.98
1993-06-14,18.89
1993-06-15,18.58
1993-06-16,18.84
1993-06-17,18.7
1993-06-18,18.67
1993-06-21,18.62
1993-06-22,18.42
1993-06-23,18.86
1993-06-24,18.89
1993-06-25,18.84
1993-06-28,18.9
1993-06-29,19.01
1993-06-30,18.85
1993-07-01,18.45
1993-07-02,17.95
1993-07-06,18.29
1993-07-07,18.02
1993-07-08,17.79
1993-07-09,17.89
1993-07-12,18.1
1993-07-13,18.13
1993-07-14,17.49
1993-07-15,17.67
1993-07-16,17.21
1993-07-19,17.7
1993-07-20,17.09
1993-07-21,17.93
1993-07-22,17.63
1993-07-23,17.75
1993-07-26,18.07
1993-07-27,18.42
1993-07-28,18.23
1993-07-29,18.12
1993-07-30,17.88
1993-08-02,17.97
1993-08-03,17.85
1993-08-04,17.8
1993-08-05,17.57
1993-08-06,17.27
1993-08-09,17.55
1993-08-10,17.52
1993-08-11,17.88
1993-08-12,18.18
1993-08-13,18.14
1993-08-16,17.86
1993-08-17,17.92
1993-08-18,17.66
1993-08-19,17.65
1993-08-20,18.09
1993-08-23,18.53
1993-08-24,18.35
1993-08-25,18.32
1993-08-26,18.36
1993-08-27,18.8
1993-08-30,18.73
1993-08-31,18.29
1993-09-01,17.97
1993-09-02,17.97
1993-09-03,17.73
1993-09-07,17.07
1993-09-08,17.03
1993-09-09,16.97
1993-09-10,16.76
1993-09-13,16.95
1993-09-14,16.96
1993-09-15,16.86
1993-09-16,16.83
1993-09-17,17.07
1993-09-20,17.7
1993-09-21,18.12
1993-09-22,17.59
1993-09-23,17.63
1993-09-24,17.57
1993-09-27,17.73
1993-09-28,17.96
1993-09-29,18.67
1993-09-30,18.79
1993-10-01,18.63
1993-10-04,18.42
1993-10-05,18.39
1993-10-06,18.42
1993-10-07,18.49
1993-10-08,18.55
1993-10-11,18.77
1993-10-12,18.71
1993-10-13,18.64
1993-10-14,18.5
1993-10-15,18.27
1993-10-18,18.13
1993-10-19,18.06
1993-10-20,18.24
1993-10-21,18.35
1993-10-22,18.07
1993-10-25,17.51
1993-10-26,17.54
1993-10-27,17.65
1993-10-28,17.37
1993-10-29,16.92
1993-11-01,17.43
1993-11-02,17.12
1993-11-03,17.49
1993-11-04,17.4
1993-11-05,17.09
1993-11-08,16.71
1993-11-09,16.66
1993-11-10,16.55
1993-11-11,16.9
1993-11-12,16.72
1993-11-15,16.76
1993-11-16,16.77
1993-11-17,17.04
1993-11-18,16.69
1993-11-19,16.56
1993-11-22,17.1
1993-11-23,16.63
1993-11-24,16.38
1993-11-29,15.31
1993-11-30,15.43
1993-12-01,15.48
1993-12-02,14.95
1993-12-03,14.97
1993-12-06,14.57
1993-12-07,14.7
1993-12-08,14.59
1993-12-09,14.63
1993-12-10,15.07
1993-12-13,14.52
1993-12-14,14.52
1993-12-15,14.41
1993-12-16,14.23
1993-12-17,13.91
1993-12-20,14.18
1993-12-21,14.36
1993-12-22,14.77
1993-12-23,14.48
1993-12-27,14.13
1993-12-28,14.11
1993-12-29,14.44
1993-12-30,14.17
1994-01-03,14.56
1994-01-04,14.67
1994-01-05,15.34
1994-01-06,15.42
1994-01-07,15.32
1994-01-10,14.67
1994-01-11,14.85
1994-01-12,14.33
1994-01-13,14.51
1994-01-14,14.78
1994-01-17,15.1
1994-01-18,14.87
1994-01-19,15.22
1994-01-20,15.1
1994-01-21,14.94
1994-01-24,15.17
1994-01-25,15.17
1994-01-26,15.47
1994-01-27,15.42
1994-01-28,15.34
1994-01-31,15.19
1994-02-01,15.92
1994-02-02,16.04
1994-02-03,15.89
1994-02-04,15.63
1994-02-07,15.25
1994-02-08,15.21
1994-02-09,14.6
1994-02-10,14.56
1994-02-11,14.72
1994-02-14,14.13
1994-02-15,14.06
1994-02-16,13.93
1994-02-17,14.23
1994-02-18,14.21
1994-02-22,14.24
1994-02-23,14.41
1994-02-24,14.77
1994-02-25,14.57
1994-02-28,14.48
1994-03-01,14.67
1994-03-02,14.76
1994-03-03,14.75
1994-03-04,14.57
1994-03-07,14.1
1994-03-08,14.1
1994-03-09,14.18
1994-03-10,14.14
1994-03-11,14.44
1994-03-14,14.49
1994-03-15,14.83
1994-03-16,15.06
1994-03-17,14.82
1994-03-18,14.88
1994-03-21,15.37
1994-03-22,15.2
1994-03-23,14.9
1994-03-24,15.08
1994-03-25,15.13
1994-03-28,14.08
1994-03-29,14.32
1994-03-30,14.38
1994-03-31,14.79
1994-04-04,15.79
1994-04-05,15.74
1994-04-06,15.77
1994-04-07,15.58
1994-04-08,15.57
1994-04-11,15.87
1994-04-12,15.75
1994-04-13,15.97
1994-04-14,16.23
1994-04-15,16.58
1994-04-18,16.65
1994-04-19,16.49
1994-04-20,16.82
1994-04-21,16.63
1994-04-22,17.14
1994-04-25,17.24
1994-04-26,16.91
1994-04-28,16.57
1994-04-29,16.9
1994-05-02,17.16
1994-05-03,16.89
1994-05-04,16.86
1994-05-05,17.29
1994-05-06,17.7
1994-05-09,17.73
1994-05-10,17.61
1994-05-11,17.85
1994-05-12,18.28
1994-05-13,18.21
1994-05-16,18.06
1994-05-17,17.59
1994-05-18,17.99
1994-05-19,18.45
1994-05-20,18.92
1994-05-23,18.06
1994-05-24,17.92
1994-05-25,17.7
1994-05-26,17.74
1994-05-27,18.03
1994-05-31,18.31
1994-06-01,18.21
1994-06-02,18.23
1994-06-03,18.12
1994-06-06,18.11
1994-06-07,17.75
1994-06-08,18.34
1994-06-09,18.67
1994-06-10,18.48
1994-06-13,18.79
1994-06-14,18.95
1994-06-15,19.86
1994-06-16,19.91
1994-06-17,20.71
1994-06-20,20.75
1994-06-21,20.04
1994-06-22,19.37
1994-06-23,19.42
1994-06-24,19.32
1994-06-27,19.01
1994-06-28,19.27
1994-06-29,18.83
1994-06-30,19.37
1994-07-01,19.53
1994-07-05,19.62
1994-07-06,19.24
1994-07-07,19.12
1994-07-08,19.48
1994-07-11,20.18
1994-07-12,20.43
1994-07-13,20.15
1994-07-14,20.18
1994-07-15,19.89
1994-07-18,19.51
1994-07-19,19.46
1994-07-20,19.2
1994-07-21,19.39
1994-07-22,19.61
1994-07-25,19.41
1994-07-26,19.21
1994-07-27,19.46
1994-07-28,19.77
1994-07-29,20.3
1994-08-01,20.55
1994-08-02,20.14
1994-08-03,20.1
1994-08-04,20.14
1994-08-05,19.31
1994-08-08,19.42
1994-08-09,19.3
1994-08-10,18.96
1994-08-11,18.66
1994-08-12,18.05
1994-08-15,18.2
1994-08-16,17.73
1994-08-17,18.11
1994-08-18,17.72
1994-08-19,17.58
1994-08-22,16.87
1994-08-23,17.09
1994-08-24,17.49
1994-08-25,17.52
1994-08-26,17.14
1994-08-29,17.63
1994-08-30,17.45
1994-08-31,17.56
1994-09-01,17.47
1994-09-02,17.52
1994-09-06,17.62
1994-09-07,17.81
1994-09-08,17.67
1994-09-09,17.53
1994-09-12,17.39
1994-09-13,17.12
1994-09-14,16.71
1994-09-15,16.7
1994-09-16,16.83
1994-09-19,17.21
1994-09-20,17.24
1994-09-21,17.22
1994-09-22,17.67
1994-09-23,17.83
1994-09-26,17.67
1994-09-27,17.55
1994-09-28,17.68
1994-09-29,17.98
1994-09-30,18.39
1994-10-03,18.19
1994-10-04,18.08
1994-10-05,18.01
1994-10-06,18.25
1994-10-07,18.26
1994-10-10,17.99
1994-10-11,17.7
1994-10-12,17.19
1994-10-13,17.13
1994-10-14,16.97
1994-10-17,17.06
1994-10-18,17.22
1994-10-19,17.42
1994-10-20,17.54
1994-10-21,17.38
1994-10-24,17.45
1994-10-25,17.58
1994-10-26,17.95
1994-10-27,18.15
1994-10-28,18.23
1994-10-31,18.19
1994-11-01,18.68
1994-11-02,18.93
1994-11-03,18.9
1994-11-04,18.76
1994-11-07,18.39
1994-11-08,18.58
1994-11-09,18.16
1994-11-10,18.19
1994-11-11,18.04
1994-11-14,17.47
1994-11-15,17.58
1994-11-16,17.37
1994-11-17,17.65
1994-11-18,17.47
1994-11-21,17.56
1994-11-22,17.82
1994-11-23,18.15
1994-11-28,18.12
1994-11-29,18.05
1994-11-30,18.05
1994-12-01,17.82
1994-12-02,16.99
1994-12-05,16.85
1994-12-06,16.94
1994-12-07,16.87
1994-12-08,17.12
1994-12-09,17.13
1994-12-12,16.91
1994-12-13,16.91
1994-12-14,16.99
1994-12-15,16.73
1994-12-16,16.76
1994-12-19,16.91
1994-12-20,16.98
1994-12-21,17.02
1994-12-22,17.09
1994-12-23,17.35
1994-12-27,17.64
1994-12-28,17.79
1994-12-29,17.72
1994-12-30,17.76
1995-01-03,17.44
1995-01-04,17.48
1995-01-05,17.72
1995-01-06,17.67
1995-01-09,17.4
1995-01-10,17.37
1995-01-11,17.72
1995-01-12,17.72
1995-01-13,17.52
1995-01-16,17.88
1995-01-17,18.32
1995-01-18,18.73
1995-01-19,18.69
1995-01-20,18.65
1995-01-23,18.1
1995-01-24,18.39
1995-01-25,18.39
1995-01-26,18.24
1995-01-27,17.95
1995-01-30,18.09
1995-01-31,18.39
1995-02-01,18.52
1995-02-02,18.54
1995-02-03,18.78
1995-02-06,18.59
1995-02-07,18.46
1995-02-08,18.3
1995-02-09,18.24
1995-02-10,18.46
1995-02-13,18.27
1995-02-14,18.32
1995-02-15,18.42
1995-02-16,18.59
1995-02-17,18.91
1995-02-21,18.86
1995-02-22,18.63
1995-02-23,18.43
1995-02-24,18.69
1995-02-27,18.66
1995-02-28,18.49
1995-03-01,18.32
1995-03-02,18.35
1995-03-03,18.63
1995-03-06,18.59
1995-03-07,18.63
1995-03-08,18.33
1995-03-09,18.02
1995-03-10,17.91
1995-03-13,18.19
1995-03-14,17.94
1995-03-15,18.11
1995-03-16,18.16
1995-03-17,18.26
1995-03-20,18.56
1995-03-21,18.43
1995-03-22,18.96
1995-03-23,18.92
1995-03-24,18.78
1995-03-27,19.07
1995-03-28,19.05
1995-03-29,19.22
1995-03-30,19.15
1995-03-31,19.17
1995-04-03,19.03
1995-04-04,19.18
1995-04-05,19.56
1995-04-06,19.77
1995-04-07,19.67
1995-04-10,19.59
1995-04-11,19.88
1995-04-12,19.55
1995-04-13,19.15
1995-04-17,19.73
1995-04-18,20.05
1995-04-19,20.41
1995-04-20,20.52
1995-04-21,20.41
1995-04-24,20.12
1995-04-25,20.29
1995-04-26,20.15
1995-04-27,20.43
1995-04-28,20.38
1995-05-01,20.5
1995-05-02,20.09
1995-05-03,19.89
1995-05-04,20.29
1995-05-05,20.33
1995-05-08,20.29
1995-05-09,19.61
1995-05-10,19.75
1995-05-11,19.41
1995-05-12,19.52
1995-05-15,19.9
1995-05-16,20.08
1995-05-17,19.96
1995-05-18,20.0
1995-05-19,20.06
1995-05-22,19.81
1995-05-23,19.77
1995-05-24,19.41
1995-05-25,19.26
1995-05-26,18.69
1995-05-30,18.78
1995-05-31,18.89
1995-06-01,18.9
1995-06-02,19.14
1995-06-05,19.25
1995-06-06,19.06
1995-06-07,19.13
1995-06-08,18.91
1995-06-09,18.8
1995-06-12,18.86
1995-06-13,18.91
1995-06-14,19.05
1995-06-15,18.94
1995-06-16,18.84
1995-06-19,18.22
1995-06-20,18.01
1995-06-21,17.46
1995-06-22,17.5
1995-06-23,17.49
1995-06-26,17.64
1995-06-27,17.77
1995-06-28,17.97
1995-06-29,17.56
1995-06-30,17.4
1995-07-05,17.18
1995-07-06,17.37
1995-07-07,17.14
1995-07-10,17.34
1995-07-11,17.32
1995-07-12,17.49
1995-07-13,17.25
1995-07-14,17.32
1995-07-17,17.2
1995-07-18,17.35
1995-07-19,17.33
1995-07-20,17.01
1995-07-21,16.79
1995-07-24,16.88
1995-07-25,16.93
1995-07-26,17.5
1995-07-27,17.49
1995-07-28,17.43
1995-07-31,17.56
1995-08-01,17.7
1995-08-02,17.78
1995-08-03,17.72
1995-08-04,17.71
1995-08-07,17.65
1995-08-08,17.79
1995-08-09,17.78
1995-08-10,17.89
1995-08-11,17.86
1995-08-14,17.48
1995-08-15,17.47
1995-08-16,17.55
1995-08-17,17.66
1995-08-18,17.87
1995-08-21,18.25
1995-08-22,18.54
1995-08-23,18.0
1995-08-24,17.86
1995-08-25,17.86
1995-08-28,17.82
1995-08-29,17.82
1995-08-30,17.79
1995-08-31,17.84
1995-09-01,18.04
1995-09-05,18.58
1995-09-06,18.36
1995-09-07,18.27
1995-09-08,18.44
1995-09-11,18.47
1995-09-12,18.64
1995-09-13,18.54
1995-09-14,18.85
1995-09-15,18.92
1995-09-18,18.93
1995-09-19,18.95
1995-09-20,18.69
1995-09-21,17.56
1995-09-22,17.25
1995-09-25,17.47
1995-09-26,17.33
1995-09-27,17.57
1995-09-28,17.76
1995-09-29,17.54
1995-10-02,17.64
1995-10-03,17.56
1995-10-04,17.3
1995-10-05,16.87
1995-10-06,17.03
1995-10-09,17.31
1995-10-10,17.42
1995-10-11,17.29
1995-10-12,17.12
1995-10-13,17.41
1995-10-16,17.59
1995-10-17,17.68
1995-10-18,17.61
1995-10-19,17.32
1995-10-20,17.37
1995-10-23,17.21
1995-10-24,17.32
1995-10-25,17.32
1995-10-26,17.58
1995-10-27,17.54
1995-10-30,17.62
1995-10-31,17.64
1995-11-01,17.74
1995-11-02,17.98
1995-11-03,17.94
1995-11-06,17.71
1995-11-07,17.65
1995-11-08,17.82
1995-11-09,17.84
1995-11-10,17.83
1995-11-13,17.8
1995-11-14,17.82
1995-11-15,17.93
1995-11-16,18.19
1995-11-17,18.57
1995-11-20,18.06
1995-11-21,17.97
1995-11-22,17.96
1995-11-27,18.38
1995-11-28,18.33
1995-11-29,18.26
1995-11-30,18.18
1995-12-01,18.43
1995-12-04,18.63
1995-12-05,18.67
1995-12-06,18.77
1995-12-07,18.73
1995-12-08,18.97
1995-12-11,18.66
1995-12-12,18.73
1995-12-13,19.0
1995-12-14,19.11
1995-12-15,19.51
1995-12-18,19.67
1995-12-19,19.12
1995-12-20,18.97
1995-12-21,18.96
1995-12-22,19.14
1995-12-26,19.27
1995-12-27,19.5
1995-12-28,19.36
1995-12-29,19.55
1996-01-02,19.81
1996-01-03,19.89
1996-01-04,19.91
1996-01-05,20.26
1996-01-09,19.95
1996-01-10,19.67
1996-01-11,18.79
1996-01-12,18.25
1996-01-15,18.38
1996-01-16,18.05
1996-01-17,18.52
1996-01-18,19.18
1996-01-19,18.94
1996-01-22,18.62
1996-01-23,18.06
1996-01-24,18.28
1996-01-25,17.67
1996-01-26,17.73
1996-01-29,17.45
1996-01-30,17.56
1996-01-31,17.74
1996-02-01,17.71
1996-02-02,17.8
1996-02-05,17.54
1996-02-06,17.69
1996-02-07,17.74
1996-02-08,17.76
1996-02-09,17.78
1996-02-12,17.97
1996-02-13,18.91
1996-02-14,18.96
1996-02-15,19.04
1996-02-16,19.16
1996-02-20,21.05
1996-02-21,19.71
1996-02-22,19.85
1996-02-23,19.06
1996-02-26,19.39
1996-02-27,19.7
1996-02-28,19.29
1996-02-29,19.54
1996-03-01,19.44
1996-03-04,19.2
1996-03-05,19.54
1996-03-06,20.19
1996-03-07,19.81
1996-03-08,19.61
1996-03-11,19.91
1996-03-12,20.46
1996-03-13,20.58
1996-03-14,21.16
1996-03-15,21.99
1996-03-18,23.27
1996-03-19,24.34
1996-03-20,23.06
1996-03-21,21.05
1996-03-22,21.95
1996-03-25,22.4
1996-03-26,22.19
1996-03-27,21.79
1996-03-28,21.41
1996-03-29,21.47
1996-04-01,22.26
1996-04-02,22.7
1996-04-03,22.27
1996-04-04,22.75
1996-04-08,23.03
1996-04-09,23.06
1996-04-10,24.21
1996-04-11,25.34
1996-04-12,24.29
1996-04-15,25.06
1996-04-16,24.47
1996-04-17,24.67
1996-04-18,23.82
1996-04-19,23.95
1996-04-22,24.07
1996-04-23,22.7
1996-04-24,22.4
1996-04-25,22.2
1996-04-26,22.32
1996-04-29,22.43
1996-04-30,21.2
1996-05-01,20.81
1996-05-02,20.86
1996-05-03,21.18
1996-05-06,21.04
1996-05-07,21.11
1996-05-08,21.0
1996-05-09,20.68
1996-05-10,21.01
1996-05-13,21.36
1996-05-14,21.42
1996-05-15,21.48
1996-05-16,20.78
1996-05-17,20.64
1996-05-20,22.48
1996-05-21,22.65
1996-05-22,21.4
1996-05-23,21.23
1996-05-24,21.32
1996-05-28,21.11
1996-05-29,20.76
1996-05-30,19.94
1996-05-31,19.76
1996-06-03,19.85
1996-06-04,20.44
1996-06-05,19.72
1996-06-06,20.05
1996-06-07,20.28
1996-06-10,20.25
1996-06-11,20.1
1996-06-12,20.09
1996-06-13,20.01
1996-06-14,20.34
1996-06-17,22.14
1996-06-18,21.46
1996-06-19,20.76
1996-06-20,20.65
1996-06-21,19.92
1996-06-24,19.98
1996-06-25,19.96
1996-06-26,20.65
1996-06-27,21.02
1996-06-28,20.92
1996-07-01,21.53
1996-07-02,21.13
1996-07-03,21.21
1996-07-08,21.27
1996-07-09,21.41
1996-07-10,21.55
1996-07-11,21.95
1996-07-12,21.9
1996-07-15,22.48
1996-07-16,22.38
1996-07-17,21.8
1996-07-18,21.68
1996-07-19,21.0
1996-07-22,21.4
1996-07-23,21.01
1996-07-24,20.68
1996-07-25,20.74
1996-07-26,20.11
1996-07-29,20.28
1996-07-30,20.33
1996-07-31,20.42
1996-08-01,21.04
1996-08-02,21.34
1996-08-05,21.23
1996-08-06,21.13
1996-08-07,21.42
1996-08-08,21.55
1996-08-09,21.57
1996-08-12,22.22
1996-08-13,22.37
1996-08-14,22.12
1996-08-15,21.9
1996-08-16,22.66
1996-08-19,23.26
1996-08-20,22.86
1996-08-21,21.72
1996-08-22,22.3
1996-08-23,21.96
1996-08-26,21.62
1996-08-27,21.56
1996-08-28,21.71
1996-08-29,22.15
1996-08-30,22.25
1996-09-03,23.4
1996-09-04,23.24
1996-09-05,23.44
1996-09-06,23.85
1996-09-09,23.73
1996-09-10,24.12
1996-09-11,24.75
1996-09-12,25.0
1996-09-13,24.51
1996-09-16,23.19
1996-09-17,23.31
1996-09-18,23.89
1996-09-19,23.54
1996-09-20,23.63
1996-09-23,23.37
1996-09-24,24.07
1996-09-25,24.46
1996-09-26,24.16
1996-09-27,24.6
1996-09-30,24.38
1996-10-01,24.14
1996-10-02,24.05
1996-10-03,24.81
1996-10-04,24.73
1996-10-07,25.24
1996-10-08,25.54
1996-10-09,25.07
1996-10-10,24.26
1996-10-11,24.66
1996-10-14,25.62
1996-10-15,25.42
1996-10-16,25.17
1996-10-17,25.42
1996-10-18,25.79
1996-10-21,25.92
1996-10-22,25.75
1996-10-23,24.86
1996-10-24,24.51
1996-10-25,24.86
1996-10-28,24.85
1996-10-29,24.34
1996-10-30,24.28
1996-10-31,23.35
1996-11-01,23.03
1996-11-04,22.79
1996-11-05,22.64
1996-11-06,22.69
1996-11-07,22.74
1996-11-08,23.59
1996-11-11,23.37
1996-11-12,23.35
1996-11-13,24.12
1996-11-14,24.41
1996-11-15,24.17
1996-11-18,23.88
1996-11-19,24.49
1996-11-20,23.76
1996-11-21,23.84
1996-11-22,23.75
1996-11-25,23.49
1996-11-26,23.62
1996-11-27,23.75
1996-12-02,24.8
1996-12-03,24.93
1996-12-04,24.8
1996-12-05,25.58
1996-12-06,25.62
1996-12-09,25.3
1996-12-10,24.42
1996-12-11,23.38
1996-12-12,23.72
1996-12-13,24.47
1996-12-16,25.74
1996-12-17,25.71
1996-12-18,26.16
1996-12-19,26.57
1996-12-20,25.08
1996-12-23,24.79
1996-12-24,25.1
1996-12-26,24.92
1996-12-27,25.22
1996-12-30,25.37
1996-12-31,25.92
1997-01-02,25.69
1997-01-03,25.59
1997-01-06,26.37
1997-01-07,26.23
1997-01-08,26.62
1997-01-09,26.37
1997-01-10,26.09
1997-01-13,25.19
1997-01-14,25.11
1997-01-15,25.95
1997-01-16,25.52
1997-01-17,25.41
1997-01-20,25.23
1997-01-21,24.8
1997-01-22,24.24
1997-01-23,24.18
1997-01-24,24.05
1997-01-27,23.94
1997-01-28,23.9
1997-01-29,24.47
1997-01-30,24.87
1997-01-31,24.15
1997-02-03,24.15
1997-02-04,24.02
1997-02-05,23.91
1997-02-06,23.1
1997-02-07,22.23
1997-02-10,22.46
1997-02-11,22.42
1997-02-12,21.86
1997-02-13,22.02
1997-02-14,22.41
1997-02-18,22.52
1997-02-19,22.79
1997-02-20,21.98
1997-02-21,21.39
1997-02-24,20.71
1997-02-25,21.0
1997-02-26,21.11
1997-02-27,20.89
1997-02-28,20.3
1997-03-03,20.25
1997-03-04,20.66
1997-03-05,20.49
1997-03-06,20.94
1997-03-07,21.28
1997-03-10,20.49
1997-03-11,20.11
1997-03-12,20.62
1997-03-13,20.7
1997-03-14,21.29
1997-03-17,20.92
1997-03-18,22.06
1997-03-19,22.04
1997-03-20,22.32
1997-03-21,21.51
1997-03-24,21.06
1997-03-25,20.99
1997-03-26,20.64
1997-03-27,20.7
1997-03-31,20.41
1997-04-01,20.28
1997-04-02,19.47
1997-04-03,19.47
1997-04-04,19.12
1997-04-07,19.23
1997-04-08,19.35
1997-04-09,19.27
1997-04-10,19.57
1997-04-11,19.53
1997-04-14,19.9
1997-04-15,19.83
1997-04-16,19.35
1997-04-17,19.42
1997-04-18,19.91
1997-04-21,20.38
1997-04-22,19.6
1997-04-23,19.73
1997-04-24,20.03
1997-04-25,19.99
1997-04-28,19.91
1997-04-29,20.44
1997-04-30,20.21
1997-05-01,19.91
1997-05-02,19.6
1997-05-05,19.63
1997-05-06,19.66
1997-05-07,19.62
1997-05-08,20.34
1997-05-09,20.43
1997-05-12,21.38
1997-05-13,21.37
1997-05-14,21.39
1997-05-15,21.3
1997-05-16,22.12
1997-05-19,21.59
1997-05-20,21.19
1997-05-21,21.86
1997-05-22,21.86
1997-05-23,21.63
1997-05-27,20.79
1997-05-28,20.79
1997-05-29,20.97
1997-05-30,20.88
1997-06-02,20.98
1997-06-03,20.33
1997-06-04,20.12
1997-06-05,19.66
1997-06-06,18.79
1997-06-09,18.68
1997-06-10,18.67
1997-06-11,18.53
1997-06-12,18.69
1997-06-13,18.83
1997-06-16,19.01
1997-06-17,19.23
1997-06-18,18.79
1997-06-19,18.67
1997-06-20,18.65
1997-06-23,19.14
1997-06-24,19.03
1997-06-25,19.52
1997-06-26,19.09
1997-06-27,19.46
1997-06-30,19.8
1997-07-01,20.12
1997-07-02,20.34
1997-07-03,19.56
1997-07-07,19.52
1997-07-08,19.73
1997-07-09,19.46
1997-07-10,19.22
1997-07-11,19.33
1997-07-14,18.99
1997-07-15,19.67
1997-07-16,19.65
1997-07-17,19.99
1997-07-18,19.27
1997-07-21,19.18
1997-07-22,19.08
1997-07-23,19.63
1997-07-24,19.77
1997-07-25,19.89
1997-07-28,19.81
1997-07-29,19.85
1997-07-30,20.3
1997-07-31,20.14
1997-08-01,20.28
1997-08-04,20.75
1997-08-05,20.81
1997-08-06,20.46
1997-08-07,20.09
1997-08-08,19.54
1997-08-11,19.69
1997-08-12,19.99
1997-08-13,20.19
1997-08-14,20.08
1997-08-15,20.07
1997-08-18,19.91
1997-08-19,20.12
1997-08-20,20.06
1997-08-21,19.66
1997-08-22,19.7
1997-08-25,19.26
1997-08-26,19.28
1997-08-27,19.73
1997-08-28,19.58
1997-08-29,19.61
1997-09-02,19.65
1997-09-03,19.61
1997-09-04,19.4
1997-09-05,19.63
1997-09-08,19.45
1997-09-09,19.42
1997-09-10,19.42
1997-09-11,19.37
1997-09-12,19.32
1997-09-15,19.27
1997-09-16,19.61
1997-09-17,19.42
1997-09-18,19.38
1997-09-19,19.35
1997-09-22,19.6
1997-09-23,19.79
1997-09-24,19.94
1997-09-25,20.39
1997-09-26,20.87
1997-09-29,21.26
1997-09-30,21.18
1997-10-01,21.05
1997-10-02,21.77
1997-10-03,22.76
1997-10-06,21.93
1997-10-07,21.96
1997-10-08,22.18
1997-10-09,22.12
1997-10-10,22.1
1997-10-13,21.32
1997-10-14,20.7
1997-10-15,20.57
1997-10-16,20.97
1997-10-17,20.59
1997-10-20,20.7
1997-10-21,20.67
1997-10-22,21.42
1997-10-23,21.09
1997-10-24,20.97
1997-10-27,21.07
1997-10-28,20.46
1997-10-29,20.71
1997-10-30,21.22
1997-10-31,21.08
1997-11-03,20.96
1997-11-04,20.7
1997-11-05,20.31
1997-11-06,20.39
1997-11-07,20.77
1997-11-10,20.4
1997-11-11,20.51
1997-11-12,20.49
1997-11-13,20.7
1997-11-14,21.0
1997-11-17,20.26
1997-11-18,20.04
1997-11-19,19.8
1997-11-20,19.16
1997-11-21,19.76
1997-11-24,19.83
1997-11-25,19.73
1997-11-26,19.15
1997-12-01,18.66
1997-12-02,18.76
1997-12-03,18.8
1997-12-04,18.6
1997-12-05,18.71
1997-12-08,18.84
1997-12-09,18.67
1997-12-10,18.14
1997-12-11,18.15
1997-12-12,18.21
1997-12-15,18.17
1997-12-16,18.17
1997-12-17,18.19
1997-12-18,18.52
1997-12-19,18.39
1997-12-22,18.32
1997-12-23,18.33
1997-12-24,18.35
1997-12-26,18.2
1997-12-29,17.62
1997-12-30,17.6
1997-12-31,17.64
1998-01-02,17.43
1998-01-05,16.89
1998-01-06,16.91
1998-01-07,16.82
1998-01-08,16.97
1998-01-09,16.63
1998-01-12,16.47
1998-01-13,16.43
1998-01-14,16.45
1998-01-15,16.34
1998-01-16,16.51
1998-01-20,16.42
1998-01-21,16.36
1998-01-22,16.04
1998-01-23,15.74
1998-01-26,16.82
1998-01-27,16.98
1998-01-28,17.31
1998-01-29,17.82
1998-01-30,17.21
1998-02-02,17.05
1998-02-03,16.5
1998-02-04,16.37
1998-02-05,16.58
1998-02-06,16.7
1998-02-09,16.63
1998-02-10,16.43
1998-02-11,16.15
1998-02-12,15.96
1998-02-13,16.02
1998-02-17,15.66
1998-02-18,16.25
1998-02-19,16.16
1998-02-20,16.15
1998-02-23,15.37
1998-02-24,15.31
1998-02-25,15.45
1998-02-26,15.35
1998-02-27,15.44
1998-03-02,15.34
1998-03-03,15.27
1998-03-04,15.32
1998-03-05,15.33
1998-03-06,14.91
1998-03-09,14.33
1998-03-10,14.26
1998-03-11,14.18
1998-03-12,14.2
1998-03-13,14.06
1998-03-16,13.28
1998-03-17,13.21
1998-03-18,14.34
1998-03-19,14.31
1998-03-20,14.32
1998-03-23,16.51
1998-03-24,15.92
1998-03-25,16.48
1998-03-26,16.83
1998-03-27,16.76
1998-03-30,16.21
1998-03-31,15.61
1998-04-01,15.54
1998-04-02,15.74
1998-04-03,15.99
1998-04-06,15.45
1998-04-07,15.22
1998-04-08,15.55
1998-04-09,15.56
1998-04-13,15.32
1998-04-14,15.12
1998-04-15,15.46
1998-04-16,15.9
1998-04-17,15.46
1998-04-20,15.41
1998-04-21,15.45
1998-04-22,15.54
1998-04-23,15.19
1998-04-24,15.09
1998-04-27,15.32
1998-04-28,15.74
1998-04-29,15.32
1998-04-30,15.39
1998-05-01,16.13
1998-05-04,15.95
1998-05-05,15.47
1998-05-06,15.37
1998-05-07,15.24
1998-05-08,15.13
1998-05-11,15.17
1998-05-12,15.24
1998-05-13,14.95
1998-05-14,15.08
1998-05-15,14.47
1998-05-18,14.07
1998-05-19,12.83
1998-05-20,14.18
1998-05-21,14.63
1998-05-22,14.78
1998-05-26,14.82
1998-05-27,14.99
1998-05-28,14.85
1998-05-29,15.2
1998-06-01,14.96
1998-06-02,14.84
1998-06-03,14.81
1998-06-04,15.12
1998-06-05,15.07
1998-06-08,14.55
1998-06-09,13.85
1998-06-10,13.48
1998-06-11,12.75
1998-06-12,12.59
1998-06-15,11.56
1998-06-16,11.98
1998-06-17,12.6
1998-06-18,11.77
1998-06-19,11.84
1998-06-22,13.43
1998-06-23,14.52
1998-06-24,14.6
1998-06-25,14.03
1998-06-26,14.13
1998-06-29,14.07
1998-06-30,14.18
1998-07-01,14.37
1998-07-02,14.5
1998-07-06,13.92
1998-07-07,13.62
1998-07-08,13.85
1998-07-09,13.88
1998-07-10,13.87
1998-07-13,13.91
1998-07-14,14.55
1998-07-15,14.87
1998-07-16,14.52
1998-07-17,13.98
1998-07-20,13.34
1998-07-21,13.79
1998-07-22,14.16
1998-07-23,13.88
1998-07-24,13.87
1998-07-27,14.3
1998-07-28,14.27
1998-07-29,14.09
1998-07-30,14.21
1998-07-31,14.21
1998-08-03,13.7
1998-08-04,13.75
1998-08-05,13.68
1998-08-06,13.76
1998-08-07,13.8
1998-08-10,13.05
1998-08-11,12.76
1998-08-12,12.71
1998-08-13,13.21
1998-08-14,13.35
1998-08-17,13.2
1998-08-18,12.92
1998-08-19,13.16
1998-08-20,13.54
1998-08-21,13.37
1998-08-24,13.64
1998-08-25,13.77
1998-08-26,13.58
1998-08-27,13.23
1998-08-28,13.5
1998-08-31,13.34
1998-09-01,13.73
1998-09-02,13.67
1998-09-03,14.67
1998-09-04,14.59
1998-09-08,14.29
1998-09-09,14.12
1998-09-10,14.67
1998-09-11,14.34
1998-09-14,14.42
1998-09-15,14.57
1998-09-16,14.53
1998-09-17,14.86
1998-09-18,15.49
1998-09-21,15.49
1998-09-22,15.67
1998-09-23,15.81
1998-09-24,15.98
1998-09-25,15.75
1998-09-28,15.64
1998-09-29,15.98
1998-09-30,16.14
1998-10-01,15.43
1998-10-02,15.64
1998-10-05,15.39
1998-10-06,15.5
1998-10-07,15.06
1998-10-08,14.42
1998-10-09,14.58
1998-10-12,14.44
1998-10-13,14.23
1998-10-14,14.05
1998-10-15,14.05
1998-10-16,14.15
1998-10-19,13.35
1998-10-20,13.43
1998-10-21,14.08
1998-10-22,13.97
1998-10-23,14.05
1998-10-26,14.23
1998-10-27,14.13
1998-10-28,14.29
1998-10-29,14.24
1998-10-30,14.42
1998-11-02,14.36
1998-11-03,14.2
1998-11-04,14.14
1998-11-05,13.97
1998-11-06,13.87
1998-11-09,13.38
1998-11-10,13.52
1998-11-11,13.55
1998-11-12,13.84
1998-11-13,13.57
1998-11-16,12.82
1998-11-17,12.45
1998-11-18,12.14
1998-11-19,12.15
1998-11-20,12.14
1998-11-23,12.45
1998-11-24,12.12
1998-11-25,11.86
1998-11-30,11.22
1998-12-01,11.13
1998-12-02,11.24
1998-12-03,11.19
1998-12-04,11.17
1998-12-07,11.47
1998-12-08,11.3
1998-12-09,11.16
1998-12-10,10.72
1998-12-11,10.79
1998-12-14,11.29
1998-12-15,11.55
1998-12-16,12.38
1998-12-17,11.03
1998-12-18,10.95
1998-12-21,10.66
1998-12-22,11.12
1998-12-23,11.33
1998-12-24,11.23
1998-12-28,11.46
1998-12-29,11.72
1998-12-30,11.75
1998-12-31,12.05
1999-01-04,12.34
1999-01-05,11.99
1999-01-06,12.8
1999-01-07,13.09
1999-01-08,13.07
1999-01-11,13.44
1999-01-12,12.89
1999-01-13,12.31
1999-01-14,12.15
1999-01-15,12.11
1999-01-19,12.08
1999-01-20,11.81
1999-01-21,12.46
1999-01-22,12.69
1999-01-25,12.44
1999-01-26,12.06
1999-01-27,12.32
1999-01-28,12.45
1999-01-29,12.75
1999-02-01,12.37
1999-02-02,12.3
1999-02-03,12.38
1999-02-04,12.02
1999-02-05,11.8
1999-02-08,11.67
1999-02-09,11.68
1999-02-10,11.75
1999-02-11,11.85
1999-02-12,11.88
1999-02-16,11.37
1999-02-17,11.53
1999-02-18,12.04
1999-02-19,11.76
1999-02-22,11.96
1999-02-23,12.48
1999-02-24,12.61
1999-02-25,12.68
1999-02-26,12.27
1999-03-01,12.24
1999-03-02,12.51
1999-03-03,12.93
1999-03-04,13.35
1999-03-05,13.3
1999-03-08,13.63
1999-03-09,13.85
1999-03-10,14.69
1999-03-11,14.31
1999-03-12,14.49
1999-03-15,14.45
1999-03-16,14.46
1999-03-17,15.05
1999-03-18,15.0
1999-03-19,15.24
1999-03-22,15.53
1999-03-23,15.51
1999-03-24,15.34
1999-03-25,15.67
1999-03-26,16.17
1999-03-29,16.44
1999-03-30,16.8
1999-03-31,16.76
1999-04-01,16.64
1999-04-05,16.95
1999-04-06,16.81
1999-04-07,16.03
1999-04-08,15.83
1999-04-09,16.57
1999-04-12,16.4
1999-04-13,16.72
1999-04-14,16.47
1999-04-15,16.87
1999-04-16,17.33
1999-04-19,17.8
1999-04-20,17.79
1999-04-21,17.92
1999-04-22,18.18
1999-04-23,17.94
1999-04-26,17.66
1999-04-27,17.81
1999-04-28,18.45
1999-04-29,18.53
1999-04-30,18.66
1999-05-03,18.85
1999-05-04,18.92
1999-05-05,18.98
1999-05-06,18.32
1999-05-07,18.22
1999-05-10,18.5
1999-05-11,18.06
1999-05-12,17.57
1999-05-13,18.03
1999-05-14,18.04
1999-05-17,17.94
1999-05-18,17.11
1999-05-19,16.88
1999-05-20,17.03
1999-05-21,17.41
1999-05-24,17.06
1999-05-25,17.14
1999-05-26,17.35
1999-05-27,17.17
1999-05-28,16.84
1999-06-01,16.34
1999-06-02,16.65
1999-06-03,16.74
1999-06-04,17.32
1999-06-07,17.86
1999-06-08,17.66
1999-06-09,17.99
1999-06-10,17.85
1999-06-11,18.43
1999-06-14,18.33
1999-06-15,18.55
1999-06-16,17.94
1999-06-17,18.19
1999-06-18,17.99
1999-06-21,17.7
1999-06-22,17.53
1999-06-23,18.45
1999-06-24,18.29
1999-06-25,18.39
1999-06-28,18.23
1999-06-29,18.44
1999-06-30,19.29
1999-07-01,19.39
1999-07-02,19.69
1999-07-06,19.78
1999-07-07,19.77
1999-07-08,19.71
1999-07-09,19.94
1999-07-12,19.91
1999-07-13,20.15
1999-07-14,19.92
1999-07-15,20.16
1999-07-16,20.62
1999-07-19,20.44
1999-07-20,19.37
1999-07-21,19.65
1999-07-22,19.94
1999-07-23,20.63
1999-07-26,20.52
1999-07-27,20.38
1999-07-28,20.54
1999-07-29,20.97
1999-07-30,20.53
1999-08-02,20.45
1999-08-03,20.3
1999-08-04,20.44
1999-08-05,20.56
1999-08-06,20.88
1999-08-09,21.27
1999-08-10,21.3
1999-08-11,21.52
1999-08-12,21.48
1999-08-13,21.67
1999-08-16,21.36
1999-08-17,21.74
1999-08-18,21.52
1999-08-19,21.77
1999-08-20,21.67
1999-08-23,21.84
1999-08-24,21.47
1999-08-25,20.58
1999-08-26,20.95
1999-08-27,21.27
1999-08-30,22.01
1999-08-31,22.11
1999-09-01,21.99
1999-09-02,21.49
1999-09-03,22.0
1999-09-07,22.61
1999-09-08,22.66
1999-09-09,23.2
1999-09-10,23.55
1999-09-13,24.21
1999-09-14,23.86
1999-09-15,24.13
1999-09-16,24.51
1999-09-17,24.72
1999-09-20,24.29
1999-09-21,24.46
1999-09-22,24.12
1999-09-23,24.87
1999-09-24,24.76
1999-09-27,24.61
1999-09-28,24.33
1999-09-29,24.69
1999-09-30,24.51
1999-10-01,24.54
1999-10-04,23.76
1999-10-05,23.45
1999-10-06,23.27
1999-10-07,22.45
1999-10-08,20.9
1999-10-11,21.27
1999-10-12,22.3
1999-10-13,23.06
1999-10-14,22.45
1999-10-15,22.82
1999-10-18,22.53
1999-10-19,22.22
1999-10-20,22.2
1999-10-21,22.61
1999-10-22,23.45
1999-10-25,23.35
1999-10-26,23.19
1999-10-27,22.92
1999-10-28,21.68
1999-10-29,21.75
1999-11-01,22.51
1999-11-02,22.39
1999-11-03,22.56
1999-11-04,23.14
1999-11-05,23.0
1999-11-08,23.27
1999-11-09,24.03
1999-11-10,24.47
1999-11-11,24.33
1999-11-12,24.91
1999-11-15,25.13
1999-11-16,25.7
1999-11-17,26.6
1999-11-18,25.8
1999-11-19,26.56
1999-11-22,27.07
1999-11-23,26.44
1999-11-24,26.87
1999-11-29,25.96
1999-11-30,24.59
1999-12-01,25.0
1999-12-02,25.82
1999-12-03,25.81
1999-12-06,26.66
1999-12-07,26.22
1999-12-08,26.54
1999-12-09,26.15
1999-12-10,25.23
1999-12-13,25.38
1999-12-14,25.73
1999-12-15,26.36
1999-12-16,26.83
1999-12-17,26.74
1999-12-20,26.54
1999-12-21,26.26
1999-12-22,25.5
1999-12-23,25.87
1999-12-27,26.33
1999-12-28,26.82
1999-12-29,26.47
1999-12-30,25.6
2000-01-04,25.55
2000-01-05,24.91
2000-01-06,24.78
2000-01-07,24.22
2000-01-10,24.67
2000-01-11,25.77
2000-01-12,26.28
2000-01-13,26.69
2000-01-14,28.02
2000-01-18,28.88
2000-01-19,29.54
2000-01-20,29.66
2000-01-21,28.2
2000-01-24,27.83
2000-01-25,28.28
2000-01-26,27.84
2000-01-27,27.32
2000-01-28,27.22
2000-01-31,27.64
2000-02-01,28.22
2000-02-02,27.55
2000-02-03,28.03
2000-02-04,28.82
2000-02-07,28.45
2000-02-08,28.02
2000-02-09,28.77
2000-02-10,29.43
2000-02-11,29.44
2000-02-14,30.25
2000-02-15,30.06
2000-02-16,30.05
2000-02-17,29.46
2000-02-18,29.51
2000-02-22,29.62
2000-02-23,29.39
2000-02-24,29.97
2000-02-25,30.35
2000-02-28,30.13
2000-02-29,30.43
2000-03-01,31.77
2000-03-02,31.69
2000-03-03,31.51
2000-03-06,32.18
2000-03-07,34.13
2000-03-08,31.18
2000-03-09,31.69
2000-03-10,31.76
2000-03-13,32.02
2000-03-14,31.69
2000-03-15,30.72
2000-03-16,31.09
2000-03-17,30.91
2000-03-20,29.43
2000-03-21,28.0
2000-03-22,27.46
2000-03-23,27.31
2000-03-24,28.02
2000-03-27,27.75
2000-03-28,27.09
2000-03-29,26.45
2000-03-30,26.7
2000-03-31,26.9
2000-04-03,26.43
2000-04-04,25.45
2000-04-05,25.83
2000-04-06,25.69
2000-04-07,25.04
2000-04-10,23.85
2000-04-11,24.14
2000-04-12,25.41
2000-04-13,25.38
2000-04-14,25.57
2000-04-17,25.89
2000-04-18,26.11
2000-04-19,27.35
2000-04-20,25.88
2000-04-24,26.04
2000-04-25,25.33
2000-04-26,24.65
2000-04-27,25.42
2000-04-28,25.74
2000-05-01,25.87
2000-05-02,26.89
2000-05-03,26.75
2000-05-04,26.98
2000-05-05,27.29
2000-05-08,28.09
2000-05-09,28.65
2000-05-10,28.1
2000-05-11,29.11
2000-05-12,29.62
2000-05-15,29.92
2000-05-16,29.73
2000-05-17,29.32
2000-05-18,30.33
2000-05-19,29.89
2000-05-22,28.61
2000-05-23,28.78
2000-05-24,29.93
2000-05-25,30.51
2000-05-26,30.0
2000-05-30,30.35
2000-05-31,29.01
2000-06-01,30.14
2000-06-02,30.35
2000-06-05,29.7
2000-06-06,29.75
2000-06-07,29.95
2000-06-08,29.78
2000-06-09,30.2
2000-06-12,31.74
2000-06-13,32.56
2000-06-14,32.85
2000-06-15,32.95
2000-06-16,32.33
2000-06-19,31.69
2000-06-20,33.05
2000-06-21,31.37
2000-06-22,32.19
2000-06-23,32.25
2000-06-26,31.63
2000-06-27,32.06
2000-06-28,31.9
2000-06-29,32.72
2000-06-30,32.5
2000-07-05,30.67
2000-07-06,29.99
2000-07-07,30.28
2000-07-10,29.69
2000-07-11,29.7
2000-07-12,30.32
2000-07-13,31.47
2000-07-14,31.4
2000-07-17,30.83
2000-07-18,31.94
2000-07-19,31.42
2000-07-20,30.93
2000-07-21,28.56
2000-07-24,28.02
2000-07-25,27.95
2000-07-26,27.81
2000-07-27,28.02
2000-07-28,28.18
2000-07-31,27.43
2000-08-01,27.79
2000-08-02,28.26
2000-08-03,28.66
2000-08-04,29.96
2000-08-07,28.91
2000-08-08,29.12
2000-08-09,30.35
2000-08-10,31.34
2000-08-11,31.02
2000-08-14,31.94
2000-08-15,31.67
2000-08-16,31.8
2000-08-17,31.94
2000-08-18,31.99
2000-08-21,32.47
2000-08-22,31.22
2000-08-23,32.02
2000-08-24,31.63
2000-08-25,32.03
2000-08-28,32.87
2000-08-29,32.74
2000-08-30,33.32
2000-08-31,33.12
2000-09-01,33.38
2000-09-05,33.83
2000-09-06,34.9
2000-09-07,35.39
2000-09-08,33.63
2000-09-11,35.14
2000-09-12,34.28
2000-09-13,33.82
2000-09-14,34.07
2000-09-15,35.92
2000-09-18,36.88
2000-09-19,36.51
2000-09-20,37.2
2000-09-21,34.0
2000-09-22,32.68
2000-09-25,31.57
2000-09-26,31.5
2000-09-27,31.46
2000-09-28,30.34
2000-09-29,30.84
2000-10-02,32.18
2000-10-03,32.07
2000-10-04,31.43
2000-10-05,30.53
2000-10-06,30.86
2000-10-09,31.86
2000-10-10,33.18
2000-10-11,33.25
2000-10-12,36.06
2000-10-13,34.99
2000-10-16,32.92
2000-10-17,32.99
2000-10-18,33.48
2000-10-19,32.91
2000-10-20,34.0
2000-10-23,33.76
2000-10-24,33.37
2000-10-25,32.96
2000-10-26,33.71
2000-10-27,32.74
2000-10-30,32.81
2000-10-31,32.7
2000-11-01,33.25
2000-11-02,32.54
2000-11-03,32.71
2000-11-06,32.86
2000-11-07,33.4
2000-11-08,33.24
2000-11-09,33.92
2000-11-10,34.02
2000-11-13,34.47
2000-11-14,34.87
2000-11-15,35.58
2000-11-16,35.12
2000-11-17,35.45
2000-11-20,35.22
2000-11-21,35.16
2000-11-22,35.4
2000-11-27,35.38
2000-11-28,34.22
2000-11-29,34.63
2000-11-30,33.82
2000-12-01,32.02
2000-12-04,31.22
2000-12-05,29.53
2000-12-06,29.85
2000-12-07,29.35
2000-12-08,28.44
2000-12-11,29.5
2000-12-12,29.68
2000-12-13,28.74
2000-12-14,27.99
2000-12-15,28.84
2000-12-18,29.76
2000-12-19,29.33
2000-12-20,25.77
2000-12-21,25.98
2000-12-22,26.18
2000-12-26,26.64
2000-12-27,26.47
2000-12-28,25.85
2000-12-29,26.8
2001-01-02,27.21
2001-01-03,28.0
2001-01-04,28.14
2001-01-05,27.95
2001-01-08,27.32
2001-01-09,27.64
2001-01-10,29.48
2001-01-11,29.41
2001-01-12,30.05
2001-01-16,30.29
2001-01-17,29.6
2001-01-18,30.45
2001-01-19,32.19
2001-01-22,32.19
2001-01-23,29.57
2001-01-24,29.05
2001-01-25,29.36
2001-01-26,29.77
2001-01-29,29.06
2001-01-30,29.06
2001-01-31,28.66
2001-02-01,29.82
2001-02-02,31.19
2001-02-05,30.55
2001-02-06,30.35
2001-02-07,31.27
2001-02-08,31.59
2001-02-09,31.03
2001-02-12,30.51
2001-02-13,30.36
2001-02-14,29.71
2001-02-15,28.8
2001-02-16,29.16
2001-02-20,28.58
2001-02-21,28.53
2001-02-22,28.82
2001-02-23,29.04
2001-02-26,28.42
2001-02-27,28.13
2001-02-28,27.39
2001-03-01,27.62
2001-03-02,27.84
2001-03-05,28.6
2001-03-06,28.32
2001-03-07,29.0
2001-03-08,28.39
2001-03-09,27.95
2001-03-12,28.0
2001-03-13,27.59
2001-03-14,26.41
2001-03-15,26.55
2001-03-16,26.74
2001-03-19,26.15
2001-03-20,25.96
2001-03-21,26.8
2001-03-22,26.54
2001-03-23,27.3
2001-03-26,27.48
2001-03-27,27.75
2001-03-28,26.31
2001-03-29,26.32
2001-03-30,26.29
2001-04-02,25.59
2001-04-03,26.19
2001-04-04,27.12
2001-04-05,27.26
2001-04-06,27.06
2001-04-09,27.28
2001-04-10,28.48
2001-04-11,28.18
2001-04-12,28.25
2001-04-16,28.79
2001-04-17,28.24
2001-04-18,27.95
2001-04-19,27.82
2001-04-20,27.28
2001-04-23,27.61
2001-04-24,26.86
2001-04-25,27.29
2001-04-26,28.44
2001-04-27,28.27
2001-04-30,28.46
2001-05-01,28.94
2001-05-02,27.8
2001-05-03,28.45
2001-05-04,28.36
2001-05-07,27.77
2001-05-08,27.39
2001-05-09,28.23
2001-05-10,28.52
2001-05-11,28.55
2001-05-14,28.71
2001-05-15,28.98
2001-05-16,28.86
2001-05-17,28.91
2001-05-18,29.91
2001-05-21,29.98
2001-05-22,29.74
2001-05-23,29.58
2001-05-24,28.41
2001-05-25,28.38
2001-05-29,28.66
2001-05-30,28.55
2001-05-31,28.37
2001-06-01,27.93
2001-06-04,28.2
2001-06-05,28.24
2001-06-06,27.72
2001-06-07,27.75
2001-06-08,28.33
2001-06-11,29.04
2001-06-12,29.18
2001-06-13,28.84
2001-06-14,29.04
2001-06-15,28.51
2001-06-18,27.55
2001-06-19,27.48
2001-06-20,26.5
2001-06-21,26.56
2001-06-22,26.83
2001-06-25,27.25
2001-06-26,26.98
2001-06-27,25.61
2001-06-28,25.56
2001-06-29,26.25
2001-07-02,25.95
2001-07-03,26.24
2001-07-05,27.02
2001-07-06,28.21
2001-07-09,27.59
2001-07-10,27.49
2001-07-11,27.11
2001-07-12,26.8
2001-07-13,26.59
2001-07-16,26.06
2001-07-17,25.57
2001-07-18,24.89
2001-07-19,24.7
2001-07-20,25.72
2001-07-23,26.12
2001-07-24,26.31
2001-07-25,26.84
2001-07-26,26.73
2001-07-27,27.02
2001-07-30,26.63
2001-07-31,26.35
2001-08-01,26.77
2001-08-02,27.71
2001-08-03,27.62
2001-08-06,27.74
2001-08-07,27.94
2001-08-08,27.54
2001-08-09,27.64
2001-08-10,28.05
2001-08-13,27.82
2001-08-14,28.01
2001-08-15,27.56
2001-08-16,27.4
2001-08-17,26.68
2001-08-20,27.18
2001-08-21,27.91
2001-08-22,26.37
2001-08-23,26.63
2001-08-24,26.9
2001-08-27,26.67
2001-08-28,27.17
2001-08-29,27.05
2001-08-30,26.55
2001-08-31,27.2
2001-09-04,26.93
2001-09-05,26.95
2001-09-06,27.58
2001-09-07,28.03
2001-09-10,27.63
2001-09-14,30.23
2001-09-17,28.81
2001-09-18,27.7
2001-09-19,26.72
2001-09-20,26.59
2001-09-21,25.97
2001-09-24,23.88
2001-09-25,21.93
2001-09-26,21.2
2001-09-27,22.69
2001-09-28,23.36
2001-10-01,22.73
2001-10-02,22.95
2001-10-03,22.01
2001-10-04,22.54
2001-10-05,23.05
2001-10-08,22.3
2001-10-09,22.48
2001-10-10,22.81
2001-10-11,22.79
2001-10-12,23.06
2001-10-15,22.41
2001-10-16,22.2
2001-10-17,22.31
2001-10-18,21.39
2001-10-19,21.7
2001-10-22,21.77
2001-10-23,21.86
2001-10-24,22.22
2001-10-25,22.27
2001-10-26,22.0
2001-10-29,22.25
2001-10-30,22.15
2001-10-31,21.07
2001-11-01,20.85
2001-11-02,20.02
2001-11-05,20.29
2001-11-06,19.77
2001-11-07,20.04
2001-11-08,20.89
2001-11-09,22.25
2001-11-12,21.73
2001-11-13,21.52
2001-11-14,19.92
2001-11-15,17.85
2001-11-16,17.9
2001-11-19,17.95
2001-11-20,19.37
2001-11-21,18.96
2001-11-26,18.69
2001-11-27,19.48
2001-11-28,19.22
2001-11-29,18.62
2001-11-30,19.44
2001-12-03,20.09
2001-12-04,19.65
2001-12-05,19.49
2001-12-06,18.54
2001-12-07,19.04
2001-12-10,18.37
2001-12-11,18.08
2001-12-12,18.36
2001-12-13,18.12
2001-12-14,19.23
2001-12-17,19.22
2001-12-18,19.36
2001-12-19,19.8
2001-12-20,19.28
2001-12-21,19.62
2001-12-26,21.27
2001-12-27,20.9
2001-12-28,20.41
2001-12-31,19.84
2002-01-02,20.06
2002-01-03,20.77
2002-01-04,21.18
2002-01-07,21.38
2002-01-08,21.23
2002-01-09,20.47
2002-01-10,20.16
2002-01-11,20.34
2002-01-14,19.12
2002-01-15,18.96
2002-01-16,18.68
2002-01-17,17.97
2002-01-18,18.48
2002-01-22,18.41
2002-01-23,19.32
2002-01-24,19.37
2002-01-25,19.85
2002-01-28,20.05
2002-01-29,19.71
2002-01-30,19.3
2002-01-31,19.2
2002-02-01,20.38
2002-02-04,20.18
2002-02-05,19.89
2002-02-06,19.98
2002-02-07,19.54
2002-02-08,19.99
2002-02-11,20.4
2002-02-12,20.89
2002-02-13,21.18
2002-02-14,21.3
2002-02-15,21.51
2002-02-19,20.99
2002-02-20,20.42
2002-02-21,20.9
2002-02-22,20.98
2002-02-25,20.74
2002-02-26,20.95
2002-02-27,21.46
2002-02-28,21.48
2002-03-01,22.18
2002-03-04,22.27
2002-03-05,22.74
2002-03-06,22.89
2002-03-07,24.29
2002-03-08,23.65
2002-03-11,24.16
2002-03-12,24.2
2002-03-13,24.05
2002-03-14,24.02
2002-03-15,24.48
2002-03-18,24.77
2002-03-19,24.91
2002-03-20,25.15
2002-03-21,25.27
2002-03-22,25.43
2002-03-25,24.92
2002-03-26,24.88
2002-03-27,25.82
2002-03-28,26.12
2002-04-01,26.83
2002-04-02,27.4
2002-04-03,27.52
2002-04-04,26.8
2002-04-05,26.24
2002-04-08,26.73
2002-04-09,25.99
2002-04-10,25.93
2002-04-11,25.31
2002-04-12,23.85
2002-04-15,24.23
2002-04-16,24.96
2002-04-17,25.34
2002-04-18,26.28
2002-04-19,26.32
2002-04-22,26.16
2002-04-23,26.38
2002-04-24,26.11
2002-04-25,26.65
2002-04-26,27.01
2002-04-29,27.02
2002-04-30,27.36
2002-05-01,26.91
2002-05-02,26.39
2002-05-03,26.48
2002-05-06,25.9
2002-05-07,26.21
2002-05-08,27.34
2002-05-09,27.74
2002-05-10,27.69
2002-05-13,27.95
2002-05-14,29.06
2002-05-15,28.53
2002-05-16,27.9
2002-05-17,28.05
2002-05-20,28.25
2002-05-21,27.54
2002-05-22,26.5
2002-05-23,26.37
2002-05-24,25.77
2002-05-28,25.5
2002-05-29,24.87
2002-05-30,24.55
2002-05-31,25.02
2002-06-03,25.2
2002-06-04,25.13
2002-06-05,24.89
2002-06-06,24.87
2002-06-07,24.75
2002-06-10,24.65
2002-06-11,24.14
2002-06-12,24.61
2002-06-13,24.95
2002-06-14,25.92
2002-06-17,26.33
2002-06-18,25.84
2002-06-19,25.31
2002-06-20,25.59
2002-06-21,25.62
2002-06-24,25.95
2002-06-25,26.52
2002-06-26,26.4
2002-06-27,26.88
2002-06-28,26.8
2002-07-01,26.8
2002-07-02,26.88
2002-07-03,26.59
2002-07-08,26.23
2002-07-09,25.66
2002-07-10,26.66
2002-07-11,26.78
2002-07-12,27.48
2002-07-15,27.05
2002-07-16,27.73
2002-07-17,27.52
2002-07-18,27.66
2002-07-19,27.56
2002-07-22,26.52
2002-07-23,25.4
2002-07-24,26.68
2002-07-25,26.77
2002-07-26,26.55
2002-07-29,26.1
2002-07-30,27.02
2002-07-31,27.21
2002-08-01,27.18
2002-08-02,26.23
2002-08-05,26.49
2002-08-06,27.12
2002-08-07,26.6
2002-08-08,26.66
2002-08-09,26.74
2002-08-12,27.82
2002-08-13,27.98
2002-08-14,28.12
2002-08-15,29.06
2002-08-16,29.29
2002-08-19,29.73
2002-08-20,30.0
2002-08-21,28.8
2002-08-22,28.94
2002-08-23,28.62
2002-08-26,28.99
2002-08-27,29.14
2002-08-28,28.58
2002-08-29,28.59
2002-08-30,28.99
2002-09-03,27.76
2002-09-04,27.94
2002-09-05,28.77
2002-09-06,29.82
2002-09-09,29.7
2002-09-10,29.83
2002-09-11,29.67
2002-09-12,29.46
2002-09-13,29.43
2002-09-16,29.64
2002-09-17,28.98
2002-09-18,29.48
2002-09-19,29.49
2002-09-20,29.62
2002-09-23,30.48
2002-09-24,30.94
2002-09-25,30.5
2002-09-26,30.61
2002-09-27,30.55
2002-09-30,30.52
2002-10-01,30.87
2002-10-02,30.58
2002-10-03,29.77
2002-10-04,29.6
2002-10-07,29.85
2002-10-08,29.27
2002-10-09,29.44
2002-10-10,28.84
2002-10-11,29.24
2002-10-14,29.63
2002-10-15,30.06
2002-10-16,29.84
2002-10-17,29.11
2002-10-18,29.51
2002-10-21,28.77
2002-10-22,27.93
2002-10-23,28.21
2002-10-24,28.26
2002-10-25,27.5
2002-10-28,27.05
2002-10-29,27.23
2002-10-30,26.86
2002-10-31,27.22
2002-11-01,27.28
2002-11-04,26.88
2002-11-05,26.56
2002-11-06,26.09
2002-11-07,25.88
2002-11-08,25.6
2002-11-11,26.09
2002-11-12,26.0
2002-11-13,25.44
2002-11-14,25.19
2002-11-15,25.38
2002-11-18,25.91
2002-11-19,26.82
2002-11-20,26.98
2002-11-21,26.37
2002-11-22,26.57
2002-11-25,26.75
2002-11-26,26.27
2002-11-27,26.79
2002-12-02,27.13
2002-12-03,27.58
2002-12-04,26.92
2002-12-05,27.3
2002-12-06,27.12
2002-12-09,27.27
2002-12-10,27.42
2002-12-11,27.56
2002-12-12,27.64
2002-12-13,28.48
2002-12-16,29.6
2002-12-17,29.95
2002-12-18,30.54
2002-12-19,30.44
2002-12-20,30.02
2002-12-23,31.66
2002-12-24,31.68
2002-12-26,32.05
2002-12-27,32.55
2002-12-30,31.97
2002-12-31,30.45
2003-01-02,31.75
2003-01-03,32.71
2003-01-06,32.1
2003-01-07,31.13
2003-01-08,30.15
2003-01-09,31.89
2003-01-10,31.5
2003-01-13,31.86
2003-01-14,32.41
2003-01-15,33.22
2003-01-16,33.65
2003-01-17,33.91
2003-01-21,34.95
2003-01-22,32.83
2003-01-23,31.23
2003-01-24,33.27
2003-01-27,32.74
2003-01-28,32.61
2003-01-29,33.82
2003-01-30,33.6
2003-01-31,33.56
2003-02-03,32.93
2003-02-04,33.66
2003-02-05,33.49
2003-02-06,34.34
2003-02-07,35.05
2003-02-10,34.56
2003-02-11,35.06
2003-02-12,35.3
2003-02-13,36.31
2003-02-14,36.49
2003-02-18,36.75
2003-02-19,36.95
2003-02-20,36.35
2003-02-21,35.31
2003-02-24,36.47
2003-02-25,36.83
2003-02-26,37.76
2003-02-27,37.7
2003-02-28,37.05
2003-03-03,35.82
2003-03-04,36.92
2003-03-05,36.73
2003-03-06,36.86
2003-03-07,37.55
2003-03-10,37.26
2003-03-11,36.5
2003-03-12,37.67
2003-03-13,36.8
2003-03-14,34.6
2003-03-17,35.97
2003-03-18,31.77
2003-03-19,29.98
2003-03-20,28.75
2003-03-21,27.32
2003-03-24,28.45
2003-03-25,29.4
2003-03-26,28.6
2003-03-27,30.35
2003-03-28,30.24
2003-03-31,31.02
2003-04-01,30.01
2003-04-02,28.62
2003-04-03,28.59
2003-04-04,28.06
2003-04-07,27.99
2003-04-08,27.91
2003-04-09,28.85
2003-04-10,27.45
2003-04-11,27.77
2003-04-14,27.77
2003-04-15,29.08
2003-04-16,29.17
2003-04-17,30.37
2003-04-21,31.0
2003-04-22,29.91
2003-04-23,27.68
2003-04-24,26.64
2003-04-25,26.27
2003-04-28,25.52
2003-04-29,25.31
2003-04-30,26.13
2003-05-01,26.06
2003-05-02,25.81
2003-05-05,26.02
2003-05-06,25.96
2003-05-07,25.86
2003-05-08,26.57
2003-05-09,27.66
2003-05-12,27.79
2003-05-13,28.06
2003-05-14,28.76
2003-05-15,29.01
2003-05-16,28.82
2003-05-19,28.71
2003-05-20,29.32
2003-05-21,29.28
2003-05-22,28.79
2003-05-23,29.27
2003-05-27,29.43
2003-05-28,28.81
2003-05-29,28.59
2003-05-30,29.32
2003-06-02,30.59
2003-06-03,30.52
2003-06-04,30.28
2003-06-05,30.33
2003-06-06,31.08
2003-06-09,30.96
2003-06-10,31.71
2003-06-11,32.3
2003-06-12,31.56
2003-06-13,30.32
2003-06-16,30.81
2003-06-17,31.07
2003-06-18,30.53
2003-06-19,29.91
2003-06-20,30.63
2003-06-23,29.17
2003-06-24,28.97
2003-06-25,29.87
2003-06-26,29.14
2003-06-27,29.0
2003-06-30,30.06
2003-07-01,29.98
2003-07-02,30.15
2003-07-03,30.52
2003-07-07,29.98
2003-07-08,29.75
2003-07-09,30.37
2003-07-10,31.27
2003-07-11,31.67
2003-07-14,31.13
2003-07-15,31.41
2003-07-16,31.09
2003-07-17,31.21
2003-07-18,31.88
2003-07-21,31.6
2003-07-22,30.27
2003-07-23,29.26
2003-07-24,30.05
2003-07-25,30.2
2003-07-28,29.98
2003-07-29,29.88
2003-07-30,30.39
2003-07-31,30.61
2003-08-01,31.99
2003-08-04,31.95
2003-08-05,32.21
2003-08-06,32.15
2003-08-07,32.33
2003-08-08,32.12
2003-08-11,31.98
2003-08-12,31.69
2003-08-13,31.36
2003-08-14,31.02
2003-08-15,30.98
2003-08-18,31.2
2003-08-19,30.56
2003-08-20,30.98
2003-08-21,31.72
2003-08-22,31.84
2003-08-25,31.77
2003-08-26,31.59
2003-08-27,31.53
2003-08-28,31.46
2003-08-29,31.78
2003-09-02,30.29
2003-09-03,29.51
2003-09-04,29.12
2003-09-05,28.87
2003-09-08,28.66
2003-09-09,29.12
2003-09-10,29.23
2003-09-11,28.97
2003-09-12,28.12
2003-09-15,28.34
2003-09-16,27.7
2003-09-17,26.87
2003-09-18,27.18
2003-09-19,26.9
2003-09-22,27.04
2003-09-23,27.3
2003-09-24,28.38
2003-09-25,28.37
2003-09-26,28.16
2003-09-29,28.39
2003-09-30,28.89
2003-10-01,29.07
2003-10-02,29.7
2003-10-03,29.59
2003-10-06,30.64
2003-10-07,30.27
2003-10-08,29.62
2003-10-09,30.98
2003-10-10,32.09
2003-10-13,31.8
2003-10-14,32.01
2003-10-15,31.77
2003-10-16,31.76
2003-10-17,30.9
2003-10-20,30.07
2003-10-21,30.56
2003-10-22,30.54
2003-10-23,29.73
2003-10-24,30.16
2003-10-27,29.94
2003-10-28,29.7
2003-10-29,28.91
2003-10-30,28.64
2003-10-31,28.77
2003-11-03,29.32
2003-11-04,28.64
2003-11-05,29.54
2003-11-06,30.55
2003-11-07,30.56
2003-11-10,31.0
2003-11-11,30.84
2003-11-12,31.15
2003-11-13,31.86
2003-11-14,32.12
2003-11-17,31.77
2003-11-18,31.66
2003-11-19,32.88
2003-11-20,32.73
2003-11-21,31.75
2003-11-24,30.89
2003-11-25,29.85
2003-11-26,29.95
2003-12-01,29.93
2003-12-02,30.25
2003-12-03,30.88
2003-12-04,30.76
2003-12-05,31.02
2003-12-08,31.48
2003-12-09,31.86
2003-12-10,32.3
2003-12-11,31.94
2003-12-12,32.5
2003-12-15,32.73
2003-12-16,33.03
2003-12-17,33.7
2003-12-18,33.65
2003-12-19,33.29
2003-12-22,32.2
2003-12-23,31.62
2003-12-24,32.08
2003-12-29,32.33
2003-12-30,32.59
2003-12-31,32.89
2004-01-05,32.91
2004-01-06,34.26
2004-01-07,33.61
2004-01-08,33.73
2004-01-09,34.57
2004-01-12,34.72
2004-01-13,34.43
2004-01-14,34.39
2004-01-15,34.44
2004-01-16,34.83
2004-01-20,36.25
2004-01-21,34.55
2004-01-22,34.8
2004-01-23,34.94
2004-01-26,34.52
2004-01-27,34.64
2004-01-28,34.02
2004-01-29,32.94
2004-01-30,33.26
2004-02-02,32.88
2004-02-03,35.06
2004-02-04,33.73
2004-02-05,32.66
2004-02-06,32.78
2004-02-09,32.63
2004-02-10,33.69
2004-02-11,33.61
2004-02-12,33.93
2004-02-13,34.2
2004-02-17,35.12
2004-02-18,35.13
2004-02-19,35.84
2004-02-20,35.72
2004-02-23,34.16
2004-02-24,34.77
2004-02-25,34.59
2004-02-26,35.73
2004-02-27,35.56
2004-03-01,36.23
2004-03-02,36.66
2004-03-03,36.46
2004-03-04,36.3
2004-03-05,37.2
2004-03-08,37.23
2004-03-09,36.59
2004-03-10,35.95
2004-03-11,36.67
2004-03-12,36.56
2004-03-15,36.38
2004-03-16,37.21
2004-03-17,37.59
2004-03-18,37.91
2004-03-19,38.01
2004-03-22,37.52
2004-03-23,36.7
2004-03-24,37.34
2004-03-25,36.01
2004-03-26,35.69
2004-03-29,35.44
2004-03-30,35.92
2004-03-31,36.13
2004-04-01,34.08
2004-04-02,33.82
2004-04-05,34.47
2004-04-06,34.34
2004-04-07,35.27
2004-04-08,36.49
2004-04-12,37.39
2004-04-13,37.53
2004-04-14,36.6
2004-04-15,36.63
2004-04-16,37.7
2004-04-19,37.95
2004-04-20,37.13
2004-04-21,35.97
2004-04-22,36.04
2004-04-23,36.78
2004-04-26,36.8
2004-04-27,37.33
2004-04-28,37.03
2004-04-29,37.25
2004-04-30,37.74
2004-05-03,37.55
2004-05-04,38.36
2004-05-05,38.83
2004-05-06,39.38
2004-05-07,39.87
2004-05-10,38.55
2004-05-11,39.43
2004-05-12,40.38
2004-05-13,40.95
2004-05-14,41.46
2004-05-17,41.42
2004-05-18,40.97
2004-05-19,40.3
2004-05-20,41.41
2004-05-21,40.53
2004-05-24,40.16
2004-05-25,41.58
2004-05-26,41.19
2004-05-27,39.47
2004-05-28,39.41
2004-06-01,41.17
2004-06-02,42.09
2004-06-03,40.41
2004-06-04,38.7
2004-06-07,38.05
2004-06-08,39.08
2004-06-09,36.87
2004-06-10,37.68
2004-06-14,38.07
2004-06-15,38.01
2004-06-16,37.47
2004-06-17,37.91
2004-06-18,38.53
2004-06-21,38.92
2004-06-22,37.67
2004-06-23,38.25
2004-06-24,37.63
2004-06-25,37.5
2004-06-28,36.2
2004-06-29,35.94
2004-06-30,35.76
2004-07-01,37.53
2004-07-02,38.52
2004-07-06,39.33
2004-07-07,39.2
2004-07-08,39.5
2004-07-09,40.17
2004-07-12,40.14
2004-07-13,39.51
2004-07-14,40.53
2004-07-15,40.77
2004-07-16,41.1
2004-07-19,41.39
2004-07-20,40.61
2004-07-21,40.67
2004-07-22,41.05
2004-07-23,41.62
2004-07-26,41.53
2004-07-27,41.61
2004-07-28,42.42
2004-07-29,42.29
2004-07-30,43.5
2004-08-02,43.56
2004-08-03,43.55
2004-08-04,44.17
2004-08-05,43.88
2004-08-06,44.25
2004-08-09,44.34
2004-08-10,44.6
2004-08-11,44.13
2004-08-12,45.08
2004-08-13,45.67
2004-08-16,46.38
2004-08-17,45.75
2004-08-18,47.17
2004-08-19,47.8
2004-08-20,47.65
2004-08-23,46.73
2004-08-24,45.77
2004-08-25,45.45
2004-08-26,42.91
2004-08-27,43.49
2004-08-30,41.79
2004-08-31,41.8
2004-09-01,42.68
2004-09-02,44.32
2004-09-03,43.88
2004-09-07,43.0
2004-09-08,43.01
2004-09-09,43.41
2004-09-10,43.52
2004-09-13,43.62
2004-09-14,44.43
2004-09-15,43.98
2004-09-16,43.28
2004-09-17,44.64
2004-09-20,45.83
2004-09-21,46.58
2004-09-22,46.73
2004-09-23,48.34
2004-09-24,48.26
2004-09-27,49.7
2004-09-28,50.03
2004-09-29,49.61
2004-09-30,49.55
2004-10-01,49.41
2004-10-04,49.63
2004-10-05,50.67
2004-10-06,51.05
2004-10-07,52.62
2004-10-08,52.87
2004-10-11,53.67
2004-10-12,52.29
2004-10-13,51.91
2004-10-14,54.33
2004-10-15,54.4
2004-10-18,54.22
2004-10-19,52.77
2004-10-20,54.09
2004-10-21,54.48
2004-10-22,55.32
2004-10-25,55.42
2004-10-26,54.63
2004-10-27,54.99
2004-10-28,52.09
2004-10-29,51.49
2004-11-01,52.27
2004-11-02,49.92
2004-11-03,49.75
2004-11-04,50.2
2004-11-05,49.02
2004-11-08,49.04
2004-11-09,47.78
2004-11-10,47.3
2004-11-11,47.83
2004-11-12,47.28
2004-11-15,46.1
2004-11-16,47.08
2004-11-17,42.47
2004-11-18,46.61
2004-11-19,48.25
2004-11-22,49.12
2004-11-23,48.89
2004-11-24,48.64
2004-11-29,49.59
2004-11-30,49.98
2004-12-01,47.92
2004-12-02,43.8
2004-12-03,43.14
2004-12-06,43.32
2004-12-07,42.59
2004-12-08,40.59
2004-12-09,42.52
2004-12-10,43.12
2004-12-13,40.73
2004-12-14,41.43
2004-12-15,42.27
2004-12-16,44.25
2004-12-17,45.55
2004-12-20,45.91
2004-12-21,45.6
2004-12-22,44.88
2004-12-23,43.91
2004-12-27,41.97
2004-12-28,41.62
2004-12-29,42.83
2004-12-30,42.76
2005-01-03,42.22
2005-01-04,42.28
2005-01-05,43.34
2005-01-06,43.17
2005-01-07,45.52
2005-01-10,46.28
2005-01-11,45.33
2005-01-12,45.99
2005-01-13,46.84
2005-01-14,48.41
2005-01-18,48.72
2005-01-19,48.02
2005-01-20,47.17
2005-01-21,47.77
2005-01-24,49.01
2005-01-25,48.81
2005-01-26,48.62
2005-01-27,49.26
2005-01-28,48.22
2005-01-31,47.1
2005-02-01,47.58
2005-02-02,47.42
2005-02-03,46.31
2005-02-04,46.87
2005-02-07,45.72
2005-02-08,45.72
2005-02-09,45.07
2005-02-10,47.03
2005-02-11,47.9
2005-02-14,47.14
2005-02-15,47.63
2005-02-16,48.38
2005-02-17,48.55
2005-02-18,48.1
2005-02-22,50.83
2005-02-23,51.06
2005-02-24,51.06
2005-02-25,51.0
2005-02-28,51.93
2005-03-01,51.46
2005-03-02,51.67
2005-03-03,53.13
2005-03-04,53.21
2005-03-07,53.27
2005-03-08,53.74
2005-03-09,54.78
2005-03-10,53.78
2005-03-11,53.72
2005-03-14,54.52
2005-03-15,54.59
2005-03-16,55.22
2005-03-17,56.79
2005-03-18,56.69
2005-03-21,56.73
2005-03-22,57.14
2005-03-23,55.12
2005-03-24,54.31
2005-03-28,54.32
2005-03-29,54.34
2005-03-30,53.66
2005-03-31,55.07
2005-04-01,56.53
2005-04-04,57.55
2005-04-05,56.79
2005-04-06,56.08
2005-04-07,56.59
2005-04-08,53.6
2005-04-11,52.73
2005-04-12,53.21
2005-04-13,51.17
2005-04-14,50.52
2005-04-15,50.7
2005-04-18,50.34
2005-04-19,52.14
2005-04-20,52.83
2005-04-21,53.29
2005-04-22,55.05
2005-04-25,55.72
2005-04-26,54.01
2005-04-27,53.98
2005-04-28,50.62
2005-04-29,50.41
2005-05-02,49.5
2005-05-03,50.36
2005-05-04,49.98
2005-05-05,50.7
2005-05-06,51.43
2005-05-09,52.01
2005-05-10,52.34
2005-05-11,51.48
2005-05-12,50.05
2005-05-13,48.55
2005-05-16,48.03
2005-05-17,48.35
2005-05-18,49.07
2005-05-19,47.18
2005-05-20,46.92
2005-05-23,49.22
2005-05-24,49.28
2005-05-25,49.7
2005-05-26,51.1
2005-05-27,51.3
2005-05-31,51.48
2005-06-01,52.37
2005-06-02,53.77
2005-06-03,54.25
2005-06-06,55.27
2005-06-07,54.19
2005-06-08,53.44
2005-06-09,53.02
2005-06-10,54.31
2005-06-13,53.47
2005-06-14,55.37
2005-06-15,55.62
2005-06-16,55.71
2005-06-17,57.72
2005-06-20,58.84
2005-06-21,59.09
2005-06-22,59.06
2005-06-23,58.55
2005-06-24,59.72
2005-06-27,60.37
2005-06-28,59.11
2005-06-29,57.34
2005-06-30,56.84
2005-07-01,56.73
2005-07-05,59.53
2005-07-06,60.38
2005-07-07,60.0
2005-07-08,61.55
2005-07-11,54.81
2005-07-12,60.78
2005-07-13,60.52
2005-07-14,59.0
2005-07-15,58.13
2005-07-18,57.81
2005-07-19,57.5
2005-07-20,58.05
2005-07-21,57.66
2005-07-22,57.95
2005-07-25,58.3
2005-07-26,58.87
2005-07-27,59.52
2005-07-28,59.41
2005-07-29,60.34
2005-08-01,61.18
2005-08-02,61.34
2005-08-03,62.39
2005-08-04,61.22
2005-08-05,61.91
2005-08-08,63.13
2005-08-09,63.67
2005-08-10,64.96
2005-08-11,65.0
2005-08-12,66.06
2005-08-15,66.5
2005-08-16,65.93
2005-08-17,65.16
2005-08-18,63.17
2005-08-19,64.38
2005-08-22,67.05
2005-08-23,65.98
2005-08-24,67.5
2005-08-25,66.84
2005-08-26,67.59
2005-08-29,67.94
2005-08-30,69.95
2005-08-31,69.31
2005-09-01,68.77
2005-09-02,68.03
2005-09-06,67.39
2005-09-07,65.5
2005-09-08,64.47
2005-09-09,65.0
2005-09-12,63.62
2005-09-13,63.72
2005-09-14,64.53
2005-09-15,65.34
2005-09-16,63.72
2005-09-19,64.41
2005-09-20,66.59
2005-09-21,67.25
2005-09-22,67.58
2005-09-23,66.08
2005-09-26,63.59
2005-09-27,65.81
2005-09-28,66.36
2005-09-29,67.0
2005-09-30,66.37
2005-10-03,66.12
2005-10-04,64.5
2005-10-05,64.12
2005-10-06,61.2
2005-10-07,61.59
2005-10-10,61.47
2005-10-11,62.59
2005-10-12,63.48
2005-10-13,63.87
2005-10-14,61.94
2005-10-17,63.38
2005-10-18,63.76
2005-10-19,62.33
2005-10-20,60.58
2005-10-21,59.36
2005-10-24,59.69
2005-10-25,62.15
2005-10-26,62.02
2005-10-27,61.3
2005-10-28,61.24
2005-10-31,60.6
2005-11-01,59.28
2005-11-02,59.66
2005-11-03,60.55
2005-11-04,61.17
2005-11-07,59.09
2005-11-08,59.54
2005-11-09,59.52
2005-11-10,58.2
2005-11-11,57.52
2005-11-14,57.96
2005-11-15,57.57
2005-11-16,56.95
2005-11-17,56.51
2005-11-18,55.8
2005-11-21,57.73
2005-11-22,58.57
2005-11-23,58.47
2005-11-28,58.08
2005-11-29,57.52
2005-11-30,56.41
2005-12-01,58.27
2005-12-02,58.88
2005-12-05,60.03
2005-12-06,59.65
2005-12-07,59.95
2005-12-08,59.56
2005-12-09,60.89
2005-12-12,60.16
2005-12-13,61.7
2005-12-14,61.38
2005-12-15,60.72
2005-12-16,58.73
2005-12-19,57.63
2005-12-20,57.75
2005-12-21,58.22
2005-12-22,58.58
2005-12-23,57.86
2005-12-27,57.8
2005-12-28,58.38
2005-12-29,59.55
2005-12-30,59.88
2006-01-03,62.42
2006-01-04,62.63
2006-01-05,63.05
2006-01-06,63.64
2006-01-09,63.81
2006-01-10,63.83
2006-01-11,63.98
2006-01-12,64.61
2006-01-13,63.46
2006-01-17,65.24
2006-01-18,66.5
2006-01-19,65.52
2006-01-20,68.45
2006-01-23,67.84
2006-01-24,67.25
2006-01-25,66.02
2006-01-26,65.92
2006-01-27,67.19
2006-01-30,67.53
2006-01-31,68.25
2006-02-01,67.87
2006-02-02,66.13
2006-02-03,65.19
2006-02-06,65.93
2006-02-07,63.35
2006-02-08,62.66
2006-02-09,63.0
2006-02-10,62.34
2006-02-13,61.17
2006-02-14,59.95
2006-02-15,57.66
2006-02-16,58.32
2006-02-17,59.61
2006-02-21,61.0
2006-02-22,62.75
2006-02-23,60.77
2006-02-24,62.8
2006-02-27,62.06
2006-02-28,61.2
2006-03-01,61.72
2006-03-02,62.51
2006-03-03,63.2
2006-03-06,63.19
2006-03-07,62.36
2006-03-08,59.67
2006-03-09,60.55
2006-03-10,59.97
2006-03-13,60.04
2006-03-14,62.03
2006-03-15,64.09
2006-03-16,62.01
2006-03-17,63.5
2006-03-20,62.63
2006-03-21,60.42
2006-03-22,62.13
2006-03-23,62.99
2006-03-24,64.4
2006-03-27,63.82
2006-03-28,64.94
2006-03-29,67.33
2006-03-30,66.66
2006-03-31,66.45
2006-04-03,67.12
2006-04-04,66.08
2006-04-05,66.36
2006-04-06,67.9
2006-04-07,67.44
2006-04-10,68.17
2006-04-11,69.07
2006-04-12,68.84
2006-04-13,69.44
2006-04-17,69.57
2006-04-18,70.38
2006-04-19,71.43
2006-04-20,72.06
2006-04-21,75.18
2006-04-24,74.18
2006-04-25,74.02
2006-04-26,72.3
2006-04-27,71.11
2006-04-28,71.59
2006-05-01,72.36
2006-05-02,73.97
2006-05-03,73.8
2006-05-04,71.39
2006-05-05,70.09
2006-05-08,69.03
2006-05-09,70.09
2006-05-10,70.47
2006-05-11,73.69
2006-05-12,72.85
2006-05-15,70.06
2006-05-16,69.72
2006-05-17,69.47
2006-05-18,68.63
2006-05-19,68.54
2006-05-22,67.8
2006-05-23,72.46
2006-05-24,70.85
2006-05-25,70.37
2006-05-26,71.03
2006-05-30,72.31
2006-05-31,71.38
2006-06-01,70.81
2006-06-02,71.17
2006-06-05,73.34
2006-06-06,71.66
2006-06-07,73.2
2006-06-08,69.84
2006-06-09,71.61
2006-06-12,71.79
2006-06-13,69.25
2006-06-14,68.92
2006-06-15,69.9
2006-06-16,69.38
2006-06-19,69.42
2006-06-20,69.53
2006-06-21,69.34
2006-06-22,70.63
2006-06-23,70.53
2006-06-26,71.0
2006-06-27,72.11
2006-06-28,71.91
2006-06-29,72.39
2006-06-30,73.59
2006-07-05,73.93
2006-07-06,74.83
2006-07-07,75.53
2006-07-10,73.52
2006-07-11,74.09
2006-07-12,74.4
2006-07-13,76.09
2006-07-14,77.74
2006-07-17,75.53
2006-07-18,76.1
2006-07-19,73.19
2006-07-20,73.25
2006-07-21,74.82
2006-07-24,73.75
2006-07-25,75.25
2006-07-26,73.59
2006-07-27,74.54
2006-07-28,74.0
2006-07-31,73.56
2006-08-01,74.68
2006-08-02,75.55
2006-08-03,75.03
2006-08-04,75.34
2006-08-07,77.06
2006-08-08,76.35
2006-08-09,76.27
2006-08-10,74.05
2006-08-11,74.36
2006-08-14,73.36
2006-08-15,72.89
2006-08-16,71.64
2006-08-17,70.53
2006-08-18,70.59
2006-08-21,72.47
2006-08-22,72.38
2006-08-23,71.67
2006-08-24,72.88
2006-08-25,73.39
2006-08-28,70.43
2006-08-29,69.75
2006-08-30,70.47
2006-08-31,70.32
2006-09-01,70.34
2006-09-05,68.55
2006-09-06,67.53
2006-09-07,67.28
2006-09-08,66.31
2006-09-11,65.55
2006-09-12,63.88
2006-09-13,64.23
2006-09-14,63.38
2006-09-15,63.34
2006-09-18,63.88
2006-09-19,61.62
2006-09-20,60.12
2006-09-21,61.64
2006-09-22,60.57
2006-09-25,61.47
2006-09-26,61.2
2006-09-27,63.01
2006-09-28,62.7
2006-09-29,62.98
2006-10-02,60.84
2006-10-03,58.52
2006-10-04,59.5
2006-10-05,60.0
2006-10-06,59.73
2006-10-09,59.92
2006-10-10,58.65
2006-10-11,57.43
2006-10-12,58.27
2006-10-13,58.69
2006-10-16,60.21
2006-10-17,58.98
2006-10-18,57.8
2006-10-19,58.75
2006-10-20,57.39
2006-10-23,58.84
2006-10-24,59.45
2006-10-25,61.55
2006-10-26,60.28
2006-10-27,60.78
2006-10-30,58.45
2006-10-31,58.6
2006-11-01,58.53
2006-11-02,57.83
2006-11-03,59.09
2006-11-06,60.1
2006-11-07,59.12
2006-11-08,59.89
2006-11-09,61.05
2006-11-10,59.58
2006-11-13,58.57
2006-11-14,58.36
2006-11-15,58.74
2006-11-16,55.62
2006-11-17,55.92
2006-11-20,58.89
2006-11-21,60.15
2006-11-22,59.3
2006-11-27,60.3
2006-11-28,60.91
2006-11-29,62.38
2006-11-30,62.94
2006-12-01,63.54
2006-12-04,62.42
2006-12-05,62.61
2006-12-06,62.2
2006-12-07,62.6
2006-12-08,62.2
2006-12-11,61.29
2006-12-12,60.9
2006-12-13,61.5
2006-12-14,62.55
2006-12-15,63.31
2006-12-18,62.23
2006-12-19,62.83
2006-12-20,63.59
2006-12-21,62.67
2006-12-22,62.41
2006-12-26,60.97
2006-12-27,60.36
2006-12-28,60.47
2006-12-29,61.07
2007-01-02,60.85
2007-01-03,58.05
2007-01-04,55.55
2007-01-05,56.24
2007-01-08,56.17
2007-01-09,55.76
2007-01-10,53.58
2007-01-11,51.99
2007-01-12,52.92
2007-01-16,51.19
2007-01-17,52.21
2007-01-18,50.32
2007-01-19,51.81
2007-01-22,51.13
2007-01-23,54.96
2007-01-24,55.33
2007-01-25,54.31
2007-01-26,55.48
2007-01-29,53.88
2007-01-30,56.95
2007-01-31,58.02
2007-02-01,57.36
2007-02-02,59.01
2007-02-05,58.84
2007-02-06,59.12
2007-02-07,57.7
2007-02-08,59.73
2007-02-09,59.88
2007-02-12,57.61
2007-02-13,58.99
2007-02-14,58.19
2007-02-15,57.92
2007-02-16,59.34
2007-02-20,58.29
2007-02-21,60.2
2007-02-22,60.8
2007-02-23,60.91
2007-02-26,61.5
2007-02-27,60.2
2007-02-28,61.75
2007-03-01,61.84
2007-03-02,61.48
2007-03-05,59.91
2007-03-06,60.75
2007-03-07,61.83
2007-03-08,61.73
2007-03-09,60.11
2007-03-12,59.01
2007-03-13,58.21
2007-03-14,58.25
2007-03-15,57.48
2007-03-16,57.01
2007-03-19,56.78
2007-03-20,56.5
2007-03-21,60.05
2007-03-22,61.95
2007-03-23,62.2
2007-03-26,62.91
2007-03-27,64.51
2007-03-28,64.03
2007-03-29,66.17
2007-03-30,65.89
2007-04-02,65.84
2007-04-03,64.47
2007-04-04,64.46
2007-04-05,64.07
2007-04-09,61.59
2007-04-10,61.88
2007-04-11,62.01
2007-04-12,63.86
2007-04-13,63.61
2007-04-16,63.52
2007-04-17,63.17
2007-04-18,62.85
2007-04-19,61.66
2007-04-20,63.48
2007-04-23,65.8
2007-04-24,64.59
2007-04-25,65.72
2007-04-26,65.3
2007-04-27,66.41
2007-04-30,65.63
2007-05-01,64.51
2007-05-02,63.49
2007-05-03,63.21
2007-05-04,61.8
2007-05-07,61.59
2007-05-08,62.22
2007-05-09,61.53
2007-05-10,61.81
2007-05-11,62.39
2007-05-14,62.39
2007-05-15,63.06
2007-05-16,62.54
2007-05-17,64.81
2007-05-18,64.95
2007-05-21,66.22
2007-05-22,65.0
2007-05-23,65.73
2007-05-24,64.39
2007-05-25,65.22
2007-05-29,63.3
2007-05-30,63.41
2007-05-31,64.16
2007-06-01,65.07
2007-06-04,66.1
2007-06-05,65.56
2007-06-06,65.89
2007-06-07,66.73
2007-06-08,64.68
2007-06-11,65.85
2007-06-12,65.23
2007-06-13,66.06
2007-06-14,67.73
2007-06-15,68.1
2007-06-18,69.03
2007-06-19,69.03
2007-06-20,68.56
2007-06-21,68.64
2007-06-22,69.15
2007-06-25,69.06
2007-06-26,67.91
2007-06-27,68.96
2007-06-28,69.71
2007-06-29,70.45
2007-07-02,71.19
2007-07-03,71.22
2007-07-05,71.78
2007-07-06,72.77
2007-07-09,72.05
2007-07-10,72.69
2007-07-11,72.5
2007-07-12,72.63
2007-07-13,73.84
2007-07-16,74.2
2007-07-17,74.28
2007-07-18,75.17
2007-07-19,76.0
2007-07-20,75.53
2007-07-23,74.97
2007-07-24,73.33
2007-07-25,76.3
2007-07-26,74.76
2007-07-27,77.0
2007-07-30,76.72
2007-07-31,78.05
2007-08-01,76.68
2007-08-02,76.92
2007-08-03,75.39
2007-08-06,72.1
2007-08-07,72.37
2007-08-08,72.32
2007-08-09,71.57
2007-08-10,71.56
2007-08-13,71.58
2007-08-14,72.69
2007-08-15,73.01
2007-08-16,71.68
2007-08-17,71.72
2007-08-20,71.24
2007-08-21,69.45
2007-08-22,69.4
2007-08-23,69.9
2007-08-24,71.1
2007-08-27,72.09
2007-08-28,71.68
2007-08-29,73.52
2007-08-30,73.55
2007-08-31,73.98
2007-09-04,75.16
2007-09-05,75.87
2007-09-06,76.46
2007-09-07,76.69
2007-09-10,77.88
2007-09-11,78.16
2007-09-12,79.62
2007-09-13,79.97
2007-09-14,79.06
2007-09-17,80.89
2007-09-18,82.22
2007-09-19,82.29
2007-09-20,83.78
2007-09-21,81.38
2007-09-24,80.67
2007-09-25,79.44
2007-09-26,80.6
2007-09-27,82.92
2007-09-28,81.64
2007-10-01,80.19
2007-10-02,80.31
2007-10-03,79.67
2007-10-04,81.46
2007-10-05,81.19
2007-10-08,79.2
2007-10-09,80.18
2007-10-10,81.28
2007-10-11,82.92
2007-10-12,83.71
2007-10-15,86.48
2007-10-16,87.47
2007-10-17,87.06
2007-10-18,89.75
2007-10-19,88.55
2007-10-22,87.11
2007-10-23,85.08
2007-10-24,87.68
2007-10-25,90.35
2007-10-26,91.72
2007-10-29,93.64
2007-10-30,89.62
2007-10-31,95.14
2007-11-01,93.62
2007-11-02,95.72
2007-11-05,94.62
2007-11-06,96.89
2007-11-07,95.84
2007-11-08,95.86
2007-11-09,96.38
2007-11-12,93.64
2007-11-13,91.34
2007-11-14,94.03
2007-11-15,93.72
2007-11-16,94.66
2007-11-19,94.89
2007-11-20,98.15
2007-11-21,97.34
2007-11-23,98.25
2007-11-26,96.89
2007-11-27,94.62
2007-11-28,91.41
2007-11-29,91.04
2007-11-30,88.5
2007-12-03,89.7
2007-12-04,88.1
2007-12-05,87.31
2007-12-06,90.59
2007-12-07,88.16
2007-12-10,88.33
2007-12-11,89.32
2007-12-12,89.28
2007-12-13,92.4
2007-12-14,91.23
2007-12-17,90.83
2007-12-18,89.18
2007-12-19,91.34
2007-12-20,90.99
2007-12-21,93.29
2007-12-24,94.05
2007-12-26,95.91
2007-12-27,96.87
2007-12-28,96.06
2007-12-31,96.0
2008-01-02,99.22
2008-01-03,99.23
2008-01-04,97.84
2008-01-07,95.31
2008-01-08,96.15
2008-01-09,95.81
2008-01-10,94.24
2008-01-11,92.69
2008-01-14,94.34
2008-01-15,91.63
2008-01-16,91.0
2008-01-17,89.86
2008-01-18,90.53
2008-01-22,88.97
2008-01-23,87.86
2008-01-24,89.42
2008-01-25,90.62
2008-01-28,91.05
2008-01-29,92.28
2008-01-30,91.79
2008-01-31,91.41
2008-02-01,89.19
2008-02-04,90.01
2008-02-05,88.23
2008-02-06,87.0
2008-02-07,88.34
2008-02-08,91.87
2008-02-11,93.64
2008-02-12,92.53
2008-02-13,93.32
2008-02-14,95.27
2008-02-15,95.53
2008-02-19,99.96
2008-02-20,100.36
2008-02-21,97.49
2008-02-22,98.81
2008-02-25,99.31
2008-02-26,101.28
2008-02-27,99.73
2008-02-28,102.59
2008-02-29,101.62
2008-03-03,102.39
2008-03-04,99.94
2008-03-05,104.66
2008-03-06,105.47
2008-03-07,105.16
2008-03-10,108.05
2008-03-11,108.68
2008-03-12,110.06
2008-03-13,110.15
2008-03-14,110.11
2008-03-17,105.94
2008-03-18,109.16
2008-03-19,103.66
2008-03-20,101.7
2008-03-24,100.34
2008-03-25,101.5
2008-03-26,106.22
2008-03-27,107.21
2008-03-28,105.35
2008-03-31,101.53
2008-04-01,100.82
2008-04-02,104.64
2008-04-03,104.24
2008-04-04,106.03
2008-04-07,108.89
2008-04-08,108.72
2008-04-09,110.81
2008-04-10,110.01
2008-04-11,110.25
2008-04-14,111.93
2008-04-15,113.86
2008-04-16,115.11
2008-04-17,115.03
2008-04-18,116.84
2008-04-21,117.61
2008-04-22,119.1
2008-04-23,117.92
2008-04-24,115.95
2008-04-25,118.5
2008-04-28,118.81
2008-04-29,115.44
2008-04-30,114.6
2008-05-01,112.18
2008-05-02,116.32
2008-05-05,119.96
2008-05-06,121.78
2008-05-07,123.91
2008-05-08,124.44
2008-05-09,125.97
2008-05-12,123.76
2008-05-13,126.0
2008-05-14,123.86
2008-05-15,124.53
2008-05-16,126.42
2008-05-19,127.31
2008-05-20,129.28
2008-05-21,134.07
2008-05-22,130.7
2008-05-23,131.92
2008-05-27,128.23
2008-05-28,130.83
2008-05-29,126.55
2008-05-30,127.44
2008-06-02,127.62
2008-06-03,124.35
2008-06-04,122.1
2008-06-05,128.26
2008-06-06,138.81
2008-06-09,135.01
2008-06-10,131.69
2008-06-11,136.33
2008-06-12,136.88
2008-06-13,134.84
2008-06-16,133.58
2008-06-17,133.53
2008-06-18,136.18
2008-06-19,131.9
2008-06-20,134.7
2008-06-23,137.37
2008-06-24,137.13
2008-06-25,134.66
2008-06-26,139.53
2008-06-27,140.73
2008-06-30,140.31
2008-07-01,141.44
2008-07-02,144.26
2008-07-03,145.41
2008-07-07,141.63
2008-07-08,135.91
2008-07-09,135.66
2008-07-10,141.87
2008-07-11,144.82
2008-07-14,145.18
2008-07-15,138.86
2008-07-16,135.05
2008-07-17,129.49
2008-07-18,128.86
2008-07-21,128.82
2008-07-22,131.05
2008-07-23,124.47
2008-07-24,125.5
2008-07-25,123.36
2008-07-28,125.06
2008-07-29,121.85
2008-07-30,126.87
2008-07-31,124.03
2008-08-01,125.04
2008-08-04,120.86
2008-08-05,118.58
2008-08-06,118.73
2008-08-07,119.91
2008-08-08,115.05
2008-08-11,114.44
2008-08-12,112.98
2008-08-13,116.37
2008-08-14,114.91
2008-08-15,113.49
2008-08-18,113.1
2008-08-19,115.2
2008-08-20,112.3
2008-08-21,121.63
2008-08-22,114.44
2008-08-25,115.49
2008-08-26,116.1
2008-08-27,118.07
2008-08-28,115.58
2008-08-29,115.61
2008-09-02,110.15
2008-09-03,109.31
2008-09-04,107.53
2008-09-05,106.53
2008-09-08,106.58
2008-09-09,102.41
2008-09-10,102.69
2008-09-11,101.06
2008-09-12,100.92
2008-09-15,94.03
2008-09-16,92.73
2008-09-17,97.17
2008-09-18,97.98
2008-09-19,103.95
2008-09-22,120.41
2008-09-23,106.95
2008-09-24,105.41
2008-09-25,107.64
2008-09-26,106.82
2008-09-29,95.39
2008-09-30,101.92
2008-10-01,98.69
2008-10-02,93.85
2008-10-03,93.76
2008-10-06,88.93
2008-10-07,89.42
2008-10-08,88.88
2008-10-09,84.93
2008-10-10,78.24
2008-10-13,81.87
2008-10-14,78.64
2008-10-15,73.62
2008-10-16,72.22
2008-10-17,72.31
2008-10-20,75.76
2008-10-21,71.42
2008-10-22,67.22
2008-10-23,69.38
2008-10-24,64.51
2008-10-27,62.17
2008-10-28,64.72
2008-10-29,68.16
2008-10-30,65.39
2008-10-31,67.86
2008-11-03,63.82
2008-11-04,70.09
2008-11-05,65.13
2008-11-06,60.5
2008-11-07,61.27
2008-11-10,62.05
2008-11-11,59.0
2008-11-12,55.56
2008-11-13,59.41
2008-11-14,57.3
2008-11-17,54.98
2008-11-18,54.48
2008-11-19,53.39
2008-11-20,49.25
2008-11-21,49.72
2008-11-24,54.25
2008-11-25,50.6
2008-11-26,54.61
2008-11-28,55.12
2008-12-01,48.75
2008-12-02,47.52
2008-12-03,46.81
2008-12-04,43.8
2008-12-05,41.5
2008-12-08,44.01
2008-12-09,42.4
2008-12-10,44.09
2008-12-11,47.31
2008-12-12,46.37
2008-12-15,44.77
2008-12-16,43.66
2008-12-17,40.33
2008-12-18,36.37
2008-12-19,35.89
2008-12-22,39.55
2008-12-23,39.1
2008-12-24,35.46
2008-12-26,37.59
2008-12-29,39.88
2008-12-30,39.12
2008-12-31,43.22
2009-01-02,46.16
2009-01-05,48.3
2009-01-06,48.53
2009-01-07,42.64
2009-01-08,42.58
2009-01-09,40.92
2009-01-12,37.6
2009-01-13,38.84
2009-01-14,37.4
2009-01-15,35.23
2009-01-16,36.03
2009-01-20,38.64
2009-01-21,44.3
2009-01-22,43.28
2009-01-23,46.02
2009-01-26,45.71
2009-01-27,42.02
2009-01-28,42.17
2009-01-29,41.59
2009-01-30,41.66
2009-02-02,40.3
2009-02-03,40.96
2009-02-04,40.21
2009-02-05,41.01
2009-02-06,40.3
2009-02-09,39.69
2009-02-10,38.17
2009-02-11,35.92
2009-02-12,34.38
2009-02-13,37.9
2009-02-17,34.94
2009-02-18,34.66
2009-02-19,38.91
2009-02-20,37.12
2009-02-23,38.02
2009-02-24,39.92
2009-02-25,42.36
2009-02-26,44.7
2009-02-27,44.61
2009-03-02,40.02
2009-03-03,41.53
2009-03-04,45.45
2009-03-05,43.7
2009-03-06,45.53
2009-03-09,47.23
2009-03-10,45.59
2009-03-11,42.81
2009-03-12,46.95
2009-03-13,46.08
2009-03-16,46.98
2009-03-17,48.78
2009-03-18,49.61
2009-03-19,51.19
2009-03-20,51.05
2009-03-23,53.83
2009-03-24,53.64
2009-03-25,52.84
2009-03-26,53.98
2009-03-27,52.36
2009-03-30,48.59
2009-03-31,48.89
2009-04-01,48.45
2009-04-02,52.42
2009-04-03,52.31
2009-04-06,51.32
2009-04-07,48.42
2009-04-08,50.07
2009-04-09,52.17
2009-04-13,49.95
2009-04-14,49.14
2009-04-15,49.88
2009-04-16,49.88
2009-04-17,50.22
2009-04-20,45.52
2009-04-21,46.61
2009-04-22,48.67
2009-04-23,49.64
2009-04-24,51.59
2009-04-27,50.11
2009-04-28,49.2
2009-04-29,50.77
2009-04-30,50.84
2009-05-01,52.88
2009-05-04,54.51
2009-05-05,54.14
2009-05-06,56.34
2009-05-07,56.45
2009-05-08,58.58
2009-05-11,58.13
2009-05-12,59.3
2009-05-13,57.73
2009-05-14,58.64
2009-05-15,56.52
2009-05-18,59.21
2009-05-19,58.8
2009-05-20,61.7
2009-05-21,61.06
2009-05-22,61.58
2009-05-26,62.52
2009-05-27,62.95
2009-05-28,64.79
2009-05-29,66.32
2009-06-01,68.07
2009-06-02,68.19
2009-06-03,66.0
2009-06-04,68.9
2009-06-05,68.45
2009-06-08,68.8
2009-06-09,70.62
2009-06-10,71.5
2009-06-11,72.45
2009-06-12,72.09
2009-06-15,70.27
2009-06-16,70.25
2009-06-17,70.85
2009-06-18,71.36
2009-06-19,69.62
2009-06-22,67.08
2009-06-23,68.5
2009-06-24,68.38
2009-06-25,70.42
2009-06-26,69.25
2009-06-29,71.56
2009-06-30,70.6
2009-07-01,69.16
2009-07-02,66.43
2009-07-06,64.08
2009-07-07,62.23
2009-07-08,60.4
2009-07-09,60.45
2009-07-10,59.8
2009-07-13,59.98
2009-07-14,59.79
2009-07-15,61.94
2009-07-16,62.23
2009-07-17,63.52
2009-07-20,64.26
2009-07-21,64.78
2009-07-22,65.43
2009-07-23,66.69
2009-07-24,68.0
2009-07-27,68.15
2009-07-28,66.72
2009-07-29,62.89
2009-07-30,66.69
2009-07-31,68.8
2009-08-03,71.39
2009-08-04,71.79
2009-08-05,71.82
2009-08-06,71.81
2009-08-07,70.59
2009-08-10,70.67
2009-08-11,69.57
2009-08-12,70.57
2009-08-13,70.95
2009-08-14,67.43
2009-08-17,66.78
2009-08-18,70.22
2009-08-19,72.31
2009-08-20,74.89
2009-08-21,73.85
2009-08-24,74.03
2009-08-25,71.35
2009-08-26,71.32
2009-08-27,72.81
2009-08-28,72.82
2009-08-31,69.55
2009-09-01,68.25
2009-09-02,68.07
2009-09-03,68.08
2009-09-04,67.98
2009-09-08,71.33
2009-09-09,71.67
2009-09-10,72.06
2009-09-11,69.34
2009-09-14,68.7
2009-09-15,70.32
2009-09-16,72.42
2009-09-17,72.41
2009-09-18,72.0
2009-09-21,69.48
2009-09-22,71.66
2009-09-23,68.31
2009-09-24,65.95
2009-09-25,66.01
2009-09-28,67.18
2009-09-29,66.7
2009-09-30,70.42
2009-10-01,70.28
2009-10-02,69.7
2009-10-05,70.25
2009-10-06,71.19
2009-10-07,69.81
2009-10-08,71.38
2009-10-09,72.01
2009-10-12,73.11
2009-10-13,74.42
2009-10-14,75.39
2009-10-15,77.78
2009-10-16,78.57
2009-10-19,79.59
2009-10-20,78.75
2009-10-21,81.03
2009-10-22,81.25
2009-10-23,80.19
2009-10-26,78.62
2009-10-27,79.43
2009-10-28,77.07
2009-10-29,80.02
2009-10-30,77.05
2009-11-02,78.17
2009-11-03,79.5
2009-11-04,80.24
2009-11-05,79.77
2009-11-06,77.46
2009-11-09,79.26
2009-11-10,78.83
2009-11-11,79.22
2009-11-12,76.75
2009-11-13,76.52
2009-11-16,78.89
2009-11-17,79.42
2009-11-18,79.74
2009-11-19,77.84
2009-11-20,76.69
2009-11-23,77.47
2009-11-24,75.83
2009-11-25,77.81
2009-11-27,75.97
2009-11-30,77.41
2009-12-01,77.9
2009-12-02,76.46
2009-12-03,75.74
2009-12-04,75.72
2009-12-07,74.06
2009-12-08,73.08
2009-12-09,70.67
2009-12-10,70.59
2009-12-11,69.59
2009-12-14,69.53
2009-12-15,70.85
2009-12-16,72.81
2009-12-17,72.71
2009-12-18,73.08
2009-12-21,72.73
2009-12-22,74.47
2009-12-23,76.59
2009-12-24,77.74
2009-12-28,78.66
2009-12-29,78.78
2009-12-30,79.41
2009-12-31,79.61
2010-01-04,81.64
2010-01-05,81.47
2010-01-06,83.25
2010-01-07,82.69
2010-01-08,82.91
2010-01-11,82.04
2010-01-12,80.11
2010-01-13,79.66
2010-01-14,79.19
2010-01-15,77.95
2010-01-19,78.83
2010-01-20,78.35
2010-01-21,75.84
2010-01-22,74.07
2010-01-25,75.22
2010-01-26,74.66
2010-01-27,73.75
2010-01-28,73.89
2010-01-29,72.67
2010-02-01,74.97
2010-02-02,77.0
2010-02-03,77.1
2010-02-04,73.0
2010-02-05,71.91
2010-02-08,71.69
2010-02-09,73.78
2010-02-10,74.67
2010-02-11,75.33
2010-02-12,74.2
2010-02-16,77.38
2010-02-17,77.35
2010-02-18,78.39
2010-02-19,80.09
2010-02-22,79.19
2010-02-23,79.13
2010-02-24,80.33
2010-02-25,78.34
2010-02-26,79.63
2010-03-01,78.84
2010-03-02,79.65
2010-03-03,81.03
2010-03-04,80.6
2010-03-05,81.79
2010-03-08,81.8
2010-03-09,81.38
2010-03-10,81.98
2010-03-11,82.27
2010-03-12,81.1
2010-03-15,79.86
2010-03-16,82.06
2010-03-17,82.87
2010-03-18,82.21
2010-03-19,80.68
2010-03-22,80.69
2010-03-23,81.64
2010-03-24,80.23
2010-03-25,80.16
2010-03-26,80.14
2010-03-29,82.52
2010-03-30,82.55
2010-03-31,83.38
2010-04-01,85.27
2010-04-05,86.83
2010-04-06,86.78
2010-04-07,85.64
2010-04-08,85.64
2010-04-09,84.87
2010-04-12,84.31
2010-04-13,83.81
2010-04-14,85.94
2010-04-15,85.31
2010-04-16,82.95
2010-04-19,81.91
2010-04-20,83.44
2010-04-21,83.44
2010-04-22,83.75
2010-04-23,85.06
2010-04-26,83.88
2010-04-27,81.84
2010-04-28,83.32
2010-04-29,85.6
2010-04-30,86.19
2010-05-03,85.99
2010-05-04,82.08
2010-05-05,79.56
2010-05-06,76.85
2010-05-07,75.44
2010-05-10,77.28
2010-05-11,76.03
2010-05-12,75.51
2010-05-13,73.87
2010-05-14,72.03
2010-05-17,70.48
2010-05-18,69.09
2010-05-19,71.1
2010-05-20,68.67
2010-05-21,70.42
2010-05-24,70.01
2010-05-25,69.95
2010-05-26,70.88
2010-05-27,74.92
2010-05-28,74.19
2010-06-01,71.94
2010-06-02,73.69
2010-06-03,74.62
2010-06-04,70.92
2010-06-07,71.14
2010-06-08,72.51
2010-06-09,73.89
2010-06-10,75.45
2010-06-11,74.23
2010-06-14,74.77
2010-06-15,77.07
2010-06-16,77.5
2010-06-17,76.59
2010-06-18,77.34
2010-06-21,77.08
2010-06-22,76.94
2010-06-23,76.06
2010-06-24,76.56
2010-06-25,79.16
2010-06-28,78.15
2010-06-29,75.44
2010-06-30,75.35
2010-07-01,72.6
2010-07-02,72.29
2010-07-06,72.03
2010-07-07,74.89
2010-07-08,75.92
2010-07-09,76.45
2010-07-12,75.02
2010-07-13,77.23
2010-07-14,76.77
2010-07-15,76.88
2010-07-16,75.78
2010-07-19,76.46
2010-07-20,76.95
2010-07-21,76.46
2010-07-22,79.23
2010-07-23,78.87
2010-07-26,78.87
2010-07-27,77.07
2010-07-28,76.84
2010-07-29,78.25
2010-07-30,78.97
2010-08-02,81.46
2010-08-03,82.5
2010-08-04,82.47
2010-08-05,82.19
2010-08-06,80.88
2010-08-09,81.43
2010-08-10,80.28
2010-08-11,77.34
2010-08-12,75.74
2010-08-13,75.56
2010-08-16,75.06
2010-08-17,75.5
2010-08-18,75.24
2010-08-19,74.44
2010-08-20,73.44
2010-08-23,72.89
2010-08-24,71.5
2010-08-25,72.91
2010-08-26,73.07
2010-08-27,75.56
2010-08-30,74.06
2010-08-31,71.66
2010-09-01,73.91
2010-09-02,74.92
2010-09-03,74.33
2010-09-07,73.81
2010-09-08,74.95
2010-09-09,74.25
2010-09-10,76.38
2010-09-13,77.14
2010-09-14,76.67
2010-09-15,75.81
2010-09-16,74.5
2010-09-17,73.5
2010-09-20,74.69
2010-09-21,72.84
2010-09-22,74.87
2010-09-23,74.95
2010-09-24,76.47
2010-09-27,76.22
2010-09-28,76.25
2010-09-29,77.92
2010-09-30,79.8
2010-10-01,81.73
2010-10-04,81.32
2010-10-05,82.61
2010-10-06,83.34
2010-10-07,81.41
2010-10-08,82.84
2010-10-11,81.95
2010-10-12,81.68
2010-10-13,83.19
2010-10-14,82.81
2010-10-15,81.45
2010-10-18,83.0
2010-10-19,79.35
2010-10-20,81.92
2010-10-21,80.73
2010-10-22,81.9
2010-10-25,82.39
2010-10-26,82.45
2010-10-27,81.97
2010-10-28,81.92
2010-10-29,81.43
2010-11-01,82.96
2010-11-02,84.44
2010-11-03,85.06
2010-11-04,86.61
2010-11-05,87.42
2010-11-08,86.7
2010-11-09,86.4
2010-11-10,87.89
2010-11-11,87.72
2010-11-12,84.75
2010-11-15,84.53
2010-11-16,82.3
2010-11-17,80.39
2010-11-18,82.25
2010-11-19,81.62
2010-11-22,81.57
2010-11-23,80.98
2010-11-24,84.23
2010-11-26,83.89
2010-11-29,85.89
2010-11-30,83.6
2010-12-01,86.83
2010-12-02,87.95
2010-12-03,89.44
2010-12-06,88.85
2010-12-07,88.25
2010-12-08,88.5
2010-12-09,88.53
2010-12-10,87.81
2010-12-13,88.19
2010-12-14,88.27
2010-12-15,88.32
2010-12-16,87.81
2010-12-17,88.22
2010-12-20,89.27
2010-12-21,90.03
2010-12-22,90.62
2010-12-23,91.47
2010-12-27,90.73
2010-12-28,91.25
2010-12-29,90.97
2010-12-30,89.6
2010-12-31,91.4
2011-01-03,91.56
2011-01-04,89.23
2011-01-05,90.38
2011-01-06,88.12
2011-01-07,88.48
2011-01-10,89.36
2011-01-11,91.22
2011-01-12,91.97
2011-01-13,90.95
2011-01-14,91.66
2011-01-18,91.26
2011-01-19,90.6
2011-01-20,89.9
2011-01-21,89.13
2011-01-24,87.73
2011-01-25,86.2
2011-01-26,87.61
2011-01-27,85.23
2011-01-28,89.49
2011-01-31,92.22
2011-02-01,90.47
2011-02-02,90.92
2011-02-03,90.55
2011-02-04,89.13
2011-02-07,87.44
2011-02-08,87.43
2011-02-09,86.8
2011-02-10,87.56
2011-02-11,85.31
2011-02-14,84.82
2011-02-15,84.36
2011-02-16,85.2
2011-02-17,86.39
2011-02-18,86.15
2011-02-22,93.36
2011-02-23,98.98
2011-02-24,96.81
2011-02-25,98.22
2011-02-28,96.88
2011-03-01,100.59
2011-03-02,102.44
2011-03-03,101.69
2011-03-04,104.91
2011-03-07,104.75
2011-03-08,105.03
2011-03-09,104.45
2011-03-10,102.58
2011-03-11,100.59
2011-03-14,101.7
2011-03-15,97.38
2011-03-16,98.14
2011-03-17,101.73
2011-03-18,101.61
2011-03-21,102.02
2011-03-22,102.57
2011-03-23,105.56
2011-03-24,105.41
2011-03-25,105.55
2011-03-28,103.86
2011-03-29,104.55
2011-03-30,104.35
2011-03-31,106.78
2011-04-01,108.31
2011-04-04,108.22
2011-04-05,107.97
2011-04-06,108.63
2011-04-07,110.39
2011-04-08,113.06
2011-04-11,108.88
2011-04-12,106.05
2011-04-13,107.38
2011-04-14,108.47
2011-04-15,109.39
2011-04-18,107.58
2011-04-19,108.0
2011-04-20,111.38
2011-04-21,112.35
2011-04-25,112.19
2011-04-26,111.94
2011-04-27,113.16
2011-04-28,112.76
2011-04-29,113.73
2011-05-02,112.98
2011-05-03,110.81
2011-05-04,108.82
2011-05-05,99.84
2011-05-06,98.05
2011-05-09,102.65
2011-05-10,103.63
2011-05-11,98.59
2011-05-12,98.78
2011-05-13,99.35
2011-05-16,97.01
2011-05-17,97.56
2011-05-18,99.81
2011-05-19,98.56
2011-05-20,98.76
2011-05-23,97.47
2011-05-24,99.38
2011-05-25,101.19
2011-05-26,100.11
2011-05-27,100.75
2011-05-31,102.58
2011-06-01,99.72
2011-06-02,100.87
2011-06-03,100.57
2011-06-06,98.78
2011-06-07,99.52
2011-06-08,100.8
2011-06-09,101.87
2011-06-10,98.94
2011-06-13,96.96
2011-06-14,99.64
2011-06-15,95.36
2011-06-16,95.15
2011-06-17,92.92
2011-06-20,93.33
2011-06-21,93.25
2011-06-22,94.44
2011-06-23,92.35
2011-06-24,91.22
2011-06-27,90.83
2011-06-28,93.36
2011-06-29,95.05
2011-06-30,95.11
2011-07-01,94.73
2011-07-05,97.02
2011-07-06,97.01
2011-07-07,98.77
2011-07-08,96.47
2011-07-11,95.13
2011-07-12,96.64
2011-07-13,97.62
2011-07-14,96.04
2011-07-15,97.48
2011-07-18,96.15
2011-07-19,97.97
2011-07-20,98.03
2011-07-21,99.12
2011-07-22,99.81
2011-07-25,99.08
2011-07-26,99.22
2011-07-27,97.24
2011-07-28,97.16
2011-07-29,95.87
2011-08-01,94.97
2011-08-02,93.27
2011-08-03,91.91
2011-08-04,86.43
2011-08-05,87.22
2011-08-08,81.07
2011-08-09,82.12
2011-08-10,82.08
2011-08-11,85.67
2011-08-12,85.32
2011-08-15,87.69
2011-08-16,87.17
2011-08-17,87.38
2011-08-18,81.31
2011-08-19,82.75
2011-08-22,82.31
2011-08-23,85.69
2011-08-24,85.24
2011-08-25,84.98
2011-08-26,85.56
2011-08-29,87.56
2011-08-30,88.73
2011-08-31,88.73
2011-09-01,88.77
2011-09-02,86.65
2011-09-06,86.53
2011-09-07,90.1
2011-09-08,88.64
2011-09-09,87.0
2011-09-12,88.91
2011-09-13,89.8
2011-09-14,88.56
2011-09-15,89.03
2011-09-16,87.88
2011-09-19,85.94
2011-09-20,86.29
2011-09-21,84.81
2011-09-22,80.53
2011-09-23,79.94
2011-09-26,81.48
2011-09-27,83.73
2011-09-28,80.64
2011-09-29,83.11
2011-09-30,78.75
2011-10-03,76.4
2011-10-04,78.23
2011-10-05,79.77
2011-10-06,82.55
2011-10-07,82.86
2011-10-10,85.79
2011-10-11,85.16
2011-10-12,84.92
2011-10-13,84.56
2011-10-14,87.27
2011-10-17,86.27
2011-10-18,88.42
2011-10-19,86.06
2011-10-20,86.66
2011-10-21,87.54
2011-10-24,91.62
2011-10-25,92.53
2011-10-26,90.9
2011-10-27,93.98
2011-10-28,93.48
2011-10-31,92.59
2011-11-01,91.56
2011-11-02,92.87
2011-11-03,94.28
2011-11-04,94.45
2011-11-07,95.94
2011-11-08,97.01
2011-11-09,95.78
2011-11-10,97.58
2011-11-11,99.22
2011-11-14,98.0
2011-11-15,99.3
2011-11-16,101.74
2011-11-17,98.62
2011-11-18,98.0
2011-11-21,97.07
2011-11-22,97.73
2011-11-23,95.83
2011-11-25,97.38
2011-11-28,97.75
2011-11-29,99.5
2011-11-30,100.51
2011-12-01,100.01
2011-12-02,101.11
2011-12-05,100.56
2011-12-06,101.18
2011-12-07,100.55
2011-12-08,97.97
2011-12-09,99.81
2011-12-12,97.92
2011-12-13,100.37
2011-12-14,94.81
2011-12-15,93.42
2011-12-16,93.79
2011-12-19,94.09
2011-12-20,95.55
2011-12-21,99.01
2011-12-22,99.47
2011-12-23,99.85
2011-12-27,101.28
2011-12-28,99.59
2011-12-29,99.82
2011-12-30,99.06
2012-01-03,102.91
2012-01-04,103.29
2012-01-05,101.34
2012-01-06,101.92
2012-01-09,101.31
2012-01-10,102.17
2012-01-11,100.98
2012-01-12,99.25
2012-01-13,99.05
2012-01-17,101.0
2012-01-18,101.14
2012-01-19,100.36
2012-01-20,98.14
2012-01-23,99.93
2012-01-24,99.23
2012-01-25,99.75
2012-01-26,99.88
2012-01-27,99.78
2012-01-30,98.95
2012-01-31,98.28
2012-02-01,97.16
2012-02-02,96.59
2012-02-03,97.77
2012-02-06,97.08
2012-02-07,98.75
2012-02-08,99.05
2012-02-09,99.8
2012-02-10,99.05
2012-02-13,100.79
2012-02-14,101.0
2012-02-15,101.87
2012-02-16,102.33
2012-02-17,104.03
2012-02-21,105.82
2012-02-22,105.95
2012-02-23,108.68
2012-02-24,109.62
2012-02-27,107.88
2012-02-28,106.49
2012-02-29,106.91
2012-03-01,108.6
2012-03-02,106.51
2012-03-05,107.13
2012-03-06,104.98
2012-03-07,106.16
2012-03-08,106.84
2012-03-09,107.43
2012-03-12,106.57
2012-03-13,106.71
2012-03-14,105.55
2012-03-15,105.45
2012-03-16,107.17
2012-03-19,107.86
2012-03-20,105.67
2012-03-21,106.91
2012-03-22,105.59
2012-03-23,106.75
2012-03-26,107.11
2012-03-27,106.77
2012-03-28,105.55
2012-03-29,103.28
2012-03-30,102.93
2012-04-02,105.05
2012-04-03,104.06
2012-04-04,102.04
2012-04-05,103.24
2012-04-09,102.17
2012-04-10,100.94
2012-04-11,102.56
2012-04-12,103.63
2012-04-13,102.84
2012-04-16,103.17
2012-04-17,104.27
2012-04-18,102.77
2012-04-19,102.64
2012-04-20,102.94
2012-04-23,103.07
2012-04-24,103.79
2012-04-25,103.95
2012-04-26,104.16
2012-04-27,104.78
2012-04-30,104.88
2012-05-01,105.98
2012-05-02,105.38
2012-05-03,102.44
2012-05-04,98.59
2012-05-07,97.98
2012-05-08,97.39
2012-05-09,96.38
2012-05-10,96.55
2012-05-11,95.57
2012-05-14,94.09
2012-05-15,93.09
2012-05-16,92.81
2012-05-17,92.91
2012-05-18,91.34
2012-05-21,92.58
2012-05-22,92.2
2012-05-23,90.57
2012-05-24,90.8
2012-05-25,90.72
2012-05-29,90.91
2012-05-30,87.47
2012-05-31,86.5
2012-06-01,83.28
2012-06-04,84.11
2012-06-05,84.06
2012-06-06,85.53
2012-06-07,83.62
2012-06-08,84.32
2012-06-11,81.12
2012-06-12,83.47
2012-06-13,82.39
2012-06-14,84.36
2012-06-15,84.19
2012-06-18,83.04
2012-06-19,83.98
2012-06-20,82.5
2012-06-21,78.25
2012-06-22,80.12
2012-06-25,79.17
2012-06-26,79.48
2012-06-27,80.53
2012-06-28,78.44
2012-06-29,84.88
2012-07-02,83.65
2012-07-03,87.72
2012-07-05,86.8
2012-07-06,84.12
2012-07-09,85.71
2012-07-10,83.98
2012-07-11,86.16
2012-07-12,85.76
2012-07-13,86.98
2012-07-16,88.23
2012-07-17,89.12
2012-07-18,89.97
2012-07-19,92.56
2012-07-20,88.9
2012-07-23,88.02
2012-07-24,88.19
2012-07-25,89.0
2012-07-26,89.34
2012-07-27,90.18
2012-07-30,89.55
2012-07-31,87.84
2012-08-01,88.8
2012-08-02,87.31
2012-08-03,91.34
2012-08-06,92.08
2012-08-07,93.62
2012-08-08,93.38
2012-08-09,93.65
2012-08-10,93.41
2012-08-13,92.81
2012-08-14,93.35
2012-08-15,94.28
2012-08-16,95.34
2012-08-17,96.03
2012-08-20,95.8
2012-08-21,96.44
2012-08-22,97.32
2012-08-23,95.97
2012-08-24,96.06
2012-08-27,95.67
2012-08-28,96.14
2012-08-29,95.19
2012-08-30,94.79
2012-08-31,96.54
2012-09-04,95.62
2012-09-05,96.03
2012-09-06,94.77
2012-09-07,96.28
2012-09-10,96.26
2012-09-11,96.91
2012-09-12,96.86
2012-09-13,98.06
2012-09-14,99.05
2012-09-17,96.52
2012-09-18,95.47
2012-09-19,91.56
2012-09-20,91.81
2012-09-21,92.98
2012-09-24,92.05
2012-09-25,90.78
2012-09-26,90.14
2012-09-27,92.3
2012-09-28,92.09
2012-10-01,92.41
2012-10-02,91.66
2012-10-03,88.02
2012-10-04,91.55
2012-10-05,89.89
2012-10-08,89.72
2012-10-09,92.25
2012-10-10,91.28
2012-10-11,92.42
2012-10-12,91.64
2012-10-15,91.81
2012-10-16,92.03
2012-10-17,92.03
2012-10-18,92.16
2012-10-19,89.9
2012-10-22,87.12
2012-10-23,86.49
2012-10-24,85.63
2012-10-25,85.99
2012-10-26,86.12
2012-10-29,85.25
2012-10-30,85.67
2012-10-31,86.06
2012-11-01,86.91
2012-11-02,84.76
2012-11-05,85.72
2012-11-06,88.41
2012-11-07,84.5
2012-11-08,84.97
2012-11-09,86.14
2012-11-12,85.59
2012-11-13,85.33
2012-11-14,86.41
2012-11-15,85.25
2012-11-16,86.6
2012-11-19,89.19
2012-11-20,87.27
2012-11-21,87.69
2012-11-23,88.27
2012-11-26,87.77
2012-11-27,87.34
2012-11-28,86.59
2012-11-29,87.71
2012-11-30,88.83
2012-12-03,88.89
2012-12-04,88.4
2012-12-05,87.89
2012-12-06,86.35
2012-12-07,85.92
2012-12-10,85.69
2012-12-11,85.71
2012-12-12,86.78
2012-12-13,86.14
2012-12-14,86.82
2012-12-17,87.45
2012-12-18,87.96
2012-12-19,89.91
2012-12-20,89.92
2012-12-21,88.91
2012-12-24,88.79
2012-12-26,91.14
2012-12-27,91.09
2012-12-28,90.76
2012-12-31,91.77
2013-01-02,92.94
2013-01-03,92.84
2013-01-04,93.17
2013-01-07,93.31
2013-01-08,93.16
2013-01-09,93.25
2013-01-10,93.88
2013-01-11,93.76
2013-01-14,94.19
2013-01-15,93.42
2013-01-16,94.16
2013-01-17,95.2
2013-01-18,95.31
2013-01-22,96.24
2013-01-23,95.56
2013-01-24,95.97
2013-01-25,96.09
2013-01-28,96.55
2013-01-29,97.34
2013-01-30,98.03
2013-01-31,97.42
2013-02-01,97.62
2013-02-04,96.12
2013-02-05,96.67
2013-02-06,96.81
2013-02-07,95.9
2013-02-08,95.75
2013-02-11,97.0
2013-02-12,97.57
2013-02-13,97.17
2013-02-14,97.33
2013-02-15,96.12
2013-02-19,96.67
2013-02-20,95.56
2013-02-21,92.92
2013-02-22,93.35
2013-02-25,92.1
2013-02-26,92.72
2013-02-27,92.84
2013-02-28,91.84
2013-03-01,90.97
2013-03-04,90.22
2013-03-05,90.83
2013-03-06,90.43
2013-03-07,91.41
2013-03-08,91.88
2013-03-11,91.97
2013-03-12,92.61
2013-03-13,92.48
2013-03-14,93.18
2013-03-15,93.5
2013-03-18,93.83
2013-03-19,92.2
2013-03-20,92.96
2013-03-21,92.38
2013-03-22,93.87
2013-03-25,94.65
2013-03-26,96.18
2013-03-27,96.72
2013-03-28,97.19
2013-04-01,96.95
2013-04-02,96.92
2013-04-03,94.5
2013-04-04,93.36
2013-04-05,93.01
2013-04-08,93.55
2013-04-09,93.97
2013-04-10,94.54
2013-04-11,93.5
2013-04-12,90.66
2013-04-15,87.44
2013-04-16,88.84
2013-04-17,86.4
2013-04-18,88.4
2013-04-19,87.98
2013-04-22,88.76
2013-04-23,89.5
2013-04-24,91.65
2013-04-25,93.28
2013-04-26,92.8
2013-04-29,94.45
2013-04-30,93.06
2013-05-01,90.97
2013-05-02,94.03
2013-05-03,95.58
2013-05-06,95.78
2013-05-07,95.47
2013-05-08,96.64
2013-05-09,96.18
2013-05-10,95.9
2013-05-13,94.95
2013-05-14,94.17
2013-05-15,94.38
2013-05-16,95.19
2013-05-17,96.02
2013-05-20,96.58
2013-05-21,96.16
2013-05-22,94.09
2013-05-23,94.41
2013-05-24,93.85
2013-05-28,95.1
2013-05-29,92.89
2013-05-30,93.59
2013-05-31,91.67
2013-06-03,93.34
2013-06-04,93.84
2013-06-05,93.78
2013-06-06,94.75
2013-06-07,96.27
2013-06-10,95.75
2013-06-11,94.89
2013-06-12,95.8
2013-06-13,96.69
2013-06-14,97.81
2013-06-17,97.91
2013-06-18,98.59
2013-06-19,97.92
2013-06-20,95.4
2013-06-21,93.87
2013-06-24,94.94
2013-06-25,95.2
2013-06-26,95.43
2013-06-27,96.82
2013-06-28,96.49
2013-07-01,98.06
2013-07-02,99.61
2013-07-03,101.16
2013-07-05,103.56
2013-07-08,103.05
2013-07-09,104.53
2013-07-10,106.12
2013-07-11,104.62
2013-07-12,106.22
2013-07-15,106.47
2013-07-16,105.86
2013-07-17,106.54
2013-07-18,108.14
2013-07-19,108.22
2013-07-22,106.91
2013-07-23,107.42
2013-07-24,105.29
2013-07-25,105.59
2013-07-26,104.56
2013-07-29,104.55
2013-07-30,103.1
2013-07-31,105.35
2013-08-01,107.8
2013-08-02,106.81
2013-08-05,106.45
2013-08-06,105.72
2013-08-07,104.22
2013-08-08,103.83
2013-08-09,106.09
2013-08-12,106.14
2013-08-13,106.56
2013-08-14,106.98
2013-08-15,107.28
2013-08-16,107.64
2013-08-19,106.94
2013-08-20,104.97
2013-08-21,103.88
2013-08-22,105.19
2013-08-23,106.36
2013-08-26,106.12
2013-08-27,109.05
2013-08-28,109.5
2013-08-29,108.19
2013-08-30,107.77
2013-09-03,108.47
2013-09-04,107.34
2013-09-05,108.5
2013-09-06,110.3
2013-09-09,108.96
2013-09-10,107.31
2013-09-11,107.72
2013-09-12,108.74
2013-09-13,108.58
2013-09-16,106.16
2013-09-17,105.5
2013-09-18,108.18
2013-09-19,106.16
2013-09-20,104.68
2013-09-23,103.38
2013-09-24,103.37
2013-09-25,102.3
2013-09-26,102.88
2013-09-27,102.83
2013-09-30,102.31
2013-10-01,101.64
2013-10-02,103.81
2013-10-03,102.94
2013-10-04,103.66
2013-10-07,103.18
2013-10-08,103.53
2013-10-09,101.44
2013-10-10,102.88
2013-10-11,101.81
2013-10-14,102.14
2013-10-15,100.95
2013-10-16,102.12
2013-10-17,100.72
2013-10-18,100.75
2013-10-21,99.27
2013-10-22,97.8
2013-10-23,97.13
2013-10-24,97.17
2013-10-25,97.97
2013-10-28,98.54
2013-10-29,97.77
2013-10-30,96.58
2013-10-31,96.27
2013-11-01,94.61
2013-11-04,94.47
2013-11-05,93.69
2013-11-06,94.93
2013-11-07,94.37
2013-11-08,94.34
2013-11-11,95.01
2013-11-12,93.05
2013-11-13,93.48
2013-11-14,93.96
2013-11-15,93.66
2013-11-18,93.03
2013-11-19,93.3
2013-11-20,93.33
2013-11-21,95.28
2013-11-22,94.79
2013-11-25,94.18
2013-11-26,93.5
2013-11-27,92.37
2013-11-29,92.79
2013-12-02,93.9
2013-12-03,96.9
2013-12-04,97.29
2013-12-05,97.43
2013-12-06,97.75
2013-12-09,97.19
2013-12-10,98.65
2013-12-11,97.43
2013-12-12,97.52
2013-12-13,96.46
2013-12-16,97.35
2013-12-17,97.19
2013-12-18,97.58
2013-12-19,98.77
2013-12-20,99.15
2013-12-23,98.72
2013-12-24,99.24
2013-12-26,99.64
2013-12-27,100.16
2013-12-30,99.17
2013-12-31,98.69
2014-01-02,95.41
2014-01-03,94.17
2014-01-06,93.65
2014-01-07,93.94
2014-01-08,92.52
2014-01-09,92.32
2014-01-10,92.85
2014-01-13,91.53
2014-01-14,92.62
2014-01-15,94.35
2014-01-16,94.12
2014-01-17,94.1
2014-01-21,94.99
2014-01-22,96.67
2014-01-23,97.35
2014-01-24,96.91
2014-01-27,95.66
2014-01-28,97.17
2014-01-29,97.45
2014-01-30,98.03
2014-01-31,97.47
2014-02-03,96.66
2014-02-04,97.73
2014-02-05,97.3
2014-02-06,97.95
2014-02-07,100.17
2014-02-10,99.97
2014-02-11,100.39
2014-02-12,100.28
2014-02-13,100.37
2014-02-14,100.38
2014-02-18,103.16
2014-02-19,103.38
2014-02-20,102.92
2014-02-21,102.31
2014-02-24,102.85
2014-02-25,102.03
2014-02-26,102.62
2014-02-27,102.11
2014-02-28,102.71
2014-03-03,104.86
2014-03-04,103.34
2014-03-05,100.95
2014-03-06,101.99
2014-03-07,102.69
2014-03-10,100.93
2014-03-11,99.51
2014-03-12,98.09
2014-03-13,98.25
2014-03-14,99.01
2014-03-17,97.99
2014-03-18,99.55
2014-03-19,100.31
2014-03-20,99.43
2014-03-21,99.62
2014-03-24,99.43
2014-03-25,99.19
2014-03-26,100.28
2014-03-27,101.38
2014-03-28,101.61
2014-03-31,101.53
2014-04-01,99.69
2014-04-02,99.3
2014-04-03,100.45
2014-04-04,101.1
2014-04-07,100.76
2014-04-08,102.34
2014-04-09,103.44
2014-04-10,103.38
2014-04-11,103.35
2014-04-14,103.6
2014-04-15,103.83
2014-04-16,103.81
2014-04-17,104.59
2014-04-21,104.17
2014-04-22,102.13
2014-04-23,101.57
2014-04-24,101.89
2014-04-25,100.69
2014-04-28,100.88
2014-04-29,100.73
2014-04-30,99.7
2014-05-01,99.23
2014-05-02,99.93
2014-05-05,99.38
2014-05-06,99.9
2014-05-07,100.84
2014-05-08,100.29
2014-05-09,100.04
2014-05-12,100.61
2014-05-13,101.95
2014-05-14,102.03
2014-05-15,101.55
2014-05-16,102.16
2014-05-19,102.77
2014-05-20,102.44
2014-05-21,103.85
2014-05-22,103.75
2014-05-23,104.39
2014-05-27,104.16
2014-05-28,103.08
2014-05-29,103.53
2014-05-30,102.89
2014-06-02,102.44
2014-06-03,102.81
2014-06-04,102.4
2014-06-05,102.45
2014-06-06,102.77
2014-06-09,104.51
2014-06-10,104.29
2014-06-11,104.48
2014-06-12,106.86
2014-06-13,106.67
2014-06-16,106.62
2014-06-17,106.62
2014-06-18,106.15
2014-06-19,106.6
2014-06-20,107.26
2014-06-23,106.03
2014-06-24,105.93
2014-06-25,106.81
2014-06-26,105.66
2014-06-27,105.75
2014-06-30,105.53
2014-07-01,105.22
2014-07-02,104.22
2014-07-03,104.02
2014-07-07,103.38
2014-07-08,103.47
2014-07-09,101.95
2014-07-10,102.87
2014-07-11,100.53
2014-07-14,101.02
2014-07-15,100.19
2014-07-16,101.52
2014-07-17,103.75
2014-07-18,102.94
2014-07-21,104.66
2014-07-22,104.42
2014-07-23,103.25
2014-07-24,102.02
2014-07-25,101.91
2014-07-28,101.62
2014-07-29,100.97
2014-07-30,99.45
2014-07-31,97.64
2014-08-01,97.59
2014-08-04,98.4
2014-08-05,97.58
2014-08-06,96.84
2014-08-07,97.63
2014-08-08,97.41
2014-08-11,97.84
2014-08-12,97.19
2014-08-13,97.36
2014-08-14,95.51
2014-08-15,97.19
2014-08-18,96.61
2014-08-19,94.66
2014-08-20,96.07
2014-08-21,93.91
2014-08-22,93.45
2014-08-25,93.38
2014-08-26,93.83
2014-08-27,93.69
2014-08-28,94.6
2014-08-29,95.86
2014-09-02,93.28
2014-09-03,95.09
2014-09-04,94.56
2014-09-05,93.42
2014-09-08,93.16
2014-09-09,92.75
2014-09-10,91.7
2014-09-11,93.06
2014-09-12,92.16
2014-09-15,92.81
2014-09-16,94.71
2014-09-17,94.0
2014-09-18,93.05
2014-09-19,92.42
2014-09-22,91.52
2014-09-23,91.74
2014-09-24,92.87
2014-09-25,92.47
2014-09-26,93.41
2014-09-29,94.31
2014-09-30,91.35
2014-10-01,90.77
2014-10-02,91.39
2014-10-03,89.72
2014-10-06,90.47
2014-10-07,88.44
2014-10-08,87.7
2014-10-09,84.33
2014-10-10,85.52
2014-10-13,85.01
2014-10-14,82.3
2014-10-15,80.92
2014-10-16,83.09
2014-10-17,83.0
2014-10-20,82.72
2014-10-21,82.81
2014-10-22,80.36
2014-10-23,81.91
2014-10-24,81.31
2014-10-27,80.65
2014-10-28,81.61
2014-10-29,81.95
2014-10-30,80.99
2014-10-31,80.65
2014-11-03,78.22
2014-11-04,77.36
2014-11-05,78.95
2014-11-06,77.84
2014-11-07,78.44
2014-11-10,77.19
2014-11-11,77.53
2014-11-12,76.89
2014-11-13,74.25
2014-11-14,75.96
2014-11-17,75.46
2014-11-18,74.25
2014-11-19,74.32
2014-11-20,75.58
2014-11-21,76.65
2014-11-24,75.49
2014-11-25,73.87
2014-11-26,73.47
2014-11-28,66.05
2014-12-01,69.24
2014-12-02,67.59
2014-12-03,67.37
2014-12-04,66.75
2014-12-05,65.68
2014-12-08,63.03
2014-12-09,63.36
2014-12-10,61.19
2014-12-11,59.11
2014-12-12,57.51
2014-12-15,55.4
2014-12-16,55.62
2014-12-17,55.81
2014-12-18,55.55
2014-12-19,56.52
2014-12-22,55.31
2014-12-23,56.77
2014-12-24,55.89
2014-12-26,55.13
2014-12-29,53.72
2014-12-30,53.89
2014-12-31,53.78
2015-01-02,52.69
2015-01-05,49.91
2015-01-06,48.03
2015-01-07,48.78
2015-01-08,48.97
2015-01-09,48.2
2015-01-12,45.7
2015-01-13,46.13
2015-01-14,48.62
2015-01-15,46.24
2015-01-16,48.47
2015-01-20,46.39
2015-01-21,47.35
2015-01-22,46.51
2015-01-23,45.33
2015-01-26,45.09
2015-01-27,45.78
2015-01-28,44.4
2015-01-29,44.6
2015-01-30,47.77
2015-02-02,49.84
2015-02-03,51.62
2015-02-04,48.7
2015-02-05,50.78
2015-02-06,52.2
2015-02-09,52.44
2015-02-10,50.97
2015-02-11,49.37
2015-02-12,51.25
2015-02-13,52.53
2015-02-17,53.23
2015-02-18,50.54
2015-02-19,51.7
2015-02-20,50.97
2015-02-23,49.41
2015-02-24,49.11
2015-02-25,51.07
2015-02-26,48.92
2015-02-27,49.41
2015-03-02,49.76
2015-03-03,50.63
2015-03-04,51.64
2015-03-05,50.92
2015-03-06,49.81
2015-03-09,50.03
2015-03-10,48.71
2015-03-11,48.4
2015-03-12,46.94
2015-03-13,44.98
2015-03-16,43.86
2015-03-17,42.44
2015-03-18,44.7
2015-03-19,44.3
2015-03-20,45.72
2015-03-23,47.41
2015-03-24,47.65
2015-03-25,48.98
2015-03-26,50.97
2015-03-27,48.34
2015-03-30,48.73
2015-03-31,47.52
2015-04-01,49.61
2015-04-02,49.52
2015-04-06,51.97
2015-04-07,53.27
2015-04-08,50.94
2015-04-09,50.73
2015-04-10,51.79
2015-04-13,52.0
2015-04-14,53.49
2015-04-15,55.96
2015-04-16,56.55
2015-04-17,56.12
2015-04-20,56.66
2015-04-21,55.26
2015-04-22,56.25
2015-04-23,57.47
2015-04-24,57.45
2015-04-27,56.68
2015-04-28,56.96
2015-04-29,58.6
2015-04-30,59.74
2015-05-01,59.24
2015-05-04,58.98
2015-05-05,60.67
2015-05-06,60.62
2015-05-07,58.98
2015-05-08,59.45
2015-05-11,59.3
2015-05-12,61.17
2015-05-13,60.11
2015-05-14,59.7
2015-05-15,59.84
2015-05-18,59.7
2015-05-19,57.26
2015-05-20,58.76
2015-05-21,60.67
2015-05-22,59.97
2015-05-26,58.33
2015-05-27,57.59
2015-05-28,57.98
2015-05-29,60.3
2015-06-01,60.21
2015-06-02,61.05
2015-06-03,59.62
2015-06-04,57.99
2015-06-05,58.92
2015-06-08,58.31
2015-06-09,60.53
2015-06-10,61.11
2015-06-11,60.53
2015-06-12,59.97
2015-06-15,59.61
2015-06-16,60.05
2015-06-17,59.8
2015-06-18,60.51
2015-06-19,59.28
2015-06-22,59.68
2015-06-23,61.11
2015-06-24,60.22
2015-06-25,59.65
2015-06-26,59.58
2015-06-29,58.25
2015-06-30,59.0
2015-07-01,56.84
2015-07-02,56.5
2015-07-06,52.68
2015-07-07,52.91
2015-07-08,51.86
2015-07-09,52.55
2015-07-10,52.81
2015-07-13,52.03
2015-07-14,53.37
2015-07-15,51.62
2015-07-16,50.98
2015-07-17,50.8
2015-07-20,49.88
2015-07-21,50.36
2015-07-22,49.19
2015-07-23,48.81
2015-07-24,47.97
2015-07-27,47.0
2015-07-28,47.8
2015-07-29,48.89
2015-07-30,48.45
2015-07-31,46.77
2015-08-03,45.31
2015-08-04,45.98
2015-08-05,45.16
2015-08-06,44.83
2015-08-07,43.79
2015-08-10,44.8
2015-08-11,43.23
2015-08-12,43.36
2015-08-13,42.22
2015-08-14,42.16
2015-08-17,41.86
2015-08-18,42.42
2015-08-19,40.5
2015-08-20,41.14
2015-08-21,40.35
2015-08-24,38.13
2015-08-25,39.58
2015-08-26,38.89
2015-08-27,42.81
2015-08-28,45.4
2015-08-31,48.16
2015-09-01,44.17
2015-09-02,46.06
2015-09-03,46.67
2015-09-04,45.7
2015-09-08,45.75
2015-09-09,44.09
2015-09-10,45.7
2015-09-11,44.78
2015-09-14,44.16
2015-09-15,45.16
2015-09-16,47.18
2015-09-17,46.86
2015-09-18,44.77
2015-09-21,45.57
2015-09-22,45.83
2015-09-23,44.62
2015-09-24,45.1
2015-09-25,45.44
2015-09-28,44.45
2015-09-29,44.86
2015-09-30,45.41
2015-10-01,45.05
2015-10-02,45.66
2015-10-05,46.25
2015-10-06,49.05
2015-10-07,48.13
2015-10-08,49.65
2015-10-09,49.53
2015-10-12,47.44
2015-10-13,46.6
2015-10-14,46.3
2015-10-15,46.95
2015-10-16,47.27
2015-10-19,46.08
2015-10-20,45.55
2015-10-21,45.2
2015-10-22,45.42
2015-10-23,44.72
2015-10-26,43.77
2015-10-27,43.42
2015-10-28,46.19
2015-10-29,45.72
2015-10-30,46.42
2015-11-02,46.08
2015-11-03,47.7
2015-11-04,46.54
2015-11-05,45.32
2015-11-06,44.55
2015-11-09,44.1
2015-11-10,43.65
2015-11-11,42.99
2015-11-12,41.61
2015-11-13,40.75
2015-11-16,42.04
2015-11-17,41.06
2015-11-18,40.59
2015-11-19,40.53
2015-11-20,40.39
2015-11-23,42.03
2015-11-24,42.64
2015-11-25,43.2
2015-11-27,41.76
2015-11-30,41.69
2015-12-01,41.66
2015-12-02,40.1
2015-12-03,41.28
2015-12-04,40.15
2015-12-07,37.64
2015-12-08,37.84
2015-12-09,37.23
2015-12-10,36.56
2015-12-11,35.36
2015-12-14,36.25
2015-12-15,36.74
2015-12-16,35.72
2015-12-17,34.72
2015-12-18,34.49
2015-12-21,34.74
2015-12-22,36.45
2015-12-23,37.89
2015-12-24,38.11
2015-12-28,36.69
2015-12-29,37.36
2015-12-30,36.8
2015-12-31,37.11
2016-01-04,36.89
2016-01-05,36.12
2016-01-06,34.04
2016-01-07,33.27
2016-01-08,32.91
2016-01-11,31.12
2016-01-12,30.57
2016-01-13,30.55
2016-01-14,31.22
2016-01-15,29.71
2016-01-19,28.38
2016-01-20,26.55
2016-01-21,29.85
2016-01-22,32.25
2016-01-25,29.8
2016-01-26,30.52
2016-01-27,32.17
2016-01-28,33.75
2016-01-29,33.75
2016-02-01,31.33
2016-02-02,29.66
2016-02-03,32.72
2016-02-04,31.66
2016-02-05,30.99
2016-02-08,30.16
2016-02-09,28.3
2016-02-10,27.3
2016-02-11,27.22
2016-02-12,29.12
2016-02-16,29.12
2016-02-17,31.43
2016-02-18,30.7
2016-02-19,29.87
2016-02-22,31.48
2016-02-23,31.4
2016-02-24,32.21
2016-02-25,33.07
2016-02-26,32.79
2016-02-29,33.91
2016-03-01,33.85
2016-03-02,34.74
2016-03-03,34.69
2016-03-04,36.31
2016-03-07,37.97
2016-03-08,36.36
2016-03-09,38.2
2016-03-10,38.02
2016-03-11,38.48
2016-03-14,37.36
2016-03-15,36.77
2016-03-16,38.55
2016-03-17,40.34
2016-03-18,40.53
2016-03-21,39.91
2016-03-22,41.24
2016-03-23,39.77
2016-03-24,39.52
2016-03-28,39.33
2016-03-29,38.49
2016-03-30,38.29
2016-03-31,38.12
2016-04-01,36.7
2016-04-04,35.48
2016-04-05,36.57
2016-04-06,37.73
2016-04-07,37.48
2016-04-08,39.67
2016-04-11,40.35
2016-04-12,41.66
2016-04-13,41.55
2016-04-14,41.45
2016-04-15,40.41
2016-04-18,40.05
2016-04-19,41.26
2016-04-20,42.63
2016-04-21,43.43
2016-04-22,43.72
2016-04-25,42.98
2016-04-26,44.67
2016-04-27,45.32
2016-04-28,45.87
2016-04-29,46.0
2016-05-02,44.92
2016-05-03,43.86
2016-05-04,44.05
2016-05-05,44.47
2016-05-06,44.61
2016-05-09,43.26
2016-05-10,44.55
2016-05-11,46.01
2016-05-12,46.43
2016-05-13,46.35
2016-05-16,47.89
2016-05-17,48.56
2016-05-18,47.98
2016-05-19,48.49
2016-05-20,47.47
2016-05-23,48.11
2016-05-24,49.14
2016-05-25,49.7
2016-05-26,49.37
2016-05-27,49.55
2016-05-31,48.87
2016-06-01,48.92
2016-06-02,49.02
2016-06-03,48.85
2016-06-06,49.73
2016-06-07,50.42
2016-06-08,51.5
2016-06-09,50.44
2016-06-10,48.92
2016-06-13,48.57
2016-06-14,47.88
2016-06-15,47.46
2016-06-16,46.01
2016-06-17,48.22
2016-06-20,49.3
2016-06-21,48.85
2016-06-22,48.98
2016-06-23,50.18
2016-06-24,47.61
2016-06-27,46.62
2016-06-28,48.08
2016-06-29,49.53
2016-06-30,48.38
2016-07-01,49.26
2016-07-05,46.85
2016-07-06,47.87
2016-07-07,45.2
2016-07-08,45.16
2016-07-11,44.54
2016-07-12,46.62
2016-07-13,45.11
2016-07-14,45.49
2016-07-15,46.26
2016-07-18,45.22
2016-07-19,44.47
2016-07-20,44.94
2016-07-21,44.53
2016-07-22,44.27
2016-07-25,43.05
2016-07-26,42.65
2016-07-27,41.89
2016-07-28,41.11
2016-07-29,41.38
2016-08-01,40.05
2016-08-02,39.72
2016-08-03,41.19
2016-08-04,41.78
2016-08-05,41.98
2016-08-08,42.87
2016-08-09,42.73
2016-08-10,41.48
2016-08-11,43.41
2016-08-12,44.73
2016-08-15,45.68
2016-08-16,46.39
2016-08-17,46.9
2016-08-18,48.34
2016-08-19,48.48
2016-08-22,47.05
2016-08-23,47.57
2016-08-24,46.78
2016-08-25,47.38
2016-08-26,47.3
2016-08-29,46.95
2016-08-30,46.27
2016-08-31,44.84
2016-09-01,43.51
2016-09-02,44.24
2016-09-06,44.88
2016-09-07,46.14
2016-09-08,47.31
2016-09-09,45.72
2016-09-12,46.05
2016-09-13,44.97
2016-09-14,43.62
2016-09-15,43.72
2016-09-16,43.14
2016-09-19,43.25
2016-09-20,43.44
2016-09-21,45.63
2016-09-22,46.09
2016-09-23,44.61
2016-09-26,45.64
2016-09-27,44.92
2016-09-28,47.17
2016-09-29,47.73
2016-09-30,48.05
2016-10-03,48.66
2016-10-04,49.2
2016-10-05,49.69
2016-10-06,50.59
2016-10-07,49.62
2016-10-10,51.14
2016-10-11,50.84
2016-10-12,50.03
2016-10-13,50.52
2016-10-14,50.33
2016-10-17,50.06
2016-10-18,50.75
2016-10-19,51.72
2016-10-20,50.43
2016-10-21,50.95
2016-10-24,50.46
2016-10-25,49.33
2016-10-26,49.19
2016-10-27,49.61
2016-10-28,48.66
2016-10-31,46.72
2016-11-01,46.39
2016-11-02,45.49
2016-11-03,44.65
2016-11-04,44.14
2016-11-07,44.95
2016-11-08,44.83
2016-11-09,45.34
2016-11-10,44.32
2016-11-11,43.16
2016-11-14,43.71
2016-11-15,45.77
2016-11-16,45.36
2016-11-17,44.94
2016-11-18,45.5
2016-11-21,47.49
2016-11-22,47.87
2016-11-23,47.94
2016-11-25,45.96
2016-11-28,46.92
2016-11-29,45.27
2016-11-30,49.0
2016-12-01,50.87
2016-12-02,51.67
2016-12-05,50.96
2016-12-06,50.91
2016-12-07,49.85
2016-12-08,50.93
2016-12-09,51.48
2016-12-12,52.42
2016-12-13,52.45
2016-12-14,50.78
2016-12-15,51.06
2016-12-16,52.03
2016-12-19,52.03
2016-12-20,52.23
2016-12-21,52.5
2016-12-22,52.64
2016-12-23,53.24
2016-12-27,53.85
2016-12-28,53.66
2016-12-29,53.86
2016-12-30,53.89
2017-01-03,52.48
2017-01-04,53.35
2017-01-05,53.76
2017-01-06,53.69
2017-01-09,51.77
2017-01-10,50.77
2017-01-11,52.39
2017-01-12,53.05
2017-01-13,52.53
2017-01-17,52.53
2017-01-18,51.44
2017-01-19,51.47
2017-01-20,52.48
2017-01-23,52.84
2017-01-24,52.92
2017-01-25,52.94
2017-01-26,53.73
2017-01-27,53.17
2017-01-30,52.6
2017-01-31,52.8
2017-02-01,53.55
2017-02-02,53.7
2017-02-03,53.84
2017-02-06,53.12
2017-02-07,51.69
2017-02-08,52.39
2017-02-09,53.16
2017-02-10,53.84
2017-02-13,52.88
2017-02-14,53.03
2017-02-15,53.01
2017-02-16,53.43
2017-02-17,53.38
2017-02-21,54.06
2017-02-22,53.88
2017-02-23,54.39
2017-02-24,54.0
2017-02-27,54.03
2017-02-28,53.99
2017-03-01,53.67
2017-03-02,52.59
2017-03-03,53.2
2017-03-06,53.18
2017-03-07,52.77
2017-03-08,50.19
2017-03-09,49.62
2017-03-10,48.38
2017-03-13,48.44
2017-03-14,48.48
2017-03-15,48.98
2017-03-16,48.8
2017-03-17,48.68
2017-03-20,48.2
2017-03-21,47.34
2017-03-22,48.12
2017-03-23,47.67
2017-03-24,48.13
2017-03-27,47.84
2017-03-28,48.45
2017-03-29,49.6
2017-03-30,50.36
2017-03-31,50.79
2017-04-03,50.24
2017-04-04,51.1
2017-04-05,50.84
2017-04-06,51.74
2017-04-07,52.33
2017-04-10,53.15
2017-04-11,53.41
2017-04-12,52.84
2017-04-13,52.93
2017-04-17,52.73
2017-04-18,52.33
2017-04-19,50.62
2017-04-20,50.27
2017-04-21,49.63
2017-04-24,49.2
2017-04-25,49.38
2017-04-26,49.18
2017-04-27,49.23
2017-04-28,49.2
2017-05-01,48.73
2017-05-02,48.06
2017-05-03,47.56
2017-05-04,45.48
2017-05-05,46.47
2017-05-08,46.5
2017-05-09,46.18
2017-05-10,47.34
2017-05-11,47.81
2017-05-12,47.86
2017-05-15,48.82
2017-05-16,48.25
2017-05-17,48.94
2017-05-18,49.36
2017-05-19,50.49
2017-05-22,50.73
2017-05-23,51.51
2017-05-24,51.3
2017-05-25,48.67
2017-05-26,49.84
2017-05-30,49.61
2017-05-31,48.63
2017-06-01,48.01
2017-06-02,47.77
2017-06-05,47.4
2017-06-06,47.98
2017-06-07,45.77
2017-06-08,45.69
2017-06-09,45.94
2017-06-12,46.0
2017-06-13,45.95
2017-06-14,44.66
2017-06-15,44.25
2017-06-16,44.7
2017-06-19,44.1
2017-06-20,43.23
2017-06-21,42.5
2017-06-22,42.77
2017-06-23,43.12
2017-06-26,43.48
2017-06-27,43.73
2017-06-28,44.87
2017-06-29,44.86
2017-06-30,46.34
2017-07-03,47.05
2017-07-05,45.62
2017-07-06,45.33
2017-07-07,44.33
2017-07-10,44.55
2017-07-11,45.76
2017-07-12,45.42
2017-07-13,46.08
2017-07-14,46.64
2017-07-17,45.98
2017-07-18,46.25
2017-07-19,47.16
2017-07-20,46.79
2017-07-21,45.59
2017-07-24,46.45
2017-07-25,48.58
2017-07-26,48.72
2017-07-27,49.14
2017-07-28,49.77
2017-07-31,50.19
2017-08-01,48.78
2017-08-02,49.58
2017-08-03,48.93
2017-08-04,49.52
2017-08-07,49.33
2017-08-08,48.97
2017-08-09,49.69
2017-08-10,48.52
2017-08-11,48.8
2017-08-14,47.52
2017-08-15,47.7
2017-08-16,46.78
2017-08-17,46.95
2017-08-18,48.63
2017-08-21,47.63
2017-08-22,47.64
2017-08-23,48.39
2017-08-24,47.59
2017-08-25,47.83
2017-08-28,46.78
2017-08-29,46.31
2017-08-30,45.94
2017-08-31,47.08
2017-09-01,47.33
2017-09-04,47.32
2017-09-05,48.5
2017-09-06,49.09
2017-09-07,49.04
2017-09-08,47.49
2017-09-10,47.62
2017-09-11,48.02
2017-09-12,48.25
2017-09-13,49.19
2017-09-14,49.72
2017-09-15,49.8
2017-09-17,49.79
2017-09-18,49.95
2017-09-19,49.79
2017-09-20,50.3
2017-09-21,50.31
2017-09-22,50.27
2017-09-24,50.27
2017-09-25,51.73
2017-09-26,51.74
2017-09-27,51.75
2017-09-28,51.28
2017-09-29,51.34
2017-10-01,51.36
2017-10-02,50.3
2017-10-03,49.83
2017-10-04,49.66
2017-10-05,50.56
2017-10-06,49.03
2017-10-08,49.28
2017-10-09,49.43
2017-10-10,50.74
2017-10-11,50.97
2017-10-12,50.6
2017-10-13,51.31
2017-10-15,51.82
2017-10-16,51.79
2017-10-17,51.98
2017-10-18,52.08
2017-10-19,51.39
2017-10-20,51.84
2017-10-22,51.91
2017-10-23,51.72
2017-10-24,52.27
2017-10-25,51.95
2017-10-26,52.5
2017-10-27,54.0
2017-10-29,53.91
2017-10-30,53.91
2017-10-31,54.43
2017-11-01,54.11
2017-11-02,54.79
2017-11-03,55.59
2017-11-05,55.72
2017-11-06,57.12
2017-11-07,56.91
2017-11-08,56.77
2017-11-09,56.96
2017-11-10,56.81
2017-11-12,56.84
2017-11-13,56.67
2017-11-14,55.02
2017-11-15,55.25
2017-11-16,55.17
2017-11-17,56.61
2017-11-19,56.58
2017-11-20,56.16
2017-11-21,56.88
2017-11-22,57.79
2017-11-23,58.22
2017-11-24,58.68
2017-11-26,58.71
2017-11-27,57.71
2017-11-28,57.56
2017-11-29,57.23
2017-11-30,57.24
2017-12-01,58.17
2017-12-03,58.09
2017-12-04,57.35
2017-12-05,57.34
2017-12-06,55.99
2017-12-07,56.5
2017-12-08,57.25
2017-12-10,57.12
2017-12-11,57.88
2017-12-12,57.41
2017-12-13,56.74
2017-12-14,57.05
2017-12-15,57.31
2017-12-17,57.38
2017-12-18,57.28
2017-12-19,57.65
2017-12-20,58.0
2017-12-21,58.14
2017-12-22,58.44
2017-12-26,59.78
2017-12-27,59.54
2017-12-28,59.81
2017-12-29,60.23
2018-01-02,60.4
2018-01-03,61.81
2018-01-04,61.92
2018-01-05,61.55
2018-01-07,61.64
2018-01-08,62.23
2018-01-09,63.34
2018-01-10,63.44
2018-01-11,63.51
2018-01-12,64.38
2018-01-14,64.28
2018-01-15,64.72
2018-01-16,63.87
2018-01-17,64.21
2018-01-18,63.66
2018-01-19,63.56
2018-01-21,63.49
2018-01-22,63.94
2018-01-23,64.51
2018-01-24,65.85
2018-01-25,65.22
2018-01-26,66.31
2018-01-28,66.31
2018-01-29,65.56
2018-01-30,63.83
2018-01-31,64.93
2018-02-01,66.11
2018-02-02,65.12
2018-02-04,65.06
2018-02-05,63.62
2018-02-06,63.91
2018-02-07,61.71
2018-02-08,60.52
2018-02-09,59.09
2018-02-11,59.39
2018-02-12,59.55
2018-02-13,58.97
2018-02-14,60.83
2018-02-15,61.49
2018-02-16,61.65
2018-02-18,61.83
2018-02-19,62.47
2018-02-20,61.73
2018-02-21,61.33
2018-02-22,62.73
2018-02-23,63.65
2018-02-25,63.64
2018-02-26,64.05
2018-02-27,62.89
2018-02-28,61.52
2018-03-01,61.3
2018-03-02,61.52
2018-03-04,61.62
2018-03-05,62.65
2018-03-06,62.08
2018-03-07,61.34
2018-03-08,60.32
2018-03-09,62.18
2018-03-11,62.18
2018-03-12,61.31
2018-03-13,60.89
2018-03-14,60.95
2018-03-15,61.26
2018-03-16,62.26
2018-03-18,62.12
2018-03-19,62.14
2018-03-20,63.66
2018-03-21,65.3
2018-03-22,64.47
2018-03-23,65.75
2018-03-25,66.33
2018-03-26,65.5
2018-03-27,64.75
2018-03-28,64.61
2018-03-29,64.86
2018-04-01,65.03
2018-04-02,63.02
2018-04-03,63.48
2018-04-04,63.61
2018-04-05,63.12
2018-04-06,61.89
2018-04-08,62.13
2018-04-09,63.26
2018-04-10,65.62
2018-04-11,66.8
2018-04-12,66.83
2018-04-13,67.31
2018-04-15,67.14
2018-04-16,66.42
2018-04-17,66.59
2018-04-18,68.75
2018-04-19,68.39
2018-04-20,68.09
2018-04-22,68.23
2018-04-23,68.98
2018-04-24,67.83
2018-04-25,68.22
2018-04-26,68.11
2018-04-27,67.98
2018-04-29,67.99
2018-04-30,68.53
2018-05-01,67.45
2018-05-02,67.66
2018-05-03,68.51
2018-05-04,69.78
2018-05-06,69.78
2018-05-07,70.02
2018-05-08,70.21
2018-05-09,71.42
2018-05-10,71.5
2018-05-11,70.52
2018-05-13,70.64
2018-05-14,71.06
2018-05-15,70.97
2018-05-16,71.55
2018-05-17,71.58
2018-05-18,71.39
2018-05-20,71.67
2018-05-21,72.44
2018-05-22,72.08
2018-05-23,71.75
2018-05-24,70.59
2018-05-25,67.42
2018-05-27,67.29
2018-05-28,66.97
2018-05-29,66.73
2018-05-30,68.04
2018-05-31,67.02
2018-06-01,65.71
2018-06-03,65.72
2018-06-04,64.92
2018-06-05,65.51
2018-06-06,65.11
2018-06-07,66.09
2018-06-08,65.55
2018-06-10,65.52
2018-06-11,66.11
2018-06-12,65.83
2018-06-13,66.62
2018-06-14,66.94
2018-06-15,64.35
2018-06-17,64.39
2018-06-18,65.61
2018-06-19,65.25
2018-06-20,65.67
2018-06-21,65.97
2018-06-22,69.35
2018-06-24,68.89
2018-06-25,68.16
2018-06-26,70.75
2018-06-27,72.61
2018-06-28,73.45
2018-06-29,74.39
2018-07-01,73.59
2018-07-02,74.06
2018-07-03,74.72
2018-07-04,74.22
2018-07-05,73.15
2018-07-06,74.0
2018-07-08,73.94
2018-07-09,74.03
2018-07-10,74.08
2018-07-11,70.64
2018-07-12,70.36
2018-07-13,70.59
2018-07-15,70.71
2018-07-16,68.08
2018-07-17,67.81
2018-07-18,68.94
2018-07-19,69.52
2018-07-20,69.47
2018-07-22,69.53
2018-07-23,69.02
2018-07-24,69.91
2018-07-25,70.58
2018-07-26,70.64
2018-07-27,70.07
2018-07-29,69.92
2018-07-30,71.04
2018-07-31,69.28
2018-08-01,68.64
2018-08-02,69.72
2018-08-03,69.42
2018-08-05,69.25
2018-08-06,69.5
2018-08-07,69.78
2018-08-08,67.31
2018-08-09,67.25
2018-08-10,68.23
2018-08-12,68.17
2018-08-13,67.72
2018-08-14,67.02
2018-08-15,65.11
2018-08-16,65.61
2018-08-17,66.08
2018-08-19,65.86
2018-08-20,66.31
2018-08-21,66.88
2018-08-22,68.81
2018-08-23,68.65
2018-08-24,69.34
2018-08-26,69.38
2018-08-27,69.67
2018-08-28,69.22
2018-08-29,70.3
2018-08-30,70.64
2018-08-31,70.49
2018-09-02,70.44
2018-09-03,70.61
2018-09-04,69.86
2018-09-05,69.02
2018-09-06,68.33
2018-09-07,68.17
2018-09-09,68.42
2018-09-10,67.86
2018-09-11,70.09
2018-09-12,70.39
2018-09-13,69.04
2018-09-14,69.17
2018-09-16,68.89
2018-09-17,68.61
2018-09-18,69.86
2018-09-19,71.42
2018-09-20,70.55
2018-09-21,71.09
2018-09-23,71.81
2018-09-24,72.5
2018-09-25,72.23
2018-09-26,72.42
2018-09-27,72.42
2018-09-28,73.78
2018-09-30,73.75
2018-10-01,75.77
2018-10-02,75.42
2018-10-03,76.39
2018-10-04,74.97
2018-10-05,74.5
2018-10-07,74.05
2018-10-08,74.42
2018-10-09,74.91
2018-10-10,72.8
2018-10-11,71.2
2018-10-12,71.56
2018-10-14,72.39
2018-10-15,71.92
2018-10-16,72.32
2018-10-17,69.95
2018-10-18,68.83
2018-10-19,69.39
2018-10-21,69.34
2018-10-22,69.47
2018-10-23,66.27
2018-10-24,66.06
2018-10-25,66.81
2018-10-26,67.5
2018-10-28,67.59
2018-10-29,66.61
2018-10-30,66.4
2018-10-31,64.95
2018-11-01,63.52
2018-11-02,62.77
2018-11-04,62.91
2018-11-05,62.8
2018-11-06,61.74
2018-11-07,61.62
2018-11-08,60.68
2018-11-09,59.8
2018-11-11,60.76
2018-11-12,58.94
2018-11-13,55.7
2018-11-14,55.89
2018-11-15,56.47
2018-11-16,56.81
2018-11-18,57.09
2018-11-19,57.19
2018-11-20,53.3
2018-11-21,54.47
2018-11-22,53.84
2018-11-23,50.89
2018-11-25,50.45
2018-11-26,51.45
2018-11-27,51.93
2018-11-28,50.47
2018-11-29,51.27
2018-11-30,50.6
2018-12-02,52.21
2018-12-03,53.16
2018-12-04,52.68
2018-12-05,52.59
2018-12-06,51.42
2018-12-07,52.05
2018-12-09,52.33
2018-12-10,50.89
2018-12-11,51.98
2018-12-12,51.31
2018-12-13,52.78
2018-12-14,51.17
2018-12-16,51.3
2018-12-17,49.32
2018-12-18,46.3
2018-12-19,47.08
2018-12-20,46.06
2018-12-21,45.08
2018-12-23,45.33
2018-12-24,42.27
2018-12-26,46.39
2018-12-27,45.23
2018-12-28,44.92
2018-12-30,45.34
2018-12-31,45.0
2019-01-02,45.66
2019-01-03,46.78
2019-01-04,48.18
2019-01-06,48.49
2019-01-07,48.66
2019-01-08,49.89
2019-01-09,52.08
2019-01-10,52.2
2019-01-11,51.64
2019-01-13,51.78
2019-01-14,50.64
2019-01-15,51.87
2019-01-16,52.23
2019-01-17,52.17
2019-01-18,53.67
2019-01-20,53.36
2019-01-21,53.95
2019-01-22,52.62
2019-01-23,52.2
2019-01-24,52.84
2019-01-25,53.3
2019-01-27,53.05
2019-01-28,51.86
2019-01-29,53.12
2019-01-30,54.28
2019-01-31,53.71
2019-02-01,55.17
2019-02-03,55.06
2019-02-04,54.59
2019-02-05,53.64
2019-02-06,53.83
2019-02-07,52.38
2019-02-08,52.6
2019-02-10,52.41
2019-02-11,52.34
2019-02-12,53.41
2019-02-13,53.92
2019-02-14,54.52
2019-02-15,55.76
2019-02-17,55.91
2019-02-18,55.86
2019-02-19,55.91
2019-02-20,56.83
2019-02-21,56.49
2019-02-22,56.74
2019-02-24,57.02
2019-02-25,55.15
2019-02-26,55.73
2019-02-27,56.7
2019-02-28,56.94
2019-03-01,55.5
2019-03-03,55.78
2019-03-04,56.22
2019-03-05,55.98
2019-03-06,55.95
2019-03-07,56.28
2019-03-08,55.86
2019-03-10,56.02
2019-03-11,56.87
2019-03-12,57.06
2019-03-13,58.23
2019-03-14,58.48
2019-03-15,58.34
2019-03-17,58.41
2019-03-18,59.05
2019-03-19,58.92
2019-03-20,59.8
2019-03-21,59.64
2019-03-22,58.69
2019-03-24,58.56
2019-03-25,58.92
2019-03-26,59.62
2019-03-27,59.12
2019-03-28,59.3
2019-03-29,59.98
2019-03-31,60.17
2019-04-01,61.58
2019-04-02,62.36
2019-04-03,62.26
2019-04-04,61.84
2019-04-05,63.16
2019-04-07,63.31
2019-04-08,64.35
2019-04-09,64.09
2019-04-10,64.27
2019-04-11,63.71
2019-04-12,63.73
2019-04-14,63.61
2019-04-15,63.46
2019-04-16,64.33
2019-04-17,63.71
2019-04-18,63.96
2019-04-21,64.39
2019-04-22,65.67
2019-04-23,65.94
2019-04-24,65.66
2019-04-25,64.89
2019-04-26,62.77
2019-04-28,62.78
2019-04-29,63.47
2019-04-30,63.48
2019-05-01,63.41
2019-05-02,61.62
2019-05-03,61.8
2019-05-05,60.45
2019-05-06,62.26
2019-05-07,61.51
2019-05-08,61.91
2019-05-09,61.84
2019-05-10,61.71
2019-05-12,61.3
2019-05-13,60.92
2019-05-14,61.27
2019-05-15,62.2
2019-05-16,63.16
2019-05-17,62.74
2019-05-19,63.41
2019-05-20,63.24
2019-05-21,62.63
2019-05-22,61.2
2019-05-23,58.05
2019-05-24,58.88
2019-05-26,58.66
2019-05-27,59.04
2019-05-28,58.8
2019-05-29,58.95
2019-05-30,55.79
2019-05-31,53.25
2019-06-02,52.74
2019-06-03,53.02
2019-06-04,52.98
2019-06-05,51.55
2019-06-06,53.2
2019-06-07,53.98
2019-06-09,54.38
2019-06-10,53.28
2019-06-11,52.77
2019-06-12,51.2
2019-06-13,52.05
2019-06-14,52.47
2019-06-16,52.66
2019-06-17,51.84
2019-06-18,54.2
2019-06-19,54.41
2019-06-20,57.18
2019-06-21,57.36
2019-06-23,57.61
2019-06-24,57.6
2019-06-25,58.59
2019-06-26,58.77
2019-06-27,59.17
2019-06-28,58.02
2019-06-30,59.38
2019-07-01,58.58
2019-07-02,56.4
2019-07-03,57.27
2019-07-04,56.66
2019-07-05,57.61
2019-07-07,57.55
2019-07-08,57.34
2019-07-09,58.57
2019-07-10,60.38
2019-07-11,60.34
2019-07-12,60.28
2019-07-14,60.06
2019-07-15,59.41
2019-07-16,57.56
2019-07-17,56.53
2019-07-18,55.66
2019-07-19,55.74
2019-07-21,56.09
2019-07-22,55.95
2019-07-23,56.91
2019-07-24,55.86
2019-07-25,55.95
2019-07-26,56.05
2019-07-28,55.88
2019-07-29,57.01
2019-07-30,58.16
2019-07-31,57.54
2019-08-01,54.34
2019-08-02,55.12
2019-08-04,55.27
2019-08-05,53.98
2019-08-06,53.31
2019-08-07,52.23
2019-08-08,52.77
2019-08-09,54.22
2019-08-11,54.2
2019-08-12,54.8
2019-08-13,56.76
2019-08-14,54.92
2019-08-15,54.76
2019-08-16,54.88
2019-08-18,55.22
2019-08-19,56.01
2019-08-20,56.23
2019-08-21,56.02
2019-08-22,55.55
2019-08-23,53.96
2019-08-25,53.15
2019-08-26,53.82
2019-08-27,55.63
2019-08-28,55.88
2019-08-29,56.61
2019-08-30,55.17
2019-09-01,54.83
2019-09-02,54.69
2019-09-03,53.88
2019-09-04,56.05
2019-09-05,56.28
2019-09-06,56.66
2019-09-08,56.88
2019-09-09,58.19
2019-09-10,57.97
2019-09-11,56.22
2019-09-12,55.17
2019-09-13,54.84
2019-09-15,61.34
2019-09-16,61.88
2019-09-17,58.91
2019-09-18,58.11
2019-09-19,58.87
2019-09-20,58.41
2019-09-22,58.72
2019-09-23,58.38
2019-09-24,56.83
2019-09-25,56.74
2019-09-26,56.3
2019-09-27,56.17
2019-09-29,56.08
2019-09-30,54.26
2019-10-01,54.05
2019-10-02,52.52
2019-10-03,52.38
2019-10-04,53.0
2019-10-06,52.64
2019-10-07,52.95
2019-10-08,52.41
2019-10-09,52.2
2019-10-10,53.92
2019-10-11,54.89
2019-10-13,54.8
2019-10-14,53.55
2019-10-15,52.99
2019-10-16,52.81
2019-10-17,53.95
2019-10-18,53.73
2019-10-20,53.56
2019-10-21,53.39
2019-10-22,54.05
2019-10-23,55.59
2019-10-24,55.95
2019-10-25,56.49
2019-10-27,56.56
2019-10-28,55.7
2019-10-29,55.36
2019-10-30,54.76
2019-10-31,53.97
2019-11-01,56.05
2019-11-03,56.11
2019-11-04,56.48
2019-11-05,57.01
2019-11-06,56.24
2019-11-07,56.88
2019-11-08,57.36
2019-11-10,57.06
2019-11-11,56.59
2019-11-12,56.62
2019-11-13,57.38
2019-11-14,56.95
2019-11-15,57.86
2019-11-17,57.73
2019-11-18,56.91
2019-11-19,55.26
2019-11-20,56.88
2019-11-21,58.26
2019-11-22,57.84
2019-11-24,57.92
2019-11-25,57.87
2019-11-26,58.2
2019-11-27,57.91
2019-11-28,58.01
2019-11-29,55.36
2019-12-01,55.76
2019-12-02,55.99
2019-12-03,56.37
2019-12-04,58.38
2019-12-05,58.31
2019-12-06,59.11
2019-12-08,58.94
2019-12-09,58.84
2019-12-10,59.06
2019-12-11,58.91
2019-12-12,59.56
2019-12-13,59.78
2019-12-15,59.76
2019-12-16,60.12
2019-12-17,60.55
2019-12-18,60.88
2019-12-19,61.14
2019-12-20,60.44
2019-12-22,60.51
2019-12-23,60.64
2019-12-24,61.16
2019-12-26,61.73
2019-12-27,61.74
2019-12-29,61.77
2019-12-30,61.69
2019-12-31,61.22
2020-01-02,61.19
2020-01-03,63.1
2020-01-05,63.89
2020-01-06,62.99
2020-01-07,64.92
2020-01-08,59.97
2020-01-09,59.55
2020-01-10,59.17
2020-01-12,58.94
2020-01-13,58.12
2020-01-14,58.09
2020-01-15,58.12
2020-01-16,58.61
2020-01-17,58.77
2020-01-19,59.22
2020-01-20,58.67
2020-01-21,58.26
2020-01-22,56.09
2020-01-23,55.62
2020-01-24,54.13
2020-01-26,52.56
2020-01-27,52.91
2020-01-28,53.74
2020-01-29,53.09
2020-01-30,52.84
2020-01-31,51.57
2020-02-02,51.02
2020-02-03,49.88
2020-02-04,49.58
2020-02-05,51.2
2020-02-06,51.41
2020-02-07,50.34
2020-02-09,49.74
2020-02-10,49.78
2020-02-11,50.12
2020-02-12,51.45
2020-02-13,51.39
2020-02-14,52.2
2020-02-16,52.11
2020-02-17,51.95
2020-02-18,52.16
2020-02-19,53.53
2020-02-20,53.26
2020-02-21,53.22
2020-02-23,51.87
2020-02-24,51.27
2020-02-25,50.01
2020-02-26,48.26
2020-02-27,46.66
2020-02-28,45.13
2020-03-01,44.45
2020-03-02,47.8
2020-03-03,46.91
2020-03-04,47.23
2020-03-05,46.12
2020-03-06,41.53
2020-03-08,32.45
2020-03-09,32.38
2020-03-10,34.01
2020-03-11,33.09
2020-03-12,31.02
2020-03-13,32.98
2020-03-15,30.45
2020-03-16,29.13
2020-03-17,26.48
2020-03-18,23.57
2020-03-19,26.0
2020-03-20,23.2
2020-03-22,21.23
2020-03-23,24.05
2020-03-24,24.25
2020-03-25,23.89
2020-03-26,22.77
2020-03-27,21.53
2020-03-29,20.05
2020-03-30,20.27
2020-03-31,20.05
2020-04-01,21.02
2020-04-02,24.46
2020-04-03,28.5
2020-04-05,26.13
2020-04-06,26.75
2020-04-07,24.45
2020-04-08,26.23
2020-04-09,23.05
2020-04-12,23.12
2020-04-13,22.8
2020-04-14,20.79
2020-04-15,20.25
2020-04-16,19.88
2020-04-17,18.16
2020-04-19,17.05
2020-04-20,11.96
2020-04-21,7.98
2020-04-22,8.05
2020-04-23,8.21
2020-04-24,7.99
2020-04-26,8.07
2020-04-27,7.79
2020-04-28,7.79
2020-04-29,8.16
2020-04-30,8.62
2020-05-01,8.31
2020-05-03,8.27
2020-05-04,8.73
2020-05-05,9.68
2020-05-06,9.11
2020-05-07,9.12
2020-05-08,9.61
2020-05-10,9.71
2020-05-11,9.46
2020-05-12,9.38
2020-05-13,9.41
2020-05-14,9.79
2020-05-15,10.17
2020-05-17,10.46
2020-05-18,11.21
2020-05-19,11.0
2020-05-20,11.5
2020-05-21,11.75
2020-05-22,11.63
2020-05-24,11.66
2020-05-25,12.02
2020-05-26,12.18
2020-05-27,11.59
2020-05-28,12.07
2020-05-29,12.67
2020-05-31,12.77
2020-06-01,12.93
2020-06-02,13.48
2020-06-03,13.59
2020-06-04,13.77
2020-06-05,14.33
2020-06-07,14.98
2020-06-08,14.46
2020-06-09,14.45
2020-06-10,14.62
2020-06-11,13.71
2020-06-12,14.12
2020-06-14,13.96
2020-06-15,14.7
2020-06-16,14.96
2020-06-17,14.93
2020-06-18,15.54
2020-06-19,15.61
2020-06-21,15.91
2020-06-22,16.46
2020-06-23,16.28
2020-06-24,15.62
2020-06-25,16.09
2020-06-26,15.87
2020-06-28,15.96
2020-06-29,16.64
2020-06-30,16.73
2020-07-01,16.86
2020-07-02,17.25
2020-07-03,17.38
2020-07-05,17.68
2020-07-06,17.89
2020-07-07,17.86
2020-07-08,18.19
2020-07-09,17.88
2020-07-10,18.37
2020-07-12,18.41
2020-07-13,18.27
2020-07-14,18.77
2020-07-15,19.07
2020-07-16,19.09
2020-07-17,19.14
2020-07-19,19.41
2020-07-20,19.54
2020-07-21,19.96
2020-07-22,20.13
2020-07-23,20.0
2020-07-24,20.27
2020-07-26,20.43
2020-07-27,20.87
2020-07-28,20.77
2020-07-29,21.0
2020-07-30,20.73
2020-07-31,20.9
2020-08-02,21.05
2020-08-03,21.41
2020-08-04,21.88
2020-08-05,22.45
2020-08-06,22.55
2020-08-07,22.42
2020-08-09,22.73
2020-08-10,23.04
2020-08-11,22.98
2020-08-12,23.62
2020-08-13,23.75
2020-08-14,23.76
2020-08-16,24.12
2020-08-17,24.5
2020-08-18,24.59
2020-08-19,24.69
2020-08-20,24.84
2020-08-21,24.62
2020-08-23,25.02
2020-08-24,25.27
2020-08-25,25.91
2020-08-26,26.11
2020-08-27,25.95
2020-08-28,26.14
2020-08-30,26.52
2020-08-31,26.57
2020-09-01,26.87
2020-09-02,26.29
2020-09-03,25.95
2020-09-04,25.22
2020-09-06,25.07
2020-09-07,25.52
2020-09-08,24.07
2020-09-09,24.91
2020-09-10,24.73
2020-09-11,24.88
2020-09-13,25.23
2020-09-14,25.32
2020-09-15,26.21
2020-09-16,27.48
2020-09-17,41.14
2020-09-18,41.19
2020-09-20,41.07
2020-09-21,39.98
2020-09-22,39.77
2020-09-23,39.41
2020-09-24,40.4
2020-09-25,40.16
2020-09-27,40.2
2020-09-28,40.7
2020-09-29,39.27
2020-09-30,40.17
2020-10-01,38.66
2020-10-02,37.2
2020-10-04,37.48
2020-10-05,39.39
2020-10-06,40.01
2020-10-07,40.27
2020-10-08,41.45
2020-10-09,40.8
2020-10-11,40.48
2020-10-12,39.86
2020-10-13,40.41
2020-10-14,41.48
2020-10-15,41.19
2020-10-16,41.01
2020-10-18,41.23
2020-10-19,40.95
2020-10-20,41.47
2020-10-21,39.95
2020-10-22,40.67
2020-10-23,39.8
2020-10-25,39.31
2020-10-26,38.75
2020-10-27,38.99
2020-10-28,37.88
2020-10-29,36.34
2020-10-30,35.92
2020-11-01,34.19
2020-11-02,37.27
2020-11-03,38.62
2020-11-04,39.23
2020-11-05,38.66
2020-11-06,37.7
2020-11-08,38.05
2020-11-09,39.93
2020-11-10,41.88
2020-11-11,41.78
2020-11-12,41.0
2020-11-13,40.38
2020-11-15,40.73
2020-11-16,41.62
2020-11-17,41.52
2020-11-18,41.8
2020-11-19,41.69
2020-11-20,42.48
2020-11-22,42.52
2020-11-23,43.22
2020-11-24,44.88
2020-11-25,45.86
2020-11-26,45.05
2020-11-27,45.74
2020-11-29,45.24
2020-11-30,45.29
2020-12-01,44.25
2020-12-02,45.0
2020-12-03,45.79
2020-12-04,46.19
2020-12-06,46.17
2020-12-07,45.75
2020-12-08,45.66
2020-12-09,45.84
2020-12-10,47.23
2020-12-11,46.7
2020-12-13,46.82
2020-12-14,47.12
2020-12-15,47.71
2020-12-16,48.02
2020-12-17,48.55
2020-12-18,49.26
2020-12-20,48.6
2020-12-21,47.83
2020-12-22,46.89
2020-12-23,48.09
2020-12-24,48.28
2020-12-27,47.93
2020-12-28,47.87
2020-12-29,47.94
2020-12-30,48.22
2020-12-31,48.27
2021-01-03,48.3
2021-01-04,47.28
2021-01-05,49.66
2021-01-06,50.38
2021-01-07,50.84
2021-01-08,52.6
2021-01-10,52.22
2021-01-11,52.03
2021-01-12,53.3
2021-01-13,52.69
2021-01-14,53.73
2021-01-15,52.01
2021-01-17,52.12
2021-01-18,52.3
2021-01-19,53.12
2021-01-20,52.89
2021-01-21,52.95
2021-01-22,51.92
2021-01-24,52.23
2021-01-25,52.8
2021-01-26,52.72
2021-01-27,52.36
2021-01-28,52.17
2021-01-29,52.1
2021-01-31,51.92
2021-02-01,53.55
2021-02-02,54.91
2021-02-03,55.86
2021-02-04,56.49
2021-02-05,57.04
2021-02-07,57.36
2021-02-08,58.02
2021-02-09,58.37
2021-02-10,58.3
2021-02-11,57.94
2021-02-12,59.68
2021-02-14,60.34
2021-02-15,60.08
2021-02-16,59.97
2021-02-17,61.77
2021-02-18,59.7
2021-02-19,59.02
2021-02-21,59.59
2021-02-22,61.56
2021-02-23,61.2
2021-02-24,63.52
2021-02-25,63.39
2021-02-26,61.56
2021-02-28,62.45
2021-03-01,60.23
2021-03-02,59.39
2021-03-03,60.7
2021-03-04,64.19
2021-03-05,66.23
2021-03-07,67.12
2021-03-08,64.86
2021-03-09,63.92
2021-03-10,64.64
2021-03-11,65.89
2021-03-12,65.54
2021-03-14,65.94
2021-03-15,65.3
2021-03-16,64.88
2021-03-17,64.58
2021-03-18,59.76
2021-03-19,61.46
2021-03-21,60.88
2021-03-22,61.27
2021-03-23,57.53
2021-03-24,60.59
2021-03-25,58.74
2021-03-26,60.71
2021-03-28,60.72
2021-03-29,62.09
2021-03-30,60.38
2021-03-31,59.55
2021-04-01,61.25
2021-04-04,61.26
2021-04-05,58.89
2021-04-06,59.17
2021-04-07,59.62
2021-04-08,59.73
2021-04-09,59.32
2021-04-11,59.55
2021-04-12,59.76
2021-04-13,60.52
2021-04-14,62.88
2021-04-15,63.34
2021-04-16,63.07
2021-04-18,62.8
2021-04-19,63.55
2021-04-20,62.28
2021-04-21,61.08
2021-04-22,61.8
2021-04-23,61.98
2021-04-25,61.88
2021-04-26,62.02
2021-04-27,62.95
2021-04-28,63.77
2021-04-29,64.75
2021-04-30,63.44
2021-05-02,63.7
2021-05-03,64.61
2021-05-04,66.2
2021-05-05,65.09
2021-05-06,64.88
2021-05-07,64.81
2021-05-09,65.44
2021-05-10,64.95
2021-05-11,65.5
2021-05-12,65.69
2021-05-13,63.82
2021-05-14,65.49
2021-05-16,65.53
2021-05-17,66.34
2021-05-18,65.17
2021-05-19,63.34
2021-05-20,62.09
2021-05-21,63.84
2021-05-23,63.62
2021-05-24,66.0
2021-05-25,65.89
2021-05-26,66.11
2021-05-27,67.3
2021-05-28,66.64
2021-05-30,66.56
2021-05-31,66.94
2021-06-01,67.91
2021-06-02,68.72
2021-06-03,68.75
2021-06-04,69.39
2021-06-06,69.7
2021-06-07,69.09
2021-06-08,70.0
2021-06-09,69.7
2021-06-10,70.17
2021-06-11,70.79
2021-06-13,70.95
2021-06-14,71.03
2021-06-15,72.39
2021-06-16,71.47
2021-06-17,70.91
2021-06-18,71.39
2021-06-20,71.84
2021-06-21,73.41
2021-06-22,73.19
2021-06-23,73.52
2021-06-24,73.59
2021-06-25,74.34
2021-06-27,74.44
2021-06-28,73.17
2021-06-29,73.72
2021-06-30,73.77
2021-07-01,75.28
2021-07-02,75.29
2021-07-04,75.36
2021-07-05,76.44
2021-07-06,73.77
2021-07-07,72.28
2021-07-08,73.39
2021-07-09,74.78
2021-07-11,74.83
2021-07-12,74.33
2021-07-13,75.12
2021-07-14,72.86
2021-07-15,71.44
2021-07-16,71.52
2021-07-18,71.42
2021-07-19,67.19
2021-07-20,67.03
2021-07-21,70.53
2021-07-22,72.0
2021-07-23,72.45
2021-07-26,72.33
2021-07-27,72.22
2021-07-28,72.64
2021-07-29,73.52
2021-07-30,73.94
2021-08-01,73.92
2021-08-02,71.56
2021-08-03,70.56
2021-08-04,68.25
2021-08-05,69.17
2021-08-06,68.02
2021-08-08,67.3
2021-08-09,67.05
2021-08-10,68.58
2021-08-11,69.39
2021-08-12,68.91
2021-08-13,68.1
2021-08-15,68.12
2021-08-16,67.64
2021-08-17,66.59
2021-08-18,64.7
2021-08-19,63.86
2021-08-20,62.06
2021-08-22,62.51
2021-08-23,65.73
2021-08-24,67.61
2021-08-25,68.17
2021-08-26,68.0
2021-08-27,68.89
2021-08-29,69.5
2021-08-30,69.28
2021-08-31,68.64
2021-09-01,68.34
2021-09-02,69.86
2021-09-03,69.25
2021-09-05,68.86
2021-09-06,68.89
2021-09-07,68.53
2021-09-08,69.33
2021-09-09,68.03
2021-09-10,69.75
2021-09-12,70.17
2021-09-13,70.69
2021-09-14,70.84
2021-09-15,72.59
2021-09-16,72.61
2021-09-17,72.09
2021-09-19,71.75
2021-09-20,70.89
2021-09-21,70.97
2021-09-22,72.19
2021-09-23,73.5
2021-09-24,74.2
2021-09-26,75.03
2021-09-27,75.58
2021-09-28,74.64
2021-09-29,74.86
2021-09-30,75.44
2021-10-01,75.88
2021-10-03,75.97
2021-10-04,77.69
2021-10-05,79.12
2021-10-06,77.31
2021-10-07,78.94
2021-10-08,79.68
2021-10-10,79.78
2021-10-11,80.48
2021-10-12,80.38
2021-10-13,80.83
2021-10-14,81.78
2021-10-15,82.57
2021-10-17,83.0
2021-10-18,82.25
2021-10-19,83.12
2021-10-20,84.25
2021-10-21,82.88
2021-10-22,84.56
2021-10-24,84.58
2021-10-25,84.31
2021-10-26,84.7
2021-10-27,82.67
2021-10-28,83.16
2021-10-29,83.67
2021-10-31,83.34
2021-11-01,84.23
2021-11-02,83.28
2021-11-03,80.66
2021-11-04,80.05
2021-11-05,81.44
2021-11-07,81.77
2021-11-08,82.26
2021-11-09,84.83
2021-11-10,81.72
2021-11-11,81.5
2021-11-12,80.8
2021-11-14,81.02
2021-11-15,80.8
2021-11-16,80.61
2021-11-17,78.53
2021-11-18,79.31
2021-11-19,76.63
2021-11-21,76.42
2021-11-22,77.26
2021-11-23,79.08
2021-11-24,79.17
2021-11-25,78.17
2021-11-26,68.89
2021-11-28,72.0
2021-11-29,71.42
2021-11-30,67.47
2021-12-01,66.77
2021-12-02,67.84
2021-12-03,66.74
2021-12-05,67.95
2021-12-06,70.16
2021-12-07,72.22
2021-12-08,72.94
2021-12-09,70.84
2021-12-10,72.27
2021-12-12,72.72
2021-12-13,71.47
2021-12-14,70.51
2021-12-15,71.83
2021-12-16,72.08
2021-12-17,70.53
2021-12-19,69.61
2021-12-20,69.56
2021-12-21,71.61
2021-12-22,73.42
2021-12-23,74.06
2021-12-26,73.61
2021-12-27,76.14
2021-12-28,76.42
2021-12-29,76.84
2021-12-30,76.61
2021-12-31,75.63
2022-01-02,76.03
2022-01-03,76.17
2022-01-04,77.25
2022-01-05,77.39
2022-01-06,79.69
2022-01-07,79.07
2022-01-09,78.7
2022-01-10,78.7
2022-01-11,81.42
2022-01-12,82.86
2022-01-13,82.03
2022-01-14,84.35
2022-01-16,84.5
2022-01-17,84.33
2022-01-18,86.75
2022-01-19,85.58
2022-01-20,84.67
2022-01-21,85.43
2022-01-23,86.39
2022-01-24,84.7
2022-01-25,85.86
2022-01-26,87.89
2022-01-27,87.86
2022-01-28,87.79
2022-01-30,88.19
2022-01-31,88.8
2022-02-01,88.73
2022-02-02,88.02
2022-02-03,90.52
2022-02-04,92.33
2022-02-06,92.14
2022-02-07,91.69
2022-02-08,90.08
2022-02-09,90.28
2022-02-10,90.17
2022-02-11,94.17
2022-02-13,94.55
2022-02-14,94.97
2022-02-15,92.55
2022-02-16,91.42
2022-02-17,91.8
2022-02-18,92.52
2022-02-20,93.33
2022-02-21,94.31
2022-02-22,93.28
2022-02-23,94.36
2022-02-24,96.28
2022-02-25,93.41
2022-02-27,98.13
2022-02-28,97.25
2022-03-01,107.77
2022-03-02,112.22
2022-03-03,110.52
2022-03-04,116.37
2022-03-06,128.26
2022-03-07,122.09
2022-03-08,126.47
2022-03-09,111.59
2022-03-10,108.32
2022-03-11,110.0
2022-03-13,107.76
2022-03-14,101.84
2022-03-15,96.28
2022-03-16,96.69
2022-03-17,103.92
2022-03-18,105.47
2022-03-20,106.65
2022-03-21,114.2
2022-03-22,110.59
2022-03-23,116.44
2022-03-24,113.83
2022-03-25,114.39
2022-03-27,112.31
2022-03-28,105.47
2022-03-29,107.69
2022-03-30,108.88
2022-03-31,102.19
2022-04-01,100.57
2022-04-03,99.39
2022-04-04,105.3
2022-04-05,101.94
2022-04-06,97.59
2022-04-07,97.69
2022-04-08,98.6
2022-04-10,97.33
2022-04-11,95.83
2022-04-12,101.91
2022-04-13,104.19
2022-04-14,106.91
2022-04-17,108.28
2022-04-18,108.16
2022-04-19,104.0
2022-04-20,103.08
2022-04-21,104.34
2022-04-22,102.42
2022-04-24,101.16
2022-04-25,99.2
2022-04-26,102.58
2022-04-27,102.41
2022-04-28,105.56
2022-04-29,104.78
2022-05-01,105.17
2022-05-02,105.7
2022-05-03,103.86
2022-05-04,108.61
2022-05-05,109.09
2022-05-06,110.95
2022-05-08,109.47
2022-05-09,103.03
2022-05-10,99.08
2022-05-11,105.97
2022-05-12,107.23
2022-05-13,110.3
2022-05-15,111.44
2022-05-16,113.67
2022-05-17,112.83
2022-05-18,107.35
2022-05-19,110.89
2022-05-20,112.04
2022-05-22,111.89
2022-05-23,111.23
2022-05-24,112.06
2022-05-25,112.13
2022-05-26,115.45
2022-05-27,116.45
2022-05-29,116.86
2022-05-30,118.83
2022-05-31,116.2
2022-06-01,114.22
2022-06-02,118.45
2022-06-03,121.43
2022-06-05,121.19
2022-06-06,119.83
2022-06-07,120.27
2022-06-08,122.86
2022-06-09,122.0
2022-06-10,121.08
2022-06-12,119.34
2022-06-13,121.02
2022-06-14,118.97
2022-06-15,117.14
2022-06-16,117.38
2022-06-17,111.42
2022-06-19,111.42
2022-06-20,111.2
2022-06-21,111.47
2022-06-22,105.97
2022-06-23,106.44
2022-06-24,109.16
2022-06-26,108.33
2022-06-27,112.11
2022-06-28,113.64
2022-06-29,111.39
2022-06-30,107.75
2022-07-01,109.94
2022-07-03,109.5
2022-07-04,111.67
2022-07-05,102.28
2022-07-06,99.25
2022-07-07,103.78
2022-07-08,105.8
2022-07-10,105.16
2022-07-11,103.81
2022-07-12,94.94
2022-07-13,96.34
2022-07-14,96.56
2022-07-15,97.41
2022-07-17,96.89
2022-07-18,101.67
2022-07-19,102.95
2022-07-20,102.08
2022-07-21,98.51
2022-07-22,97.49
2022-07-24,97.05
2022-07-25,98.31
2022-07-26,97.52
2022-07-27,99.98
2022-07-28,99.28
2022-07-29,100.05
2022-07-31,99.61
2022-08-01,95.25
2022-08-02,95.27
2022-08-03,92.39
2022-08-04,89.25
2022-08-05,89.69
2022-08-07,89.11
2022-08-08,91.38
2022-08-09,91.39
2022-08-10,92.36
2022-08-11,94.78
2022-08-12,92.66
2022-08-14,92.16
2022-08-15,88.84
2022-08-16,87.61
2022-08-17,88.33
2022-08-18,91.38
2022-08-19,90.63
2022-08-21,90.38
2022-08-22,91.72
2022-08-23,94.56
2022-08-24,96.08
2022-08-25,93.77
2022-08-26,93.83
2022-08-28,93.67
2022-08-29,97.53
2022-08-30,92.72
2022-08-31,89.83
2022-09-01,87.81
2022-09-02,87.67
2022-09-04,88.72
2022-09-05,89.41
2022-09-06,87.22
2022-09-07,82.41
2022-09-08,83.31
2022-09-09,86.44
2022-09-11,86.58
2022-09-12,88.28
2022-09-13,87.78
2022-09-14,89.24
2022-09-15,84.84
2022-09-16,85.6
2022-09-18,85.83
2022-09-19,86.0
2022-09-20,84.56
2022-09-21,83.36
2022-09-22,84.09
2022-09-23,79.73
2022-09-25,79.94
2022-09-26,77.06
2022-09-27,78.86
2022-09-28,82.09
2022-09-29,82.0
2022-09-30,80.03
2022-10-02,82.36
2022-10-03,83.67
2022-10-04,86.84
2022-10-05,88.31
2022-10-06,89.11
2022-10-07,93.54
2022-10-09,92.84
2022-10-10,90.95
2022-10-11,88.81
2022-10-12,87.34
2022-10-13,89.14
2022-10-14,85.81
2022-10-16,86.36
2022-10-17,86.06
2022-10-18,84.19
2022-10-19,85.86
2022-10-20,85.62
2022-10-21,86.16
2022-10-23,86.28
2022-10-24,85.77
2022-10-25,85.72
2022-10-26,89.03
2022-10-27,89.42
2022-10-28,89.2
2022-10-30,89.11
2022-10-31,86.88
2022-11-01,89.36
2022-11-02,89.61
2022-11-03,88.62
2022-11-04,93.2
2022-11-06,91.19
2022-11-07,92.39
2022-11-08,89.5
2022-11-09,86.19
2022-11-10,86.69
2022-11-11,89.23
2022-11-13,90.0
2022-11-14,85.57
2022-11-15,87.55
2022-11-16,85.58
2022-11-17,82.71
2022-11-18,81.06
2022-11-20,80.92
2022-11-21,81.06
2022-11-22,82.0
2022-11-23,78.14
2022-11-24,78.56
2022-11-25,77.15
2022-11-27,76.59
2022-11-28,77.05
2022-11-29,79.24
2022-11-30,81.05
2022-12-01,81.8
2022-12-02,80.76
2022-12-04,81.53
2022-12-05,77.74
2022-12-06,74.78
2022-12-07,72.86
2022-12-08,72.33
2022-12-09,71.75
2022-12-11,72.08
2022-12-12,73.61
2022-12-13,75.36
2022-12-14,77.44
2022-12-15,76.4
2022-12-16,74.73
2022-12-18,75.22
2022-12-19,76.0
2022-12-20,76.27
2022-12-21,78.59
2022-12-22,78.56
2022-12-23,79.44
2022-12-26,81.06
2022-12-27,79.84
2022-12-28,78.67
2022-12-29,78.67
2022-12-30,80.55
2023-01-02,80.53
2023-01-03,77.14
2023-01-04,73.42
2023-01-05,74.02
2023-01-06,73.75
2023-01-08,74.14
2023-01-09,74.73
2023-01-10,74.62
2023-01-11,77.73
2023-01-12,78.36
2023-01-13,80.11
2023-01-15,79.84
2023-01-16,78.84
2023-01-17,80.75
2023-01-18,79.25
2023-01-19,80.83
2023-01-20,81.53
2023-01-22,81.06
2023-01-23,81.44
2023-01-24,80.02
2023-01-25,80.36
2023-01-26,81.0
2023-01-27,79.27
2023-01-29,80.2
2023-01-30,77.83
2023-01-31,79.03
2023-02-01,76.7
2023-02-02,75.86
2023-02-03,73.1
2023-02-05,73.39
2023-02-06,74.44
2023-02-07,77.45
2023-02-08,78.42
2023-02-09,77.61
2023-02-10,79.68
2023-02-12,79.31
2023-02-13,79.19
2023-02-14,78.79
2023-02-15,78.55
2023-02-16,77.84
2023-02-17,76.31
2023-02-19,76.48
2023-02-20,77.11
2023-02-21,76.05
2023-02-22,73.8
2023-02-23,75.47
2023-02-24,76.31
2023-02-26,76.5
2023-02-27,75.6
2023-02-28,76.53
2023-03-01,77.52
2023-03-02,77.81
2023-03-03,79.75
2023-03-05,79.28
2023-03-06,80.42
2023-03-07,77.16
2023-03-08,76.48
2023-03-09,75.38
2023-03-10,76.57
2023-03-12,77.03
2023-03-13,74.53
2023-03-14,71.77
2023-03-15,68.16
2023-03-16,68.31
2023-03-17,66.36
2023-03-20,67.47
2023-03-21,69.31
2023-03-22,69.92
2023-03-23,69.39
2023-03-24,69.1
2023-03-26,69.55
2023-03-27,72.88
2023-03-28,73.61
2023-03-29,72.77
2023-03-30,74.25
2023-03-31,75.57
2023-04-02,80.39
2023-04-03,80.36
2023-04-04,80.86
2023-04-05,80.44
2023-04-06,80.36
2023-04-09,80.75
2023-04-10,79.8
2023-04-11,81.41
2023-04-12,83.04
2023-04-13,82.22
2023-04-14,82.65
2023-04-16,82.55
2023-04-17,80.89
2023-04-18,81.03
2023-04-19,78.94
2023-04-20,77.17
2023-04-21,77.98
2023-04-23,77.78
2023-04-24,78.67
2023-04-25,77.33
2023-04-26,74.45
2023-04-27,74.83
2023-04-28,76.7
2023-04-30,76.12
2023-05-01,75.62
2023-05-02,71.64
2023-05-03,67.25
2023-05-04,68.77
2023-05-05,71.4
2023-05-07,71.44
2023-05-08,73.0
2023-05-09,73.61
2023-05-10,72.89
2023-05-11,71.36
2023-05-12,70.11
2023-05-14,70.06
2023-05-15,71.42
2023-05-16,70.67
2023-05-17,72.77
2023-05-18,72.14
2023-05-19,71.93
2023-05-21,71.86
2023-05-22,72.36
2023-05-23,73.88
2023-05-24,74.25
2023-05-25,71.88
2023-05-26,72.92
2023-05-28,73.23
2023-05-29,72.89
2023-05-30,69.57
2023-05-31,67.75
2023-06-01,70.11
2023-06-02,71.94
2023-06-04,73.39
2023-06-05,71.97
2023-06-06,71.77
2023-06-07,72.44
2023-06-08,70.86
2023-06-09,70.34
2023-06-11,70.0
2023-06-12,67.42
2023-06-13,69.2
2023-06-14,68.56
2023-06-15,70.66
2023-06-16,71.49
2023-06-18,71.34
2023-06-19,71.19
2023-06-20,70.81
2023-06-21,72.38
2023-06-22,69.22
2023-06-23,69.41
2023-06-25,69.84
2023-06-26,69.37
2023-06-27,67.84
2023-06-28,69.22
2023-06-29,69.66
2023-06-30,70.37
2023-07-02,70.34
2023-07-03,70.02
2023-07-04,71.0
2023-07-05,71.88
2023-07-06,71.78
2023-07-07,73.63
2023-07-09,73.52
2023-07-10,73.08
2023-07-11,74.75
2023-07-12,75.8
2023-07-13,77.15
2023-07-14,75.27
2023-07-16,74.9
2023-07-17,74.22
2023-07-18,75.81
2023-07-19,75.25
2023-07-20,75.91
2023-07-21,76.87
2023-07-23,76.66
2023-07-24,78.94
2023-07-25,79.36
2023-07-26,79.08
2023-07-27,79.69
2023-07-28,80.73
2023-07-30,80.45
2023-07-31,81.7
2023-08-01,82.3
2023-08-02,79.8
2023-08-03,81.83
2023-08-04,82.66
2023-08-06,83.0
2023-08-07,82.44
2023-08-08,82.78
2023-08-09,84.27
2023-08-10,82.92
2023-08-11,83.1
2023-08-13,82.92
2023-08-14,82.39
2023-08-15,81.08
2023-08-16,79.25
2023-08-17,80.06
2023-08-18,81.19
2023-08-20,81.03
2023-08-21,80.53
2023-08-22,80.05
2023-08-23,79.0
2023-08-24,79.3
2023-08-25,80.42
2023-08-27,80.53
2023-08-28,80.39
2023-08-29,81.67
2023-08-30,81.92
2023-08-31,83.89
2023-09-01,86.31
2023-09-03,86.1
2023-09-04,86.05
2023-09-05,87.06
2023-09-06,87.89
2023-09-07,86.92
2023-09-08,87.42
2023-09-10,87.11
2023-09-11,87.42
2023-09-12,88.94
2023-09-13,88.8
2023-09-14,90.67
2023-09-15,91.15
2023-09-17,90.84
2023-09-18,91.73
2023-09-19,91.33
2023-09-20,89.81
2023-09-21,90.32
2023-09-22,90.93
2023-09-24,91.16
2023-09-25,90.23
2023-09-26,91.06
2023-09-27,94.33
2023-09-28,92.17
2023-09-29,91.19
2023-10-01,91.5
2023-10-02,88.94
2023-10-03,89.72
2023-10-04,84.62
2023-10-05,83.11
2023-10-06,83.09
2023-10-08,85.98
2023-10-09,86.62
2023-10-10,86.17
2023-10-11,83.31
2023-10-12,83.62
2023-10-13,87.86
2023-10-15,87.62
2023-10-16,86.77
2023-10-17,88.3
2023-10-18,88.38
2023-10-19,90.44
2023-10-20,89.6
2023-10-22,88.84
2023-10-23,87.17
2023-10-24,84.67
2023-10-25,86.17
2023-10-26,84.56
2023-10-27,86.12
2023-10-29,85.36
2023-10-30,83.39
2023-10-31,82.05
2023-11-01,81.56
2023-11-02,83.19
2023-11-03,81.5
2023-11-05,81.58
2023-11-06,81.39
2023-11-07,77.52
2023-11-08,75.92
2023-11-09,75.88
2023-11-10,77.6
2023-11-12,77.19
2023-11-13,78.8
2023-11-14,78.39
2023-11-15,76.81
2023-11-16,73.53
2023-11-17,76.4
2023-11-19,76.53
2023-11-20,77.89
2023-11-21,77.92
2023-11-22,76.94
2023-11-23,76.58
2023-11-24,75.41
2023-11-26,75.91
2023-11-27,75.39
2023-11-28,76.86
2023-11-29,77.88
2023-11-30,75.83
2023-12-01,74.56
2023-12-03,74.95
2023-12-04,73.42
2023-12-05,72.25
2023-12-06,69.61
2023-12-07,69.89
2023-12-08,71.36
2023-12-10,71.33
2023-12-11,71.47
2023-12-12,68.78
2023-12-13,70.0
2023-12-14,71.72
2023-12-15,71.95
2023-12-17,72.35
2023-12-18,72.62
2023-12-19,73.97
2023-12-20,73.47
2023-12-21,73.69
2023-12-22,73.3
2023-12-25,73.66
2023-12-26,75.12
2023-12-27,73.92
2023-12-28,71.92
2023-12-29,71.24
2024-01-01,71.86
2024-01-02,70.41
2024-01-03,72.97
2024-01-04,72.22
2024-01-05,73.87
2024-01-07,73.69
2024-01-08,70.69
2024-01-09,72.11
2024-01-10,71.2
2024-01-11,73.34
2024-01-12,72.75
2024-01-14,72.53
2024-01-15,72.62
2024-01-16,71.88
2024-01-17,72.67
2024-01-18,73.69
2024-01-19,73.3
2024-01-21,73.05
2024-01-22,74.5
2024-01-23,74.33
2024-01-24,75.3
2024-01-25,77.0
2024-01-26,78.05
2024-01-28,78.77
2024-01-29,76.92
2024-01-30,77.7
2024-01-31,75.78
2024-02-01,74.17
2024-02-02,72.28
2024-02-04,72.7
2024-02-05,72.6
2024-02-06,73.36
2024-02-07,73.92
2024-02-08,76.39
2024-02-09,76.55
2024-02-11,76.39
2024-02-12,76.94
2024-02-13,77.67
2024-02-14,76.5
2024-02-15,77.89
2024-02-16,78.47
2024-02-19,78.33
2024-02-20,77.44
2024-02-21,78.31
2024-02-22,78.45
2024-02-23,76.8
2024-02-25,76.61
2024-02-26,77.81
2024-02-27,78.58
2024-02-28,78.3
2024-02-29,78.41
2024-03-01,79.96
2024-03-03,80.06
2024-03-04,78.81
2024-03-05,78.34
2024-03-06,79.17
2024-03-07,79.31
2024-03-08,77.93
2024-03-10,77.89
2024-03-11,78.16
2024-03-12,78.06
2024-03-13,79.75
2024-03-14,80.97
2024-03-15,81.03
2024-03-17,81.03
2024-03-18,82.62
2024-03-19,82.88
2024-03-20,82.03
2024-03-21,81.34
2024-03-22,81.19
2024-03-24,81.23
2024-03-25,82.38
2024-03-26,81.61
2024-03-27,82.05
2024-03-28,83.44
2024-03-31,83.45
2024-04-01,84.14
2024-04-02,85.75
2024-04-03,85.81
2024-04-04,87.22
2024-04-05,86.96
2024-04-07,86.08
2024-04-08,86.83
2024-04-09,85.47
2024-04-10,86.41
2024-04-11,85.61
2024-04-12,85.6
2024-04-14,85.69
2024-04-15,85.86
2024-04-16,85.53
2024-04-17,82.86
2024-04-18,82.59
2024-04-19,82.69
2024-04-21,82.44
2024-04-22,82.58
2024-04-23,83.92
2024-04-24,83.16
2024-04-25,84.2
2024-04-26,84.14
2024-04-28,83.61
2024-04-29,82.98
2024-04-30,81.69
2024-05-01,79.44
2024-05-02,79.53
2024-05-03,78.29
2024-05-05,78.64
2024-05-06,79.11
2024-05-07,78.53
2024-05-08,79.47
2024-05-09,79.84
2024-05-10,78.38
2024-05-12,78.22
2024-05-13,79.25
2024-05-14,78.48
2024-05-15,78.95
2024-05-16,79.39
2024-05-17,79.98
2024-05-19,79.78
2024-05-20,79.69
2024-05-21,78.69
2024-05-22,77.53
2024-05-23,77.22
2024-05-24,78.18
2024-05-26,78.16
2024-05-27,78.95
2024-05-28,80.55
2024-05-29,79.53
2024-05-30,78.03
2024-05-31,77.44
2024-06-02,77.0
2024-06-03,74.28
2024-06-04,73.17
2024-06-05,74.62
2024-06-06,75.88
2024-06-07,75.59
2024-06-09,75.5
2024-06-10,78.19
2024-06-11,78.25
2024-06-12,78.39
2024-06-13,77.97
2024-06-14,78.53
2024-06-16,78.28
2024-06-17,80.19
2024-06-18,81.18
2024-06-19,80.98
2024-06-20,81.64
2024-06-21,80.96
2024-06-23,80.59
2024-06-24,82.03
2024-06-25,81.06
2024-06-26,80.94
2024-06-27,82.19
2024-06-28,81.81
2024-06-30,81.99
2024-07-01,83.67
2024-07-02,83.27
2024-07-03,83.86
2024-07-04,84.16
2024-07-05,83.58
2024-07-07,83.38
2024-07-08,82.41
2024-07-09,81.84
2024-07-10,82.6
2024-07-11,83.14
2024-07-12,82.33
2024-07-14,82.34
2024-07-15,81.89
2024-07-16,80.77
2024-07-17,82.78
2024-07-18,81.83
2024-07-19,79.65
2024-07-21,79.95
2024-07-22,79.14
2024-07-23,78.19
2024-07-24,78.3
2024-07-25,79.06
2024-07-26,77.21
2024-07-28,77.95
2024-07-29,76.3
2024-07-30,75.91
2024-07-31,79.14
2024-08-01,77.37
2024-08-02,74.69
2024-08-04,74.44
2024-08-05,74.62
2024-08-06,73.25
2024-08-07,75.84
2024-08-08,76.45
2024-08-09,77.4
2024-08-11,77.05
2024-08-12,79.83
2024-08-13,78.94
2024-08-14,77.7
2024-08-15,78.4
2024-08-16,78.27
2024-08-26,76.75
2024-08-27,75.38
2024-08-28,73.98
2024-08-29,75.11
2024-08-30,73.18
2024-09-01,72.53
2024-09-02,73.24
2024-09-03,69.81
2024-09-04,68.84
2024-09-05,68.9
2024-09-06,67.64
2024-09-08,67.81
2024-09-09,68.17
2024-09-10,65.72
2024-09-11,66.67
2024-09-12,68.55
2024-09-13,68.34
2024-09-15,67.95
2024-09-16,69.28
2024-09-17,69.86
2024-09-18,69.31
2024-09-19,70.91
2024-09-20,71.12
2024-09-22,70.86
2024-09-23,70.45
2024-09-24,71.39
2024-09-25,69.42
2024-09-26,67.17
2024-09-27,68.45
2024-09-29,68.08
2024-09-30,68.14
2024-10-01,70.58
2024-10-02,70.59
2024-10-03,73.55
2024-10-04,74.1
2024-10-06,73.5
2024-10-07,76.75
2024-10-08,73.47
2024-10-09,72.85
2024-10-10,75.06
2024-10-11,74.9
2024-10-13,73.65
2024-10-14,71.16
2024-10-15,70.48
2024-10-16,70.13
2024-10-17,70.26
2024-10-18,68.8
2024-10-20,68.8
2024-10-21,69.95
2024-10-22,71.36
2024-10-23,71.11
2024-10-24,70.33
2024-10-25,71.56
2024-10-27,68.66
2024-10-28,67.8
2024-10-29,67.28
2024-10-30,68.75
2024-10-31,70.33
2024-11-01,69.13
2024-11-03,70.3
2024-11-04,71.22
2024-11-05,71.76
2024-11-06,71.41
2024-11-07,71.91
2024-11-08,70.23
2024-11-10,70.04
2024-11-11,68.09
2024-11-12,67.92
2024-11-13,67.89
2024-11-14,68.44
2024-11-15,66.89
2024-11-17,66.73
2024-11-18,68.93
2024-11-19,69.3
2024-11-20,69.0
2024-11-21,70.05
2024-11-22,71.06
2024-11-24,71.14
2024-11-25,68.52
2024-11-26,68.73
2024-11-27,68.64
2024-11-28,68.7
2024-11-29,68.5
2024-12-01,68.16
2024-12-02,68.0
2024-12-03,69.8
2024-12-04,68.54
2024-12-05,68.19
2024-12-06,67.0
2024-12-08,67.16
2024-12-09,67.93
2024-12-10,68.23
2024-12-11,69.95
2024-12-12,69.6
2024-12-13,70.67
2024-12-15,70.69
2024-12-16,70.19
2024-12-17,69.72
2024-12-18,69.38
2024-12-19,69.13
2024-12-20,69.48
2024-12-22,69.49
2024-12-23,69.34
2024-12-24,69.92
2024-12-25,70.06
2024-12-26,69.53
2024-12-27,70.08
2024-12-29,70.28
2024-12-30,70.99
2024-12-31,71.56
2025-01-01,71.8
2025-01-02,72.75
2025-01-03,73.61
2025-01-05,73.67
2025-01-06,72.89
2025-01-07,74.13
2025-01-08,72.73
2025-01-09,73.65
2025-01-10,75.85
2025-01-13,77.38
2025-01-14,76.8
2025-01-15,79.0
2025-01-16,77.85
2025-01-17,77.26
2025-01-19,77.55
2025-01-20,76.26
2025-01-21,75.6
2025-01-22,75.05
2025-01-23,74.09
2025-01-24,74.39
2025-01-26,73.92
2025-01-27,72.86
2025-01-28,73.48
2025-01-29,72.59
2025-01-30,72.85
2025-01-31,73.43
2025-02-02,73.49
2025-02-03,72.1
2025-02-04,72.33
2025-02-05,71.01
2025-02-06,70.36
2025-02-07,70.86
2025-02-09,70.95
2025-02-10,72.17
2025-02-11,72.96
2025-02-12,71.12
2025-02-13,71.3
2025-02-14,70.54
2025-02-16,70.31
2025-02-17,71.22
2025-02-18,71.71
2025-02-19,72.08
2025-02-20,72.65
2025-02-21,70.21
2025-02-23,70.34
2025-02-24,70.76
2025-02-25,69.02
2025-02-26,68.7
2025-02-27,70.0
2025-02-28,69.8
2025-03-02,69.99
2025-03-03,68.09
2025-03-04,67.67
2025-03-05,66.19
2025-03-06,66.11
2025-03-07,66.86
2025-03-09,66.35
2025-03-10,65.5
2025-03-11,66.38
2025-03-12,67.42
2025-03-13,66.55
2025-03-14,66.9
2025-03-16,67.41
2025-03-17,67.19
2025-03-18,66.66
2025-03-19,67.06
2025-03-20,68.49
2025-03-21,68.24
2025-03-23,68.34
2025-03-24,69.05
2025-03-25,69.16
2025-03-26,69.58
2025-03-27,69.72
2025-03-30,69.27
2025-03-31,71.13
2025-04-01,71.01
2025-04-02,69.1
2025-04-03,66.44
2025-04-04,62.13
2025-04-06,59.62
2025-04-07,61.04
2025-04-08,57.26
2025-04-09,62.47
2025-04-10,59.43
2025-04-11,61.0
2025-04-13,60.81
2025-04-14,61.15
2025-04-15,60.9
2025-04-16,62.26
2025-04-17,63.7
2025-04-20,63.07
2025-04-21,62.89
2025-04-22,64.1
2025-04-23,62.13
2025-04-24,62.64
2025-04-25,62.98
2025-04-27,62.87
2025-04-28,61.75
2025-04-29,60.02
2025-04-30,58.08
2025-05-01,58.64
2025-05-02,58.17
2025-05-04,55.69
2025-05-05,56.92
2025-05-06,59.26
2025-05-07,57.8
2025-05-08,59.81
2025-05-09,60.68
2025-05-11,60.97
2025-05-12,61.58
2025-05-13,63.25
2025-05-14,61.75
2025-05-15,61.32
2025-05-16,61.93
2025-05-18,62.03
2025-05-19,62.13
2025-05-20,62.89
2025-05-21,61.22
2025-05-22,60.63
2025-05-23,61.59
2025-05-25,61.76
2025-05-26,61.28
2025-05-27,61.02
2025-05-28,61.97
2025-05-29,60.49
2025-05-30,60.26
2025-06-01,61.46
2025-06-02,62.51
2025-06-03,62.68
2025-06-04,62.03
2025-06-05,62.58
2025-06-06,64.11
2025-06-08,63.91
2025-06-09,64.5
2025-06-10,64.47
2025-06-11,67.41
2025-06-12,68.04
2025-06-13,71.61
2025-06-16,71.69
2025-06-17,73.45
2025-06-18,73.2
2025-06-19,73.57
2025-06-20,73.76
2025-06-22,75.39
2025-06-23,65.59
2025-06-24,64.79
2025-06-25,64.57
2025-06-26,64.85
2025-06-27,64.56
2025-06-29,64.22
2025-06-30,64.32
2025-07-01,64.74
2025-07-02,66.4
2025-07-03,66.33
2025-07-04,65.67
2025-07-06,65.09
2025-07-07,66.83
2025-07-08,67.12
2025-07-09,67.15
2025-07-10,65.8
2025-07-11,67.59
2025-07-13,67.38
2025-07-14,65.9
2025-07-15,65.73
2025-07-16,65.44
2025-07-17,66.19
2025-07-18,66.0
2025-07-20,66.08
2025-07-21,65.71
2025-07-22,65.47
2025-07-23,65.27
2025-07-24,65.97
2025-07-25,64.85
2025-07-27,65.02
2025-07-28,66.68
2025-07-29,68.8
2025-07-30,69.85
2025-07-31,68.82
2025-08-01,66.65
2025-08-03,66.32
2025-08-04,65.69
2025-08-05,64.64
2025-08-06,63.68
2025-08-07,63.19
2025-08-08,62.72
2025-08-10,62.76
2025-08-11,63.38
2025-08-12,62.53
2025-08-13,62.12
2025-08-14,63.05
2025-08-15,62.31
2025-08-17,61.74
2025-08-18,62.59
2025-08-19,62.06
2025-08-20,62.81
2025-08-21,63.4
2025-08-22,63.65
2025-08-24,63.64
2025-08-25,64.57
2025-08-26,63.27
2025-08-27,63.6
2025-08-28,63.96
2025-08-29,63.79
2025-08-31,63.72
2025-09-01,64.36
2025-09-02,65.29
2025-09-03,63.55
2025-09-04,63.02
2025-09-05,61.67
2025-09-07,61.96
2025-09-08,62.17
2025-09-09,62.79
2025-09-10,63.51
2025-09-11,61.94
2025-09-12,62.37
2025-09-14,62.44
2025-09-15,63.07
2025-09-16,64.28
2025-09-17,63.75
2025-09-18,63.19
2025-09-19,62.39
2025-09-21,62.48
2025-09-22,62.28
2025-09-23,63.62
2025-09-24,64.57
2025-09-25,65.07
2025-09-26,65.0
2025-09-28,64.94
2025-09-29,62.92
2025-09-30,62.31
2025-10-01,61.65
2025-10-02,60.54
2025-10-03,60.5
2025-10-05,61.38
2025-10-06,61.47
2025-10-07,61.82
2025-10-08,61.67
2025-10-09,61.2
2025-10-10,57.98
2025-10-12,59.21
2025-10-13,59.27
2025-10-14,58.27
2025-10-15,58.23
2025-10-16,56.93
2025-10-17,57.24
2025-10-19,56.96
2025-10-20,56.97
2025-10-21,57.53
2025-10-22,60.02
2025-10-23,61.26
2025-10-27,61.1
2025-10-28,60.09
2025-10-29,60.09
2025-10-30,60.12
2025-10-31,60.71
2025-11-02,61.2
2025-11-03,60.85
2025-11-04,60.14
2025-11-05,59.47
2025-11-06,59.56
2025-11-07,59.77
2025-11-09,59.78
2025-11-10,59.91
2025-11-11,60.98
2025-11-12,58.22
2025-11-13,58.93
2025-11-14,59.82
2025-11-16,59.44
2025-11-17,59.72
2025-11-18,60.62
2025-11-19,59.47
2025-11-20,58.43
2025-11-21,57.92
2025-11-23,57.7
2025-11-24,58.8
2025-11-25,58.0
2025-11-26,58.4
2025-11-27,58.9
2025-11-28,59.45
2025-11-30,59.28
2025-12-01,59.46
2025-12-02,58.51
2025-12-03,58.84
2025-12-04,59.49
2025-12-05,59.94
2025-12-07,60.03
2025-12-08,58.69
2025-12-09,58.22
2025-12-10,58.58
2025-12-11,57.75
2025-12-12,57.34
2025-12-14,57.43
2025-12-15,56.5
2025-12-16,55.43
2025-12-17,56.72
2025-12-18,55.86
2025-12-19,56.52
2025-12-21,56.84
2025-12-22,57.83
2025-12-23,58.48
2025-12-24,58.31
2025-12-25,58.44
2025-12-26,56.87
2025-12-28,57.14
2025-12-29,57.68
2025-12-30,57.82
2025-12-31,57.33
2026-01-01,57.38
2026-01-02,57.21
2026-01-04,57.2
2026-01-05,58.07
2026-01-06,56.34
2026-01-07,56.22
2026-01-08,58.18
2026-01-09,58.65
2026-01-11,59.44
2026-01-12,59.61
2026-01-13,60.92
2026-01-14,60.6
2026-01-15,59.07
2026-01-16,59.2
2026-01-18,58.96
2026-01-19,59.36
2026-01-20,59.6
2026-01-21,60.45
2026-01-22,59.56
2026-01-23,61.26
2026-01-25,60.96
2026-01-26,60.75
2026-01-27,62.41
2026-01-28,63.23
2026-01-29,65.35
2026-01-30,65.45
2026-02-01,63.05
2026-02-02,61.67
2026-02-03,63.49
2026-02-04,64.17
2026-02-05,62.65
2026-02-06,63.31
2026-02-08,62.82
2026-02-09,64.27
2026-02-10,64.17
2026-02-11,64.77
2026-02-12,62.69
2026-02-13,62.67
2026-02-15,62.77
2026-02-16,63.58
2026-02-17,62.17
2026-02-18,65.0
2026-02-19,66.42
2026-02-20,66.33
2026-02-22,65.96
2026-02-23,66.23
2026-02-24,66.33
